timestamp_s,x_m,y_m,z_m,qx,qy,qz,qw,frame_id,child_frame_id
1723528219.2699955,-0.003957622684538364,0.0018708209972828627,0.03643270954489708,9.956781286746264e-05,-0.013344944454729557,0.0017568889306858182,0.9999094009399414,orbslam3_map,camera_color_optical_frame
1723528219.3033535,-0.0034803368616849184,0.0024329416919499636,0.03799968585371971,0.00032728174119256437,-0.014168540015816689,0.0018289340659976006,0.9998978972434998,orbslam3_map,camera_color_optical_frame
1723528219.4034302,-0.00233424361795187,0.0036459064576774836,0.0426737405359745,0.0008088462636806071,-0.01654101349413395,0.002323937602341175,0.9998601675033569,orbslam3_map,camera_color_optical_frame
1723528219.4701476,-0.0024953638203442097,0.0039259870536625385,0.04521247372031212,0.000861459644511342,-0.01789497770369053,0.002393470611423254,0.9998366236686707,orbslam3_map,camera_color_optical_frame
1723528219.5368657,-0.002632641699165106,0.004196743946522474,0.04856996610760689,0.0008118997793644667,-0.019671518355607986,0.002439797855913639,0.9998031854629517,orbslam3_map,camera_color_optical_frame
1723528219.6035836,-0.0021810438483953476,0.004210329614579678,0.052656568586826324,0.0004313917306717485,-0.02140897884964943,0.002796052722260356,0.9997668266296387,orbslam3_map,camera_color_optical_frame
1723528219.6369424,-0.0019502999493852258,0.004261252004653215,0.05447012931108475,0.0003984562063124031,-0.022430220618844032,0.002882006112486124,0.999744176864624,orbslam3_map,camera_color_optical_frame
1723528219.7036612,-0.0016440897015854716,0.004462594166398048,0.05860740691423416,0.0002911785268224776,-0.024419069290161133,0.00299209076911211,0.9996972680091858,orbslam3_map,camera_color_optical_frame
1723528219.77038,-0.001327106961980462,0.004572452045977116,0.0624234676361084,0.0002004216512432322,-0.026454757899045944,0.0031458844896405935,0.9996450543403625,orbslam3_map,camera_color_optical_frame
1723528219.837099,-0.0009816235397011042,0.004756130278110504,0.06726285070180893,0.00018251805158797652,-0.028463922441005707,0.0035228715278208256,0.9995886087417603,orbslam3_map,camera_color_optical_frame
1723528219.9371789,-0.002967722713947296,0.005685614421963692,0.07459398359060287,0.0002652132825460285,-0.030507897958159447,0.0036012078635394573,0.9995279908180237,orbslam3_map,camera_color_optical_frame
1723528220.0038989,-0.004259477835148573,0.005763226188719273,0.07963038980960846,-3.362396455486305e-05,-0.03215737268328667,0.0035173858050256968,0.9994766116142273,orbslam3_map,camera_color_optical_frame
1723528220.070619,-0.003834577975794673,0.0061876713298261166,0.08477439731359482,-8.168830390786752e-05,-0.034516457468271255,0.003915532026439905,0.9993965029716492,orbslam3_map,camera_color_optical_frame
1723528220.1373394,-0.00473137479275465,0.006241252180188894,0.09058111906051636,-0.00046364805893972516,-0.03619673103094101,0.003950200974941254,0.9993367791175842,orbslam3_map,camera_color_optical_frame
1723528220.2040472,-0.00530156958848238,0.006018262356519699,0.09547291696071625,-0.0008389074937440455,-0.03790676221251488,0.004092590417712927,0.9992725849151611,orbslam3_map,camera_color_optical_frame
1723528220.2707431,-0.006140988320112228,0.0058089676313102245,0.10043950378894806,-0.0011368211125954986,-0.0394110381603241,0.004014881793409586,0.9992144107818604,orbslam3_map,camera_color_optical_frame
1723528220.3374388,-0.007644845172762871,0.006050786003470421,0.10584048181772232,-0.0012868443736806512,-0.04087293893098831,0.003912729676812887,0.9991558790206909,orbslam3_map,camera_color_optical_frame
1723528220.4041345,-0.007813649252057076,0.006091407500207424,0.11045736819505692,-0.0012811782071366906,-0.04273512586951256,0.003958802670240402,0.9990777969360352,orbslam3_map,camera_color_optical_frame
1723528220.4708302,-0.008346464484930038,0.006211218889802694,0.11658601462841034,-0.0014868564903736115,-0.04428504779934883,0.004007094539701939,0.9990098476409912,orbslam3_map,camera_color_optical_frame
1723528220.5708733,-0.009876293130218983,0.006479030009359121,0.12588182091712952,-0.001975892810150981,-0.04619883745908737,0.004003490786999464,0.9989223480224609,orbslam3_map,camera_color_optical_frame
1723528220.6042216,-0.009438320063054562,0.006887904368340969,0.1287999451160431,-0.0017302997875958681,-0.04727790877223015,0.004166536033153534,0.9988716244697571,orbslam3_map,camera_color_optical_frame
1723528220.7042649,-0.012127119116485119,0.008425598964095116,0.13629591464996338,-0.0011579517740756273,-0.04868915304541588,0.003832126734778285,0.9988059401512146,orbslam3_map,camera_color_optical_frame
1723528220.7709606,-0.013468694873154163,0.008174111135303974,0.1414783000946045,-0.001448166905902326,-0.04945363849401474,0.0037112755235284567,0.9987685084342957,orbslam3_map,camera_color_optical_frame
1723528220.8376565,-0.013471829704940319,0.0079729612916708,0.14664730429649353,-0.001817038282752037,-0.05059896409511566,0.003914679866284132,0.9987097382545471,orbslam3_map,camera_color_optical_frame
1723528220.904352,-0.014513685368001461,0.008521132171154022,0.15307863056659698,-0.0016908238176256418,-0.051521189510822296,0.003793765092268586,0.9986633062362671,orbslam3_map,camera_color_optical_frame
1723528220.9377005,-0.015585857443511486,0.008818178437650204,0.15530407428741455,-0.0016335779801011086,-0.05164775997400284,0.0037276768125593662,0.9986571073532104,orbslam3_map,camera_color_optical_frame
1723528221.0043962,-0.01656639762222767,0.009256289340555668,0.1621541827917099,-0.0017234215047210455,-0.052572838962078094,0.003768499242141843,0.9986085295677185,orbslam3_map,camera_color_optical_frame
1723528221.0377436,-0.016462048515677452,0.008860208094120026,0.16395770013332367,-0.002017213962972164,-0.05304344743490219,0.0038610633928328753,0.9985827207565308,orbslam3_map,camera_color_optical_frame
1723528221.071092,-0.017267761752009392,0.009029940702021122,0.1674305647611618,-0.0020943391136825085,-0.0532967783510685,0.003784877946600318,0.9985693693161011,orbslam3_map,camera_color_optical_frame
1723528221.1377878,-0.01767239347100258,0.009480833075940609,0.1732577234506607,-0.0021327584981918335,-0.05403849482536316,0.004072381183505058,0.9985283017158508,orbslam3_map,camera_color_optical_frame
1723528221.2044764,-0.017857367172837257,0.009886831976473331,0.18052098155021667,-0.002131987363100052,-0.054941702634096146,0.004314947407692671,0.9984779953956604,orbslam3_map,camera_color_optical_frame
1723528221.237816,-0.018264174461364746,0.010552644729614258,0.18344181776046753,-0.0019424287602305412,-0.05535471439361572,0.004504529293626547,0.9984546899795532,orbslam3_map,camera_color_optical_frame
1723528221.3044965,-0.019275600090622902,0.010795414447784424,0.19047798216342926,-0.0021145655773580074,-0.05610867217183113,0.004560916218906641,0.998412013053894,orbslam3_map,camera_color_optical_frame
1723528221.3711767,-0.019852515310049057,0.011565417051315308,0.1957734078168869,-0.0020149797201156616,-0.05658075585961342,0.005051887594163418,0.9983832240104675,orbslam3_map,camera_color_optical_frame
1723528221.437857,-0.020136049017310143,0.011544151231646538,0.20339511334896088,-0.00232781283557415,-0.05750368908047676,0.005116608925163746,0.9983294606208801,orbslam3_map,camera_color_optical_frame
1723528221.4711971,-0.02125091478228569,0.011776935309171677,0.20417097210884094,-0.002206734847277403,-0.05732516571879387,0.005066342186182737,0.9983403086662292,orbslam3_map,camera_color_optical_frame
1723528221.5378768,-0.021653631702065468,0.012412100099027157,0.21148733794689178,-0.002209751633927226,-0.05808757618069649,0.005355488508939743,0.9982947111129761,orbslam3_map,camera_color_optical_frame
1723528221.604556,-0.022549863904714584,0.012274851091206074,0.21447746455669403,-0.002377747790887952,-0.05843398720026016,0.005492835305631161,0.9982733726501465,orbslam3_map,camera_color_optical_frame
1723528221.637895,-0.023098303005099297,0.012171578593552113,0.21878743171691895,-0.0026644954923540354,-0.05879031494259834,0.005734587088227272,0.9982503652572632,orbslam3_map,camera_color_optical_frame
1723528221.704574,-0.02436944842338562,0.01261063851416111,0.22372162342071533,-0.002375806914642453,-0.059265654534101486,0.005571500863879919,0.9982239007949829,orbslam3_map,camera_color_optical_frame
1723528221.737914,-0.024503137916326523,0.012982090935111046,0.22815105319023132,-0.00243626837618649,-0.05979272723197937,0.005805138032883406,0.9981909990310669,orbslam3_map,camera_color_optical_frame
1723528221.8045926,-0.0255415216088295,0.013420653529465199,0.22984158992767334,-0.0022645858116447926,-0.060065075755119324,0.005768965929746628,0.9981752634048462,orbslam3_map,camera_color_optical_frame
1723528221.871271,-0.026837201789021492,0.014448666013777256,0.23739352822303772,-0.0018242597579956055,-0.06066189333796501,0.005529599264264107,0.9981414079666138,orbslam3_map,camera_color_optical_frame
1723528221.937949,-0.028279850259423256,0.0142982741817832,0.2408592849969864,-0.0019482780480757356,-0.061014123260974884,0.0051735476590693,0.9981216192245483,orbslam3_map,camera_color_optical_frame
1723528222.0046268,-0.029051875695586205,0.014778598211705685,0.2486131191253662,-0.001988991629332304,-0.06172584742307663,0.005239611025899649,0.998077392578125,orbslam3_map,camera_color_optical_frame
1723528222.037965,-0.029297394677996635,0.014882093295454979,0.2524081766605377,-0.0019021398620679975,-0.06213855743408203,0.005235880147665739,0.9980520009994507,orbslam3_map,camera_color_optical_frame
1723528222.1046426,-0.030000410974025726,0.015525809489190578,0.2611054480075836,-0.0016751361545175314,-0.06270292401313782,0.005285993218421936,0.9980168342590332,orbslam3_map,camera_color_optical_frame
1723528222.1379817,-0.030344069004058838,0.015827275812625885,0.26540422439575195,-0.001663629082031548,-0.06300168484449387,0.00540236895903945,0.9979974627494812,orbslam3_map,camera_color_optical_frame
1723528222.204663,-0.031506117433309555,0.016179997473955154,0.2697144150733948,-0.001308138482272625,-0.06323551386594772,0.005456901155412197,0.9979828596115112,orbslam3_map,camera_color_optical_frame
1723528222.2713487,-0.03211657702922821,0.01667015813291073,0.27795448899269104,-0.0010113613680005074,-0.06371714174747467,0.005563401151448488,0.9979520440101624,orbslam3_map,camera_color_optical_frame
1723528222.304691,-0.03237246721982956,0.01700252667069435,0.2805624306201935,-0.0006867651245556772,-0.06393364071846008,0.005618405994027853,0.9979380965232849,orbslam3_map,camera_color_optical_frame
1723528222.3713768,-0.03347271308302879,0.01737101562321186,0.28951865434646606,-0.0006907916394993663,-0.06405939161777496,0.005558001808822155,0.9979304075241089,orbslam3_map,camera_color_optical_frame
1723528222.4047198,-0.03423876315355301,0.017799077555537224,0.2940424680709839,-0.0005481168627738953,-0.06412465870380402,0.005265485029667616,0.9979279041290283,orbslam3_map,camera_color_optical_frame
1723528222.4380622,-0.03443725407123566,0.017955556511878967,0.29496732354164124,-0.0005395010812208056,-0.06412000954151154,0.0050465804524719715,0.9979293346405029,orbslam3_map,camera_color_optical_frame
1723528222.5047476,-0.035703398287296295,0.0188182070851326,0.3044399619102478,-0.0008386592962779105,-0.06422952562570572,0.004382528364658356,0.9979252219200134,orbslam3_map,camera_color_optical_frame
1723528222.5714328,-0.03682964667677879,0.01907619833946228,0.3108431398868561,-0.0013347918866202235,-0.06416767835617065,0.0036617410369217396,0.9979315400123596,orbslam3_map,camera_color_optical_frame
1723528222.604776,-0.03778853267431259,0.019659852609038353,0.316113144159317,-0.0015388763276860118,-0.06396839022636414,0.0033510031644254923,0.9979451298713684,orbslam3_map,camera_color_optical_frame
1723528222.6714609,-0.037849344313144684,0.02014143206179142,0.32544389367103577,-0.001920356065966189,-0.06392836570739746,0.0033176217693835497,0.9979471564292908,orbslam3_map,camera_color_optical_frame
1723528222.738146,-0.04036714509129524,0.020984187722206116,0.3309594988822937,-0.0020910962484776974,-0.06297113001346588,0.002890173578634858,0.9980089664459229,orbslam3_map,camera_color_optical_frame
1723528222.8048308,-0.04130450636148453,0.02176034264266491,0.3409159481525421,-0.0024234221782535315,-0.0628429502248764,0.0030579245649278164,0.998015820980072,orbslam3_map,camera_color_optical_frame
1723528222.8715155,-0.04196806252002716,0.022562913596630096,0.3524557650089264,-0.002994601149111986,-0.06292087584733963,0.0032778147142380476,0.998008668422699,orbslam3_map,camera_color_optical_frame
1723528222.9048576,-0.042644865810871124,0.022528793662786484,0.3570846915245056,-0.0031727049499750137,-0.06271998584270477,0.0032787832897156477,0.9980207681655884,orbslam3_map,camera_color_optical_frame
1723528222.9715421,-0.0433318093419075,0.023261331021785736,0.36745938658714294,-0.0035200384445488453,-0.06249382346868515,0.003328119870275259,0.9980336427688599,orbslam3_map,camera_color_optical_frame
1723528223.0382268,-0.04394911974668503,0.023731788620352745,0.37672939896583557,-0.003983962349593639,-0.06244925782084465,0.0033763605169951916,0.9980344772338867,orbslam3_map,camera_color_optical_frame
1723528223.0715692,-0.0446845181286335,0.02393753081560135,0.3817596435546875,-0.00405192282050848,-0.0622958168387413,0.0032655904069542885,0.9980441927909851,orbslam3_map,camera_color_optical_frame
1723528223.104911,-0.045241549611091614,0.02441580779850483,0.3867250680923462,-0.004084919113665819,-0.0621626079082489,0.0031101692002266645,0.9980528354644775,orbslam3_map,camera_color_optical_frame
1723528223.1715953,-0.04625590518116951,0.025006674230098724,0.39495033025741577,-0.004011388868093491,-0.06185616925358772,0.0030127782374620438,0.9980725049972534,orbslam3_map,camera_color_optical_frame
1723528223.2382796,-0.04701116681098938,0.025577358901500702,0.4048600494861603,-0.004140518605709076,-0.061652541160583496,0.0033375092316418886,0.9980835318565369,orbslam3_map,camera_color_optical_frame
1723528223.271622,-0.04691683501005173,0.025769978761672974,0.4107828438282013,-0.004220692906528711,-0.0617653913795948,0.0036089869681745768,0.9980753064155579,orbslam3_map,camera_color_optical_frame
1723528223.338306,-0.04809824377298355,0.026451386511325836,0.4210761785507202,-0.0043101138435304165,-0.06154833734035492,0.003784304251894355,0.9980876445770264,orbslam3_map,camera_color_optical_frame
1723528223.4049897,-0.04800742492079735,0.026584208011627197,0.4284604787826538,-0.0047439816407859325,-0.06158461794257164,0.0042997789569199085,0.9980813264846802,orbslam3_map,camera_color_optical_frame
1723528223.438331,-0.048719849437475204,0.027311263605952263,0.43336766958236694,-0.004528964404016733,-0.061384592205286026,0.004118187818676233,0.9980954527854919,orbslam3_map,camera_color_optical_frame
1723528223.5050144,-0.0498855821788311,0.027786703780293465,0.4431515634059906,-0.004484908655285835,-0.06117905303835869,0.00424311263486743,0.9981077313423157,orbslam3_map,camera_color_optical_frame
1723528223.6050398,-0.051403772085905075,0.0285193994641304,0.45676055550575256,-0.004124054219573736,-0.06090198829770088,0.003823690814897418,0.9981279373168945,orbslam3_map,camera_color_optical_frame
1723528223.6383808,-0.05149336904287338,0.028775928542017937,0.4617535471916199,-0.004050160758197308,-0.060951925814151764,0.0037983160000294447,0.9981252551078796,orbslam3_map,camera_color_optical_frame
1723528223.7050636,-0.05218443647027016,0.029429340735077858,0.47327935695648193,-0.003934107255190611,-0.06085028499364853,0.0036252366844564676,0.998132586479187,orbslam3_map,camera_color_optical_frame
1723528223.8050883,-0.05383402481675148,0.029987074434757233,0.48928967118263245,-0.004335524048656225,-0.060769546777009964,0.0027606289368122816,0.9981386065483093,orbslam3_map,camera_color_optical_frame
1723528223.8384292,-0.054572734981775284,0.030458230525255203,0.4946879744529724,-0.004400687292218208,-0.060658492147922516,0.0025475064758211374,0.9981456398963928,orbslam3_map,camera_color_optical_frame
1723528223.9051118,-0.05574256554245949,0.031015077605843544,0.5059236884117126,-0.005055422428995371,-0.060461826622486115,0.0020525238942354918,0.9981556534767151,orbslam3_map,camera_color_optical_frame
1723528223.9384534,-0.05640687793493271,0.031467925757169724,0.507050096988678,-0.005219051614403725,-0.06039762124419212,0.0016753452364355326,0.9981593489646912,orbslam3_map,camera_color_optical_frame
1723528224.0051355,-0.05776099115610123,0.032640255987644196,0.5182254910469055,-0.005295604467391968,-0.05992019549012184,0.0012023572344332933,0.9981884360313416,orbslam3_map,camera_color_optical_frame
1723528224.0718176,-0.058692675083875656,0.033524975180625916,0.5299060940742493,-0.005015688948333263,-0.05966326221823692,0.0013369667576625943,0.9982050657272339,orbslam3_map,camera_color_optical_frame
1723528224.17184,-0.061533063650131226,0.03499852865934372,0.547818124294281,-0.004003715235739946,-0.05900689214468002,0.0010122705716639757,0.9982490539550781,orbslam3_map,camera_color_optical_frame
1723528224.2385266,-0.06253165006637573,0.035892777144908905,0.5598881840705872,-0.003283534664660692,-0.0588332861661911,0.0012617616448551416,0.9982616305351257,orbslam3_map,camera_color_optical_frame
1723528224.2718701,-0.06311734765768051,0.03641754016280174,0.566075325012207,-0.0027733210008591413,-0.058685559779405594,0.0012260542716830969,0.9982719421386719,orbslam3_map,camera_color_optical_frame
1723528224.3385563,-0.06357886642217636,0.0369185209274292,0.5728909969329834,-0.002333419630303979,-0.05848043039441109,0.0012647508410736918,0.9982850551605225,orbslam3_map,camera_color_optical_frame
1723528224.3718991,-0.06456688046455383,0.03723173588514328,0.5788257122039795,-0.002341958461329341,-0.05810580775141716,0.0010675047524273396,0.9983071088790894,orbslam3_map,camera_color_optical_frame
1723528224.438585,-0.06529031693935394,0.037913594394922256,0.5921585559844971,-0.002166619524359703,-0.057838913053274155,0.0013253813376650214,0.9983227252960205,orbslam3_map,camera_color_optical_frame
1723528224.505271,-0.06634823977947235,0.0386560820043087,0.5989584922790527,-0.0025113439187407494,-0.05753753334283829,0.001322288066148758,0.9983393549919128,orbslam3_map,camera_color_optical_frame
1723528224.5386145,-0.06682860851287842,0.039078183472156525,0.6055384874343872,-0.002438807627186179,-0.05752407759428024,0.0011753771686926484,0.9983404874801636,orbslam3_map,camera_color_optical_frame
1723528224.6053002,-0.0681840181350708,0.03998584300279617,0.6181302666664124,-0.0020834906026721,-0.057355400174856186,0.00126744678709656,0.9983508586883545,orbslam3_map,camera_color_optical_frame
1723528224.6386425,-0.0683763399720192,0.03999997302889824,0.624530553817749,-0.0020215671975165606,-0.05724719539284706,0.0015565690118819475,0.998356819152832,orbslam3_map,camera_color_optical_frame
1723528224.705328,-0.06897402554750443,0.040806420147418976,0.6360169053077698,-0.001689842320047319,-0.0571034736931324,0.0019625197164714336,0.9983649253845215,orbslam3_map,camera_color_optical_frame
1723528224.7720134,-0.07006647437810898,0.04128043353557587,0.6490277051925659,-0.001294140238314867,-0.056866198778152466,0.002229302888736129,0.9983785152435303,orbslam3_map,camera_color_optical_frame
1723528224.8386986,-0.07125379890203476,0.04186314344406128,0.6613335609436035,-0.000814416038338095,-0.0566832572221756,0.0021283014211803675,0.9983896017074585,orbslam3_map,camera_color_optical_frame
1723528224.9053838,-0.07191582024097443,0.042579781264066696,0.6724401712417603,-0.0004021190106868744,-0.056529268622398376,0.002036110032349825,0.9983987808227539,orbslam3_map,camera_color_optical_frame
1723528224.9387267,-0.07267779111862183,0.04256131872534752,0.6783739328384399,-0.00025273641222156584,-0.05635446682572365,0.0019312353106215596,0.9984089136123657,orbslam3_map,camera_color_optical_frame
1723528225.0387535,-0.07431021332740784,0.043779078871011734,0.6956456303596497,0.0006107608787715435,-0.056064847856760025,0.0014338429318740964,0.9984259009361267,orbslam3_map,camera_color_optical_frame
1723528225.1054385,-0.07525793462991714,0.04501689225435257,0.7086490392684937,0.0012221552897244692,-0.05598224326968193,0.0011202016612514853,0.9984304308891296,orbslam3_map,camera_color_optical_frame
1723528225.1721232,-0.07675650715827942,0.04585068300366402,0.7215957045555115,0.0015862369909882545,-0.05599448084831238,0.00047127073048613966,0.9984297156333923,orbslam3_map,camera_color_optical_frame
1723528225.23881,-0.07823274284601212,0.04712635651230812,0.7324811220169067,0.001969135832041502,-0.05625683069229126,0.0002943978179246187,0.9984143376350403,orbslam3_map,camera_color_optical_frame
1723528225.3054965,-0.07909248024225235,0.04788072407245636,0.7456410527229309,0.001958726206794381,-0.05628306046128273,0.00015678306226618588,0.9984129071235657,orbslam3_map,camera_color_optical_frame
1723528225.372183,-0.07989386469125748,0.04857506975531578,0.7592974305152893,0.001518172095529735,-0.056153569370508194,0.0005280521581880748,0.9984208941459656,orbslam3_map,camera_color_optical_frame
1723528225.472213,-0.08186706900596619,0.04977857694029808,0.779876172542572,0.000668162654619664,-0.05614650622010231,0.0008544070296920836,0.9984219670295715,orbslam3_map,camera_color_optical_frame
1723528225.5388992,-0.08251310139894485,0.0500950962305069,0.783047080039978,0.0005919949035160244,-0.05631224066019058,0.0008930097101256251,0.9984126687049866,orbslam3_map,camera_color_optical_frame
1723528225.605585,-0.08421947062015533,0.05113687738776207,0.796211838722229,0.0006447728956118226,-0.05660488083958626,0.0009129074169322848,0.9983960390090942,orbslam3_map,camera_color_optical_frame
1723528225.672271,-0.08529846370220184,0.05169158801436424,0.8088210225105286,0.0002845536801032722,-0.05731135234236717,0.001058689085766673,0.9983558058738708,orbslam3_map,camera_color_optical_frame
1723528225.7722988,-0.08707685023546219,0.05272628739476204,0.8292691707611084,-0.0001544933475088328,-0.058128152042627335,0.0014292487176135182,0.9983081221580505,orbslam3_map,camera_color_optical_frame
1723528225.8389843,-0.08882767707109451,0.05362233147025108,0.8421953320503235,-0.0003027655475307256,-0.05871324613690376,0.001631232793442905,0.9982735514640808,orbslam3_map,camera_color_optical_frame
1723528225.9056697,-0.0900196060538292,0.05363290384411812,0.8519595265388489,-0.0010139280930161476,-0.05933462455868721,0.001703405985608697,0.9982361793518066,orbslam3_map,camera_color_optical_frame
1723528225.9723547,-0.09143989533185959,0.054087184369564056,0.8648185729980469,-0.0014710223767906427,-0.06022688001394272,0.002093896735459566,0.9981814622879028,orbslam3_map,camera_color_optical_frame
1723528226.0390399,-0.0930359810590744,0.05465526506304741,0.8777779340744019,-0.001399604487232864,-0.061271265149116516,0.002134408103302121,0.9981179237365723,orbslam3_map,camera_color_optical_frame
1723528226.1057246,-0.09433283656835556,0.05514632910490036,0.8877373337745667,-0.0010308068012818694,-0.062387432903051376,0.001975428778678179,0.9980495572090149,orbslam3_map,camera_color_optical_frame
1723528226.1724093,-0.09597354382276535,0.05586692690849304,0.9001743197441101,-0.00016878081078175455,-0.06351973116397858,0.001557231997139752,0.9979793429374695,orbslam3_map,camera_color_optical_frame
1723528226.2057524,-0.09672298282384872,0.05608073249459267,0.9063552021980286,0.00016326048353221267,-0.06403695046901703,0.0014537308597937226,0.9979464411735535,orbslam3_map,camera_color_optical_frame
1723528226.272437,-0.09742303192615509,0.05695207044482231,0.9173483848571777,0.0015859802952036262,-0.06508243083953857,0.0014451798051595688,0.9978775978088379,orbslam3_map,camera_color_optical_frame
1723528226.3391216,-0.099494569003582,0.05797204747796059,0.9299139380455017,0.002284788293763995,-0.06589843332767487,0.0016442923806607723,0.9978223443031311,orbslam3_map,camera_color_optical_frame
1723528226.405806,-0.10072824358940125,0.05892157927155495,0.9428074955940247,0.0023279404267668724,-0.06710482388734818,0.0016740662977099419,0.9977418184280396,orbslam3_map,camera_color_optical_frame
1723528226.5058317,-0.10326430201530457,0.059622496366500854,0.9594385027885437,0.0021550459787249565,-0.06878898292779922,0.002140637254342437,0.9976266026496887,orbslam3_map,camera_color_optical_frame
1723528226.605858,-0.10611698031425476,0.061018332839012146,0.9782527089118958,0.0019196043722331524,-0.07036647200584412,0.0017711552791297436,0.9975178241729736,orbslam3_map,camera_color_optical_frame
1723528226.6725416,-0.10806122422218323,0.061943259090185165,0.9915200471878052,0.0020053982734680176,-0.07154135406017303,0.0016061762580648065,0.9974343180656433,orbslam3_map,camera_color_optical_frame
1723528226.7392254,-0.10960875451564789,0.06227271258831024,1.0017236471176147,0.0021408312022686005,-0.07235518842935562,0.001730552176013589,0.9973751306533813,orbslam3_map,camera_color_optical_frame
1723528226.7725663,-0.11039847135543823,0.06264057010412216,1.0080269575119019,0.0021469416096806526,-0.07290980219841003,0.0017885856796056032,0.9973346590995789,orbslam3_map,camera_color_optical_frame
1723528226.8392496,-0.11222059279680252,0.0635155513882637,1.0202232599258423,0.0023582351859658957,-0.0738111361861229,0.0020940571557730436,0.9972672462463379,orbslam3_map,camera_color_optical_frame
1723528226.905933,-0.11410511285066605,0.06449785828590393,1.0327318906784058,0.0025399562437087297,-0.07489272952079773,0.002226885873824358,0.9971858859062195,orbslam3_map,camera_color_optical_frame
1723528226.9726157,-0.11606723070144653,0.06485864520072937,1.0445430278778076,0.002380834659561515,-0.07593805342912674,0.002446061698719859,0.9971067309379578,orbslam3_map,camera_color_optical_frame
1723528227.0059574,-0.11695650964975357,0.06523013859987259,1.05100417137146,0.0023319560568779707,-0.07647133618593216,0.002442484488710761,0.997066080570221,orbslam3_map,camera_color_optical_frame
1723528227.0726402,-0.11878623068332672,0.06562291085720062,1.0630284547805786,0.001776931225322187,-0.077498659491539,0.0023321087937802076,0.9969881772994995,orbslam3_map,camera_color_optical_frame
1723528227.1393225,-0.12071617692708969,0.06638073176145554,1.074570655822754,0.002100182231515646,-0.07858292013406754,0.0020028334110975266,0.9969033598899841,orbslam3_map,camera_color_optical_frame
1723528227.2060244,-0.1230185255408287,0.06722253561019897,1.0863858461380005,0.0020975125953555107,-0.07932114601135254,0.0019339967984706163,0.9968450665473938,orbslam3_map,camera_color_optical_frame
1723528227.2727466,-0.12492243945598602,0.06779556721448898,1.0985729694366455,0.001313105458393693,-0.08026240020990372,0.0019877648446708918,0.9967709183692932,orbslam3_map,camera_color_optical_frame
1723528227.339469,-0.12705294787883759,0.06819239258766174,1.1111195087432861,0.0005833568284288049,-0.08123160153627396,0.0018613369902595878,0.9966933727264404,orbslam3_map,camera_color_optical_frame
1723528227.37283,-0.12777233123779297,0.06866361200809479,1.11722993850708,0.00040779932169243693,-0.08188535273075104,0.0019537475891411304,0.9966397881507874,orbslam3_map,camera_color_optical_frame
1723528227.4395533,-0.12907767295837402,0.06847412139177322,1.1260552406311035,5.1960239943582565e-05,-0.08304446935653687,0.002541591413319111,0.9965426325798035,orbslam3_map,camera_color_optical_frame
1723528227.4729154,-0.13008233904838562,0.06915955990552902,1.13221275806427,0.0005988875636830926,-0.08350495994091034,0.0029171574860811234,0.9965029358863831,orbslam3_map,camera_color_optical_frame
1723528227.5396397,-0.1318741887807846,0.06973748654127121,1.1436580419540405,0.0009845915483310819,-0.08437065035104752,0.0036127674393355846,0.9964274168014526,orbslam3_map,camera_color_optical_frame
1723528227.606364,-0.1338905543088913,0.07055693119764328,1.1535683870315552,0.0016946019604802132,-0.08528725057840347,0.003913086373358965,0.9963473081588745,orbslam3_map,camera_color_optical_frame
1723528227.673089,-0.13580156862735748,0.07090088725090027,1.1651431322097778,0.002326569054275751,-0.08631642162799835,0.004146044608205557,0.9962564706802368,orbslam3_map,camera_color_optical_frame
1723528227.7064514,-0.13692998886108398,0.07154422998428345,1.1710790395736694,0.0027485990431159735,-0.08672339469194412,0.003944282419979572,0.9962208271026611,orbslam3_map,camera_color_optical_frame
1723528227.773177,-0.13916079699993134,0.07199698686599731,1.182802677154541,0.0031513466965407133,-0.08766592293977737,0.003694976679980755,0.9961380958557129,orbslam3_map,camera_color_optical_frame
1723528227.8399034,-0.1414441615343094,0.07255382090806961,1.194917917251587,0.003522429382428527,-0.0886835902929306,0.0034100846387445927,0.9960477948188782,orbslam3_map,camera_color_optical_frame
1723528227.9066298,-0.14357337355613708,0.07321318238973618,1.2061220407485962,0.0035374623257666826,-0.08980153501033783,0.003309661988168955,0.9959478974342346,orbslam3_map,camera_color_optical_frame
1723528227.939994,-0.14467106759548187,0.07390754669904709,1.2121174335479736,0.0038066799752414227,-0.09036321192979813,0.0030482125002890825,0.9958969950675964,orbslam3_map,camera_color_optical_frame
1723528227.9733572,-0.14569705724716187,0.07411310821771622,1.2180973291397095,0.003614862449467182,-0.09086181223392487,0.0028804659377783537,0.9958527684211731,orbslam3_map,camera_color_optical_frame
1723528228.0067215,-0.1468087136745453,0.07441291958093643,1.2241252660751343,0.0034161198418587446,-0.09146681427955627,0.002762633142992854,0.9957984685897827,orbslam3_map,camera_color_optical_frame
1723528228.0734494,-0.14909018576145172,0.07469666749238968,1.2362793684005737,0.0032831986900418997,-0.0923594981431961,0.0026499389205127954,0.9957168102264404,orbslam3_map,camera_color_optical_frame
1723528228.140178,-0.15110047161579132,0.07563317567110062,1.247249722480774,0.0037492525298148394,-0.09338442236185074,0.002486627781763673,0.9956199526786804,orbslam3_map,camera_color_optical_frame
1723528228.1735415,-0.152475506067276,0.07599079608917236,1.2533162832260132,0.003757117548957467,-0.0937357246875763,0.0024367307778447866,0.9955870509147644,orbslam3_map,camera_color_optical_frame
1723528228.24024,-0.15454719960689545,0.07666593790054321,1.2654274702072144,0.0036326327826827765,-0.09479818493127823,0.002585413632914424,0.9954865574836731,orbslam3_map,camera_color_optical_frame
1723528228.306939,-0.15680274367332458,0.07719919085502625,1.2777516841888428,0.003172870958223939,-0.09589197486639023,0.0028158787172287703,0.9953827261924744,orbslam3_map,camera_color_optical_frame
1723528228.3736377,-0.15866251289844513,0.07759442925453186,1.2877564430236816,0.002890857867896557,-0.09677854925394058,0.0034171054139733315,0.9952958822250366,orbslam3_map,camera_color_optical_frame
1723528228.4069874,-0.1595311462879181,0.0777578130364418,1.2939008474349976,0.0029333829879760742,-0.09727531671524048,0.003757624886929989,0.9952461123466492,orbslam3_map,camera_color_optical_frame
1723528228.473686,-0.1618734449148178,0.07827343791723251,1.3060657978057861,0.0028434039559215307,-0.09813962131738663,0.004414047580212355,0.9951587915420532,orbslam3_map,camera_color_optical_frame
1723528228.5403848,-0.16436338424682617,0.07895342260599136,1.3183605670928955,0.0029693415854126215,-0.09913632273674011,0.0047204806469380856,0.9950582385063171,orbslam3_map,camera_color_optical_frame
1723528228.5737336,-0.16526734828948975,0.0794292464852333,1.3231797218322754,0.0031036774162203074,-0.09975197166204453,0.0050124176777899265,0.9949948787689209,orbslam3_map,camera_color_optical_frame
1723528228.6404326,-0.16788126528263092,0.07994132488965988,1.335408329963684,0.0030058829579502344,-0.1006643995642662,0.0050917635671794415,0.9949028491973877,orbslam3_map,camera_color_optical_frame
1723528228.6737823,-0.16873739659786224,0.08025597780942917,1.3413269519805908,0.0029155488591641188,-0.10115574300289154,0.005251159891486168,0.9948524832725525,orbslam3_map,camera_color_optical_frame
1723528228.7071314,-0.1704808920621872,0.08071649819612503,1.3480476140975952,0.002897067228332162,-0.10152271389961243,0.005067239981144667,0.9948161244392395,orbslam3_map,camera_color_optical_frame
1723528228.77383,-0.1725386381149292,0.08112384378910065,1.3600267171859741,0.0025323175359517336,-0.1024506688117981,0.005118917673826218,0.9947217106819153,orbslam3_map,camera_color_optical_frame
1723528228.80718,-0.17401961982250214,0.08135073632001877,1.3649041652679443,0.0026248833164572716,-0.10289936512708664,0.0049797664396464825,0.9946758151054382,orbslam3_map,camera_color_optical_frame
1723528228.873879,-0.17623749375343323,0.08179432898759842,1.3775982856750488,0.0022481223568320274,-0.10384545475244522,0.004991451278328896,0.9945784211158752,orbslam3_map,camera_color_optical_frame
1723528228.9405775,-0.1789487898349762,0.08262338489294052,1.390166163444519,0.002031295793130994,-0.10462413728237152,0.004976828116923571,0.9944972991943359,orbslam3_map,camera_color_optical_frame
1723528228.9739265,-0.1801576018333435,0.08298691362142563,1.3969022035598755,0.002070271410048008,-0.10504130274057388,0.005089438520371914,0.994452714920044,orbslam3_map,camera_color_optical_frame
1723528229.0406253,-0.18304556608200073,0.08370686322450638,1.4094375371932983,0.0023369737900793552,-0.10585574060678482,0.004744408652186394,0.9943674802780151,orbslam3_map,camera_color_optical_frame
1723528229.1073244,-0.18388834595680237,0.08341754972934723,1.4088658094406128,0.0024590855464339256,-0.10633957386016846,0.005007502622902393,0.9943142533302307,orbslam3_map,camera_color_optical_frame
1723528229.1740232,-0.186821848154068,0.08399870246648788,1.421744704246521,0.002265757182613015,-0.10680776089429855,0.00539980735629797,0.9942624568939209,orbslam3_map,camera_color_optical_frame
1723528229.207381,-0.18831117451190948,0.0845424085855484,1.4281450510025024,0.0024340813979506493,-0.10713663697242737,0.005395006854087114,0.9942266941070557,orbslam3_map,camera_color_optical_frame
1723528229.2740965,-0.19105003774166107,0.08521054685115814,1.4412527084350586,0.0019969004206359386,-0.10806102305650711,0.005414303857833147,0.9941275119781494,orbslam3_map,camera_color_optical_frame
1723528229.3074534,-0.19221068918704987,0.0854671522974968,1.4478051662445068,0.0016886529047042131,-0.10860639810562134,0.005389152094721794,0.9940688014030457,orbslam3_map,camera_color_optical_frame
1723528229.3741689,-0.1945657730102539,0.0862639769911766,1.459576964378357,0.0013698848197236657,-0.10970813781023026,0.005557900760322809,0.9939473867416382,orbslam3_map,camera_color_optical_frame
1723528229.4075272,-0.19569586217403412,0.08641574531793594,1.465940237045288,0.0012482949532568455,-0.11026899516582489,0.005365374032407999,0.9938865303993225,orbslam3_map,camera_color_optical_frame
1723528229.4742432,-0.1991667002439499,0.0874081626534462,1.4791616201400757,0.0011809117859229445,-0.11098980158567429,0.005204950459301472,0.9938072562217712,orbslam3_map,camera_color_optical_frame
1723528229.5409594,-0.20184704661369324,0.08792123943567276,1.4918396472930908,0.0008941898704506457,-0.11173895746469498,0.005120975896716118,0.99372398853302,orbslam3_map,camera_color_optical_frame
1723528229.6076758,-0.2046472132205963,0.0886114165186882,1.5050307512283325,0.0009985314682126045,-0.11245326697826385,0.00505444360896945,0.9936437010765076,orbslam3_map,camera_color_optical_frame
1723528229.6410336,-0.20522724092006683,0.08869926631450653,1.510880708694458,0.0009337908704765141,-0.11301121115684509,0.005088410805910826,0.9935802817344666,orbslam3_map,camera_color_optical_frame
1723528229.7411094,-0.21025687456130981,0.0899171531200409,1.5309587717056274,0.001055031199939549,-0.11404139548540115,0.0046800170093774796,0.9934644103050232,orbslam3_map,camera_color_optical_frame
1723528229.8078265,-0.2124294638633728,0.09058329463005066,1.5436532497406006,0.0010642368579283357,-0.11509684473276138,0.004945654887706041,0.9933413863182068,orbslam3_map,camera_color_optical_frame
1723528229.874544,-0.2158067673444748,0.09132277220487595,1.555827021598816,0.0012825308367609978,-0.11589618027210236,0.004636764992028475,0.9932497143745422,orbslam3_map,camera_color_optical_frame
1723528229.9412618,-0.21812234818935394,0.09167788922786713,1.5684239864349365,0.0009779207175597548,-0.1166958287358284,0.004946609493345022,0.9931548833847046,orbslam3_map,camera_color_optical_frame
1723528230.0079796,-0.2221442312002182,0.09286344796419144,1.5822181701660156,0.0010295676765963435,-0.11707914620637894,0.004913196433335543,0.993109941482544,orbslam3_map,camera_color_optical_frame
1723528230.1080565,-0.22526927292346954,0.09347421675920486,1.601601004600525,0.000618301157373935,-0.1187097355723381,0.005371016450226307,0.9929143190383911,orbslam3_map,camera_color_optical_frame
1723528230.1747751,-0.22946667671203613,0.09405499696731567,1.6154776811599731,-6.0546546592377126e-05,-0.1194508746266365,0.005562827922403812,0.9928245544433594,orbslam3_map,camera_color_optical_frame
1723528230.241472,-0.2323502153158188,0.09504815936088562,1.6285502910614014,-0.00026732345577329397,-0.12036742269992828,0.006250088568776846,0.9927096962928772,orbslam3_map,camera_color_optical_frame
1723528230.308169,-0.23519541323184967,0.09593179821968079,1.6418473720550537,-0.0002283642825204879,-0.1212293729186058,0.006798912305384874,0.9926012754440308,orbslam3_map,camera_color_optical_frame
1723528230.3415177,-0.23658399283885956,0.09626501798629761,1.6483120918273926,9.953266271622851e-05,-0.12148751318454742,0.006739832926541567,0.9925701022148132,orbslam3_map,camera_color_optical_frame
1723528230.4082146,-0.24025164544582367,0.09706085175275803,1.6614079475402832,0.00024806964211165905,-0.12187914550304413,0.006556903477758169,0.9925232529640198,orbslam3_map,camera_color_optical_frame
1723528230.474911,-0.2440253496170044,0.09783648699522018,1.6744179725646973,0.000691854627802968,-0.12269239127635956,0.0062353587709367275,0.9924249053001404,orbslam3_map,camera_color_optical_frame
1723528230.5416079,-0.24785009026527405,0.09905700385570526,1.6880607604980469,0.001396320527419448,-0.12355365604162216,0.005541883409023285,0.9923214316368103,orbslam3_map,camera_color_optical_frame
1723528230.5749555,-0.2495388686656952,0.0994792953133583,1.6949526071548462,0.0016298184636980295,-0.12405400723218918,0.0051810117438435555,0.9922606348991394,orbslam3_map,camera_color_optical_frame
1723528230.641652,-0.2530739903450012,0.09998694807291031,1.7081176042556763,0.001481085317209363,-0.12458837032318115,0.004456722177565098,0.9921974539756775,orbslam3_map,camera_color_optical_frame
1723528230.7083485,-0.2563127875328064,0.10080514848232269,1.7218248844146729,0.0014444274129346013,-0.12510374188423157,0.004132950212806463,0.9921340346336365,orbslam3_map,camera_color_optical_frame
1723528230.7416973,-0.2588171362876892,0.10130420327186584,1.7276644706726074,0.0015821518609300256,-0.12517568469047546,0.003913205116987228,0.9921256303787231,orbslam3_map,camera_color_optical_frame
1723528230.8083937,-0.2624641954898834,0.10243763774633408,1.7409772872924805,0.0017935152864083648,-0.12549814581871033,0.003931249491870403,0.9920845031738281,orbslam3_map,camera_color_optical_frame
1723528230.8417413,-0.2640540301799774,0.10291943699121475,1.747677206993103,0.0018921615555882454,-0.12567609548568726,0.004059616010636091,0.9920612573623657,orbslam3_map,camera_color_optical_frame
1723528230.9417863,-0.26882246136665344,0.10371840745210648,1.767560362815857,0.0019969718996435404,-0.12625223398208618,0.004737023264169693,0.9919848442077637,orbslam3_map,camera_color_optical_frame
1723528230.975134,-0.27092501521110535,0.1042967140674591,1.7744582891464233,0.002006363356485963,-0.1263982653617859,0.00511757330968976,0.9919643402099609,orbslam3_map,camera_color_optical_frame
1723528231.04183,-0.27521347999572754,0.1052241101861,1.7907967567443848,0.0018479160498827696,-0.12689097225666046,0.005958286114037037,0.9918970465660095,orbslam3_map,camera_color_optical_frame
1723528231.0751786,-0.2767826020717621,0.1056656613945961,1.796785831451416,0.00154320546425879,-0.12727369368076324,0.006199636030942202,0.9918470978736877,orbslam3_map,camera_color_optical_frame
1723528231.1085262,-0.27792418003082275,0.10609325021505356,1.8035765886306763,0.0018273831810802221,-0.1276344358921051,0.006458653137087822,0.9917985796928406,orbslam3_map,camera_color_optical_frame
1723528231.1752224,-0.28155723214149475,0.10726791620254517,1.8179636001586914,0.001981006935238838,-0.128047913312912,0.006978068500757217,0.9917414784431458,orbslam3_map,camera_color_optical_frame
1723528231.2419136,-0.2850739657878876,0.1081337034702301,1.8317893743515015,0.0023021495435386896,-0.1284799426794052,0.007237337063997984,0.9916830062866211,orbslam3_map,camera_color_optical_frame
1723528231.2752595,-0.2875451445579529,0.10832551121711731,1.839648723602295,0.0024314054753631353,-0.12875933945178986,0.007262971717864275,0.9916462898254395,orbslam3_map,camera_color_optical_frame
1723528231.3419502,-0.2914069592952728,0.10967793315649033,1.8545180559158325,0.00247204233892262,-0.1293451189994812,0.007449047174304724,0.9915686249732971,orbslam3_map,camera_color_optical_frame
1723528231.3752952,-0.29354503750801086,0.10992858558893204,1.8613721132278442,0.00254561984911561,-0.1294807642698288,0.007138675078749657,0.9915529489517212,orbslam3_map,camera_color_optical_frame
1723528231.4419858,-0.29758015275001526,0.11132603883743286,1.8763129711151123,0.002297527389600873,-0.13006487488746643,0.007146399933844805,0.9914770722389221,orbslam3_map,camera_color_optical_frame
1723528231.5420222,-0.30260586738586426,0.11163811385631561,1.8988475799560547,0.0014408482238650322,-0.13177360594272614,0.0067857601679861546,0.9912555813789368,orbslam3_map,camera_color_optical_frame
1723528231.608713,-0.30619701743125916,0.11279697716236115,1.9130347967147827,0.0017812245059758425,-0.13250333070755005,0.006728470791131258,0.991158127784729,orbslam3_map,camera_color_optical_frame
1723528231.6754034,-0.310378760099411,0.11323726922273636,1.9276121854782104,0.0016889801481738687,-0.13313251733779907,0.006757535506039858,0.9910737872123718,orbslam3_map,camera_color_optical_frame
1723528231.7420936,-0.3139561414718628,0.1136816218495369,1.941584825515747,0.0015121570322662592,-0.13413485884666443,0.00717128487303853,0.9909360408782959,orbslam3_map,camera_color_optical_frame
1723528231.8087835,-0.3179875314235687,0.1142028272151947,1.955917477607727,0.0012642934452742338,-0.13522319495677948,0.007316140923649073,0.9907873868942261,orbslam3_map,camera_color_optical_frame
1723528231.8754737,-0.3220045566558838,0.11540092527866364,1.972001075744629,0.001185902627184987,-0.13701631128787994,0.007824458181858063,0.9905372262001038,orbslam3_map,camera_color_optical_frame
1723528231.9421637,-0.32624903321266174,0.11627768725156784,1.986003041267395,0.0012028750497847795,-0.1383281946182251,0.00822601281106472,0.9903515577316284,orbslam3_map,camera_color_optical_frame
1723528232.0088537,-0.33018264174461365,0.11663734912872314,2.0005548000335693,0.0009681477677077055,-0.13955911993980408,0.00931007694453001,0.9901695251464844,orbslam3_map,camera_color_optical_frame
1723528232.0755434,-0.3341229259967804,0.11735095828771591,2.014657735824585,0.0012794759823009372,-0.14090046286582947,0.0104913879185915,0.9899673461914062,orbslam3_map,camera_color_optical_frame
1723528232.1422331,-0.338102251291275,0.1177450567483902,2.028369188308716,0.0015797558007761836,-0.14276516437530518,0.011342749930918217,0.989690363407135,orbslam3_map,camera_color_optical_frame
1723528232.208926,-0.3421647846698761,0.11876675486564636,2.042809247970581,0.0018197367899119854,-0.14517676830291748,0.012263987213373184,0.9893280863761902,orbslam3_map,camera_color_optical_frame
1723528232.2756488,-0.3470686972141266,0.119593545794487,2.0562353134155273,0.002056786324828863,-0.14757779240608215,0.012793858535587788,0.9889655709266663,orbslam3_map,camera_color_optical_frame
1723528232.3423722,-0.351675808429718,0.12005284428596497,2.0696732997894287,0.002134705428034067,-0.1503148227930069,0.01368639711290598,0.9885411858558655,orbslam3_map,camera_color_optical_frame
1723528232.3757336,-0.35469669103622437,0.12076868116855621,2.076488494873047,0.00229023233987391,-0.15157441794872284,0.014046084135770798,0.9883434176445007,orbslam3_map,camera_color_optical_frame
1723528232.4424572,-0.36001816391944885,0.12064681947231293,2.0893795490264893,0.0021380113903433084,-0.15409715473651886,0.015077716670930386,0.9879383444786072,orbslam3_map,camera_color_optical_frame
1723528232.5091815,-0.36487293243408203,0.12265511602163315,2.1028103828430176,0.002727746032178402,-0.15717418491840363,0.015067012049257755,0.9874522089958191,orbslam3_map,camera_color_optical_frame
1723528232.6092687,-0.3724342882633209,0.12369691580533981,2.123448371887207,0.0014469092711806297,-0.16272372007369995,0.01514281053096056,0.9865544438362122,orbslam3_map,camera_color_optical_frame
1723528232.6426308,-0.37543267011642456,0.12494567781686783,2.1299588680267334,0.0012762581463903189,-0.16440169513225555,0.014979975298047066,0.9862788915634155,orbslam3_map,camera_color_optical_frame
1723528232.7093558,-0.3816046416759491,0.12514574825763702,2.1433467864990234,0.0001946548727573827,-0.16779132187366486,0.014523576945066452,0.9857155084609985,orbslam3_map,camera_color_optical_frame
1723528232.7427192,-0.3841094970703125,0.12498535215854645,2.150017738342285,-0.0001808743254514411,-0.16935695707798004,0.014209672808647156,0.9854523539543152,orbslam3_map,camera_color_optical_frame
1723528232.8094447,-0.3901033103466034,0.12653321027755737,2.163104295730591,-0.00040435712435282767,-0.1724916249513626,0.013518551364541054,0.9849181175231934,orbslam3_map,camera_color_optical_frame
1723528232.8761706,-0.3955765664577484,0.1269252449274063,2.176990032196045,-0.001246944535523653,-0.17600341141223907,0.013107824139297009,0.9843015074729919,orbslam3_map,camera_color_optical_frame
1723528232.9428968,-0.40095433592796326,0.1276872754096985,2.1898796558380127,-0.0019275110680609941,-0.1800277680158615,0.012687393464148045,0.9835778474807739,orbslam3_map,camera_color_optical_frame
1723528232.9762597,-0.40317198634147644,0.12850648164749146,2.1989073753356934,-0.002180415904149413,-0.1826200932264328,0.012756277807056904,0.9830983877182007,orbslam3_map,camera_color_optical_frame
1723528233.0429866,-0.4086831510066986,0.129175066947937,2.212002754211426,-0.0028834508266299963,-0.18679027259349823,0.012471134774386883,0.9823164343833923,orbslam3_map,camera_color_optical_frame
1723528233.1097136,-0.4149739146232605,0.1292579025030136,2.224592685699463,-0.004381734877824783,-0.19069983065128326,0.012838916853070259,0.9815546870231628,orbslam3_map,camera_color_optical_frame
1723528233.1430776,-0.41766828298568726,0.1298404484987259,2.2324419021606445,-0.005222801584750414,-0.19325682520866394,0.013067176565527916,0.9810473322868347,orbslam3_map,camera_color_optical_frame
1723528233.176441,-0.42016106843948364,0.13027741014957428,2.238905429840088,-0.0058596814051270485,-0.19548475742340088,0.01350077148526907,0.9805963039398193,orbslam3_map,camera_color_optical_frame
1723528233.2431583,-0.4261539578437805,0.13115519285202026,2.251906156539917,-0.006776727735996246,-0.20025090873241425,0.013730056583881378,0.9796250462532043,orbslam3_map,camera_color_optical_frame
1723528233.2765129,-0.4297116994857788,0.13143926858901978,2.258671283721924,-0.0073206680826842785,-0.20263811945915222,0.014159908518195152,0.9791239500045776,orbslam3_map,camera_color_optical_frame
1723528233.343221,-0.4356776773929596,0.13240574300289154,2.271500825881958,-0.008471885696053505,-0.20782096683979034,0.014865167438983917,0.978017270565033,orbslam3_map,camera_color_optical_frame
1723528233.409929,-0.44187939167022705,0.13337239623069763,2.2841014862060547,-0.009469324722886086,-0.2132585346698761,0.016310762614011765,0.976813793182373,orbslam3_map,camera_color_optical_frame
1723528233.4766378,-0.4483175277709961,0.1340532749891281,2.2971653938293457,-0.010332482866942883,-0.21881671249866486,0.017323357984423637,0.9755575060844421,orbslam3_map,camera_color_optical_frame
1723528233.509992,-0.45194900035858154,0.13483911752700806,2.3038909435272217,-0.010614411905407906,-0.22144924104213715,0.01796790584921837,0.9749485850334167,orbslam3_map,camera_color_optical_frame
1723528233.5767012,-0.4577426314353943,0.1361330896615982,2.316896438598633,-0.010694251395761967,-0.22738400101661682,0.018796883523464203,0.9735650420188904,orbslam3_map,camera_color_optical_frame
1723528233.676766,-0.4681628942489624,0.13760647177696228,2.3357889652252197,-0.01091291755437851,-0.23598013818264008,0.019181983545422554,0.9715072512626648,orbslam3_map,camera_color_optical_frame
1723528233.7434757,-0.47554105520248413,0.13888287544250488,2.3469583988189697,-0.010394677519798279,-0.241455540060997,0.01882460154592991,0.9701735973358154,orbslam3_map,camera_color_optical_frame
1723528233.7768302,-0.4795611798763275,0.13947747647762299,2.3540725708007812,-0.010128984227776527,-0.24444480240345,0.018654536455869675,0.9694308638572693,orbslam3_map,camera_color_optical_frame
1723528233.8768966,-0.4910874366760254,0.14071685075759888,2.372286319732666,-0.00968397781252861,-0.25306665897369385,0.018094513565301895,0.9672311544418335,orbslam3_map,camera_color_optical_frame
1723528233.9436073,-0.4990951418876648,0.1413467675447464,2.383606195449829,-0.009417779743671417,-0.2585575580596924,0.01781921461224556,0.965785562992096,orbslam3_map,camera_color_optical_frame
1723528233.9769626,-0.5036716461181641,0.14200197160243988,2.3898160457611084,-0.009111384861171246,-0.26133599877357483,0.017489712685346603,0.9650464057922363,orbslam3_map,camera_color_optical_frame
1723528234.0436738,-0.5119009613990784,0.14326968789100647,2.401691436767578,-0.009101273491978645,-0.2668636739253998,0.01740671508014202,0.9635341167449951,orbslam3_map,camera_color_optical_frame
1723528234.1103854,-0.5205305814743042,0.14410634338855743,2.4138247966766357,-0.00876153726130724,-0.272605299949646,0.017800236120820045,0.9619213938713074,orbslam3_map,camera_color_optical_frame
1723528234.1437418,-0.5237312912940979,0.1439763307571411,2.417487144470215,-0.00814786460250616,-0.2752420902252197,0.01756722293794155,0.9611799120903015,orbslam3_map,camera_color_optical_frame
1723528234.210454,-0.5317426323890686,0.14546293020248413,2.428149700164795,-0.0072000776417553425,-0.2811969518661499,0.018353110179305077,0.9594475626945496,orbslam3_map,camera_color_optical_frame
1723528234.2437944,-0.5353102087974548,0.1453946828842163,2.4340367317199707,-0.007055036723613739,-0.28434935212135315,0.018336158245801926,0.9585193991661072,orbslam3_map,camera_color_optical_frame
1723528234.3104758,-0.5434663891792297,0.14587298035621643,2.4453530311584473,-0.006664498709142208,-0.2902767062187195,0.019300462678074837,0.9567249417304993,orbslam3_map,camera_color_optical_frame
1723528234.3771567,-0.5525626540184021,0.1464613676071167,2.4564290046691895,-0.006571244448423386,-0.29569700360298157,0.020027615129947662,0.9550492167472839,orbslam3_map,camera_color_optical_frame
1723528234.4438376,-0.5614253282546997,0.14768825471401215,2.466829776763916,-0.005855384282767773,-0.301493763923645,0.020512551069259644,0.9532294869422913,orbslam3_map,camera_color_optical_frame
1723528234.510518,-0.5707505941390991,0.14876523613929749,2.478221893310547,-0.005194172728806734,-0.30739590525627136,0.02082172967493534,0.9513397216796875,orbslam3_map,camera_color_optical_frame
1723528234.5438588,-0.5750570297241211,0.14906859397888184,2.4836719036102295,-0.004773068241775036,-0.3104955554008484,0.020702321082353592,0.9503374099731445,orbslam3_map,camera_color_optical_frame
1723528234.610539,-0.5835598111152649,0.14943057298660278,2.4951565265655518,-0.004582875873893499,-0.3165363371372223,0.02150915190577507,0.9483254551887512,orbslam3_map,camera_color_optical_frame
1723528234.6772187,-0.5936004519462585,0.1500391662120819,2.505249500274658,-0.00421011820435524,-0.3221690356731415,0.02153852954506874,0.9464277625083923,orbslam3_map,camera_color_optical_frame
1723528234.7772374,-0.6075905561447144,0.15089739859104156,2.5211992263793945,-0.0038991710171103477,-0.3309740722179413,0.021507123485207558,0.9433866739273071,orbslam3_map,camera_color_optical_frame
1723528234.8105779,-0.6120679378509521,0.1510859876871109,2.5256049633026123,-0.003547334112226963,-0.33386242389678955,0.021338623017072678,0.9423735737800598,orbslam3_map,camera_color_optical_frame
1723528234.8772569,-0.6226789951324463,0.1519537717103958,2.5365757942199707,-0.0034507126547396183,-0.3399755358695984,0.021470626816153526,0.9401828050613403,orbslam3_map,camera_color_optical_frame
1723528234.9439356,-0.6325684785842896,0.15260569751262665,2.546924591064453,-0.003078452544286847,-0.3457085192203522,0.021524712443351746,0.9380899667739868,orbslam3_map,camera_color_optical_frame
1723528234.9772744,-0.6368620991706848,0.1532129943370819,2.552009105682373,-0.00315577513538301,-0.34873369336128235,0.02162529155611992,0.9369670152664185,orbslam3_map,camera_color_optical_frame
1723528235.043953,-0.6467316746711731,0.15294355154037476,2.560368299484253,-0.003642080817371607,-0.35446757078170776,0.021823137998580933,0.9348065257072449,orbslam3_map,camera_color_optical_frame
1723528235.0772924,-0.6521861553192139,0.1536201536655426,2.5655133724212646,-0.0035146959125995636,-0.35752105712890625,0.021922718733549118,0.9336411356925964,orbslam3_map,camera_color_optical_frame
1723528235.1439705,-0.6630393266677856,0.15393532812595367,2.5764806270599365,-0.004212275147438049,-0.36400365829467773,0.02160114236176014,0.9311375021934509,orbslam3_map,camera_color_optical_frame
1723528235.2106483,-0.6740074753761292,0.1548575907945633,2.5862157344818115,-0.004109872505068779,-0.3696928322315216,0.02202654257416725,0.9288838505744934,orbslam3_map,camera_color_optical_frame
1723528235.27735,-0.6846796870231628,0.1554224044084549,2.596193790435791,-0.004338851664215326,-0.3752444386482239,0.022842003032565117,0.9266342520713806,orbslam3_map,camera_color_optical_frame
1723528235.3774025,-0.7020678520202637,0.1562807410955429,2.61163330078125,-0.0048093367367982864,-0.38407692313194275,0.023687973618507385,0.9229846596717834,orbslam3_map,camera_color_optical_frame
1723528235.444105,-0.7136544585227966,0.15666933357715607,2.6219098567962646,-0.005718444474041462,-0.39017412066459656,0.023904139176011086,0.9204129576683044,orbslam3_map,camera_color_optical_frame
1723528235.4774568,-0.7192749381065369,0.1570758819580078,2.627488613128662,-0.005560461897403002,-0.39315107464790344,0.02398568205535412,0.9191441535949707,orbslam3_map,camera_color_optical_frame
1723528235.5108073,-0.725186824798584,0.15724505484104156,2.632237434387207,-0.0056597571820020676,-0.39600512385368347,0.024092135950922966,0.9179147481918335,orbslam3_map,camera_color_optical_frame
1723528235.57751,-0.7367547154426575,0.15746350586414337,2.642225742340088,-0.005819185171276331,-0.4016544818878174,0.024782374501228333,0.9154374003410339,orbslam3_map,camera_color_optical_frame
1723528235.6442132,-0.7488135695457458,0.15806646645069122,2.6532795429229736,-0.0059465463273227215,-0.40729445219039917,0.025221873074769974,0.9129292368888855,orbslam3_map,camera_color_optical_frame
1723528235.7109163,-0.7607302665710449,0.15906387567520142,2.6617748737335205,-0.00491326441988349,-0.41267141699790955,0.024935360997915268,0.910525381565094,orbslam3_map,camera_color_optical_frame
1723528235.810972,-0.7791422009468079,0.15999019145965576,2.676753044128418,-0.00402795197442174,-0.4208826720714569,0.026450086385011673,0.9067204594612122,orbslam3_map,camera_color_optical_frame
1723528235.8776755,-0.7907589077949524,0.16085414588451385,2.68509578704834,-0.0030095851980149746,-0.42590856552124023,0.02685883268713951,0.9043624401092529,orbslam3_map,camera_color_optical_frame
1723528235.9443793,-0.8035230040550232,0.16152013838291168,2.6945960521698,-0.0030559601727873087,-0.4311845302581787,0.027557166293263435,0.9018376469612122,orbslam3_map,camera_color_optical_frame
1723528236.0110834,-0.8178218603134155,0.16218869388103485,2.704725980758667,-0.002342778258025646,-0.4365035593509674,0.02802448719739914,0.8992629051208496,orbslam3_map,camera_color_optical_frame
1723528236.0777879,-0.83024662733078,0.16246072947978973,2.7146944999694824,-0.0023423025850206614,-0.44204315543174744,0.028671065345406532,0.896532416343689,orbslam3_map,camera_color_optical_frame
1723528236.1111395,-0.8369157910346985,0.1627766489982605,2.718950033187866,-0.0022733837831765413,-0.44459089636802673,0.028720689937472343,0.8952702879905701,orbslam3_map,camera_color_optical_frame
1723528236.1444924,-0.8427140712738037,0.16349416971206665,2.7227437496185303,-0.0020102933049201965,-0.44714558124542236,0.02869613654911518,0.8939985036849976,orbslam3_map,camera_color_optical_frame
1723528236.211197,-0.8560510277748108,0.16396965086460114,2.731856107711792,-0.0018225902458652854,-0.45234429836273193,0.029160231351852417,0.8913646936416626,orbslam3_map,camera_color_optical_frame
1723528236.2778878,-0.8689685463905334,0.1645604521036148,2.7410762310028076,-0.001638452522456646,-0.45770561695098877,0.02999652735888958,0.8885961771011353,orbslam3_map,camera_color_optical_frame
1723528236.3112328,-0.8774656653404236,0.16472569108009338,2.7475743293762207,-0.0019874032586812973,-0.4606304168701172,0.03030461072921753,0.8870723247528076,orbslam3_map,camera_color_optical_frame
1723528236.3779235,-0.8907535672187805,0.1651824563741684,2.7560012340545654,-0.001924055628478527,-0.46572962403297424,0.030776361003518105,0.8843896389007568,orbslam3_map,camera_color_optical_frame
1723528236.4446142,-0.9039355516433716,0.16559475660324097,2.7634387016296387,-0.0017988180043175817,-0.470669150352478,0.031150832772254944,0.8817578554153442,orbslam3_map,camera_color_optical_frame
1723528236.47796,-0.9109386205673218,0.16634508967399597,2.7674267292022705,-0.0015641531208530068,-0.4731975793838501,0.031369648873806,0.8803962469100952,orbslam3_map,camera_color_optical_frame
1723528236.5446506,-0.9242300987243652,0.16604115068912506,2.7748641967773438,-0.0021232550498098135,-0.47854042053222656,0.03110174834728241,0.8775119781494141,orbslam3_map,camera_color_optical_frame
1723528236.6113412,-0.9392105340957642,0.16737864911556244,2.7848641872406006,-0.0021151185501366854,-0.48404380679130554,0.030913449823856354,0.8744949698448181,orbslam3_map,camera_color_optical_frame
1723528236.6780317,-0.9534246921539307,0.16733801364898682,2.7931599617004395,-0.0026502155233174562,-0.4891837537288666,0.030891580507159233,0.8716294765472412,orbslam3_map,camera_color_optical_frame
1723528236.7447221,-0.9674344658851624,0.16804251074790955,2.800825834274292,-0.0028691564220935106,-0.4943378269672394,0.030518261715769768,0.868729293346405,orbslam3_map,camera_color_optical_frame
1723528236.8114126,-0.9823067784309387,0.1690290868282318,2.8080458641052246,-0.0030405691359192133,-0.49915656447410583,0.02993270754814148,0.8659893274307251,orbslam3_map,camera_color_optical_frame
1723528236.8781028,-0.9965804219245911,0.1690196990966797,2.8156158924102783,-0.004044506698846817,-0.504194438457489,0.02965434454381466,0.8630714416503906,orbslam3_map,camera_color_optical_frame
1723528236.9447932,-1.0107523202896118,0.1694858968257904,2.8220207691192627,-0.0043521421030163765,-0.5088021159172058,0.029551323503255844,0.8603651523590088,orbslam3_map,camera_color_optical_frame
1723528237.0114834,-1.0252883434295654,0.1698690950870514,2.8300940990448,-0.004360283259302378,-0.5132302641868591,0.02967553772032261,0.8577266335487366,orbslam3_map,camera_color_optical_frame
1723528237.0781734,-1.0394964218139648,0.17058275640010834,2.836437463760376,-0.004814882762730122,-0.5172864198684692,0.02958468347787857,0.8552873730659485,orbslam3_map,camera_color_optical_frame
1723528237.1448634,-1.0535537004470825,0.17107313871383667,2.8435890674591064,-0.005228211171925068,-0.5213080048561096,0.029990246519446373,0.852825403213501,orbslam3_map,camera_color_optical_frame
1723528237.1782079,-1.0613185167312622,0.17136432230472565,2.847466230392456,-0.005279743578284979,-0.5232635736465454,0.03010554611682892,0.8516225814819336,orbslam3_map,camera_color_optical_frame
1723528237.2449,-1.0750435590744019,0.1717824935913086,2.853055000305176,-0.005243362858891487,-0.5267311334609985,0.030152829363942146,0.8494808077812195,orbslam3_map,camera_color_optical_frame
1723528237.311594,-1.0907188653945923,0.17222844064235687,2.860297918319702,-0.005387028679251671,-0.5300430059432983,0.030379768460989,0.8474092483520508,orbslam3_map,camera_color_optical_frame
1723528237.3449414,-1.0981941223144531,0.17208151519298553,2.863077402114868,-0.00546773336827755,-0.5313818454742432,0.030433289706707,0.8465679883956909,orbslam3_map,camera_color_optical_frame
1723528237.411635,-1.1130750179290771,0.1720372587442398,2.8700544834136963,-0.005651677493005991,-0.5341934561729431,0.030619053170084953,0.844788670539856,orbslam3_map,camera_color_optical_frame
1723528237.4783285,-1.1277347803115845,0.17307129502296448,2.8768153190612793,-0.005163844209164381,-0.5366875529289246,0.031008584424853325,0.843195378780365,orbslam3_map,camera_color_optical_frame
1723528237.5116751,-1.1349025964736938,0.17333287000656128,2.879934549331665,-0.005215535871684551,-0.5379835367202759,0.031026063486933708,0.8423680067062378,orbslam3_map,camera_color_optical_frame
1723528237.5450222,-1.141626238822937,0.1736806333065033,2.882253408432007,-0.005060534458607435,-0.5390713214874268,0.030975639820098877,0.8416752219200134,orbslam3_map,camera_color_optical_frame
1723528237.6117156,-1.1566816568374634,0.17399060726165771,2.8885180950164795,-0.004823070485144854,-0.5415909886360168,0.03138797730207443,0.8400421142578125,orbslam3_map,camera_color_optical_frame
1723528237.6784089,-1.1706327199935913,0.1742647886276245,2.8939173221588135,-0.0039557721465826035,-0.543910026550293,0.03167227283120155,0.8385363221168518,orbslam3_map,camera_color_optical_frame
1723528237.711755,-1.1778697967529297,0.17492598295211792,2.896953582763672,-0.0037246469873934984,-0.5451110601425171,0.03186696395277977,0.837749719619751,orbslam3_map,camera_color_optical_frame
1723528237.778448,-1.1925022602081299,0.1752707064151764,2.9026601314544678,-0.0031707051675766706,-0.547340989112854,0.03180516138672829,0.8362991213798523,orbslam3_map,camera_color_optical_frame
1723528237.8451416,-1.2066893577575684,0.17544397711753845,2.9085190296173096,-0.0026818462647497654,-0.5497382283210754,0.031644780188798904,0.8347330689430237,orbslam3_map,camera_color_optical_frame
1723528237.8784885,-1.217332124710083,0.1759621798992157,2.9127554893493652,-0.0023089852184057236,-0.5507465600967407,0.03166615217924118,0.8340684175491333,orbslam3_map,camera_color_optical_frame
1723528237.9451814,-1.232084035873413,0.1765008121728897,2.9189224243164062,-0.002024380024522543,-0.5532070994377136,0.03126036375761032,0.8324545621871948,orbslam3_map,camera_color_optical_frame
1723528237.9785275,-1.2397555112838745,0.17696306109428406,2.9208219051361084,-0.001557856914587319,-0.5540215373039246,0.03116750530898571,0.8319172263145447,orbslam3_map,camera_color_optical_frame
1723528238.0452201,-1.2554305791854858,0.17758463323116302,2.9285202026367188,-0.0013768862700089812,-0.5562038421630859,0.0313684456050396,0.830452561378479,orbslam3_map,camera_color_optical_frame
1723528238.078567,-1.2625303268432617,0.1779160052537918,2.9307854175567627,-0.0007433871505782008,-0.5567747950553894,0.03127958998084068,0.8300740122795105,orbslam3_map,camera_color_optical_frame
1723528238.1452599,-1.2776118516921997,0.17825111746788025,2.936495304107666,-0.0003799530095420778,-0.558188796043396,0.030815666541457176,0.8291414976119995,orbslam3_map,camera_color_optical_frame
1723528238.2119527,-1.2927374839782715,0.17844964563846588,2.9419140815734863,8.390880975639448e-05,-0.559392511844635,0.030071921646595,0.8283572196960449,orbslam3_map,camera_color_optical_frame
1723528238.2786305,-1.307866096496582,0.1787838488817215,2.9485085010528564,0.0006113954586908221,-0.560158908367157,0.02949773147702217,0.82785964012146,orbslam3_map,camera_color_optical_frame
1723528238.3453083,-1.3227030038833618,0.17913685739040375,2.9546444416046143,0.00034467881778255105,-0.5602390170097351,0.028850633651018143,0.8278283476829529,orbslam3_map,camera_color_optical_frame
1723528238.4119859,-1.3366508483886719,0.17982269823551178,2.9599595069885254,0.00030650952248834074,-0.560008704662323,0.02881542779505253,0.827985405921936,orbslam3_map,camera_color_optical_frame
1723528238.4786627,-1.351020097732544,0.1799866259098053,2.966691732406616,-0.000498088775202632,-0.5598484873771667,0.02934734709560871,0.8280749917030334,orbslam3_map,camera_color_optical_frame
1723528238.5453396,-1.3661566972732544,0.1805690973997116,2.9733293056488037,-0.0012117397272959352,-0.5596325397491455,0.030069051310420036,0.8281943202018738,orbslam3_map,camera_color_optical_frame
1723528238.5786772,-1.3730943202972412,0.1804470270872116,2.97707462310791,-0.0016431363765150309,-0.5595816969871521,0.030380092561244965,0.828216552734375,orbslam3_map,camera_color_optical_frame
1723528238.6453536,-1.3895118236541748,0.18115541338920593,2.9844014644622803,-0.0022653895430266857,-0.5593359470367432,0.03089335560798645,0.8283621072769165,orbslam3_map,camera_color_optical_frame
1723528238.7120295,-1.404453992843628,0.1814556121826172,2.9910831451416016,-0.0024259481579065323,-0.5591999292373657,0.031483590602874756,0.828431248664856,orbslam3_map,camera_color_optical_frame
1723528238.7453678,-1.411760687828064,0.18173617124557495,2.994495391845703,-0.002637865487486124,-0.5591973662376404,0.03168725594878197,0.8284245729446411,orbslam3_map,camera_color_optical_frame
1723528238.8120434,-1.4272485971450806,0.182547926902771,3.0011823177337646,-0.002818983979523182,-0.5590047240257263,0.03156407177448273,0.8285586833953857,orbslam3_map,camera_color_optical_frame
1723528238.8787186,-1.4415512084960938,0.18270601332187653,3.006542921066284,-0.0032528615556657314,-0.5588592886924744,0.030999647453427315,0.8286765813827515,orbslam3_map,camera_color_optical_frame
1723528238.9453936,-1.456703782081604,0.18345773220062256,3.013301372528076,-0.0030217452440410852,-0.5588388442993164,0.030405409634113312,0.8287131786346436,orbslam3_map,camera_color_optical_frame
1723528239.012068,-1.4714568853378296,0.1836693435907364,3.0194616317749023,-0.002616879064589739,-0.5588169097900391,0.02955387532711029,0.8287602066993713,orbslam3_map,camera_color_optical_frame
1723528239.0787423,-1.4860901832580566,0.1837208867073059,3.0253472328186035,-0.0018850043416023254,-0.5586901307106018,0.02873564139008522,0.8288764357566833,orbslam3_map,camera_color_optical_frame
1723528239.1454163,-1.5013946294784546,0.18470458686351776,3.0311694145202637,-0.001452772761695087,-0.5588093400001526,0.02799970470368862,0.8288220763206482,orbslam3_map,camera_color_optical_frame
1723528239.21209,-1.5162428617477417,0.1848132312297821,3.037100315093994,-0.0009815809316933155,-0.5588613748550415,0.027326490730047226,0.8288101553916931,orbslam3_map,camera_color_optical_frame
1723528239.245435,-1.5237452983856201,0.18481247127056122,3.040534496307373,-0.001098140492103994,-0.5589408874511719,0.02685096673667431,0.8287719488143921,orbslam3_map,camera_color_optical_frame
1723528239.3121257,-1.5384366512298584,0.18535976111888885,3.046783924102783,-0.0010796753922477365,-0.5590630173683167,0.0270032100379467,0.8286846280097961,orbslam3_map,camera_color_optical_frame
1723528239.3454716,-1.544357180595398,0.18572017550468445,3.049614667892456,-0.0009234724566340446,-0.5592995882034302,0.02749442495405674,0.8285090327262878,orbslam3_map,camera_color_optical_frame
1723528239.3788164,-1.5514799356460571,0.18592503666877747,3.052319288253784,-0.0009232598822563887,-0.5592759847640991,0.027907179668545723,0.828511118888855,orbslam3_map,camera_color_optical_frame
1723528239.4455068,-1.565885066986084,0.1866559386253357,3.05855655670166,-0.0008115424425341189,-0.5594714283943176,0.028943823650479317,0.8283437490463257,orbslam3_map,camera_color_optical_frame
1723528239.4788525,-1.5735026597976685,0.18655358254909515,3.0619900226593018,-0.0012070798547938466,-0.5595899224281311,0.029500657692551613,0.828243613243103,orbslam3_map,camera_color_optical_frame
1723528239.5455427,-1.587903380393982,0.18731451034545898,3.068552017211914,-0.001518091419711709,-0.5598928928375244,0.030584802851080894,0.8279989361763,orbslam3_map,camera_color_optical_frame
1723528239.612233,-1.602414846420288,0.187572181224823,3.0748045444488525,-0.00241549382917583,-0.5601065754890442,0.031382519751787186,0.8278225064277649,orbslam3_map,camera_color_optical_frame
1723528239.678923,-1.6173237562179565,0.18831250071525574,3.080840587615967,-0.0024990823585540056,-0.5601168274879456,0.03225606679916382,0.8277816772460938,orbslam3_map,camera_color_optical_frame
1723528239.7122674,-1.6247895956039429,0.18859551846981049,3.084183931350708,-0.0020653752144426107,-0.5601541996002197,0.03286336734890938,0.8277337551116943,orbslam3_map,camera_color_optical_frame
1723528239.812302,-1.6469945907592773,0.1893308311700821,3.0932772159576416,-0.0019740506540983915,-0.5603489875793457,0.03333944082260132,0.8275830149650574,orbslam3_map,camera_color_optical_frame
1723528239.8789918,-1.6618725061416626,0.18948626518249512,3.099456787109375,-0.0017959749093279243,-0.560683012008667,0.03316589072346687,0.8273640871047974,orbslam3_map,camera_color_optical_frame
1723528239.945681,-1.6775966882705688,0.1899392455816269,3.105742931365967,-0.0015808537136763334,-0.5612723231315613,0.032632015645504,0.8269861340522766,orbslam3_map,camera_color_optical_frame
1723528239.9790254,-1.6853346824645996,0.1901049166917801,3.108980894088745,-0.001373151782900095,-0.5613898038864136,0.03225059062242508,0.8269217014312744,orbslam3_map,camera_color_optical_frame
1723528240.0457144,-1.700536847114563,0.1907445639371872,3.1144490242004395,-0.0010325327748432755,-0.5613988637924194,0.031312644481658936,0.8269520998001099,orbslam3_map,camera_color_optical_frame
1723528240.1457481,-1.7221654653549194,0.19122494757175446,3.122072696685791,-0.0007902207435108721,-0.561759352684021,0.030096139758825302,0.8267527222633362,orbslam3_map,camera_color_optical_frame
1723528240.1790922,-1.729405164718628,0.19145677983760834,3.1250030994415283,-0.00042048623436130583,-0.5618866682052612,0.03001553565263748,0.8266693949699402,orbslam3_map,camera_color_optical_frame
1723528240.2791417,-1.7514437437057495,0.19192181527614594,3.1338324546813965,-0.0014595609391108155,-0.5623998641967773,0.029231667518615723,0.8263472318649292,orbslam3_map,camera_color_optical_frame
1723528240.345846,-1.7662427425384521,0.19231866300106049,3.13981294631958,-0.0016097427578642964,-0.5628085136413574,0.028750978410243988,0.8260855674743652,orbslam3_map,camera_color_optical_frame
1723528240.3791976,-1.7742054462432861,0.1928492784500122,3.142972707748413,-0.0015134512213990092,-0.5629990696907043,0.02869606204330921,0.8259577751159668,orbslam3_map,camera_color_optical_frame
1723528240.445902,-1.7889677286148071,0.1931028962135315,3.148550271987915,-0.002041988540440798,-0.5634443759918213,0.02822107821702957,0.8256693482398987,orbslam3_map,camera_color_optical_frame
1723528240.5126064,-1.802915334701538,0.19379375874996185,3.1538894176483154,-0.0021830187179148197,-0.5639188885688782,0.028263840824365616,0.8253434896469116,orbslam3_map,camera_color_optical_frame
1723528240.579311,-1.8173450231552124,0.19413526356220245,3.160332202911377,-0.0026005511172115803,-0.5645357966423035,0.02860492840409279,0.8249087333679199,orbslam3_map,camera_color_optical_frame
1723528240.6460156,-1.8319770097732544,0.19443093240261078,3.1662375926971436,-0.003331802086904645,-0.5649640560150146,0.028807463124394417,0.8246058225631714,orbslam3_map,camera_color_optical_frame
1723528240.746073,-1.8542619943618774,0.19516828656196594,3.1752471923828125,-0.004848052281886339,-0.5659386515617371,0.02932525984942913,0.8239114284515381,orbslam3_map,camera_color_optical_frame
1723528240.7794247,-1.8608777523040771,0.19517865777015686,3.1780171394348145,-0.00502072274684906,-0.5660771727561951,0.029807982966303825,0.823797881603241,orbslam3_map,camera_color_optical_frame
1723528240.8127775,-1.868040919303894,0.1954370141029358,3.181015729904175,-0.005488073453307152,-0.5664026141166687,0.030009888112545013,0.8235638737678528,orbslam3_map,camera_color_optical_frame
1723528240.879482,-1.8826934099197388,0.1954803466796875,3.1871862411499023,-0.005724091082811356,-0.5669116377830505,0.030442051589488983,0.8231960535049438,orbslam3_map,camera_color_optical_frame
1723528240.9461868,-1.897108793258667,0.19590334594249725,3.192556858062744,-0.004915936384350061,-0.567833662033081,0.030690055340528488,0.8225563168525696,orbslam3_map,camera_color_optical_frame
1723528240.9795384,-1.9038890600204468,0.1963125616312027,3.195345878601074,-0.00459956843405962,-0.568459153175354,0.030734801664948463,0.8221243619918823,orbslam3_map,camera_color_optical_frame
1723528241.0462434,-1.9184490442276,0.1968872994184494,3.2009270191192627,-0.0038493704050779343,-0.5693340301513672,0.030554523691534996,0.8215293884277344,orbslam3_map,camera_color_optical_frame
1723528241.1129482,-1.9329650402069092,0.19743680953979492,3.206122875213623,-0.0032988148741424084,-0.5699822306632996,0.030633442103862762,0.8210791945457458,orbslam3_map,camera_color_optical_frame
1723528241.179653,-1.9479142427444458,0.19786317646503448,3.211909532546997,-0.003195112571120262,-0.5702484846115112,0.03119049221277237,0.8208736777305603,orbslam3_map,camera_color_optical_frame
1723528241.246352,-1.9623801708221436,0.19829097390174866,3.217707872390747,-0.003095032414421439,-0.5707722902297974,0.0315452478826046,0.8204963803291321,orbslam3_map,camera_color_optical_frame
1723528241.3130455,-1.9767388105392456,0.19866040349006653,3.2231435775756836,-0.002881554653868079,-0.5715599656105042,0.03156863525509834,0.8199477791786194,orbslam3_map,camera_color_optical_frame
1723528241.3463929,-1.9841731786727905,0.19886310398578644,3.2256126403808594,-0.0022026319056749344,-0.5719130039215088,0.0316418781876564,0.8197008371353149,orbslam3_map,camera_color_optical_frame
1723528241.413086,-1.9985918998718262,0.19929425418376923,3.2308666706085205,-0.001800483325496316,-0.5728561878204346,0.031431894749403,0.8190510272979736,orbslam3_map,camera_color_optical_frame
1723528241.4797792,-2.0131425857543945,0.1996595859527588,3.236258029937744,-0.0012317753862589598,-0.573573648929596,0.03149536997079849,0.8185473680496216,orbslam3_map,camera_color_optical_frame
1723528241.5464723,-2.0280542373657227,0.1999228298664093,3.241197109222412,-0.00020693783881142735,-0.5739936232566833,0.03128686547279358,0.8182618618011475,orbslam3_map,camera_color_optical_frame
1723528241.646511,-2.050013780593872,0.2002836912870407,3.2491743564605713,0.0009154044091701508,-0.5753796696662903,0.030918162316083908,0.8173013925552368,orbslam3_map,camera_color_optical_frame
1723528241.7132041,-2.0646965503692627,0.2007412314414978,3.2544894218444824,0.0009492002427577972,-0.5764299035072327,0.03085845336318016,0.8165632486343384,orbslam3_map,camera_color_optical_frame
1723528241.746551,-2.0719096660614014,0.20077022910118103,3.2570197582244873,0.0004557181673590094,-0.5769054293632507,0.030940642580389977,0.8162245750427246,orbslam3_map,camera_color_optical_frame
1723528241.8132436,-2.086573362350464,0.20110757648944855,3.262233257293701,4.810504105989821e-05,-0.5772167444229126,0.031243467703461647,0.8159931302070618,orbslam3_map,camera_color_optical_frame
1723528241.8799362,-2.101320743560791,0.20137937366962433,3.267258405685425,-0.0003973745333496481,-0.577732264995575,0.03126050531864166,0.81562739610672,orbslam3_map,camera_color_optical_frame
1723528241.9466286,-2.116079330444336,0.2016662061214447,3.2725636959075928,-0.000709200045093894,-0.5785731077194214,0.03126829117536545,0.8150306344032288,orbslam3_map,camera_color_optical_frame
1723528242.0466664,-2.138211250305176,0.20309391617774963,3.2803499698638916,-0.0015713369939476252,-0.5799611806869507,0.031675856560468674,0.8140265941619873,orbslam3_map,camera_color_optical_frame
1723528242.1133587,-2.1529760360717773,0.20340435206890106,3.286198854446411,-0.0024676923640072346,-0.5809462070465088,0.032131217420101166,0.8133038282394409,orbslam3_map,camera_color_optical_frame
1723528242.1800508,-2.1680331230163574,0.20400087535381317,3.2914834022521973,-0.002647564047947526,-0.5814709663391113,0.033390112221241,0.812877357006073,orbslam3_map,camera_color_optical_frame
1723528242.2133975,-2.1764283180236816,0.20363272726535797,3.295461654663086,-0.002827349817380309,-0.582089900970459,0.03388243541121483,0.8124133348464966,orbslam3_map,camera_color_optical_frame
1723528242.3134973,-2.19865345954895,0.204231396317482,3.3032352924346924,-0.0022984426468610764,-0.5828908085823059,0.03450627624988556,0.8118142485618591,orbslam3_map,camera_color_optical_frame
1723528242.3803093,-2.213425874710083,0.20474687218666077,3.307826280593872,-0.002241360256448388,-0.5836764574050903,0.03379468619823456,0.8112797141075134,orbslam3_map,camera_color_optical_frame
1723528242.4137163,-2.221428871154785,0.20501993596553802,3.310102701187134,-0.0019098585471510887,-0.5840796828269958,0.03322504088282585,0.8110138177871704,orbslam3_map,camera_color_optical_frame
1723528242.4805303,-2.236994981765747,0.20537562668323517,3.315541982650757,-0.002534754341468215,-0.5852778553962708,0.03196919336915016,0.8101983666419983,orbslam3_map,camera_color_optical_frame
1723528242.5473456,-2.2519476413726807,0.20550347864627838,3.319417953491211,-0.002469763159751892,-0.5857166051864624,0.030731577426195145,0.809929370880127,orbslam3_map,camera_color_optical_frame
1723528242.6141622,-2.266125202178955,0.20540858805179596,3.3247013092041016,-0.0026219103019684553,-0.5866515636444092,0.030172746628522873,0.8092729449272156,orbslam3_map,camera_color_optical_frame
1723528242.6475708,-2.27398943901062,0.20565637946128845,3.326907157897949,-0.002566332696005702,-0.5870546698570251,0.029965577647089958,0.8089885115623474,orbslam3_map,camera_color_optical_frame
1723528242.7143896,-2.288313627243042,0.20635706186294556,3.332430362701416,-0.0032536780927330256,-0.5881102085113525,0.03030543588101864,0.8082063794136047,orbslam3_map,camera_color_optical_frame
1723528242.7478,-2.295647621154785,0.2064940631389618,3.3348429203033447,-0.0033430331386625767,-0.5886521935462952,0.030285155400633812,0.8078120350837708,orbslam3_map,camera_color_optical_frame
1723528242.8146207,-2.3103740215301514,0.2066330462694168,3.339918851852417,-0.004519523121416569,-0.589840292930603,0.03040030226111412,0.8069348335266113,orbslam3_map,camera_color_optical_frame
1723528242.8480313,-2.3182313442230225,0.20678992569446564,3.342726945877075,-0.004593581426888704,-0.5904145240783691,0.03059811145067215,0.806506872177124,orbslam3_map,camera_color_optical_frame
1723528242.9148543,-2.3325135707855225,0.20735952258110046,3.3477132320404053,-0.0046758344396948814,-0.5916097164154053,0.03111097402870655,0.8056104779243469,orbslam3_map,camera_color_optical_frame
1723528242.9816787,-2.3471925258636475,0.20782771706581116,3.3522632122039795,-0.00425879517570138,-0.5929340720176697,0.03167194128036499,0.8046166300773621,orbslam3_map,camera_color_optical_frame
1723528243.0485044,-2.3625125885009766,0.20860475301742554,3.3568787574768066,-0.0040565668605268,-0.5945030450820923,0.032107800245285034,0.8034418821334839,orbslam3_map,camera_color_optical_frame
1723528243.1153312,-2.3793182373046875,0.20938819646835327,3.3618147373199463,-0.0033384254202246666,-0.5963283181190491,0.03201153501868248,0.8020951747894287,orbslam3_map,camera_color_optical_frame
1723528243.1487458,-2.3869833946228027,0.20935752987861633,3.3639719486236572,-0.0038745934143662453,-0.5974295139312744,0.031306199729442596,0.8013007640838623,orbslam3_map,camera_color_optical_frame
1723528243.215575,-2.4024431705474854,0.2100314199924469,3.367924213409424,-0.00415414571762085,-0.5994229316711426,0.031105341389775276,0.7998170852661133,orbslam3_map,camera_color_optical_frame
1723528243.2824044,-2.4171125888824463,0.2100340873003006,3.3716750144958496,-0.0042837695218622684,-0.6013318300247192,0.030611738562583923,0.7984013557434082,orbslam3_map,camera_color_optical_frame
1723528243.349074,-2.4327406883239746,0.21035020053386688,3.37510085105896,-0.004594763740897179,-0.6031739711761475,0.030337873846292496,0.7970191836357117,orbslam3_map,camera_color_optical_frame
1723528243.382408,-2.4400880336761475,0.21086034178733826,3.3771896362304688,-0.004718082491308451,-0.6042614579200745,0.03005029261112213,0.7962052822113037,orbslam3_map,camera_color_optical_frame
1723528243.449077,-2.45524525642395,0.21176952123641968,3.3809142112731934,-0.004669152665883303,-0.6062963008880615,0.030068373307585716,0.7946564555168152,orbslam3_map,camera_color_optical_frame
1723528243.4824116,-2.4626355171203613,0.21157516539096832,3.3830294609069824,-0.004627750720828772,-0.6074439287185669,0.029794400557875633,0.7937901020050049,orbslam3_map,camera_color_optical_frame
1723528243.5490801,-2.478264093399048,0.21178534626960754,3.3867783546447754,-0.0045304265804588795,-0.609706699848175,0.029139146208763123,0.7920783758163452,orbslam3_map,camera_color_optical_frame
1723528243.5824134,-2.4862444400787354,0.21243801712989807,3.3884081840515137,-0.004002551548182964,-0.6106739044189453,0.029448101297020912,0.7913243174552917,orbslam3_map,camera_color_optical_frame
1723528243.6490812,-2.5008018016815186,0.21243003010749817,3.391672134399414,-0.0037983269430696964,-0.6127867698669434,0.029396813362836838,0.789692223072052,orbslam3_map,camera_color_optical_frame
1723528243.7157488,-2.51583194732666,0.21299833059310913,3.394777774810791,-0.0033993693068623543,-0.6146042943000793,0.02943084016442299,0.7882790565490723,orbslam3_map,camera_color_optical_frame
1723528243.749083,-2.523548126220703,0.21290323138237,3.396552085876465,-0.0030408399179577827,-0.6155036091804504,0.02958076074719429,0.7875728607177734,orbslam3_map,camera_color_optical_frame
1723528243.81575,-2.538731813430786,0.21335232257843018,3.3994228839874268,-0.0032227535266429186,-0.6173315048217773,0.02980693243443966,0.7861316800117493,orbslam3_map,camera_color_optical_frame
1723528243.8824167,-2.5541574954986572,0.21418197453022003,3.4029572010040283,-0.0032129345927387476,-0.6195042133331299,0.03024112805724144,0.7844040989875793,orbslam3_map,camera_color_optical_frame
1723528243.9157493,-2.5626473426818848,0.21375826001167297,3.4054787158966064,-0.0038693593814969063,-0.620826005935669,0.029797323048114777,0.7833723425865173,orbslam3_map,camera_color_optical_frame
1723528243.9824154,-2.578382968902588,0.21431536972522736,3.408562660217285,-0.004498855676501989,-0.6229519248008728,0.029658230021595955,0.7816848158836365,orbslam3_map,camera_color_optical_frame
1723528244.015749,-2.585493564605713,0.21434223651885986,3.4103758335113525,-0.00511755608022213,-0.6240971088409424,0.029302183538675308,0.7807803750038147,orbslam3_map,camera_color_optical_frame
1723528244.0824149,-2.601567268371582,0.21530543267726898,3.4124064445495605,-0.006077359896153212,-0.6263338327407837,0.028911316767334938,0.7789949774742126,orbslam3_map,camera_color_optical_frame
1723528244.1824121,-2.6256964206695557,0.21665352582931519,3.4163167476654053,-0.006696004420518875,-0.6306822896003723,0.028331125155091286,0.7754949331283569,orbslam3_map,camera_color_optical_frame
1723528244.215745,-2.6337380409240723,0.21701255440711975,3.4177064895629883,-0.006983622442930937,-0.6322707533836365,0.028303593397140503,0.7741987705230713,orbslam3_map,camera_color_optical_frame
1723528244.28241,-2.649386167526245,0.2174692302942276,3.420222520828247,-0.007293711416423321,-0.635549783706665,0.029063880443572998,0.7714781761169434,orbslam3_map,camera_color_optical_frame
1723528244.3490834,-2.6654105186462402,0.21814775466918945,3.423151731491089,-0.007589101325720549,-0.6390534043312073,0.029762662947177887,0.768548846244812,orbslam3_map,camera_color_optical_frame
1723528244.3824196,-2.673936367034912,0.21877455711364746,3.424107789993286,-0.007342303171753883,-0.6408105492591858,0.03011254407465458,0.7670731544494629,orbslam3_map,camera_color_optical_frame
1723528244.4157565,-2.6818883419036865,0.21856652200222015,3.425236463546753,-0.007920810952782631,-0.642707109451294,0.029908860102295876,0.7654870748519897,orbslam3_map,camera_color_optical_frame
1723528244.4824295,-2.6979169845581055,0.2191821187734604,3.427500009536743,-0.008347091265022755,-0.6464820504188538,0.030190974473953247,0.7622860074043274,orbslam3_map,camera_color_optical_frame
1723528244.549102,-2.7137291431427,0.21991422772407532,3.4283580780029297,-0.00830832775682211,-0.6501246690750122,0.029836691915988922,0.7591961026191711,orbslam3_map,camera_color_optical_frame
1723528244.6157742,-2.7303690910339355,0.2204766720533371,3.4290733337402344,-0.008652684278786182,-0.6540704369544983,0.02914172038435936,0.7558225989341736,orbslam3_map,camera_color_optical_frame
1723528244.6824458,-2.7461166381835938,0.22074083983898163,3.4313974380493164,-0.009178458712995052,-0.6586033701896667,0.029236866161227226,0.7518660426139832,orbslam3_map,camera_color_optical_frame
1723528244.7157812,-2.7559468746185303,0.2205343097448349,3.4322454929351807,-0.009674932807683945,-0.6609421968460083,0.029036106541752815,0.7498124241828918,orbslam3_map,camera_color_optical_frame
1723528244.7824523,-2.771857738494873,0.22073456645011902,3.4326066970825195,-0.010152810253202915,-0.6648991703987122,0.029649116098880768,0.7462754249572754,orbslam3_map,camera_color_optical_frame
1723528244.8157883,-2.7799925804138184,0.2218434065580368,3.4328861236572266,-0.00991163682192564,-0.6670399308204651,0.03039449267089367,0.7443357706069946,orbslam3_map,camera_color_optical_frame
1723528244.8824592,-2.795403480529785,0.22195878624916077,3.434541702270508,-0.010487161576747894,-0.6716915369033813,0.03150500729680061,0.7400864362716675,orbslam3_map,camera_color_optical_frame
1723528244.9491296,-2.8116817474365234,0.22199659049510956,3.4350154399871826,-0.011046991683542728,-0.6761171817779541,0.03296956792473793,0.7359731793403625,orbslam3_map,camera_color_optical_frame
1723528245.0157995,-2.827745199203491,0.22150948643684387,3.4349467754364014,-0.011674233712255955,-0.6809921860694885,0.034644827246665955,0.7313776016235352,orbslam3_map,camera_color_optical_frame
1723528245.049134,-2.8359434604644775,0.22145244479179382,3.435472011566162,-0.011392254382371902,-0.6836488842964172,0.03576009348034859,0.7288454174995422,orbslam3_map,camera_color_optical_frame
1723528245.1158035,-2.851809024810791,0.22234351933002472,3.4357028007507324,-0.011014635674655437,-0.689039945602417,0.03757133707404137,0.7236649990081787,orbslam3_map,camera_color_optical_frame
1723528245.1824727,-2.8679347038269043,0.22232192754745483,3.435371160507202,-0.010893836617469788,-0.6944330930709839,0.03862200304865837,0.7184374928474426,orbslam3_map,camera_color_optical_frame
1723528245.2491415,-2.8844187259674072,0.22237642109394073,3.4348559379577637,-0.010526297613978386,-0.700179934501648,0.03885853663086891,0.7128305435180664,orbslam3_map,camera_color_optical_frame
1723528245.3158138,-2.900149345397949,0.22184830904006958,3.4335274696350098,-0.010219132527709007,-0.7061895728111267,0.03882814943790436,0.7068835496902466,orbslam3_map,camera_color_optical_frame
1723528245.3824885,-2.916492462158203,0.22221268713474274,3.431824207305908,-0.00984085351228714,-0.7120145559310913,0.039476439356803894,0.7009850740432739,orbslam3_map,camera_color_optical_frame
1723528245.449163,-2.9326157569885254,0.22294189035892487,3.429805040359497,-0.009423299692571163,-0.7177741527557373,0.04064643383026123,0.6950247287750244,orbslam3_map,camera_color_optical_frame
1723528245.482501,-2.9410736560821533,0.22272619605064392,3.429452657699585,-0.009578293189406395,-0.7209075093269348,0.04111562296748161,0.6917442679405212,orbslam3_map,camera_color_optical_frame
1723528245.5491753,-2.9575045108795166,0.222259983420372,3.4280714988708496,-0.010167372412979603,-0.7270529866218567,0.04197385162115097,0.685221791267395,orbslam3_map,camera_color_optical_frame
1723528245.6158493,-2.973698854446411,0.22285419702529907,3.425353527069092,-0.010661865584552288,-0.7331652641296387,0.042973436415195465,0.678607702255249,orbslam3_map,camera_color_optical_frame
1723528245.6825233,-2.989851713180542,0.22259588539600372,3.4231884479522705,-0.011597548611462116,-0.7392924427986145,0.04425138980150223,0.6718289256095886,orbslam3_map,camera_color_optical_frame
1723528245.7158597,-2.9982831478118896,0.22303372621536255,3.422499418258667,-0.012389724142849445,-0.7425472140312195,0.044752731919288635,0.6681821346282959,orbslam3_map,camera_color_optical_frame
1723528245.7825332,-3.0143516063690186,0.22341780364513397,3.419715166091919,-0.013953937217593193,-0.7484229803085327,0.04585392773151398,0.6614875197410583,orbslam3_map,camera_color_optical_frame
1723528245.8492064,-3.0308661460876465,0.22355937957763672,3.417032241821289,-0.015271659940481186,-0.7541825175285339,0.04624287039041519,0.6548565626144409,orbslam3_map,camera_color_optical_frame
1723528245.8825436,-3.0387651920318604,0.22254887223243713,3.414822816848755,-0.01598958484828472,-0.7567448019981384,0.0456102155148983,0.6519213318824768,orbslam3_map,camera_color_optical_frame
1723528245.9492168,-3.055060625076294,0.22322407364845276,3.4100606441497803,-0.015684321522712708,-0.7628952860832214,0.043903838843107224,0.6448389291763306,orbslam3_map,camera_color_optical_frame
1723528245.9825528,-3.0635435581207275,0.22306124866008759,3.4076104164123535,-0.015942445024847984,-0.7661332488059998,0.042214810848236084,0.6410956382751465,orbslam3_map,camera_color_optical_frame
1723528246.0158894,-3.0711448192596436,0.2232707291841507,3.404977321624756,-0.01583169586956501,-0.7692062258720398,0.04132045805454254,0.6374666690826416,orbslam3_map,camera_color_optical_frame
1723528246.082562,-3.086266040802002,0.22189073264598846,3.4009056091308594,-0.01643490046262741,-0.7750229835510254,0.040290627628564835,0.6304332613945007,orbslam3_map,camera_color_optical_frame
1723528246.1492343,-3.1013057231903076,0.22082006931304932,3.396550416946411,-0.016719862818717957,-0.7802109718322754,0.04068992659449577,0.6239675879478455,orbslam3_map,camera_color_optical_frame
1723528246.2159066,-3.1150755882263184,0.22096849977970123,3.390746831893921,-0.016079572960734367,-0.7854741215705872,0.04320502653717995,0.6171752214431763,orbslam3_map,camera_color_optical_frame
1723528246.2825787,-3.1300461292266846,0.22061559557914734,3.386781930923462,-0.01661156862974167,-0.7922977805137634,0.04512679949402809,0.6082366704940796,orbslam3_map,camera_color_optical_frame
1723528246.3159144,-3.1373376846313477,0.22029906511306763,3.384387731552124,-0.016941465437412262,-0.7956859469413757,0.04578554630279541,0.6037389039993286,orbslam3_map,camera_color_optical_frame
1723528246.4159236,-3.1583735942840576,0.21959537267684937,3.3760595321655273,-0.017995722591876984,-0.8047844767570496,0.04837477579712868,0.5913189053535461,orbslam3_map,camera_color_optical_frame
1723528246.4825954,-3.173290491104126,0.22005920112133026,3.3708579540252686,-0.017824610695242882,-0.8113083839416504,0.05030607432126999,0.5821772217750549,orbslam3_map,camera_color_optical_frame
1723528246.515931,-3.180232048034668,0.22021131217479706,3.36747670173645,-0.01815764605998993,-0.8144526481628418,0.05075612664222717,0.5777206420898438,orbslam3_map,camera_color_optical_frame
1723528246.5826023,-3.1937780380249023,0.21998728811740875,3.3600616455078125,-0.018206484615802765,-0.8210136294364929,0.052241407334804535,0.5682216882705688,orbslam3_map,camera_color_optical_frame
1723528246.6492736,-3.2072834968566895,0.21976135671138763,3.3553781509399414,-0.018862558528780937,-0.8282582759857178,0.05482523515820503,0.5573390126228333,orbslam3_map,camera_color_optical_frame
1723528246.6826096,-3.2144224643707275,0.21874654293060303,3.3526687622070312,-0.020093880593776703,-0.8317307233810425,0.0559871606528759,0.5519834756851196,orbslam3_map,camera_color_optical_frame
1723528246.7492802,-3.2273306846618652,0.21800146996974945,3.3448753356933594,-0.02149989642202854,-0.8380489349365234,0.05798342823982239,0.5420790314674377,orbslam3_map,camera_color_optical_frame
1723528246.8492851,-3.245706796646118,0.2174401432275772,3.332550525665283,-0.02210957556962967,-0.8476662039756775,0.05856556072831154,0.5268237590789795,orbslam3_map,camera_color_optical_frame
1723528246.8826206,-3.2516777515411377,0.21795687079429626,3.3287858963012695,-0.020763492211699486,-0.8510968685150146,0.059262797236442566,0.5212397575378418,orbslam3_map,camera_color_optical_frame
1723528246.9492905,-3.263049602508545,0.21748359501361847,3.319335699081421,-0.02013254165649414,-0.8574938774108887,0.059704963117837906,0.5106214880943298,orbslam3_map,camera_color_optical_frame
1723528247.01596,-3.2745416164398193,0.21654537320137024,3.3107447624206543,0.019260717555880547,0.863784909248352,-0.05981741473078728,-0.4999265670776367,orbslam3_map,camera_color_optical_frame
1723528247.049294,-3.2805120944976807,0.21547465026378632,3.3062965869903564,0.018931182101368904,0.8669329881668091,-0.05965118855237961,-0.49448007345199585,orbslam3_map,camera_color_optical_frame
1723528247.1159627,-3.2895123958587646,0.21406127512454987,3.297469139099121,0.017421871423721313,0.8730339407920837,-0.05941636115312576,-0.48371273279190063,orbslam3_map,camera_color_optical_frame
1723528247.1826315,-3.2975494861602783,0.21393083035945892,3.2869036197662354,0.01459964457899332,0.8784622550010681,-0.059759821742773056,-0.47383514046669006,orbslam3_map,camera_color_optical_frame
1723528247.2826347,-3.313152551651001,0.2132035344839096,3.272611618041992,0.01286590751260519,0.8868715167045593,-0.06079564988613129,-0.4578179121017456,orbslam3_map,camera_color_optical_frame
1723528247.3493044,-3.3235976696014404,0.21187180280685425,3.263658046722412,0.013537490740418434,0.8922227025032043,-0.061582185328006744,-0.4471723139286041,orbslam3_map,camera_color_optical_frame
1723528247.3826387,-3.32771897315979,0.21128198504447937,3.2589967250823975,0.014020602218806744,0.8946149945259094,-0.06227346137166023,-0.44225502014160156,orbslam3_map,camera_color_optical_frame
1723528247.449308,-3.337924003601074,0.2099703699350357,3.248237133026123,0.014770148321986198,0.8994784951210022,-0.06269212067127228,-0.4321921765804291,orbslam3_map,camera_color_optical_frame
1723528247.5159764,-3.347353458404541,0.209230437874794,3.2390949726104736,0.015581268817186356,0.904380202293396,-0.06295602768659592,-0.4217703640460968,orbslam3_map,camera_color_optical_frame
1723528247.5493112,-3.3521132469177246,0.20962895452976227,3.2336106300354004,0.014874613843858242,0.9065654873847961,-0.06337233632802963,-0.41701534390449524,orbslam3_map,camera_color_optical_frame
1723528247.6159794,-3.3615505695343018,0.2087278813123703,3.2230241298675537,0.015527104958891869,0.9109634757041931,-0.06330908834934235,-0.4073038399219513,orbslam3_map,camera_color_optical_frame
1723528247.6826475,-3.369913339614868,0.20833581686019897,3.212406873703003,0.015309685841202736,0.9150910973548889,-0.06404943764209747,-0.3978337049484253,orbslam3_map,camera_color_optical_frame
1723528247.7493145,-3.3768160343170166,0.207675501704216,3.2019433975219727,0.014539524912834167,0.9191269874572754,-0.06463592499494553,-0.3883510231971741,orbslam3_map,camera_color_optical_frame
1723528247.8159816,-3.3848142623901367,0.20740091800689697,3.1919336318969727,0.01419841218739748,0.9233731627464294,-0.06520427763462067,-0.37805935740470886,orbslam3_map,camera_color_optical_frame
1723528247.8493147,-3.389878988265991,0.20625372231006622,3.186309337615967,0.015055269002914429,0.925392746925354,-0.06492335349321365,-0.37310412526130676,orbslam3_map,camera_color_optical_frame
1723528247.9159808,-3.3973939418792725,0.20565201342105865,3.175689935684204,0.014827246777713299,0.9290233850479126,-0.06540556252002716,-0.36389267444610596,orbslam3_map,camera_color_optical_frame
1723528247.982647,-3.4052438735961914,0.20497454702854156,3.164483070373535,0.014589710161089897,0.932396650314331,-0.06612255424261093,-0.35503727197647095,orbslam3_map,camera_color_optical_frame
1723528248.0159805,-3.409031629562378,0.20435690879821777,3.1594762802124023,0.014689113013446331,0.9341546297073364,-0.06568997353315353,-0.3504628539085388,orbslam3_map,camera_color_optical_frame
1723528248.0493126,-3.412621259689331,0.20363803207874298,3.154024362564087,0.014665535651147366,0.9357755780220032,-0.06587175279855728,-0.3460780382156372,orbslam3_map,camera_color_optical_frame
1723528248.1159778,-3.418867826461792,0.2030951827764511,3.143840789794922,0.01408964954316616,0.9390439391136169,-0.06618224084377289,-0.33707255125045776,orbslam3_map,camera_color_optical_frame
1723528248.1826427,-3.4257802963256836,0.20254848897457123,3.1331310272216797,0.013457566499710083,0.9421537518501282,-0.06623181700706482,-0.32829639315605164,orbslam3_map,camera_color_optical_frame
1723528248.2493072,-3.4325814247131348,0.2014172375202179,3.121696710586548,0.013531679287552834,0.944948136806488,-0.06624428927898407,-0.32015886902809143,orbslam3_map,camera_color_optical_frame
1723528248.3159878,-3.438835382461548,0.20081453025341034,3.1107771396636963,0.013316741213202477,0.9475947618484497,-0.06646338850259781,-0.31220099329948425,orbslam3_map,camera_color_optical_frame
1723528248.3826845,-3.445767641067505,0.2004561424255371,3.099837064743042,0.013237466104328632,0.9502716064453125,-0.06659379601478577,-0.30393072962760925,orbslam3_map,camera_color_optical_frame
1723528248.4493816,-3.451791763305664,0.19948413968086243,3.08856201171875,0.013399160467088223,0.9527414441108704,-0.06635501235723495,-0.29614388942718506,orbslam3_map,camera_color_optical_frame
1723528248.5160787,-3.458219051361084,0.19888482987880707,3.077775239944458,0.013673112727701664,0.9551957249641418,-0.06662338972091675,-0.28805458545684814,orbslam3_map,camera_color_optical_frame
1723528248.549428,-3.4606540203094482,0.1984357386827469,3.0719735622406006,0.01354231871664524,0.9562238454818726,-0.06640850007534027,-0.2846795618534088,orbslam3_map,camera_color_optical_frame
1723528248.6161253,-3.4664082527160645,0.1980704814195633,3.0613934993743896,0.013271553441882133,0.9583230018615723,-0.06698022037744522,-0.2774067521095276,orbslam3_map,camera_color_optical_frame
1723528248.6828232,-3.4722397327423096,0.1975201964378357,3.0500328540802,0.012658543884754181,0.9603421688079834,-0.06705168634653091,-0.2703455984592438,orbslam3_map,camera_color_optical_frame
1723528248.749521,-3.477262020111084,0.19623692333698273,3.038632392883301,0.012542114593088627,0.9623090624809265,-0.066375233232975,-0.2634357213973999,orbslam3_map,camera_color_optical_frame
1723528248.8162189,-3.481898546218872,0.19548869132995605,3.0275728702545166,0.012057444080710411,0.9641087651252747,-0.06651152670383453,-0.25675883889198303,orbslam3_map,camera_color_optical_frame
1723528248.8495677,-3.4846529960632324,0.19501370191574097,3.021972179412842,0.011709715239703655,0.965046763420105,-0.06626085191965103,-0.2532927095890045,orbslam3_map,camera_color_optical_frame
1723528248.8829172,-3.4875903129577637,0.19499999284744263,3.0159552097320557,0.011026340536773205,0.965857207775116,-0.06645764410495758,-0.250163197517395,orbslam3_map,camera_color_optical_frame
1723528248.9496157,-3.492131233215332,0.19412901997566223,3.004880905151367,0.011036829091608524,0.9675086736679077,-0.0664246678352356,-0.2437065988779068,orbslam3_map,camera_color_optical_frame
1723528248.9829643,-3.4949440956115723,0.1933841109275818,2.999267816543579,0.0113751832395792,0.9684220552444458,-0.06621179729700089,-0.24009446799755096,orbslam3_map,camera_color_optical_frame
1723528249.049663,-3.500098943710327,0.1926390677690506,2.986973285675049,0.011472027748823166,0.9700931906700134,-0.06595434248447418,-0.23331880569458008,orbslam3_map,camera_color_optical_frame
1723528249.116362,-3.5048320293426514,0.19187241792678833,2.9753942489624023,0.011457572691142559,0.9716301560401917,-0.06616267561912537,-0.22677311301231384,orbslam3_map,camera_color_optical_frame
1723528249.183061,-3.5094234943389893,0.190597802400589,2.964451313018799,0.012070050463080406,0.9731205701828003,-0.06646715104579926,-0.22016541659832,orbslam3_map,camera_color_optical_frame
1723528249.216411,-3.5111799240112305,0.19034072756767273,2.9588871002197266,0.01241709478199482,0.9738220572471619,-0.06670856475830078,-0.21694792807102203,orbslam3_map,camera_color_optical_frame
1723528249.2831106,-3.515404224395752,0.18967127799987793,2.946786642074585,0.012141541577875614,0.9752294421195984,-0.06747857481241226,-0.21030177175998688,orbslam3_map,camera_color_optical_frame
1723528249.3498132,-3.5193464756011963,0.18886211514472961,2.9352715015411377,0.011743062175810337,0.9766646027565002,-0.0680532157421112,-0.20336461067199707,orbslam3_map,camera_color_optical_frame
1723528249.383164,-3.521543264389038,0.18838588893413544,2.9289658069610596,0.011858985759317875,0.9773738384246826,-0.06825362890958786,-0.19985312223434448,orbslam3_map,camera_color_optical_frame
1723528249.449867,-3.525273084640503,0.1876044124364853,2.917163610458374,0.011909758672118187,0.9787209033966064,-0.06861857324838638,-0.19301602244377136,orbslam3_map,camera_color_optical_frame
1723528249.5165699,-3.528749704360962,0.18689332902431488,2.905841588973999,0.012096745893359184,0.979965090751648,-0.06886131316423416,-0.18649446964263916,orbslam3_map,camera_color_optical_frame
1723528249.5832727,-3.532317876815796,0.18599408864974976,2.8939242362976074,0.012177133932709694,0.9812020659446716,-0.06888983398675919,-0.17985698580741882,orbslam3_map,camera_color_optical_frame
1723528249.6499758,-3.5358572006225586,0.1851387470960617,2.8812973499298096,0.011992632411420345,0.9824243783950806,-0.06888207793235779,-0.17307190597057343,orbslam3_map,camera_color_optical_frame
1723528249.7166789,-3.539231300354004,0.18435002863407135,2.8689937591552734,0.011834529228508472,0.9835855960845947,-0.06930558383464813,-0.16618113219738007,orbslam3_map,camera_color_optical_frame
1723528249.783382,-3.542095422744751,0.18323545157909393,2.8563966751098633,0.011010106652975082,0.9847356677055359,-0.06925007700920105,-0.15930747985839844,orbslam3_map,camera_color_optical_frame
1723528249.8500855,-3.5450100898742676,0.18213489651679993,2.8439245223999023,0.010622460395097733,0.9858179688453674,-0.06911362707614899,-0.1525561809539795,orbslam3_map,camera_color_optical_frame
1723528249.9167888,-3.547996759414673,0.1809665709733963,2.8306221961975098,0.010160204954445362,0.9867767095565796,-0.06924866884946823,-0.146195650100708,orbslam3_map,camera_color_optical_frame
1723528249.9501407,-3.5488662719726562,0.18058620393276215,2.8244223594665527,0.009842374362051487,0.9872191548347473,-0.06918241828680038,-0.1432316154241562,orbslam3_map,camera_color_optical_frame
1723528250.0168445,-3.551976442337036,0.17948710918426514,2.81197190284729,0.009398255497217178,0.9880659580230713,-0.06969211995601654,-0.1370413601398468,orbslam3_map,camera_color_optical_frame
1723528250.083548,-3.554455280303955,0.17861080169677734,2.799252986907959,0.008943764492869377,0.9888809323310852,-0.0699007585644722,-0.1309523582458496,orbslam3_map,camera_color_optical_frame
1723528250.1168993,-3.5551204681396484,0.17793740332126617,2.7928035259246826,0.008597408421337605,0.9892539978027344,-0.06990344822406769,-0.12812547385692596,orbslam3_map,camera_color_optical_frame
1723528250.1502516,-3.5568127632141113,0.17767378687858582,2.786393165588379,0.008478024043142796,0.9896308183670044,-0.07002747803926468,-0.12512068450450897,orbslam3_map,camera_color_optical_frame
1723528250.2169552,-3.5591564178466797,0.17615827918052673,2.773566961288452,0.008176366798579693,0.9903005957603455,-0.06987542659044266,-0.11981382220983505,orbslam3_map,camera_color_optical_frame
1723528250.2503068,-3.5593035221099854,0.17596419155597687,2.7658417224884033,0.0076998514123260975,0.9905669689178467,-0.06976024806499481,-0.11769179999828339,orbslam3_map,camera_color_optical_frame
1723528250.316994,-3.5616953372955322,0.17494432628154755,2.753303289413452,0.00727052753791213,0.9911175966262817,-0.06981967389583588,-0.11295247077941895,orbslam3_map,camera_color_optical_frame
1723528250.3836641,-3.564730167388916,0.1736934632062912,2.7405056953430176,0.006926007103174925,0.9916409850120544,-0.06983698159456253,-0.10827282071113586,orbslam3_map,camera_color_optical_frame
1723528250.4169996,-3.565598726272583,0.17347005009651184,2.7341084480285645,0.006580431014299393,0.9918642640113831,-0.06982263922691345,-0.10623924434185028,orbslam3_map,camera_color_optical_frame
1723528250.483669,-3.5683135986328125,0.1720668077468872,2.720858573913574,0.006306922063231468,0.9923052787780762,-0.06970402598381042,-0.10213655233383179,orbslam3_map,camera_color_optical_frame
1723528250.5503383,-3.570573329925537,0.17129072546958923,2.7079105377197266,0.006263235118240118,0.9926612377166748,-0.06983993947505951,-0.09852349758148193,orbslam3_map,camera_color_optical_frame
1723528250.6170073,-3.5727908611297607,0.16997124254703522,2.695164680480957,0.006483600940555334,0.9929657578468323,-0.06989084184169769,-0.09535372257232666,orbslam3_map,camera_color_optical_frame
1723528250.7170093,-3.5761609077453613,0.16851568222045898,2.6753251552581787,0.00636244798079133,0.9933340549468994,-0.06996361166238785,-0.09138993173837662,orbslam3_map,camera_color_optical_frame
1723528250.7836769,-3.5786452293395996,0.16767311096191406,2.661367177963257,0.00607655942440033,0.9935658574104309,-0.0696011483669281,-0.08913823962211609,orbslam3_map,camera_color_optical_frame
1723528250.8503444,-3.5809898376464844,0.16670742630958557,2.6477975845336914,0.0056733363308012486,0.9937546253204346,-0.06903350353240967,-0.08748718351125717,orbslam3_map,camera_color_optical_frame
1723528250.8836784,-3.5817394256591797,0.16605649888515472,2.6409285068511963,0.00535051804035902,0.9938133955001831,-0.06883147358894348,-0.08699756115674973,orbslam3_map,camera_color_optical_frame
1723528250.9503453,-3.5838522911071777,0.16495805978775024,2.627772092819214,0.004938115831464529,0.9939417839050293,-0.06853052973747253,-0.08578429371118546,orbslam3_map,camera_color_optical_frame
1723528250.9836779,-3.585143566131592,0.16434021294116974,2.6206812858581543,0.005112570710480213,0.9940193891525269,-0.0684187039732933,-0.08495986461639404,orbslam3_map,camera_color_optical_frame
1723528251.050344,-3.587339401245117,0.16329129040241241,2.608067750930786,0.005390089005231857,0.9941402077674866,-0.06853339821100235,-0.08342311531305313,orbslam3_map,camera_color_optical_frame
1723528251.1170096,-3.5894112586975098,0.16253122687339783,2.5947983264923096,0.005698719061911106,0.994184672832489,-0.06942836195230484,-0.08212273567914963,orbslam3_map,camera_color_optical_frame
1723528251.1836753,-3.5921413898468018,0.1612974852323532,2.581510066986084,0.006288114935159683,0.994272768497467,-0.0696285292506218,-0.08083349466323853,orbslam3_map,camera_color_optical_frame
1723528251.2170084,-3.59332275390625,0.16083736717700958,2.5749075412750244,0.006726240739226341,0.9943428635597229,-0.06941957771778107,-0.08011193573474884,orbslam3_map,camera_color_optical_frame
1723528251.2836733,-3.5956625938415527,0.15983378887176514,2.5601067543029785,0.006618575192987919,0.9944787621498108,-0.06909557431936264,-0.0787021815776825,orbslam3_map,camera_color_optical_frame
1723528251.3170145,-3.5967228412628174,0.15922994911670685,2.55349063873291,0.00652687530964613,0.9945746064186096,-0.06862328946590424,-0.07790776342153549,orbslam3_map,camera_color_optical_frame
1723528251.3836977,-3.598721504211426,0.1581074744462967,2.5391428470611572,0.006154175847768784,0.9947254061698914,-0.06797514110803604,-0.07656935602426529,orbslam3_map,camera_color_optical_frame
1723528251.4170396,-3.5997650623321533,0.15751004219055176,2.5326833724975586,0.006034784018993378,0.9947957396507263,-0.06763674318790436,-0.07596252858638763,orbslam3_map,camera_color_optical_frame
1723528251.4837227,-3.601853370666504,0.1564667969942093,2.5184743404388428,0.005782035179436207,0.9949184656143188,-0.06719942390918732,-0.07475366443395615,orbslam3_map,camera_color_optical_frame
1723528251.5170634,-3.6031503677368164,0.1560312658548355,2.511820077896118,0.005691860802471638,0.9949820041656494,-0.06703916192054749,-0.0740552544593811,orbslam3_map,camera_color_optical_frame
1723528251.583746,-3.604688882827759,0.15499547123908997,2.496933937072754,0.005685333628207445,0.9951017498970032,-0.06669313460588455,-0.07274752110242844,orbslam3_map,camera_color_optical_frame
1723528251.6504285,-3.6069185733795166,0.1539439558982849,2.482757568359375,0.0055653974413871765,0.9952179193496704,-0.06637053936719894,-0.0714510828256607,orbslam3_map,camera_color_optical_frame
1723528251.7171109,-3.6088931560516357,0.15280023217201233,2.468623161315918,0.005107935518026352,0.9953051805496216,-0.0661744624376297,-0.07044485211372375,orbslam3_map,camera_color_optical_frame
1723528251.7504523,-3.6104235649108887,0.15226556360721588,2.46181058883667,0.005006006918847561,0.9953300952911377,-0.06626691669225693,-0.07001155614852905,orbslam3_map,camera_color_optical_frame
1723528251.8171341,-3.6125550270080566,0.1511690467596054,2.44709849357605,0.004730633459985256,0.9953738451004028,-0.066249780356884,-0.06942323595285416,orbslam3_map,camera_color_optical_frame
1723528251.8504746,-3.6133086681365967,0.15090547502040863,2.44016432762146,0.004365101922303438,0.995379626750946,-0.06633532047271729,-0.06928176432847977,orbslam3_map,camera_color_optical_frame
1723528251.8838158,-3.614352226257324,0.1502336710691452,2.433210849761963,0.004220094531774521,0.9953943490982056,-0.06637606024742126,-0.0690397173166275,orbslam3_map,camera_color_optical_frame
1723528251.9504972,-3.6162173748016357,0.14946813881397247,2.4184069633483887,0.0038274270482361317,0.9954187870025635,-0.06650236248970032,-0.06858722865581512,orbslam3_map,camera_color_optical_frame
1723528252.0171788,-3.618624687194824,0.14814399182796478,2.403724193572998,0.00391286751255393,0.9954696893692017,-0.06614845246076584,-0.06818495690822601,orbslam3_map,camera_color_optical_frame
1723528252.0838597,-3.6209330558776855,0.1467437893152237,2.388495445251465,0.004026694688946009,0.9955431222915649,-0.06540986150503159,-0.06781794875860214,orbslam3_map,camera_color_optical_frame
1723528252.1505406,-3.6232733726501465,0.1455112248659134,2.3734495639801025,0.004015324171632528,0.9956238269805908,-0.06454060971736908,-0.06746601313352585,orbslam3_map,camera_color_optical_frame
1723528252.2172213,-3.625502347946167,0.14438815414905548,2.358795166015625,0.004121602978557348,0.9956384897232056,-0.06451854854822159,-0.0672638937830925,orbslam3_map,camera_color_optical_frame
1723528252.250561,-3.6268904209136963,0.1439676135778427,2.351026773452759,0.004157571587711573,0.9956300258636475,-0.06472205370664597,-0.06719157844781876,orbslam3_map,camera_color_optical_frame
1723528252.3172452,-3.629115104675293,0.14314980804920197,2.336632490158081,0.0037846833001822233,0.9956264495849609,-0.06489846855401993,-0.06709612905979156,orbslam3_map,camera_color_optical_frame
1723528252.383933,-3.6312766075134277,0.14213934540748596,2.321469306945801,0.003421613946557045,0.9956438541412354,-0.06494006514549255,-0.06681595742702484,orbslam3_map,camera_color_optical_frame
1723528252.4172776,-3.6324169635772705,0.14176245033740997,2.3141446113586426,0.0031086213421076536,0.9956473112106323,-0.06504520028829575,-0.06667803972959518,orbslam3_map,camera_color_optical_frame
1723528252.4839652,-3.63444185256958,0.14071598649024963,2.2991549968719482,0.002971741370856762,0.9956722855567932,-0.06500944495201111,-0.06634521484375,orbslam3_map,camera_color_optical_frame
1723528252.5839956,-3.6376852989196777,0.138957679271698,2.2769582271575928,0.002941578859463334,0.9957051277160645,-0.0649026483297348,-0.06595730036497116,orbslam3_map,camera_color_optical_frame
1723528252.650683,-3.6404147148132324,0.13802790641784668,2.261125087738037,0.0030194735154509544,0.9957493543624878,-0.06462680548429489,-0.06555585563182831,orbslam3_map,camera_color_optical_frame
1723528252.7173698,-3.642228126525879,0.13709323108196259,2.2448525428771973,0.002565513364970684,0.9957777857780457,-0.06482681632041931,-0.06494220346212387,orbslam3_map,camera_color_optical_frame
1723528252.7507138,-3.643359661102295,0.13648442924022675,2.2370405197143555,0.0023582917638123035,0.99582839012146,-0.0644289180636406,-0.06456934660673141,orbslam3_map,camera_color_optical_frame
1723528252.8174007,-3.645707368850708,0.1354629248380661,2.2214455604553223,0.0022212949115782976,0.9958835244178772,-0.06428124010562897,-0.06386741995811462,orbslam3_map,camera_color_optical_frame
1723528252.884087,-3.6472702026367188,0.13431672751903534,2.2063114643096924,0.00206382037140429,0.9959077835083008,-0.06432349234819412,-0.0634506568312645,orbslam3_map,camera_color_optical_frame
1723528252.9507737,-3.6492881774902344,0.13307426869869232,2.1908607482910156,0.001965614967048168,0.9959469437599182,-0.06406325846910477,-0.06310150027275085,orbslam3_map,camera_color_optical_frame
1723528252.984116,-3.65041446685791,0.13271641731262207,2.182894706726074,0.0017652589594945312,0.9959665536880493,-0.06404060870409012,-0.06281959265470505,orbslam3_map,camera_color_optical_frame
1723528253.0508025,-3.6527340412139893,0.13144266605377197,2.166839599609375,0.0015398465329781175,0.996038019657135,-0.06363071501255035,-0.06210486963391304,orbslam3_map,camera_color_optical_frame
1723528253.1174884,-3.6550981998443604,0.13047721982002258,2.1497106552124023,0.0011934998910874128,0.9960936307907104,-0.06348676979541779,-0.061363715678453445,orbslam3_map,camera_color_optical_frame
1723528253.150832,-3.6559062004089355,0.12994113564491272,2.1419601440429688,0.0011727038072422147,0.9961115717887878,-0.06340938806533813,-0.061152707785367966,orbslam3_map,camera_color_optical_frame
1723528253.2175179,-3.6577672958374023,0.12870949506759644,2.126324415206909,0.0012107813963666558,0.9961389303207397,-0.06340581178665161,-0.06070811673998833,orbslam3_map,camera_color_optical_frame
1723528253.2842033,-3.6604084968566895,0.12783770263195038,2.1093738079071045,0.0013655031798407435,0.996178388595581,-0.06336751580238342,-0.060094255954027176,orbslam3_map,camera_color_optical_frame
1723528253.350884,-3.6622867584228516,0.1268327683210373,2.0947232246398926,0.0013849574606865644,0.9961997866630554,-0.06364577263593674,-0.05944167822599411,orbslam3_map,camera_color_optical_frame
1723528253.4175644,-3.6641998291015625,0.12542302906513214,2.0789191722869873,0.001270823529921472,0.9962543249130249,-0.06354572623968124,-0.05863247439265251,orbslam3_map,camera_color_optical_frame
1723528253.450904,-3.665320634841919,0.1250423640012741,2.070683717727661,0.001361129921860993,0.9962590932846069,-0.06394346058368683,-0.05811365693807602,orbslam3_map,camera_color_optical_frame
1723528253.5175838,-3.6672048568725586,0.12378522008657455,2.055379629135132,0.0015882623847573996,0.9963110685348511,-0.06387244910001755,-0.057289715856313705,orbslam3_map,camera_color_optical_frame
1723528253.5509245,-3.668400526046753,0.1232495903968811,2.0451786518096924,0.0013617975637316704,0.9963098168373108,-0.06429189443588257,-0.05684656277298927,orbslam3_map,camera_color_optical_frame
1723528253.6176043,-3.6705541610717773,0.12214706093072891,2.0290167331695557,0.0013492865255102515,0.9963422417640686,-0.06466580182313919,-0.05584532767534256,orbslam3_map,camera_color_optical_frame
1723528253.684284,-3.672494411468506,0.12112303078174591,2.012763023376465,0.001133706304244697,0.9963933825492859,-0.0648409053683281,-0.05472289025783539,orbslam3_map,camera_color_optical_frame
1723528253.717623,-3.6730551719665527,0.12078749388456345,2.004971981048584,0.0011121663264930248,0.9964308738708496,-0.0647888109087944,-0.054098546504974365,orbslam3_map,camera_color_optical_frame
1723528253.8176425,-3.6758077144622803,0.11918960511684418,1.980519413948059,0.0006847978220321238,0.9965099096298218,-0.06493690609931946,-0.05244815722107887,orbslam3_map,camera_color_optical_frame
1723528253.8843215,-3.6772243976593018,0.11812874674797058,1.964658260345459,0.0002204935735790059,0.9965748190879822,-0.06475931406021118,-0.051429156213998795,orbslam3_map,camera_color_optical_frame
1723528253.9510002,-3.679110288619995,0.11707848310470581,1.9482184648513794,3.6126861232332885e-05,0.996605634689331,-0.06509073078632355,-0.05040305107831955,orbslam3_map,camera_color_optical_frame
1723528254.0176787,-3.6804959774017334,0.11566819250583649,1.9305683374404907,-6.786666926927865e-05,0.9966562986373901,-0.06505721807479858,-0.049434296786785126,orbslam3_map,camera_color_optical_frame
1723528254.084357,-3.682507038116455,0.11457609385251999,1.914334774017334,-0.0003547362284734845,0.9967156648635864,-0.06498578190803528,-0.04831783100962639,orbslam3_map,camera_color_optical_frame
1723528254.1510353,-3.683781623840332,0.11339215934276581,1.8977521657943726,-0.0005417981883510947,0.9967877864837646,-0.06479963660240173,-0.047062408179044724,orbslam3_map,camera_color_optical_frame
1723528254.1843736,-3.6843221187591553,0.11295726150274277,1.888123869895935,-0.0005008121952414513,0.9968218803405762,-0.06472135335206985,-0.046444762498140335,orbslam3_map,camera_color_optical_frame
1723528254.2510517,-3.686295747756958,0.11141841858625412,1.8714851140975952,-0.0002030570467468351,0.9968910217285156,-0.06449300795793533,-0.04526499658823013,orbslam3_map,camera_color_optical_frame
1723528254.3177474,-3.687859296798706,0.11018114537000656,1.8547372817993164,-6.621838110731915e-05,0.9969188570976257,-0.06477748602628708,-0.04423508793115616,orbslam3_map,camera_color_optical_frame
1723528254.3511043,-3.6886065006256104,0.10992783308029175,1.8461142778396606,-0.0002146376355085522,0.9969452619552612,-0.06477378308773041,-0.043639540672302246,orbslam3_map,camera_color_optical_frame
1723528254.3844604,-3.689082622528076,0.10900527238845825,1.8395932912826538,-0.0003035100526176393,0.9969823360443115,-0.06460849195718765,-0.0430339053273201,orbslam3_map,camera_color_optical_frame
1723528254.4511738,-3.691185474395752,0.10696881264448166,1.8209741115570068,-0.00036846159491688013,0.9970721006393433,-0.06412253528833389,-0.04165857657790184,orbslam3_map,camera_color_optical_frame
1723528254.484531,-3.69181489944458,0.10698780417442322,1.8120815753936768,-0.00027070147916674614,0.9970709681510925,-0.06440774351358414,-0.04124359041452408,orbslam3_map,camera_color_optical_frame
1723528254.5512445,-3.6934854984283447,0.10586149245500565,1.7954407930374146,-2.403547659923788e-05,0.9971221089363098,-0.06430155038833618,-0.04015980660915375,orbslam3_map,camera_color_optical_frame
1723528254.6179583,-3.6952736377716064,0.10424019396305084,1.7778863906860352,0.00022214108321350068,0.997167706489563,-0.06428506970405579,-0.039036985486745834,orbslam3_map,camera_color_optical_frame
1723528254.6513147,-3.6955976486206055,0.10370597243309021,1.7695029973983765,0.0001568497100379318,0.9971782565116882,-0.06435409933328629,-0.038653627038002014,orbslam3_map,camera_color_optical_frame
1723528254.7180283,-3.6975510120391846,0.10243409126996994,1.7528589963912964,-0.00010781425226014107,0.9971932172775269,-0.06486574560403824,-0.03739292547106743,orbslam3_map,camera_color_optical_frame
1723528254.751386,-3.697406053543091,0.10208188742399216,1.7449426651000977,-0.0003884043253492564,0.9971988797187805,-0.06508318334817886,-0.03685743361711502,orbslam3_map,camera_color_optical_frame
1723528254.8180997,-3.6985716819763184,0.10085022449493408,1.7279932498931885,-0.0004467198741622269,0.9972119927406311,-0.0654853954911232,-0.03577396646142006,orbslam3_map,camera_color_optical_frame
1723528254.884814,-3.700650453567505,0.09929758310317993,1.710813283920288,-0.0004519917711149901,0.9972296357154846,-0.06582436710596085,-0.034640874713659286,orbslam3_map,camera_color_optical_frame
1723528254.9515283,-3.701270580291748,0.09853526204824448,1.6930121183395386,-0.0010424006031826138,0.9972746968269348,-0.0656222328543663,-0.03370128571987152,orbslam3_map,camera_color_optical_frame
1723528255.0182426,-3.702510118484497,0.09711094945669174,1.675734043121338,-0.0007923167431727052,0.9973302483558655,-0.06535479426383972,-0.03256465867161751,orbslam3_map,camera_color_optical_frame
1723528255.084957,-3.704117774963379,0.09593663364648819,1.657848596572876,-0.0006878561107441783,0.9973949790000916,-0.06490759551525116,-0.031462062150239944,orbslam3_map,camera_color_optical_frame
1723528255.1516716,-3.705369472503662,0.09433013200759888,1.6404234170913696,-0.0005198403960093856,0.9974560141563416,-0.06439878791570663,-0.030563363805413246,orbslam3_map,camera_color_optical_frame
1723528255.1850286,-3.706510543823242,0.09418106079101562,1.6291972398757935,-0.00044767840881831944,0.9974698424339294,-0.0644271969795227,-0.030048003420233727,orbslam3_map,camera_color_optical_frame
1723528255.285101,-3.708120346069336,0.09184231609106064,1.6023550033569336,-0.0003999041800852865,0.9975408911705017,-0.0640358030796051,-0.02848583273589611,orbslam3_map,camera_color_optical_frame
1723528255.318445,-3.7083840370178223,0.09112333506345749,1.5938303470611572,-0.00034980676718987525,0.9975568652153015,-0.0639980360865593,-0.02800959348678589,orbslam3_map,camera_color_optical_frame
1723528255.3851373,-3.7098729610443115,0.09003511816263199,1.5753992795944214,-0.0002849104639608413,0.9976028203964233,-0.06375433504581451,-0.02690749615430832,orbslam3_map,camera_color_optical_frame
1723528255.418484,-3.709869861602783,0.08954501152038574,1.5669978857040405,-0.0003747719747480005,0.9976237416267395,-0.0635606199502945,-0.02658456563949585,orbslam3_map,camera_color_optical_frame
1723528255.4851766,-3.7127397060394287,0.08864857256412506,1.547983169555664,-0.00033833307679742575,0.9976558089256287,-0.06348661333322525,-0.025539787486195564,orbslam3_map,camera_color_optical_frame
1723528255.5185223,-3.7119193077087402,0.08770300447940826,1.540334701538086,-0.00014281658513937145,0.9976975917816162,-0.06292327493429184,-0.025302736088633537,orbslam3_map,camera_color_optical_frame
1723528255.551869,-3.7126336097717285,0.08715343475341797,1.531075119972229,-0.0001692103105597198,0.9977068901062012,-0.06291208416223526,-0.024961071088910103,orbslam3_map,camera_color_optical_frame
1723528255.5852146,-3.712956666946411,0.08646412193775177,1.5223735570907593,-0.00022249529138207436,0.9977526664733887,-0.06238390505313873,-0.0244502741843462,orbslam3_map,camera_color_optical_frame
1723528255.6519067,-3.7144699096679688,0.08504873514175415,1.5034877061843872,-0.00024427921744063497,0.9978142380714417,-0.06184040755033493,-0.02329125627875328,orbslam3_map,camera_color_optical_frame
1723528255.6852534,-3.7144179344177246,0.08446379005908966,1.4946342706680298,-0.00031579870847053826,0.9978553652763367,-0.061336699873209,-0.02285659685730934,orbslam3_map,camera_color_optical_frame
1723528255.7519455,-3.7151551246643066,0.08315081894397736,1.4761348962783813,-0.0006797098903916776,0.9978651404380798,-0.06151735037565231,-0.02191820740699768,orbslam3_map,camera_color_optical_frame
1723528255.8186376,-3.7162880897521973,0.08216792345046997,1.458351969718933,-0.0007499841158278286,0.9978591203689575,-0.06187119334936142,-0.02117960713803768,orbslam3_map,camera_color_optical_frame
1723528255.851983,-3.7166712284088135,0.08113905042409897,1.4474003314971924,-0.0008551303762942553,0.997847855091095,-0.062196943908929825,-0.02074693702161312,orbslam3_map,camera_color_optical_frame
1723528255.918675,-3.717932939529419,0.07992949336767197,1.4284297227859497,-0.0011344138765707612,0.9978700876235962,-0.06213373318314552,-0.019835874438285828,orbslam3_map,camera_color_optical_frame
1723528256.0187132,-3.7192912101745605,0.07776052504777908,1.4006677865982056,-0.0006968338275328279,0.9979220628738403,-0.06169093772768974,-0.01858558878302574,orbslam3_map,camera_color_optical_frame
1723528256.0520587,-3.719493865966797,0.07751518487930298,1.391114592552185,-0.0005663977935910225,0.9979362487792969,-0.061571456491947174,-0.018218833953142166,orbslam3_map,camera_color_optical_frame
1723528256.1187503,-3.7204556465148926,0.07642466574907303,1.373108983039856,-0.0005344825913198292,0.9979490637779236,-0.061581775546073914,-0.01746593415737152,orbslam3_map,camera_color_optical_frame
1723528256.2187886,-3.72170090675354,0.07472500950098038,1.3452863693237305,-0.0005168309435248375,0.997968316078186,-0.06160803511738777,-0.016232023015618324,orbslam3_map,camera_color_optical_frame
1723528256.28548,-3.722395420074463,0.07354859262704849,1.3258225917816162,-0.0008925577276386321,0.9979779124259949,-0.061662107706069946,-0.015397893264889717,orbslam3_map,camera_color_optical_frame
1723528256.3521683,-3.7239344120025635,0.0723489373922348,1.3072859048843384,-0.0010282000293955207,0.9980188608169556,-0.06123366206884384,-0.014413670636713505,orbslam3_map,camera_color_optical_frame
1723528256.3855104,-3.7234532833099365,0.07169900089502335,1.2982319593429565,-0.0013124387478455901,0.9980205297470093,-0.06122050806879997,-0.014328757300972939,orbslam3_map,camera_color_optical_frame
1723528256.4521956,-3.7238337993621826,0.07068371772766113,1.2794767618179321,-0.002132983645424247,0.9980400204658508,-0.060997072607278824,-0.013822131790220737,orbslam3_map,camera_color_optical_frame
1723528256.5188808,-3.724997043609619,0.06916645914316177,1.2595698833465576,-0.0021784910932183266,0.998052179813385,-0.06090014427900314,-0.01335135381668806,orbslam3_map,camera_color_optical_frame
1723528256.5522242,-3.725137233734131,0.06848039478063583,1.2499725818634033,-0.0023639893624931574,0.9980559349060059,-0.06085076183080673,-0.013264206238090992,orbslam3_map,camera_color_optical_frame
1723528256.6189091,-3.724996566772461,0.06736527383327484,1.2287572622299194,-0.0027927872724831104,0.9980568289756775,-0.06082535907626152,-0.013231940567493439,orbslam3_map,camera_color_optical_frame
1723528256.685594,-3.7261359691619873,0.06624346226453781,1.2092344760894775,-0.0027705556713044643,0.9980663657188416,-0.06069156154990196,-0.0131294596940279,orbslam3_map,camera_color_optical_frame
1723528256.752279,-3.7269091606140137,0.06496329605579376,1.1894375085830688,-0.0028579742647707462,0.9980806112289429,-0.060434985905885696,-0.013209741562604904,orbslam3_map,camera_color_optical_frame
1723528256.8189638,-3.7288191318511963,0.06349977850914001,1.1666812896728516,-0.003151815850287676,0.998073935508728,-0.060516126453876495,-0.013278395868837833,orbslam3_map,camera_color_optical_frame
1723528256.885649,-3.7302489280700684,0.06231588497757912,1.1466293334960938,-0.0031559597700834274,0.9981036186218262,-0.05995503067970276,-0.013587680645287037,orbslam3_map,camera_color_optical_frame
1723528256.9189906,-3.7304563522338867,0.06178617477416992,1.1370811462402344,-0.0033392533659934998,0.9980959892272949,-0.05998995155096054,-0.01394679956138134,orbslam3_map,camera_color_optical_frame
1723528256.9856756,-3.7311458587646484,0.0605393685400486,1.1168301105499268,-0.0033709718845784664,0.9981146454811096,-0.05954350531101227,-0.014502671547234058,orbslam3_map,camera_color_optical_frame
1723528257.0190182,-3.7320632934570312,0.059956420212984085,1.106450080871582,-0.0031471250113099813,0.9981241226196289,-0.0593535415828228,-0.014679809100925922,orbslam3_map,camera_color_optical_frame
1723528257.085703,-3.7330594062805176,0.058717500418424606,1.0864293575286865,-0.0035238091368228197,0.9981316924095154,-0.05908400937914848,-0.015160285867750645,orbslam3_map,camera_color_optical_frame
1723528257.1523874,-3.7328877449035645,0.057712122797966,1.0666981935501099,-0.0038603595457971096,0.9981276988983154,-0.0589243583381176,-0.01594061218202114,orbslam3_map,camera_color_optical_frame
1723528257.1857293,-3.7337265014648438,0.05674781650304794,1.0564054250717163,-0.003729196498170495,0.9981518983840942,-0.058488331735134125,-0.016064157709479332,orbslam3_map,camera_color_optical_frame
1723528257.2524137,-3.7355501651763916,0.055864445865154266,1.0350537300109863,-0.0036352514289319515,0.9981604218482971,-0.05824389308691025,-0.01643969677388668,orbslam3_map,camera_color_optical_frame
1723528257.2857566,-3.7355103492736816,0.055191319435834885,1.0257463455200195,-0.0038111924659460783,0.9981674551963806,-0.05796613171696663,-0.01694769412279129,orbslam3_map,camera_color_optical_frame
1723528257.352438,-3.736191749572754,0.05388360098004341,1.0025933980941772,-0.00399423623457551,0.9981940984725952,-0.05736686661839485,-0.017368832603096962,orbslam3_map,camera_color_optical_frame
1723528257.419116,-3.7376275062561035,0.0523323155939579,0.9815707802772522,-0.004112823400646448,0.9981919527053833,-0.05729706212878227,-0.017690209671854973,orbslam3_map,camera_color_optical_frame
1723528257.4857936,-3.738115072250366,0.05142707750201225,0.9613446593284607,-0.004285092931240797,0.9981828927993774,-0.05724103003740311,-0.01833179220557213,orbslam3_map,camera_color_optical_frame
1723528257.5524712,-3.739288806915283,0.04992660507559776,0.9402748346328735,-0.004605675581842661,0.9981923699378967,-0.056886814534664154,-0.018833767622709274,orbslam3_map,camera_color_optical_frame
1723528257.5858095,-3.7403180599212646,0.0491839274764061,0.9295517802238464,-0.004557107109576464,0.9981883764266968,-0.05689769238233566,-0.019023874774575233,orbslam3_map,camera_color_optical_frame
1723528257.6524868,-3.740971803665161,0.04763743281364441,0.9080238342285156,-0.004762647673487663,0.9981892108917236,-0.056671690195798874,-0.019593561068177223,orbslam3_map,camera_color_optical_frame
1723528257.7191637,-3.7422330379486084,0.046793486922979355,0.8871279358863831,-0.00495624914765358,0.9981720447540283,-0.056805919855833054,-0.020029142498970032,orbslam3_map,camera_color_optical_frame
1723528257.7858405,-3.744448184967041,0.04558682069182396,0.8656983375549316,-0.004319192375987768,0.9981459975242615,-0.05721040442585945,-0.02032066509127617,orbslam3_map,camera_color_optical_frame
1723528257.8191793,-3.7455661296844482,0.044863510876894,0.8548286557197571,-0.004341545980423689,0.9981300234794617,-0.05737742781639099,-0.020625358447432518,orbslam3_map,camera_color_optical_frame
1723528257.885856,-3.7467570304870605,0.042815808206796646,0.8344213366508484,-0.0037137067411094904,0.9980923533439636,-0.05786504969000816,-0.021201301366090775,orbslam3_map,camera_color_optical_frame
1723528257.9191935,-3.7470037937164307,0.04273897036910057,0.8242934346199036,-0.003932765685021877,0.9980562329292297,-0.0583193264901638,-0.0216145608574152,orbslam3_map,camera_color_optical_frame
1723528257.98587,-3.746151924133301,0.040693823248147964,0.7720615863800049,-0.0037677609361708164,0.9980199933052063,-0.05891568213701248,-0.02169766277074814,orbslam3_map,camera_color_optical_frame
1723528258.0525458,-3.7470345497131348,0.04048125073313713,0.7577816247940063,-0.00404673395678401,0.9979756474494934,-0.05931214988231659,-0.022589698433876038,orbslam3_map,camera_color_optical_frame
1723528258.0858843,-3.747882843017578,0.040313299745321274,0.7482191920280457,-0.004351756069809198,0.9979508519172668,-0.0596127063035965,-0.02283691242337227,orbslam3_map,camera_color_optical_frame
1723528258.15256,-3.7487001419067383,0.03866732120513916,0.7297588586807251,-0.00461070891469717,0.9979081153869629,-0.05998532846570015,-0.023663002997636795,orbslam3_map,camera_color_optical_frame
1723528258.185897,-3.7495334148406982,0.03764878958463669,0.7213307023048401,-0.004583350848406553,0.9978916645050049,-0.06019699573516846,-0.02382311411201954,orbslam3_map,camera_color_optical_frame
1723528258.2525725,-3.750351905822754,0.0362250953912735,0.7025319337844849,-0.004952786024659872,0.9978454113006592,-0.06065259128808975,-0.02452033758163452,orbslam3_map,camera_color_optical_frame
1723528258.2859106,-3.756990909576416,0.035350192338228226,0.7019439339637756,-0.005191633943468332,0.9978358149528503,-0.0610528402030468,-0.02386019378900528,orbslam3_map,camera_color_optical_frame
1723528258.3526247,-3.758699417114258,0.03422653675079346,0.680510401725769,-0.005306786857545376,0.9977782368659973,-0.06178932636976242,-0.024341002106666565,orbslam3_map,camera_color_optical_frame
1723528258.4193788,-3.75984787940979,0.032630451023578644,0.6589249968528748,-0.005621079821139574,0.9977453351020813,-0.06208011880517006,-0.024874845519661903,orbslam3_map,camera_color_optical_frame
1723528258.4527562,-3.761117696762085,0.03219866380095482,0.6482774615287781,-0.005527789238840342,0.9977386593818665,-0.06216035410761833,-0.024963412433862686,orbslam3_map,camera_color_optical_frame
1723528258.5195127,-3.762284994125366,0.03021356463432312,0.6262792944908142,-0.005778093822300434,0.9977530241012573,-0.061684247106313705,-0.025507040321826935,orbslam3_map,camera_color_optical_frame
1723528258.586271,-3.764289379119873,0.029340598732233047,0.6063048243522644,-0.005820827558636665,0.9977277517318726,-0.06197672709822655,-0.025774352252483368,orbslam3_map,camera_color_optical_frame
1723528258.6530309,-3.766305923461914,0.027937792241573334,0.5841522812843323,-0.0057159471325576305,0.997706413269043,-0.06227009370923042,-0.02591659687459469,orbslam3_map,camera_color_optical_frame
1723528258.6864119,-3.7664637565612793,0.027499129995703697,0.5736560821533203,-0.006099572870880365,0.9976903200149536,-0.062362559139728546,-0.026224326342344284,orbslam3_map,camera_color_optical_frame
1723528258.7531743,-3.7682604789733887,0.026280388236045837,0.5525015592575073,-0.006762484088540077,0.9976876378059387,-0.06216002255678177,-0.026641013100743294,orbslam3_map,camera_color_optical_frame
1723528258.7865555,-3.7684972286224365,0.025257544592022896,0.542497992515564,-0.007022541482001543,0.9976908564567566,-0.06189799681305885,-0.027061283588409424,orbslam3_map,camera_color_optical_frame
1723528258.8533206,-3.7701356410980225,0.0240496676415205,0.519447386264801,-0.006726098712533712,0.997704803943634,-0.0615219920873642,-0.027477657422423363,orbslam3_map,camera_color_optical_frame
1723528258.920087,-3.7723371982574463,0.02241401933133602,0.49855709075927734,-0.00637268740683794,0.9977408051490784,-0.06083454191684723,-0.02778136543929577,orbslam3_map,camera_color_optical_frame
1723528258.9868553,-3.7743449211120605,0.021219363436102867,0.4772266745567322,-0.005812916439026594,0.997753918170929,-0.0605582594871521,-0.028036143630743027,orbslam3_map,camera_color_optical_frame
1723528259.0202405,-3.7747390270233154,0.020304756239056587,0.46677443385124207,-0.00565825030207634,0.9977691173553467,-0.06020139530301094,-0.02829459123313427,orbslam3_map,camera_color_optical_frame
1723528259.087011,-3.77547287940979,0.01893541030585766,0.4461354911327362,-0.005506833083927631,0.9977723360061646,-0.059981442987918854,-0.02867712825536728,orbslam3_map,camera_color_optical_frame
1723528259.1537833,-3.7774524688720703,0.01749524101614952,0.4257507026195526,-0.005194098688662052,0.9977847933769226,-0.05976741760969162,-0.028748732060194016,orbslam3_map,camera_color_optical_frame
1723528259.2205572,-3.779353618621826,0.01622064970433712,0.40506526827812195,-0.005563965532928705,0.9977452754974365,-0.06048208475112915,-0.028554141521453857,orbslam3_map,camera_color_optical_frame
1723528259.287333,-3.7803537845611572,0.01480978261679411,0.38459500670433044,-0.0060292999260127544,0.9976990222930908,-0.061144206672906876,-0.028667235746979713,orbslam3_map,camera_color_optical_frame
1723528259.387419,-3.7823832035064697,0.012838911265134811,0.3535192012786865,-0.006739570759236813,0.9977056980133057,-0.061050280928611755,-0.02847430855035782,orbslam3_map,camera_color_optical_frame
1723528259.420769,-3.783198595046997,0.012172156944870949,0.3416423499584198,-0.006734504830092192,0.9977158904075623,-0.06099385768175125,-0.028237752616405487,orbslam3_map,camera_color_optical_frame
1723528259.488151,-3.7840726375579834,0.01067320816218853,0.32145431637763977,-0.006645536981523037,0.9977511763572693,-0.06058819219470024,-0.027884094044566154,orbslam3_map,camera_color_optical_frame
1723528259.5218449,-3.785701274871826,0.010292762890458107,0.3111054301261902,-0.006600472144782543,0.997778594493866,-0.060378547757864,-0.02736331894993782,orbslam3_map,camera_color_optical_frame
1723528259.58924,-3.7866880893707275,0.008668527938425541,0.290380597114563,-0.006953177973628044,0.9977985620498657,-0.06020013988018036,-0.0269380621612072,orbslam3_map,camera_color_optical_frame
1723528259.6229415,-3.78743314743042,0.008301591500639915,0.28011253476142883,-0.00710102217271924,0.997788667678833,-0.06046079471707344,-0.026680156588554382,orbslam3_map,camera_color_optical_frame
1723528259.6903498,-3.7901434898376465,0.006680654361844063,0.2587408125400543,-0.007130814250558615,0.9978497624397278,-0.05978032574057579,-0.02590916119515896,orbslam3_map,camera_color_optical_frame
1723528259.7577665,-3.790530204772949,0.005979923531413078,0.2372979074716568,-0.007499885745346546,0.9978411793708801,-0.05992691218852997,-0.025796838104724884,orbslam3_map,camera_color_optical_frame
1723528259.825192,-3.7924346923828125,0.004585242364555597,0.21679730713367462,-0.0076592122204601765,0.9978659749031067,-0.05983724445104599,-0.02498794160783291,orbslam3_map,camera_color_optical_frame
1723528259.8926265,-3.7935400009155273,0.0032393012661486864,0.19579574465751648,-0.008011051453649998,0.9979135990142822,-0.05918862298130989,-0.02451624721288681,orbslam3_map,camera_color_optical_frame
1723528259.9600692,-3.794405460357666,0.001722922665067017,0.17413601279258728,-0.008358737453818321,0.9979713559150696,-0.05834440886974335,-0.02406846173107624,orbslam3_map,camera_color_optical_frame
1723528260.0612493,-3.7960002422332764,0.00024762898101471364,0.14225254952907562,-0.009700975380837917,0.9980072975158691,-0.057846780866384506,-0.023260708898305893,orbslam3_map,camera_color_optical_frame
1723528260.1287138,-3.797398805618286,-0.0012762178666889668,0.12207984179258347,-0.009798373095691204,0.9980690479278564,-0.05709639564156532,-0.02240753546357155,orbslam3_map,camera_color_optical_frame
1723528260.1624498,-3.797797441482544,-0.001768555142916739,0.11136792600154877,-0.00984103698283434,0.9980887174606323,-0.056815192103385925,-0.022229425609111786,orbslam3_map,camera_color_optical_frame
1723528260.2299275,-3.798738718032837,-0.002351184608414769,0.09090974181890488,-0.01017309445887804,0.9980950355529785,-0.05671479552984238,-0.022052062675356865,orbslam3_map,camera_color_optical_frame
1723528260.2974136,-3.799976110458374,-0.0038934340700507164,0.06872731447219849,-0.010105119086802006,0.9981523156166077,-0.05599470064043999,-0.021319108083844185,orbslam3_map,camera_color_optical_frame
1723528260.3649085,-3.801048994064331,-0.0052152881398797035,0.04857281595468521,-0.010161173529922962,0.9981740713119507,-0.05600261315703392,-0.020224303007125854,orbslam3_map,camera_color_optical_frame
1723528260.3986588,-3.801346778869629,-0.005785307846963406,0.03810734674334526,-0.010638034902513027,0.9981950521469116,-0.055762920528650284,-0.019597049802541733,orbslam3_map,camera_color_optical_frame
1723528260.432406,-3.8018245697021484,-0.006080114282667637,0.02719854936003685,-0.010777539573609829,0.9981933236122131,-0.055969223380088806,-0.019008556380867958,orbslam3_map,camera_color_optical_frame
1723528260.4990275,-3.80253267288208,-0.007334495894610882,0.006094042677432299,-0.011252266354858875,0.9982193112373352,-0.05569539591670036,-0.018154844641685486,orbslam3_map,camera_color_optical_frame
1723528260.5656478,-3.803549289703369,-0.008564460091292858,-0.016202546656131744,-0.011612965725362301,0.9982584714889526,-0.055211201310157776,-0.01722896844148636,orbslam3_map,camera_color_optical_frame
1723528260.6322668,-3.804260492324829,-0.009604942984879017,-0.036867257207632065,-0.01219179481267929,0.9982601404190063,-0.05530888959765434,-0.01640031673014164,orbslam3_map,camera_color_optical_frame
1723528260.6988845,-3.8046913146972656,-0.010709872469305992,-0.05796419084072113,-0.012694976292550564,0.9982426166534424,-0.05576388165354729,-0.015520748682320118,orbslam3_map,camera_color_optical_frame
1723528260.765501,-3.8055315017700195,-0.012230277061462402,-0.07931967824697495,-0.012618805281817913,0.9982551336288452,-0.055671852082014084,-0.015104120597243309,orbslam3_map,camera_color_optical_frame
1723528260.832116,-3.807260274887085,-0.013604430481791496,-0.10034080594778061,-0.012771734036505222,0.9982587099075317,-0.05582093447446823,-0.014158704318106174,orbslam3_map,camera_color_optical_frame
1723528260.8654225,-3.807556629180908,-0.014195917174220085,-0.11037170141935349,-0.013179115019738674,0.9982202053070068,-0.05657685548067093,-0.013483406975865364,orbslam3_map,camera_color_optical_frame
1723528260.932036,-3.8084986209869385,-0.015446665696799755,-0.13093866407871246,-0.01323874294757843,0.9982011914253235,-0.05721816420555115,-0.012053064070641994,orbslam3_map,camera_color_optical_frame
1723528260.9653425,-3.808391571044922,-0.015887796878814697,-0.14126849174499512,-0.012994345277547836,0.9981846213340759,-0.05763548985123634,-0.011697100475430489,orbslam3_map,camera_color_optical_frame
1723528261.0319538,-3.8090755939483643,-0.01695416308939457,-0.1619911640882492,-0.012582589872181416,0.9981162548065186,-0.05903597176074982,-0.010973171330988407,orbslam3_map,camera_color_optical_frame
1723528261.0985637,-3.8088831901550293,-0.017814917489886284,-0.18278871476650238,-0.012412873096764088,0.9980656504631042,-0.05999917909502983,-0.010533968918025494,orbslam3_map,camera_color_optical_frame
1723528261.198476,-3.8096325397491455,-0.019465820863842964,-0.21338067948818207,-0.012424086220562458,0.9979963302612305,-0.06133844330906868,-0.009309997782111168,orbslam3_map,camera_color_optical_frame
1723528261.23178,-3.8097684383392334,-0.02008063718676567,-0.22411680221557617,-0.012425118125975132,0.9979663491249084,-0.061897534877061844,-0.008802768774330616,orbslam3_map,camera_color_optical_frame
1723528261.3316884,-3.8097972869873047,-0.021702438592910767,-0.2545031011104584,-0.012243191711604595,0.9979396462440491,-0.06250113248825073,-0.0077591887675225735,orbslam3_map,camera_color_optical_frame
1723528261.3649912,-3.8107359409332275,-0.022612454369664192,-0.26750072836875916,-0.012171721085906029,0.9979538321495056,-0.06236227974295616,-0.007144443225115538,orbslam3_map,camera_color_optical_frame
1723528261.4315958,-3.8109097480773926,-0.023152252659201622,-0.2880512773990631,-0.011813259683549404,0.9979414939880371,-0.06271370500326157,-0.006341330241411924,orbslam3_map,camera_color_optical_frame
1723528261.4982126,-3.8113861083984375,-0.025116147473454475,-0.3088906407356262,-0.01112982165068388,0.9979540705680847,-0.06272953748703003,-0.005370745901018381,orbslam3_map,camera_color_optical_frame
1723528261.564828,-3.8113725185394287,-0.026430202648043633,-0.3293297588825226,-0.011043011210858822,0.9979636669158936,-0.06265154480934143,-0.004618204198777676,orbslam3_map,camera_color_optical_frame
1723528261.5981345,-3.8126533031463623,-0.027517903596162796,-0.34025394916534424,-0.010292820632457733,0.9980027675628662,-0.06220637261867523,-0.0038615993689745665,orbslam3_map,camera_color_optical_frame
1723528261.6647475,-3.8131303787231445,-0.028328867629170418,-0.3608934283256531,-0.009731185622513294,0.9980207681655884,-0.06204717606306076,-0.00316645042039454,orbslam3_map,camera_color_optical_frame
1723528261.7313592,-3.813903331756592,-0.030930068343877792,-0.38194167613983154,-0.009466920047998428,0.998085081577301,-0.061075255274772644,-0.002515573753044009,orbslam3_map,camera_color_optical_frame
1723528261.7646651,-3.8142573833465576,-0.0308123417198658,-0.39315301179885864,-0.009385720826685429,0.998082160949707,-0.061160508543252945,-0.0018189059337601066,orbslam3_map,camera_color_optical_frame
1723528261.8312747,-3.8141629695892334,-0.032202571630477905,-0.4134352505207062,-0.009598853997886181,0.9980741739273071,-0.061283010989427567,-0.0005423073307611048,orbslam3_map,camera_color_optical_frame
1723528261.8978832,-3.8144662380218506,-0.03370462357997894,-0.4336732029914856,-0.009622160345315933,0.9980498552322388,-0.061674341559410095,0.0004016634775325656,orbslam3_map,camera_color_optical_frame
1723528261.9311864,-3.81471586227417,-0.03461061045527458,-0.4443935453891754,-0.00944546889513731,0.998012363910675,-0.06230403482913971,0.0005895058275200427,orbslam3_map,camera_color_optical_frame
1723528262.0310957,-3.816161870956421,-0.03686167299747467,-0.47774550318717957,-0.008851598016917706,0.9980102181434631,-0.062417611479759216,0.0011656078277155757,orbslam3_map,camera_color_optical_frame
1723528262.0643973,-3.816314935684204,-0.03746776655316353,-0.4878945052623749,-0.008831722661852837,0.9980053305625916,-0.06249432638287544,0.0013897423632442951,orbslam3_map,camera_color_optical_frame
1723528262.131001,-3.8168838024139404,-0.03887152671813965,-0.508356511592865,-0.00871277879923582,0.99799644947052,-0.06262689083814621,0.0022463775239884853,orbslam3_map,camera_color_optical_frame
1723528262.1643023,-3.8169009685516357,-0.039474815130233765,-0.5189222097396851,-0.008796156384050846,0.9979909062385559,-0.06268378347158432,0.002742825774475932,orbslam3_map,camera_color_optical_frame
1723528262.230904,-3.81709361076355,-0.04128075763583183,-0.5388814210891724,-0.008217454887926579,0.9979705810546875,-0.06306236237287521,0.0032069163862615824,orbslam3_map,camera_color_optical_frame
1723528262.330803,-3.8175806999206543,-0.042666565626859665,-0.5690968632698059,-0.007448932621628046,0.997930109500885,-0.0637868121266365,0.0033617347944527864,orbslam3_map,camera_color_optical_frame
1723528262.3974009,-3.8180532455444336,-0.04425044730305672,-0.5902647376060486,-0.0071160146035254,0.9979119300842285,-0.06408387422561646,0.0037955332081764936,orbslam3_map,camera_color_optical_frame
1723528262.4307008,-3.8180625438690186,-0.044904306530952454,-0.6006812453269958,-0.006793919950723648,0.9979279041290283,-0.06386236846446991,0.003913741558790207,orbslam3_map,camera_color_optical_frame
1723528262.4973223,-3.818816661834717,-0.046631649136543274,-0.6208600997924805,-0.006741141434758902,0.9979843497276306,-0.06295215338468552,0.004337100312113762,orbslam3_map,camera_color_optical_frame
1723528262.5639424,-3.818181037902832,-0.04790535941720009,-0.6414663791656494,-0.006891918368637562,0.9980351328849792,-0.06214675307273865,0.004022136330604553,orbslam3_map,camera_color_optical_frame
1723528262.5972514,-3.8182473182678223,-0.0486353375017643,-0.6523079872131348,-0.006949128117412329,0.998123288154602,-0.060677412897348404,0.004457075614482164,orbslam3_map,camera_color_optical_frame
1723528262.6638696,-3.818567991256714,-0.050045669078826904,-0.6723722815513611,-0.007410482969135046,0.9981082081794739,-0.060847360640764236,0.0047746985219419,orbslam3_map,camera_color_optical_frame
1723528262.7304864,-3.8185079097747803,-0.05158010870218277,-0.6930617690086365,-0.007274981588125229,0.9980865716934204,-0.061223674565553665,0.0046808747574687,orbslam3_map,camera_color_optical_frame
1723528262.7971017,-3.818772315979004,-0.05267128720879555,-0.7134853005409241,-0.00711532449349761,0.998051106929779,-0.0618472620844841,0.0042701661586761475,orbslam3_map,camera_color_optical_frame
1723528262.8304095,-3.818941116333008,-0.0534224659204483,-0.7250860333442688,-0.006811377126723528,0.998126745223999,-0.06064010411500931,0.004399089142680168,orbslam3_map,camera_color_optical_frame
1723528262.9303288,-3.818953275680542,-0.05521311238408089,-0.7558248043060303,-0.00720039801672101,0.998141884803772,-0.06039350479841232,0.003684000577777624,orbslam3_map,camera_color_optical_frame
1723528262.9969404,-3.819793939590454,-0.056256797164678574,-0.7759367823600769,-0.007069567684084177,0.9981697201728821,-0.05995379015803337,0.0035915286280214787,orbslam3_map,camera_color_optical_frame
1723528263.030246,-3.819969415664673,-0.05736514925956726,-0.7860048413276672,-0.006966300308704376,0.9981915950775146,-0.05961059778928757,0.0034116441383957863,orbslam3_map,camera_color_optical_frame
1723528263.0968556,-3.821773052215576,-0.05878755822777748,-0.8103001117706299,-0.006196699570864439,0.9981724619865417,-0.06002223119139671,0.0032657748088240623,orbslam3_map,camera_color_optical_frame
1723528263.196767,-3.8225691318511963,-0.06068001687526703,-0.8411177396774292,-0.00578257255256176,0.998193621635437,-0.059747062623500824,0.002514427062124014,orbslam3_map,camera_color_optical_frame
1723528263.2633731,-3.8238675594329834,-0.06207651644945145,-0.8612741231918335,-0.004800459370017052,0.9982224106788635,-0.05935782194137573,0.0023749079555273056,orbslam3_map,camera_color_optical_frame
1723528263.3632805,-3.8240950107574463,-0.0638592317700386,-0.8921268582344055,-0.004239344969391823,0.9982348680496216,-0.05921512469649315,0.0016578063368797302,orbslam3_map,camera_color_optical_frame
1723528263.3965816,-3.8247222900390625,-0.06429346650838852,-0.9043675661087036,-0.0038817550521343946,0.9982209801673889,-0.05947600305080414,0.0015595044242218137,orbslam3_map,camera_color_optical_frame
1723528263.4632032,-3.824740171432495,-0.06559275090694427,-0.9242560863494873,-0.0037021434400230646,0.9982098937034607,-0.05968887731432915,0.000724376121070236,orbslam3_map,camera_color_optical_frame
1723528263.529841,-3.825087785720825,-0.06661554425954819,-0.9457974433898926,-0.00384216895326972,0.9982041716575623,-0.05978018045425415,0.000195120825082995,orbslam3_map,camera_color_optical_frame
1723528263.5964775,-3.826436758041382,-0.06821475923061371,-0.9663201570510864,-0.003694112179800868,0.9982069730758667,-0.059743404388427734,-8.580804569646716e-05,orbslam3_map,camera_color_optical_frame
1723528263.6297958,-3.8270139694213867,-0.0692092627286911,-0.9769788384437561,-0.003538132179528475,0.998218834400177,-0.05955340713262558,-0.0001740907464409247,orbslam3_map,camera_color_optical_frame
1723528263.696431,-3.827115774154663,-0.07052769511938095,-0.997748076915741,-0.0035190589260309935,0.9982030987739563,-0.05981362611055374,-0.0007718541892245412,orbslam3_map,camera_color_optical_frame
1723528263.7297473,-3.826975107192993,-0.07120563089847565,-1.0074095726013184,-0.0035092793405056,0.9982107877731323,-0.059679239988327026,-0.0011575910029932857,orbslam3_map,camera_color_optical_frame
1723528263.7963805,-3.827326774597168,-0.07198579609394073,-1.0282905101776123,-0.0033685225062072277,0.9982219934463501,-0.05948944017291069,-0.0015862432774156332,orbslam3_map,camera_color_optical_frame
1723528263.8630126,-3.8282251358032227,-0.07348170131444931,-1.049824595451355,-0.003221360966563225,0.9982213973999023,-0.059500802308321,-0.0018501493614166975,orbslam3_map,camera_color_optical_frame
1723528263.9629593,-3.829328775405884,-0.07551247626543045,-1.08060622215271,-0.0029072940815240145,0.9982370734214783,-0.05923105403780937,-0.0024357931688427925,orbslam3_map,camera_color_optical_frame
1723528263.9962733,-3.8293673992156982,-0.07629029452800751,-1.0909453630447388,-0.0030452553182840347,0.9982196688652039,-0.059500861912965775,-0.002802413422614336,orbslam3_map,camera_color_optical_frame
1723528264.0629022,-3.830235481262207,-0.07742581516504288,-1.1112549304962158,-0.003231565235182643,0.9982352256774902,-0.05921647697687149,-0.0030805461574345827,orbslam3_map,camera_color_optical_frame
1723528264.0962167,-3.83039927482605,-0.07803335785865784,-1.1220916509628296,-0.003080728929489851,0.9982535243034363,-0.058906491845846176,-0.003242993727326393,orbslam3_map,camera_color_optical_frame
1723528264.1295297,-3.830834150314331,-0.07825149595737457,-1.133132815361023,-0.0030588002409785986,0.998249888420105,-0.058968931436538696,-0.0032484859693795443,orbslam3_map,camera_color_optical_frame
1723528264.1628437,-3.830707550048828,-0.0788525938987732,-1.1438010931015015,-0.0032499353401362896,0.9982375502586365,-0.05914226174354553,-0.003672163700684905,orbslam3_map,camera_color_optical_frame
1723528264.2294698,-3.831331968307495,-0.08007127046585083,-1.164536476135254,-0.002874004188925028,0.9982714653015137,-0.05855803191661835,-0.004096921067684889,orbslam3_map,camera_color_optical_frame
1723528264.2627816,-3.8316667079925537,-0.08083750307559967,-1.174185872077942,-0.0026468797586858273,0.9982614517211914,-0.05872073769569397,-0.004348842427134514,orbslam3_map,camera_color_optical_frame
1723528264.329406,-3.832407236099243,-0.08190149068832397,-1.1952333450317383,-0.0026700955349951982,0.9982333779335022,-0.05915408208966255,-0.004884226247668266,orbslam3_map,camera_color_optical_frame
1723528264.396029,-3.832736015319824,-0.08317826688289642,-1.2159889936447144,-0.0018803281709551811,0.9982035160064697,-0.05963458865880966,-0.005470571108162403,orbslam3_map,camera_color_optical_frame
1723528264.4626539,-3.8351316452026367,-0.08484555035829544,-1.2370154857635498,0.000651323760394007,0.9981133341789246,-0.061090435832738876,-0.006113683804869652,orbslam3_map,camera_color_optical_frame
1723528264.5292783,-3.8375604152679443,-0.08701690286397934,-1.256811261177063,0.003406423842534423,0.9979879856109619,-0.06292760372161865,-0.006971568800508976,orbslam3_map,camera_color_optical_frame
1723528264.5959015,-3.838979482650757,-0.0886450856924057,-1.2772060632705688,0.003989086020737886,0.9978057146072388,-0.06565967202186584,-0.0075296033173799515,orbslam3_map,camera_color_optical_frame
1723528264.6292133,-3.83889102935791,-0.08959876000881195,-1.2864969968795776,0.003829050110653043,0.9976741671562195,-0.06762071698904037,-0.007682079449295998,orbslam3_map,camera_color_optical_frame
1723528264.6625237,-3.838732957839966,-0.09012413769960403,-1.2963637113571167,0.0034894058480858803,0.9975607991218567,-0.06928576529026031,-0.007731504272669554,orbslam3_map,camera_color_optical_frame
1723528264.7291446,-3.839808940887451,-0.09286026656627655,-1.316330075263977,0.0017907151486724615,0.9973073601722717,-0.07286358624696732,-0.008106392808258533,orbslam3_map,camera_color_optical_frame
1723528264.7957642,-3.840070962905884,-0.09458515793085098,-1.335737705230713,-0.0001053199011948891,0.9970696568489075,-0.07594305276870728,-0.009204906411468983,orbslam3_map,camera_color_optical_frame
1723528264.8623824,-3.840763807296753,-0.09614904224872589,-1.3557853698730469,-0.0011765470262616873,0.9968504905700684,-0.0786309614777565,-0.010245732963085175,orbslam3_map,camera_color_optical_frame
1723528264.9289994,-3.8411898612976074,-0.09794522076845169,-1.376201868057251,-0.0022083225194364786,0.9966738224029541,-0.0806894302368164,-0.01120986882597208,orbslam3_map,camera_color_optical_frame
1723528264.9956155,-3.842925548553467,-0.09956227242946625,-1.3959635496139526,-0.002419177908450365,0.9965006709098816,-0.08277590572834015,-0.011346012353897095,orbslam3_map,camera_color_optical_frame
1723528265.0289233,-3.843355655670166,-0.10029938071966171,-1.405458927154541,-0.002053800504654646,0.996422529220581,-0.08367636799812317,-0.011666649021208286,orbslam3_map,camera_color_optical_frame
1723528265.0955377,-3.844571590423584,-0.10216356068849564,-1.4255441427230835,-0.0008963511209003627,0.9962925314903259,-0.08525589853525162,-0.011481422930955887,orbslam3_map,camera_color_optical_frame
1723528265.1621504,-3.846338987350464,-0.10455421358346939,-1.4456048011779785,0.0014285673387348652,0.9962829947471619,-0.0853959396481514,-0.01120847836136818,orbslam3_map,camera_color_optical_frame
1723528265.2620666,-3.848480463027954,-0.10648825764656067,-1.4755927324295044,0.005570340435951948,0.9962648749351501,-0.08534498512744904,-0.01189692784100771,orbslam3_map,camera_color_optical_frame
1723528265.3286762,-3.8503968715667725,-0.10862437635660172,-1.496721625328064,0.0073953652754426,0.9963718056678772,-0.08377767354249954,-0.013032586313784122,orbslam3_map,camera_color_optical_frame
1723528265.395285,-3.8508009910583496,-0.11065292358398438,-1.5160906314849854,0.007039789110422134,0.9965571761131287,-0.08138377219438553,-0.014176743105053902,orbslam3_map,camera_color_optical_frame
1723528265.4285898,-3.850876808166504,-0.11184004694223404,-1.5259227752685547,0.0059859249740839005,0.9965656399726868,-0.0812940001487732,-0.014573641121387482,orbslam3_map,camera_color_optical_frame
1723528265.4952176,-3.8507883548736572,-0.11402838677167892,-1.546805500984192,0.003699568333104253,0.996719479560852,-0.07951000332832336,-0.014655826613307,orbslam3_map,camera_color_optical_frame
1723528265.561844,-3.851240634918213,-0.11581955850124359,-1.5662322044372559,0.0015160155016928911,0.9967488646507263,-0.07913089543581009,-0.015092389658093452,orbslam3_map,camera_color_optical_frame
1723528265.6284697,-3.8520538806915283,-0.1177690327167511,-1.5855060815811157,-5.265001891530119e-05,0.9967756271362305,-0.07873380184173584,-0.015471682883799076,orbslam3_map,camera_color_optical_frame
1723528265.695094,-3.852689027786255,-0.11978501826524734,-1.605358362197876,-0.0004423184145707637,0.9968622922897339,-0.07753544300794601,-0.01592814363539219,orbslam3_map,camera_color_optical_frame
1723528265.7284055,-3.853158712387085,-0.12034997344017029,-1.615268588066101,-0.000727930455468595,0.9968496561050415,-0.07761997729539871,-0.016291888430714607,orbslam3_map,camera_color_optical_frame
1723528265.7950282,-3.854691982269287,-0.12240223586559296,-1.634992241859436,-0.0005636749556288123,0.9969877600669861,-0.07578112930059433,-0.01650353893637657,orbslam3_map,camera_color_optical_frame
1723528265.8283398,-3.854055881500244,-0.12347615510225296,-1.6444340944290161,-0.00040940221515484154,0.9970322847366333,-0.07504838705062866,-0.017152372747659683,orbslam3_map,camera_color_optical_frame
1723528265.894961,-3.8558597564697266,-0.12492311745882034,-1.6652202606201172,-0.00035288091748952866,0.9971672296524048,-0.07315534353256226,-0.017485236749053,orbslam3_map,camera_color_optical_frame
1723528265.9615812,-3.857093095779419,-0.12644799053668976,-1.6845855712890625,7.3454034463793505e-06,0.9971466660499573,-0.07323193550109863,-0.018319247290492058,orbslam3_map,camera_color_optical_frame
1723528266.0282004,-3.8586812019348145,-0.12843739986419678,-1.7036465406417847,0.0008848932338878512,0.9971301555633545,-0.07327424734830856,-0.01901674084365368,orbslam3_map,camera_color_optical_frame
1723528266.0948184,-3.859867811203003,-0.13052897155284882,-1.7228296995162964,0.0016259131953120232,0.9971151351928711,-0.07326389104127884,-0.019777756184339523,orbslam3_map,camera_color_optical_frame
1723528266.1281264,-3.8613386154174805,-0.13210241496562958,-1.7325530052185059,0.0018046845216304064,0.9971416592597961,-0.07291759550571442,-0.019705774262547493,orbslam3_map,camera_color_optical_frame
1723528266.194743,-3.862025260925293,-0.13384416699409485,-1.7515391111373901,0.0019993181340396404,0.9971473813056946,-0.0726361945271492,-0.02042379602789879,orbslam3_map,camera_color_optical_frame
1723528266.261358,-3.8638179302215576,-0.13573382794857025,-1.7712862491607666,0.0022533119190484285,0.9972731471061707,-0.07079519331455231,-0.020718012005090714,orbslam3_map,camera_color_optical_frame
1723528266.294666,-3.8637702465057373,-0.13600999116897583,-1.7811185121536255,0.002150736516341567,0.9972543716430664,-0.07087316364049911,-0.021358337253332138,orbslam3_map,camera_color_optical_frame
1723528266.3612795,-3.8654143810272217,-0.13799455761909485,-1.8012809753417969,0.0014983057044446468,0.9973110556602478,-0.06982453912496567,-0.022203726693987846,orbslam3_map,camera_color_optical_frame
1723528266.3945854,-3.865553617477417,-0.13836373388767242,-1.8113229274749756,0.0010857580928131938,0.9973110556602478,-0.06972856819629669,-0.022525392472743988,orbslam3_map,camera_color_optical_frame
1723528266.461201,-3.8673131465911865,-0.13961663842201233,-1.8306266069412231,0.00033026994788087904,0.9973084926605225,-0.06960106641054153,-0.023051800206303596,orbslam3_map,camera_color_optical_frame
1723528266.4945092,-3.8673288822174072,-0.14036045968532562,-1.8403680324554443,-5.936962770647369e-05,0.9973033666610718,-0.06955526769161224,-0.0234124306589365,orbslam3_map,camera_color_optical_frame
1723528266.5944307,-3.8690123558044434,-0.14241057634353638,-1.8685777187347412,-0.0014320354675874114,0.9972062110900879,-0.0705299898982048,-0.02456282451748848,orbslam3_map,camera_color_optical_frame
1723528266.6277378,-3.87033748626709,-0.14359207451343536,-1.8774912357330322,-0.0017750250408425927,0.9971754550933838,-0.07083068042993546,-0.02491879276931286,orbslam3_map,camera_color_optical_frame
1723528266.6943498,-3.870954751968384,-0.14497080445289612,-1.896148443222046,-0.0022450650576502085,0.997149646282196,-0.07086750119924545,-0.025795068591833115,orbslam3_map,camera_color_optical_frame
1723528266.7276547,-3.87165904045105,-0.14587201178073883,-1.9058208465576172,-0.002107231877744198,0.9971498250961304,-0.07077234983444214,-0.02605953998863697,orbslam3_map,camera_color_optical_frame
1723528266.7609603,-3.8725473880767822,-0.14649508893489838,-1.915655493736267,-0.0014497411902993917,0.9972420930862427,-0.06945543736219406,-0.026116423308849335,orbslam3_map,camera_color_optical_frame
1723528266.8275697,-3.874631643295288,-0.14786960184574127,-1.935203194618225,0.00011461606482043862,0.997343897819519,-0.06776461005210876,-0.02670453116297722,orbslam3_map,camera_color_optical_frame
1723528266.8608732,-3.8758316040039062,-0.1489524394273758,-1.9448297023773193,0.000986860366538167,0.9973645806312561,-0.06738352030515671,-0.026876116171479225,orbslam3_map,camera_color_optical_frame
1723528266.8941774,-3.876516342163086,-0.14988771080970764,-1.9536211490631104,0.002116941614076495,0.9973503351211548,-0.0673375204205513,-0.02744933031499386,orbslam3_map,camera_color_optical_frame
1723528266.9607842,-3.8786351680755615,-0.15171323716640472,-1.9720993041992188,0.003639535279944539,0.9972801208496094,-0.06793033331632614,-0.028365539386868477,orbslam3_map,camera_color_optical_frame
1723528266.994086,-3.8800740242004395,-0.15290133655071259,-1.9821949005126953,0.003937026020139456,0.9972342252731323,-0.06855227798223495,-0.028444331139326096,orbslam3_map,camera_color_optical_frame
1723528267.0606906,-3.8825159072875977,-0.15448661148548126,-2.00312876701355,0.004114267881959677,0.9971140027046204,-0.07034209370613098,-0.028261743485927582,orbslam3_map,camera_color_optical_frame
1723528267.0939927,-3.88293194770813,-0.15537092089653015,-2.0122158527374268,0.0039799828082323074,0.9970292448997498,-0.07144879549741745,-0.028495920822024345,orbslam3_map,camera_color_optical_frame
1723528267.160595,-3.8847873210906982,-0.15632833540439606,-2.0314009189605713,0.0038747387006878853,0.9968888759613037,-0.07311230897903442,-0.029193159192800522,orbslam3_map,camera_color_optical_frame
1723528267.2271957,-3.885615110397339,-0.1584050953388214,-2.048525333404541,0.003493602853268385,0.9968265891075134,-0.07338111847639084,-0.03065667860209942,orbslam3_map,camera_color_optical_frame
1723528267.2937953,-3.887410879135132,-0.15993671119213104,-2.067256450653076,0.003834935138002038,0.9968599081039429,-0.07256987690925598,-0.03145229071378708,orbslam3_map,camera_color_optical_frame
1723528267.3603933,-3.889171838760376,-0.16170649230480194,-2.0862772464752197,0.0045725810341537,0.9968479871749878,-0.07232966274023056,-0.032274700701236725,orbslam3_map,camera_color_optical_frame
1723528267.4603071,-3.891366958618164,-0.16399352252483368,-2.1138622760772705,0.0037164653185755014,0.9967887997627258,-0.07281434535980225,-0.03311043605208397,orbslam3_map,camera_color_optical_frame
1723528267.560257,-3.8944318294525146,-0.16572608053684235,-2.1420111656188965,0.004118455108255148,0.9967356324195862,-0.0734262615442276,-0.03331209719181061,orbslam3_map,camera_color_optical_frame
1723528267.6602032,-3.8976550102233887,-0.16816599667072296,-2.1716089248657227,0.005240910686552525,0.9966979622840881,-0.07328002899885178,-0.03458039090037346,orbslam3_map,camera_color_optical_frame
1723528267.6935189,-3.8984620571136475,-0.16892020404338837,-2.180987596511841,0.005757076200097799,0.9967456459999084,-0.07232911139726639,-0.03512060269713402,orbslam3_map,camera_color_optical_frame
1723528267.7601483,-3.9008700847625732,-0.17072610557079315,-2.1998071670532227,0.006043796427547932,0.9968401193618774,-0.07072897255420685,-0.035646215081214905,orbslam3_map,camera_color_optical_frame
1723528267.8267765,-3.902494430541992,-0.1721125990152359,-2.219064950942993,0.005906727164983749,0.9969325661659241,-0.06917180120944977,-0.03613663092255592,orbslam3_map,camera_color_optical_frame
1723528267.8934035,-3.903301954269409,-0.1733989268541336,-2.23587703704834,0.005706628784537315,0.9969978928565979,-0.06775972992181778,-0.03703036531805992,orbslam3_map,camera_color_optical_frame
1723528267.9600296,-3.9049742221832275,-0.17502248287200928,-2.2540245056152344,0.004963352344930172,0.9970592260360718,-0.06653688848018646,-0.03769773244857788,orbslam3_map,camera_color_optical_frame
1723528267.9933414,-3.905651330947876,-0.1756163239479065,-2.2633001804351807,0.0044541917741298676,0.9970259666442871,-0.06678387522697449,-0.038201745599508286,orbslam3_map,camera_color_optical_frame
1723528268.093278,-3.909273624420166,-0.1781918853521347,-2.291292667388916,0.005320991389453411,0.9970574378967285,-0.06614409387111664,-0.038381028920412064,orbslam3_map,camera_color_optical_frame
1723528268.126589,-3.9099884033203125,-0.17877089977264404,-2.2998454570770264,0.0055525521747767925,0.9970383644104004,-0.0661696121096611,-0.038798458874225616,orbslam3_map,camera_color_optical_frame
1723528268.193211,-3.9123122692108154,-0.18035972118377686,-2.3175551891326904,0.00548084219917655,0.9970210194587708,-0.06620325893163681,-0.03919501230120659,orbslam3_map,camera_color_optical_frame
1723528268.2931426,-3.915003538131714,-0.1823204904794693,-2.3438708782196045,0.005658197216689587,0.9968382716178894,-0.06819742918014526,-0.04038078710436821,orbslam3_map,camera_color_optical_frame
1723528268.359762,-3.9171226024627686,-0.18386177718639374,-2.3619611263275146,0.0046324473805725574,0.996776819229126,-0.06872443109750748,-0.04112768918275833,orbslam3_map,camera_color_optical_frame
1723528268.4263806,-3.9187633991241455,-0.1856289654970169,-2.379439353942871,0.0034532637801021338,0.996735692024231,-0.06901097297668457,-0.04175497218966484,orbslam3_map,camera_color_optical_frame
1723528268.4930086,-3.9207348823547363,-0.18699951469898224,-2.397203207015991,0.002627854933962226,0.9967195987701416,-0.06935559213161469,-0.04162939637899399,orbslam3_map,camera_color_optical_frame
1723528268.5596354,-3.9223692417144775,-0.188577339053154,-2.4151785373687744,0.0015310219023376703,0.9966927766799927,-0.06948395818471909,-0.04210827872157097,orbslam3_map,camera_color_optical_frame
1723528268.6262612,-3.924136161804199,-0.19006133079528809,-2.4325928688049316,0.0006636157049797475,0.9966089725494385,-0.07017290592193604,-0.04296394810080528,orbslam3_map,camera_color_optical_frame
1723528268.6928856,-3.9254963397979736,-0.19137990474700928,-2.449878215789795,-0.0006410175119526684,0.996493399143219,-0.07111652940511703,-0.04407932236790657,orbslam3_map,camera_color_optical_frame
1723528268.726197,-3.926071882247925,-0.1915077269077301,-2.4586901664733887,-0.0013470209669321775,0.996444821357727,-0.07167253643274307,-0.044260043650865555,orbslam3_map,camera_color_optical_frame
1723528268.79282,-3.9275527000427246,-0.19252189993858337,-2.47593092918396,-0.0020629887003451586,0.9963538646697998,-0.07239951193332672,-0.045089155435562134,orbslam3_map,camera_color_optical_frame
1723528268.8261316,-3.928684711456299,-0.19347326457500458,-2.4845526218414307,-0.0020912738982588053,0.9963972568511963,-0.0717029944062233,-0.04524221643805504,orbslam3_map,camera_color_optical_frame
1723528268.8927526,-3.9311914443969727,-0.19522158801555634,-2.503248929977417,-0.001822317368350923,0.9964324235916138,-0.0710027888417244,-0.04558221995830536,orbslam3_map,camera_color_optical_frame
1723528268.9593725,-3.9336371421813965,-0.19659030437469482,-2.5204837322235107,-0.0016360449371859431,0.9964354634284973,-0.07061822712421417,-0.04611760005354881,orbslam3_map,camera_color_optical_frame
1723528269.0259914,-3.9363796710968018,-0.19805198907852173,-2.5373873710632324,-0.0013128856662660837,0.9963878989219666,-0.07091350108385086,-0.04669792205095291,orbslam3_map,camera_color_optical_frame
1723528269.0592997,-3.93681263923645,-0.19877073168754578,-2.5461885929107666,-0.0005062028067186475,0.996432363986969,-0.06988433748483658,-0.04731321334838867,orbslam3_map,camera_color_optical_frame
1723528269.125917,-3.939026117324829,-0.19982001185417175,-2.5632259845733643,0.00017541511624585837,0.9963642954826355,-0.07031699270009995,-0.04810115694999695,orbslam3_map,camera_color_optical_frame
1723528269.192533,-3.941192150115967,-0.2020593285560608,-2.580590009689331,0.00022956132306717336,0.9964061379432678,-0.0694894790649414,-0.04843653365969658,orbslam3_map,camera_color_optical_frame
1723528269.2591476,-3.9432077407836914,-0.20312081277370453,-2.597459316253662,-0.00012282731768209487,0.9963741302490234,-0.06927193701267242,-0.049396906048059464,orbslam3_map,camera_color_optical_frame
1723528269.3257613,-3.945028781890869,-0.20456980168819427,-2.614896774291992,-0.0015633903676643968,0.9964020848274231,-0.06820475310087204,-0.05028535798192024,orbslam3_map,camera_color_optical_frame
1723528269.3590684,-3.946017265319824,-0.20504699647426605,-2.6234290599823,-0.0025566990952938795,0.9964486956596375,-0.06748293340206146,-0.05029439926147461,orbslam3_map,camera_color_optical_frame
1723528269.4256806,-3.947643756866455,-0.20638234913349152,-2.640301465988159,-0.005200311075896025,0.9965037703514099,-0.06597137451171875,-0.05099983140826225,orbslam3_map,camera_color_optical_frame
1723528269.4923387,-3.948679208755493,-0.20827287435531616,-2.6582067012786865,-0.00804831925779581,0.9965805411338806,-0.06394273787736893,-0.05170879513025284,orbslam3_map,camera_color_optical_frame
1723528269.592289,-3.9505012035369873,-0.20965860784053802,-2.683711290359497,-0.010286279022693634,0.996645987033844,-0.061840079724788666,-0.05259975045919418,orbslam3_map,camera_color_optical_frame
1723528269.6589215,-3.9532408714294434,-0.21065481007099152,-2.7003602981567383,-0.010427610948681831,0.996687114238739,-0.06140969693660736,-0.05229687690734863,orbslam3_map,camera_color_optical_frame
1723528269.725553,-3.9554264545440674,-0.2115228772163391,-2.7170803546905518,-0.009343661367893219,0.996674656867981,-0.061241161078214645,-0.052932508289813995,orbslam3_map,camera_color_optical_frame
1723528269.7588687,-3.957054615020752,-0.21179738640785217,-2.7251100540161133,-0.008603735826909542,0.996644914150238,-0.06147458031773567,-0.05334647372364998,orbslam3_map,camera_color_optical_frame
1723528269.8254983,-3.959026336669922,-0.21294304728507996,-2.7423229217529297,-0.0070643178187310696,0.9966554045677185,-0.06043016165494919,-0.054556168615818024,orbslam3_map,camera_color_optical_frame
1723528269.8921268,-3.962712049484253,-0.2137620896100998,-2.7599997520446777,-0.004678627010434866,0.9967400431632996,-0.05904719606041908,-0.05477983132004738,orbslam3_map,camera_color_optical_frame
1723528269.9587543,-3.9664762020111084,-0.21512778103351593,-2.776535987854004,-0.0029547284357249737,0.9968569874763489,-0.05703221261501312,-0.05490726977586746,orbslam3_map,camera_color_optical_frame
1723528269.992067,-3.96694016456604,-0.2158965766429901,-2.783220052719116,-0.0025086745154112577,0.9968734979629517,-0.05618549510836601,-0.05549890547990799,orbslam3_map,camera_color_optical_frame
1723528270.058693,-3.969619035720825,-0.21676702797412872,-2.8001766204833984,-0.0012696925550699234,0.9968732595443726,-0.05550752207636833,-0.056223299354314804,orbslam3_map,camera_color_optical_frame
1723528270.0920057,-3.971217632293701,-0.21718676388263702,-2.808213710784912,-0.0009295954369008541,0.9968705773353577,-0.05524829030036926,-0.0565318688750267,orbslam3_map,camera_color_optical_frame
1723528270.1586297,-3.9736006259918213,-0.2180461883544922,-2.824399709701538,-0.0010498021729290485,0.9968334436416626,-0.05485822632908821,-0.05755523964762688,orbslam3_map,camera_color_optical_frame
1723528270.2252526,-3.9754252433776855,-0.21851177513599396,-2.8408396244049072,-0.0024476824328303337,0.9967947006225586,-0.0545823760330677,-0.05843905359506607,orbslam3_map,camera_color_optical_frame
1723528270.2918742,-3.976849317550659,-0.21936281025409698,-2.8578739166259766,-0.0044741700403392315,0.9967954158782959,-0.053512245416641235,-0.059290844947099686,orbslam3_map,camera_color_optical_frame
1723528270.3584948,-3.979041337966919,-0.2201043665409088,-2.874293327331543,-0.0068796598352491856,0.9968351721763611,-0.052579354494810104,-0.05922641605138779,orbslam3_map,camera_color_optical_frame
1723528270.4251142,-3.9803988933563232,-0.22048121690750122,-2.8904974460601807,-0.008577246218919754,0.9968262314796448,-0.05192144587635994,-0.059733156114816666,orbslam3_map,camera_color_optical_frame
1723528270.4917507,-3.9827070236206055,-0.22127826511859894,-2.9070396423339844,-0.009436164982616901,0.996828019618988,-0.05081741139292717,-0.0605187714099884,orbslam3_map,camera_color_optical_frame
1723528270.5584035,-3.98515248298645,-0.22249898314476013,-2.923027515411377,-0.008795716799795628,0.9967975616455078,-0.050594836473464966,-0.06129822880029678,orbslam3_map,camera_color_optical_frame
1723528270.6250558,-3.9880905151367188,-0.22395603358745575,-2.9391884803771973,-0.007456114981323481,0.996738851070404,-0.05075972527265549,-0.06228617951273918,orbslam3_map,camera_color_optical_frame
1723528270.6917076,-3.9911980628967285,-0.22406652569770813,-2.955077648162842,-0.005682425107806921,0.996665358543396,-0.05187186226248741,-0.06273147463798523,orbslam3_map,camera_color_optical_frame
1723528270.758359,-3.9942989349365234,-0.22513310611248016,-2.971364974975586,-0.003951785620301962,0.9966174960136414,-0.052548836916685104,-0.06306086480617523,orbslam3_map,camera_color_optical_frame
1723528270.8250093,-3.99711537361145,-0.22583027184009552,-2.9874536991119385,-0.0032965661957859993,0.9965865612030029,-0.05234222486615181,-0.06375535577535629,orbslam3_map,camera_color_optical_frame
1723528270.891659,-4.000018119812012,-0.2262452095746994,-3.004013776779175,-0.0032031256705522537,0.9965885877609253,-0.05203115940093994,-0.06398236751556396,orbslam3_map,camera_color_optical_frame
1723528270.9583082,-4.001866340637207,-0.2269463986158371,-3.0214970111846924,-0.00333740608766675,0.9965569376945496,-0.05135323479771614,-0.06500730663537979,orbslam3_map,camera_color_optical_frame
1723528271.024957,-4.004197120666504,-0.2280186116695404,-3.0378129482269287,-0.003477969206869602,0.9965592622756958,-0.05030490830540657,-0.06578013300895691,orbslam3_map,camera_color_optical_frame
1723528271.091605,-4.006752967834473,-0.22916388511657715,-3.0552711486816406,-0.003986417315900326,0.9965149164199829,-0.05044836550951004,-0.06631041318178177,orbslam3_map,camera_color_optical_frame
1723528271.1249282,-4.008506774902344,-0.22916986048221588,-3.0638139247894287,-0.003991028759628534,0.9964798092842102,-0.05080227181315422,-0.06656695902347565,orbslam3_map,camera_color_optical_frame
1723528271.191575,-4.0110979080200195,-0.22986535727977753,-3.0805933475494385,-0.004077162127941847,0.9964141249656677,-0.05092720687389374,-0.0674436017870903,orbslam3_map,camera_color_optical_frame
1723528271.2582214,-4.013363838195801,-0.23048649728298187,-3.097560405731201,-0.0044182585552334785,0.9963608384132385,-0.05076102912425995,-0.0683298110961914,orbslam3_map,camera_color_optical_frame
1723528271.291545,-4.015296936035156,-0.2310945689678192,-3.1060547828674316,-0.004337153863161802,0.9963636994361877,-0.050504643470048904,-0.06848204880952835,orbslam3_map,camera_color_optical_frame
1723528271.3581903,-4.017849922180176,-0.23156730830669403,-3.1229097843170166,-0.004186088219285011,0.9963410496711731,-0.05034096539020538,-0.06894025951623917,orbslam3_map,camera_color_optical_frame
1723528271.4248352,-4.021278381347656,-0.23262299597263336,-3.1399123668670654,-0.0033134478144347668,0.9963850975036621,-0.049246493726968765,-0.06914178282022476,orbslam3_map,camera_color_optical_frame
1723528271.491491,-4.024506092071533,-0.23344653844833374,-3.1570897102355957,-0.0024920464493334293,0.9963954091072083,-0.048736583441495895,-0.06938821822404861,orbslam3_map,camera_color_optical_frame
1723528271.524985,-4.02586555480957,-0.23425665497779846,-3.165234088897705,-0.0022114517632871866,0.996385395526886,-0.048272598534822464,-0.06986485421657562,orbslam3_map,camera_color_optical_frame
1723528271.5919766,-4.028938293457031,-0.2347080409526825,-3.1826515197753906,-0.0016724172746762633,0.9962697625160217,-0.04914626106619835,-0.07091142237186432,orbslam3_map,camera_color_optical_frame
1723528271.6254742,-4.030125617980957,-0.23509840667247772,-3.1909821033477783,-0.0016348258359357715,0.9962315559387207,-0.04889950156211853,-0.07161667197942734,orbslam3_map,camera_color_optical_frame
1723528271.7259705,-4.034016132354736,-0.2360997349023819,-3.2165277004241943,-0.0032506135758012533,0.9960684180259705,-0.050183337181806564,-0.07293010503053665,orbslam3_map,camera_color_optical_frame
1723528271.7594714,-4.034946918487549,-0.2361968606710434,-3.2252352237701416,-0.0038782397750765085,0.9960348606109619,-0.05053216591477394,-0.0731164887547493,orbslam3_map,camera_color_optical_frame
1723528271.8264754,-4.038269519805908,-0.2370624542236328,-3.2424044609069824,-0.0048034703359007835,0.9960163235664368,-0.050717875361442566,-0.0731862261891365,orbslam3_map,camera_color_optical_frame
1723528271.8934824,-4.041152477264404,-0.23817291855812073,-3.259822130203247,-0.004943333100527525,0.995986819267273,-0.05058343708515167,-0.07366947829723358,orbslam3_map,camera_color_optical_frame
1723528271.926987,-4.043044090270996,-0.23850613832473755,-3.268198013305664,-0.004756489302963018,0.9959765076637268,-0.05057951435446739,-0.07382381707429886,orbslam3_map,camera_color_optical_frame
1723528271.9939995,-4.046321392059326,-0.23951807618141174,-3.2854278087615967,-0.00418280391022563,0.9959380626678467,-0.0503377690911293,-0.07453791052103043,orbslam3_map,camera_color_optical_frame
1723528272.0275075,-4.048173904418945,-0.23973605036735535,-3.294281482696533,-0.003901286516338587,0.9958907961845398,-0.05086711421608925,-0.07482585310935974,orbslam3_map,camera_color_optical_frame
1723528272.1280348,-4.053408622741699,-0.24074412882328033,-3.3212697505950928,-0.0027965353801846504,0.9957289099693298,-0.052261389791965485,-0.07605817168951035,orbslam3_map,camera_color_optical_frame
1723528272.1950579,-4.056441783905029,-0.24145495891571045,-3.338663101196289,-0.0027016166131943464,0.9956173896789551,-0.053112708032131195,-0.07692746818065643,orbslam3_map,camera_color_optical_frame
1723528272.228571,-4.058572769165039,-0.24214054644107819,-3.347153663635254,-0.002608013805001974,0.9956053495407104,-0.05315418541431427,-0.07705734670162201,orbslam3_map,camera_color_optical_frame
1723528272.2955992,-4.061550617218018,-0.2428639680147171,-3.365147829055786,-0.0025905403308570385,0.9955512285232544,-0.053014617413282394,-0.07784908264875412,orbslam3_map,camera_color_optical_frame
1723528272.362631,-4.06444787979126,-0.24328762292861938,-3.383622407913208,-0.002758865477517247,0.9955205321311951,-0.05262502655386925,-0.07849811762571335,orbslam3_map,camera_color_optical_frame
1723528272.4296663,-4.067801475524902,-0.24405169486999512,-3.4018895626068115,-0.003066362114623189,0.9955307841300964,-0.05214473977684975,-0.07867641001939774,orbslam3_map,camera_color_optical_frame
1723528272.4967022,-4.071051120758057,-0.24506624042987823,-3.419917583465576,-0.003168433206155896,0.9955633878707886,-0.05181280896067619,-0.07847929000854492,orbslam3_map,camera_color_optical_frame
1723528272.5300484,-4.072973728179932,-0.2455785870552063,-3.4285056591033936,-0.0029383054934442043,0.9955775141716003,-0.051886484026908875,-0.07825950533151627,orbslam3_map,camera_color_optical_frame
1723528272.5967417,-4.075902938842773,-0.24634484946727753,-3.4470362663269043,-0.0031947807874530554,0.9955738186836243,-0.05201917514204979,-0.0782085508108139,orbslam3_map,camera_color_optical_frame
1723528272.6302614,-4.077529430389404,-0.24716447293758392,-3.4556798934936523,-0.002743148012086749,0.9956047534942627,-0.05191037431359291,-0.07790347188711166,orbslam3_map,camera_color_optical_frame
1723528272.697303,-4.080743789672852,-0.24796618521213531,-3.4743847846984863,-0.00244017131626606,0.9956204891204834,-0.052583593875169754,-0.07725876569747925,orbslam3_map,camera_color_optical_frame
1723528272.7643485,-4.083492755889893,-0.24884353578090668,-3.4926047325134277,-0.002071030205115676,0.9956518411636353,-0.053068701177835464,-0.07653003185987473,orbslam3_map,camera_color_optical_frame
1723528272.7978723,-4.085158348083496,-0.2491859644651413,-3.501664876937866,-0.001811137073673308,0.9956972002983093,-0.05326366424560547,-0.07580801099538803,orbslam3_map,camera_color_optical_frame
1723528272.831398,-4.086734771728516,-0.24980439245700836,-3.5105538368225098,-0.0017782340291887522,0.9957554340362549,-0.05343391373753548,-0.07491851598024368,orbslam3_map,camera_color_optical_frame
1723528272.898451,-4.089700222015381,-0.2508549690246582,-3.528912305831909,-0.001355471438728273,0.9959104061126709,-0.0528084859251976,-0.07329351454973221,orbslam3_map,camera_color_optical_frame
1723528272.9319787,-4.091240406036377,-0.2511545419692993,-3.5380454063415527,-0.0011679674498736858,0.9959818124771118,-0.0528133399784565,-0.07231729477643967,orbslam3_map,camera_color_optical_frame
1723528272.9990375,-4.093905925750732,-0.2521819770336151,-3.5565361976623535,-0.0006910890224389732,0.9960896968841553,-0.05250084772706032,-0.0710538923740387,orbslam3_map,camera_color_optical_frame
1723528273.0661004,-4.096393585205078,-0.2530440092086792,-3.575056314468384,-0.0011124158045277,0.9961807727813721,-0.052688516676425934,-0.06961703300476074,orbslam3_map,camera_color_optical_frame
1723528273.0996337,-4.097772598266602,-0.25343096256256104,-3.5840096473693848,-0.0014773535076528788,0.9962278604507446,-0.05299389734864235,-0.06869877129793167,orbslam3_map,camera_color_optical_frame
1723528273.2002375,-4.101700305938721,-0.25471267104148865,-3.611391067504883,-0.0026177025865763426,0.9963513016700745,-0.054447952657938004,-0.06567178666591644,orbslam3_map,camera_color_optical_frame
1723528273.2673118,-4.104112148284912,-0.2559296786785126,-3.629293441772461,-0.003072532592341304,0.9964341521263123,-0.05495893582701683,-0.06394555419683456,orbslam3_map,camera_color_optical_frame
1723528273.33439,-4.106328010559082,-0.2567593455314636,-3.647599458694458,-0.0034778756089508533,0.9965261220932007,-0.05507710203528404,-0.062371134757995605,orbslam3_map,camera_color_optical_frame
1723528273.4014719,-4.109371662139893,-0.25826331973075867,-3.6668004989624023,-0.0035687987692654133,0.9966577291488647,-0.05462433770298958,-0.06063678860664368,orbslam3_map,camera_color_optical_frame
1723528273.4685576,-4.112041473388672,-0.25950920581817627,-3.685215950012207,-0.003462156979367137,0.9968154430389404,-0.053927890956401825,-0.05864168331027031,orbslam3_map,camera_color_optical_frame
1723528273.5021024,-4.113232612609863,-0.26004651188850403,-3.6943869590759277,-0.003165006637573242,0.9968647956848145,-0.053983189165592194,-0.057761263102293015,orbslam3_map,camera_color_optical_frame
1723528273.569194,-4.114076614379883,-0.2605300843715668,-3.7132773399353027,-0.0027138881850987673,0.9969610571861267,-0.053915850818157196,-0.0561644546687603,orbslam3_map,camera_color_optical_frame
1723528273.636006,-4.115531921386719,-0.2616039514541626,-3.731828451156616,-0.002112964168190956,0.9970477819442749,-0.05401260778307915,-0.05453385412693024,orbslam3_map,camera_color_optical_frame
1723528273.702539,-4.117709636688232,-0.26237761974334717,-3.7502527236938477,-0.0015517208958044648,0.9971547722816467,-0.05423557385802269,-0.05232971906661987,orbslam3_map,camera_color_optical_frame
1723528273.769069,-4.119838237762451,-0.26291245222091675,-3.768751859664917,-0.0013524293899536133,0.9972670078277588,-0.0546758808195591,-0.04967227205634117,orbslam3_map,camera_color_optical_frame
1723528273.8023326,-4.120625972747803,-0.2634964883327484,-3.7794716358184814,-0.0016987343551591039,0.9972997903823853,-0.054965123534202576,-0.0486738346517086,orbslam3_map,camera_color_optical_frame
1723528273.8355966,-4.121474266052246,-0.2637527883052826,-3.788766384124756,-0.0018653477309271693,0.9973394870758057,-0.05518917366862297,-0.04758871719241142,orbslam3_map,camera_color_optical_frame
1723528273.9021213,-4.122993469238281,-0.2648164629936218,-3.808119535446167,-0.0021490086801350117,0.9974325299263,-0.05533730611205101,-0.045403748750686646,orbslam3_map,camera_color_optical_frame
1723528273.968643,-4.124668121337891,-0.26585090160369873,-3.826688051223755,-0.0029848830308765173,0.997536301612854,-0.055137503892183304,-0.04327039793133736,orbslam3_map,camera_color_optical_frame
1723528274.035162,-4.1262664794921875,-0.26667922735214233,-3.84561824798584,-0.003724438603967428,0.9976496696472168,-0.05484764650464058,-0.040902141481637955,orbslam3_map,camera_color_optical_frame
1723528274.1016784,-4.127232074737549,-0.26793283224105835,-3.8639421463012695,-0.004689401481300592,0.997767984867096,-0.05428113415837288,-0.03860912844538689,orbslam3_map,camera_color_optical_frame
1723528274.168192,-4.127519607543945,-0.2684326469898224,-3.883664846420288,-0.005572705529630184,0.9978593587875366,-0.053958602249622345,-0.036526087671518326,orbslam3_map,camera_color_optical_frame
1723528274.2347026,-4.129776954650879,-0.2699880301952362,-3.9028313159942627,-0.0060991863720119,0.9979713559150696,-0.05354275554418564,-0.033900000154972076,orbslam3_map,camera_color_optical_frame
1723528274.3012104,-4.130419731140137,-0.2706141769886017,-3.9214987754821777,-0.006460705306380987,0.9980188012123108,-0.05384649336338043,-0.03189456835389137,orbslam3_map,camera_color_optical_frame
1723528274.334463,-4.131601333618164,-0.2716650366783142,-3.930617570877075,-0.006615816615521908,0.9980679750442505,-0.05380448326468468,-0.0303582102060318,orbslam3_map,camera_color_optical_frame
1723528274.4009664,-4.13237190246582,-0.2725560963153839,-3.949216604232788,-0.006460549775511026,0.9981279373168945,-0.05406602472066879,-0.02785336785018444,orbslam3_map,camera_color_optical_frame
1723528274.4674675,-4.133744239807129,-0.27330881357192993,-3.968156576156616,-0.0059250518679618835,0.9981608986854553,-0.054767340421676636,-0.0253037940710783,orbslam3_map,camera_color_optical_frame
1723528274.5339656,-4.134267807006836,-0.2745448350906372,-3.986693859100342,-0.005099529400467873,0.9982070326805115,-0.0550391785800457,-0.022965596988797188,orbslam3_map,camera_color_optical_frame
1723528274.567214,-4.1348557472229,-0.27511894702911377,-3.9964492321014404,-0.005130899138748646,0.9982067942619324,-0.055535849183797836,-0.02174036018550396,orbslam3_map,camera_color_optical_frame
1723528274.6337342,-4.1358489990234375,-0.27638697624206543,-4.015099048614502,-0.004548580851405859,0.9982473850250244,-0.055814217776060104,-0.01913607120513916,orbslam3_map,camera_color_optical_frame
1723528274.7002752,-4.136543273925781,-0.27741682529449463,-4.034075736999512,-0.0037986512761563063,0.9983165860176086,-0.05543266236782074,-0.016635533422231674,orbslam3_map,camera_color_optical_frame
1723528274.7668133,-4.137166500091553,-0.2784966826438904,-4.052458763122559,-0.003536878852173686,0.9983648061752319,-0.05530573055148125,-0.014015715569257736,orbslam3_map,camera_color_optical_frame
1723528274.8333485,-4.1375041007995605,-0.2795025408267975,-4.070893287658691,-0.0035354678984731436,0.9983981251716614,-0.05527442693710327,-0.011554284952580929,orbslam3_map,camera_color_optical_frame
1723528274.8998814,-4.137904167175293,-0.2794245183467865,-4.091651439666748,-0.003319139126688242,0.9984192252159119,-0.05535920336842537,-0.009133824147284031,orbslam3_map,camera_color_optical_frame
1723528274.9664114,-4.1377105712890625,-0.28029000759124756,-4.110490798950195,-0.0034829103387892246,0.9984268546104431,-0.05553398281335831,-0.006902530789375305,orbslam3_map,camera_color_optical_frame
1723528275.032939,-4.138010025024414,-0.281250536441803,-4.1296706199646,-0.004025551490485668,0.9984276294708252,-0.0557357557117939,-0.004431460984051228,orbslam3_map,camera_color_optical_frame
1723528275.0994637,-4.137725830078125,-0.2820139527320862,-4.1489434242248535,-0.004829964600503445,0.9984553456306458,-0.05532866716384888,-0.001537072123028338,orbslam3_map,camera_color_optical_frame
1723528275.165986,-4.138608455657959,-0.2837933599948883,-4.168332099914551,-0.004985229577869177,0.9985009431838989,-0.054491668939590454,0.0012922509340569377,orbslam3_map,camera_color_optical_frame
1723528275.2325056,-4.138309001922607,-0.2850053906440735,-4.186840534210205,-0.004280398599803448,0.9985012412071228,-0.05443296581506729,0.0037458203732967377,orbslam3_map,camera_color_optical_frame
1723528275.3322792,-4.137540340423584,-0.28703826665878296,-4.2157464027404785,-0.0029984379652887583,0.9985231161117554,-0.05378340557217598,0.007068802136927843,orbslam3_map,camera_color_optical_frame
1723528275.3987923,-4.138708114624023,-0.28783512115478516,-4.236053943634033,-0.002054165583103895,0.9984700083732605,-0.054363444447517395,0.009903754107654095,orbslam3_map,camera_color_optical_frame
1723528275.4653025,-4.139169692993164,-0.28927427530288696,-4.254855632781982,-0.0012150994734838605,0.9984431862831116,-0.054230306297540665,0.012994738295674324,orbslam3_map,camera_color_optical_frame
1723528275.498557,-4.1381120681762695,-0.2897302806377411,-4.264167785644531,-0.0010606185533106327,0.9984382390975952,-0.05402222275733948,0.014195241034030914,orbslam3_map,camera_color_optical_frame
1723528275.5650635,-4.137159824371338,-0.29082271456718445,-4.283146381378174,-0.000503447896335274,0.9983702898025513,-0.054563913494348526,0.016711587086319923,orbslam3_map,camera_color_optical_frame
1723528275.6316576,-4.1366705894470215,-0.2918912172317505,-4.301661491394043,1.4579683920601383e-05,0.9982630610466003,-0.055644940584897995,0.019353074952960014,orbslam3_map,camera_color_optical_frame
1723528275.6985867,-4.135762691497803,-0.2925477921962738,-4.32131814956665,0.0006220057257451117,0.9982009530067444,-0.05577380582690239,0.021994467824697495,orbslam3_map,camera_color_optical_frame
1723528275.7320533,-4.13656759262085,-0.29325932264328003,-4.330235958099365,0.0007709005149081349,0.9981456398963928,-0.056221768260002136,0.023319007828831673,orbslam3_map,camera_color_optical_frame
1723528275.798993,-4.135025501251221,-0.2939685583114624,-4.349569320678711,0.0007430717814713717,0.9981623291969299,-0.05473017320036888,0.025999268516898155,orbslam3_map,camera_color_optical_frame
1723528275.8324664,-4.133913516998291,-0.29395487904548645,-4.359089374542236,0.00034025750937871635,0.9980865716934204,-0.0556790865957737,0.02688836306333542,orbslam3_map,camera_color_optical_frame
1723528275.899417,-4.133047103881836,-0.2949489653110504,-4.379120826721191,0.0008254290441982448,0.9980718493461609,-0.054432522505521774,0.02981751598417759,orbslam3_map,camera_color_optical_frame
1723528275.9663749,-4.131595611572266,-0.29628345370292664,-4.398116588592529,0.0014407718554139137,0.9980403780937195,-0.053517431020736694,0.032392244786024094,orbslam3_map,camera_color_optical_frame
1723528276.03334,-4.130897045135498,-0.297015517950058,-4.417200565338135,0.0025378004647791386,0.9979386329650879,-0.05389929935336113,0.034740544855594635,orbslam3_map,camera_color_optical_frame
1723528276.1003127,-4.129459381103516,-0.29853665828704834,-4.436836242675781,0.004011914134025574,0.9979004263877869,-0.05309775471687317,0.036868710070848465,orbslam3_map,camera_color_optical_frame
1723528276.1338012,-4.128941535949707,-0.298798531293869,-4.447200775146484,0.0049444944597780704,0.997876763343811,-0.05243567377328873,0.03831500560045242,orbslam3_map,camera_color_optical_frame
1723528276.2007847,-4.1277995109558105,-0.2999614477157593,-4.4656782150268555,0.005588280502706766,0.9977722764015198,-0.052409857511520386,0.04089618846774101,orbslam3_map,camera_color_optical_frame
1723528276.3012738,-4.125184059143066,-0.30152419209480286,-4.494189739227295,0.005169671960175037,0.9976087808609009,-0.05266294628381729,0.04445922374725342,orbslam3_map,camera_color_optical_frame
1723528276.3682756,-4.123764514923096,-0.30205950140953064,-4.512933731079102,0.0044915806502103806,0.9974954128265381,-0.05275018885731697,0.04690667614340782,orbslam3_map,camera_color_optical_frame
1723528276.4352846,-4.120406150817871,-0.30391186475753784,-4.532070636749268,0.0033671725541353226,0.9974114894866943,-0.05213744938373566,0.04940356686711311,orbslam3_map,camera_color_optical_frame
1723528276.4687912,-4.119187355041504,-0.30412188172340393,-4.541683673858643,0.0027322364039719105,0.997328519821167,-0.0526965968310833,0.05051148682832718,orbslam3_map,camera_color_optical_frame
1723528276.5693243,-4.115685939788818,-0.30537739396095276,-4.570704460144043,0.001949104480445385,0.997115433216095,-0.05311064049601555,0.054187797009944916,orbslam3_map,camera_color_optical_frame
1723528276.6028383,-4.114545822143555,-0.306281179189682,-4.580646514892578,0.001933378167450428,0.997053861618042,-0.05340120196342468,0.05502844229340553,orbslam3_map,camera_color_optical_frame
1723528276.7029576,-4.111368656158447,-0.3076038956642151,-4.608874320983887,0.0023312284611165524,0.9968368411064148,-0.054202619940042496,0.05807777866721153,orbslam3_map,camera_color_optical_frame
1723528276.7695615,-4.109750747680664,-0.30846330523490906,-4.629743576049805,0.0030265245586633682,0.9966555833816528,-0.054608263075351715,0.06071648746728897,orbslam3_map,camera_color_optical_frame
1723528276.8361635,-4.107584476470947,-0.3096323311328888,-4.648826599121094,0.0037948896642774343,0.9964889287948608,-0.05460309237241745,0.06335560977458954,orbslam3_map,camera_color_optical_frame
1723528276.8694637,-4.106751441955566,-0.309869647026062,-4.658303737640381,0.004424571059644222,0.9964036345481873,-0.05503254011273384,0.06427805125713348,orbslam3_map,camera_color_optical_frame
1723528276.9360633,-4.104105472564697,-0.31153398752212524,-4.677126884460449,0.004749640356749296,0.9963071346282959,-0.054735857993364334,0.06598137319087982,orbslam3_map,camera_color_optical_frame
1723528277.0026615,-4.100519180297852,-0.3118322193622589,-4.6967034339904785,0.004454092588275671,0.9961895942687988,-0.05459677055478096,0.06786549091339111,orbslam3_map,camera_color_optical_frame
1723528277.0359607,-4.098870277404785,-0.31260964274406433,-4.706081390380859,0.004154509399086237,0.9960997104644775,-0.05480394884943962,0.06902657449245453,orbslam3_map,camera_color_optical_frame
1723528277.1025567,-4.095888614654541,-0.3138801157474518,-4.724673271179199,0.00259655574336648,0.9959417581558228,-0.05466386675834656,0.0714508518576622,orbslam3_map,camera_color_optical_frame
1723528277.169151,-4.0928449630737305,-0.31480199098587036,-4.745010852813721,0.0013862814521417022,0.9957879781723022,-0.05506042018532753,0.07329865545034409,orbslam3_map,camera_color_optical_frame
1723528277.2690392,-4.089061737060547,-0.3162219524383545,-4.773016452789307,0.0007797298021614552,0.995559573173523,-0.05527257174253464,0.07619401812553406,orbslam3_map,camera_color_optical_frame
1723528277.33563,-4.086521148681641,-0.3173653781414032,-4.791903018951416,0.0006372962961904705,0.9953764081001282,-0.05564028024673462,0.07829222083091736,orbslam3_map,camera_color_optical_frame
1723528277.402219,-4.083525657653809,-0.31823164224624634,-4.810601234436035,0.0008573297527618706,0.9952149987220764,-0.0554976686835289,0.0804143026471138,orbslam3_map,camera_color_optical_frame
1723528277.4688065,-4.080645561218262,-0.3185882270336151,-4.8286213874816895,0.001279294490814209,0.9950324296951294,-0.05558891221880913,0.08257590234279633,orbslam3_map,camera_color_optical_frame
1723528277.5353925,-4.07774019241333,-0.3199348747730255,-4.847805500030518,0.0016109871212393045,0.9949070811271667,-0.05493972823023796,0.0844922587275505,orbslam3_map,camera_color_optical_frame
1723528277.601977,-4.07461404800415,-0.3207772672176361,-4.866743564605713,0.0020488551817834377,0.9947383999824524,-0.05445857346057892,0.08675076812505722,orbslam3_map,camera_color_optical_frame
1723528277.6685765,-4.071290969848633,-0.32197305560112,-4.885499000549316,0.002108287997543812,0.9946275353431702,-0.05403072014451027,0.08827441930770874,orbslam3_map,camera_color_optical_frame
1723528277.7351882,-4.068300247192383,-0.3228856325149536,-4.903985500335693,0.002259329427033663,0.9944642186164856,-0.054201509803533554,0.08998933434486389,orbslam3_map,camera_color_optical_frame
1723528277.8017986,-4.065000057220459,-0.32382556796073914,-4.923464298248291,0.0022251468617469072,0.9942944645881653,-0.05429032817482948,0.09179434180259705,orbslam3_map,camera_color_optical_frame
1723528277.8351038,-4.063073635101318,-0.32469823956489563,-4.933609485626221,0.002052631927654147,0.9942072033882141,-0.054263886064291,0.09275361150503159,orbslam3_map,camera_color_optical_frame
1723528277.901712,-4.059561729431152,-0.32588478922843933,-4.952419757843018,0.0015173800056800246,0.9940248727798462,-0.053692929446697235,0.09502337127923965,orbslam3_map,camera_color_optical_frame
1723528277.9683187,-4.055878162384033,-0.3266521990299225,-4.971243858337402,0.0010621448745951056,0.9938114285469055,-0.0534975491464138,0.09734328836202621,orbslam3_map,camera_color_optical_frame
1723528278.034924,-4.051745891571045,-0.32766714692115784,-4.99025821685791,0.0008030653698369861,0.9936612248420715,-0.05279078334569931,0.09924681484699249,orbslam3_map,camera_color_optical_frame
1723528278.101528,-4.047420024871826,-0.3286132514476776,-5.009796619415283,0.0006675759796053171,0.993481457233429,-0.05254850909113884,0.10115743428468704,orbslam3_map,camera_color_optical_frame
1723528278.1681306,-4.043289661407471,-0.32934170961380005,-5.028561115264893,0.00017712997214403003,0.9932680726051331,-0.052774135023355484,0.10311858355998993,orbslam3_map,camera_color_optical_frame
1723528278.2014306,-4.041055202484131,-0.32953494787216187,-5.037890434265137,0.00021915917750447989,0.993170440196991,-0.05287115275859833,0.1040051281452179,orbslam3_map,camera_color_optical_frame
1723528278.301331,-4.035127639770508,-0.33091676235198975,-5.066152095794678,0.0006254055770114064,0.9928791522979736,-0.0525587759912014,0.10690236836671829,orbslam3_map,camera_color_optical_frame
1723528278.3679292,-4.031205654144287,-0.3320835828781128,-5.08522891998291,0.0012312364997342229,0.9926761984825134,-0.05192297324538231,0.10907092690467834,orbslam3_map,camera_color_optical_frame
1723528278.4012272,-4.029483318328857,-0.3327617347240448,-5.094557285308838,0.0014121091226115823,0.9925707578659058,-0.05144169554114342,0.11025017499923706,orbslam3_map,camera_color_optical_frame
1723528278.4678233,-4.02560567855835,-0.33341681957244873,-5.112996578216553,0.002406081883236766,0.9923152327537537,-0.05097901076078415,0.11271998286247253,orbslam3_map,camera_color_optical_frame
1723528278.5344176,-4.02130126953125,-0.33460068702697754,-5.131782054901123,0.0031175599433481693,0.9920941591262817,-0.05076822638511658,0.11472608894109726,orbslam3_map,camera_color_optical_frame
1723528278.6010108,-4.016730308532715,-0.33556216955184937,-5.153578281402588,0.0035542428959161043,0.991827666759491,-0.051059745252132416,0.11686825007200241,orbslam3_map,camera_color_optical_frame
1723528278.6676118,-4.01160192489624,-0.3364020586013794,-5.1720123291015625,0.0035527609288692474,0.9916083812713623,-0.05088500306010246,0.11878971755504608,orbslam3_map,camera_color_optical_frame
1723528278.7675226,-4.004455089569092,-0.3375217318534851,-5.199469089508057,0.002312093274667859,0.9911550283432007,-0.052402663975954056,0.12190303951501846,orbslam3_map,camera_color_optical_frame
1723528278.8008249,-4.001885890960693,-0.33809465169906616,-5.208946228027344,0.002169122453778982,0.990983247756958,-0.05279570817947388,0.12312629818916321,orbslam3_map,camera_color_optical_frame
1723528278.8674293,-3.996558666229248,-0.33928999304771423,-5.227147579193115,0.0014012197498232126,0.9906936883926392,-0.053564611822366714,0.12511934340000153,orbslam3_map,camera_color_optical_frame
1723528278.900731,-3.9945828914642334,-0.33976349234580994,-5.238140106201172,0.0010730881476774812,0.9905027151107788,-0.054082561284303665,0.12640538811683655,orbslam3_map,camera_color_optical_frame
1723528278.9673333,-3.989501714706421,-0.34055185317993164,-5.256434917449951,0.000758509908337146,0.9902215600013733,-0.05377062037587166,0.12872254848480225,orbslam3_map,camera_color_optical_frame
1723528279.067233,-3.981675624847412,-0.34149566292762756,-5.2865471839904785,0.0005729608237743378,0.9897591471672058,-0.053461089730262756,0.13235706090927124,orbslam3_map,camera_color_optical_frame
1723528279.1671305,-3.9739134311676025,-0.3430223762989044,-5.314831733703613,0.001076070824638009,0.9893566966056824,-0.052806027233600616,0.13558636605739594,orbslam3_map,camera_color_optical_frame
1723528279.2004285,-3.971602439880371,-0.3433167338371277,-5.324388027191162,0.0013215941144153476,0.9891752600669861,-0.052941858768463135,0.1368495523929596,orbslam3_map,camera_color_optical_frame
1723528279.3003216,-3.9633195400238037,-0.3447639048099518,-5.352763652801514,0.0013623649720102549,0.9887475371360779,-0.052344463765621185,0.14013023674488068,orbslam3_map,camera_color_optical_frame
1723528279.4002101,-3.954848051071167,-0.3464699685573578,-5.383576393127441,0.0011664628982543945,0.9883080124855042,-0.051988355815410614,0.1433289498090744,orbslam3_map,camera_color_optical_frame
1723528279.5000966,-3.946423053741455,-0.34789443016052246,-5.411100387573242,0.0011628905776888132,0.9878214001655579,-0.051966600120067596,0.14665278792381287,orbslam3_map,camera_color_optical_frame
1723528279.5999787,-3.9371020793914795,-0.3497928977012634,-5.4390740394592285,0.001085601281374693,0.9874010682106018,-0.051229994744062424,0.14971134066581726,orbslam3_map,camera_color_optical_frame
1723528279.6665812,-3.9314310550689697,-0.35063251852989197,-5.458714962005615,0.0011359406635165215,0.987056314945221,-0.051120538264513016,0.15200427174568176,orbslam3_map,camera_color_optical_frame
1723528279.6998894,-3.9286839962005615,-0.3517306447029114,-5.467866897583008,0.0010767841013148427,0.9868926405906677,-0.050867680460214615,0.15314772725105286,orbslam3_map,camera_color_optical_frame
1723528279.7665038,-3.9223244190216064,-0.35236531496047974,-5.486593246459961,0.0012677775230258703,0.9865638017654419,-0.05131096765398979,0.15510472655296326,orbslam3_map,camera_color_optical_frame
1723528279.8331172,-3.916179656982422,-0.35292378067970276,-5.504268646240234,0.0013776894193142653,0.9862203598022461,-0.05182935297489166,0.15710273385047913,orbslam3_map,camera_color_optical_frame
1723528279.8997293,-3.9101383686065674,-0.3540067970752716,-5.522253036499023,0.0014502283884212375,0.9858511686325073,-0.05216071754693985,0.15929414331912994,orbslam3_map,camera_color_optical_frame
1723528279.9663398,-3.9041545391082764,-0.35456666350364685,-5.540242671966553,0.0013411338441073895,0.9854768514633179,-0.0526837483048439,0.16142502427101135,orbslam3_map,camera_color_optical_frame
1723528280.0329494,-3.897596597671509,-0.35566115379333496,-5.558416843414307,0.0009299159864895046,0.9851003289222717,-0.05290895700454712,0.16363711655139923,orbslam3_map,camera_color_optical_frame
1723528280.0995579,-3.8909082412719727,-0.35623160004615784,-5.5787529945373535,0.0006982654449529946,0.9846692681312561,-0.05367184802889824,0.16596771776676178,orbslam3_map,camera_color_optical_frame
1723528280.1661646,-3.8843002319335938,-0.35699301958084106,-5.597062110900879,0.0005622386815957725,0.9842807650566101,-0.05381760746240616,0.16821034252643585,orbslam3_map,camera_color_optical_frame
1723528280.2327704,-3.8785810470581055,-0.3585571348667145,-5.61575984954834,0.000711705069988966,0.9839240312576294,-0.053200773894786835,0.17047782242298126,orbslam3_map,camera_color_optical_frame
1723528280.299375,-3.8725380897521973,-0.359212726354599,-5.633756637573242,0.0007273700903169811,0.9835383296012878,-0.05315706878900528,0.17270256578922272,orbslam3_map,camera_color_optical_frame
1723528280.3659782,-3.865361452102661,-0.36024126410484314,-5.651782512664795,0.0008202478056773543,0.983162522315979,-0.05310635268688202,0.1748441904783249,orbslam3_map,camera_color_optical_frame
1723528280.4325802,-3.8588433265686035,-0.36118605732917786,-5.66979455947876,0.0010418454185128212,0.982716977596283,-0.05326627939939499,0.1772821992635727,orbslam3_map,camera_color_optical_frame
1723528280.499181,-3.8525781631469727,-0.36251208186149597,-5.687259674072266,0.0016189849702641368,0.9823055863380432,-0.05316505581140518,0.17957358062267303,orbslam3_map,camera_color_optical_frame
1723528280.5657804,-3.845611572265625,-0.3628682792186737,-5.705547332763672,0.0018284363904967904,0.9819369912147522,-0.053374700248241425,0.1815146505832672,orbslam3_map,camera_color_optical_frame
1723528280.5990794,-3.8414032459259033,-0.36336949467658997,-5.714427947998047,0.0020448481664061546,0.98182213306427,-0.052972350269556046,0.18224993348121643,orbslam3_map,camera_color_optical_frame
1723528280.6656916,-3.8351316452026367,-0.3644934892654419,-5.732133388519287,0.0023693616967648268,0.9814299941062927,-0.05226989462971687,0.18454645574092865,orbslam3_map,camera_color_optical_frame
1723528280.7323158,-3.8280720710754395,-0.36457473039627075,-5.750320911407471,0.0024365317076444626,0.9810144305229187,-0.05226094648241997,0.18674468994140625,orbslam3_map,camera_color_optical_frame
1723528280.7989388,-3.8208117485046387,-0.36540696024894714,-5.768216133117676,0.0022029108367860317,0.9806621074676514,-0.05172407999634743,0.18873688578605652,orbslam3_map,camera_color_optical_frame
1723528280.83225,-3.8175301551818848,-0.3660118579864502,-5.7772932052612305,0.0018959931330755353,0.9804445505142212,-0.05142040550708771,0.18994958698749542,orbslam3_map,camera_color_optical_frame
1723528280.932181,-3.8073782920837402,-0.3674994111061096,-5.802724361419678,0.0007832816918380558,0.9797818660736084,-0.050757717341184616,0.1935214400291443,orbslam3_map,camera_color_optical_frame
1723528280.9988,-3.7992563247680664,-0.3683723211288452,-5.8199028968811035,0.00033493287628516555,0.9793540239334106,-0.05058539658784866,0.1957210898399353,orbslam3_map,camera_color_optical_frame
1723528281.0654182,-3.7921459674835205,-0.3691820204257965,-5.837672710418701,4.003848516731523e-05,0.978879451751709,-0.0502120666205883,0.19817624986171722,orbslam3_map,camera_color_optical_frame
1723528281.098727,-3.7876811027526855,-0.3698275685310364,-5.846822261810303,-8.566661563236266e-05,0.9786774516105652,-0.05007803067564964,0.19920508563518524,orbslam3_map,camera_color_optical_frame
1723528281.1653433,-3.7797555923461914,-0.3705191910266876,-5.864779949188232,-9.040284203365445e-05,0.9781721830368042,-0.049954719841480255,0.20170219242572784,orbslam3_map,camera_color_optical_frame
1723528281.2319582,-3.77213191986084,-0.3711235821247101,-5.882363796234131,3.5561930417316034e-05,0.9775999188423157,-0.05023353546857834,0.2043893188238144,orbslam3_map,camera_color_optical_frame
1723528281.2985718,-3.7649948596954346,-0.372699111700058,-5.900065898895264,0.0005309505504556,0.9769316911697388,-0.05039987713098526,0.20751897990703583,orbslam3_map,camera_color_optical_frame
1723528281.365184,-3.7572789192199707,-0.37333860993385315,-5.917416572570801,0.0006472334498539567,0.9763100743293762,-0.05084766075015068,0.21031591296195984,orbslam3_map,camera_color_optical_frame
1723528281.4317954,-3.7492547035217285,-0.3740590512752533,-5.934468746185303,0.0011917295632883906,0.9757320880889893,-0.05116429179906845,0.21290309727191925,orbslam3_map,camera_color_optical_frame
1723528281.4984052,-3.741467237472534,-0.37492895126342773,-5.9525957107543945,0.002160903299227357,0.9751074314117432,-0.051289841532707214,0.21570861339569092,orbslam3_map,camera_color_optical_frame
1723528281.565014,-3.732675552368164,-0.3755096197128296,-5.969665050506592,0.0027245956007391214,0.9746242165565491,-0.05137486755847931,0.21785534918308258,orbslam3_map,camera_color_optical_frame
1723528281.6316218,-3.725071668624878,-0.37639009952545166,-5.986958980560303,0.0030125449411571026,0.9739938378334045,-0.05125116556882858,0.22068139910697937,orbslam3_map,camera_color_optical_frame
1723528281.6982393,-3.7165279388427734,-0.377266526222229,-6.003349304199219,0.0028073384892195463,0.9734227657318115,-0.0515437088906765,0.223122239112854,orbslam3_map,camera_color_optical_frame
1723528281.764855,-3.7080883979797363,-0.37905463576316833,-6.021595478057861,0.0022937178146094084,0.972748875617981,-0.05125540867447853,0.22611334919929504,orbslam3_map,camera_color_optical_frame
1723528281.8314695,-3.6993613243103027,-0.3799254298210144,-6.039087772369385,0.001638085232116282,0.9720932245254517,-0.05163674056529999,0.22883562743663788,orbslam3_map,camera_color_optical_frame
1723528281.8980825,-3.6910879611968994,-0.38075748085975647,-6.055566310882568,0.001043249387294054,0.9715126156806946,-0.05171053856611252,0.231275275349617,orbslam3_map,camera_color_optical_frame
1723528281.9646943,-3.681295156478882,-0.3815596103668213,-6.0740556716918945,0.0008718242752365768,0.9708901047706604,-0.05129382014274597,0.23396731913089752,orbslam3_map,camera_color_optical_frame
1723528282.0313046,-3.6728575229644775,-0.3823404610157013,-6.0911641120910645,0.0010400820756331086,0.9702513813972473,-0.05124267563223839,0.23661231994628906,orbslam3_map,camera_color_optical_frame
1723528282.0979135,-3.663618564605713,-0.3830019533634186,-6.108153343200684,0.0011732657440006733,0.9696407914161682,-0.05092589929699898,0.23916921019554138,orbslam3_map,camera_color_optical_frame
1723528282.164521,-3.6555473804473877,-0.38399791717529297,-6.124918460845947,0.00144383090082556,0.9688727259635925,-0.050494369119405746,0.24235059320926666,orbslam3_map,camera_color_optical_frame
1723528282.2311273,-3.646512746810913,-0.3847883343696594,-6.141561985015869,0.002104463055729866,0.9680221676826477,-0.05077981576323509,0.245662659406662,orbslam3_map,camera_color_optical_frame
1723528282.264429,-3.6423399448394775,-0.38524430990219116,-6.149974346160889,0.0024950241204351187,0.9675569534301758,-0.05055279657244682,0.2475312352180481,orbslam3_map,camera_color_optical_frame
1723528282.3310332,-3.63224720954895,-0.3857937753200531,-6.165651798248291,0.0031727526802569628,0.9666187763214111,-0.05081934109330177,0.2511085271835327,orbslam3_map,camera_color_optical_frame
1723528282.3976357,-3.6231157779693604,-0.3863813579082489,-6.181694030761719,0.0036213055718690157,0.965661346912384,-0.05084910988807678,0.25475385785102844,orbslam3_map,camera_color_optical_frame
1723528282.430937,-3.6182937622070312,-0.3864457905292511,-6.189992904663086,0.003661308204755187,0.9651744961738586,-0.050910405814647675,0.2565792202949524,orbslam3_map,camera_color_optical_frame
1723528282.4975376,-3.6107137203216553,-0.38711637258529663,-6.19798469543457,0.0036738093476742506,0.9643030166625977,-0.05033458024263382,0.25994738936424255,orbslam3_map,camera_color_optical_frame
1723528282.5308368,-3.6054396629333496,-0.3877048194408417,-6.206058502197266,0.0035463166423141956,0.9638102650642395,-0.05053919553756714,0.2617308795452118,orbslam3_map,camera_color_optical_frame
1723528282.5974352,-3.5936312675476074,-0.38950544595718384,-6.230680465698242,0.0030439149122685194,0.9625535607337952,-0.05036529153585434,0.26635459065437317,orbslam3_map,camera_color_optical_frame
1723528282.6640425,-3.583547592163086,-0.3902313709259033,-6.24613094329834,0.00204968242906034,0.9613246321678162,-0.05055660381913185,0.2707301378250122,orbslam3_map,camera_color_optical_frame
1723528282.7306569,-3.5728800296783447,-0.390624463558197,-6.261630535125732,0.0015102269826456904,0.9601441621780396,-0.05108365789055824,0.27479350566864014,orbslam3_map,camera_color_optical_frame
1723528282.79727,-3.5627565383911133,-0.3916899263858795,-6.277115345001221,0.0016402496257796884,0.9589220881462097,-0.05075448006391525,0.27908721566200256,orbslam3_map,camera_color_optical_frame
1723528282.8305767,-3.558145523071289,-0.3919093608856201,-6.282721042633057,0.001683708163909614,0.9582940340042114,-0.05084105581045151,0.28122028708457947,orbslam3_map,camera_color_optical_frame
1723528282.8971877,-3.5480570793151855,-0.3928278088569641,-6.297903537750244,0.002499995054677129,0.9570462703704834,-0.050614289939403534,0.28547221422195435,orbslam3_map,camera_color_optical_frame
1723528282.9637973,-3.5374233722686768,-0.3937094807624817,-6.31455659866333,0.003711551893502474,0.955702543258667,-0.0508061982691288,0.2898924946784973,orbslam3_map,camera_color_optical_frame
1723528283.0304055,-3.527456521987915,-0.3941200375556946,-6.32930850982666,0.004436730872839689,0.9544290900230408,-0.05080337077379227,0.2940484583377838,orbslam3_map,camera_color_optical_frame
1723528283.097012,-3.517002582550049,-0.3951277732849121,-6.343849182128906,0.004995110910385847,0.9531687498092651,-0.051134560257196426,0.2980431914329529,orbslam3_map,camera_color_optical_frame
1723528283.1303144,-3.5115466117858887,-0.3953932821750641,-6.351620674133301,0.005033805035054684,0.9524508714675903,-0.051246680319309235,0.30030950903892517,orbslam3_map,camera_color_optical_frame
1723528283.1969192,-3.4995570182800293,-0.3962712585926056,-6.367943286895752,0.004521832801401615,0.9510876536369324,-0.0519704595208168,0.3044847548007965,orbslam3_map,camera_color_optical_frame
1723528283.2635221,-3.488297939300537,-0.3969477117061615,-6.382055282592773,0.003583371639251709,0.9496091604232788,-0.05218718573451042,0.30904078483581543,orbslam3_map,camera_color_optical_frame
1723528283.296824,-3.482781410217285,-0.39752042293548584,-6.388914108276367,0.003337195608764887,0.9488586187362671,-0.05188081040978432,0.3113913834095001,orbslam3_map,camera_color_optical_frame
1723528283.3634248,-3.4708666801452637,-0.39805200695991516,-6.404057025909424,0.0025038111489266157,0.9473179578781128,-0.05218401178717613,0.3160052001476288,orbslam3_map,camera_color_optical_frame
1723528283.3967242,-3.464968681335449,-0.39844828844070435,-6.411113262176514,0.00220217346213758,0.9465264678001404,-0.05238853767514229,0.31833675503730774,orbslam3_map,camera_color_optical_frame
1723528283.463323,-3.45391583442688,-0.39925631880760193,-6.424891948699951,0.0020734001882374287,0.9448559880256653,-0.052617479115724564,0.323224812746048,orbslam3_map,camera_color_optical_frame
1723528283.5299208,-3.4417543411254883,-0.3995063900947571,-6.438769340515137,0.0022310332860797644,0.9431654214859009,-0.05317254364490509,0.3280346691608429,orbslam3_map,camera_color_optical_frame
1723528283.5632195,-3.4359121322631836,-0.3998842239379883,-6.4452900886535645,0.0025321301072835922,0.9422860741615295,-0.053210172802209854,0.3305438458919525,orbslam3_map,camera_color_optical_frame
1723528283.6298153,-3.4234602451324463,-0.40127068758010864,-6.461977958679199,0.003158347448334098,0.9404323697090149,-0.05323043465614319,0.3357729911804199,orbslam3_map,camera_color_optical_frame
1723528283.696483,-3.411139965057373,-0.4016202688217163,-6.475318908691406,0.0038722429890185595,0.938769519329071,-0.05296698212623596,0.3404282331466675,orbslam3_map,camera_color_optical_frame
1723528283.7631495,-3.39949369430542,-0.40229833126068115,-6.489493370056152,0.004053954035043716,0.9369168877601624,-0.0528586283326149,0.3455086946487427,orbslam3_map,camera_color_optical_frame
1723528283.7964823,-3.3924357891082764,-0.40229910612106323,-6.496011734008789,0.004163946025073528,0.9361504316329956,-0.0527094230055809,0.34760141372680664,orbslam3_map,camera_color_optical_frame
1723528283.8964815,-3.3735544681549072,-0.4029233157634735,-6.51609468460083,0.004243474919348955,0.9333268404006958,-0.05188477039337158,0.355233758687973,orbslam3_map,camera_color_optical_frame
1723528283.9631462,-3.361006736755371,-0.4035158157348633,-6.528855800628662,0.004290747456252575,0.9314079880714417,-0.05103525519371033,0.3603556156158447,orbslam3_map,camera_color_optical_frame
1723528284.0631418,-3.341510772705078,-0.4044966399669647,-6.5478620529174805,0.00393526628613472,0.9284027218818665,-0.05049355700612068,0.36810773611068726,orbslam3_map,camera_color_optical_frame
1723528284.1298048,-3.328277587890625,-0.4055037796497345,-6.561261177062988,0.0033673506695777178,0.9261595606803894,-0.05057913810014725,0.3737097382545471,orbslam3_map,camera_color_optical_frame
1723528284.1964674,-3.315112352371216,-0.40605950355529785,-6.573106288909912,0.002809362718835473,0.9238827228546143,-0.05087226256728172,0.3792688846588135,orbslam3_map,camera_color_optical_frame
1723528284.2964604,-3.295165538787842,-0.4076322615146637,-6.592315196990967,0.003133157268166542,0.9203737378120422,-0.050377506762742996,0.3877686858177185,orbslam3_map,camera_color_optical_frame
1723528284.363121,-3.2823092937469482,-0.40827637910842896,-6.603653907775879,0.0034579841885715723,0.918121337890625,-0.05036170035600662,0.39307135343551636,orbslam3_map,camera_color_optical_frame
1723528284.3964505,-3.2752816677093506,-0.4086562693119049,-6.609470367431641,0.0035241383593529463,0.9170292019844055,-0.05052045360207558,0.39559170603752136,orbslam3_map,camera_color_optical_frame
1723528284.4631104,-3.2621140480041504,-0.40903517603874207,-6.620969772338867,0.0037461849860846996,0.914525032043457,-0.05047900602221489,0.40135008096694946,orbslam3_map,camera_color_optical_frame
1723528284.5297694,-3.2483832836151123,-0.4096169173717499,-6.632637023925781,0.0041160681284964085,0.911950945854187,-0.0504501648247242,0.4071650505065918,orbslam3_map,camera_color_optical_frame
1723528284.596428,-3.234467029571533,-0.41015252470970154,-6.64419412612915,0.00470272870734334,0.9094516634941101,-0.05013734847307205,0.41274920105934143,orbslam3_map,camera_color_optical_frame
1723528284.6963623,-3.213287115097046,-0.4109257757663727,-6.661070346832275,0.004993121139705181,0.9057374596595764,-0.04955895617604256,0.4209021031856537,orbslam3_map,camera_color_optical_frame
1723528284.7629654,-3.19954776763916,-0.41190579533576965,-6.671637535095215,0.005424336064606905,0.9032496809959412,-0.04945550858974457,0.42622148990631104,orbslam3_map,camera_color_optical_frame
1723528284.8295674,-3.185187578201294,-0.41231462359428406,-6.682042598724365,0.005541445687413216,0.9007639288902283,-0.04973326623439789,0.43141651153564453,orbslam3_map,camera_color_optical_frame
1723528284.862867,-3.178044319152832,-0.41250550746917725,-6.686984539031982,0.005616870708763599,0.8995123505592346,-0.04946652054786682,0.43404966592788696,orbslam3_map,camera_color_optical_frame
1723528284.9294665,-3.1642463207244873,-0.4133037328720093,-6.697242259979248,0.005441485904157162,0.8971001505851746,-0.04963534325361252,0.4389966130256653,orbslam3_map,camera_color_optical_frame
1723528284.9960644,-3.1496500968933105,-0.41377711296081543,-6.7074198722839355,0.005482003558427095,0.89482581615448,-0.05003467574715614,0.443568617105484,orbslam3_map,camera_color_optical_frame
1723528285.0626607,-3.135091543197632,-0.41444894671440125,-6.717507839202881,0.005183498375117779,0.892521858215332,-0.050523459911346436,0.4481353163719177,orbslam3_map,camera_color_optical_frame
1723528285.1292553,-3.1201088428497314,-0.41481253504753113,-6.7276411056518555,0.004574506543576717,0.8903473615646362,-0.050645776093006134,0.45243313908576965,orbslam3_map,camera_color_optical_frame
1723528285.1958487,-3.105275869369507,-0.4153427183628082,-6.7375898361206055,0.0035703598987311125,0.8882917761802673,-0.050777725875377655,0.4564500153064728,orbslam3_map,camera_color_optical_frame
1723528285.2624402,-3.08986759185791,-0.4158221185207367,-6.748021602630615,0.0028351345099508762,0.8866052627563477,-0.05066598579287529,0.4597346782684326,orbslam3_map,camera_color_optical_frame
1723528285.32903,-3.074737071990967,-0.4162152111530304,-6.757646560668945,0.002234391402453184,0.8850286602973938,-0.05070186406373978,0.46276193857192993,orbslam3_map,camera_color_optical_frame
1723528285.3956187,-3.060088872909546,-0.41691094636917114,-6.766562461853027,0.0013118656352162361,0.8837225437164307,-0.05105012655258179,0.46521684527397156,orbslam3_map,camera_color_optical_frame
1723528285.4622054,-3.045137882232666,-0.4173409342765808,-6.776331424713135,0.0010457736207172275,0.8823922872543335,-0.051534272730350494,0.4676826298236847,orbslam3_map,camera_color_optical_frame
1723528285.5287907,-3.031393527984619,-0.41798943281173706,-6.786008358001709,0.0010910856071859598,0.8812752366065979,-0.051532112061977386,0.4697842299938202,orbslam3_map,camera_color_optical_frame
1723528285.6286669,-3.0095055103302,-0.4189545810222626,-6.801461219787598,0.001594041008502245,0.8794824481010437,-0.05095311254262924,0.47319328784942627,orbslam3_map,camera_color_optical_frame
1723528285.6952841,-2.9945411682128906,-0.41970622539520264,-6.811350345611572,0.001941285328939557,0.8783254623413086,-0.05030500143766403,0.47540512681007385,orbslam3_map,camera_color_optical_frame
1723528285.7952068,-2.971006393432617,-0.4207240045070648,-6.826383590698242,0.002513329265639186,0.8765072226524353,-0.049193188548088074,0.47886204719543457,orbslam3_map,camera_color_optical_frame
1723528285.8618205,-2.956324338912964,-0.42110440135002136,-6.836061477661133,0.002982377540320158,0.875145673751831,-0.048515044152736664,0.48141196370124817,orbslam3_map,camera_color_optical_frame
1723528285.8951275,-2.9474945068359375,-0.4216058552265167,-6.841227054595947,0.003118965309113264,0.874525785446167,-0.04837266728281975,0.48255056142807007,orbslam3_map,camera_color_optical_frame
1723528285.9617395,-2.932624101638794,-0.42215707898139954,-6.850489616394043,0.0033395695500075817,0.8730573058128357,-0.04882187768816948,0.4851558804512024,orbslam3_map,camera_color_optical_frame
1723528286.02835,-2.917501449584961,-0.42246463894844055,-6.859659671783447,0.0033695418387651443,0.8714149594306946,-0.048793911933898926,0.4881022274494171,orbslam3_map,camera_color_optical_frame
1723528286.0949593,-2.9014370441436768,-0.42305663228034973,-6.868642807006836,0.0034610151778906584,0.8697115182876587,-0.04935804009437561,0.49107399582862854,orbslam3_map,camera_color_optical_frame
1723528286.161567,-2.8863985538482666,-0.42355307936668396,-6.877633571624756,0.0034608030691742897,0.8678964376449585,-0.049184106290340424,0.4942922294139862,orbslam3_map,camera_color_optical_frame
1723528286.2281737,-2.8711018562316895,-0.4243525266647339,-6.8864240646362305,0.0033925161696970463,0.8660306334495544,-0.04930901154875755,0.49754202365875244,orbslam3_map,camera_color_optical_frame
1723528286.294779,-2.853600263595581,-0.42478179931640625,-6.896294593811035,0.0035450495779514313,0.8640207052230835,-0.04880687966942787,0.5010724663734436,orbslam3_map,camera_color_optical_frame
1723528286.361383,-2.8376030921936035,-0.42563194036483765,-6.904853343963623,0.003560509067028761,0.8621459603309631,-0.048555389046669006,0.5043154358863831,orbslam3_map,camera_color_optical_frame
1723528286.4279854,-2.821455717086792,-0.4257277250289917,-6.913369178771973,0.0035185536835342646,0.8601635694503784,-0.04792485386133194,0.5077495574951172,orbslam3_map,camera_color_optical_frame
1723528286.494587,-2.805490255355835,-0.4261903762817383,-6.9219231605529785,0.0032982800621539354,0.858036994934082,-0.047775693237781525,0.5113503932952881,orbslam3_map,camera_color_optical_frame
1723528286.5278866,-2.796588659286499,-0.4261956810951233,-6.925381183624268,0.003241455415263772,0.8570853471755981,-0.047613225877285004,0.512959361076355,orbslam3_map,camera_color_optical_frame
1723528286.594486,-2.7801618576049805,-0.4266735017299652,-6.933553218841553,0.003218528116121888,0.8550521731376648,-0.04772418364882469,0.516331136226654,orbslam3_map,camera_color_optical_frame
1723528286.6277862,-2.7721762657165527,-0.4266872704029083,-6.937343597412109,0.0032053457107394934,0.8540281057357788,-0.04773871228098869,0.5180220007896423,orbslam3_map,camera_color_optical_frame
1723528286.694415,-2.756190538406372,-0.42758166790008545,-6.945183753967285,0.0030087754130363464,0.8518185615539551,-0.04832636937499046,0.5215944051742554,orbslam3_map,camera_color_optical_frame
1723528286.7277286,-2.7470407485961914,-0.427705854177475,-6.94973611831665,0.0030601494945585728,0.8505334258079529,-0.04807567968964577,0.5237101316452026,orbslam3_map,camera_color_optical_frame
1723528286.7610428,-2.7387592792510986,-0.42786023020744324,-6.953084945678711,0.0031589195132255554,0.8495274186134338,-0.04823320358991623,0.5253254175186157,orbslam3_map,camera_color_optical_frame
1723528286.8276696,-2.7227749824523926,-0.42864352464675903,-6.961193561553955,0.0030289909336715937,0.8474555015563965,-0.048004183918237686,0.5286828875541687,orbslam3_map,camera_color_optical_frame
1723528286.8942952,-2.705770969390869,-0.42943572998046875,-6.968799114227295,0.0024520843289792538,0.8457205295562744,-0.04787055775523186,0.5314688682556152,orbslam3_map,camera_color_optical_frame
1723528286.9609194,-2.6874983310699463,-0.42931216955184937,-6.9757981300354,0.0025680395774543285,0.8439797759056091,-0.04783766344189644,0.5342314839363098,orbslam3_map,camera_color_optical_frame
1723528287.0275426,-2.6710968017578125,-0.42984363436698914,-6.983458995819092,0.0023021691013127565,0.8422343730926514,-0.0475638210773468,0.5370043516159058,orbslam3_map,camera_color_optical_frame
1723528287.0941646,-2.6539063453674316,-0.4300897717475891,-6.991359710693359,0.002143013756722212,0.8407369256019592,-0.04764197766780853,0.539339542388916,orbslam3_map,camera_color_optical_frame
1723528287.1274745,-2.647073984146118,-0.430666983127594,-6.995573043823242,0.0020523234270513058,0.83992600440979,-0.04765089228749275,0.5406010746955872,orbslam3_map,camera_color_optical_frame
1723528287.194095,-2.6301188468933105,-0.4309474527835846,-7.002405643463135,0.0018566030776128173,0.8386594653129578,-0.04811195284128189,0.5425237417221069,orbslam3_map,camera_color_optical_frame
1723528287.2607138,-2.6130728721618652,-0.43132588267326355,-7.010178565979004,0.001986057497560978,0.8373478651046753,-0.04835829511284828,0.5445237755775452,orbslam3_map,camera_color_optical_frame
1723528287.3273318,-2.5959975719451904,-0.43178582191467285,-7.017343044281006,0.0026151679921895266,0.8362413644790649,-0.04859529063105583,0.5461978912353516,orbslam3_map,camera_color_optical_frame
1723528287.3606408,-2.5875649452209473,-0.4320437014102936,-7.02079439163208,0.002737529342994094,0.8357614874839783,-0.04857131093740463,0.5469333529472351,orbslam3_map,camera_color_optical_frame
1723528287.4272568,-2.5705831050872803,-0.4325881898403168,-7.028703689575195,0.002666151151061058,0.8347125053405762,-0.0482463501393795,0.5485619306564331,orbslam3_map,camera_color_optical_frame
1723528287.4938717,-2.5536081790924072,-0.43299156427383423,-7.036038398742676,0.002523826202377677,0.8337219953536987,-0.04804180935025215,0.5500849485397339,orbslam3_map,camera_color_optical_frame
1723528287.5604856,-2.5366125106811523,-0.43345338106155396,-7.043332099914551,0.0024184316862374544,0.8326987028121948,-0.04795616492629051,0.5516404509544373,orbslam3_map,camera_color_optical_frame
1723528287.6270983,-2.5194849967956543,-0.4338211119174957,-7.049942493438721,0.0021394845098257065,0.831849217414856,-0.048086103051900864,0.552910566329956,orbslam3_map,camera_color_optical_frame
1723528287.6939113,-2.5028412342071533,-0.43471768498420715,-7.057960510253906,0.0020923404954373837,0.8309540748596191,-0.04715394601225853,0.5543350577354431,orbslam3_map,camera_color_optical_frame
1723528287.7607281,-2.4861080646514893,-0.4349701404571533,-7.064540863037109,0.0022900670301169157,0.8302724957466125,-0.047100212424993515,0.5553592443466187,orbslam3_map,camera_color_optical_frame
1723528287.827549,-2.4673407077789307,-0.4350784122943878,-7.07244348526001,0.002345820190384984,0.8296815156936646,-0.04723210632801056,0.556230366230011,orbslam3_map,camera_color_optical_frame
1723528287.8943734,-2.449942111968994,-0.43499094247817993,-7.079524993896484,0.0024023298174142838,0.8292934894561768,-0.0475856177508831,0.5567783117294312,orbslam3_map,camera_color_optical_frame
1723528287.9612017,-2.432711601257324,-0.4356156289577484,-7.086611747741699,0.0020893628243356943,0.82878577709198,-0.047578297555446625,0.5575358271598816,orbslam3_map,camera_color_optical_frame
1723528288.028034,-2.4149670600891113,-0.4359617829322815,-7.094172477722168,0.0021353987976908684,0.8282247185707092,-0.04797385260462761,0.5583348274230957,orbslam3_map,camera_color_optical_frame
1723528288.0948696,-2.397390365600586,-0.43653690814971924,-7.101928234100342,0.0016288699116557837,0.8279100060462952,-0.04820467159152031,0.5587832927703857,orbslam3_map,camera_color_optical_frame
1723528288.1282885,-2.388756275177002,-0.4366426467895508,-7.105894565582275,0.0017255105776712298,0.8277320861816406,-0.04827364906668663,0.5590405464172363,orbslam3_map,camera_color_optical_frame
1723528288.19513,-2.3705389499664307,-0.4371328055858612,-7.1137871742248535,0.0018923355964943767,0.8275136947631836,-0.047530367970466614,0.5594267845153809,orbslam3_map,camera_color_optical_frame
1723528288.2619755,-2.352217435836792,-0.4377750754356384,-7.121530532836914,0.0016922550275921822,0.8275668025016785,-0.04694634675979614,0.5593982338905334,orbslam3_map,camera_color_optical_frame
1723528288.3288248,-2.3342082500457764,-0.43863731622695923,-7.129444122314453,0.0016070293495431542,0.8274475336074829,-0.04648655280470848,0.5596132278442383,orbslam3_map,camera_color_optical_frame
1723528288.3622513,-2.324967861175537,-0.4386879503726959,-7.13308048248291,0.0017553461948409677,0.827463686466217,-0.046453483402729034,0.5595916509628296,orbslam3_map,camera_color_optical_frame
1723528288.4291062,-2.307194709777832,-0.439187228679657,-7.141096591949463,0.00228556408546865,0.8273366093635559,-0.04628445953130722,0.5597916841506958,orbslam3_map,camera_color_optical_frame
1723528288.4625344,-2.298618793487549,-0.43941041827201843,-7.144787788391113,0.0022364247124642134,0.8273552656173706,-0.046253323554992676,0.5597668290138245,orbslam3_map,camera_color_optical_frame
1723528288.5293949,-2.280107021331787,-0.4398733675479889,-7.152796268463135,0.0025636572390794754,0.827097475528717,-0.04640180617570877,0.5601339936256409,orbslam3_map,camera_color_optical_frame
1723528288.6296918,-2.253330707550049,-0.4408082962036133,-7.16416072845459,0.0028506747912615538,0.8269309401512146,-0.04690435528755188,0.5603365898132324,orbslam3_map,camera_color_optical_frame
1723528288.6631384,-2.244710922241211,-0.440959095954895,-7.167931079864502,0.003047300036996603,0.8267889022827148,-0.04669841378927231,0.5605623126029968,orbslam3_map,camera_color_optical_frame
1723528288.7634885,-2.217663049697876,-0.4415488541126251,-7.178828239440918,0.0028007568325847387,0.8267321586608887,-0.04730495437979698,0.5605964660644531,orbslam3_map,camera_color_optical_frame
1723528288.8303955,-2.1992361545562744,-0.4415726363658905,-7.186319351196289,0.0027405822183936834,0.8265777230262756,-0.04739182069897652,0.5608170032501221,orbslam3_map,camera_color_optical_frame
1723528288.8638506,-2.1902570724487305,-0.44187474250793457,-7.190331935882568,0.0026870956644415855,0.8264674544334412,-0.047773171216249466,0.5609473586082458,orbslam3_map,camera_color_optical_frame
1723528288.9307659,-2.1712968349456787,-0.44225919246673584,-7.198161602020264,0.003337098518386483,0.8262643218040466,-0.04825817793607712,0.5612016916275024,orbslam3_map,camera_color_optical_frame
1723528288.9976869,-2.1546003818511963,-0.44332167506217957,-7.205003261566162,0.0034368825145065784,0.8262072205543518,-0.04847249761223793,0.5612667202949524,orbslam3_map,camera_color_optical_frame
1723528289.0646138,-2.1371893882751465,-0.44353771209716797,-7.212902545928955,0.003542770631611347,0.8260869383811951,-0.04858671873807907,0.5614331364631653,orbslam3_map,camera_color_optical_frame
1723528289.131546,-2.1197001934051514,-0.44426506757736206,-7.2201151847839355,0.0036025894805788994,0.8260904550552368,-0.048644304275512695,0.5614227056503296,orbslam3_map,camera_color_optical_frame
1723528289.1984842,-2.1019933223724365,-0.4452105164527893,-7.2284932136535645,0.003569197840988636,0.825846791267395,-0.0487433560192585,0.5617725849151611,orbslam3_map,camera_color_optical_frame
1723528289.2319558,-2.092744827270508,-0.44492730498313904,-7.231962203979492,0.0035074057523161173,0.8258169293403625,-0.04899235814809799,0.5617952346801758,orbslam3_map,camera_color_optical_frame
1723528289.2654278,-2.084097146987915,-0.4455430209636688,-7.236146450042725,0.003566938219591975,0.8256855607032776,-0.048840947449207306,0.5620011687278748,orbslam3_map,camera_color_optical_frame
1723528289.3323774,-2.0660715103149414,-0.4462587237358093,-7.243951320648193,0.0033407786395400763,0.8255840539932251,-0.04857484623789787,0.5621746182441711,orbslam3_map,camera_color_optical_frame
1723528289.365855,-2.0556323528289795,-0.4464971721172333,-7.247775554656982,0.0035104809794574976,0.8256164193153381,-0.048632826656103134,0.5621210336685181,orbslam3_map,camera_color_optical_frame
1723528289.432813,-2.036494493484497,-0.4466440975666046,-7.2550435066223145,0.003206761786714196,0.8256419897079468,-0.04900742694735527,0.562052845954895,orbslam3_map,camera_color_optical_frame
1723528289.4997766,-2.0168356895446777,-0.44720426201820374,-7.263332366943359,0.0032647920306771994,0.8255112767219543,-0.04929627105593681,0.5622192025184631,orbslam3_map,camera_color_optical_frame
1723528289.5667458,-1.9978324174880981,-0.44767704606056213,-7.271088600158691,0.0032194387167692184,0.8254207968711853,-0.04948686808347702,0.5623355507850647,orbslam3_map,camera_color_optical_frame
1723528289.6337187,-1.9800132513046265,-0.4484533965587616,-7.278549671173096,0.002860403386875987,0.8254059553146362,-0.04926994815468788,0.5623782873153687,orbslam3_map,camera_color_optical_frame
1723528289.700415,-1.961286187171936,-0.44891056418418884,-7.286407947540283,0.0025511153507977724,0.8253421187400818,-0.049109287559986115,0.5624875426292419,orbslam3_map,camera_color_optical_frame
1723528289.7671092,-1.9419963359832764,-0.44878530502319336,-7.294131755828857,0.002168971113860607,0.8253529667854309,-0.049404263496398926,0.5624473094940186,orbslam3_map,camera_color_optical_frame
1723528289.833803,-1.9239296913146973,-0.44937294721603394,-7.301842212677002,0.0022255403455346823,0.8253316283226013,-0.04933766648173332,0.5624843835830688,orbslam3_map,camera_color_optical_frame
1723528289.9004967,-1.903993844985962,-0.449717253446579,-7.309605598449707,0.0018028051126748323,0.8252164721488953,-0.0492519810795784,0.5626623034477234,orbslam3_map,camera_color_optical_frame
1723528289.9338431,-1.8941733837127686,-0.4499172866344452,-7.31380033493042,0.001790200942195952,0.8251822590827942,-0.049213066697120667,0.5627158284187317,orbslam3_map,camera_color_optical_frame
1723528290.000537,-1.8756930828094482,-0.450844943523407,-7.321869850158691,0.001506724627688527,0.8251045346260071,-0.04908743500709534,0.562841534614563,orbslam3_map,camera_color_optical_frame
1723528290.0672305,-1.8560843467712402,-0.4506741166114807,-7.329624652862549,0.0014758699107915163,0.8250823020935059,-0.04889097437262535,0.5628914833068848,orbslam3_map,camera_color_optical_frame
1723528290.133924,-1.8382585048675537,-0.4514954388141632,-7.337112903594971,0.001525999279692769,0.8251373171806335,-0.04839343577623367,0.5628535747528076,orbslam3_map,camera_color_optical_frame
1723528290.2006176,-1.8181700706481934,-0.45235487818717957,-7.345683574676514,0.0016381386667490005,0.8252419829368591,-0.047877244651317596,0.5627439618110657,orbslam3_map,camera_color_optical_frame
1723528290.267311,-1.7991719245910645,-0.45278847217559814,-7.353714942932129,0.0016753232339397073,0.8252296447753906,-0.047223418951034546,0.5628170967102051,orbslam3_map,camera_color_optical_frame
1723528290.3340046,-1.7806799411773682,-0.4534725248813629,-7.361508369445801,0.001514579402282834,0.8251127004623413,-0.046920254826545715,0.5630144476890564,orbslam3_map,camera_color_optical_frame
1723528290.4006977,-1.7594285011291504,-0.45342448353767395,-7.369272708892822,0.0014000034425407648,0.8250935077667236,-0.04772786796092987,0.5629751086235046,orbslam3_map,camera_color_optical_frame
1723528290.467391,-1.740369200706482,-0.4541041851043701,-7.377321243286133,0.0013069387059658766,0.825057864189148,-0.0482010655105114,0.5629871487617493,orbslam3_map,camera_color_optical_frame
1723528290.5007381,-1.730616807937622,-0.45409902930259705,-7.381063938140869,0.0011279616737738252,0.8251095414161682,-0.04828604310750961,0.562904417514801,orbslam3_map,camera_color_optical_frame
1723528290.6007774,-1.700226902961731,-0.4549318253993988,-7.393202304840088,0.0007241671555675566,0.8250005841255188,-0.04866600036621094,0.5630320310592651,orbslam3_map,camera_color_optical_frame
1723528290.6341245,-1.6908222436904907,-0.4549212157726288,-7.397356033325195,0.0007052693981677294,0.8249384164810181,-0.04867209494113922,0.5631226897239685,orbslam3_map,camera_color_optical_frame
1723528290.6674705,-1.6810996532440186,-0.45546260476112366,-7.401088714599609,0.0004362439794931561,0.8249340653419495,-0.04850823059678078,0.5631434321403503,orbslam3_map,camera_color_optical_frame
1723528290.7341564,-1.6620136499404907,-0.45614758133888245,-7.4095892906188965,0.00027943833265453577,0.8249290585517883,-0.047979872673749924,0.5631961822509766,orbslam3_map,camera_color_optical_frame
1723528290.8008425,-1.642769694328308,-0.45668819546699524,-7.417680740356445,0.0003469836665317416,0.8250354528427124,-0.047486864030361176,0.5630821585655212,orbslam3_map,camera_color_optical_frame
1723528290.8675282,-1.6235274076461792,-0.457126259803772,-7.426084995269775,0.0002835854247678071,0.8249662518501282,-0.04701695963740349,0.5632229447364807,orbslam3_map,camera_color_optical_frame
1723528290.934214,-1.6040780544281006,-0.4576135277748108,-7.433710098266602,8.468326996080577e-05,0.8249251246452332,-0.04677938297390938,0.5633030533790588,orbslam3_map,camera_color_optical_frame
1723528291.0342426,-1.5741997957229614,-0.45784875750541687,-7.445846080780029,-0.0003417047264520079,0.8248352408409119,-0.04683331772685051,0.5634300708770752,orbslam3_map,camera_color_optical_frame
1723528291.1009278,-1.5547833442687988,-0.458574503660202,-7.453827381134033,-0.0006591286510229111,0.8248252868652344,-0.046912144869565964,0.5634377002716064,orbslam3_map,camera_color_optical_frame
1723528291.167613,-1.5344759225845337,-0.4597538113594055,-7.462592124938965,-0.0007729411590844393,0.8246798515319824,-0.04655754938721657,0.5636798143386841,orbslam3_map,camera_color_optical_frame
1723528291.234298,-1.5145409107208252,-0.4595997929573059,-7.470672130584717,-0.0009101309697143734,0.824703574180603,-0.04684838280081749,0.5636208057403564,orbslam3_map,camera_color_optical_frame
1723528291.3343246,-1.4844317436218262,-0.4606567919254303,-7.483769416809082,-0.0015868854243308306,0.8245193362236023,-0.04577096924185753,0.5639773607254028,orbslam3_map,camera_color_optical_frame
1723528291.3676674,-1.4740650653839111,-0.4603234529495239,-7.487740516662598,-0.0014258319279178977,0.8245152235031128,-0.04545801877975464,0.5640089511871338,orbslam3_map,camera_color_optical_frame
1723528291.4676936,-1.4432672262191772,-0.4613102376461029,-7.499797821044922,-0.001706351526081562,0.8246570229530334,-0.045440059155225754,0.5638023614883423,orbslam3_map,camera_color_optical_frame
1723528291.5010362,-1.4332671165466309,-0.46149781346321106,-7.504368782043457,-0.0014581241412088275,0.8246093392372131,-0.045270856469869614,0.5638864040374756,orbslam3_map,camera_color_optical_frame
1723528291.5677204,-1.4128639698028564,-0.46191781759262085,-7.512846946716309,-0.0013030486879870296,0.8244271874427795,-0.04587399214506149,0.5641044974327087,orbslam3_map,camera_color_optical_frame
1723528291.601062,-1.4024159908294678,-0.46189484000205994,-7.516735553741455,-0.0015331655740737915,0.8244069218635559,-0.04662986472249031,0.5640714764595032,orbslam3_map,camera_color_optical_frame
1723528291.6677458,-1.3821616172790527,-0.4622825086116791,-7.525402069091797,-0.0019149231957271695,0.8241650462150574,-0.046525027602910995,0.5644323229789734,orbslam3_map,camera_color_optical_frame
1723528291.7010882,-1.3699594736099243,-0.461943119764328,-7.529894828796387,-0.0021799916867166758,0.8241578936576843,-0.04662937670946121,0.564433217048645,orbslam3_map,camera_color_optical_frame
1723528291.7677712,-1.3489880561828613,-0.46270981431007385,-7.5383219718933105,-0.0028161604423075914,0.8241738677024841,-0.0460909903049469,0.5644511580467224,orbslam3_map,camera_color_optical_frame
1723528291.834454,-1.327989935874939,-0.4629015624523163,-7.54731559753418,-0.0028050250839442015,0.8241586685180664,-0.045494403690099716,0.564521849155426,orbslam3_map,camera_color_optical_frame
1723528291.9011369,-1.3069428205490112,-0.46368324756622314,-7.555963516235352,-0.0033339366782456636,0.8240103721618652,-0.04535956680774689,0.5647462606430054,orbslam3_map,camera_color_optical_frame
1723528291.9344778,-1.2966426610946655,-0.46399393677711487,-7.5610270500183105,-0.003132920479401946,0.823816180229187,-0.044844139367341995,0.5650718212127686,orbslam3_map,camera_color_optical_frame
1723528292.0011601,-1.275246500968933,-0.4640308916568756,-7.569538116455078,-0.0032138079404830933,0.8237413167953491,-0.04464235529303551,0.5651963353157043,orbslam3_map,camera_color_optical_frame
1723528292.1011844,-1.243133783340454,-0.46369147300720215,-7.582005500793457,-0.0032551782205700874,0.8235456943511963,-0.04519689083099365,0.5654371976852417,orbslam3_map,camera_color_optical_frame
1723528292.1678665,-1.2222402095794678,-0.463992714881897,-7.591050148010254,-0.0029977131634950638,0.8232976198196411,-0.045038141310214996,0.5658124089241028,orbslam3_map,camera_color_optical_frame
1723528292.201207,-1.2125053405761719,-0.4650645852088928,-7.595376491546631,-0.0031981314532458782,0.823258638381958,-0.04481992498040199,0.5658852458000183,orbslam3_map,camera_color_optical_frame
1723528292.3012304,-1.1817774772644043,-0.4654678702354431,-7.608795642852783,-0.002113398863002658,0.8231338262557983,-0.045852065086364746,0.5659891963005066,orbslam3_map,camera_color_optical_frame
1723528292.367912,-1.1606614589691162,-0.4652754068374634,-7.616714000701904,-0.001333294901996851,0.8230466842651367,-0.04669967293739319,0.5660490393638611,orbslam3_map,camera_color_optical_frame
1723528292.467934,-1.126784086227417,-0.4664456844329834,-7.6308770179748535,-0.0002451884211041033,0.8227472901344299,-0.04679887369275093,0.5664774775505066,orbslam3_map,camera_color_optical_frame
1723528292.5346153,-1.1064344644546509,-0.4670853614807129,-7.639444351196289,0.0005019701784476638,0.8226385712623596,-0.04717129096388817,0.5666042566299438,orbslam3_map,camera_color_optical_frame
1723528292.5679562,-1.0954310894012451,-0.46725407242774963,-7.644405364990234,0.0008257575100287795,0.8225252032279968,-0.04751499369740486,0.5667397379875183,orbslam3_map,camera_color_optical_frame
1723528292.6679776,-1.0658313035964966,-0.46775022149086,-7.656435489654541,0.0028124493546783924,0.82244473695755,-0.050171446055173874,0.5666211247444153,orbslam3_map,camera_color_optical_frame
1723528292.7013187,-1.0549159049987793,-0.46798160672187805,-7.6612701416015625,0.003536684438586235,0.8222417235374451,-0.051589738577604294,0.5667844414710999,orbslam3_map,camera_color_optical_frame
1723528292.7680001,-1.0336930751800537,-0.46867260336875916,-7.670042514801025,0.005392751656472683,0.8218782544136047,-0.05414640158414841,0.5670583844184875,orbslam3_map,camera_color_optical_frame
1723528292.8346813,-1.0128766298294067,-0.469763845205307,-7.678879737854004,0.006943320389837027,0.8214960694313049,-0.05626286566257477,0.5673890709877014,orbslam3_map,camera_color_optical_frame
1723528292.8680212,-1.0038213729858398,-0.46999433636665344,-7.682013034820557,0.007459970656782389,0.8215302228927612,-0.05764869973063469,0.5671941637992859,orbslam3_map,camera_color_optical_frame
1723528292.9347022,-0.9851163625717163,-0.4714449346065521,-7.689108371734619,0.009824350476264954,0.8212706446647644,-0.05941888689994812,0.5673512816429138,orbslam3_map,camera_color_optical_frame
1723528293.0013828,-0.9643933773040771,-0.4728810787200928,-7.697096347808838,0.011799536645412445,0.8210738897323608,-0.06134123355150223,0.5673937797546387,orbslam3_map,camera_color_optical_frame
1723528293.0347233,-0.9551787972450256,-0.47403013706207275,-7.700967311859131,0.012814476154744625,0.8210006952285767,-0.06212438642978668,0.5673924684524536,orbslam3_map,camera_color_optical_frame
1723528293.1014037,-0.9325330257415771,-0.47536492347717285,-7.709423065185547,0.01482147816568613,0.8208102583885193,-0.06428410857915878,0.5673785209655762,orbslam3_map,camera_color_optical_frame
1723528293.1680837,-0.9126982688903809,-0.47627437114715576,-7.717924118041992,0.016319330781698227,0.8203767538070679,-0.06616758555173874,0.5677477121353149,orbslam3_map,camera_color_optical_frame
1723528293.2347634,-0.8922653198242188,-0.47774600982666016,-7.725581645965576,0.017387188971042633,0.8200689554214478,-0.06787918508052826,0.567958652973175,orbslam3_map,camera_color_optical_frame
1723528293.301443,-0.8709169626235962,-0.47896572947502136,-7.734907150268555,0.018542515113949776,0.8194534182548523,-0.06945925951004028,0.5686191916465759,orbslam3_map,camera_color_optical_frame
1723528293.3681223,-0.8508634567260742,-0.48071056604385376,-7.742988586425781,0.01988670788705349,0.8190026879310608,-0.07133179903030396,0.5689912438392639,orbslam3_map,camera_color_optical_frame
1723528293.4348013,-0.8314011693000793,-0.4822727143764496,-7.750067234039307,0.020536256954073906,0.8188373446464539,-0.07307444512844086,0.5689849853515625,orbslam3_map,camera_color_optical_frame
1723528293.50148,-0.8106651306152344,-0.4844217598438263,-7.758647918701172,0.02107664756476879,0.8185268640518188,-0.07406692206859589,0.5692835450172424,orbslam3_map,camera_color_optical_frame
1723528293.5681586,-0.7904703617095947,-0.4871460199356079,-7.766057968139648,0.02126411534845829,0.8183853030204773,-0.07447660714387894,0.5694265365600586,orbslam3_map,camera_color_optical_frame
1723528293.6014974,-0.7804355025291443,-0.48810261487960815,-7.770840644836426,0.02111392840743065,0.8180946111679077,-0.07432510703802109,0.5698694586753845,orbslam3_map,camera_color_optical_frame
1723528293.6681757,-0.7614662647247314,-0.49016109108924866,-7.778542518615723,0.020867416635155678,0.8178377151489258,-0.07528981566429138,0.5701205730438232,orbslam3_map,camera_color_optical_frame
1723528293.7348614,-0.7439358234405518,-0.49243980646133423,-7.785664081573486,0.0205648522824049,0.8174881339073181,-0.07545851916074753,0.570610523223877,orbslam3_map,camera_color_optical_frame
1723528293.8015463,-0.7257538437843323,-0.49382317066192627,-7.793304443359375,0.020729411393404007,0.817033052444458,-0.07630365341901779,0.571143627166748,orbslam3_map,camera_color_optical_frame
1723528293.8682313,-0.7075676918029785,-0.49499061703681946,-7.800443649291992,0.020879600197076797,0.8169077038764954,-0.0770815759897232,0.5712130069732666,orbslam3_map,camera_color_optical_frame
1723528293.9349165,-0.6889494061470032,-0.49629297852516174,-7.806711196899414,0.021487213671207428,0.8169371485710144,-0.07791668176651001,0.5710350275039673,orbslam3_map,camera_color_optical_frame
1723528294.034944,-0.6613697409629822,-0.4986635148525238,-7.817075252532959,0.021407967433333397,0.8168667554855347,-0.07822751998901367,0.5710962414741516,orbslam3_map,camera_color_optical_frame
1723528294.1016285,-0.6426354050636292,-0.5008000135421753,-7.8245768547058105,0.020310653373599052,0.8165493011474609,-0.07719381153583527,0.5717305541038513,orbslam3_map,camera_color_optical_frame
1723528294.1349704,-0.6339935660362244,-0.5016658902168274,-7.827928066253662,0.019854441285133362,0.8165727257728577,-0.07700558006763458,0.571738600730896,orbslam3_map,camera_color_optical_frame
1723528294.2016547,-0.6155045628547668,-0.5031827092170715,-7.835029602050781,0.018970677629113197,0.816520094871521,-0.07595500349998474,0.5719841122627258,orbslam3_map,camera_color_optical_frame
1723528294.2349975,-0.6077209711074829,-0.5039649605751038,-7.837395191192627,0.0183254424482584,0.8166813850402832,-0.0754973366856575,0.5718356370925903,orbslam3_map,camera_color_optical_frame
1723528294.3016815,-0.5904263854026794,-0.5058414340019226,-7.844882488250732,0.017784813418984413,0.8165249228477478,-0.07485509663820267,0.5721604228019714,orbslam3_map,camera_color_optical_frame
1723528294.3350232,-0.5813384652137756,-0.5064920783042908,-7.848255157470703,0.017520643770694733,0.8164428472518921,-0.0749974250793457,0.5722669363021851,orbslam3_map,camera_color_optical_frame
1723528294.4017072,-0.5647171139717102,-0.5082939267158508,-7.85366153717041,0.016920916736125946,0.8164265751838684,-0.07443421334028244,0.572381854057312,orbslam3_map,camera_color_optical_frame
1723528294.4683912,-0.5474264621734619,-0.5094375610351562,-7.860395431518555,0.01682935655117035,0.8162678480148315,-0.07508011162281036,0.5725265145301819,orbslam3_map,camera_color_optical_frame
1723528294.5017333,-0.5388995409011841,-0.5101373195648193,-7.863211631774902,0.016839342191815376,0.8162856101989746,-0.07519646733999252,0.572485625743866,orbslam3_map,camera_color_optical_frame
1723528294.568417,-0.5234864950180054,-0.5118606686592102,-7.870190143585205,0.01679464988410473,0.8161621689796448,-0.0750306248664856,0.572684645652771,orbslam3_map,camera_color_optical_frame
1723528294.6351006,-0.506206214427948,-0.5133318901062012,-7.875802993774414,0.016871163621544838,0.8159998059272766,-0.07580168545246124,0.5728121995925903,orbslam3_map,camera_color_optical_frame
1723528294.7017875,-0.4912826120853424,-0.5146214962005615,-7.8818206787109375,0.01680617220699787,0.8157338500022888,-0.07612024247646332,0.573150634765625,orbslam3_map,camera_color_optical_frame
1723528294.735132,-0.4826356768608093,-0.5156994462013245,-7.884800434112549,0.01686299405992031,0.8156575560569763,-0.07602661103010178,0.5732698440551758,orbslam3_map,camera_color_optical_frame
1723528294.801822,-0.46652477979660034,-0.5168173909187317,-7.891924858093262,0.01696845516562462,0.815526008605957,-0.07567117363214493,0.5735008120536804,orbslam3_map,camera_color_optical_frame
1723528294.8685117,-0.4514980912208557,-0.5176963210105896,-7.897278785705566,0.01679293066263199,0.8157405257225037,-0.07498472183942795,0.5732911229133606,orbslam3_map,camera_color_optical_frame
1723528294.9352014,-0.4350687563419342,-0.5191336870193481,-7.903185844421387,0.016635887324810028,0.8157460689544678,-0.07482204586267471,0.573309063911438,orbslam3_map,camera_color_optical_frame
1723528294.9685469,-0.4272107481956482,-0.5198451280593872,-7.906541347503662,0.016696300357580185,0.8156822919845581,-0.07472255825996399,0.5734110474586487,orbslam3_map,camera_color_optical_frame
1723528295.0352364,-0.4110328257083893,-0.521650493144989,-7.912894248962402,0.016498956829309464,0.8153348565101624,-0.07463876903057098,0.5739216804504395,orbslam3_map,camera_color_optical_frame
1723528295.1019254,-0.39692601561546326,-0.5241337418556213,-7.919435977935791,0.016039306297898293,0.815026044845581,-0.07479564845561981,0.5743525624275208,orbslam3_map,camera_color_optical_frame
1723528295.1352696,-0.38930556178092957,-0.5244488716125488,-7.9214067459106445,0.016262633726000786,0.8151498436927795,-0.07456060498952866,0.5742012858390808,orbslam3_map,camera_color_optical_frame
1723528295.201959,-0.37346944212913513,-0.5257981419563293,-7.927361965179443,0.016632460057735443,0.8151236772537231,-0.07471699267625809,0.5742074251174927,orbslam3_map,camera_color_optical_frame
1723528295.268648,-0.35781392455101013,-0.5270040035247803,-7.933123588562012,0.017159057781100273,0.815064549446106,-0.07479464262723923,0.574265718460083,orbslam3_map,camera_color_optical_frame
1723528295.335337,-0.3419030010700226,-0.528679370880127,-7.938958168029785,0.017496949061751366,0.8150350451469421,-0.07455524057149887,0.5743285417556763,orbslam3_map,camera_color_optical_frame
1723528295.402026,-0.32770004868507385,-0.530095100402832,-7.945156574249268,0.01771101914346218,0.8147640228271484,-0.0744231641292572,0.5747236013412476,orbslam3_map,camera_color_optical_frame
1723528295.4353704,-0.3201064467430115,-0.530520498752594,-7.948036193847656,0.017667606472969055,0.8146670460700989,-0.074700728058815,0.5748263001441956,orbslam3_map,camera_color_optical_frame
1723528295.5020592,-0.3056027591228485,-0.5317133665084839,-7.953840255737305,0.01716448739171028,0.814447820186615,-0.07528983801603317,0.5750753283500671,orbslam3_map,camera_color_optical_frame
1723528295.5687478,-0.290031760931015,-0.5335755348205566,-7.957705020904541,0.0164637491106987,0.8145728707313538,-0.07589128613471985,0.5748395323753357,orbslam3_map,camera_color_optical_frame
1723528295.6020916,-0.28286996483802795,-0.5343773365020752,-7.96088171005249,0.01632803864777088,0.8144447207450867,-0.07595885545015335,0.5750160813331604,orbslam3_map,camera_color_optical_frame
1723528295.66878,-0.2686636447906494,-0.5356361269950867,-7.965590000152588,0.01567748188972473,0.8144968748092651,-0.07640505582094193,0.5749011635780334,orbslam3_map,camera_color_optical_frame
1723528295.702121,-0.2610341012477875,-0.5362963676452637,-7.969509124755859,0.015357264317572117,0.8142290115356445,-0.07658129930496216,0.5752657055854797,orbslam3_map,camera_color_optical_frame
1723528295.7688022,-0.24409158527851105,-0.5378289818763733,-7.974513530731201,0.014597355388104916,0.8141065835952759,-0.07638763636350632,0.5754843950271606,orbslam3_map,camera_color_optical_frame
1723528295.8021421,-0.23677054047584534,-0.5382758378982544,-7.97722053527832,0.014170688576996326,0.8140050172805786,-0.07597444206476212,0.5756934285163879,orbslam3_map,camera_color_optical_frame
1723528295.8688228,-0.22258500754833221,-0.5396285653114319,-7.981577396392822,0.013663874007761478,0.8140646815299988,-0.07515010237693787,0.575729489326477,orbslam3_map,camera_color_optical_frame
1723528295.9021635,-0.21499991416931152,-0.5396469235420227,-7.985013008117676,0.013718527741730213,0.8139147758483887,-0.07483866065740585,0.5759806632995605,orbslam3_map,camera_color_optical_frame
1723528295.9688437,-0.20079566538333893,-0.5409491062164307,-7.990217685699463,0.013332562521100044,0.8140474557876587,-0.07422945648431778,0.5758810639381409,orbslam3_map,camera_color_optical_frame
1723528296.0355237,-0.18643070757389069,-0.5419240593910217,-7.995842456817627,0.012810719199478626,0.8140325546264648,-0.07306599617004395,0.5760627388954163,orbslam3_map,camera_color_optical_frame
1723528296.0688632,-0.17858459055423737,-0.5425576567649841,-7.998336315155029,0.012330682016909122,0.8139806985855103,-0.07239193469285965,0.5762315392494202,orbslam3_map,camera_color_optical_frame
1723528296.168883,-0.15624916553497314,-0.5435377955436707,-8.006902694702148,0.010678475722670555,0.8137989640235901,-0.06931149959564209,0.5768995881080627,orbslam3_map,camera_color_optical_frame
1723528296.2355623,-0.14066600799560547,-0.5446726679801941,-8.012572288513184,0.009801464155316353,0.8138372898101807,-0.06687282025814056,0.5771489143371582,orbslam3_map,camera_color_optical_frame
1723528296.2689013,-0.13321198523044586,-0.5454961061477661,-8.015816688537598,0.009365271776914597,0.8137859106063843,-0.06550207734107971,0.5773857235908508,orbslam3_map,camera_color_optical_frame
1723528296.33558,-0.11915525794029236,-0.5460514426231384,-8.021388053894043,0.00865998025983572,0.8139682412147522,-0.0631333738565445,0.5774036645889282,orbslam3_map,camera_color_optical_frame
1723528296.4022586,-0.10329821705818176,-0.547192394733429,-8.026415824890137,0.007299797609448433,0.8141381740570068,-0.061078161001205444,0.5774038434028625,orbslam3_map,camera_color_optical_frame
1723528296.468937,-0.08819244056940079,-0.547828733921051,-8.031824111938477,0.005567711777985096,0.8141210079193115,-0.059391822665929794,0.577623188495636,orbslam3_map,camera_color_optical_frame
1723528296.535615,-0.07359914481639862,-0.5483486652374268,-8.036945343017578,0.0035801066551357508,0.8139697909355164,-0.05773700028657913,0.5780198574066162,orbslam3_map,camera_color_optical_frame
1723528296.602293,-0.05852094292640686,-0.5493777990341187,-8.042362213134766,0.0018209583358839154,0.8136122226715088,-0.05629805102944374,0.5786729454994202,orbslam3_map,camera_color_optical_frame
1723528296.6689703,-0.04320776090025902,-0.5504442453384399,-8.047630310058594,0.0004298619751352817,0.8134177923202515,-0.05485619232058525,0.5790873169898987,orbslam3_map,camera_color_optical_frame
1723528296.7356644,-0.02860235795378685,-0.5511289834976196,-8.053274154663086,-0.0003650722501333803,0.8133692741394043,-0.053797926753759384,0.5792547464370728,orbslam3_map,camera_color_optical_frame
1723528296.769012,-0.02132171019911766,-0.5514079332351685,-8.056109428405762,-0.0006452563684433699,0.8133001327514648,-0.05331743508577347,0.5793960094451904,orbslam3_map,camera_color_optical_frame
1723528296.8357058,-0.006319866515696049,-0.5518325567245483,-8.061448097229004,-0.0015080367447808385,0.8130433559417725,-0.05271727591753006,0.5798096060752869,orbslam3_map,camera_color_optical_frame
1723528296.9023995,0.008127259090542793,-0.5523574352264404,-8.066143035888672,-0.0025715050287544727,0.8126599192619324,-0.05193100497126579,0.5804140567779541,orbslam3_map,camera_color_optical_frame
1723528296.9357462,0.015604442916810513,-0.5526343584060669,-8.068889617919922,-0.003235842799767852,0.8124077320098877,-0.05154262110590935,0.5807982087135315,orbslam3_map,camera_color_optical_frame
1723528297.0024402,0.030640216544270515,-0.5528879165649414,-8.07352066040039,-0.004276862367987633,0.8121361136436462,-0.050815191119909286,0.5812352895736694,orbslam3_map,camera_color_optical_frame
1723528297.0357876,0.03796209394931793,-0.5533883571624756,-8.0764799118042,-0.004685231018811464,0.8118732571601868,-0.05051371827721596,0.5816255211830139,orbslam3_map,camera_color_optical_frame
1723528297.1024816,0.05354750528931618,-0.5537402033805847,-8.081815719604492,-0.0049749924801290035,0.8116443157196045,-0.0501105971634388,0.5819774270057678,orbslam3_map,camera_color_optical_frame
1723528297.135828,0.06075374037027359,-0.5539286136627197,-8.084073066711426,-0.005096560809761286,0.8116450905799866,-0.050086669623851776,0.581977367401123,orbslam3_map,camera_color_optical_frame
1723528297.2025223,0.07627099007368088,-0.5539982914924622,-8.089241027832031,-0.004644683562219143,0.8113499879837036,-0.049782007932662964,0.5824185609817505,orbslam3_map,camera_color_optical_frame
1723528297.269216,0.09139063954353333,-0.5543838143348694,-8.094832420349121,-0.004354595206677914,0.8108975291252136,-0.049932368099689484,0.5830377340316772,orbslam3_map,camera_color_optical_frame
1723528297.3025637,0.09871025383472443,-0.5543725490570068,-8.097501754760742,-0.004078629892319441,0.8106813430786133,-0.04985172301530838,0.5833472013473511,orbslam3_map,camera_color_optical_frame
1723528297.3692575,0.11414774507284164,-0.554726243019104,-8.102798461914062,-0.0036811898462474346,0.8102279901504517,-0.050112780183553696,0.5839569568634033,orbslam3_map,camera_color_optical_frame
1723528297.4359517,0.12973161041736603,-0.5553696751594543,-8.108516693115234,-0.0037446313071995974,0.8097214698791504,-0.04996353015303612,0.5846714973449707,orbslam3_map,camera_color_optical_frame
1723528297.5026457,0.1462963968515396,-0.5558714270591736,-8.113103866577148,-0.003978448454290628,0.8092039823532104,-0.04981934651732445,0.585398256778717,orbslam3_map,camera_color_optical_frame
1723528297.5693398,0.1625826209783554,-0.5560539364814758,-8.118562698364258,-0.004428981803357601,0.8085746765136719,-0.0501423105597496,0.5862364172935486,orbslam3_map,camera_color_optical_frame
1723528297.6360338,0.17851856350898743,-0.5566838383674622,-8.124101638793945,-0.004988014232367277,0.8078966736793518,-0.049858029931783676,0.5871902108192444,orbslam3_map,camera_color_optical_frame
1723528297.6693804,0.18669003248214722,-0.5564811825752258,-8.126224517822266,-0.005301589146256447,0.8076843619346619,-0.04983516409993172,0.5874813795089722,orbslam3_map,camera_color_optical_frame
1723528297.7027283,0.19526951014995575,-0.556476891040802,-8.129725456237793,-0.005337995942682028,0.8072181344032288,-0.049731772392988205,0.5881302356719971,orbslam3_map,camera_color_optical_frame
1723528297.7694235,0.21234090626239777,-0.5565448999404907,-8.134804725646973,-0.00531290378421545,0.8067347407341003,-0.049317751079797745,0.5888280868530273,orbslam3_map,camera_color_optical_frame
1723528297.8361187,0.22970664501190186,-0.5570441484451294,-8.141402244567871,-0.0054231141693890095,0.8060116171836853,-0.04896393045783043,0.5898460745811462,orbslam3_map,camera_color_optical_frame
1723528297.9028137,0.24714626371860504,-0.5571814179420471,-8.146842002868652,-0.005662417970597744,0.8054197430610657,-0.04886829853057861,0.5906597375869751,orbslam3_map,camera_color_optical_frame
1723528297.9695086,0.2640970051288605,-0.5571045875549316,-8.151782035827637,-0.0059441556222736835,0.8048419952392578,-0.048823338001966476,0.591447651386261,orbslam3_map,camera_color_optical_frame
1723528298.0362039,0.281684547662735,-0.5571413040161133,-8.157296180725098,-0.006278526037931442,0.8039816617965698,-0.048885587602853775,0.5926079750061035,orbslam3_map,camera_color_optical_frame
1723528298.1028988,0.2988905608654022,-0.5575317144393921,-8.1625394821167,-0.006429468747228384,0.8032598495483398,-0.04879474639892578,0.5935920476913452,orbslam3_map,camera_color_optical_frame
1723528298.1695943,0.31613245606422424,-0.5582155585289001,-8.16845703125,-0.006397292483597994,0.8024529218673706,-0.04864509776234627,0.5946948528289795,orbslam3_map,camera_color_optical_frame
1723528298.2696362,0.34247466921806335,-0.5583487749099731,-8.17612361907959,-0.006638296414166689,0.8015207052230835,-0.048510923981666565,0.5959590673446655,orbslam3_map,camera_color_optical_frame
1723528298.3029842,0.3515699803829193,-0.5581591129302979,-8.178818702697754,-0.006947488058358431,0.8010159730911255,-0.04815002903342247,0.5966630578041077,orbslam3_map,camera_color_optical_frame
1723528298.3696795,0.36984479427337646,-0.5587013363838196,-8.18453598022461,-0.007560268044471741,0.8001917004585266,-0.04784000292420387,0.5977854132652283,orbslam3_map,camera_color_optical_frame
1723528298.4363744,0.3887656331062317,-0.5589240193367004,-8.190683364868164,-0.007778978906571865,0.7994246482849121,-0.04795573651790619,0.5987988114356995,orbslam3_map,camera_color_optical_frame
1723528298.5030699,0.40701824426651,-0.5590060949325562,-8.195929527282715,-0.007908903062343597,0.7987265586853027,-0.047998592257499695,0.5997244715690613,orbslam3_map,camera_color_optical_frame
1723528298.5697649,0.4256896674633026,-0.5590908527374268,-8.201498031616211,-0.008418608456850052,0.7977981567382812,-0.04827600345015526,0.6009297966957092,orbslam3_map,camera_color_optical_frame
1723528298.6364598,0.44453853368759155,-0.5589421987533569,-8.207005500793457,-0.008606835268437862,0.7969077229499817,-0.04850292578339577,0.6020893454551697,orbslam3_map,camera_color_optical_frame
1723528298.6698072,0.4532650113105774,-0.5595433712005615,-8.20915412902832,-0.009012398310005665,0.7965209484100342,-0.04847295209765434,0.6025973558425903,orbslam3_map,camera_color_optical_frame
1723528298.7364938,0.47187376022338867,-0.5594684481620789,-8.214580535888672,-0.008708399720489979,0.7956300377845764,-0.04893224686384201,0.6037405729293823,orbslam3_map,camera_color_optical_frame
1723528298.8031807,0.4911572337150574,-0.5598121285438538,-8.219919204711914,-0.008549361489713192,0.7948580384254456,-0.04961901903152466,0.604702889919281,orbslam3_map,camera_color_optical_frame
1723528298.8365247,0.500696063041687,-0.5597938299179077,-8.222108840942383,-0.00838560052216053,0.7945007085800171,-0.04931705445051193,0.6051992774009705,orbslam3_map,camera_color_optical_frame
1723528298.903211,0.5199002623558044,-0.5601105093955994,-8.227524757385254,-0.009027806110680103,0.7934819459915161,-0.0492408350110054,0.6065313816070557,orbslam3_map,camera_color_optical_frame
1723528298.9698977,0.5392352938652039,-0.5603312253952026,-8.2327299118042,-0.009243455715477467,0.792758584022522,-0.04873095825314522,0.6075143814086914,orbslam3_map,camera_color_optical_frame
1723528299.0032403,0.5485349297523499,-0.5604905486106873,-8.235675811767578,-0.008553859777748585,0.792375385761261,-0.048859067261219025,0.6080139875411987,orbslam3_map,camera_color_optical_frame
1723528299.0699267,0.5677039623260498,-0.5610097646713257,-8.241272926330566,-0.00696102250367403,0.7919079661369324,-0.04869375750422478,0.6086560487747192,orbslam3_map,camera_color_optical_frame
1723528299.1366127,0.5861441493034363,-0.5617555379867554,-8.24724292755127,-0.004813217092305422,0.791310727596283,-0.04840841144323349,0.60947585105896,orbslam3_map,camera_color_optical_frame
1723528299.1699564,0.5961520075798035,-0.5619513392448425,-8.250691413879395,-0.003601257922127843,0.7907221913337708,-0.048584695905447006,0.6102336049079895,orbslam3_map,camera_color_optical_frame
1723528299.203299,0.6056672930717468,-0.5620716214179993,-8.253353118896484,-0.0025353755336254835,0.7902281284332275,-0.04859529808163643,0.6108776926994324,orbslam3_map,camera_color_optical_frame
1723528299.2699847,0.6248917579650879,-0.5623342990875244,-8.258591651916504,-0.0006908212671987712,0.7895675897598267,-0.04865701124072075,0.611731231212616,orbslam3_map,camera_color_optical_frame
1723528299.3366709,0.6436411738395691,-0.5626401901245117,-8.263856887817383,0.0006250265869311988,0.7889301180839539,-0.04930957034230232,0.6125009655952454,orbslam3_map,camera_color_optical_frame
1723528299.3700142,0.6536788940429688,-0.5627590417861938,-8.266413688659668,0.0012122256448492408,0.7885755300521851,-0.04979337751865387,0.612917423248291,orbslam3_map,camera_color_optical_frame
1723528299.4366999,0.6735107898712158,-0.5628268122673035,-8.272221565246582,0.0018333200132474303,0.7875747084617615,-0.05026060715317726,0.6141633987426758,orbslam3_map,camera_color_optical_frame
1723528299.4700422,0.6838632822036743,-0.5632549524307251,-8.274641036987305,0.0017128093168139458,0.7871481776237488,-0.05078210309147835,0.6146674752235413,orbslam3_map,camera_color_optical_frame
1723528299.5367277,0.7051101326942444,-0.5637000799179077,-8.280420303344727,0.0012644859962165356,0.7861049771308899,-0.05209991708397865,0.6158919930458069,orbslam3_map,camera_color_optical_frame
1723528299.6034133,0.724921464920044,-0.5642647743225098,-8.284666061401367,0.0005398563225753605,0.7853586077690125,-0.05363046005368233,0.6167134046554565,orbslam3_map,camera_color_optical_frame
1723528299.6367562,0.7348421812057495,-0.5643444657325745,-8.287195205688477,0.0007957039633765817,0.7848360538482666,-0.05495765432715416,0.6172611713409424,orbslam3_map,camera_color_optical_frame
1723528299.70346,0.7569499015808105,-0.56489098072052,-8.2930908203125,0.0008917163359001279,0.7838593125343323,-0.05455848202109337,0.6185364127159119,orbslam3_map,camera_color_optical_frame
1723528299.770182,0.7776692509651184,-0.5655882954597473,-8.297690391540527,0.0011734056752175093,0.7834185361862183,-0.05355894938111305,0.6191812753677368,orbslam3_map,camera_color_optical_frame
1723528299.8369048,0.7975454926490784,-0.5666415691375732,-8.303814888000488,0.002817208878695965,0.7828965783119202,-0.052270811051130295,0.619945764541626,orbslam3_map,camera_color_optical_frame
1723528299.8702657,0.8077749013900757,-0.5668084621429443,-8.307058334350586,0.0038024429231882095,0.7825535535812378,-0.050984688103199005,0.6204804182052612,orbslam3_map,camera_color_optical_frame
1723528299.9369898,0.8299069404602051,-0.5672861337661743,-8.312755584716797,0.006523787509649992,0.7821732759475708,-0.050030097365379333,0.6210148334503174,orbslam3_map,camera_color_optical_frame
1723528300.003714,0.8492048382759094,-0.5683806538581848,-8.317890167236328,0.00787260103970766,0.7815879583358765,-0.04936046525835991,0.6217892169952393,orbslam3_map,camera_color_optical_frame
1723528300.070439,0.8693930506706238,-0.5688034296035767,-8.323746681213379,0.009548703208565712,0.7810257077217102,-0.04872589558362961,0.6225219964981079,orbslam3_map,camera_color_optical_frame
1723528300.1038027,0.8788937330245972,-0.5692052841186523,-8.326262474060059,0.009862232021987438,0.7808499932289124,-0.04866761714220047,0.6227419376373291,orbslam3_map,camera_color_optical_frame
1723528300.1705287,0.8990275263786316,-0.5694297552108765,-8.331820487976074,0.00986433308571577,0.7801787257194519,-0.04870343953371048,0.6235798597335815,orbslam3_map,camera_color_optical_frame
1723528300.2372558,0.9186097979545593,-0.5705569982528687,-8.3345308303833,0.009039059281349182,0.7799908518791199,-0.04918254166841507,0.6237897872924805,orbslam3_map,camera_color_optical_frame
1723528300.3039834,0.938819944858551,-0.5705015659332275,-8.338712692260742,0.007953735068440437,0.7796996831893921,-0.0492011122405529,0.6241670846939087,orbslam3_map,camera_color_optical_frame
1723528300.3373468,0.9495083093643188,-0.5708931088447571,-8.341229438781738,0.007362750358879566,0.7794935703277588,-0.04949015751481056,0.6244088411331177,orbslam3_map,camera_color_optical_frame
1723528300.4040754,0.9691426157951355,-0.5710282325744629,-8.345746040344238,0.0061288513243198395,0.7790651917457581,-0.04945177212357521,0.6249594688415527,orbslam3_map,camera_color_optical_frame
1723528300.4374406,0.9828112125396729,-0.5715957880020142,-8.349356651306152,0.005623775068670511,0.7786740064620972,-0.04950699582695961,0.6254472136497498,orbslam3_map,camera_color_optical_frame
1723528300.5041702,1.0033841133117676,-0.5726286768913269,-8.354175567626953,0.004772665444761515,0.7778971195220947,-0.05012468248605728,0.6263712048530579,orbslam3_map,camera_color_optical_frame
1723528300.5709007,1.0227617025375366,-0.5732893943786621,-8.358354568481445,0.005137892439961433,0.7774771451950073,-0.05077650770545006,0.6268370747566223,orbslam3_map,camera_color_optical_frame
1723528300.6376317,1.0432626008987427,-0.5739468336105347,-8.363044738769531,0.005407689604908228,0.7772581577301025,-0.05060043931007385,0.6271204352378845,orbslam3_map,camera_color_optical_frame
1723528300.704341,1.0631728172302246,-0.5743674635887146,-8.368308067321777,0.0059143188409507275,0.776790201663971,-0.0505797304213047,0.6276971101760864,orbslam3_map,camera_color_optical_frame
1723528300.7710292,1.08403742313385,-0.5747808218002319,-8.373311042785645,0.006006925832480192,0.7762475609779358,-0.04988515377044678,0.628422737121582,orbslam3_map,camera_color_optical_frame
1723528300.8377173,1.1041642427444458,-0.5753691792488098,-8.378323554992676,0.0058346823789179325,0.7760049700737,-0.04859406128525734,0.6288250088691711,orbslam3_map,camera_color_optical_frame
1723528300.9044049,1.1241812705993652,-0.5755636096000671,-8.38308048248291,0.006152134854346514,0.7757821679115295,-0.047272831201553345,0.6291974186897278,orbslam3_map,camera_color_optical_frame
1723528300.9710927,1.1439144611358643,-0.5766315460205078,-8.387460708618164,0.006216781213879585,0.7754435539245605,-0.046452704817056656,0.6296751499176025,orbslam3_map,camera_color_optical_frame
1723528301.0377803,1.1633566617965698,-0.5770998001098633,-8.391328811645508,0.0059591843746602535,0.775212824344635,-0.046507757157087326,0.6299576163291931,orbslam3_map,camera_color_optical_frame
1723528301.0711236,1.1750528812408447,-0.5769602060317993,-8.39435863494873,0.006423421204090118,0.774724006652832,-0.04672689363360405,0.6305379271507263,orbslam3_map,camera_color_optical_frame
1723528301.137811,1.1934846639633179,-0.5774074196815491,-8.397546768188477,0.00564543018117547,0.7747173309326172,-0.04709172248840332,0.6305264830589294,orbslam3_map,camera_color_optical_frame
1723528301.2378423,1.2245409488677979,-0.5784433484077454,-8.404664039611816,0.0037362598814070225,0.7742920517921448,-0.04689328745007515,0.6310777068138123,orbslam3_map,camera_color_optical_frame
1723528301.3045294,1.2461363077163696,-0.5786848664283752,-8.408651351928711,0.0024706206750124693,0.7740488648414612,-0.046871911734342575,0.6313835978507996,orbslam3_map,camera_color_optical_frame
1723528301.3378725,1.2565593719482422,-0.5789687037467957,-8.411221504211426,0.0015369309112429619,0.7738762497901917,-0.045793626457452774,0.6316772103309631,orbslam3_map,camera_color_optical_frame
1723528301.4045594,1.276005506515503,-0.5799399018287659,-8.415403366088867,0.0008127358742058277,0.7735751867294312,-0.045087095350027084,0.6320980191230774,orbslam3_map,camera_color_optical_frame
1723528301.471246,1.297667384147644,-0.5798605680465698,-8.420970916748047,0.0009917081333696842,0.7733650207519531,-0.04519040137529373,0.6323475241661072,orbslam3_map,camera_color_optical_frame
1723528301.5379326,1.3181788921356201,-0.5806261897087097,-8.426678657531738,0.0012842706637457013,0.7727755904197693,-0.04482404887676239,0.6330933570861816,orbslam3_map,camera_color_optical_frame
1723528301.604619,1.3382651805877686,-0.5808790326118469,-8.430303573608398,0.0019286328461021185,0.7726534605026245,-0.044749390333890915,0.6332460641860962,orbslam3_map,camera_color_optical_frame
1723528301.6379628,1.3483330011367798,-0.5812152624130249,-8.432893753051758,0.001819038880057633,0.772447943687439,-0.044374555349349976,0.6335234045982361,orbslam3_map,camera_color_optical_frame
1723528301.704651,1.3696645498275757,-0.581510603427887,-8.437796592712402,0.0018998042214661837,0.7720645070075989,-0.04446055367588997,0.6339843273162842,orbslam3_map,camera_color_optical_frame
1723528301.7713413,1.3902528285980225,-0.5812638998031616,-8.441702842712402,0.0019285561284050345,0.771797776222229,-0.0450664646923542,0.634266197681427,orbslam3_map,camera_color_optical_frame
1723528301.8380315,1.410979986190796,-0.5814395546913147,-8.446096420288086,0.0016248340252786875,0.7714805006980896,-0.04503776133060455,0.6346549391746521,orbslam3_map,camera_color_optical_frame
1723528301.9047215,1.430708408355713,-0.5821443796157837,-8.450240135192871,0.0012280107475817204,0.7713837623596191,-0.04468204826116562,0.6347984671592712,orbslam3_map,camera_color_optical_frame
1723528301.9380658,1.4415382146835327,-0.5822564363479614,-8.45248031616211,0.0008294163271784782,0.7712537050247192,-0.04461093246936798,0.6349622011184692,orbslam3_map,camera_color_optical_frame
1723528302.0047557,1.4598125219345093,-0.5827644467353821,-8.456452369689941,0.0007331893430091441,0.7710610628128052,-0.044864099472761154,0.6351783275604248,orbslam3_map,camera_color_optical_frame
1723528302.0714455,1.479851245880127,-0.5832973718643188,-8.460500717163086,0.0008319920743815601,0.7708209753036499,-0.044375523924827576,0.635503888130188,orbslam3_map,camera_color_optical_frame
1723528302.104791,1.4899884462356567,-0.5835246443748474,-8.462972640991211,0.0010649942560121417,0.7706042528152466,-0.04393690079450607,0.6357967853546143,orbslam3_map,camera_color_optical_frame
1723528302.1714807,1.5114831924438477,-0.5835974216461182,-8.466567993164062,0.0012967039365321398,0.7705205082893372,-0.04415068402886391,0.6358830332756042,orbslam3_map,camera_color_optical_frame
1723528302.2381704,1.5319242477416992,-0.5838466882705688,-8.470939636230469,0.0018211717251688242,0.7702425122261047,-0.04406873881816864,0.636224091053009,orbslam3_map,camera_color_optical_frame
1723528302.2715147,1.5418000221252441,-0.5838577151298523,-8.47298526763916,0.0016730081988498569,0.7702285051345825,-0.04405827447772026,0.636242151260376,orbslam3_map,camera_color_optical_frame
1723528302.3382044,1.5624778270721436,-0.5840128064155579,-8.477328300476074,0.00168561318423599,0.7698801159858704,-0.044361457228660583,0.6366426944732666,orbslam3_map,camera_color_optical_frame
1723528302.3715496,1.5729442834854126,-0.5841745138168335,-8.479934692382812,0.0019412029068917036,0.7697545289993286,-0.04434523358941078,0.636794924736023,orbslam3_map,camera_color_optical_frame
1723528302.4382389,1.5936208963394165,-0.5844814777374268,-8.484593391418457,0.001851626206189394,0.7694847583770752,-0.0444895401597023,0.6371110081672668,orbslam3_map,camera_color_optical_frame
1723528302.5049284,1.614263892173767,-0.58453768491745,-8.488934516906738,0.0013328185304999352,0.7692171335220337,-0.04468664154410362,0.6374216079711914,orbslam3_map,camera_color_optical_frame
1723528302.5716178,1.6346943378448486,-0.5850234627723694,-8.492119789123535,0.0010172630427405238,0.7690029740333557,-0.04490165412425995,0.6376655697822571,orbslam3_map,camera_color_optical_frame
1723528302.6716514,1.6655081510543823,-0.5855881571769714,-8.49841022491455,0.0010793771361932158,0.7686048150062561,-0.04534854367375374,0.6381136775016785,orbslam3_map,camera_color_optical_frame
1723528302.7050042,1.6757936477661133,-0.5855638980865479,-8.500222206115723,0.001450668671168387,0.7687626481056213,-0.04578259959816933,0.6378917098045349,orbslam3_map,camera_color_optical_frame
1723528302.7717087,1.6959370374679565,-0.5859853029251099,-8.504097938537598,0.0015127804363146424,0.7685463428497314,-0.04565638303756714,0.638161301612854,orbslam3_map,camera_color_optical_frame
1723528302.8050604,1.7064870595932007,-0.586417555809021,-8.50683307647705,0.0015898164128884673,0.7682767510414124,-0.04546267166733742,0.6384993195533752,orbslam3_map,camera_color_optical_frame
1723528302.8717654,1.7281336784362793,-0.5863451361656189,-8.511053085327148,0.0018761823885142803,0.7679570317268372,-0.04485001042485237,0.6389264464378357,orbslam3_map,camera_color_optical_frame
1723528302.9384706,1.7488150596618652,-0.5868014097213745,-8.515466690063477,0.0019130283035337925,0.7675939202308655,-0.04469326511025429,0.6393734216690063,orbslam3_map,camera_color_optical_frame
1723528302.9718237,1.7592215538024902,-0.5871450901031494,-8.517599105834961,0.0020211029332131147,0.7675338983535767,-0.044664252549409866,0.6394472122192383,orbslam3_map,camera_color_optical_frame
1723528303.0385292,1.7801069021224976,-0.5871098041534424,-8.521256446838379,0.002256205305457115,0.7671583294868469,-0.04501251503825188,0.639872670173645,orbslam3_map,camera_color_optical_frame
1723528303.105235,1.8012696504592896,-0.5877690315246582,-8.525235176086426,0.0021271484438329935,0.7669259905815125,-0.04495931789278984,0.6401551365852356,orbslam3_map,camera_color_optical_frame
1723528303.1719408,1.8216285705566406,-0.5878603458404541,-8.53002643585205,0.0025978439953178167,0.7665498852729797,-0.044965703040361404,0.6406034231185913,orbslam3_map,camera_color_optical_frame
1723528303.2052934,1.8333836793899536,-0.5881269574165344,-8.532209396362305,0.002303209388628602,0.7663978934288025,-0.044953636825084686,0.6407871842384338,orbslam3_map,camera_color_optical_frame
1723528303.3053532,1.865601658821106,-0.5883293747901917,-8.538761138916016,0.0023735042195767164,0.7660549283027649,-0.04453873634338379,0.6412258148193359,orbslam3_map,camera_color_optical_frame
1723528303.338706,1.8754950761795044,-0.5884930491447449,-8.540165901184082,0.001771551906131208,0.7661170363426208,-0.044016484171152115,0.6411895751953125,orbslam3_map,camera_color_optical_frame
1723528303.405413,1.89651620388031,-0.5888177156448364,-8.54432487487793,0.0014670948730781674,0.7656413316726685,-0.04403300583362579,0.6417571902275085,orbslam3_map,camera_color_optical_frame
1723528303.4387667,1.9060784578323364,-0.5892465710639954,-8.546440124511719,0.0010672067292034626,0.7654474973678589,-0.043705690652132034,0.6420115232467651,orbslam3_map,camera_color_optical_frame
1723528303.5054736,1.9266313314437866,-0.5901138186454773,-8.55068588256836,0.0007752144010737538,0.7651491165161133,-0.04281431809067726,0.6424276232719421,orbslam3_map,camera_color_optical_frame
1723528303.5721807,1.9477791786193848,-0.5902737379074097,-8.554604530334473,0.0012017525732517242,0.7649379968643188,-0.04320858046412468,0.6426518559455872,orbslam3_map,camera_color_optical_frame
1723528303.6388884,1.9679388999938965,-0.5900589823722839,-8.558083534240723,0.0012455384712666273,0.7648746371269226,-0.04350738227367401,0.6427069902420044,orbslam3_map,camera_color_optical_frame
1723528303.6722414,1.9793168306350708,-0.5898535251617432,-8.560952186584473,0.0014503482962027192,0.7644677758216858,-0.04388941079378128,0.6431645750999451,orbslam3_map,camera_color_optical_frame
1723528303.7389479,2.000274658203125,-0.5903114080429077,-8.564677238464355,0.001110203331336379,0.7642016410827637,-0.04374256730079651,0.6434914469718933,orbslam3_map,camera_color_optical_frame
1723528303.8056545,2.0210139751434326,-0.590674102306366,-8.568633079528809,0.0013807828072458506,0.7639962434768677,-0.04322214424610138,0.6437699198722839,orbslam3_map,camera_color_optical_frame
1723528303.8723612,2.0419743061065674,-0.5912989974021912,-8.573270797729492,0.001510160625912249,0.7636509537696838,-0.042956992983818054,0.6441969871520996,orbslam3_map,camera_color_optical_frame
1723528303.9057152,2.05218768119812,-0.5913553833961487,-8.574796676635742,0.0014768278924748302,0.7636290788650513,-0.04371511936187744,0.644171953201294,orbslam3_map,camera_color_optical_frame
1723528303.9724224,2.073263168334961,-0.5915688872337341,-8.578432083129883,0.001580393291078508,0.7631051540374756,-0.04376877099275589,0.6447886228561401,orbslam3_map,camera_color_optical_frame
1723528304.0057755,2.083674430847168,-0.5918241739273071,-8.580252647399902,0.001709054340608418,0.7630060911178589,-0.0442727655172348,0.6448710560798645,orbslam3_map,camera_color_optical_frame
1723528304.0724826,2.1042144298553467,-0.5918422937393188,-8.584033966064453,0.0013105259276926517,0.7625199556350708,-0.044179804623126984,0.6454530954360962,orbslam3_map,camera_color_optical_frame
1723528304.13919,2.1270601749420166,-0.5919734239578247,-8.588152885437012,0.0013953445013612509,0.7621244788169861,-0.04471112787723541,0.6458832621574402,orbslam3_map,camera_color_optical_frame
1723528304.1725442,2.137343406677246,-0.592013418674469,-8.590081214904785,0.0015812318306416273,0.7620070576667786,-0.04489516466856003,0.6460086703300476,orbslam3_map,camera_color_optical_frame
1723528304.2392519,2.158268928527832,-0.592864453792572,-8.593673706054688,0.0011075363727286458,0.7618025541305542,-0.045073483139276505,0.6462383270263672,orbslam3_map,camera_color_optical_frame
1723528304.2726054,2.1686460971832275,-0.5925111770629883,-8.595900535583496,0.0013715550303459167,0.7614194750785828,-0.04519714415073395,0.6466806530952454,orbslam3_map,camera_color_optical_frame
1723528304.3393133,2.190390110015869,-0.5931141972541809,-8.599533081054688,0.0011631695087999105,0.7612239122390747,-0.045375701040029526,0.646898627281189,orbslam3_map,camera_color_optical_frame
1723528304.406021,2.21171236038208,-0.5931233763694763,-8.603608131408691,0.0010213194182142615,0.7608623504638672,-0.04487019404768944,0.6473594307899475,orbslam3_map,camera_color_optical_frame
1723528304.5060842,2.243804931640625,-0.5936590433120728,-8.608907699584961,0.0012189486296847463,0.760468065738678,-0.04523256793618202,0.6477969288825989,orbslam3_map,camera_color_optical_frame
1723528304.5727928,2.26520037651062,-0.5939404368400574,-8.612887382507324,0.0012362328125163913,0.7600804567337036,-0.04538310319185257,0.6482411623001099,orbslam3_map,camera_color_optical_frame
1723528304.6395013,2.286099433898926,-0.5942445993423462,-8.616717338562012,0.0009036478586494923,0.7599188089370728,-0.04488963633775711,0.6484655141830444,orbslam3_map,camera_color_optical_frame
1723528304.7395475,2.317112922668457,-0.594617486000061,-8.62173843383789,0.0010551975574344397,0.7597775459289551,-0.04515819996595383,0.6486122608184814,orbslam3_map,camera_color_optical_frame
1723528304.8062396,2.3383092880249023,-0.5948384404182434,-8.625306129455566,0.0008409716538153589,0.7593746781349182,-0.04512942582368851,0.6490859985351562,orbslam3_map,camera_color_optical_frame
1723528304.8729322,2.3586373329162598,-0.5949230790138245,-8.628859519958496,0.0005600081058219075,0.758843719959259,-0.04463591426610947,0.6497411131858826,orbslam3_map,camera_color_optical_frame
1723528304.9396243,2.382469892501831,-0.5950936079025269,-8.633139610290527,0.0007854763534851372,0.7585042715072632,-0.04506412521004677,0.6501076221466064,orbslam3_map,camera_color_optical_frame
1723528305.0063164,2.403794527053833,-0.5955191254615784,-8.636438369750977,0.000302353611914441,0.7583442330360413,-0.0447959378361702,0.6503131985664368,orbslam3_map,camera_color_optical_frame
1723528305.0730085,2.4248015880584717,-0.5957394242286682,-8.640201568603516,0.0005717886961065233,0.7579158544540405,-0.04490191861987114,0.6508049368858337,orbslam3_map,camera_color_optical_frame
1723528305.139701,2.4457385540008545,-0.5965346097946167,-8.643477439880371,0.00011236681166337803,0.757513165473938,-0.044675182551145554,0.6512894034385681,orbslam3_map,camera_color_optical_frame
1723528305.1730473,2.456251382827759,-0.5964667201042175,-8.645204544067383,-3.694435872603208e-05,0.7572386860847473,-0.04484732821583748,0.6515967845916748,orbslam3_map,camera_color_optical_frame
1723528305.2397394,2.4771111011505127,-0.5961383581161499,-8.64880084991455,-4.018399340566248e-05,0.7568853497505188,-0.0449506901204586,0.6519999504089355,orbslam3_map,camera_color_optical_frame
1723528305.3064315,2.498201608657837,-0.5964739322662354,-8.652595520019531,0.00042106822365894914,0.756372332572937,-0.044767286628484726,0.6526075601577759,orbslam3_map,camera_color_optical_frame
1723528305.3397772,2.508554220199585,-0.5968369841575623,-8.654640197753906,0.0004238174296915531,0.7560794353485107,-0.04453752189874649,0.6529625654220581,orbslam3_map,camera_color_optical_frame
1723528305.4064693,2.5273823738098145,-0.5964592099189758,-8.657240867614746,0.00032304140040650964,0.755666196346283,-0.04413522779941559,0.6534682512283325,orbslam3_map,camera_color_optical_frame
1723528305.4731612,2.548468589782715,-0.5963535904884338,-8.661101341247559,0.0006173962610773742,0.755373477935791,-0.04314124211668968,0.6538726687431335,orbslam3_map,camera_color_optical_frame
1723528305.506508,2.562164545059204,-0.5968826413154602,-8.663540840148926,0.00044146511936560273,0.7553045749664307,-0.042177487164735794,0.6540151834487915,orbslam3_map,camera_color_optical_frame
1723528305.5732002,2.583345890045166,-0.5970169305801392,-8.667215347290039,0.0008393481839448214,0.7550508379936218,-0.041681788861751556,0.6543394327163696,orbslam3_map,camera_color_optical_frame
1723528305.639892,2.6041393280029297,-0.5977451205253601,-8.670454978942871,0.0011537530226632953,0.7544283270835876,-0.042308591306209564,0.6550165414810181,orbslam3_map,camera_color_optical_frame
1723528305.7065861,2.626105785369873,-0.5983105301856995,-8.673723220825195,0.0006240708171389997,0.7536437511444092,-0.04253781959414482,0.65590500831604,orbslam3_map,camera_color_optical_frame
1723528305.7399373,2.636653184890747,-0.5984481573104858,-8.674978256225586,0.0004294155223760754,0.7534695267677307,-0.04246928542852402,0.6561095714569092,orbslam3_map,camera_color_optical_frame
1723528305.8066406,2.657407522201538,-0.5983738303184509,-8.678046226501465,0.0010136505588889122,0.7530280947685242,-0.04347745701670647,0.6565496325492859,orbslam3_map,camera_color_optical_frame
1723528305.9066963,2.6892857551574707,-0.5987399220466614,-8.682875633239746,4.234617517795414e-05,0.7521439790725708,-0.04434826970100403,0.6575048565864563,orbslam3_map,camera_color_optical_frame
1723528305.9400477,2.6997673511505127,-0.5995053052902222,-8.684843063354492,0.00016218707605730742,0.7517379522323608,-0.044633906334638596,0.657949686050415,orbslam3_map,camera_color_optical_frame
1723528306.0067513,2.7221519947052,-0.5996295809745789,-8.687715530395508,0.0002958879340440035,0.7511661648750305,-0.045132119208574295,0.6585685014724731,orbslam3_map,camera_color_optical_frame
1723528306.040104,2.733107328414917,-0.5997800827026367,-8.689214706420898,0.00034474037238396704,0.7508378624916077,-0.04448297992348671,0.6589868664741516,orbslam3_map,camera_color_optical_frame
1723528306.106808,2.7538540363311768,-0.5999137163162231,-8.69213581085205,0.002395358169451356,0.7503860592842102,-0.04555284604430199,0.6594239473342896,orbslam3_map,camera_color_optical_frame
1723528306.1735125,2.7748756408691406,-0.5999702215194702,-8.695497512817383,0.003793475218117237,0.749821662902832,-0.04542867839336395,0.660067617893219,orbslam3_map,camera_color_optical_frame
1723528306.2068639,2.7857813835144043,-0.5996661186218262,-8.697084426879883,0.004428264684975147,0.749442458152771,-0.045910850167274475,0.660460889339447,orbslam3_map,camera_color_optical_frame
1723528306.3069212,2.8168017864227295,-0.6008517146110535,-8.701189041137695,0.004689969588071108,0.7488424777984619,-0.04511749744415283,0.6611939072608948,orbslam3_map,camera_color_optical_frame
1723528306.373626,2.8384454250335693,-0.6006723642349243,-8.704150199890137,0.004111581481993198,0.7483224272727966,-0.04505883902311325,0.6617903709411621,orbslam3_map,camera_color_optical_frame
1723528306.406978,2.8488409519195557,-0.6011566519737244,-8.705153465270996,0.0031620257068425417,0.7481660842895508,-0.04469228908419609,0.6619970798492432,orbslam3_map,camera_color_optical_frame
1723528306.473683,2.8702545166015625,-0.6012482643127441,-8.707898139953613,0.0026491342578083277,0.7473940253257751,-0.04545433446764946,0.6628190279006958,orbslam3_map,camera_color_optical_frame
1723528306.507036,2.8805482387542725,-0.6013204455375671,-8.708889961242676,0.0021254916209727526,0.7473719716072083,-0.04567098245024681,0.6628308892250061,orbslam3_map,camera_color_optical_frame
1723528306.5737412,2.9018421173095703,-0.6014370322227478,-8.711151123046875,0.0015975210117176175,0.7468286156654358,-0.04626945033669472,0.6634030938148499,orbslam3_map,camera_color_optical_frame
1723528306.6070936,2.9128148555755615,-0.6015182733535767,-8.712607383728027,0.001138470834121108,0.7465248703956604,-0.046067968010902405,0.6637598872184753,orbslam3_map,camera_color_optical_frame
1723528306.6737988,2.9333982467651367,-0.6017551422119141,-8.715415954589844,0.0005290604312904179,0.7460371851921082,-0.045164115726947784,0.6643708348274231,orbslam3_map,camera_color_optical_frame
1723528306.7738404,2.965407133102417,-0.6020566821098328,-8.719290733337402,0.0006109008099883795,0.7453965544700623,-0.04400857537984848,0.6651667952537537,orbslam3_map,camera_color_optical_frame
1723528306.807184,2.976508378982544,-0.6020761728286743,-8.720291137695312,0.0005891037289984524,0.745227038860321,-0.0439194031059742,0.6653626561164856,orbslam3_map,camera_color_optical_frame
1723528306.8738723,2.9986674785614014,-0.6028658747673035,-8.723761558532715,0.0006132813869044185,0.7443937659263611,-0.04315159097313881,0.666344940662384,orbslam3_map,camera_color_optical_frame
1723528306.907217,3.009324073791504,-0.6033675074577332,-8.725362777709961,0.000878157268743962,0.7440076470375061,-0.04309016466140747,0.666779637336731,orbslam3_map,camera_color_optical_frame
1723528306.973905,3.0304527282714844,-0.6036131381988525,-8.727789878845215,0.0009279491496272385,0.7435731291770935,-0.04326522350311279,0.6672528982162476,orbslam3_map,camera_color_optical_frame
1723528307.040593,3.05064058303833,-0.6040924191474915,-8.72993278503418,0.0010663948487490416,0.7427651882171631,-0.04443278908729553,0.6680752038955688,orbslam3_map,camera_color_optical_frame
1723528307.107281,3.07192063331604,-0.6040467619895935,-8.732542037963867,0.0011759813642129302,0.7421741485595703,-0.0447600893676281,0.6687096953392029,orbslam3_map,camera_color_optical_frame
1723528307.173969,3.093005895614624,-0.6045564413070679,-8.73476791381836,0.0006036972044967115,0.74162757396698,-0.04469151422381401,0.6693211793899536,orbslam3_map,camera_color_optical_frame
1723528307.2406566,3.113687038421631,-0.6048102378845215,-8.736898422241211,0.00038049035356380045,0.7411205172538757,-0.04467476159334183,0.6698839068412781,orbslam3_map,camera_color_optical_frame
1723528307.3073442,3.134434938430786,-0.6052289605140686,-8.739261627197266,-0.00020125268201809376,0.7403175234794617,-0.04476180300116539,0.6707654595375061,orbslam3_map,camera_color_optical_frame
1723528307.374032,3.154572010040283,-0.605168879032135,-8.741903305053711,0.00021898752311244607,0.7396639585494995,-0.04518051818013191,0.6714580655097961,orbslam3_map,camera_color_optical_frame
1723528307.407375,3.1645238399505615,-0.6049636006355286,-8.743069648742676,0.0012180556077510118,0.739484965801239,-0.04604983702301979,0.6715951561927795,orbslam3_map,camera_color_optical_frame
1723528307.4740627,3.1874358654022217,-0.6063266396522522,-8.744744300842285,0.0003748990420717746,0.7391464710235596,-0.046247344464063644,0.6719550490379333,orbslam3_map,camera_color_optical_frame
1723528307.54075,3.208451986312866,-0.6059346795082092,-8.747465133666992,0.00024001930432859808,0.7381353378295898,-0.046340301632881165,0.6730592250823975,orbslam3_map,camera_color_optical_frame
1723528307.6074371,3.2287960052490234,-0.606065571308136,-8.748809814453125,-0.0005426893476396799,0.7379969954490662,-0.046078022569417953,0.6732288002967834,orbslam3_map,camera_color_optical_frame
1723528307.6741245,3.249666690826416,-0.6057730317115784,-8.751077651977539,-0.0009766824077814817,0.7374053001403809,-0.04553566500544548,0.6739131808280945,orbslam3_map,camera_color_optical_frame
1723528307.7074687,3.2594051361083984,-0.6066865921020508,-8.752450942993164,-0.0015929128276184201,0.7368462085723877,-0.04526872560381889,0.6745413541793823,orbslam3_map,camera_color_optical_frame
1723528307.774158,3.2802340984344482,-0.6072380542755127,-8.755081176757812,-0.0029417076148092747,0.7361204028129578,-0.04415702819824219,0.6754022836685181,orbslam3_map,camera_color_optical_frame
1723528307.8408468,3.30210542678833,-0.6070131659507751,-8.756223678588867,-0.003821443999186158,0.7359381914138794,-0.04378914088010788,0.6756203770637512,orbslam3_map,camera_color_optical_frame
1723528307.907536,3.3228273391723633,-0.6069544553756714,-8.758073806762695,-0.004375446122139692,0.7354449033737183,-0.04289643466472626,0.6762111783027649,orbslam3_map,camera_color_optical_frame
1723528307.94088,3.334076166152954,-0.6070975065231323,-8.75947093963623,-0.005135780666023493,0.7349153757095337,-0.042904648929834366,0.6767807602882385,orbslam3_map,camera_color_optical_frame
1723528308.0075688,3.3541929721832275,-0.6069996953010559,-8.760597229003906,-0.005814698990434408,0.7345349192619324,-0.0426383912563324,0.6772050261497498,orbslam3_map,camera_color_optical_frame
1723528308.0742576,3.375150203704834,-0.6069372892379761,-8.762715339660645,-0.00626493850722909,0.7338337302207947,-0.04232078790664673,0.6779806613922119,orbslam3_map,camera_color_optical_frame
1723528308.1076024,3.3857462406158447,-0.6074153184890747,-8.763832092285156,-0.00633998354896903,0.7336664199829102,-0.04179002344608307,0.6781939268112183,orbslam3_map,camera_color_optical_frame
1723528308.174291,3.405576229095459,-0.607429027557373,-8.766329765319824,-0.005501518491655588,0.7332863807678223,-0.041663140058517456,0.6786199808120728,orbslam3_map,camera_color_optical_frame
1723528308.274323,3.436288356781006,-0.6080580949783325,-8.768301963806152,-0.006074731238186359,0.7327991127967834,-0.04066237062215805,0.6792018413543701,orbslam3_map,camera_color_optical_frame
1723528308.3410113,3.4561374187469482,-0.6084222197532654,-8.770404815673828,-0.00689408415928483,0.7318148612976074,-0.0399983786046505,0.6802937984466553,orbslam3_map,camera_color_optical_frame
1723528308.4076993,3.476799726486206,-0.6078509092330933,-8.772674560546875,-0.005730225704610348,0.7311875224113464,-0.040247056633234024,0.6809641122817993,orbslam3_map,camera_color_optical_frame
1723528308.4743874,3.496412992477417,-0.6075237393379211,-8.774715423583984,-0.003871314926072955,0.7309786081314087,-0.04085183143615723,0.6811655163764954,orbslam3_map,camera_color_optical_frame
1723528308.5410752,3.5182244777679443,-0.6074594259262085,-8.776803970336914,-0.0022038619499653578,0.730579674243927,-0.04193480312824249,0.681535005569458,orbslam3_map,camera_color_optical_frame
1723528308.6077628,3.53812837600708,-0.6075456738471985,-8.778620719909668,-0.0006343998247757554,0.7299972176551819,-0.042698752135038376,0.6821147203445435,orbslam3_map,camera_color_optical_frame
1723528308.6744506,3.5579593181610107,-0.6074405312538147,-8.780387878417969,0.0003538874734658748,0.7294315099716187,-0.04309586435556412,0.6826949715614319,orbslam3_map,camera_color_optical_frame
1723528308.7411387,3.5786359310150146,-0.607785165309906,-8.781916618347168,-0.00036560403532348573,0.7292075753211975,-0.04267355054616928,0.6829606294631958,orbslam3_map,camera_color_optical_frame
1723528308.7744834,3.5895028114318848,-0.6072630286216736,-8.783304214477539,-2.2324693418340757e-05,0.7286481857299805,-0.043683022260665894,0.6834937930107117,orbslam3_map,camera_color_optical_frame
1723528308.8745153,3.620460033416748,-0.6069913506507874,-8.785515785217285,-0.0003347034798935056,0.7273055911064148,-0.04345787689089775,0.6849364042282104,orbslam3_map,camera_color_optical_frame
1723528308.90786,3.630847215652466,-0.6075051426887512,-8.785479545593262,-0.0005870356690138578,0.7273784875869751,-0.04289165139198303,0.6848945617675781,orbslam3_map,camera_color_optical_frame
1723528309.0078917,3.6614086627960205,-0.6081331968307495,-8.786992073059082,-0.0012169026304036379,0.7270516157150269,-0.04284802824258804,0.6852434873580933,orbslam3_map,camera_color_optical_frame
1723528309.041236,3.673035144805908,-0.6080231070518494,-8.788444519042969,-0.0014588559279218316,0.7264397144317627,-0.04305728152394295,0.685878574848175,orbslam3_map,camera_color_optical_frame
1723528309.1079237,3.694230079650879,-0.6076016426086426,-8.789767265319824,-0.0016544864047318697,0.7254016995429993,-0.04378224164247513,0.6869300007820129,orbslam3_map,camera_color_optical_frame
1723528309.1412673,3.704225540161133,-0.6078145503997803,-8.79036808013916,-0.002369921188801527,0.7248442769050598,-0.04326115548610687,0.6875489950180054,orbslam3_map,camera_color_optical_frame
1723528309.2079551,3.7237281799316406,-0.6080189347267151,-8.791908264160156,-0.0029845775570720434,0.7237266302108765,-0.04288741946220398,0.6887463927268982,orbslam3_map,camera_color_optical_frame
1723528309.2746425,3.7437610626220703,-0.6086139678955078,-8.79369831085205,-0.002490069717168808,0.7234392762184143,-0.04175421968102455,0.6891197562217712,orbslam3_map,camera_color_optical_frame
1723528309.34133,3.761833906173706,-0.6091549396514893,-8.794811248779297,-0.0009357196977362037,0.7234938740730286,-0.040984850376844406,0.6891124844551086,orbslam3_map,camera_color_optical_frame
1723528309.4413614,3.789917230606079,-0.6091376543045044,-8.797903060913086,0.0018587540835142136,0.722291111946106,-0.0402006059885025,0.6904172897338867,orbslam3_map,camera_color_optical_frame
1723528309.5080485,3.809605360031128,-0.609349250793457,-8.799690246582031,0.0029854606837034225,0.7216915488243103,-0.0399186871945858,0.6910563707351685,orbslam3_map,camera_color_optical_frame
1723528309.5747359,3.829726457595825,-0.6090684533119202,-8.801156044006348,0.004106495995074511,0.7215240597724915,-0.0404253713786602,0.6911960244178772,orbslam3_map,camera_color_optical_frame
1723528309.6080785,3.838170051574707,-0.6090481877326965,-8.801345825195312,0.003648315789178014,0.7213637828826904,-0.04041500762104988,0.6913664937019348,orbslam3_map,camera_color_optical_frame
1723528309.6747656,3.857511520385742,-0.6090646982192993,-8.801290512084961,0.0026782613713294268,0.7210250496864319,-0.04169967770576477,0.6916479468345642,orbslam3_map,camera_color_optical_frame
1723528309.7081096,3.870190382003784,-0.608566164970398,-8.801667213439941,0.0024628848768770695,0.7206352949142456,-0.04264019429683685,0.6919974684715271,orbslam3_map,camera_color_optical_frame
1723528309.7748039,3.889159679412842,-0.6091883182525635,-8.802190780639648,0.0012284028343856335,0.7199283242225647,-0.04297782853245735,0.6927154660224915,orbslam3_map,camera_color_optical_frame
1723528309.8414984,3.908690929412842,-0.6089282631874084,-8.803332328796387,0.0006778258830308914,0.7193934917449951,-0.04398587718605995,0.6932083368301392,orbslam3_map,camera_color_optical_frame
1723528309.9081929,3.928443193435669,-0.6091201305389404,-8.803511619567871,0.0006936940480954945,0.7195795178413391,-0.04530368000268936,0.6929303407669067,orbslam3_map,camera_color_optical_frame
1723528309.9415395,3.9386513233184814,-0.60926753282547,-8.804070472717285,0.0002649720699992031,0.7191471457481384,-0.045004069805145264,0.6933988332748413,orbslam3_map,camera_color_optical_frame
1723528310.0082338,3.9585108757019043,-0.6094292998313904,-8.805402755737305,-0.0008547181496396661,0.7182648181915283,-0.04387582093477249,0.6943844556808472,orbslam3_map,camera_color_optical_frame
1723528310.0415814,3.968109369277954,-0.6097010374069214,-8.805524826049805,-0.00038433296140283346,0.7180846929550171,-0.04447627812623978,0.6945330500602722,orbslam3_map,camera_color_optical_frame
1723528310.1416223,3.9986722469329834,-0.6097422242164612,-8.808555603027344,0.0005963817820884287,0.7172518372535706,-0.041855406016111374,0.695555567741394,orbslam3_map,camera_color_optical_frame
1723528310.2083166,4.0180745124816895,-0.6103516817092896,-8.809369087219238,0.0018305375706404448,0.717207670211792,-0.040647342801094055,0.6956706643104553,orbslam3_map,camera_color_optical_frame
1723528310.2750106,4.037622451782227,-0.6104481220245361,-8.811001777648926,0.0025541989598423243,0.7166622877120972,-0.04041118174791336,0.696243941783905,orbslam3_map,camera_color_optical_frame
1723528310.3083584,4.0472731590271,-0.6102444529533386,-8.810896873474121,0.0026563655119389296,0.7164940237998962,-0.04087517037987709,0.6963896751403809,orbslam3_map,camera_color_optical_frame
1723528310.3750525,4.066699028015137,-0.6101627349853516,-8.811747550964355,0.002683150814846158,0.7156363129615784,-0.04146692901849747,0.6972360014915466,orbslam3_map,camera_color_optical_frame
1723528310.4083989,4.078276634216309,-0.610190212726593,-8.81196117401123,0.002484904835000634,0.7152556777000427,-0.04167020693421364,0.6976150274276733,orbslam3_map,camera_color_optical_frame
1723528310.475093,4.09717321395874,-0.6103583574295044,-8.812453269958496,0.002624133601784706,0.7148563265800476,-0.04210765287280083,0.697997510433197,orbslam3_map,camera_color_optical_frame
1723528310.5084407,4.1073384284973145,-0.6106846928596497,-8.812231063842773,0.0023064210545271635,0.7148886322975159,-0.0423620343208313,0.6979501247406006,orbslam3_map,camera_color_optical_frame
1723528310.5417871,4.116905212402344,-0.6107242107391357,-8.812873840332031,0.002124718390405178,0.7145963907241821,-0.04278942197561264,0.698223888874054,orbslam3_map,camera_color_optical_frame
1723528310.5751345,4.126657962799072,-0.6107448935508728,-8.813374519348145,0.0017030464950948954,0.7142641544342041,-0.042668115347623825,0.6985723972320557,orbslam3_map,camera_color_optical_frame
1723528310.6418285,4.145617485046387,-0.6109353303909302,-8.813889503479004,0.0016825780039653182,0.7135407328605652,-0.04269305244088173,0.699309766292572,orbslam3_map,camera_color_optical_frame
1723528310.7085223,4.164786338806152,-0.6112284064292908,-8.8142671585083,0.0013797119027003646,0.7130635380744934,-0.04261820390820503,0.699801504611969,orbslam3_map,camera_color_optical_frame
1723528310.7752194,4.185490131378174,-0.6114400029182434,-8.815155982971191,0.0013026227243244648,0.7122638821601868,-0.04201857000589371,0.7006517648696899,orbslam3_map,camera_color_optical_frame
1723528310.8419166,4.20550537109375,-0.6116100549697876,-8.815783500671387,0.0017815236933529377,0.7116976380348206,-0.04211079701781273,0.7012203335762024,orbslam3_map,camera_color_optical_frame
1723528310.8752646,4.214742660522461,-0.6116548180580139,-8.815803527832031,0.0019189480226486921,0.7115498185157776,-0.042168859392404556,0.7013665437698364,orbslam3_map,camera_color_optical_frame
1723528310.9086134,4.224669456481934,-0.6115144491195679,-8.81619644165039,0.002031445037573576,0.711244523525238,-0.042127858847379684,0.7016782760620117,orbslam3_map,camera_color_optical_frame
1723528310.9753108,4.243976593017578,-0.6115001440048218,-8.816834449768066,0.002178677823394537,0.7104917764663696,-0.04204322025179863,0.7024450302124023,orbslam3_map,camera_color_optical_frame
1723528311.0420077,4.263489246368408,-0.6113171577453613,-8.817060470581055,0.002031460404396057,0.710088849067688,-0.04229826480150223,0.7028375864028931,orbslam3_map,camera_color_optical_frame
1723528311.1420531,4.292661190032959,-0.6119784116744995,-8.817416191101074,0.0015128277009353042,0.7095308303833008,-0.04164677858352661,0.7034410238265991,orbslam3_map,camera_color_optical_frame
1723528311.2420998,4.321839809417725,-0.6123151779174805,-8.817994117736816,0.0011587368790060282,0.7084732055664062,-0.04189511016011238,0.7044922113418579,orbslam3_map,camera_color_optical_frame
1723528311.3087971,4.3411865234375,-0.6120681762695312,-8.818341255187988,0.0008893538033589721,0.7076183557510376,-0.04188679903745651,0.705351710319519,orbslam3_map,camera_color_optical_frame
1723528311.3421452,4.350759506225586,-0.612288236618042,-8.818259239196777,0.0007049564155749977,0.7072481513023376,-0.041950080543756485,0.7057192921638489,orbslam3_map,camera_color_optical_frame
1723528311.4088428,4.369671821594238,-0.6122995615005493,-8.818780899047852,0.0004600220127031207,0.7064630389213562,-0.041907694190740585,0.7065079808235168,orbslam3_map,camera_color_optical_frame
1723528311.4755402,4.389219284057617,-0.6119738221168518,-8.818824768066406,0.00033723513479344547,0.7057806849479675,-0.04161882773041725,0.7072067260742188,orbslam3_map,camera_color_optical_frame
1723528311.5422378,4.408843040466309,-0.6122632026672363,-8.819289207458496,0.0001656417443882674,0.7049046754837036,-0.041867319494485855,0.7080653309822083,orbslam3_map,camera_color_optical_frame
1723528311.6089356,4.427857875823975,-0.6123248934745789,-8.81911849975586,9.368840983370319e-05,0.7039682865142822,-0.042371951043605804,0.7089663147926331,orbslam3_map,camera_color_optical_frame
1723528311.675633,4.4465789794921875,-0.6124979853630066,-8.818599700927734,-0.00012881879229098558,0.7031512260437012,-0.04225056618452072,0.7097840309143066,orbslam3_map,camera_color_optical_frame
1723528311.742329,4.465329170227051,-0.6124205589294434,-8.81864070892334,-4.4528351281769574e-05,0.702301025390625,-0.04238438606262207,0.7106172442436218,orbslam3_map,camera_color_optical_frame
1723528311.7756763,4.475536823272705,-0.6124486327171326,-8.818846702575684,-7.946659025037661e-06,0.7017634510993958,-0.04235759750008583,0.7111496925354004,orbslam3_map,camera_color_optical_frame
1723528311.8423698,4.495100975036621,-0.612427830696106,-8.818621635437012,0.00014895042113494128,0.7007448673248291,-0.04254080355167389,0.7121424674987793,orbslam3_map,camera_color_optical_frame
1723528311.8757162,4.505256652832031,-0.6122869849205017,-8.81836223602295,0.00031232426408678293,0.7000653147697449,-0.04278814047574997,0.7127956748008728,orbslam3_map,camera_color_optical_frame
1723528311.9424098,4.524698734283447,-0.6122766733169556,-8.81834602355957,0.000554156955331564,0.6986231207847595,-0.04289277270436287,0.714202880859375,orbslam3_map,camera_color_optical_frame
1723528312.0091035,4.544046401977539,-0.6126109957695007,-8.817910194396973,3.067385114263743e-05,0.6973817944526672,-0.042266059666872025,0.7154524326324463,orbslam3_map,camera_color_optical_frame
1723528312.075797,4.562575817108154,-0.6125978231430054,-8.817265510559082,1.876762144092936e-05,0.6961338520050049,-0.04224091023206711,0.7166683673858643,orbslam3_map,camera_color_optical_frame
1723528312.1424906,4.5823540687561035,-0.6131653189659119,-8.81694221496582,-9.735614730743691e-05,0.6946056485176086,-0.041917718946933746,0.7181685566902161,orbslam3_map,camera_color_optical_frame
1723528312.175838,4.591261386871338,-0.6131327152252197,-8.815505027770996,-0.0003812071809079498,0.6940138936042786,-0.04214208200573921,0.7187270522117615,orbslam3_map,camera_color_optical_frame
1723528312.2425315,4.6102495193481445,-0.6130474209785461,-8.815210342407227,-0.0007650792831555009,0.6921942830085754,-0.04239342734217644,0.7204647064208984,orbslam3_map,camera_color_optical_frame
1723528312.2758777,4.62030029296875,-0.6129902005195618,-8.814786911010742,-0.0007827641675248742,0.6912438273429871,-0.042744364589452744,0.7213559150695801,orbslam3_map,camera_color_optical_frame
1723528312.309225,4.627292156219482,-0.6128041744232178,-8.814485549926758,-0.0008493349305354059,0.6904330849647522,-0.04329716041684151,0.7220989465713501,orbslam3_map,camera_color_optical_frame
1723528312.3759184,4.646174430847168,-0.6131895184516907,-8.813404083251953,-0.0016235478688031435,0.6887838840484619,-0.043475229293107986,0.7236601710319519,orbslam3_map,camera_color_optical_frame
1723528312.4092646,4.655052661895752,-0.6130374073982239,-8.812142372131348,-0.0021483709570020437,0.6881043910980225,-0.043781328946352005,0.7242864966392517,orbslam3_map,camera_color_optical_frame
1723528312.4759579,4.676537036895752,-0.613053023815155,-8.811077117919922,-0.002070232992991805,0.6861801743507385,-0.04437348619103432,0.7260740399360657,orbslam3_map,camera_color_optical_frame
1723528312.5093052,4.685452938079834,-0.6133692860603333,-8.809873580932617,-0.00168919179122895,0.685668408870697,-0.044423192739486694,0.726555347442627,orbslam3_map,camera_color_optical_frame
1723528312.5759985,4.704346179962158,-0.6130809783935547,-8.80971908569336,-0.0008449527085758746,0.6842432618141174,-0.04454037919640541,0.7278919219970703,orbslam3_map,camera_color_optical_frame
1723528312.6426916,4.725074768066406,-0.6128738522529602,-8.808171272277832,-0.002127516083419323,0.6824116706848145,-0.043976783752441406,0.7296409606933594,orbslam3_map,camera_color_optical_frame
1723528312.709385,4.744333267211914,-0.6129468083381653,-8.806341171264648,-0.003698861226439476,0.6802021265029907,-0.04306848347187042,0.7317489981651306,orbslam3_map,camera_color_optical_frame
1723528312.7760847,4.762874126434326,-0.6121887564659119,-8.804557800292969,-0.0048037245869636536,0.6784842610359192,-0.043051980435848236,0.7333366870880127,orbslam3_map,camera_color_optical_frame
1723528312.8427846,4.781266212463379,-0.6120314598083496,-8.803223609924316,-0.005105989519506693,0.6771776080131531,-0.04256140813231468,0.7345699667930603,orbslam3_map,camera_color_optical_frame
1723528312.9094846,4.799849987030029,-0.6125147938728333,-8.801953315734863,-0.004251813981682062,0.6756529808044434,-0.04221566766500473,0.7359979152679443,orbslam3_map,camera_color_optical_frame
1723528312.9761846,4.819010257720947,-0.6121662855148315,-8.800580978393555,-0.003507534507662058,0.6737124919891357,-0.042111027985811234,0.7377845048904419,orbslam3_map,camera_color_optical_frame
1723528313.009534,4.828485488891602,-0.612273097038269,-8.799881935119629,-0.0032651883084326982,0.6728885173797607,-0.042153120040893555,0.738534688949585,orbslam3_map,camera_color_optical_frame
1723528313.1095846,4.857141971588135,-0.6123906970024109,-8.79751968383789,-0.0025262096896767616,0.6707603335380554,-0.04133806750178337,0.7405169606208801,orbslam3_map,camera_color_optical_frame
1723528313.1429343,4.866006374359131,-0.6124822497367859,-8.796552658081055,-0.0023785396479070187,0.670157253742218,-0.041107177734375,0.7410761117935181,orbslam3_map,camera_color_optical_frame
1723528313.2096345,4.885322570800781,-0.6121593713760376,-8.794210433959961,-0.0028899989556521177,0.6687372922897339,-0.04046228155493736,0.7423913478851318,orbslam3_map,camera_color_optical_frame
1723528313.276335,4.904074192047119,-0.6125307679176331,-8.792616844177246,-0.0042020538821816444,0.6665419340133667,-0.038518354296684265,0.7444599866867065,orbslam3_map,camera_color_optical_frame
1723528313.3430352,4.922610759735107,-0.6129444241523743,-8.79081916809082,-0.004843316040933132,0.6647651195526123,-0.03741921856999397,0.7460989952087402,orbslam3_map,camera_color_optical_frame
1723528313.4430864,4.95068359375,-0.6125705242156982,-8.787824630737305,-0.0030615313444286585,0.6633408069610596,-0.03769423067569733,0.7473611831665039,orbslam3_map,camera_color_optical_frame
1723528313.509787,4.968995094299316,-0.6116799116134644,-8.78502082824707,-0.0019533541053533554,0.6623163819313049,-0.03981144726276398,0.7481633424758911,orbslam3_map,camera_color_optical_frame
1723528313.5764878,4.987015247344971,-0.6107820868492126,-8.781935691833496,-0.0024137122090905905,0.6605810523033142,-0.041155289858579636,0.7496219873428345,orbslam3_map,camera_color_optical_frame
1723528313.6431885,5.00577974319458,-0.6104572415351868,-8.77946949005127,-0.003654081840068102,0.6586501002311707,-0.040505215525627136,0.7513494491577148,orbslam3_map,camera_color_optical_frame
1723528313.7098892,5.0250325202941895,-0.6103600859642029,-8.77743148803711,-0.004310761112719774,0.6568809747695923,-0.039029669016599655,0.7529711723327637,orbslam3_map,camera_color_optical_frame
1723528313.8099594,5.0532612800598145,-0.6106531620025635,-8.773120880126953,-0.004061446990817785,0.6549769043922424,-0.03671687841415405,0.7547454833984375,orbslam3_map,camera_color_optical_frame
1723528313.8766735,5.071832180023193,-0.6106412410736084,-8.770760536193848,-0.0035825339145958424,0.6534898281097412,-0.035594403743743896,0.7560895085334778,orbslam3_map,camera_color_optical_frame
1723528313.9767458,5.098642349243164,-0.6104748249053955,-8.767487525939941,-0.0029079883825033903,0.6507734656333923,-0.03364885225892067,0.7585204243659973,orbslam3_map,camera_color_optical_frame
1723528314.0434606,5.117579936981201,-0.6100622415542603,-8.764618873596191,-0.0015485085314139724,0.6490285396575928,-0.033713679760694504,0.7600151896476746,orbslam3_map,camera_color_optical_frame
1723528314.1101758,5.135682106018066,-0.6093930006027222,-8.761802673339844,-0.0007038872572593391,0.647346019744873,-0.03432680293917656,0.7614225745201111,orbslam3_map,camera_color_optical_frame
1723528314.143533,5.144808292388916,-0.6098652482032776,-8.760031700134277,-0.0009839694248512387,0.6463537812232971,-0.034554868936538696,0.7622544765472412,orbslam3_map,camera_color_optical_frame
1723528314.2102485,5.162832260131836,-0.6096652746200562,-8.756711959838867,-0.0004458441399037838,0.6445854306221008,-0.03564419597387314,0.7637007832527161,orbslam3_map,camera_color_optical_frame
1723528314.2769644,5.181739330291748,-0.6095296740531921,-8.753482818603516,-0.0009330040193162858,0.6425797939300537,-0.03578713536262512,0.765381932258606,orbslam3_map,camera_color_optical_frame
1723528314.3436804,5.2004923820495605,-0.6087926626205444,-8.749242782592773,-0.0009915669215843081,0.6407085657119751,-0.03643621876835823,0.7669184803962708,orbslam3_map,camera_color_optical_frame
1723528314.4103966,5.219325542449951,-0.6090680360794067,-8.746535301208496,-0.0006114451098255813,0.6386212110519409,-0.03670007735490799,0.7686454057693481,orbslam3_map,camera_color_optical_frame
1723528314.4771132,5.23734188079834,-0.6090681552886963,-8.743608474731445,-0.0005648408550769091,0.6366034746170044,-0.03657083213329315,0.7703235149383545,orbslam3_map,camera_color_optical_frame
1723528314.54383,5.256478309631348,-0.6086581349372864,-8.739856719970703,-0.0001428596442565322,0.6344833970069885,-0.03647785261273384,0.7720752358436584,orbslam3_map,camera_color_optical_frame
1723528314.610547,5.276154041290283,-0.6083694696426392,-8.735210418701172,-0.0006688414723612368,0.6323639750480652,-0.03645075485110283,0.7738131284713745,orbslam3_map,camera_color_optical_frame
1723528314.6772647,5.29442834854126,-0.6081727743148804,-8.73143196105957,-0.0001631604100111872,0.6299660801887512,-0.036723099648952484,0.775753915309906,orbslam3_map,camera_color_optical_frame
1723528314.7439709,5.312376022338867,-0.6075525879859924,-8.727177619934082,0.0007579141529276967,0.6279198527336121,-0.037190187722444534,0.7773885726928711,orbslam3_map,camera_color_optical_frame
1723528314.8106663,5.330840110778809,-0.6074973940849304,-8.723139762878418,0.0005124254385009408,0.6260678768157959,-0.03611711785197258,0.7789314389228821,orbslam3_map,camera_color_optical_frame
1723528314.8773615,5.349241256713867,-0.6072188019752502,-8.71899127960205,3.0312639864860103e-06,0.6242310404777527,-0.036490488797426224,0.7803871035575867,orbslam3_map,camera_color_optical_frame
1723528314.9440567,5.368747711181641,-0.6073113679885864,-8.713818550109863,-0.000220766436541453,0.621953010559082,-0.03688807785511017,0.7821851968765259,orbslam3_map,camera_color_optical_frame
1723528315.0107522,5.386744499206543,-0.6070595383644104,-8.7088623046875,-0.0007018557516857982,0.619933545589447,-0.03746889531612396,0.7837588787078857,orbslam3_map,camera_color_optical_frame
1723528315.1107955,5.41359806060791,-0.6067186594009399,-8.701763153076172,-0.0013923762599006295,0.6169024109840393,-0.038105595856904984,0.7861154079437256,orbslam3_map,camera_color_optical_frame
1723528315.1774907,5.431773662567139,-0.6066838502883911,-8.697250366210938,-0.0023999556433409452,0.6145464777946472,-0.037555254995822906,0.7879825234413147,orbslam3_map,camera_color_optical_frame
1723528315.244186,5.450734615325928,-0.6059688925743103,-8.692769050598145,-0.0022944286465644836,0.6121805906295776,-0.03768444061279297,0.78981614112854,orbslam3_map,camera_color_optical_frame
1723528315.3108811,5.4679412841796875,-0.6060364246368408,-8.687943458557129,-0.0017113009234890342,0.610129177570343,-0.03748015686869621,0.7914131283760071,orbslam3_map,camera_color_optical_frame
1723528315.3442283,5.477602958679199,-0.6057863235473633,-8.68536376953125,-0.00198092358186841,0.6091362237930298,-0.03658439591526985,0.7922189235687256,orbslam3_map,camera_color_optical_frame
1723528315.4109232,5.495733261108398,-0.6056174039840698,-8.680537223815918,-0.0021254972089082003,0.6073212027549744,-0.036092083901166916,0.7936333417892456,orbslam3_map,camera_color_optical_frame
1723528315.444271,5.505338668823242,-0.6050090789794922,-8.677794456481934,-0.0022200418170541525,0.6064261198043823,-0.035897038877010345,0.7943260669708252,orbslam3_map,camera_color_optical_frame
1723528315.5109663,5.52358341217041,-0.6048884987831116,-8.672689437866211,-0.002753246109932661,0.604518473148346,-0.03576558083295822,0.7957831025123596,orbslam3_map,camera_color_optical_frame
1723528315.5776613,5.542307376861572,-0.6041507720947266,-8.667537689208984,-0.0030090382788330317,0.6026597619056702,-0.03592748939990997,0.7971833944320679,orbslam3_map,camera_color_optical_frame
1723528315.6443565,5.560807228088379,-0.6039828062057495,-8.66215991973877,-0.003814087947830558,0.6009093523025513,-0.035073645412921906,0.7985382080078125,orbslam3_map,camera_color_optical_frame
1723528315.7110512,5.578819274902344,-0.6038228869438171,-8.656983375549316,-0.0039279828779399395,0.5993844270706177,-0.03454110771417618,0.7997060418128967,orbslam3_map,camera_color_optical_frame
1723528315.7777712,5.59704065322876,-0.6035839319229126,-8.65141487121582,-0.0042532323859632015,0.5977157950401306,-0.03454091027379036,0.8009523749351501,orbslam3_map,camera_color_optical_frame
1723528315.8111308,5.607994079589844,-0.6037163138389587,-8.647960662841797,-0.00413535488769412,0.5968655943870544,-0.03466649726033211,0.8015813827514648,orbslam3_map,camera_color_optical_frame
1723528315.8778512,5.626330852508545,-0.6035617589950562,-8.642497062683105,-0.004139523953199387,0.5949740409851074,-0.03424447774887085,0.8030043840408325,orbslam3_map,camera_color_optical_frame
1723528315.944572,5.644589424133301,-0.6031475067138672,-8.636226654052734,-0.004271946381777525,0.5932440757751465,-0.03450014069676399,0.8042717576026917,orbslam3_map,camera_color_optical_frame
1723528316.0112932,5.662542819976807,-0.6027483344078064,-8.630043029785156,-0.004857978317886591,0.5913942456245422,-0.034679848700761795,0.8056218028068542,orbslam3_map,camera_color_optical_frame
1723528316.0780146,5.681087493896484,-0.602493166923523,-8.62440013885498,-0.004613107070326805,0.5896493792533875,-0.03470282629132271,0.8069003224372864,orbslam3_map,camera_color_optical_frame
1723528316.1447365,5.700648784637451,-0.6018887758255005,-8.618555068969727,-0.004248172044754028,0.5878118872642517,-0.03470684960484505,0.8082416653633118,orbslam3_map,camera_color_optical_frame
1723528316.2114587,5.718642234802246,-0.6012718081474304,-8.612395286560059,-0.0031096527818590403,0.5861271619796753,-0.03539564460515976,0.8094395995140076,orbslam3_map,camera_color_optical_frame
1723528316.278181,5.736772537231445,-0.6008099317550659,-8.60598087310791,-0.0031187201384454966,0.5843744874000549,-0.035522863268852234,0.8107002377510071,orbslam3_map,camera_color_optical_frame
1723528316.378266,5.764170169830322,-0.6001502871513367,-8.597692489624023,-0.0024363514967262745,0.5815779566764832,-0.03505217656493187,0.8127315640449524,orbslam3_map,camera_color_optical_frame
1723528316.4449894,5.782553195953369,-0.5995942950248718,-8.592083930969238,-0.0021284299436956644,0.5796800255775452,-0.034312061965465546,0.8141186833381653,orbslam3_map,camera_color_optical_frame
1723528316.511713,5.800537109375,-0.5997365713119507,-8.585006713867188,-0.001854297355748713,0.5784411430358887,-0.034228358417749405,0.8150035738945007,orbslam3_map,camera_color_optical_frame
1723528316.578437,5.818368911743164,-0.5990821123123169,-8.57858943939209,-0.001859228010289371,0.5765872597694397,-0.03395402058959007,0.8163276314735413,orbslam3_map,camera_color_optical_frame
1723528316.6451616,5.83694314956665,-0.5989177227020264,-8.572585105895996,-0.001551942084915936,0.5744943618774414,-0.03380906581878662,0.8178085088729858,orbslam3_map,camera_color_optical_frame
1723528316.7118862,5.854362964630127,-0.5985152721405029,-8.565239906311035,-0.0009629612904973328,0.5732227563858032,-0.03445735201239586,0.8186742067337036,orbslam3_map,camera_color_optical_frame
1723528316.7452328,5.863397598266602,-0.5980677604675293,-8.561545372009277,-0.0012549315579235554,0.572581946849823,-0.03400535136461258,0.8191410303115845,orbslam3_map,camera_color_optical_frame
1723528316.8119268,5.881618499755859,-0.5975731015205383,-8.555068969726562,-0.0012081671738997102,0.5713663697242737,-0.034652698785066605,0.8199623227119446,orbslam3_map,camera_color_optical_frame
1723528316.8452747,5.891391754150391,-0.597348690032959,-8.552083015441895,-0.0016069343546405435,0.5702990293502808,-0.03390501067042351,0.8207355737686157,orbslam3_map,camera_color_optical_frame
1723528316.9119687,5.9096245765686035,-0.5966156125068665,-8.546067237854004,-0.00132178224157542,0.5689202547073364,-0.03396134823560715,0.8216900825500488,orbslam3_map,camera_color_optical_frame
1723528316.9786627,5.9268293380737305,-0.596339762210846,-8.538981437683105,-0.0018787954468280077,0.5679414868354797,-0.034704387187957764,0.8223348259925842,orbslam3_map,camera_color_optical_frame
1723528317.045357,5.945072650909424,-0.5955308675765991,-8.532708168029785,-0.0019999234937131405,0.5664072632789612,-0.03453940525650978,0.8233989477157593,orbslam3_map,camera_color_optical_frame
1723528317.0787034,5.954632759094238,-0.5955641865730286,-8.528885841369629,-0.0027110218070447445,0.565814197063446,-0.033740438520908356,0.8238376975059509,orbslam3_map,camera_color_optical_frame
1723528317.112051,5.9638447761535645,-0.5953336358070374,-8.525672912597656,-0.0022526623215526342,0.5651683807373047,-0.03403761237859726,0.8242700695991516,orbslam3_map,camera_color_optical_frame
1723528317.1787448,5.982232093811035,-0.5946857929229736,-8.518345832824707,-0.0030322528909891844,0.56429123878479,-0.03327632322907448,0.8248993158340454,orbslam3_map,camera_color_optical_frame
1723528317.2120912,5.991462230682373,-0.5946028828620911,-8.514816284179688,-0.0032468270510435104,0.5639384388923645,-0.03282328322529793,0.825157880783081,orbslam3_map,camera_color_optical_frame
1723528317.3121326,6.018801212310791,-0.5938160419464111,-8.504634857177734,-0.0029924861155450344,0.5629808306694031,-0.03277355432510376,0.8258144855499268,orbslam3_map,camera_color_optical_frame
1723528317.345479,6.02783727645874,-0.5941479802131653,-8.501776695251465,-0.003244489198550582,0.5625620484352112,-0.03282279521226883,0.8260969519615173,orbslam3_map,camera_color_optical_frame
1723528317.4121728,6.046349048614502,-0.593062698841095,-8.493912696838379,-0.003427321556955576,0.5619430541992188,-0.03300166502594948,0.8265102505683899,orbslam3_map,camera_color_optical_frame
1723528317.4788663,6.063364028930664,-0.592593252658844,-8.4874849319458,-0.0036330288276076317,0.5614104866981506,-0.03340157866477966,0.8268551230430603,orbslam3_map,camera_color_optical_frame
1723528317.5455601,6.081573963165283,-0.5920844078063965,-8.480268478393555,-0.003946294076740742,0.56092369556427,-0.03353627771139145,0.8271785974502563,orbslam3_map,camera_color_optical_frame
1723528317.6122537,6.099676609039307,-0.5922778248786926,-8.472999572753906,-0.004681931342929602,0.5604247450828552,-0.03313516825437546,0.8275290727615356,orbslam3_map,camera_color_optical_frame
1723528317.6789472,6.117579936981201,-0.5915822386741638,-8.466035842895508,-0.005003420170396566,0.560132622718811,-0.03320903331041336,0.827721893787384,orbslam3_map,camera_color_optical_frame
1723528317.7456505,6.1352972984313965,-0.5912827253341675,-8.4594087600708,-0.005268088076263666,0.5597944855690002,-0.03320347145199776,0.8279492259025574,orbslam3_map,camera_color_optical_frame
1723528317.7790077,6.14525032043457,-0.5907884836196899,-8.455660820007324,-0.00481415493413806,0.5595224499702454,-0.033338118344545364,0.8281304836273193,orbslam3_map,camera_color_optical_frame
1723528317.879078,6.171821117401123,-0.5901415348052979,-8.445429801940918,-0.0038318815641105175,0.5590494871139526,-0.03353074565529823,0.828447163105011,orbslam3_map,camera_color_optical_frame
1723528317.9457917,6.189805030822754,-0.5896624326705933,-8.438719749450684,-0.0038357556331902742,0.5585727095603943,-0.033626578748226166,0.828764796257019,orbslam3_map,camera_color_optical_frame
1723528318.0125055,6.207510471343994,-0.5888499617576599,-8.431875228881836,-0.003766612382605672,0.5581365823745728,-0.03382282331585884,0.8290508985519409,orbslam3_map,camera_color_optical_frame
1723528318.0792196,6.225510120391846,-0.5887867212295532,-8.425034523010254,-0.0038448451086878777,0.557958722114563,-0.03393130749464035,0.8291658163070679,orbslam3_map,camera_color_optical_frame
1723528318.145934,6.2441582679748535,-0.5878108739852905,-8.417667388916016,-0.0038907951675355434,0.5576415657997131,-0.03346138820052147,0.8293980360031128,orbslam3_map,camera_color_optical_frame
1723528318.2126486,6.26123571395874,-0.5871990323066711,-8.411169052124023,-0.004802528768777847,0.5571410655975342,-0.03329921513795853,0.829736053943634,orbslam3_map,camera_color_optical_frame
1723528318.2793634,6.281810283660889,-0.5870616436004639,-8.404109954833984,-0.004970829002559185,0.5562263131141663,-0.033492207527160645,0.8303408622741699,orbslam3_map,camera_color_optical_frame
1723528318.3460784,6.299098014831543,-0.5870295763015747,-8.396719932556152,-0.005049155559390783,0.5557959079742432,-0.03382442519068718,0.8306150436401367,orbslam3_map,camera_color_optical_frame
1723528318.4127934,6.316694736480713,-0.5866748690605164,-8.389907836914062,-0.004988883621990681,0.5548269152641296,-0.0343136340379715,0.8312429785728455,orbslam3_map,camera_color_optical_frame
1723528318.4461515,6.325240135192871,-0.5858782529830933,-8.38543701171875,-0.00495195435360074,0.5545914769172668,-0.034853070974349976,0.8313778042793274,orbslam3_map,camera_color_optical_frame
1723528318.512867,6.342879295349121,-0.5853387713432312,-8.378708839416504,-0.004350657574832439,0.5537267923355103,-0.03486381843686104,0.8319569230079651,orbslam3_map,camera_color_optical_frame
1723528318.546224,6.3524041175842285,-0.5848211646080017,-8.375000953674316,-0.004984381143003702,0.5535291433334351,-0.034065406769514084,0.8321179151535034,orbslam3_map,camera_color_optical_frame
1723528318.6129398,6.3700270652771,-0.584679365158081,-8.368582725524902,-0.00398446898907423,0.5531546473503113,-0.033565495163202286,0.8323926329612732,orbslam3_map,camera_color_optical_frame
1723528318.646298,6.381533622741699,-0.5841098427772522,-8.364163398742676,-0.004167532082647085,0.5528137683868408,-0.033088844269514084,0.8326371908187866,orbslam3_map,camera_color_optical_frame
1723528318.713014,6.399033069610596,-0.5835392475128174,-8.356600761413574,-0.003947033081203699,0.5522834062576294,-0.03268848732113838,0.833005964756012,orbslam3_map,camera_color_optical_frame
1723528318.7463577,6.407940864562988,-0.5834973454475403,-8.35329818725586,-0.003953324630856514,0.5516670942306519,-0.03245915472507477,0.8334231972694397,orbslam3_map,camera_color_optical_frame
1723528318.7797024,6.416987419128418,-0.5830514430999756,-8.34920883178711,-0.0032654437236487865,0.551463782787323,-0.03307018801569939,0.833536684513092,orbslam3_map,camera_color_optical_frame
1723528318.8463905,6.434648036956787,-0.5822984576225281,-8.342233657836914,-0.0035661745350807905,0.5503696799278259,-0.03278505057096481,0.8342695236206055,orbslam3_map,camera_color_optical_frame
1723528318.8797343,6.4434685707092285,-0.5819550156593323,-8.338242530822754,-0.003008998464792967,0.5500476956367493,-0.03297457471489906,0.8344765901565552,orbslam3_map,camera_color_optical_frame
1723528318.9464223,6.460849285125732,-0.5818023085594177,-8.330867767333984,-0.0023868377320468426,0.5494473576545715,-0.03391697630286217,0.8348362445831299,orbslam3_map,camera_color_optical_frame
1723528318.9797668,6.46953821182251,-0.5813744068145752,-8.326862335205078,-0.0025306674651801586,0.5488861203193665,-0.033686280250549316,0.8352142572402954,orbslam3_map,camera_color_optical_frame
1723528319.0464547,6.488234519958496,-0.5814905762672424,-8.319137573242188,-0.002795266453176737,0.547991156578064,-0.03388524055480957,0.8357928395271301,orbslam3_map,camera_color_optical_frame
1723528319.1131427,6.506008148193359,-0.5807724595069885,-8.312006950378418,-0.002538827480748296,0.5469556450843811,-0.03521475940942764,0.8364167809486389,orbslam3_map,camera_color_optical_frame
1723528319.1798306,6.5239644050598145,-0.5797881484031677,-8.303845405578613,-0.0019778467249125242,0.5465414524078369,-0.035610929131507874,0.8366722464561462,orbslam3_map,camera_color_optical_frame
1723528319.2131739,6.532505989074707,-0.580279529094696,-8.300376892089844,-0.002084446372464299,0.5462369918823242,-0.034874096512794495,0.836901843547821,orbslam3_map,camera_color_optical_frame
1723528319.2798615,6.549863815307617,-0.5801381468772888,-8.293011665344238,-0.0015321621904149652,0.5455206036567688,-0.03528835251927376,0.8373527526855469,orbslam3_map,camera_color_optical_frame
1723528319.346549,6.567759990692139,-0.5795192718505859,-8.285807609558105,-0.0008150396752171218,0.5442141890525818,-0.03493957221508026,0.838218092918396,orbslam3_map,camera_color_optical_frame
1723528319.3798933,6.5758538246154785,-0.5790771842002869,-8.282058715820312,-0.0007828950183466077,0.5437796115875244,-0.03435917943716049,0.8385241031646729,orbslam3_map,camera_color_optical_frame
1723528319.4465806,6.592859268188477,-0.578793466091156,-8.275272369384766,0.0002425910352030769,0.5426820516586304,-0.03379962220788002,0.8392578363418579,orbslam3_map,camera_color_optical_frame
1723528319.513268,6.609573841094971,-0.5786817669868469,-8.267773628234863,0.0005735615850426257,0.5421600937843323,-0.033979762345552444,0.8395876884460449,orbslam3_map,camera_color_optical_frame
1723528319.546611,6.618767738342285,-0.5780371427536011,-8.26384162902832,0.0012209471315145493,0.5416118502616882,-0.0345650352537632,0.8399169445037842,orbslam3_map,camera_color_optical_frame
1723528319.6132982,6.6365156173706055,-0.5778952836990356,-8.256196975708008,0.00018577720038592815,0.5408676862716675,-0.033536311239004135,0.8404388427734375,orbslam3_map,camera_color_optical_frame
1723528319.6799853,6.653946399688721,-0.5775055289268494,-8.248172760009766,-0.0009697556961327791,0.5401685833930969,-0.032730650156736374,0.840919554233551,orbslam3_map,camera_color_optical_frame
1723528319.746673,6.670980930328369,-0.5766116380691528,-8.240297317504883,-0.001531412242911756,0.5397533178329468,-0.03190385550260544,0.841217041015625,orbslam3_map,camera_color_optical_frame
1723528319.813362,6.688192367553711,-0.5756447911262512,-8.233250617980957,-0.0016103973612189293,0.5392614006996155,-0.03051486238837242,0.8415838479995728,orbslam3_map,camera_color_optical_frame
1723528319.8800502,6.704858303070068,-0.5753002762794495,-8.22527027130127,-0.0016864216886460781,0.5386899709701538,-0.028743309900164604,0.8420119881629944,orbslam3_map,camera_color_optical_frame
1723528319.913395,6.713995933532715,-0.5748896598815918,-8.221362113952637,-0.0016111438162624836,0.538067638874054,-0.028455672785639763,0.8424196839332581,orbslam3_map,camera_color_optical_frame
1723528319.9467387,6.7217230796813965,-0.5749849677085876,-8.217449188232422,-0.002319878898561001,0.5375832319259644,-0.02774154394865036,0.8427510261535645,orbslam3_map,camera_color_optical_frame
1723528320.046772,6.744729042053223,-0.5745074152946472,-8.208296775817871,-0.0023441079538315535,0.5355473756790161,-0.026598947122693062,0.8440830111503601,orbslam3_map,camera_color_optical_frame
1723528320.0801153,6.7530903816223145,-0.5743066668510437,-8.204054832458496,-0.0021507148630917072,0.5346210598945618,-0.026963621377944946,0.8446589708328247,orbslam3_map,camera_color_optical_frame
1723528320.1468039,6.773543357849121,-0.5740247964859009,-8.194477081298828,-0.0031869460362941027,0.5325308442115784,-0.028646055608987808,0.845919668674469,orbslam3_map,camera_color_optical_frame
1723528320.2134922,6.789894104003906,-0.5731732249259949,-8.185691833496094,-0.003940213937312365,0.5305374264717102,-0.031174609437584877,0.8470789194107056,orbslam3_map,camera_color_optical_frame
1723528320.2801805,6.80564546585083,-0.5726657509803772,-8.177183151245117,-0.004644566215574741,0.5284322500228882,-0.032461922615766525,0.8483419418334961,orbslam3_map,camera_color_optical_frame
1723528320.3468685,6.824062824249268,-0.5717058181762695,-8.167715072631836,-0.00456051342189312,0.5261075496673584,-0.03320395573973656,0.8497573733329773,orbslam3_map,camera_color_optical_frame
1723528320.4469013,6.848609924316406,-0.5709289312362671,-8.155707359313965,-0.002570900833234191,0.5224242210388184,-0.03182976320385933,0.8520875573158264,orbslam3_map,camera_color_optical_frame
1723528320.5135896,6.864569187164307,-0.5704577565193176,-8.148111343383789,-0.00047368931700475514,0.5197961926460266,-0.03003288060426712,0.8537620902061462,orbslam3_map,camera_color_optical_frame
1723528320.5802774,6.881378650665283,-0.5701467394828796,-8.140249252319336,0.0017766504315659404,0.5169293880462646,-0.027726517990231514,0.8555770516395569,orbslam3_map,camera_color_optical_frame
1723528320.613621,6.890900611877441,-0.5698868632316589,-8.135475158691406,0.0029588656034320593,0.515617847442627,-0.02655523456633091,0.8564019799232483,orbslam3_map,camera_color_optical_frame
1723528320.680309,6.906986713409424,-0.5695242881774902,-8.127442359924316,0.0046318345703184605,0.5129618644714355,-0.024207519367337227,0.8580575585365295,orbslam3_map,camera_color_optical_frame
1723528320.7469935,6.9228434562683105,-0.5684583187103271,-8.118745803833008,0.00540814409032464,0.5100743770599365,-0.023238230496644974,0.859799325466156,orbslam3_map,camera_color_optical_frame
1723528320.8136742,6.939331531524658,-0.5676979422569275,-8.10905647277832,0.004398966673761606,0.5070597529411316,-0.023182585835456848,0.8615878820419312,orbslam3_map,camera_color_optical_frame
1723528320.847015,6.9473795890808105,-0.5671824216842651,-8.104308128356934,0.00320647400803864,0.5054007172584534,-0.023170223459601402,0.8625677227973938,orbslam3_map,camera_color_optical_frame
1723528320.9136953,6.9649505615234375,-0.5664364695549011,-8.093402862548828,0.00023309369862545282,0.5020543932914734,-0.02455729991197586,0.8644872903823853,orbslam3_map,camera_color_optical_frame
1723528320.9803753,6.979692459106445,-0.5660372972488403,-8.08254337310791,-0.0024840824771672487,0.4981105327606201,-0.027173127979040146,0.8666841983795166,orbslam3_map,camera_color_optical_frame
1723528321.0470552,6.994671821594238,-0.5653469562530518,-8.072664260864258,-0.0039446973241865635,0.4938066303730011,-0.029398364946246147,0.8690657019615173,orbslam3_map,camera_color_optical_frame
1723528321.1137345,7.00846004486084,-0.5645118355751038,-8.061992645263672,-0.004100868012756109,0.49011513590812683,-0.03064262680709362,0.8711093068122864,orbslam3_map,camera_color_optical_frame
1723528321.180414,7.023488998413086,-0.5640366673469543,-8.052318572998047,-0.0037672242615371943,0.4867584705352783,-0.029526982456445694,0.8730292916297913,orbslam3_map,camera_color_optical_frame
1723528321.247093,7.038534164428711,-0.5637085437774658,-8.042763710021973,-0.003313420806080103,0.4831368923187256,-0.028485575690865517,0.875075101852417,orbslam3_map,camera_color_optical_frame
1723528321.313772,7.053939342498779,-0.5633014440536499,-8.033609390258789,-0.003432265715673566,0.47923457622528076,-0.026328768581151962,0.8772851824760437,orbslam3_map,camera_color_optical_frame
1723528321.3471105,7.061296463012695,-0.5628154873847961,-8.02898120880127,-0.003252723254263401,0.4775218069553375,-0.02522159181535244,0.8782517910003662,orbslam3_map,camera_color_optical_frame
1723528321.4471288,7.084020137786865,-0.561814546585083,-8.014434814453125,-0.0023597078397870064,0.47213804721832275,-0.02216210775077343,0.8812428116798401,orbslam3_map,camera_color_optical_frame
1723528321.4804676,7.093355178833008,-0.5615027546882629,-8.008706092834473,-0.0020272061228752136,0.47032174468040466,-0.02129516378045082,0.8822357058525085,orbslam3_map,camera_color_optical_frame
1723528321.5471454,7.107641220092773,-0.5607988238334656,-7.998562335968018,-0.0017126072198152542,0.46670231223106384,-0.02075645886361599,0.8841692805290222,orbslam3_map,camera_color_optical_frame
1723528321.6471622,7.12902307510376,-0.5596083402633667,-7.982790946960449,-0.001421431079506874,0.4604259133338928,-0.02117571420967579,0.8874443769454956,orbslam3_map,camera_color_optical_frame
1723528321.71384,7.1424641609191895,-0.5589113235473633,-7.971941947937012,-0.0013212470803409815,0.4563696086406708,-0.022080080583691597,0.8895153403282166,orbslam3_map,camera_color_optical_frame
1723528321.7471821,7.149770736694336,-0.558549702167511,-7.966464996337891,-0.0016302848234772682,0.45423540472984314,-0.02205890789628029,0.8906070590019226,orbslam3_map,camera_color_optical_frame
1723528321.7805252,7.1567888259887695,-0.5579642057418823,-7.961146831512451,-0.0016490757698193192,0.4522063732147217,-0.022370241582393646,0.8916313052177429,orbslam3_map,camera_color_optical_frame
1723528321.8472102,7.171003818511963,-0.5574179291725159,-7.950457572937012,-0.002149493433535099,0.4476996958255768,-0.02201431803405285,0.8939103484153748,orbslam3_map,camera_color_optical_frame
1723528321.913895,7.1842265129089355,-0.5568321347236633,-7.939664363861084,-0.002667595399543643,0.4434099495410919,-0.021815521642565727,0.896049439907074,orbslam3_map,camera_color_optical_frame
1723528321.9805799,7.197954177856445,-0.5560336112976074,-7.92838716506958,-0.0025501875206828117,0.43907687067985535,-0.021446192637085915,0.898189902305603,orbslam3_map,camera_color_optical_frame
1723528322.0139215,7.20414400100708,-0.5560008883476257,-7.923259258270264,-0.002467986661940813,0.43695420026779175,-0.02088041976094246,0.8992379903793335,orbslam3_map,camera_color_optical_frame
1723528322.0806062,7.219338893890381,-0.5550280809402466,-7.9113054275512695,-0.001731685595586896,0.4324478209018707,-0.01965899020433426,0.9014430046081543,orbslam3_map,camera_color_optical_frame
1723528322.1472907,7.232557773590088,-0.5542031526565552,-7.9005608558654785,-0.0009927023202180862,0.4276747703552246,-0.018391938880085945,0.9037449955940247,orbslam3_map,camera_color_optical_frame
1723528322.1806333,7.239255905151367,-0.5537089705467224,-7.894903182983398,-0.0009461824083700776,0.42514872550964355,-0.01785038411617279,0.9049469828605652,orbslam3_map,camera_color_optical_frame
1723528322.2473176,7.252972602844238,-0.5531108379364014,-7.88336181640625,-0.0006607259856536984,0.42013078927993774,-0.016896141692996025,0.9073060154914856,orbslam3_map,camera_color_optical_frame
1723528322.2806592,7.259349346160889,-0.552931010723114,-7.877638816833496,-0.000849744479637593,0.4176040589809418,-0.016208713874220848,0.9084841012954712,orbslam3_map,camera_color_optical_frame
1723528322.3473432,7.27229642868042,-0.5519311428070068,-7.8654093742370605,-0.001022162614390254,0.4125992953777313,-0.01571248285472393,0.9107765555381775,orbslam3_map,camera_color_optical_frame
1723528322.4140272,7.283098220825195,-0.5512533783912659,-7.854295253753662,-0.0015951029490679502,0.4075598418712616,-0.01580195687711239,0.9130403995513916,orbslam3_map,camera_color_optical_frame
1723528322.4807112,7.295264720916748,-0.5499702095985413,-7.841980457305908,-0.002241279697045684,0.40210506319999695,-0.01588941179215908,0.9154529571533203,orbslam3_map,camera_color_optical_frame
1723528322.5473948,7.306948184967041,-0.549420177936554,-7.829927921295166,-0.0030714264139533043,0.3961642384529114,-0.015672717243433,0.9180407524108887,orbslam3_map,camera_color_optical_frame
1723528322.6140783,7.3185200691223145,-0.548685610294342,-7.817499160766602,-0.0033814068883657455,0.3900812566280365,-0.015549243427813053,0.9206429719924927,orbslam3_map,camera_color_optical_frame
1723528322.6474206,7.324108600616455,-0.5483107566833496,-7.81093692779541,-0.0037192378658801317,0.3872044086456299,-0.01582215540111065,0.9218506217002869,orbslam3_map,camera_color_optical_frame
1723528322.714104,7.335399150848389,-0.5476993322372437,-7.799020767211914,-0.0037935147993266582,0.3810875415802002,-0.015482639893889427,0.9244015216827393,orbslam3_map,camera_color_optical_frame
1723528322.780796,7.346179485321045,-0.5468236207962036,-7.786703109741211,-0.003719030413776636,0.37507736682891846,-0.01539923157542944,0.926858127117157,orbslam3_map,camera_color_optical_frame
1723528322.8141396,7.3508453369140625,-0.5462685823440552,-7.780397891998291,-0.003915758337825537,0.37212109565734863,-0.015210583806037903,0.9280512928962708,orbslam3_map,camera_color_optical_frame
1723528322.8808274,7.361569404602051,-0.5452916026115417,-7.768060207366943,-0.003803742118179798,0.3660717010498047,-0.014662549830973148,0.9304633736610413,orbslam3_map,camera_color_optical_frame
1723528322.9141717,7.366268157958984,-0.5448383688926697,-7.761868953704834,-0.003877530340105295,0.3631546199321747,-0.014474228955805302,0.9316084384918213,orbslam3_map,camera_color_optical_frame
1723528322.9808588,7.3793230056762695,-0.5435386300086975,-7.748093605041504,-0.004285862669348717,0.3572375476360321,-0.013567895628511906,0.9339051842689514,orbslam3_map,camera_color_optical_frame
1723528323.0475464,7.38828182220459,-0.5427321791648865,-7.736138820648193,-0.004915821366012096,0.3518383204936981,-0.01287834532558918,0.9359592795372009,orbslam3_map,camera_color_optical_frame
1723528323.0808895,7.3932600021362305,-0.542119026184082,-7.730016231536865,-0.005290523171424866,0.34917038679122925,-0.012754482217133045,0.9369575381278992,orbslam3_map,camera_color_optical_frame
1723528323.1475763,7.401614189147949,-0.5413559079170227,-7.718903541564941,-0.005958686117082834,0.3441598415374756,-0.01257732417434454,0.9388079047203064,orbslam3_map,camera_color_optical_frame
1723528323.1809204,7.40636682510376,-0.5405960083007812,-7.712993144989014,-0.0057985237799584866,0.34147125482559204,-0.012439819984138012,0.9397920370101929,orbslam3_map,camera_color_optical_frame
1723528323.2476072,7.414170742034912,-0.5403567552566528,-7.702249050140381,-0.0060668024234473705,0.3366781175136566,-0.012216846458613873,0.9415209889411926,orbslam3_map,camera_color_optical_frame
1723528323.2809498,7.418432235717773,-0.5396313071250916,-7.6966471672058105,-0.005713578313589096,0.33431658148765564,-0.011516058817505836,0.9423731565475464,orbslam3_map,camera_color_optical_frame
1723528323.3476365,7.427158832550049,-0.5393034815788269,-7.6854071617126465,-0.004867685027420521,0.3300182521343231,-0.010214971378445625,0.9439067840576172,orbslam3_map,camera_color_optical_frame
1723528323.4143226,7.435280799865723,-0.5389835238456726,-7.675530433654785,-0.003941371105611324,0.32539746165275574,-0.008440026082098484,0.94553142786026,orbslam3_map,camera_color_optical_frame
1723528323.481009,7.442670822143555,-0.5385984182357788,-7.665111541748047,-0.0030413938220590353,0.32044753432273865,-0.00793528463691473,0.9472281336784363,orbslam3_map,camera_color_optical_frame
1723528323.547695,7.45055627822876,-0.5379730463027954,-7.653661727905273,-0.0023090604227036238,0.31520405411720276,-0.008655003271996975,0.9489816427230835,orbslam3_map,camera_color_optical_frame
1723528323.6477242,7.460031986236572,-0.53655606508255,-7.636624813079834,-0.001548317028209567,0.30796998739242554,-0.010771626606583595,0.9513338208198547,orbslam3_map,camera_color_optical_frame
1723528323.6810665,7.463227272033691,-0.5365003347396851,-7.6318678855896,-0.0018754464108496904,0.3054884076118469,-0.011310896836221218,0.9521268010139465,orbslam3_map,camera_color_optical_frame
1723528323.7477522,7.469305992126465,-0.5364103317260742,-7.620990753173828,-0.0021198387257754803,0.30067259073257446,-0.012865456752479076,0.9536383152008057,orbslam3_map,camera_color_optical_frame
1723528323.8144426,7.475542068481445,-0.5353804230690002,-7.609978199005127,-0.0015158660244196653,0.29568663239479065,-0.014045646414160728,0.9551805257797241,orbslam3_map,camera_color_optical_frame
1723528323.881133,7.482230186462402,-0.5346598029136658,-7.599053859710693,8.113203512039036e-05,0.29073095321655273,-0.013589981943368912,0.9567083716392517,orbslam3_map,camera_color_optical_frame
1723528323.9144788,7.4853949546813965,-0.5350564122200012,-7.59434700012207,0.002048432594165206,0.2886744737625122,-0.012645047158002853,0.9573416113853455,orbslam3_map,camera_color_optical_frame
1723528324.0145135,7.495128631591797,-0.5355889797210693,-7.581827640533447,0.0075880070216953754,0.2827913761138916,-0.008935824036598206,0.9591097831726074,orbslam3_map,camera_color_optical_frame
1723528324.0478592,7.497659206390381,-0.5353301167488098,-7.5757646560668945,0.008609161712229252,0.2809460163116455,-0.008915944024920464,0.959643542766571,orbslam3_map,camera_color_optical_frame
1723528324.114549,7.502774238586426,-0.5332942008972168,-7.564507961273193,0.007664784323424101,0.27535662055015564,-0.010663192719221115,0.9612524509429932,orbslam3_map,camera_color_optical_frame
1723528324.181239,7.508089065551758,-0.5318492650985718,-7.552216053009033,0.0029611808713525534,0.2689755856990814,-0.014102204702794552,0.963039219379425,orbslam3_map,camera_color_optical_frame
1723528324.2145832,7.5104660987854,-0.5309142470359802,-7.545629978179932,0.00037104773218743503,0.2665135860443115,-0.015947826206684113,0.9636991620063782,orbslam3_map,camera_color_optical_frame
1723528324.2812731,7.5156402587890625,-0.5299389362335205,-7.533824443817139,-0.003540185745805502,0.26286032795906067,-0.01927269622683525,0.964634895324707,orbslam3_map,camera_color_optical_frame
1723528324.3479626,7.52093505859375,-0.5290364623069763,-7.522529125213623,-0.005697629414498806,0.2593024671077728,-0.021098654717206955,0.9655488729476929,orbslam3_map,camera_color_optical_frame
1723528324.381308,7.523331642150879,-0.5286373496055603,-7.5172953605651855,-0.005881927907466888,0.2570646405220032,-0.02146848291158676,0.9661378264427185,orbslam3_map,camera_color_optical_frame
1723528324.4479976,7.528779983520508,-0.5288689732551575,-7.507784843444824,-0.004738356452435255,0.2515307664871216,-0.021012669429183006,0.9676095843315125,orbslam3_map,camera_color_optical_frame
1723528324.5146868,7.535041809082031,-0.5287168622016907,-7.496971130371094,-0.002238090615719557,0.2461954653263092,-0.019258243963122368,0.9690262675285339,orbslam3_map,camera_color_optical_frame
1723528324.5813758,7.541055202484131,-0.5287498235702515,-7.487149715423584,0.00044155868818052113,0.242083340883255,-0.01662108674645424,0.9701129794120789,orbslam3_map,camera_color_optical_frame
1723528324.648065,7.546987533569336,-0.5282595157623291,-7.476923942565918,0.0027209834661334753,0.23860915005207062,-0.01353672705590725,0.9710175395011902,orbslam3_map,camera_color_optical_frame
1723528324.7480984,7.554503917694092,-0.5271055698394775,-7.460930824279785,0.003063472220674157,0.23247210681438446,-0.013002271763980389,0.972511351108551,orbslam3_map,camera_color_optical_frame
1723528324.78144,7.556516647338867,-0.5265657305717468,-7.45512056350708,0.0024424302391707897,0.23010803759098053,-0.013634990900754929,0.973066508769989,orbslam3_map,camera_color_optical_frame
1723528324.8814633,7.562448024749756,-0.5254114866256714,-7.43889856338501,0.0012796963565051556,0.2230486273765564,-0.016056085005402565,0.9746742844581604,orbslam3_map,camera_color_optical_frame
1723528324.9148052,7.564417839050293,-0.5251500010490417,-7.433308124542236,0.0004361004976090044,0.22099994122982025,-0.01645778678357601,0.9751348495483398,orbslam3_map,camera_color_optical_frame
1723528324.9814873,7.567934036254883,-0.5247955322265625,-7.422350883483887,-0.0003283310797996819,0.21767885982990265,-0.017239974811673164,0.9758681654930115,orbslam3_map,camera_color_optical_frame
1723528325.0481691,7.571900844573975,-0.524538516998291,-7.412496566772461,-0.0013015639269724488,0.2132384479045868,-0.017174530774354935,0.9768483638763428,orbslam3_map,camera_color_optical_frame
1723528325.1148508,7.575577735900879,-0.5238031148910522,-7.401561737060547,-0.003631832543760538,0.2071784883737564,-0.015767281875014305,0.9781693816184998,orbslam3_map,camera_color_optical_frame
1723528325.1481912,7.578586101531982,-0.5246994495391846,-7.396556854248047,-0.006436330731958151,0.20406778156757355,-0.013369973748922348,0.9788442850112915,orbslam3_map,camera_color_optical_frame
1723528325.2148726,7.585224628448486,-0.5245594382286072,-7.385958671569824,-0.007458901964128017,0.2006472796201706,-0.008175828494131565,0.9796010851860046,orbslam3_map,camera_color_optical_frame
1723528325.2482135,7.5879034996032715,-0.5246520638465881,-7.381411552429199,-0.0063378456979990005,0.19986139237880707,-0.005678199697285891,0.9797872304916382,orbslam3_map,camera_color_optical_frame
1723528325.3148944,7.592044830322266,-0.5240625739097595,-7.371818542480469,-0.00365897617302835,0.1984514445066452,-0.001163681736215949,0.9801031947135925,orbslam3_map,camera_color_optical_frame
1723528325.3815753,7.594869613647461,-0.5229182243347168,-7.363419532775879,0.000632267736364156,0.19556795060634613,-0.0022533661685884,0.9806873798370361,orbslam3_map,camera_color_optical_frame
1723528325.4149153,7.594943046569824,-0.5217388868331909,-7.3587541580200195,0.0033899047411978245,0.19364690780639648,-0.0051887440495193005,0.9810517430305481,orbslam3_map,camera_color_optical_frame
1723528325.4815958,7.5959625244140625,-0.5200947523117065,-7.348881721496582,0.006357987876981497,0.18858234584331512,-0.012138626538217068,0.9819617867469788,orbslam3_map,camera_color_optical_frame
1723528325.5149362,7.596508979797363,-0.5183098316192627,-7.343220233917236,0.008375572971999645,0.18644748628139496,-0.016133267432451248,0.9822967648506165,orbslam3_map,camera_color_optical_frame
1723528325.548276,7.5977373123168945,-0.5181958079338074,-7.338016510009766,0.009013845585286617,0.1847977191209793,-0.01888125389814377,0.9825538992881775,orbslam3_map,camera_color_optical_frame
1723528325.6482964,7.600917816162109,-0.516933262348175,-7.322874546051025,0.0077416799031198025,0.1800045520067215,-0.02317308634519577,0.9833623170852661,orbslam3_map,camera_color_optical_frame
1723528325.6816356,7.602315902709961,-0.5177134275436401,-7.317716598510742,0.006287718657404184,0.17802198231220245,-0.02332347258925438,0.9837299585342407,orbslam3_map,camera_color_optical_frame
1723528325.7483153,7.606435298919678,-0.5180448293685913,-7.306827068328857,0.004099520854651928,0.17344187200069427,-0.022099841386079788,0.9845876097679138,orbslam3_map,camera_color_optical_frame
1723528325.8149984,7.6104912757873535,-0.5181681513786316,-7.296629428863525,0.0035080122761428356,0.1696828007698059,-0.019778402522206306,0.9852940440177917,orbslam3_map,camera_color_optical_frame
1723528325.8483403,7.612450122833252,-0.5179904103279114,-7.290890693664551,0.003139029024168849,0.1681545525789261,-0.018694622442126274,0.9855783581733704,orbslam3_map,camera_color_optical_frame
1723528325.8816814,7.614480495452881,-0.517551839351654,-7.2852044105529785,0.0031576980836689472,0.16691774129867554,-0.017511172220110893,0.9858102798461914,orbslam3_map,camera_color_optical_frame
1723528325.948364,7.618307590484619,-0.5172745585441589,-7.274866580963135,0.0027920647989958525,0.16367414593696594,-0.015926184132695198,0.9863819479942322,orbslam3_map,camera_color_optical_frame
1723528326.0150466,7.621546745300293,-0.5162398219108582,-7.2627363204956055,0.001913682441227138,0.15966735780239105,-0.015622842125594616,0.987045407295227,orbslam3_map,camera_color_optical_frame
1723528326.081729,7.62443733215332,-0.5155449509620667,-7.251668930053711,0.000521388603374362,0.1548536717891693,-0.016486143693327904,0.9877997636795044,orbslam3_map,camera_color_optical_frame
1723528326.148411,7.6270551681518555,-0.5141675472259521,-7.238826751708984,-0.00024466606555506587,0.1507493257522583,-0.017291609197854996,0.9884207844734192,orbslam3_map,camera_color_optical_frame
1723528326.215093,7.63032865524292,-0.5129998326301575,-7.226383686065674,-0.0007849568501114845,0.1465265303850174,-0.017285840585827827,0.9890553951263428,orbslam3_map,camera_color_optical_frame
1723528326.2817748,7.632643699645996,-0.5121942758560181,-7.213943004608154,-0.0014611136866733432,0.1425107717514038,-0.017554396763443947,0.9896364808082581,orbslam3_map,camera_color_optical_frame
1723528326.3484564,7.635860919952393,-0.511254072189331,-7.201694011688232,-0.002268328331410885,0.13759562373161316,-0.01748117245733738,0.9903316497802734,orbslam3_map,camera_color_optical_frame
1723528326.3817978,7.637855052947998,-0.5111204385757446,-7.194808483123779,-0.003711820812895894,0.13472191989421844,-0.016943756490945816,0.9907316565513611,orbslam3_map,camera_color_optical_frame
1723528326.4484792,7.6410932540893555,-0.5101989507675171,-7.180878639221191,-0.005184165667742491,0.12956616282463074,-0.016040625050663948,0.991427481174469,orbslam3_map,camera_color_optical_frame
1723528326.4818194,7.642514228820801,-0.509915828704834,-7.17350959777832,-0.005677500739693642,0.1270027756690979,-0.014930975623428822,0.9917737245559692,orbslam3_map,camera_color_optical_frame
1723528326.5485005,7.645909309387207,-0.5087780952453613,-7.160090923309326,-0.006040362175554037,0.12247525900602341,-0.013154063373804092,0.9923660159111023,orbslam3_map,camera_color_optical_frame
1723528326.6151814,7.64882755279541,-0.5080479979515076,-7.145959854125977,-0.007340230047702789,0.11764988303184509,-0.011797023937106133,0.9929579496383667,orbslam3_map,camera_color_optical_frame
1723528326.6485224,7.649815082550049,-0.5071638226509094,-7.139655590057373,-0.005707336589694023,0.11545132100582123,-0.012212354689836502,0.9932217001914978,orbslam3_map,camera_color_optical_frame
1723528326.715203,7.652419567108154,-0.506756067276001,-7.125256061553955,-0.008552806451916695,0.10859163850545883,-0.011334753595292568,0.9939850568771362,orbslam3_map,camera_color_optical_frame
1723528326.748543,7.6535773277282715,-0.5065649151802063,-7.117815971374512,-0.009244183078408241,0.10553460568189621,-0.011037221178412437,0.9943114519119263,orbslam3_map,camera_color_optical_frame
1723528326.8152263,7.656336307525635,-0.5056066513061523,-7.103477954864502,-0.01066664606332779,0.09998930990695953,-0.009861193597316742,0.9948825240135193,orbslam3_map,camera_color_optical_frame
1723528326.8819094,7.659701824188232,-0.5051907300949097,-7.089821815490723,-0.010500830598175526,0.09575805813074112,-0.00736198527738452,0.995322048664093,orbslam3_map,camera_color_optical_frame
1723528326.9819343,7.662271022796631,-0.5042353272438049,-7.069442272186279,-0.00948809552937746,0.08863925188779831,-0.005687066353857517,0.9960023760795593,orbslam3_map,camera_color_optical_frame
1723528327.048617,7.663415431976318,-0.5028927326202393,-7.055652618408203,-0.008277187123894691,0.08275003731250763,-0.006944849155843258,0.9965117573738098,orbslam3_map,camera_color_optical_frame
1723528327.0819578,7.6640191078186035,-0.502215564250946,-7.048330307006836,-0.007939864881336689,0.0798114761710167,-0.007839026860892773,0.9967475533485413,orbslam3_map,camera_color_optical_frame
1723528327.1819816,7.666574478149414,-0.5008771419525146,-7.0260186195373535,-0.0065885442309081554,0.0722445547580719,-0.009111195802688599,0.9973235726356506,orbslam3_map,camera_color_optical_frame
1723528327.2153223,7.6666388511657715,-0.4999118447303772,-7.0190043449401855,-0.006377864629030228,0.0701591968536377,-0.009656477719545364,0.9974686503410339,orbslam3_map,camera_color_optical_frame
1723528327.2820044,7.667381763458252,-0.4982036352157593,-7.003641128540039,-0.005757617298513651,0.06524517387151718,-0.011042505502700806,0.997791588306427,orbslam3_map,camera_color_optical_frame
1723528327.3486862,7.668243408203125,-0.49707263708114624,-6.988689422607422,-0.005726631730794907,0.059922732412815094,-0.012373015284538269,0.9981099367141724,orbslam3_map,camera_color_optical_frame
1723528327.4153678,7.668301105499268,-0.49588316679000854,-6.97348165512085,-0.004820491652935743,0.055326659232378006,-0.012910989113152027,0.9983732104301453,orbslam3_map,camera_color_optical_frame
1723528327.4487092,7.669026851654053,-0.49518272280693054,-6.965234756469727,-0.005019606556743383,0.053139567375183105,-0.012834945693612099,0.9984920024871826,orbslam3_map,camera_color_optical_frame
1723528327.5153906,7.6704912185668945,-0.4939858615398407,-6.949783802032471,-0.00480608781799674,0.04942204803228378,-0.0118565047159791,0.9986960291862488,orbslam3_map,camera_color_optical_frame
1723528327.5820718,7.6719794273376465,-0.4926648437976837,-6.9336018562316895,-0.0056702387519180775,0.045663557946681976,-0.010824068449437618,0.9988821744918823,orbslam3_map,camera_color_optical_frame
1723528327.648753,7.671661376953125,-0.49161189794540405,-6.918485641479492,-0.006329841446131468,0.0418468602001667,-0.010359108448028564,0.9990502595901489,orbslam3_map,camera_color_optical_frame
1723528327.7487738,7.6731767654418945,-0.49031123518943787,-6.8947296142578125,-0.007806126028299332,0.03519083932042122,-0.008610808290541172,0.9993130564689636,orbslam3_map,camera_color_optical_frame
1723528327.7821193,7.6734619140625,-0.48977071046829224,-6.886863708496094,-0.008004737086594105,0.03327956050634384,-0.0077977306209504604,0.9993836283683777,orbslam3_map,camera_color_optical_frame
1723528327.8488092,7.6749091148376465,-0.4880808889865875,-6.871208667755127,-0.008201614022254944,0.02942795492708683,-0.006743176840245724,0.9995105266571045,orbslam3_map,camera_color_optical_frame
1723528327.882498,7.675515651702881,-0.4874075949192047,-6.863171100616455,-0.008711899630725384,0.02761494182050228,-0.006360888946801424,0.9995604753494263,orbslam3_map,camera_color_optical_frame
1723528327.949883,7.675608158111572,-0.486897736787796,-6.846961498260498,-0.009896376170217991,0.02374020591378212,-0.0060273585841059685,0.9996510148048401,orbslam3_map,camera_color_optical_frame
1723528328.0172765,7.675283432006836,-0.48621872067451477,-6.8319830894470215,-0.01036906335502863,0.019114570692181587,-0.006346237845718861,0.9997434020042419,orbslam3_map,camera_color_optical_frame
1723528328.084679,7.675235748291016,-0.4851793646812439,-6.815921306610107,-0.01013706624507904,0.014562232419848442,-0.006777151022106409,0.9998196363449097,orbslam3_map,camera_color_optical_frame
1723528328.15209,7.675175666809082,-0.48423388600349426,-6.799919605255127,-0.00994116347283125,0.010564182884991169,-0.006336876191198826,0.9998747110366821,orbslam3_map,camera_color_optical_frame
1723528328.2195096,7.675032615661621,-0.4830157458782196,-6.7833170890808105,-0.009298175573348999,0.006532377563416958,-0.005513610318303108,0.9999202489852905,orbslam3_map,camera_color_optical_frame
1723528328.3206563,7.674422264099121,-0.48131147027015686,-6.760100841522217,-0.00881768949329853,0.0004602045228239149,-0.004319708328694105,0.9999516606330872,orbslam3_map,camera_color_optical_frame
1723528328.3880975,7.6738409996032715,-0.4801706075668335,-6.743862152099609,-0.008440881967544556,-0.003781659761443734,-0.003505295841023326,0.9999511241912842,orbslam3_map,camera_color_optical_frame
1723528328.4555478,7.673587799072266,-0.47860294580459595,-6.727499961853027,-0.00769456522539258,-0.007733011618256569,-0.0023712539114058018,0.9999377131462097,orbslam3_map,camera_color_optical_frame
1723528328.5230067,7.673181056976318,-0.47781991958618164,-6.712233543395996,-0.00764437485486269,-0.011759455315768719,-0.0011758656473830342,0.9999009370803833,orbslam3_map,camera_color_optical_frame
1723528328.5567389,7.672229290008545,-0.47716426849365234,-6.704431056976318,-0.006829933263361454,-0.013452397659420967,-0.0007741677109152079,0.9998859167098999,orbslam3_map,camera_color_optical_frame
1723528328.6242108,7.671446800231934,-0.4759128987789154,-6.687778949737549,-0.006587200332432985,-0.01776106096804142,-0.00046207656851038337,0.9998204708099365,orbslam3_map,camera_color_optical_frame
1723528328.6916914,7.670613765716553,-0.4750111699104309,-6.6721673011779785,-0.005913150496780872,-0.022417018190026283,-0.0005387355340644717,0.9997311234474182,orbslam3_map,camera_color_optical_frame
1723528328.7254355,7.670332431793213,-0.47482916712760925,-6.664379119873047,-0.005542253144085407,-0.02494538016617298,-0.000406405859393999,0.9996733665466309,orbslam3_map,camera_color_optical_frame
1723528328.7929292,7.6676435470581055,-0.4737509787082672,-6.649292945861816,-0.0039241430349648,-0.02906082011759281,-0.0003079006273765117,0.9995698928833008,orbslam3_map,camera_color_optical_frame
1723528328.8604257,7.666508197784424,-0.47269919514656067,-6.632400035858154,-0.003355668857693672,-0.03331472724676132,4.812533370568417e-05,0.9994392991065979,orbslam3_map,camera_color_optical_frame
1723528328.9270458,7.665235996246338,-0.47138693928718567,-6.617175102233887,-0.0031757440883666277,-0.03786950185894966,-0.00015010613424237818,0.999277651309967,orbslam3_map,camera_color_optical_frame
1723528328.960355,7.664066314697266,-0.471261203289032,-6.609406471252441,-0.0039862170815467834,-0.040060415863990784,-0.00010045053932117298,0.9991893172264099,orbslam3_map,camera_color_optical_frame
1723528329.0602827,7.660972595214844,-0.4695413410663605,-6.584901809692383,-0.005941432900726795,-0.046256065368652344,0.00047598331002518535,0.9989118576049805,orbslam3_map,camera_color_optical_frame
1723528329.0935905,7.660571575164795,-0.4687672257423401,-6.577175140380859,-0.006306566763669252,-0.04824737831950188,0.0007847340311855078,0.9988151788711548,orbslam3_map,camera_color_optical_frame
1723528329.1602063,7.657967567443848,-0.4680078625679016,-6.560975551605225,-0.007449354976415634,-0.05187629908323288,0.0018223945517092943,0.9986240863800049,orbslam3_map,camera_color_optical_frame
1723528329.2268207,7.656248569488525,-0.4663355052471161,-6.54563045501709,-0.006757779512554407,-0.055899906903505325,0.0033368878066539764,0.9984079599380493,orbslam3_map,camera_color_optical_frame
1723528329.2934341,7.654641151428223,-0.4649752676486969,-6.529986381530762,-0.005701845977455378,-0.06022941693663597,0.004905958194285631,0.9981562495231628,orbslam3_map,camera_color_optical_frame
1723528329.3600461,7.651658535003662,-0.4644029438495636,-6.514276504516602,-0.005130492150783539,-0.06409139931201935,0.006227683275938034,0.9979114532470703,orbslam3_map,camera_color_optical_frame
1723528329.426657,7.649713516235352,-0.4630710482597351,-6.498707294464111,-0.005348239094018936,-0.06825664639472961,0.00798065960407257,0.9976215362548828,orbslam3_map,camera_color_optical_frame
1723528329.4599624,7.647889614105225,-0.4624122977256775,-6.49061918258667,-0.0056415824219584465,-0.07013028860092163,0.008697719313204288,0.9974839687347412,orbslam3_map,camera_color_optical_frame
1723528329.5265713,7.64614200592041,-0.4608727693557739,-6.47420597076416,-0.006798860151320696,-0.07435633987188339,0.009556809440255165,0.9971627593040466,orbslam3_map,camera_color_optical_frame
1723528329.593179,7.642724990844727,-0.4596194624900818,-6.457955360412598,-0.008217712864279747,-0.07771499454975128,0.009830613620579243,0.9968932867050171,orbslam3_map,camera_color_optical_frame
1723528329.659785,7.6396894454956055,-0.4588654935359955,-6.442098617553711,-0.009872240014374256,-0.08130170404911041,0.009344315156340599,0.9965968728065491,orbslam3_map,camera_color_optical_frame
1723528329.6930873,7.6373090744018555,-0.4583311378955841,-6.433903694152832,-0.010291062295436859,-0.08293864876031876,0.008434566669166088,0.9964658617973328,orbslam3_map,camera_color_optical_frame
1723528329.759692,7.6342034339904785,-0.45711708068847656,-6.419203281402588,-0.010935247875750065,-0.0867694616317749,0.00789144542068243,0.9961371421813965,orbslam3_map,camera_color_optical_frame
1723528329.8262951,7.630232334136963,-0.4564052224159241,-6.403707027435303,-0.011386625468730927,-0.09115638583898544,0.006834783591330051,0.9957480430603027,orbslam3_map,camera_color_optical_frame
1723528329.8929126,7.626447677612305,-0.45559537410736084,-6.387607574462891,-0.01071279775351286,-0.09566255658864975,0.0064777652733027935,0.9953351020812988,orbslam3_map,camera_color_optical_frame
1723528329.9595425,7.6228413581848145,-0.45403948426246643,-6.37233829498291,-0.009336921386420727,-0.09973733872175217,0.006583905313163996,0.9949482083320618,orbslam3_map,camera_color_optical_frame
1723528330.0261712,7.618861198425293,-0.4526810348033905,-6.35720157623291,-0.008187160827219486,-0.1033121719956398,0.007390317041426897,0.9945878386497498,orbslam3_map,camera_color_optical_frame
1723528330.092799,7.615976333618164,-0.45144152641296387,-6.341708183288574,-0.007743536494672298,-0.10772687941789627,0.008670112118124962,0.9941125512123108,orbslam3_map,camera_color_optical_frame
1723528330.126113,7.614256858825684,-0.4508076012134552,-6.334610462188721,-0.007636798545718193,-0.10997805744409561,0.009049426764249802,0.9938635230064392,orbslam3_map,camera_color_optical_frame
1723528330.192739,7.610443592071533,-0.44997110962867737,-6.319113731384277,-0.007909859530627728,-0.114528127014637,0.00964286457747221,0.9933417439460754,orbslam3_map,camera_color_optical_frame
1723528330.2260513,7.608344078063965,-0.4495970606803894,-6.311459064483643,-0.007883361540734768,-0.1167745366692543,0.009967656806111336,0.9930771589279175,orbslam3_map,camera_color_optical_frame
1723528330.292676,7.603682994842529,-0.44829902052879333,-6.296817302703857,-0.007426885887980461,-0.12125357985496521,0.01067199744284153,0.9925364255905151,orbslam3_map,camera_color_optical_frame
1723528330.3259883,7.602073669433594,-0.4479787051677704,-6.289178371429443,-0.006939724553376436,-0.12367882579565048,0.01113925315439701,0.992235541343689,orbslam3_map,camera_color_optical_frame
1723528330.3926115,7.597322940826416,-0.44684335589408875,-6.274333477020264,-0.005881522316485643,-0.12874560058116913,0.012230617925524712,0.9915847778320312,orbslam3_map,camera_color_optical_frame
1723528330.4259222,7.595673561096191,-0.446158230304718,-6.267146110534668,-0.0052714538760483265,-0.13149884343147278,0.012983167544007301,0.991217315196991,orbslam3_map,camera_color_optical_frame
1723528330.4925437,7.59033727645874,-0.4451069235801697,-6.25256872177124,-0.004780556075274944,-0.13654164969921112,0.014168372377753258,0.9905214905738831,orbslam3_map,camera_color_optical_frame
1723528330.559164,7.5857954025268555,-0.44417715072631836,-6.237582683563232,-0.0053228652104735374,-0.14167670905590057,0.015365766361355782,0.9897794127464294,orbslam3_map,camera_color_optical_frame
1723528330.5924742,7.5833330154418945,-0.44368892908096313,-6.230528354644775,-0.004738677758723497,-0.1439133584499359,0.015292128548026085,0.9894607663154602,orbslam3_map,camera_color_optical_frame
1723528330.6590934,7.577139854431152,-0.44250115752220154,-6.216167449951172,-0.005212781950831413,-0.14920641481876373,0.015600195154547691,0.9886692762374878,orbslam3_map,camera_color_optical_frame
1723528330.7257113,7.5711188316345215,-0.44139909744262695,-6.201483726501465,-0.005410727579146624,-0.15473750233650208,0.01541594136506319,0.9878205060958862,orbslam3_map,camera_color_optical_frame
1723528330.7590191,7.570565223693848,-0.4413485825061798,-6.194795608520508,-0.005441678687930107,-0.15785233676433563,0.015555315650999546,0.9873252511024475,orbslam3_map,camera_color_optical_frame
1723528330.8589451,7.562382698059082,-0.4400915801525116,-6.173825263977051,-0.0051579526625573635,-0.16582168638706207,0.01623690500855446,0.9860086441040039,orbslam3_map,camera_color_optical_frame
1723528330.9255702,7.555986404418945,-0.4386349320411682,-6.159663200378418,-0.004502885974943638,-0.171163871884346,0.016585741192102432,0.9850926995277405,orbslam3_map,camera_color_optical_frame
1723528330.992194,7.5507612228393555,-0.43811139464378357,-6.145789623260498,-0.0044058943167328835,-0.17685891687870026,0.01661090739071369,0.9840862154960632,orbslam3_map,camera_color_optical_frame
1723528331.0255053,7.547754287719727,-0.43802377581596375,-6.1388044357299805,-0.004545658361166716,-0.17966026067733765,0.016556644812226295,0.9835788607597351,orbslam3_map,camera_color_optical_frame
1723528331.0921273,7.541550636291504,-0.43696630001068115,-6.124849796295166,-0.00455869035795331,-0.185132697224617,0.017066126689314842,0.9825547933578491,orbslam3_map,camera_color_optical_frame
1723528331.1254387,7.537705421447754,-0.4361710250377655,-6.117252826690674,-0.0044626640155911446,-0.18763385713100433,0.017072517424821854,0.9820805788040161,orbslam3_map,camera_color_optical_frame
1723528331.192059,7.531136512756348,-0.43542858958244324,-6.103484630584717,-0.004916124511510134,-0.1928781419992447,0.01745094172656536,0.9810552597045898,orbslam3_map,camera_color_optical_frame
1723528331.2586784,7.524306297302246,-0.4347572922706604,-6.089746952056885,-0.005246148444712162,-0.19806766510009766,0.017365464940667152,0.9800205230712891,orbslam3_map,camera_color_optical_frame
1723528331.3252964,7.517739772796631,-0.43399137258529663,-6.076080799102783,-0.005622237920761108,-0.20343531668186188,0.017477961257100105,0.9789162278175354,orbslam3_map,camera_color_optical_frame
1723528331.3919132,7.510336875915527,-0.43303146958351135,-6.062203884124756,-0.00597362220287323,-0.20865203440189362,0.017350224778056145,0.9778178334236145,orbslam3_map,camera_color_optical_frame
1723528331.4918358,7.500400066375732,-0.4317360818386078,-6.042421340942383,-0.006532226223498583,-0.21669474244117737,0.01767093688249588,0.9760576486587524,orbslam3_map,camera_color_optical_frame
1723528331.5251436,7.496772289276123,-0.4313092827796936,-6.035893440246582,-0.006569594144821167,-0.2192661315202713,0.017747998237609863,0.9754815101623535,orbslam3_map,camera_color_optical_frame
1723528331.5917568,7.489752292633057,-0.4300961196422577,-6.022952556610107,-0.006891021970659494,-0.2247927337884903,0.01796039193868637,0.9742166996002197,orbslam3_map,camera_color_optical_frame
1723528331.658369,7.482127666473389,-0.42945900559425354,-6.010400772094727,-0.007144660223275423,-0.23018504679203033,0.017762066796422005,0.9729585647583008,orbslam3_map,camera_color_optical_frame
1723528331.7249799,7.475265979766846,-0.42860355973243713,-5.99771785736084,-0.007444764953106642,-0.2358788698911667,0.01756325177848339,0.9715952277183533,orbslam3_map,camera_color_optical_frame
1723528331.7582846,7.471511363983154,-0.4282507002353668,-5.991418838500977,-0.007914516143500805,-0.23850370943546295,0.01744796521961689,0.970952570438385,orbslam3_map,camera_color_optical_frame
1723528331.8248937,7.464354991912842,-0.4273928105831146,-5.9794697761535645,-0.008410940878093243,-0.2438773661851883,0.0175155121833086,0.969611406326294,orbslam3_map,camera_color_optical_frame
1723528331.891541,7.455822944641113,-0.42640405893325806,-5.967073440551758,-0.008742861449718475,-0.2489548772573471,0.01746409386396408,0.9683181643486023,orbslam3_map,camera_color_optical_frame
1723528331.9582245,7.448446750640869,-0.4256349802017212,-5.9559125900268555,-0.009377507492899895,-0.25414803624153137,0.0178694985806942,0.96695476770401,orbslam3_map,camera_color_optical_frame
1723528332.024908,7.441518783569336,-0.42493054270744324,-5.944973468780518,-0.009775674901902676,-0.25915980339050293,0.018451839685440063,0.9656087756156921,orbslam3_map,camera_color_optical_frame
1723528332.0915914,7.435011863708496,-0.4242730140686035,-5.934479713439941,-0.01029042899608612,-0.2641735076904297,0.019324718043208122,0.9642266631126404,orbslam3_map,camera_color_optical_frame
1723528332.1582742,7.428212642669678,-0.4235670268535614,-5.924321174621582,-0.010344646871089935,-0.2690955400466919,0.020031360909342766,0.9628496170043945,orbslam3_map,camera_color_optical_frame
1723528332.1916158,7.425102233886719,-0.42297279834747314,-5.919507026672363,-0.010189184918999672,-0.271567702293396,0.020642945542931557,0.9621440172195435,orbslam3_map,camera_color_optical_frame
1723528332.2582986,7.418631553649902,-0.42257314920425415,-5.910691738128662,-0.010063382796943188,-0.276449978351593,0.021131599321961403,0.960743248462677,orbslam3_map,camera_color_optical_frame
1723528332.291639,7.415234565734863,-0.42266419529914856,-5.906490325927734,-0.009866776876151562,-0.2789236605167389,0.02143102139234543,0.9600234031677246,orbslam3_map,camera_color_optical_frame
1723528332.358321,7.407871246337891,-0.4223739206790924,-5.896900653839111,-0.009861089289188385,-0.28410282731056213,0.021838359534740448,0.9584943652153015,orbslam3_map,camera_color_optical_frame
1723528332.3916626,7.404473781585693,-0.4220030605792999,-5.892324924468994,-0.009489583782851696,-0.28660017251968384,0.022251887246966362,0.957744836807251,orbslam3_map,camera_color_optical_frame
1723528332.4250028,7.401195526123047,-0.42105576395988464,-5.887400150299072,-0.00921856239438057,-0.289381742477417,0.02280999720096588,0.9568975567817688,orbslam3_map,camera_color_optical_frame
1723528332.4916842,7.394368648529053,-0.4213455021381378,-5.879305839538574,-0.009161153808236122,-0.29449546337127686,0.02297062613070011,0.95533287525177,orbslam3_map,camera_color_optical_frame
1723528332.5250256,7.390404224395752,-0.42031145095825195,-5.874472141265869,-0.008700594305992126,-0.2970562279224396,0.0232847910374403,0.9545363783836365,orbslam3_map,camera_color_optical_frame
1723528332.5917065,7.382667541503906,-0.41935890913009644,-5.86452579498291,-0.008037828840315342,-0.3024021089076996,0.023707985877990723,0.9528516530990601,orbslam3_map,camera_color_optical_frame
1723528332.6250463,7.378089904785156,-0.4188885986804962,-5.860018730163574,-0.007823193445801735,-0.3048510253429413,0.023769749328494072,0.9520712494850159,orbslam3_map,camera_color_optical_frame
1723528332.691727,7.370270729064941,-0.4180522859096527,-5.851983547210693,-0.0074747041799128056,-0.30990034341812134,0.024004671722650528,0.9504365921020508,orbslam3_map,camera_color_optical_frame
1723528332.7250679,7.367242336273193,-0.41805994510650635,-5.847532749176025,-0.007508278824388981,-0.3127840459346771,0.02400164119899273,0.9494913220405579,orbslam3_map,camera_color_optical_frame
1723528332.791748,7.3593220710754395,-0.4179310202598572,-5.838281154632568,-0.007493159268051386,-0.3181457817554474,0.024152476340532303,0.9477044939994812,orbslam3_map,camera_color_optical_frame
1723528332.8584282,7.351709365844727,-0.4174387454986572,-5.829880714416504,-0.007486859802156687,-0.32349276542663574,0.02416752465069294,0.945892333984375,orbslam3_map,camera_color_optical_frame
1723528332.891791,7.347842693328857,-0.41676729917526245,-5.8251214027404785,-0.0073837474919855595,-0.32632309198379517,0.024469779804348946,0.9449127316474915,orbslam3_map,camera_color_optical_frame
1723528332.9585323,7.339580535888672,-0.41633349657058716,-5.817319393157959,-0.007325982674956322,-0.33126604557037354,0.024608701467514038,0.9431880116462708,orbslam3_map,camera_color_optical_frame
1723528333.0252879,7.331223487854004,-0.4156627357006073,-5.80826997756958,-0.006967612542212009,-0.3364511728286743,0.024987559765577316,0.9413436055183411,orbslam3_map,camera_color_optical_frame
1723528333.0920436,7.323762893676758,-0.4147551357746124,-5.799719333648682,-0.006662290543317795,-0.3420705199241638,0.025506967678666115,0.9393044114112854,orbslam3_map,camera_color_optical_frame
1723528333.1588,7.316160202026367,-0.41499683260917664,-5.791744232177734,-0.006726252846419811,-0.34757134318351746,0.025819623842835426,0.9372738599777222,orbslam3_map,camera_color_optical_frame
1723528333.225557,7.3074750900268555,-0.4142230749130249,-5.783679962158203,-0.0066553098149597645,-0.35273975133895874,0.026692820712924004,0.9353169798851013,orbslam3_map,camera_color_optical_frame
1723528333.258936,7.303589820861816,-0.4140058755874634,-5.779201984405518,-0.006837673019617796,-0.3554156720638275,0.02691519260406494,0.9342957735061646,orbslam3_map,camera_color_optical_frame
1723528333.3256938,7.295096397399902,-0.4135061204433441,-5.771721839904785,-0.007069633342325687,-0.36019718647003174,0.027673235163092613,0.932438850402832,orbslam3_map,camera_color_optical_frame
1723528333.3924518,7.287500381469727,-0.4129396080970764,-5.76370096206665,-0.007117153611034155,-0.3654981553554535,0.028323939070105553,0.9303538799285889,orbslam3_map,camera_color_optical_frame
1723528333.4925892,7.273543834686279,-0.4115123748779297,-5.752091407775879,-0.006642970256507397,-0.37291204929351807,0.029190776869654655,0.9273836016654968,orbslam3_map,camera_color_optical_frame
1723528333.5593483,7.26554012298584,-0.41181841492652893,-5.744730472564697,-0.007142210844904184,-0.3781845271587372,0.029322784394025803,0.9252381920814514,orbslam3_map,camera_color_optical_frame
1723528333.6261082,7.256921291351318,-0.41100335121154785,-5.737870693206787,-0.00678302301093936,-0.3830277919769287,0.029783761128783226,0.9232316613197327,orbslam3_map,camera_color_optical_frame
1723528333.6928685,7.2485785484313965,-0.4107046127319336,-5.7310614585876465,-0.007001256570219994,-0.3880031406879425,0.029702231287956238,0.9211527109146118,orbslam3_map,camera_color_optical_frame
1723528333.7596288,7.240636348724365,-0.40986067056655884,-5.723610877990723,-0.0070400601252913475,-0.39320218563079834,0.030570385977625847,0.9189167022705078,orbslam3_map,camera_color_optical_frame
1723528333.79301,7.237049579620361,-0.40957021713256836,-5.7198486328125,-0.007100583985447884,-0.3959612548351288,0.031051738187670708,0.9177145957946777,orbslam3_map,camera_color_optical_frame
1723528333.8597713,7.229013442993164,-0.4095679819583893,-5.714609622955322,-0.007097321562469006,-0.40034493803977966,0.031612593680620193,0.9157915711402893,orbslam3_map,camera_color_optical_frame
1723528333.926533,7.220606803894043,-0.40893033146858215,-5.70802116394043,-0.006924347952008247,-0.40525439381599426,0.0323171392083168,0.9136063456535339,orbslam3_map,camera_color_optical_frame
1723528333.9931586,7.21211051940918,-0.4083309769630432,-5.701704978942871,-0.006941252388060093,-0.40995776653289795,0.033261336386203766,0.911471426486969,orbslam3_map,camera_color_optical_frame
1723528334.0597832,7.203782081604004,-0.4082677960395813,-5.69545841217041,-0.006918386090546846,-0.4145738184452057,0.0338565856218338,0.909359335899353,orbslam3_map,camera_color_optical_frame
1723528334.126407,7.195189952850342,-0.4079175889492035,-5.6893696784973145,-0.007119638845324516,-0.4191374182701111,0.034121185541152954,0.9072535037994385,orbslam3_map,camera_color_optical_frame
1723528334.1597178,7.191064357757568,-0.40731096267700195,-5.686621189117432,-0.007089973893016577,-0.42147812247276306,0.034330062568187714,0.906160831451416,orbslam3_map,camera_color_optical_frame
1723528334.1930294,7.186595439910889,-0.40769028663635254,-5.682989120483398,-0.007474278565496206,-0.42395293712615967,0.03438245505094528,0.9050005078315735,orbslam3_map,camera_color_optical_frame
1723528334.259651,7.1777167320251465,-0.4068789780139923,-5.67734432220459,-0.007470420561730862,-0.4285440146923065,0.03477663919329643,0.9028204679489136,orbslam3_map,camera_color_optical_frame
1723528334.2929606,7.17376184463501,-0.40703272819519043,-5.6748762130737305,-0.007593603804707527,-0.43061214685440063,0.03514580801129341,0.9018205404281616,orbslam3_map,camera_color_optical_frame
1723528334.3595805,7.1647772789001465,-0.4063780903816223,-5.668049335479736,-0.007683711592108011,-0.4349360167980194,0.03595965355634689,0.8997102975845337,orbslam3_map,camera_color_optical_frame
1723528334.3928907,7.16103982925415,-0.40640559792518616,-5.665324687957764,-0.007246607914566994,-0.43732884526252747,0.03648832067847252,0.8985319137573242,orbslam3_map,camera_color_optical_frame
1723528334.4595087,7.152685165405273,-0.40609827637672424,-5.659369468688965,-0.00724751316010952,-0.4416479766368866,0.0384770967066288,0.8963336944580078,orbslam3_map,camera_color_optical_frame
1723528334.526126,7.146368980407715,-0.40659600496292114,-5.654200553894043,-0.006686817854642868,-0.44553321599960327,0.04204019159078598,0.8942527770996094,orbslam3_map,camera_color_optical_frame
1723528334.5927422,7.140104293823242,-0.40673118829727173,-5.648265838623047,-0.006120944395661354,-0.4488401412963867,0.04696133732795715,0.892356276512146,orbslam3_map,camera_color_optical_frame
1723528334.659357,7.133761882781982,-0.40724900364875793,-5.643120288848877,-0.005605287849903107,-0.4525127112865448,0.050838224589824677,0.8902900218963623,orbslam3_map,camera_color_optical_frame
1723528334.6926637,7.129037857055664,-0.40663179755210876,-5.640176773071289,-0.004699318669736385,-0.4545682966709137,0.05166979506611824,0.8891995549201965,orbslam3_map,camera_color_optical_frame
1723528334.759277,7.121663570404053,-0.4064972996711731,-5.635687828063965,-0.004346132278442383,-0.45898622274398804,0.051668621599674225,0.8869290947914124,orbslam3_map,camera_color_optical_frame
1723528334.792584,7.116374969482422,-0.4060359001159668,-5.632710933685303,-0.004145253915339708,-0.46136173605918884,0.05078223720192909,0.8857479095458984,orbslam3_map,camera_color_optical_frame
1723528334.8591957,7.107687473297119,-0.4050041437149048,-5.628917694091797,-0.003885500365868211,-0.4659865200519562,0.0471249483525753,0.8835274577140808,orbslam3_map,camera_color_optical_frame
1723528334.8925006,7.10326623916626,-0.4049045443534851,-5.627590656280518,-0.004111442249268293,-0.468248188495636,0.04439718648791313,0.8824713230133057,orbslam3_map,camera_color_optical_frame
1723528334.9591112,7.093474864959717,-0.403730183839798,-5.624105453491211,-0.003727836301550269,-0.4728796184062958,0.03833174705505371,0.8802849650382996,orbslam3_map,camera_color_optical_frame
1723528335.0257192,7.0840840339660645,-0.40343284606933594,-5.620458126068115,-0.0034736015368252993,-0.4769810438156128,0.03325324505567551,0.8782774209976196,orbslam3_map,camera_color_optical_frame
1723528335.0923257,7.075999736785889,-0.4035314917564392,-5.6171135902404785,-0.0033392170444130898,-0.4805007874965668,0.03112543746829033,0.8764354586601257,orbslam3_map,camera_color_optical_frame
1723528335.125629,7.07158899307251,-0.40322041511535645,-5.614808559417725,-0.0026857785414904356,-0.48220255970954895,0.03129606321454048,0.8754964470863342,orbslam3_map,camera_color_optical_frame
1723528335.192233,7.064270973205566,-0.40331172943115234,-5.610817909240723,-0.00147968006785959,-0.48523345589637756,0.03190997242927551,0.8738009333610535,orbslam3_map,camera_color_optical_frame
1723528335.2588358,7.058104991912842,-0.40374690294265747,-5.607985019683838,-0.00015738797083031386,-0.48866620659828186,0.033136527985334396,0.871841311454773,orbslam3_map,camera_color_optical_frame
1723528335.2921364,7.054760932922363,-0.4039938747882843,-5.606140613555908,0.0004845665825996548,-0.4909621477127075,0.0340743251144886,0.8705141544342041,orbslam3_map,camera_color_optical_frame
1723528335.358737,7.048277378082275,-0.40397220849990845,-5.603861331939697,0.002939983969554305,-0.4957987666130066,0.03468611463904381,0.8677394986152649,orbslam3_map,camera_color_optical_frame
1723528335.3920372,7.0448899269104,-0.4042608439922333,-5.601964950561523,0.003874529618769884,-0.49811285734176636,0.03481823578476906,0.8664042353630066,orbslam3_map,camera_color_optical_frame
1723528335.4586356,7.038340091705322,-0.4042080342769623,-5.5988688468933105,0.005586389917880297,-0.5015637874603271,0.03506194427609444,0.8643918633460999,orbslam3_map,camera_color_optical_frame
1723528335.5252323,7.031528472900391,-0.40388715267181396,-5.596184730529785,0.004914351273328066,-0.5041516423225403,0.03566991910338402,0.8628641963005066,orbslam3_map,camera_color_optical_frame
1723528335.5918279,7.023721694946289,-0.4032909870147705,-5.5918426513671875,0.002119222655892372,-0.50709068775177,0.03690803796052933,0.8610996007919312,orbslam3_map,camera_color_optical_frame
1723528335.6251245,7.0196733474731445,-0.40232157707214355,-5.58989143371582,0.0009767388692125678,-0.5085980892181396,0.03779920935630798,0.8601734638214111,orbslam3_map,camera_color_optical_frame
1723528335.7250144,7.008823394775391,-0.4014003574848175,-5.582553863525391,-0.004738935735076666,-0.5129386186599731,0.04054684564471245,0.8574541211128235,orbslam3_map,camera_color_optical_frame
1723528335.7583096,7.005708694458008,-0.4012969136238098,-5.580349922180176,-0.00641171308234334,-0.5141828060150146,0.04214193671941757,0.8566206693649292,orbslam3_map,camera_color_optical_frame
1723528335.8249,6.998475074768066,-0.40080875158309937,-5.576013088226318,-0.008867916651070118,-0.5173025727272034,0.045273154973983765,0.8545582294464111,orbslam3_map,camera_color_optical_frame
1723528335.8914888,6.991447448730469,-0.4008256196975708,-5.573034286499023,-0.009497033432126045,-0.5206553936004639,0.04638616368174553,0.8524529933929443,orbslam3_map,camera_color_optical_frame
1723528335.924784,6.987895965576172,-0.4008678197860718,-5.571427822113037,-0.00919103343039751,-0.5223817825317383,0.04621225968003273,0.8514089584350586,orbslam3_map,camera_color_optical_frame
1723528335.991404,6.9805073738098145,-0.40096405148506165,-5.569741249084473,-0.007764992769807577,-0.5257067084312439,0.0453140065073967,0.8494226336479187,orbslam3_map,camera_color_optical_frame
1723528336.058023,6.973095893859863,-0.40088826417922974,-5.567387580871582,-0.006466954946517944,-0.5290611982345581,0.044049691408872604,0.8474149107933044,orbslam3_map,camera_color_optical_frame
1723528336.1246402,6.965498924255371,-0.4008863568305969,-5.565342903137207,-0.005707862321287394,-0.5329176187515259,0.04184717312455177,0.8451124429702759,orbslam3_map,camera_color_optical_frame
1723528336.2245634,6.9543352127075195,-0.40167364478111267,-5.561269760131836,-0.007297978270798922,-0.5396063923835754,0.03943928703665733,0.8409615159034729,orbslam3_map,camera_color_optical_frame
1723528336.2578714,6.950855731964111,-0.4017912447452545,-5.559452533721924,-0.008797884918749332,-0.5413082242012024,0.03981452435255051,0.839834988117218,orbslam3_map,camera_color_optical_frame
1723528336.3244846,6.944216728210449,-0.40202659368515015,-5.556370735168457,-0.012257061898708344,-0.5435217022895813,0.041549939662218094,0.8382765054702759,orbslam3_map,camera_color_optical_frame
1723528336.3577902,6.940958023071289,-0.4020769000053406,-5.554135322570801,-0.013865345157682896,-0.5444139838218689,0.04321078956127167,0.8375883102416992,orbslam3_map,camera_color_optical_frame
1723528336.4244015,6.934567451477051,-0.4022422432899475,-5.550117015838623,-0.016791796311736107,-0.5464986562728882,0.046172935515642166,0.8360176086425781,orbslam3_map,camera_color_optical_frame
1723528336.4910116,6.928009033203125,-0.40229126811027527,-5.54680871963501,-0.0183047354221344,-0.5494510531425476,0.04823858290910721,0.8339314460754395,orbslam3_map,camera_color_optical_frame
1723528336.5576203,6.921172618865967,-0.40226444602012634,-5.544638633728027,-0.018138179555535316,-0.552445650100708,0.04929270222783089,0.8318924903869629,orbslam3_map,camera_color_optical_frame
1723528336.6242278,6.914339065551758,-0.4015520215034485,-5.543174743652344,-0.016115423291921616,-0.5548073053359985,0.04973820224404335,0.8303344249725342,orbslam3_map,camera_color_optical_frame
1723528336.6908338,6.907051086425781,-0.4007580876350403,-5.541365623474121,-0.013114084489643574,-0.5567798018455505,0.049548033624887466,0.8290773630142212,orbslam3_map,camera_color_optical_frame
1723528336.7241366,6.903192043304443,-0.40062466263771057,-5.540797233581543,-0.01104392483830452,-0.5578456521034241,0.048805516213178635,0.8284348845481873,orbslam3_map,camera_color_optical_frame
1723528336.7907405,6.895735740661621,-0.3998419940471649,-5.540996074676514,-0.005950624123215675,-0.5604574680328369,0.046276938170194626,0.8268678784370422,orbslam3_map,camera_color_optical_frame
1723528336.857343,6.887299537658691,-0.399323970079422,-5.540534496307373,-0.0013541225343942642,-0.5644901990890503,0.04198646545410156,0.8243702054023743,orbslam3_map,camera_color_optical_frame
1723528336.8906434,6.882712364196777,-0.39923882484436035,-5.540098190307617,-0.0003144405782222748,-0.5666012167930603,0.03893757238984108,0.8230715990066528,orbslam3_map,camera_color_optical_frame
1723528336.9572554,6.874389171600342,-0.3995038568973541,-5.539200305938721,-0.00027498649433255196,-0.5696029663085938,0.03300808370113373,0.8212569355964661,orbslam3_map,camera_color_optical_frame
1723528336.9905663,6.8700995445251465,-0.39988547563552856,-5.538727760314941,-0.0006993625429458916,-0.5704126954078674,0.03081848844885826,0.82077956199646,orbslam3_map,camera_color_optical_frame
1723528337.057186,6.862486839294434,-0.4007417857646942,-5.537108898162842,-0.0022524246014654636,-0.5721075534820557,0.027129290625452995,0.8197267651557922,orbslam3_map,camera_color_optical_frame
1723528337.090495,6.858648777008057,-0.4011840224266052,-5.536761283874512,-0.00213500764220953,-0.5728836059570312,0.026075905188918114,0.8192191123962402,orbslam3_map,camera_color_optical_frame
1723528337.1904218,6.847844123840332,-0.4017791152000427,-5.533878326416016,-0.001583776785992086,-0.5776335597038269,0.02522701770067215,0.8159047365188599,orbslam3_map,camera_color_optical_frame
1723528337.2570376,6.841485500335693,-0.40161970257759094,-5.5312418937683105,-0.0011791547294706106,-0.5810382962226868,0.02766306884586811,0.8134050965309143,orbslam3_map,camera_color_optical_frame
1723528337.3236518,6.83440637588501,-0.4011354446411133,-5.528109550476074,-0.0009055721457116306,-0.5838156938552856,0.032828543335199356,0.8112217783927917,orbslam3_map,camera_color_optical_frame
1723528337.3902647,6.82711935043335,-0.39997631311416626,-5.524113178253174,-0.00035576699883677065,-0.586395800113678,0.0397576205432415,0.8090483546257019,orbslam3_map,camera_color_optical_frame
1723528337.4235704,6.823211669921875,-0.39975643157958984,-5.522547721862793,-0.00030705431709066033,-0.5876234173774719,0.04278835654258728,0.8080023527145386,orbslam3_map,camera_color_optical_frame
1723528337.4901814,6.815960884094238,-0.39895468950271606,-5.518892765045166,-0.0015589514514431357,-0.5903215408325195,0.048402078449726105,0.8057141304016113,orbslam3_map,camera_color_optical_frame
1723528337.5567913,6.807048797607422,-0.39851030707359314,-5.515806674957275,-0.003579574404284358,-0.5927830338478088,0.051410775631666183,0.8037116527557373,orbslam3_map,camera_color_optical_frame
1723528337.590096,6.802481651306152,-0.39840710163116455,-5.513839244842529,-0.0049323770217597485,-0.5940198302268982,0.051582712680101395,0.8027797341346741,orbslam3_map,camera_color_optical_frame
1723528337.6233993,6.798278331756592,-0.3982948958873749,-5.513979911804199,-0.005088759586215019,-0.5948529243469238,0.051225434988737106,0.8021845817565918,orbslam3_map,camera_color_optical_frame
1723528337.6900063,6.788615703582764,-0.3983829915523529,-5.512271881103516,-0.005546120461076498,-0.5970998406410217,0.04872032254934311,0.800666868686676,orbslam3_map,camera_color_optical_frame
1723528337.756612,6.778234481811523,-0.398689329624176,-5.510188579559326,-0.005182733293622732,-0.5998194217681885,0.04588565602898598,0.7988018989562988,orbslam3_map,camera_color_optical_frame
1723528337.8232162,6.767920970916748,-0.39891517162323,-5.508786678314209,-0.0037825070321559906,-0.6023579239845276,0.0431293286383152,0.797051191329956,orbslam3_map,camera_color_optical_frame
1723528337.8898191,6.758466720581055,-0.399258553981781,-5.5074543952941895,-0.002237631008028984,-0.6044577956199646,0.041116874665021896,0.7955722212791443,orbslam3_map,camera_color_optical_frame
1723528337.9564352,6.7487897872924805,-0.3990573585033417,-5.505578994750977,-0.0008344153757207096,-0.6063872575759888,0.04020185023546219,0.7941521406173706,orbslam3_map,camera_color_optical_frame
1723528337.98975,6.74381160736084,-0.3990670144557953,-5.504744529724121,-0.0004836135485675186,-0.6072624921798706,0.03993243724107742,0.7934969663619995,orbslam3_map,camera_color_optical_frame
1723528338.0563774,6.733899116516113,-0.39885973930358887,-5.501798629760742,-0.0004310900694690645,-0.60924232006073,0.04020168259739876,0.7919642925262451,orbslam3_map,camera_color_optical_frame
1723528338.1563156,6.718356132507324,-0.3981916904449463,-5.497613430023193,-0.0007970047299750149,-0.6118767261505127,0.04134624823927879,0.7898713946342468,orbslam3_map,camera_color_optical_frame
1723528338.1896284,6.712762355804443,-0.39826324582099915,-5.496087074279785,-0.0015342561528086662,-0.6127143502235413,0.04160194471478462,0.7892072200775146,orbslam3_map,camera_color_optical_frame
1723528338.256252,6.703032493591309,-0.39812251925468445,-5.493577003479004,-0.0022351210936903954,-0.614150881767273,0.04252939671278,0.7880386710166931,orbslam3_map,camera_color_optical_frame
1723528338.3561847,6.686502933502197,-0.3979666829109192,-5.489823341369629,-0.0034131319262087345,-0.6161434650421143,0.04315415397286415,0.7864435315132141,orbslam3_map,camera_color_optical_frame
1723528338.422805,6.675531387329102,-0.3976162374019623,-5.486895561218262,-0.00342105096206069,-0.617489218711853,0.04316914826631546,0.7853864431381226,orbslam3_map,camera_color_optical_frame
1723528338.5227342,6.658374309539795,-0.3972260057926178,-5.482782363891602,-0.0038264680188149214,-0.6195976138114929,0.042554233223199844,0.7837559580802917,orbslam3_map,camera_color_optical_frame
1723528338.5893512,6.646646976470947,-0.39768970012664795,-5.480343341827393,-0.00413492601364851,-0.6209920048713684,0.04209098592400551,0.7826750874519348,orbslam3_map,camera_color_optical_frame
1723528338.6892743,6.628799915313721,-0.3973533809185028,-5.476120948791504,-0.0041505214758217335,-0.6227633357048035,0.042083799839019775,0.7812666893005371,orbslam3_map,camera_color_optical_frame
1723528338.722582,6.622467994689941,-0.3973942995071411,-5.4749226570129395,-0.0044834609143435955,-0.6234552264213562,0.04187937453389168,0.7807237505912781,orbslam3_map,camera_color_optical_frame
1723528338.7891955,6.6097331047058105,-0.3971915543079376,-5.472668647766113,-0.004034630488604307,-0.6245684027671814,0.04199798405170441,0.7798296213150024,orbslam3_map,camera_color_optical_frame
1723528338.8558075,6.5975775718688965,-0.39683398604393005,-5.4701032638549805,-0.003966377582401037,-0.6256122589111328,0.041943930089473724,0.77899569272995,orbslam3_map,camera_color_optical_frame
1723528338.922419,6.585054874420166,-0.3968854546546936,-5.4675445556640625,-0.004129958339035511,-0.6265208125114441,0.04144798591732979,0.778290867805481,orbslam3_map,camera_color_optical_frame
1723528338.989036,6.572113513946533,-0.3965311050415039,-5.464349746704102,-0.003921562805771828,-0.6272164583206177,0.04115993529558182,0.7777467966079712,orbslam3_map,camera_color_optical_frame
1723528339.0556517,6.559691429138184,-0.39653879404067993,-5.461636066436768,-0.003914086613804102,-0.6277949810028076,0.04081158712506294,0.7772982716560364,orbslam3_map,camera_color_optical_frame
1723528339.1222656,6.54609489440918,-0.3961266279220581,-5.458197593688965,-0.004151714500039816,-0.6283271908760071,0.04049873724579811,0.7768832445144653,orbslam3_map,camera_color_optical_frame
1723528339.188878,6.534073829650879,-0.3962820768356323,-5.456563949584961,-0.004406309220939875,-0.6284959316253662,0.03981795161962509,0.7767806053161621,orbslam3_map,camera_color_optical_frame
1723528339.2554893,6.5205512046813965,-0.3960946202278137,-5.4534687995910645,-0.004401488229632378,-0.6288017630577087,0.03949129953980446,0.7765496969223022,orbslam3_map,camera_color_optical_frame
1723528339.3220992,6.506585121154785,-0.39587703347206116,-5.450031757354736,-0.004562698304653168,-0.6290315985679626,0.03960577771067619,0.7763567566871643,orbslam3_map,camera_color_optical_frame
1723528339.3887079,6.492342948913574,-0.39566993713378906,-5.447425365447998,-0.004519911482930183,-0.6293006539344788,0.0395633801817894,0.7761411666870117,orbslam3_map,camera_color_optical_frame
1723528339.455315,6.478848934173584,-0.3952176868915558,-5.443429470062256,-0.0047317808493971825,-0.6296095252037048,0.03959236294031143,0.7758878469467163,orbslam3_map,camera_color_optical_frame
1723528339.521921,6.464343547821045,-0.394878625869751,-5.440603733062744,-0.0049020955339074135,-0.6295782327651978,0.03954669088125229,0.7759144902229309,orbslam3_map,camera_color_optical_frame
1723528339.5885253,6.449400424957275,-0.3944157063961029,-5.437504768371582,-0.004767215810716152,-0.629645824432373,0.03977916017174721,0.7758486270904541,orbslam3_map,camera_color_optical_frame
1723528339.6551282,6.434526443481445,-0.39426031708717346,-5.43367338180542,-0.004750012885779142,-0.629851222038269,0.03959106281399727,0.775691568851471,orbslam3_map,camera_color_optical_frame
1723528339.6884286,6.42726469039917,-0.3938990831375122,-5.432457447052002,-0.004484045784920454,-0.629787266254425,0.03955724835395813,0.7757468223571777,orbslam3_map,camera_color_optical_frame
1723528339.7550297,6.412561416625977,-0.39403340220451355,-5.4292378425598145,-0.0044129169546067715,-0.6298969984054565,0.03937792405486107,0.7756672501564026,orbslam3_map,camera_color_optical_frame
1723528339.821629,6.399739742279053,-0.39373838901519775,-5.425947666168213,-0.004530386533588171,-0.6300690770149231,0.03960120677947998,0.7755154371261597,orbslam3_map,camera_color_optical_frame
1723528339.854929,6.391903400421143,-0.3934667706489563,-5.4237494468688965,-0.004607638344168663,-0.6302658915519714,0.03978359326720238,0.7753456830978394,orbslam3_map,camera_color_optical_frame
1723528339.9215271,6.377410411834717,-0.3934403657913208,-5.420475006103516,-0.004881599918007851,-0.63018399477005,0.039646051824092865,0.7754176259040833,orbslam3_map,camera_color_optical_frame
1723528339.9881487,6.362105846405029,-0.3936695158481598,-5.4178242683410645,-0.005143696907907724,-0.6301817297935486,0.03946981206536293,0.7754267454147339,orbslam3_map,camera_color_optical_frame
1723528340.0547688,6.346307754516602,-0.39326030015945435,-5.414117813110352,-0.005132734309881926,-0.6302195191383362,0.03983839973807335,0.7753773331642151,orbslam3_map,camera_color_optical_frame
1723528340.0880778,6.339022636413574,-0.39282920956611633,-5.41170597076416,-0.005234000273048878,-0.6303402781486511,0.03990086540579796,0.7752752900123596,orbslam3_map,camera_color_optical_frame
1723528340.1880052,6.314955711364746,-0.39229297637939453,-5.406456470489502,-0.005015432368963957,-0.6304141879081726,0.03961818665266037,0.7752310633659363,orbslam3_map,camera_color_optical_frame
1723528340.2213132,6.307796955108643,-0.3922653794288635,-5.405357360839844,-0.004812754690647125,-0.6303931474685669,0.039704445749521255,0.7752451300621033,orbslam3_map,camera_color_optical_frame
1723528340.2546215,6.300046920776367,-0.3925226628780365,-5.4037766456604,-0.004621727857738733,-0.630399227142334,0.03940434008836746,0.7752566337585449,orbslam3_map,camera_color_optical_frame
1723528340.3212366,6.283660888671875,-0.3922480046749115,-5.40007209777832,-0.004280236549675465,-0.6303742527961731,0.03945625200867653,0.775276243686676,orbslam3_map,camera_color_optical_frame
1723528340.3878503,6.266251564025879,-0.39179468154907227,-5.396378040313721,-0.0037367551121860743,-0.6304327249526978,0.039520543068647385,0.7752282023429871,orbslam3_map,camera_color_optical_frame
1723528340.421156,6.258003234863281,-0.3915443420410156,-5.394552707672119,-0.0034328512847423553,-0.6304454803466797,0.0397159717977047,0.7752092480659485,orbslam3_map,camera_color_optical_frame
1723528340.4877677,6.241942405700684,-0.391441285610199,-5.3906450271606445,-0.0033738058991730213,-0.6306765675544739,0.039402853697538376,0.7750374674797058,orbslam3_map,camera_color_optical_frame
1723528340.5543778,6.224396228790283,-0.39111843705177307,-5.387185096740723,-0.0031728416215628386,-0.6306790113449097,0.039135273545980453,0.7750499248504639,orbslam3_map,camera_color_optical_frame
1723528340.620987,6.207381248474121,-0.3908972442150116,-5.383403778076172,-0.0033602274488657713,-0.6306266784667969,0.03914596140384674,0.7750911712646484,orbslam3_map,camera_color_optical_frame
1723528340.6875947,6.190530300140381,-0.3906202018260956,-5.379298210144043,-0.0033948656637221575,-0.630635142326355,0.03926363214850426,0.7750781178474426,orbslam3_map,camera_color_optical_frame
1723528340.7208986,6.180069446563721,-0.39066460728645325,-5.377647876739502,-0.0032958078663796186,-0.6306636333465576,0.0392216332256794,0.7750576138496399,orbslam3_map,camera_color_optical_frame
1723528340.7875044,6.162558555603027,-0.3903653919696808,-5.373325347900391,-0.0035399221815168858,-0.6308187246322632,0.039526306092739105,0.7749147415161133,orbslam3_map,camera_color_optical_frame
1723528340.8541086,6.145578861236572,-0.38969990611076355,-5.369194507598877,-0.0038648927584290504,-0.6308259963989258,0.03963577002286911,0.7749016880989075,orbslam3_map,camera_color_optical_frame
1723528340.920712,6.128136157989502,-0.3896336555480957,-5.365427017211914,-0.0036188673693686724,-0.6305883526802063,0.04023756459355354,0.7750653028488159,orbslam3_map,camera_color_optical_frame
1723528340.9540174,6.119019985198975,-0.3894652724266052,-5.363006591796875,-0.0038271609228104353,-0.630639910697937,0.04043131694197655,0.7750122547149658,orbslam3_map,camera_color_optical_frame
1723528341.053932,6.092140197753906,-0.3887592852115631,-5.356837749481201,-0.0037092380225658417,-0.6305179595947266,0.04061489179730415,0.775102436542511,orbslam3_map,camera_color_optical_frame
1723528341.1205394,6.073841571807861,-0.3883233666419983,-5.352468013763428,-0.003829783061519265,-0.6304903030395508,0.04048887640237808,0.7751309275627136,orbslam3_map,camera_color_optical_frame
1723528341.1871455,6.055672645568848,-0.38798221945762634,-5.348567485809326,-0.004298395477235317,-0.6303924322128296,0.04007979854941368,0.7752293348312378,orbslam3_map,camera_color_optical_frame
1723528341.25375,6.037757873535156,-0.388418048620224,-5.3448052406311035,-0.004323345609009266,-0.6302265524864197,0.03930339962244034,0.7754037976264954,orbslam3_map,camera_color_optical_frame
1723528341.3536534,6.010343551635742,-0.3880716860294342,-5.3391313552856445,-0.0038503906689584255,-0.6298828721046448,0.039219725877046585,0.7756897807121277,orbslam3_map,camera_color_optical_frame
1723528341.4202542,5.991617679595947,-0.38769152760505676,-5.334557056427002,-0.003698667511343956,-0.6299553513526917,0.03929195925593376,0.7756280303001404,orbslam3_map,camera_color_optical_frame
1723528341.4868534,5.97253942489624,-0.38735923171043396,-5.330496788024902,-0.0036293112207204103,-0.6296516060829163,0.039151180535554886,0.7758820056915283,orbslam3_map,camera_color_optical_frame
1723528341.5534513,5.953350067138672,-0.38703951239585876,-5.325879096984863,-0.004620133899152279,-0.6294784545898438,0.03939087316393852,0.7760050892829895,orbslam3_map,camera_color_optical_frame
1723528341.6200476,5.933772087097168,-0.3863973915576935,-5.320905685424805,-0.0050103808753192425,-0.6293433308601379,0.03984268382191658,0.7760892510414124,orbslam3_map,camera_color_optical_frame
1723528341.6866422,5.914540767669678,-0.38603517413139343,-5.316797733306885,-0.0055520497262477875,-0.6290985941886902,0.03970441222190857,0.7762910723686218,orbslam3_map,camera_color_optical_frame
1723528341.7199395,5.904679298400879,-0.3860442638397217,-5.314534664154053,-0.0058387950994074345,-0.6290336847305298,0.039349984377622604,0.776359498500824,orbslam3_map,camera_color_optical_frame
1723528341.7532353,5.895383834838867,-0.3856688141822815,-5.312054634094238,-0.006046676076948643,-0.6289587616920471,0.03928789123892784,0.7764217853546143,orbslam3_map,camera_color_optical_frame
1723528341.819827,5.87526798248291,-0.38525325059890747,-5.307371616363525,-0.006463516969233751,-0.6290114521980286,0.03907974436879158,0.7763862609863281,orbslam3_map,camera_color_optical_frame
1723528341.8864172,5.854377746582031,-0.38481104373931885,-5.303285121917725,-0.006169721018522978,-0.6288809776306152,0.03888167068362236,0.7765042781829834,orbslam3_map,camera_color_optical_frame
1723528341.9197125,5.844546794891357,-0.38483116030693054,-5.301139831542969,-0.006171821150928736,-0.6288563013076782,0.038601912558078766,0.7765381932258606,orbslam3_map,camera_color_optical_frame
1723528341.986317,5.824793338775635,-0.3845628499984741,-5.2968926429748535,-0.006093989592045546,-0.628899872303009,0.037759918719530106,0.7765449285507202,orbslam3_map,camera_color_optical_frame
1723528342.0529196,5.80501127243042,-0.38389772176742554,-5.2924604415893555,-0.006004184950143099,-0.6288975477218628,0.036968398839235306,0.776585578918457,orbslam3_map,camera_color_optical_frame
1723528342.0862198,5.794938087463379,-0.38366302847862244,-5.289916038513184,-0.006739688105881214,-0.628957211971283,0.03667081147432327,0.7765453457832336,orbslam3_map,camera_color_optical_frame
1723528342.18612,5.765389919281006,-0.3830368220806122,-5.282906532287598,-0.007285184692591429,-0.6288173198699951,0.03629383444786072,0.7766714096069336,orbslam3_map,camera_color_optical_frame
1723528342.2527177,5.74573278427124,-0.3823532462120056,-5.277981758117676,-0.00768192857503891,-0.6287271976470947,0.03716747462749481,0.7766992449760437,orbslam3_map,camera_color_optical_frame
1723528342.2860155,5.735912799835205,-0.3823777139186859,-5.2758708000183105,-0.007707941811531782,-0.6286083459854126,0.03710777312517166,0.7767980098724365,orbslam3_map,camera_color_optical_frame
1723528342.3526108,5.716030597686768,-0.3817574381828308,-5.2706990242004395,-0.008029836229979992,-0.6285876035690308,0.03765890374779701,0.7767850160598755,orbslam3_map,camera_color_optical_frame
1723528342.4192045,5.696076393127441,-0.3810763657093048,-5.265932083129883,-0.007857803255319595,-0.6285310387611389,0.03803969919681549,0.7768140435218811,orbslam3_map,camera_color_optical_frame
1723528342.4857967,5.675684928894043,-0.38091975450515747,-5.261516094207764,-0.007935394532978535,-0.6285545229911804,0.03815798461437225,0.7767884135246277,orbslam3_map,camera_color_optical_frame
1723528342.5190926,5.665980339050293,-0.3810589909553528,-5.259222984313965,-0.007754412479698658,-0.6285000443458557,0.037859514355659485,0.7768489122390747,orbslam3_map,camera_color_optical_frame
1723528342.5856824,5.646184921264648,-0.3801034390926361,-5.254845142364502,-0.007537796627730131,-0.6282784938812256,0.038170550018548965,0.7770150303840637,orbslam3_map,camera_color_optical_frame
1723528342.6522703,5.625869274139404,-0.3795642852783203,-5.250011444091797,-0.007298357784748077,-0.6281282305717468,0.038192640990018845,0.7771377563476562,orbslam3_map,camera_color_optical_frame
1723528342.7521486,5.595574855804443,-0.3790911138057709,-5.2435078620910645,-0.00651372829452157,-0.6278538703918457,0.03807363286614418,0.7773721814155579,orbslam3_map,camera_color_optical_frame
1723528342.8187325,5.576276779174805,-0.3788137137889862,-5.239018440246582,-0.005982053000479937,-0.6277928352355957,0.03784479573369026,0.7774369716644287,orbslam3_map,camera_color_optical_frame
1723528342.885315,5.5540242195129395,-0.377978652715683,-5.233935356140137,-0.00533478707075119,-0.6277152299880981,0.038363005965948105,0.7774788737297058,orbslam3_map,camera_color_optical_frame
1723528342.9186063,5.543731212615967,-0.37768086791038513,-5.231821537017822,-0.004939975216984749,-0.6275627017021179,0.03843751177191734,0.7776009440422058,orbslam3_map,camera_color_optical_frame
1723528342.9852078,5.522128582000732,-0.37758758664131165,-5.227755546569824,-0.00479844817891717,-0.6274303197860718,0.03857826068997383,0.7777016758918762,orbslam3_map,camera_color_optical_frame
1723528343.0851061,5.490586280822754,-0.37666767835617065,-5.219819068908691,-0.004971454385668039,-0.627472460269928,0.039481572806835175,0.777621328830719,orbslam3_map,camera_color_optical_frame
1723528343.1517034,5.470423698425293,-0.3763943016529083,-5.214544773101807,-0.005423691589385271,-0.6274797916412354,0.039263542741537094,0.7776233553886414,orbslam3_map,camera_color_optical_frame
1723528343.218299,5.4487714767456055,-0.37614086270332336,-5.210324287414551,-0.004949139431118965,-0.6272860169410706,0.03909235820174217,0.777791440486908,orbslam3_map,camera_color_optical_frame
1723528343.2515967,5.439041614532471,-0.3761388063430786,-5.2072577476501465,-0.004830487072467804,-0.6273571848869324,0.03926176205277443,0.7777262926101685,orbslam3_map,camera_color_optical_frame
1723528343.3181896,5.4187846183776855,-0.3757314085960388,-5.2023844718933105,-0.004888686817139387,-0.6274108290672302,0.03917840123176575,0.7776868939399719,orbslam3_map,camera_color_optical_frame
1723528343.384781,5.3983154296875,-0.3752802610397339,-5.19722843170166,-0.004575113765895367,-0.6272674798965454,0.0393754243850708,0.7777944803237915,orbslam3_map,camera_color_optical_frame
1723528343.4513705,5.377260684967041,-0.37492671608924866,-5.192252159118652,-0.004219065885990858,-0.6271049976348877,0.03959833085536957,0.7779161334037781,orbslam3_map,camera_color_optical_frame
1723528343.5179584,5.357415199279785,-0.3748323321342468,-5.187830448150635,-0.004162370692938566,-0.6270605325698853,0.03931143879890442,0.7779667973518372,orbslam3_map,camera_color_optical_frame
1723528343.584545,5.336114406585693,-0.37433716654777527,-5.182606220245361,-0.004667265806347132,-0.6272695064544678,0.039036236703395844,0.7778093814849854,orbslam3_map,camera_color_optical_frame
1723528343.6511292,5.315162181854248,-0.373600035905838,-5.178019046783447,-0.004703366197645664,-0.6271868348121643,0.038404691964387894,0.7779072523117065,orbslam3_map,camera_color_optical_frame
1723528343.7177124,5.2952880859375,-0.37294965982437134,-5.172057151794434,-0.005159197375178337,-0.6272799968719482,0.038282230496406555,0.7778352499008179,orbslam3_map,camera_color_optical_frame
1723528343.7842937,5.274474143981934,-0.3727532923221588,-5.168591022491455,-0.004840785171836615,-0.6270118951797485,0.03813983500003815,0.7780603766441345,orbslam3_map,camera_color_optical_frame
1723528343.8841617,5.244530200958252,-0.3725603222846985,-5.161248683929443,-0.004977807868272066,-0.6271321773529053,0.03864508494734764,0.7779377102851868,orbslam3_map,camera_color_optical_frame
1723528343.9509556,5.224346160888672,-0.37225341796875,-5.1559157371521,-0.004958156496286392,-0.627046525478363,0.03827723488211632,0.7780250310897827,orbslam3_map,camera_color_optical_frame
1723528344.017971,5.200706958770752,-0.37146833539009094,-5.151103973388672,-0.004637918435037136,-0.6268213987350464,0.03849387168884277,0.778197705745697,orbslam3_map,camera_color_optical_frame
1723528344.051483,5.19154691696167,-0.371572881937027,-5.148091793060303,-0.004725195001810789,-0.6267696022987366,0.038395676761865616,0.7782437205314636,orbslam3_map,camera_color_optical_frame
1723528344.1185114,5.1710615158081055,-0.3711838722229004,-5.143314361572266,-0.0044151609763503075,-0.6264656186103821,0.037889059633016586,0.778515100479126,orbslam3_map,camera_color_optical_frame
1723528344.185549,5.1500725746154785,-0.37066787481307983,-5.13887357711792,-0.004084200132638216,-0.6259475946426392,0.03733500838279724,0.7789602279663086,orbslam3_map,camera_color_optical_frame
1723528344.2190704,5.140723705291748,-0.3709643483161926,-5.135932922363281,-0.004665940534323454,-0.6258866786956787,0.03720827028155327,0.7790119647979736,orbslam3_map,camera_color_optical_frame
1723528344.2525952,5.129761219024658,-0.3704685568809509,-5.132930278778076,-0.004614907782524824,-0.6257476210594177,0.03737777844071388,0.7791158556938171,orbslam3_map,camera_color_optical_frame
1723528344.3196502,5.109218120574951,-0.36977872252464294,-5.127869129180908,-0.003577939933165908,-0.6251398921012878,0.0383276604115963,0.7795628905296326,orbslam3_map,camera_color_optical_frame
1723528344.3867137,5.087644100189209,-0.3692488968372345,-5.1235575675964355,-0.0025196305941790342,-0.6244139671325684,0.03896592557430267,0.7801169753074646,orbslam3_map,camera_color_optical_frame
1723528344.4537864,5.0672383308410645,-0.36920902132987976,-5.118019104003906,-0.002278196858242154,-0.6241829991340637,0.039147645235061646,0.7802935242652893,orbslam3_map,camera_color_optical_frame
1723528344.4873252,5.056446552276611,-0.36896979808807373,-5.114936828613281,-0.0020828191190958023,-0.6242088675498962,0.03931718319654465,0.7802647948265076,orbslam3_map,camera_color_optical_frame
1723528344.5544107,5.035761833190918,-0.3683791160583496,-5.109378814697266,-0.0025963676162064075,-0.6237694025039673,0.03932765871286392,0.7806141376495361,orbslam3_map,camera_color_optical_frame
1723528344.5879571,5.02548360824585,-0.3681001365184784,-5.107104301452637,-0.002572957891970873,-0.6233077645301819,0.03922221437096596,0.7809880971908569,orbslam3_map,camera_color_optical_frame
1723528344.6550558,5.003992080688477,-0.36762335896492004,-5.102025985717773,-0.0028373480308800936,-0.6223006844520569,0.03903156891465187,0.7817994356155396,orbslam3_map,camera_color_optical_frame
1723528344.688608,4.994166851043701,-0.367451548576355,-5.098901271820068,-0.0030976312700659037,-0.6220144629478455,0.03892914950847626,0.7820312976837158,orbslam3_map,camera_color_optical_frame
1723528344.7557194,4.973556041717529,-0.367188036441803,-5.093586444854736,-0.0033717043697834015,-0.621396541595459,0.038420092314481735,0.7825464010238647,orbslam3_map,camera_color_optical_frame
1723528344.8228397,4.95290470123291,-0.36696767807006836,-5.088305950164795,-0.0033391942270100117,-0.6209763884544373,0.03757839277386665,0.7829208374023438,orbslam3_map,camera_color_optical_frame
1723528344.8899689,4.930890083312988,-0.3665277361869812,-5.082945823669434,-0.0029878965578973293,-0.6203836798667908,0.037496425211429596,0.7833959460258484,orbslam3_map,camera_color_optical_frame
1723528344.9568787,4.9111833572387695,-0.3661165237426758,-5.078134536743164,-0.002132872585207224,-0.6195927858352661,0.03737907484173775,0.784030020236969,orbslam3_map,camera_color_optical_frame
1723528345.0235507,4.891110420227051,-0.3660803437232971,-5.072566986083984,-0.0022995355539023876,-0.6190036535263062,0.037531476467847824,0.7844874858856201,orbslam3_map,camera_color_optical_frame
1723528345.0902226,4.8702239990234375,-0.36571621894836426,-5.0664825439453125,-0.002745025558397174,-0.6185129284858704,0.0378061980009079,0.7848597764968872,orbslam3_map,camera_color_optical_frame
1723528345.156894,4.850461006164551,-0.3655582368373871,-5.060539722442627,-0.003744758665561676,-0.6175419092178345,0.03793197125196457,0.7856139540672302,orbslam3_map,camera_color_optical_frame
1723528345.19023,4.841174602508545,-0.3653217852115631,-5.0571699142456055,-0.0037355287931859493,-0.6170140504837036,0.03845356032252312,0.7860032916069031,orbslam3_map,camera_color_optical_frame
1723528345.2569005,4.820927143096924,-0.36452001333236694,-5.051793575286865,-0.004213947337120771,-0.6156393885612488,0.038987793028354645,0.7870516777038574,orbslam3_map,camera_color_optical_frame
1723528345.323571,4.798183441162109,-0.3648177981376648,-5.045447826385498,-0.003812219249084592,-0.6144821643829346,0.038848016411066055,0.7879645228385925,orbslam3_map,camera_color_optical_frame
1723528345.3569055,4.787977695465088,-0.36439114809036255,-5.043126106262207,-0.0030350377783179283,-0.6138795614242554,0.03873037174344063,0.7884430885314941,orbslam3_map,camera_color_optical_frame
1723528345.4235752,4.768296241760254,-0.364071249961853,-5.037868976593018,-0.0029031161684542894,-0.6129536032676697,0.038225144147872925,0.7891883850097656,orbslam3_map,camera_color_optical_frame
1723528345.4902446,4.748891830444336,-0.362934947013855,-5.031630516052246,-0.0028553290758281946,-0.6118367314338684,0.03815808892250061,0.7900580167770386,orbslam3_map,camera_color_optical_frame
1723528345.590248,4.71725606918335,-0.36228352785110474,-5.022354602813721,-0.003006168408319354,-0.6102443337440491,0.03745925426483154,0.7913214564323425,orbslam3_map,camera_color_optical_frame
1723528345.6569161,4.697377681732178,-0.36214858293533325,-5.016989231109619,-0.0031305572483688593,-0.6089717149734497,0.036939576268196106,0.7923251986503601,orbslam3_map,camera_color_optical_frame
1723528345.7235842,4.677829742431641,-0.36202502250671387,-5.011736869812012,-0.0033254455775022507,-0.6078330874443054,0.036266181617975235,0.7932292222976685,orbslam3_map,camera_color_optical_frame
1723528345.7902515,4.655336380004883,-0.3615151643753052,-5.003642559051514,-0.003847641870379448,-0.6069362759590149,0.036344729363918304,0.7939097285270691,orbslam3_map,camera_color_optical_frame
1723528345.8569183,4.635524749755859,-0.36133670806884766,-4.9978437423706055,-0.004473772365599871,-0.6058505177497864,0.036020033061504364,0.7947501540184021,orbslam3_map,camera_color_optical_frame
1723528345.9235852,4.616067409515381,-0.3602944016456604,-4.991766929626465,-0.004058545455336571,-0.6046834588050842,0.0363471582531929,0.7956258058547974,orbslam3_map,camera_color_optical_frame
1723528345.956918,4.60698938369751,-0.36003395915031433,-4.988574981689453,-0.004017014056444168,-0.6042101979255676,0.0366632342338562,0.7959709763526917,orbslam3_map,camera_color_optical_frame
1723528346.0235999,4.589931964874268,-0.36014324426651,-4.982832431793213,-0.0039048753678798676,-0.6031180620193481,0.036965519189834595,0.7967853546142578,orbslam3_map,camera_color_optical_frame
1723528346.0902815,4.571355819702148,-0.359966903924942,-4.976630210876465,-0.0037203601095825434,-0.601778507232666,0.03751486539840698,0.7977727651596069,orbslam3_map,camera_color_optical_frame
1723528346.1903036,4.543440341949463,-0.3593677878379822,-4.967277526855469,-0.003922889940440655,-0.599876344203949,0.038345370441675186,0.7991636991500854,orbslam3_map,camera_color_optical_frame
1723528346.2236438,4.534143447875977,-0.35878831148147583,-4.9643144607543945,-0.0032646111212670803,-0.5993262529373169,0.0384579598903656,0.7995738983154297,orbslam3_map,camera_color_optical_frame
1723528346.2903244,4.515050888061523,-0.35878631472587585,-4.9581379890441895,-0.002769388258457184,-0.598351776599884,0.03886176645755768,0.8002857565879822,orbslam3_map,camera_color_optical_frame
1723528346.3236651,4.5052103996276855,-0.3584771454334259,-4.955056190490723,-0.002601782325655222,-0.5976659059524536,0.038855601102113724,0.8007989525794983,orbslam3_map,camera_color_optical_frame
1723528346.423685,4.477371692657471,-0.3575552999973297,-4.944510459899902,-0.0031343933660537004,-0.5961867570877075,0.03858407959342003,0.8019120097160339,orbslam3_map,camera_color_optical_frame
1723528346.490365,4.457220077514648,-0.356677383184433,-4.938449859619141,-0.0029636425897479057,-0.594914972782135,0.03764205425977707,0.8029013872146606,orbslam3_map,camera_color_optical_frame
1723528346.5570447,4.439366817474365,-0.3563297688961029,-4.931906223297119,-0.0028387545607984066,-0.5940254926681519,0.03774695470929146,0.8035551905632019,orbslam3_map,camera_color_optical_frame
1723528346.657064,4.4123101234436035,-0.355800986289978,-4.922842025756836,-0.0031165534164756536,-0.59231036901474,0.037438035011291504,0.8048335909843445,orbslam3_map,camera_color_optical_frame
1723528346.723743,4.394174575805664,-0.3556029796600342,-4.915599822998047,-0.003492418909445405,-0.591237485408783,0.03782578930258751,0.805602490901947,orbslam3_map,camera_color_optical_frame
1723528346.8237603,4.36806058883667,-0.35458165407180786,-4.907817363739014,-0.003955391235649586,-0.5896528363227844,0.037141770124435425,0.806792676448822,orbslam3_map,camera_color_optical_frame
1723528346.8570998,4.358457565307617,-0.3541688919067383,-4.904991626739502,-0.004158762749284506,-0.5892773270606995,0.03686142712831497,0.8070788383483887,orbslam3_map,camera_color_optical_frame
1723528346.9237778,4.341543674468994,-0.35396939516067505,-4.897706031799316,-0.004524092189967632,-0.588502049446106,0.03736121207475662,0.8076193332672119,orbslam3_map,camera_color_optical_frame
1723528346.9571161,4.33237361907959,-0.3539646863937378,-4.894372463226318,-0.004643184598535299,-0.5879441499710083,0.037361811846494675,0.8080248832702637,orbslam3_map,camera_color_optical_frame
1723528347.0237937,4.309943199157715,-0.353448748588562,-4.887341022491455,-0.005185199435800314,-0.586674690246582,0.037776678800582886,0.8089246153831482,orbslam3_map,camera_color_optical_frame
1723528347.0904708,4.293059349060059,-0.3530636727809906,-4.8806376457214355,-0.005482060369104147,-0.5856400728225708,0.03826838731765747,0.8096488118171692,orbslam3_map,camera_color_optical_frame
1723528347.1571476,4.275326251983643,-0.35248011350631714,-4.8742523193359375,-0.005802493076771498,-0.5846489071846008,0.0381004624068737,0.8103705048561096,orbslam3_map,camera_color_optical_frame
1723528347.1904862,4.267052173614502,-0.35260745882987976,-4.871124267578125,-0.005603668745607138,-0.5842536687850952,0.03854430094361305,0.8106359243392944,orbslam3_map,camera_color_optical_frame
1723528347.2571626,4.248459815979004,-0.3517141044139862,-4.864935874938965,-0.0056500122882425785,-0.5831223726272583,0.0384802483022213,0.8114528059959412,orbslam3_map,camera_color_optical_frame
1723528347.2905002,4.240876197814941,-0.3515458405017853,-4.861195087432861,-0.005942138843238354,-0.5828079581260681,0.03851597383618355,0.8116748929023743,orbslam3_map,camera_color_optical_frame
1723528347.3571758,4.222798824310303,-0.3505244851112366,-4.854346752166748,-0.006115117110311985,-0.5818448662757874,0.03837575763463974,0.8123708963394165,orbslam3_map,camera_color_optical_frame
1723528347.3905141,4.213897705078125,-0.3504509925842285,-4.851459503173828,-0.005933602340519428,-0.5812439322471619,0.03833891823887825,0.8128040432929993,orbslam3_map,camera_color_optical_frame
1723528347.4238513,4.204856872558594,-0.3502955138683319,-4.848100662231445,-0.0065935589373111725,-0.5809324383735657,0.03788810595870018,0.8130427598953247,orbslam3_map,camera_color_optical_frame
1723528347.490526,4.187276840209961,-0.34967294335365295,-4.84166145324707,-0.006466388236731291,-0.5801480412483215,0.03744307532906532,0.8136242628097534,orbslam3_map,camera_color_optical_frame
1723528347.557201,4.170007228851318,-0.34940671920776367,-4.835644721984863,-0.006761898286640644,-0.5792052149772644,0.03718316927552223,0.814305305480957,orbslam3_map,camera_color_optical_frame
1723528347.5905385,4.161359786987305,-0.34958213567733765,-4.831870079040527,-0.007040709722787142,-0.5788320302963257,0.03693787381052971,0.8145793080329895,orbslam3_map,camera_color_optical_frame
1723528347.6572125,4.142952919006348,-0.3482751250267029,-4.824940204620361,-0.006869232747703791,-0.5778441429138184,0.03672323748469353,0.8152916431427002,orbslam3_map,camera_color_optical_frame
1723528347.7238865,4.125674247741699,-0.34838229417800903,-4.8191609382629395,-0.006812441162765026,-0.5768752694129944,0.036034949123859406,0.8160085678100586,orbslam3_map,camera_color_optical_frame
1723528347.7905598,4.107940673828125,-0.3476830720901489,-4.811851978302002,-0.007048712577670813,-0.5763753056526184,0.036095790565013885,0.8163571357727051,orbslam3_map,camera_color_optical_frame
1723528347.823896,4.099353313446045,-0.34808868169784546,-4.808386325836182,-0.0072603351436555386,-0.5761250853538513,0.0365966260433197,0.8165096044540405,orbslam3_map,camera_color_optical_frame
1723528347.8905687,4.082432746887207,-0.34716108441352844,-4.800584316253662,-0.00745404651388526,-0.5753340125083923,0.03733723610639572,0.8170319199562073,orbslam3_map,camera_color_optical_frame
1723528347.9239056,4.0738115310668945,-0.34687483310699463,-4.797114849090576,-0.007509949151426554,-0.5749559998512268,0.037748608738183975,0.8172785639762878,orbslam3_map,camera_color_optical_frame
1723528347.9572413,4.0655517578125,-0.3467731773853302,-4.793792724609375,-0.007671182043850422,-0.574586033821106,0.037781115621328354,0.8175356984138489,orbslam3_map,camera_color_optical_frame
1723528348.0239418,4.046440601348877,-0.3462260365486145,-4.786592483520508,-0.0076817236840724945,-0.5739604830741882,0.03786678984761238,0.8179709315299988,orbslam3_map,camera_color_optical_frame
1723528348.0906427,4.028944969177246,-0.3455672264099121,-4.780345439910889,-0.007576305419206619,-0.5733250975608826,0.037761036306619644,0.818422257900238,orbslam3_map,camera_color_optical_frame
1723528348.190695,4.003056526184082,-0.3444087505340576,-4.770352363586426,-0.006798168644309044,-0.57235187292099,0.03755723685026169,0.819119393825531,orbslam3_map,camera_color_optical_frame
1723528348.2240453,3.994817018508911,-0.3443085849285126,-4.766943454742432,-0.0064530945383012295,-0.5719729065895081,0.0377221405506134,0.8193792700767517,orbslam3_map,camera_color_optical_frame
