timestamp_s,x_m,y_m,z_m,qx,qy,qz,qw
1723528213.2627504,0.0,0.0,0.0,-0.5000000000000001,-0.5,0.5,0.5
1723528213.3627958,0.0007249551126733422,-1.2843592230638112e-05,0.0007398578454740345,0.5000198008838203,0.500003187390127,-0.4999919549341129,-0.49998505610166255
1723528213.4294932,-0.00030879938276484614,-0.00034504613722674543,0.0004296791448723525,-0.500042569362771,-0.4999942004517019,0.49995432229620596,0.5000089038778043
1723528213.4628422,-0.0002772934385575355,-0.0010093034943565726,0.0005887183942832053,-0.5000307154437597,-0.5000136968334451,0.49992569075402726,0.5000298894224848
1723528213.5295396,-0.0003528328961692752,-0.001193043659441173,0.0015322744147852063,-0.500070165273626,-0.5000497711503689,0.4998512029795837,0.5000288302243534
1723528213.629585,0.0006360733532346785,-0.00042054936056956654,0.0010693264193832874,-0.5000445519227011,-0.4999838239565716,0.4999680630400575,0.5000035578015044
1723528213.6962826,0.0002291514392709359,-0.00047115143388509756,0.0015290511073544621,0.5000893521625114,0.49998855666696546,-0.4999654660590841,-0.4999566139217355
1723528213.76298,0.00017640137230046085,-0.0006164495134726167,0.0009735232451930642,0.5001090667769224,0.4999748752003296,-0.4999538730397059,-0.499962168897336
1723528213.8296773,-0.00034375116229057323,-0.0009648687555454671,0.0017135151429101825,0.5001269775773501,0.49994540573703466,-0.4999890956355623,-0.4999384980448187
1723528213.896375,-0.0003067551879212261,-0.0004071658477187156,0.0005508573376573622,0.5000967882412265,0.4999335895864338,-0.5000127763863843,-0.49995682998076224
1723528213.9630728,-0.00026329094544053083,-0.00036370425368659193,0.0021011154167354107,0.5001651765100745,0.4999476917748716,-0.4999859198955188,-0.4999011718348498
1723528214.0297618,-0.0008053987403400243,-0.0006546291988342999,0.0023617215920239687,0.5002050112779634,0.49991334495135253,-0.5000066992097877,-0.49987487932211144
1723528214.0964427,-0.0009184718946926297,-0.00045597090502269555,0.0013701749267056584,0.5001355872726877,0.49992824402047287,-0.5000063559572695,-0.4999297842460904
1723528214.1631234,-0.00021374736388679588,0.0004164925776422024,0.00237292586825788,0.5002365133847795,0.4998593510659223,-0.5000986643981407,-0.49980534780631397
1723528214.1964643,5.282235360937195e-05,0.00017284729983657598,0.0024128896184265614,0.50026391891126,0.4998285055088112,-0.5000901774562978,-0.4998172575332962
1723528214.2631447,0.0014766146196052432,0.0008611226221546529,0.0034604589454829693,0.5003055198202495,0.4998225342236422,-0.5000911633562239,-0.49978060131688234
1723528214.3298247,-4.981397432857183e-05,0.0008075914229266346,0.003333045169711113,0.5003533561501878,0.4997679208851826,-0.5001745556415922,-0.4997038704393645
1723528214.3965046,0.0013598354998975992,0.00040048838127404435,0.0032099245581775904,0.5003325530390373,0.49976349954925636,-0.5001641415068594,-0.4997395446014112
1723528214.4965234,-0.00028072283021174366,0.00048778447671793407,0.002803172217682004,0.500328798002457,0.4997725940957542,-0.5001765520259139,-0.49972178748147983
1723528214.5632026,-0.00021496055705938477,0.0008148026536218822,0.002226686803624034,0.500269247225143,0.4997763200826742,-0.5001787102874494,-0.4997755175482218
1723528214.6632214,-6.466265040216946e-05,0.0017478957306593657,0.0031621854286640882,0.5003816790861203,0.49973501971780193,-0.5002252783629257,-0.4996576389782673
1723528214.7299,0.000169823062606156,0.0010440938640385866,0.0022130149882286787,0.5003300389713069,0.49967762081026,-0.5002036165858835,-0.4997884245546019
1723528214.7965784,2.2519921913044554e-05,0.00022362303570844233,0.0025426335632801056,0.5003148603094852,0.4997666222394488,-0.5001402150245456,-0.49977807991554973
1723528214.8632562,0.0006647338159382344,0.0012962778564542532,0.0029368363320827484,0.500335470249099,0.49976502100814413,-0.5001861145860468,-0.4997131094564723
1723528214.929934,-0.0007125039119273425,-0.000623957545030862,0.003897921647876501,0.5004392565858327,0.4997250973074001,-0.5001621103751002,-0.49967313409273345
1723528214.9966118,0.0005799902137368917,0.0002118705597240477,0.0028804501052945852,0.5003137547481218,0.49976273197658944,-0.500160621844497,-0.4997626545604004
1723528215.02996,-5.1824219553964206e-05,6.154320726636797e-05,0.0032842501532286406,0.5003713280214065,0.4997254121901859,-0.5001895618175188,-0.499713366595533
1723528215.0966575,0.0006890697986818849,-0.0006612309371121229,0.002083411207422614,0.5002535574681415,0.4997602611036002,-0.5001566624973983,-0.4998293434979524
1723528215.1633549,0.00038538663648068905,1.449329602110036e-06,0.0027288731653243303,0.5003111044034184,0.49975982935848934,-0.5001578238920539,-0.4997710105335948
1723528215.2300527,0.00027583743212744604,0.000912270974367857,0.0026294621638953686,0.5002511199917681,0.49984638993571134,-0.5001433499461625,-0.4997589748267147
1723528215.3634481,0.001042580115608871,0.00016722865984775112,0.002422412158921361,0.5002455811504053,0.4997941535711412,-0.5001316387936879,-0.49982847705301847
1723528215.4301462,0.0011435234919190407,-0.00044064564281143264,0.0024845153093338013,0.5002253377776292,0.4997577700019413,-0.5002072119344781,-0.4998094916032305
1723528215.496844,-0.0001440634368918837,-0.000716394220944494,0.00144224613904953,-0.5001398221072005,-0.4997869825102261,0.5002223709569941,0.49985068775591796
1723528215.5635424,-0.0016662530833855271,-0.0005556124961003659,0.0013111288426443934,-0.500163750234274,-0.4998159349567211,0.5002219274280191,0.49979823672670487
1723528215.596892,-0.0014483585255220535,-0.001354723237454891,0.002206773031502962,0.5002353686543588,0.4997994004920599,-0.5001977982512669,-0.4997672436640883
1723528215.6635904,-0.002069848356768489,-0.0015095400158315895,0.0020102807320654392,-0.5002481281994086,-0.4997834355808829,0.5002482726635462,0.4997199150014896
1723528215.6969392,-0.003463930916041136,-0.0010928898118436332,0.0025247610174119473,-0.5001616570172823,-0.49989310064365705,0.5002348448432723,0.4997102208112463
1723528215.7636375,-0.0037643634714186196,-0.0018360076937824483,0.001402066322043538,-0.5000366932239476,-0.49996420172387995,0.5002599343828689,0.4997390323714078
1723528215.8303363,-0.006376767065376043,-0.002064359374344348,0.0010484015801921487,-0.5000540431435455,-0.4999548197206551,0.5003132016683901,0.4996777285513187
1723528215.8636863,-0.007231520488858223,-0.0019465385703369966,0.0006527769728563726,-0.5000457870544949,-0.49994062301456654,0.5003870118582131,0.4996262830080765
1723528215.963734,-0.009137120097875595,-0.0008415186312049616,0.001952204736880958,-0.5000449757645687,-0.5000119918126916,0.5005492732516318,0.49939308695994206
1723528216.0304317,-0.01175167877227068,-0.0010508667910471543,0.0005228945519775152,-0.49995453880673396,-0.5000601741297945,0.500622347794062,0.4993621393988404
1723528216.063781,-0.011310447007417679,-0.00017034776101354371,-0.0003456445410847664,-0.4997956193305605,-0.5001719387270478,0.5006794086238348,0.49935208058853137
1723528216.1971753,-0.01492215134203434,-0.003549077315255998,5.805730324937031e-05,-0.49974541078519685,-0.5002749751786845,0.5006716239227306,0.49930691824535894
1723528216.2305233,-0.017767801880836487,-0.0030913397204130866,-0.00021851769997738302,-0.49972738457010024,-0.5003262505038863,0.5007229372906346,0.49922211913985626
1723528216.2972205,-0.021662766113877296,-0.002144875936210153,-0.0013268926413729787,-0.49956762686979295,-0.5004168276379177,0.5008321301278365,0.49918169260510725
1723528216.3305697,-0.023846441879868507,-0.0023462180979549854,-0.0024638932663947344,-0.499522285290174,-0.5004232590274047,0.5009123740700211,0.49914010240253015
1723528216.397267,-0.023987431079149246,-0.004001514520496127,-3.025353726116009e-05,-0.49958999830122125,-0.5004716837188208,0.5009613581735751,0.49897459355153695
1723528216.4639642,-0.024792583659291267,-0.004835331346839663,-0.0016649370081722736,-0.49943695374579405,-0.5005013082626633,0.5010595619847572,0.4989994839718047
1723528216.5306618,-0.02783585526049137,-0.004748838953673836,-0.0006969411624595523,-0.499414922730762,-0.5005744755378565,0.5011422392065131,0.49886509747316354
1723528216.5973594,-0.03232736885547638,-0.004343444015830751,-0.0024292392190545797,-0.4992260604747685,-0.5006973337516524,0.5012550238886462,0.4988175232920572
1723528216.664057,-0.03348950669169426,-0.004283334594219919,-0.002316621830686927,-0.49915554998102646,-0.5007578603654065,0.5013623441546453,0.4987194622923375
1723528216.7307546,-0.03768095746636391,-0.005105394404381509,-0.0023772623389959335,-0.49921246172872125,-0.5007995827205629,0.5014645637403535,0.49851779036896693
1723528216.7974522,-0.040920332074165344,-0.004129998385906214,-0.0022501300554722548,-0.49926871528408145,-0.500790530307632,0.5016799556563954,0.49825376745728767
1723528216.86415,-0.043829455971717834,-0.005827500950545067,-0.003210790455341339,-0.49908195234799846,-0.5008905429332385,0.5017095551268802,0.498310536849206
1723528216.930848,-0.04635188356041908,-0.004653341136872762,-0.0025266683660447598,-0.4989663918522752,-0.5010354001042081,0.5018129640784924,0.4981764915440065
1723528216.9975455,-0.049259427934885025,-0.005866474937647575,-0.0012665215181186795,-0.49892776289967106,-0.5011643000743771,0.5018229402991257,0.49807546449150625
1723528217.0642688,-0.05032811686396599,-0.007067051716148847,-0.002621000399813056,-0.498730701562357,-0.5012138672133776,0.5018898567059991,0.49815551624744814
1723528217.1643531,-0.05831165984272957,-0.005944331176578992,-0.0030661174096167088,-0.4985740468338612,-0.5014070517891043,0.5021242673614024,0.4978816208363593
1723528217.1977158,-0.05896976962685585,-0.006347026675939553,-0.0030595615971833467,-0.49841645107976684,-0.5015011367737199,0.5021733895932357,0.4978951073189587
1723528217.2644398,-0.062423866242170334,-0.008012216538190835,-0.004979056306183338,-0.49830374527065435,-0.5016058289894426,0.5022804736120313,0.49779443106680743
1723528217.2978015,-0.06512939184904099,-0.0080414805561304,-0.003455299651250243,-0.49834220976839466,-0.5016552071114484,0.5023165147480193,0.4976697842470711
1723528217.364526,-0.06881524622440338,-0.008979973383247844,-0.005467684008181095,-0.49825199111131707,-0.5017098958176819,0.5024667989754549,0.4975532631986033
1723528217.431251,-0.0719766840338707,-0.009528997354209414,-0.004939790349453688,-0.49813133045092467,-0.5017574231023804,0.5026316304059206,0.4974596567565422
1723528217.4979765,-0.07749322801828384,-0.009528930298984042,-0.006332836579531431,-0.4980216158494925,-0.5019028199262152,0.5027256295030101,0.4973278304474586
1723528217.5647023,-0.08103419095277786,-0.010284624062478532,-0.0060533382929861546,-0.4979552818478656,-0.5019634038631379,0.5028189229998299,0.4972387848259992
1723528217.6314287,-0.0827215239405632,-0.009763679467141618,-0.005049470812082291,-0.4978375612033358,-0.5021582655429734,0.502947165062859,0.49703016825663715
1723528217.6981552,-0.08697881549596786,-0.010096436366438855,-0.005476860795170069,-0.49773259702747025,-0.5022354415724436,0.5031246768046633,0.4968776335024807
1723528217.764882,-0.08893649280071259,-0.00934679340571164,-0.0037949683610349894,-0.4977858523835165,-0.5022703391628389,0.5032445001416544,0.49666761988400143
1723528217.8316092,-0.09539607912302017,-0.012463919818401325,-0.007452904246747494,-0.4975719148419592,-0.5024245894478161,0.5031989569612518,0.49677211193041837
1723528217.8983371,-0.09648203104734421,-0.013337648473680007,-0.008788513019680977,-0.49740758352587605,-0.5025159306106763,0.5033516422974396,0.4966896007869553
1723528217.965065,-0.10067042708396912,-0.01313593331724404,-0.007412119768559933,-0.4973920496634893,-0.5026111803342124,0.5034925141408049,0.4964659490224624
1723528218.098462,-0.10883019864559174,-0.013720635324716554,-0.008580799214541912,-0.49723530164746027,-0.5027820138698226,0.5037376563965675,0.49620124430784973
1723528218.1651459,-0.11203870922327042,-0.012215673923492418,-0.008261466398835182,-0.4971678748501534,-0.5028751854167144,0.5038928039141466,0.4960168286183713
1723528218.1984882,-0.11331470310688019,-0.011983532458543764,-0.007277940399944782,-0.4971501625483694,-0.5029931498659994,0.5038679206982571,0.4959402439379415
1723528218.23183,-0.11533106863498688,-0.023245221003890024,-0.010377601720392704,-0.49709234448794787,-0.5028191567122218,0.5035899937432586,0.49645665963541097
1723528218.2985134,-0.11850506067276001,-0.024097699671983705,-0.01216170098632574,-0.49696774694031587,-0.5028303275672333,0.5037493220688792,0.49640844140167445
1723528218.3318553,-0.12073174118995667,-0.023755446076393114,-0.01099236961454153,-0.49704661405740275,-0.5028804859056161,0.5038272008561885,0.4961995889023093
1723528218.43188,-0.12429455667734146,-0.024187564849853502,-0.011393624357879162,-0.49692285734409786,-0.5029875316747003,0.5040490053080157,0.49598973485019826
1723528218.498563,-0.12999193370342255,-0.025386329740285856,-0.011288681998848915,-0.4969197095866218,-0.5030372449065944,0.5041591171387819,0.49583053260864685
1723528218.531905,-0.13165901601314545,-0.024651216343045217,-0.010998163372278214,-0.49682931873622876,-0.5031441662107984,0.5042288197311393,0.49574174063183096
1723528218.5985878,-0.13586337864398956,-0.025500198826193792,-0.011789646930992603,-0.49666804782644614,-0.503218353526417,0.5044260602754275,0.4956273687534213
1723528218.6652706,-0.14288051426410675,-0.024380119517445547,-0.01259471382945776,-0.496429969579009,-0.5033447771863843,0.5046994071475134,0.49545921023624323
1723528218.7319531,-0.14933975040912628,-0.024553053081035597,-0.010435370728373528,-0.4963317054275712,-0.5034921401187358,0.5048848352322188,0.4952189477176224
1723528218.831976,-0.1614927500486374,-0.027204848825931528,-0.01612689718604088,-0.4957895302725798,-0.5035543512524624,0.5055151766702113,0.4950557172307898
1723528218.898658,-0.17228049039840698,-0.02181456610560415,-0.011263963766396046,-0.49547291659059334,-0.5041234876041908,0.5060444530834335,0.4942520709865433
1723528218.9319997,-0.17849285900592804,-0.02239059656858442,-0.011531878262758255,-0.4952823335060891,-0.5042463730694848,0.5062010494044056,0.49415736657962694
1723528218.9986815,-0.1894523948431015,-0.02254158072173593,-0.013045178726315498,-0.49495496662455846,-0.5045507206713358,0.5066793243551567,0.4936843258143002
1723528219.0653808,-0.20410190522670746,-0.025455277413129782,-0.012828577309846878,-0.4946852042771393,-0.5049697919427568,0.5070993247264173,0.49309464888252996
1723528219.1320975,-0.21956302225589752,-0.028765961527824374,-0.014731630682945251,-0.49411833254996573,-0.5054637563575578,0.5075286354056475,0.4927150786105802
1723528219.1654556,-0.22908012568950653,-0.027923550456762286,-0.014850799925625324,-0.4938642474229146,-0.505764850554019,0.5078431050269858,0.4923366751908889
1723528219.2655323,-0.2593848407268524,-0.03053719550371167,-0.01781897246837616,-0.4930247200141357,-0.5066734406443921,0.5087306793033579,0.49132651662219573
1723528219.3322496,-0.2800072431564331,-0.03462678194046017,-0.019979530945420265,-0.49250648736617936,-0.5071992490035416,0.509318360886464,0.4906944965825441
1723528219.3989677,-0.30607837438583374,-0.03816633298993107,-0.02246442809700966,-0.49172849958411624,-0.5079155108209522,0.5099582951140265,0.49006882558334647
1723528219.4656856,-0.32785844802856445,-0.04129974171519275,-0.023022565990686417,-0.4912452902721685,-0.5085227839723125,0.5106436375356395,0.48920927874564296
1723528219.4990444,-0.34101739525794983,-0.04003883898258205,-0.02216772735118866,-0.4910685386041607,-0.5088991236809046,0.5110206670713544,0.4886013202355572
1723528219.5657632,-0.36931541562080383,-0.045574601739644956,-0.02539723925292492,-0.4903644120837572,-0.5095641675304678,0.5116965502396336,0.48790751480540917
1723528219.632482,-0.3945954740047455,-0.04870208352804179,-0.025737622752785683,-0.48969987421887373,-0.5102661785180923,0.5125027526373206,0.48699423896975524
1723528219.699201,-0.4248230457305908,-0.049821417778730344,-0.02828085981309414,-0.4890135713779872,-0.5110187494542163,0.5134459013871242,0.4859000628351046
1723528219.799281,-0.4730945825576782,-0.05380329862236971,-0.031732894480228424,-0.48783925615197404,-0.5121703896316828,0.5147289923397903,0.4845084277765281
1723528219.866001,-0.5073444843292236,-0.05799984559416765,-0.03621532768011093,-0.4870529271424881,-0.5128722274087849,0.5156092249904328,0.4836203589794903
1723528219.9327211,-0.5377723574638367,-0.06541422754526131,-0.03521275520324707,-0.48640358749688173,-0.5137480831520601,0.5164119888616752,0.48248638829264007
1723528219.9994414,-0.5761054754257202,-0.06837198138236993,-0.03944455087184906,-0.48555098734397695,-0.5145698430004719,0.5174270711826447,0.48138066160899046
1723528220.0661492,-0.6165890097618103,-0.07235997170209878,-0.042689256370067596,-0.48488554312023957,-0.5153081394871951,0.5182726190355217,0.4803509381788453
1723528220.1328452,-0.6565694808959961,-0.07780359685420982,-0.04345761612057686,-0.4841124249730493,-0.5161260710416289,0.5189554523793771,0.4795146267045057
1723528220.1995409,-0.6906459331512451,-0.08517698198556892,-0.04621576517820358,-0.48327649047569715,-0.5169323279678817,0.5197434073925892,0.4786351350738274
1723528220.2662365,-0.7260546684265137,-0.09099092334508888,-0.04782840609550476,-0.48237390859269563,-0.5177622209544702,0.5205202118264377,0.4778037295181575
1723528220.3329322,-0.7630096077919006,-0.09312283247709265,-0.050014615058898926,-0.4815644040653108,-0.5186220595995196,0.5212469276257559,0.47689466811307984
1723528220.4329753,-0.8226989507675171,-0.10193423926830282,-0.05205617472529411,-0.4807109797897763,-0.5196107002866167,0.5220319889409402,0.4758195840647707
1723528220.4663236,-0.8397771716117859,-0.10337255895137777,-0.05331709235906601,-0.4803855108415635,-0.5199140369927681,0.5224462436130133,0.47536204901740386
1723528220.566367,-0.9008349776268005,-0.11214575171470631,-0.05570203438401222,-0.4792442095720994,-0.5210008109856595,0.5232969269106191,0.4743874669822137
1723528220.6330626,-0.9486584663391113,-0.12035861611366261,-0.059724368155002594,-0.47848329155973124,-0.5216289437464471,0.5238591536282378,0.4738444596109968
1723528220.766454,-1.038073182106018,-0.12831698358058916,-0.06462650746107101,-0.47742916493935056,-0.5226457311964533,0.5248178828073282,0.47272510194940215
1723528220.7998025,-1.0588667392730713,-0.1345083117485045,-0.06476332247257233,-0.47727916423472655,-0.5229170375606463,0.5249073202805118,0.4724771701702961
1723528220.8998456,-1.1278679370880127,-0.14029580354690538,-0.07133766263723373,-0.47659503384078866,-0.5234462725978969,0.5257043542811684,0.47169492822319553
1723528220.933194,-1.1552480459213257,-0.14399167895317064,-0.0694265142083168,-0.4765506138316995,-0.5236917903142121,0.5257189179660254,0.47145099480938324
1723528220.9998899,-1.1972261667251587,-0.15029893815517412,-0.0767592340707779,-0.4762595275336618,-0.523860242086371,0.5262732422199221,0.4709392569301835
1723528221.0665784,-1.2446774244308472,-0.15256661176681505,-0.0804872065782547,-0.4759710258299408,-0.5241545824005387,0.5266836202311977,0.4704443861914716
1723528221.0999181,-1.269697666168213,-0.1525460779666899,-0.0799708217382431,-0.4758343955514696,-0.5243709659759115,0.526978583976737,0.47001094676776434
1723528221.1665986,-1.3229753971099854,-0.16241385042667372,-0.08112218976020813,-0.47570224714480885,-0.524666878609158,0.5272205428781289,0.46954290295903056
1723528221.2332788,-1.3753857612609863,-0.16400530934333785,-0.08549369871616364,-0.47533864168882967,-0.5249236942221533,0.5277980869379524,0.4689749144530265
1723528221.299959,-1.4333550930023193,-0.1696325391530989,-0.08903462439775467,-0.47507165058928025,-0.5252720769848608,0.5280091250260993,0.46861768621719807
1723528221.3332992,-1.4605000019073486,-0.17579932510852797,-0.09137547016143799,-0.475037286898539,-0.5252843010829137,0.5281723554817628,0.4684548452057642
1723528221.466658,-1.5761955976486206,-0.1878964751958845,-0.09836716949939728,-0.47443630391497077,-0.5258239998337667,0.5289913492044941,0.467533386180206
1723528221.4999971,-1.6019313335418701,-0.18956784904003124,-0.09753323346376419,-0.47431255132583233,-0.5260431239197989,0.5291794425270764,0.467199478850535
1723528221.5666761,-1.6529743671417236,-0.19702735543251018,-0.10163654386997223,-0.47391212222161305,-0.5262772924504515,0.5296373962301255,0.46682302897029604
1723528221.600016,-1.6854785680770874,-0.2016080915927885,-0.10422059893608093,-0.47396271766378545,-0.5263754257342114,0.5298401782643016,0.466430743996083
1723528221.733373,-1.7987509965896606,-0.21570283174514748,-0.10747148096561432,-0.47300982954293846,-0.5270702131515732,0.5304528886992722,0.4659167569799492
1723528221.800051,-1.870070457458496,-0.2207956016063688,-0.1135050356388092,-0.472453013469935,-0.5275922120036413,0.5307614151690817,0.4655393947497851
1723528221.8667288,-1.934662103652954,-0.2348663210868833,-0.11966416984796524,-0.47194945272246874,-0.5278013252949849,0.5309584796417036,0.4655884104962136
1723528221.900067,-1.9672929048538208,-0.24340957403182958,-0.12266357988119125,-0.47168303325622735,-0.5278793638267298,0.53113976702619,0.4655631442322902
1723528221.9667447,-2.0329787731170654,-0.2522219717502592,-0.12689341604709625,-0.4713479450517276,-0.5280717140499861,0.5313671126184888,0.4654249360995964
1723528222.066765,-2.132990598678589,-0.2652094066143033,-0.13387073576450348,-0.47096225592899343,-0.5280870759912779,0.5320022138140872,0.4650722934750747
1723528222.1334507,-2.2055559158325195,-0.27234926819801303,-0.14139367640018463,-0.47057088151841775,-0.5280418208487224,0.5324092036894247,0.46505410516254775
1723528222.166793,-2.238461494445801,-0.2756869494915006,-0.1422124058008194,-0.47032381910681476,-0.5280604276106445,0.5325916325448204,0.46507401874936694
1723528222.2668219,-2.337789297103882,-0.29440304636955233,-0.14822861552238464,-0.47004346313080997,-0.5282293993735669,0.5326514958313614,0.4650970096593281
1723528222.3668497,-2.447798013687134,-0.30961894989013644,-0.15883135795593262,-0.46969936792993683,-0.5288450065710317,0.5320163932879219,0.46547182520966224
1723528222.4335349,-2.525765895843506,-0.31918004155158963,-0.16467174887657166,-0.4694361954687794,-0.5293458945480161,0.5315029850892894,0.46575439788598155
1723528222.466878,-2.560906410217285,-0.3251947760581967,-0.16415490210056305,-0.4696633873135013,-0.5295858996531315,0.5311545454911071,0.46565000409097723
1723528222.533563,-2.6352806091308594,-0.33102416992187467,-0.16672910749912262,-0.4698363780576918,-0.5298135398666106,0.5306405973688033,0.4658024766483329
1723528222.600248,-2.715766668319702,-0.3435842990875241,-0.17708466947078705,-0.470282394541703,-0.5296699362690465,0.5304972174179708,0.4656789992136822
1723528222.6669328,-2.8020730018615723,-0.3562090694904324,-0.18900249898433685,-0.4702577327380655,-0.52981574065608,0.5301958627443478,0.4658812003954231
1723528222.7669597,-2.928793430328369,-0.3681215643882748,-0.1972079575061798,0.4708918661162212,0.5298786482389304,-0.5297443957619631,-0.4656826641875983
1723528222.8336442,-3.013678789138794,-0.3791410028934475,-0.20335181057453156,0.47125144970249916,0.5297791523210074,-0.5294967287629997,-0.465713791022566
1723528222.9003289,-3.095594644546509,-0.38676947355270347,-0.21282950043678284,0.4714664895161793,0.5298176824401108,-0.5292625797459951,-0.46571847109352926
1723528222.9670131,-3.1766488552093506,-0.3981735706329342,-0.2155592292547226,0.47167505531894777,0.5298175156210296,-0.5288756875156612,-0.4659469384874896
1723528223.0336974,-3.2624874114990234,-0.40825074911117515,-0.21953290700912476,0.47178355324341614,0.5298193901312072,-0.5287488190145401,-0.46597894707888
1723528223.1003816,-3.352983236312866,-0.4167265594005581,-0.22630973160266876,0.47211457890188624,0.5295497378957528,-0.5285509808570806,-0.4661746026092072
1723528223.133724,-3.3962438106536865,-0.42043569684028587,-0.22627750039100647,0.4721100151697556,0.5295459396275229,-0.5285455983579516,-0.466189641516038
1723528223.200408,-3.481008291244507,-0.4285989105701442,-0.23277507722377777,0.4724783066134749,0.5293992008828713,-0.5285084949070015,-0.46602522109364053
1723528223.2670918,-3.5658750534057617,-0.4425779283046718,-0.23982755839824677,0.4727231635451401,0.5292605790290079,-0.5281584500383547,-0.4663311074621091
1723528223.300433,-3.6085731983184814,-0.44277036190032915,-0.24496203660964966,0.47272876152897186,0.5291784403914654,-0.5282765988530949,-0.46628481784457365
1723528223.4671419,-3.809563159942627,-0.45735973119735673,-0.255057692527771,0.4728191334119244,0.5287628656811261,-0.5282129059672126,-0.46673656909005196
1723528223.5004828,-3.8588733673095703,-0.4589906930923457,-0.25943511724472046,0.47271183925412597,0.5287247231242244,-0.5284907995867758,-0.46657385153727193
1723528223.5671656,-3.9526185989379883,-0.47463324666023204,-0.2652643918991089,0.4724869018206122,0.5288307350517162,-0.5281126699826578,-0.4671093973325832
1723528223.6671903,-4.0669755935668945,-0.4890286624431605,-0.268689900636673,0.4725082072299562,0.5291996167721605,-0.5274148822538527,-0.46745834219284815
1723528223.7005312,-4.115472793579102,-0.4924473464488978,-0.2710779905319214,0.4726489433293128,0.5293185800898929,-0.5272741495100978,-0.4673401206826853
1723528223.7672138,-4.207242965698242,-0.5094643235206598,-0.27880290150642395,0.47263863205461193,0.5297763403436638,-0.5265256966166935,-0.4676755750559627
1723528223.8005555,-4.250185489654541,-0.5066210627555842,-0.28350862860679626,0.4723297151780772,0.5301951648897368,-0.526443516452489,-0.4676055509427571
1723528223.8672376,-4.337932109832764,-0.5250042080879206,-0.2909424901008606,0.4725463329451744,0.5301615853758123,-0.5258580148345984,-0.4680833310918997
1723528223.9339197,-4.435716152191162,-0.5261546969413752,-0.2955736517906189,0.4726892790556019,0.5298460406946007,-0.5259602934222909,-0.46818136268895677
1723528224.1006286,-4.686357021331787,-0.5571878552436823,-0.3144269287586212,0.4721071270580457,0.5287301629947077,-0.5262180010633448,-0.4697381086067915
1723528224.1339722,-4.738249778747559,-0.5594790577888483,-0.31766363978385925,0.4720786835539761,0.5284944001216202,-0.5264746606810125,-0.4697444169278082
1723528224.2006583,-4.8446197509765625,-0.5741115212440485,-0.31784719228744507,0.472228196152065,0.5281585690902004,-0.5264609772129912,-0.4699871233635038
1723528224.2340012,-4.894843578338623,-0.5728038549423212,-0.324491947889328,0.4723084174841073,0.5280333869048093,-0.5264948910285815,-0.4700091816212705
1723528224.300687,-4.997332572937012,-0.5853397846221917,-0.3335757851600647,0.47221324237282075,0.5275930178590248,-0.5264032617627039,-0.47070146296749554
1723528224.4007165,-5.145505428314209,-0.6097045540809625,-0.3438229560852051,0.47275796087456656,0.5274528743356276,-0.5260394115008469,-0.47071850753146444
1723528224.4674022,-5.258113384246826,-0.62031602859497,-0.35353562235832214,0.4727569984026259,0.5272235944963041,-0.5261109232435768,-0.47089637746698326
1723528224.5007446,-5.312926769256592,-0.6197552680969232,-0.3554333746433258,0.4729588767019527,0.5269479395765783,-0.5263119884303273,-0.47077750664123824
1723528224.56743,-5.4325385093688965,-0.6228223443031304,-0.36221855878829956,0.4727243637778246,0.5267314160526746,-0.5265388596999462,-0.4710016140735355
1723528224.6341155,-5.528345108032227,-0.6360899806022637,-0.3696999251842499,-0.47256631713738106,-0.526217203274271,0.5266539576816885,0.4716059157216237
1723528224.7008007,-5.649736404418945,-0.6402443647384637,-0.37142693996429443,-0.4724965234362771,-0.526008112477976,0.5267060437573851,0.47185087095122796
1723528224.7674859,-5.741278171539307,-0.663147866725921,-0.3802570700645447,-0.4721686954204539,-0.525858129532428,0.526342396873686,0.47275113106460787
1723528224.8008287,-5.801433563232422,-0.6642859578132623,-0.3791881501674652,-0.4723539268164416,-0.5256039873265249,0.526760047949702,0.4723833911258668
1723528224.9008555,-5.971044540405273,-0.6805639266967766,-0.39633604884147644,-0.47164316278379803,-0.5252183882974911,0.5267175392679764,0.47356837459966605
1723528224.9675405,-6.084939002990723,-0.6925978660583488,-0.40540364384651184,-0.4712566477149869,-0.5249976798883341,0.5267881250709442,0.47411905612465977
1723528225.0342252,-6.200607776641846,-0.7044807076454155,-0.410923570394516,-0.4708535557573351,-0.5250913376043912,0.5266563727721629,0.4745619888086002
1723528225.100912,-6.309349536895752,-0.723979711532592,-0.42027926445007324,-0.4704364144819743,-0.5252061597383713,0.5265688018442086,0.474945645970748
1723528225.1675985,-6.408137321472168,-0.7401204705238335,-0.4296174943447113,-0.47048630183551526,-0.525204432325658,0.5267356584201669,0.474713060910796
1723528225.234285,-6.5184712409973145,-0.7535004019737236,-0.4365115761756897,-0.47092711969212814,-0.5251549994561,0.5264340197702572,0.4746652476359187
1723528225.334315,-6.692366600036621,-0.7718518972396843,-0.44606274366378784,-0.4716806234122149,-0.5252559264628105,0.526228880212671,0.4740324533650387
1723528225.4010012,-6.809032440185547,-0.7872275114059439,-0.45401835441589355,-0.47158502446535366,-0.5252888646098288,0.5262989540486867,0.47401327448098657
1723528225.4676871,-6.916502952575684,-0.8005640506744376,-0.45984187722206116,-0.4715076502909868,-0.525545621674014,0.5262836238309014,0.4738226277245115
1723528225.534373,-7.037552356719971,-0.8068016171455374,-0.4625702500343323,-0.47156169089452554,-0.5259214976030481,0.5265393877241266,0.47306703881666173
1723528225.6344008,-7.214433670043945,-0.8238952755928031,-0.47480812668800354,-0.47120790283743924,-0.5264478337858309,0.5268294868968061,0.4725108277508533
1723528225.7010863,-7.325088024139404,-0.8371090888977042,-0.48258596658706665,-0.47134237625803116,-0.526664748885016,0.5271834100722667,0.4717396090746377
1723528225.7677717,-7.438363552093506,-0.8581090569496146,-0.49090802669525146,-0.47149174672987954,-0.5268150787251669,0.527349355171246,0.47123673795012455
1723528225.8344567,-7.55338716506958,-0.8930096030235282,-0.5078858137130737,-0.47092744253365865,-0.5273077473824017,0.5276937212127271,0.4708643329154052
1723528225.901142,-7.665007591247559,-0.9008605480194083,-0.5083954334259033,-0.4703552961777777,-0.5280100932324523,0.5280306701566612,0.4702710369309166
1723528225.9678266,-7.768713474273682,-0.9123325347900381,-0.512743353843689,-0.4696222756562106,-0.5282897367873985,0.5287991709289646,0.46982582840604137
1723528226.0345113,-7.880119800567627,-0.9223937392234792,-0.5146705508232117,-0.4682319849538573,-0.52888550634417,0.5295084384299139,0.4697443379932915
1723528226.0678544,-7.939459800720215,-0.9416537880897512,-0.5202804207801819,-0.46795045766846877,-0.5287022549192991,0.5297929865281954,0.4699102959466356
1723528226.1345391,-8.03488540649414,-0.957736611366271,-0.536914587020874,-0.4664084535338777,-0.5283253242486875,0.5309966956022062,0.47050825230721915
1723528226.2012236,-8.14053726196289,-0.962704062461852,-0.5261353850364685,-0.4663048781822356,-0.5285888578143356,0.531642507756896,0.4695847356164223
1723528226.267908,-8.271780014038086,-0.9648769497871389,-0.546612024307251,-0.46523750471533565,-0.5288991659018933,0.532612908000241,0.46919423136485416
1723528226.3679338,-8.441963195800781,-0.9800493121147146,-0.5571776628494263,-0.4642677037353908,-0.5296664025875675,0.5337345197933996,0.46801331564296517
1723528226.4679601,-8.615410804748535,-1.0045604705810536,-0.5688492059707642,-0.46326149449431825,-0.5306932322810397,0.5342694291791479,0.4672361907799745
1723528226.5346437,-8.716448783874512,-1.017061948776244,-0.5715803503990173,-0.46285152693640313,-0.5314311966614585,0.5347072972092533,0.4663018909877867
1723528226.6013274,-8.815648078918457,-1.041850447654723,-0.5761640071868896,-0.46230233157902734,-0.5315781280838554,0.5350895017358085,0.4662407887471702
1723528226.6346684,-8.876976013183594,-1.0559685230255116,-0.5724210739135742,-0.46275471992483763,-0.5315938457591838,0.5352553982233321,0.465583194510958
1723528226.7013516,-8.983048439025879,-1.0690722465515126,-0.5873193740844727,-0.46181248311377093,-0.5317101585728066,0.5360234545316176,0.4655023027899702
1723528226.768035,-9.098235130310059,-1.0839565992355336,-0.588540256023407,-0.4615338392561832,-0.5321825007814666,0.5364892725520702,0.4647015832983384
1723528226.8347178,-9.212695121765137,-1.0852510929107655,-0.5932362079620361,-0.4612480561938758,-0.5326055115403155,0.5371144566061524,0.4637775978191787
1723528226.8680594,-9.266830444335938,-1.0928115844726551,-0.5984711647033691,-0.46081010828976915,-0.5328345510761117,0.5373828205457739,0.46363896456160614
1723528226.9347422,-9.380810737609863,-1.1042755842208851,-0.6017794609069824,-0.4605895795293379,-0.5337186567774431,0.5377006654218706,0.4624712196899905
1723528227.0014246,-9.490901947021484,-1.1228508949279774,-0.6124601364135742,-0.45980480451582273,-0.5338698421712241,0.5382955038027436,0.4623856441867425
1723528227.0681264,-9.587729454040527,-1.1488837003707875,-0.6149886846542358,-0.45938745674763615,-0.5345461145062133,0.5380821632156927,0.4622674568670931
1723528227.201571,-9.799580574035645,-1.1803661584854115,-0.6213855147361755,-0.45913397531307876,-0.5361542839546389,0.5381763214708482,0.460544051658909
1723528227.234932,-9.855212211608887,-1.1938753128051747,-0.6307947635650635,-0.4590963887599382,-0.5363325109829494,0.5385225355081474,0.45996893616872025
1723528227.3016553,-9.949049949645996,-1.2134549617767323,-0.6385656595230103,-0.4588754820007964,-0.5364106111426384,0.5391496226864082,0.4593632904676013
1723528227.3350174,-10.010931968688965,-1.2275917530059801,-0.6315377950668335,-0.4584449873121551,-0.5367364318268923,0.5397252997519898,0.45873608661813237
1723528227.4017417,-10.117118835449219,-1.2416257858276354,-0.6359499096870422,-0.4581589750905061,-0.53650180342454,0.5406843305435164,0.4581665888854651
1723528227.468466,-10.217630386352539,-1.2601952552795397,-0.6431654095649719,-0.4573839382116352,-0.5365470576593286,0.5414636888837382,0.4579675333509424
1723528227.5685534,-10.377842903137207,-1.286449313163756,-0.6527988910675049,-0.45622036508681424,-0.536585689794337,0.5427031410203533,0.45761564299598884
1723528227.635279,-10.479485511779785,-1.3092774152755724,-0.6576201319694519,-0.4551959965520102,-0.5370336488734023,0.5430524384201497,0.4576958748193732
1723528227.7020054,-10.586544036865234,-1.3255665302276598,-0.6680018901824951,-0.45440501247447773,-0.5372431550004125,0.543900526092255,0.45722871165297646
1723528227.8020961,-10.732441902160645,-1.3536329269409166,-0.6723265647888184,-0.45325490403310925,-0.5383522052051746,0.5440965336713133,0.4568324169403086
1723528227.8354592,-10.790700912475586,-1.365725755691527,-0.6699680089950562,-0.4531205093678354,-0.5386232774867596,0.5443740442048962,0.4563153174457991
1723528227.8688235,-10.851276397705078,-1.363521575927733,-0.6751879453659058,-0.45281064495364404,-0.5390136409894433,0.544481779476477,0.4560333392002143
1723528227.9355514,-10.956056594848633,-1.390541315078734,-0.6817378997802734,-0.45245323218910005,-0.5393372476427244,0.544835804170778,0.45558243214635535
1723528228.00228,-11.064584732055664,-1.4102808237075792,-0.6912402510643005,-0.4515182279277937,-0.5396926566079935,0.5452458234909082,0.45559863719953425
1723528228.0356436,-11.123021125793457,-1.416790962219237,-0.6910510063171387,-0.4512638200533714,-0.5400455243308644,0.5454432110860589,0.4551961114082253
1723528228.1023421,-11.229728698730469,-1.4491002559661852,-0.6973535418510437,-0.45098818516184896,-0.5403210161658487,0.5457438692508586,0.4547817998876255
1723528228.169041,-11.328874588012695,-1.4629093408584581,-0.7040604948997498,-0.4505026020871277,-0.5410114958311192,0.5461049965247072,0.4540080392042102
1723528228.2357397,-11.435125350952148,-1.4865665435791002,-0.7113734483718872,-0.45063992815805315,-0.5411590307825954,0.5467003844321099,0.45297819838699727
1723528228.2690895,-11.479860305786133,-1.4961954355239855,-0.7149513363838196,-0.4506165585572444,-0.5410108750642408,0.5470099114639825,0.4528047117427293
1723528228.335788,-11.59754753112793,-1.5035105943679796,-0.7150622606277466,-0.45042414705139405,-0.5412698587507027,0.5479492096192761,0.45154921264312864
1723528228.4024868,-11.73337173461914,-1.5337915420532213,-0.7294901609420776,-0.4499209605034092,-0.5415454851274059,0.5487729398682721,0.4507192888108364
1723528228.5025346,-11.903226852416992,-1.5670598745346054,-0.7421606183052063,-0.44913082472678784,-0.5419678779596586,0.5496212582501029,0.44996532535264727
1723528228.5358844,-11.953085899353027,-1.583045363426207,-0.7429744601249695,-0.44901832947490694,-0.5420502819097249,0.5497497757556631,0.449821315339491
1723528228.635932,-12.101815223693848,-1.6169457435607895,-0.745738685131073,-0.44874542980852516,-0.5430935701448447,0.5496990790573365,0.4488962416603694
1723528228.669282,-12.168846130371094,-1.6282937526702865,-0.7520506978034973,-0.4483683930066118,-0.543077463024295,0.5500789858475599,0.44882709659364844
1723528228.735981,-12.26980972290039,-1.6532953977584823,-0.7661126255989075,-0.4479929172375968,-0.5432521728393986,0.5504610467817326,0.4485220828300199
1723528228.8360286,-12.441240310668945,-1.6795448064804062,-0.7701982259750366,-0.447328975275731,-0.5441470912042129,0.5508948580015823,0.44756629278820237
1723528228.9027274,-12.54210376739502,-1.7116426229476913,-0.7749605774879456,-0.4468806136449992,-0.5445197484587561,0.5507759246688861,0.4477073167727053
1723528228.9694264,-12.726350784301758,-1.7192989587783798,-0.7731326222419739,-0.4459271873406826,-0.5451650935152479,0.5522227097961288,0.4460874837835729
1723528229.0361252,-12.844076156616211,-1.74436843395233,-0.7781882882118225,-0.4457937169042752,-0.5453141391666944,0.5525034963331666,0.4456908548906795
1723528229.1361985,-13.02841567993164,-1.7796165943145736,-0.7920540571212769,-0.4453335557475424,-0.545850859703856,0.5530475680557271,0.44481822192155956
1723528229.1695554,-13.094430923461914,-1.7926571369171127,-0.798600971698761,-0.44519919742070063,-0.5462014571161222,0.5533165841399392,0.4441873485094983
1723528229.236271,-13.211057662963867,-1.816998124122618,-0.7999411821365356,-0.4450348122268602,-0.5468547836742312,0.5534226287268641,0.44341544345214295
1723528229.2696292,-13.264924049377441,-1.832774162292479,-0.806876540184021,-0.4447089309899875,-0.5470075164228034,0.5534736776449715,0.4434902838043346
1723528229.3363452,-13.387336730957031,-1.8537930250167831,-0.8099448084831238,-0.44430050195601517,-0.5477683723478959,0.5536837436766839,0.44269762389823375
1723528229.4697778,-13.597024917602539,-1.9074168205261215,-0.8244644999504089,-0.4431718151226027,-0.5484780768328776,0.5541286824578799,0.44239342760956524
1723528229.5031357,-13.661457061767578,-1.9252822399139387,-0.8247674703598022,-0.44321298784806135,-0.548578013805846,0.5541574158579489,0.44219223039450556
1723528229.6032114,-13.831936836242676,-1.9606821537017805,-0.8253693580627441,-0.4424136492178727,-0.5495737566334608,0.5545420703403467,0.44127309143902366
1723528229.6699286,-13.955679893493652,-1.9862380027770978,-0.8302984237670898,-0.44175950765785554,-0.5500703507578492,0.5548746800314115,0.4408914107476632
1723528229.736646,-14.07895278930664,-2.0114545822143537,-0.8383153676986694,-0.44125436710776533,-0.550490704170107,0.5553354471187129,0.4402920727245546
1723528229.8033638,-14.20604133605957,-2.0397365093231183,-0.8440779447555542,-0.4408707426689859,-0.5507829579685067,0.5556315149876072,0.4399372012259651
1723528229.8700817,-14.323136329650879,-2.0600733757019025,-0.8495566248893738,-0.4408045090923836,-0.5511672543559022,0.555853931605991,0.43924076451049177
1723528229.9701586,-14.489389419555664,-2.1074271202087385,-0.8642407655715942,-0.44042168881089655,-0.5514189824867736,0.5561958074461646,0.43887591134342074
1723528230.0368772,-14.596991539001465,-2.1315994262695295,-0.859279215335846,-0.44054000450877684,-0.5521304917301078,0.5565219726640829,0.4374468178777328
1723528230.103574,-14.7161226272583,-2.1610186100006086,-0.8631300926208496,-0.4403795513222048,-0.5526654822828263,0.5570288661239273,0.4362860962430923
1723528230.170271,-14.857382774353027,-2.189524888992308,-0.8959530591964722,-0.4395521398379347,-0.5521888457706144,0.5579522499831617,0.43654402035663825
1723528230.2036197,-14.919401168823242,-2.2064783573150617,-0.8983527421951294,-0.4391813857049126,-0.5522854458110653,0.5579843206967902,0.43675392917766326
1723528230.2703166,-15.039692878723145,-2.237313270568846,-0.9097452759742737,-0.4385176239642898,-0.5523544833409747,0.5584639721953392,0.4367205169964452
1723528230.337013,-15.164032936096191,-2.2554097175598127,-0.9110071659088135,-0.43772218749118824,-0.5528910083012762,0.5589030153434075,0.4362777085270048
1723528230.40371,-15.286166191101074,-2.287444114685057,-0.9159372448921204,-0.4366589060601943,-0.5535125325335726,0.5591387354943033,0.4362530808560746
1723528230.4370575,-15.349202156066895,-2.3008191585540754,-0.9173319935798645,-0.43613622418227493,-0.5536960472965305,0.5591465974721751,0.4365328895965526
1723528230.5037541,-15.456737518310547,-2.3355131149291974,-0.9233630895614624,-0.4358106580140372,-0.5541882868194036,0.5590973316631583,0.4362964437635066
1723528230.6037993,-15.607156753540039,-2.395056962966917,-0.9515624046325684,-0.4347526750488039,-0.5545591907041743,0.5587657413320345,0.43730431264406977
1723528230.7038434,-15.82067584991455,-2.4229021072387678,-0.954589307308197,-0.434213572563297,-0.5549835392591327,0.5592239464134328,0.4367154935550275
1723528230.8038883,-16.044044494628906,-2.463458538055418,-0.961158275604248,-0.4340687115154929,-0.5546614690488932,0.5608273092498027,0.43520999257304455
1723528230.837236,-16.11302375793457,-2.4866414070129377,-0.9649505019187927,-0.43424923522808195,-0.5546521268256402,0.5607420029958231,0.43515172754782006
1723528230.903932,-16.244564056396484,-2.5127682685852033,-0.9734639525413513,-0.43450683470939433,-0.5544220028917983,0.5615620916964839,0.4341290942447186
1723528230.9372807,-16.310104370117188,-2.5237250328063947,-0.9777568578720093,-0.4346234753191554,-0.5545722327512843,0.5617370215050808,0.43359380995737884
1723528231.0373244,-16.490999221801758,-2.577209949493406,-0.9964244961738586,-0.4343446567940475,-0.5543013392048908,0.5621930020264588,0.43362861176657125
1723528231.1040156,-16.62411117553711,-2.609739780426023,-0.9958274960517883,-0.43442377553744704,-0.5542704370507184,0.5625238778775628,0.4331595002732649
1723528231.1373615,-16.696535110473633,-2.613072395324705,-1.0099717378616333,-0.4340323456222814,-0.5541609606280253,0.5630177320176223,0.43305032744841276
1723528231.2040522,-16.80997085571289,-2.6536812782287575,-1.0102169513702393,-0.4340445374805074,-0.5542425325869333,0.5631517590428405,0.4327593451814868
1723528231.2373972,-16.895034790039062,-2.6697752475738503,-1.0155094861984253,-0.4340040987591163,-0.5542643616142273,0.5633787384261093,0.4324764233967741
1723528231.3040879,-16.993772506713867,-2.7085754871368386,-1.046871542930603,-0.4330704693965187,-0.5543821336360759,0.5633368916948116,0.43331508731801527
1723528231.4041243,-17.294572830200195,-2.767252206802366,-1.063223123550415,-0.43192295961048366,-0.5561485187502874,0.5643586168857931,0.43086045722476823
1723528231.470815,-17.43535804748535,-2.808633804321287,-1.0744438171386719,-0.4313820171237663,-0.5562021814561899,0.5646798336436915,0.4309122580314227
1723528231.5375054,-17.562692642211914,-2.831296682357786,-1.0777913331985474,-0.4308325964399121,-0.5565073147541036,0.5653657994598805,0.43016786871070617
1723528231.6041956,-17.705820083618164,-2.8827795982360818,-1.0867347717285156,-0.43023454832887725,-0.5568361241228678,0.5653269790201997,0.43039188083415775
1723528231.6708856,-17.834726333618164,-2.9125945568084695,-1.0883723497390747,-0.43003076646681776,-0.5573567660885098,0.5660210504714864,0.4290071626563761
1723528231.7375758,-17.92118263244629,-2.960198402404783,-1.0832351446151733,-0.4304532868456,-0.5575978561575052,0.5663607834750106,0.4278201276166724
1723528231.8042657,-18.046100616455078,-3.001211643218992,-1.0939453840255737,-0.42948887295050486,-0.5579515789687791,0.5666284706040449,0.4279737373237666
1723528231.8709557,-18.191232681274414,-3.028602361679075,-1.1144607067108154,-0.4284031631070626,-0.5577441117619376,0.5683738474609039,0.42701686753246626
1723528231.9376454,-18.325302124023438,-3.0532264709472634,-1.1104249954223633,-0.428682234885903,-0.5576350952426374,0.5700476609571837,0.42464138550570635
1723528232.0043352,-18.47064208984375,-3.1157734394073464,-1.1130905151367188,-0.4281966341141722,-0.5576877924531247,0.5714150367650135,0.42322195647306926
1723528232.071028,-18.596200942993164,-3.1456596851348855,-1.1007682085037231,-0.42746175397393527,-0.5589018868732807,0.5726437545919149,0.4206949727128772
1723528232.1377509,-18.727436065673828,-3.185516357421873,-1.1143691539764404,-0.4261527170331197,-0.5592664236030707,0.5745282931701156,0.41896559470027434
1723528232.2378356,-18.919933319091797,-3.241354465484617,-1.1270729303359985,-0.42415188230662276,-0.5603628901982874,0.5770688490897392,0.41602903196124985
1723528232.3045592,-19.04902458190918,-3.2856109142303445,-1.136600136756897,-0.42299168656190944,-0.5609890380795546,0.5787558449252991,0.4140181206407402
1723528232.3712835,-19.174776077270508,-3.322559833526609,-1.1411190032958984,-0.421617944221571,-0.5621407168102882,0.5802494612429199,0.41176047204860833
1723528232.4713707,-19.364240646362305,-3.400759935379026,-1.1416665315628052,-0.4193917775949407,-0.565330866583865,0.5815654862918852,0.4077905508068758
1723528232.5047328,-19.395055770874023,-3.423420190811155,-1.1383143663406372,-0.41910237331857736,-0.565869795772298,0.5820084923103426,0.4067071302423838
1723528232.5714579,-19.524036407470703,-3.4582190513610818,-1.1555432081222534,-0.4163576092027342,-0.5684441528934702,0.5829160550027583,0.40463126315230485
1723528232.6048212,-19.5904541015625,-3.500678539276121,-1.1836504936218262,-0.4149023341951681,-0.5688639775917895,0.5834407566924603,0.40477983090561503
1723528232.6715467,-19.695615768432617,-3.5885381698608376,-1.187105417251587,-0.413437617819642,-0.5703602920807984,0.5834412108533248,0.40417177890982503
1723528232.7382727,-19.809221267700195,-3.6346261501312234,-1.1955486536026,-0.411268574275593,-0.5721582655354399,0.5842890280489137,0.4026157109384256
1723528232.8049989,-19.931793212890625,-3.685119628906248,-1.2035866975784302,-0.40918492076674334,-0.5742967776410915,0.5853890934236524,0.40008814167481543
1723528232.8383617,-19.99444580078125,-3.712830781936643,-1.2029399871826172,-0.40849766938406334,-0.5753991941349044,0.5857347567765829,0.3986981517395943
1723528232.9050887,-20.120201110839844,-3.761804342269895,-1.2192894220352173,-0.40572029602199494,-0.5773535309694262,0.5874750537768006,0.39614013033635714
1723528232.9718156,-20.24429702758789,-3.818471431732175,-1.218641996383667,-0.40420447470147564,-0.5796552663922554,0.5885709067374971,0.3926866467264045
1723528233.0051796,-20.300626754760742,-3.8495225906372044,-1.2241100072860718,-0.40373332882876045,-0.5807694582491806,0.5889950827973505,0.3908849293568937
1723528233.038543,-20.361186981201172,-3.872108936309812,-1.2209869623184204,-0.4029467099623488,-0.5820436913608406,0.5895725434287421,0.38892583651967577
1723528233.1052604,-20.48421859741211,-3.927456140518186,-1.2322286367416382,-0.4007623479909072,-0.5841527953338201,0.5910641055408538,0.385743794866087
1723528233.138615,-20.53801727294922,-3.9561209678649876,-1.2363265752792358,-0.3998009252889376,-0.5851794587962534,0.5919234091235663,0.38386312517949445
1723528233.205323,-20.65234375,-4.008582115173337,-1.2396039962768555,-0.39779737956008066,-0.5871942789359658,0.5938445489052161,0.379879948583187
1723528233.272031,-20.76584815979004,-4.061367988586423,-1.2639155387878418,-0.39518813949806914,-0.5891823362885549,0.5962821301049885,0.3756835507752137
1723528233.3387399,-20.94529914855957,-4.144309520721433,-1.2689406871795654,-0.39210684764230164,-0.5915690723259978,0.5986092845894305,0.37143663941876476
1723528233.372094,-20.994802474975586,-4.178318023681638,-1.2759486436843872,-0.39111741569730657,-0.5922298476351527,0.59984843644324,0.36942228953448997
1723528233.4388032,-21.10839080810547,-4.2398405075073216,-1.2927123308181763,-0.38745678409350004,-0.593948088197997,0.602468116579335,0.3662445596745655
1723528233.538868,-21.284969329833984,-4.337707042694089,-1.3002821207046509,-0.3828471368031304,-0.5972613005112039,0.6056017487331373,0.3604906804408078
1723528233.6055777,-21.392053604125977,-4.407791614532468,-1.316275715827942,-0.3781181984909475,-0.5994585252024706,0.6077390027631632,0.3582309437394758
1723528233.6389322,-21.445363998413086,-4.442724704742429,-1.3224765062332153,-0.37624322202635013,-0.6003562069414337,0.6088428847706282,0.3568246128426468
1723528233.7389987,-21.6153507232666,-4.547103881835935,-1.3254313468933105,-0.37052577378860946,-0.6037307196213816,0.6119499435862215,0.3517628969755358
1723528233.8057094,-21.717443466186523,-4.623592376708982,-1.3442476987838745,-0.36621676161149513,-0.6055703017532357,0.6140186528546102,0.34950105449897345
1723528233.8390646,-21.772830963134766,-4.659076213836667,-1.3460372686386108,-0.36448443367671757,-0.6065459158845344,0.6150453454269607,0.3478108287557832
1723528233.9724874,-21.992145538330078,-4.812475681304929,-1.3617037534713745,-0.3572916743837546,-0.6105036968797932,0.6191944449433658,0.34091954309402056
1723528234.0058439,-22.042343139648438,-4.850086688995359,-1.3697737455368042,-0.35503968007465897,-0.6111310479514726,0.6206581242260975,0.3394836676989944
1723528234.072556,-22.142974853515625,-4.923711776733396,-1.3757718801498413,-0.3513945397689377,-0.6126669386865844,0.6233323648427586,0.3355858498216509
1723528234.1058965,-22.200956344604492,-4.965858936309812,-1.3780786991119385,-0.34955111755901125,-0.6136224185711111,0.624503026698648,0.3335828432105196
1723528234.2392588,-22.395139694213867,-5.108914375305173,-1.394621729850769,-0.34228719571739286,-0.616503041042605,0.629705388168994,0.32593649710346956
1723528234.3059397,-22.512121200561523,-5.1936016082763645,-1.3942753076553345,-0.3388840987410382,-0.6181332856920072,0.6321443160494081,0.3216556737048233
1723528234.37262,-22.61644744873047,-5.27531290054321,-1.4019404649734497,-0.3349078718945868,-0.6196947209258472,0.6345587343164091,0.31804147984568354
1723528234.4059608,-22.664993286132812,-5.31980752944946,-1.408969521522522,-0.33253460654913664,-0.6205297264630818,0.6357808530957179,0.31645900344238104
1723528234.472641,-22.773513793945312,-5.402806758880613,-1.4088256359100342,-0.3287690603166885,-0.6221412642993687,0.6382269177194496,0.3122780071231333
1723528234.5393207,-22.861642837524414,-5.481927394866941,-1.4227997064590454,-0.32452014262255796,-0.6237408057472045,0.6403385351684912,0.3091935391568422
1723528234.67268,-23.06575584411621,-5.667401313781736,-1.437035322189331,-0.3163070320578813,-0.6273221020634335,0.6444034881101443,0.301928776775134
1723528234.739359,-23.162593841552734,-5.760906219482419,-1.4468644857406616,-0.3120958075894136,-0.629115145660383,0.6465153069055213,0.2980407662094009
1723528234.8393764,-23.309038162231445,-5.89915323257446,-1.4610929489135742,-0.3058064374120544,-0.6316394452684396,0.6495812010965284,0.29250349946678694
1723528234.906055,-23.399133682250977,-5.995904922485349,-1.4680874347686768,-0.30204342380380744,-0.6335555446481355,0.6513288388697164,0.2883537508670645
1723528234.9393945,-23.44579315185547,-6.0434784889221165,-1.476536512374878,-0.29954626167650633,-0.6344019458802029,0.6523723489434805,0.2867342437048774
1723528235.0060725,-23.548330307006836,-6.143734931945798,-1.4731847047805786,-0.29560755360533214,-0.6370527747653518,0.6537413751967299,0.2817838724468188
1723528235.0727503,-23.638822555541992,-6.250164508819577,-1.4833943843841553,-0.2916686955958581,-0.6385479502037156,0.6556236830449599,0.27810694621063653
1723528235.139452,-23.73729705810547,-6.349421501159665,-1.4869219064712524,-0.2884178980790559,-0.6400296274584234,0.6575037046182303,0.2736166487193243
1723528235.306207,-23.963125228881836,-6.606123924255368,-1.4861321449279785,-0.2792003882932039,-0.6449761827512116,0.661291766590018,0.2621947106652861
1723528235.3395588,-24.000995635986328,-6.6608796119689915,-1.4902307987213135,-0.27728472249562197,-0.6455564842549245,0.662223662965342,0.2604416028896166
1723528235.3729093,-24.04704475402832,-6.714705944061277,-1.4926142692565918,-0.2751878508532899,-0.64644961858946,0.6629816882270921,0.25851463874187863
1723528235.4396122,-24.13686180114746,-6.820163726806638,-1.4956128597259521,-0.2717427790983032,-0.6477168279832937,0.6648822420645896,0.25406766213423493
1723528235.5063152,-24.227169036865234,-6.930141925811765,-1.5021156072616577,-0.2677405240452709,-0.6491177291725049,0.6665606027697696,0.25031609675187855
1723528235.5730183,-24.305177688598633,-7.044548034667966,-1.5082098245620728,-0.26360365197612434,-0.6502224234121238,0.6684029951790947,0.24690352527359802
1723528235.673074,-24.44542694091797,-7.206169605255124,-1.516634225845337,-0.2573980417530022,-0.6513239011505667,0.6718876332642965,0.2410195679985945
1723528235.7397776,-24.518569946289062,-7.311528205871579,-1.5229500532150269,-0.2539662439664912,-0.6521207827216444,0.6737930596674085,0.23715510623238667
1723528235.8064814,-24.62761688232422,-7.4327960014343235,-1.5175262689590454,-0.25031855483787807,-0.6535607735785833,0.6754230181020345,0.23238477351405507
1723528235.93989,-24.736251831054688,-7.6596894264221165,-1.5314841270446777,-0.24285742888230885,-0.6552206475679057,0.6786429467207594,0.22616348755608945
1723528236.0065944,-24.819623947143555,-7.7660150527954075,-1.5136069059371948,-0.23979074879365425,-0.6567658112369199,0.6798384385392777,0.22131146257653717
1723528236.073299,-24.910398483276367,-7.896831989288327,-1.5315179824829102,-0.2356237517249455,-0.6575134559691163,0.6816491517891523,0.21797233014247408
1723528236.1399899,-24.991512298583984,-8.017920494079586,-1.5324249267578125,-0.23176408365295315,-0.6587325249325933,0.6830763572717492,0.2139241927898642
1723528236.2400255,-25.110658645629883,-8.189933776855465,-1.5346347093582153,-0.2267358541966475,-0.6604056791673657,0.6852841036119932,0.206980406516931
1723528236.3067162,-25.1861515045166,-8.300681114196774,-1.5439419746398926,-0.22309121018652478,-0.661378840992075,0.686883131298408,0.20248433164861343
1723528236.4067526,-25.291051864624023,-8.489014625549313,-1.554703712463379,-0.2170531893338264,-0.6632534125614246,0.6885980808965761,0.19701651380326315
1723528236.4734433,-25.370649337768555,-8.610473632812496,-1.5565465688705444,-0.21294137191938464,-0.6651159862919456,0.6894463090122346,0.19219907360179797
1723528236.5401337,-25.436115264892578,-8.72803688049316,-1.5502574443817139,-0.20930810444730888,-0.6668726419677751,0.6900031835746177,0.1880601059887147
1723528236.6068242,-25.510576248168945,-8.86945533752441,-1.57316255569458,-0.2050551264256019,-0.6677851252123569,0.6912808868169196,0.18478678847068794
1723528236.6735146,-25.587862014770508,-8.995549201965328,-1.5790040493011475,-0.2011609150683334,-0.6693456603534761,0.6920756900375395,0.18039377060725598
1723528236.7402048,-25.6610164642334,-9.138178825378414,-1.570500135421753,-0.1979021398296283,-0.6713833735062561,0.6921270036939641,0.17617979335845746
1723528236.8735855,-25.785987854003906,-9.411493301391598,-1.593164324760437,-0.19075190804729183,-0.6732653769625218,0.6939373771229748,0.1696418533013523
1723528236.9402754,-25.836050033569336,-9.501630783081051,-1.5683073997497559,-0.1881835684979975,-0.6751434214796814,0.6938235300403802,0.16546061205729398
1723528237.0069654,-25.869958877563477,-9.61281585693359,-1.5852530002593994,-0.18489962063307996,-0.6756109502646404,0.6949934303480292,0.16231483587562742
1723528237.04031,-25.89885902404785,-9.680019378662106,-1.5869216918945312,-0.1838420626212408,-0.6758827289292175,0.6953771146201619,0.16073363434234877
1723528237.173696,-26.044187545776367,-9.93420314788818,-1.5993722677230835,-0.1785228645769032,-0.6772169076460155,0.6969839611351949,0.15401365115442844
1723528237.273737,-26.129234313964844,-10.128788948059078,-1.606138825416565,-0.17507536797552992,-0.6779414416070255,0.6978771902963141,0.15070316700103964
1723528237.3404305,-26.185922622680664,-10.262190818786618,-1.6103191375732422,-0.1733556441064891,-0.6782361684467326,0.6984718156191164,0.1485955694253868
1723528237.4071243,-26.243619918823242,-10.38354396820068,-1.6076433658599854,-0.1714428283971949,-0.6788472354346361,0.6988369776059697,0.14628966561064766
1723528237.4738176,-26.289873123168945,-10.521131515502926,-1.6108179092407227,-0.16968008673903415,-0.6790582631461083,0.6994908213073108,0.14422598352602228
1723528237.540511,-26.34144401550293,-10.659956932067868,-1.6173654794692993,-0.16740070607100094,-0.678772134850939,0.7006030761529437,0.14283109690071577
1723528237.573857,-26.375131607055664,-10.728170394897457,-1.6223825216293335,-0.16641916399725099,-0.6789022185608234,0.7009318111268807,0.14174285039478654
1723528237.7072437,-26.47956085205078,-10.997921943664547,-1.648951768875122,-0.16187656747184123,-0.6788796939816553,0.7026616476796398,0.13850973569768407
1723528237.8072834,-26.553606033325195,-11.197862625122067,-1.6631584167480469,-0.15848817979823462,-0.6793032294405104,0.7034028299404388,0.13657627234522904
1723528237.9073222,-26.646656036376953,-11.400313377380368,-1.6715128421783447,-0.15584397361127608,-0.6795610005343132,0.7042417605711218,0.13398897383567826
1723528237.940669,-26.666717529296875,-11.463407516479489,-1.6731250286102295,-0.1550329126099565,-0.6795370394314443,0.704480945053241,0.13379389412568052
1723528238.007362,-26.723323822021484,-11.597429275512692,-1.6810064315795898,-0.15319351850786025,-0.6795691173100997,0.7049595030508778,0.13322784897990794
1723528238.0740547,-26.781919479370117,-11.72346210479736,-1.6768860816955566,-0.1515829095312714,-0.6801163664118719,0.7048692946198298,0.13275401002941636
1723528238.1407325,-26.831199645996094,-11.856080055236813,-1.6857300996780396,-0.1506621463148397,-0.6802468895920111,0.7049738890083451,0.13257791175248454
1723528238.2074103,-26.884422302246094,-12.004442214965817,-1.6905983686447144,-0.15084118933517965,-0.6806635977844933,0.7045419575192012,0.13253162771968868
1723528238.274088,-26.942066192626953,-12.126483917236325,-1.6819194555282593,-0.15108228746851188,-0.6811943387282156,0.7040508624302821,0.1321393143961593
1723528238.4074416,-27.06989860534668,-12.40659141540527,-1.692464828491211,-0.15322559300510688,-0.6811038962435743,0.7039259917293118,0.13079601805085983
1723528238.4407792,-27.10091209411621,-12.467237472534176,-1.6961650848388672,-0.1530168690581267,-0.6810197688327281,0.7040143835874026,0.1310025188487432
1723528238.5074556,-27.160791397094727,-12.601665496826168,-1.701585292816162,-0.15394564185427223,-0.6807892087267663,0.7040413374927494,0.13096788818897603
1723528238.6074698,-27.243886947631836,-12.832428932189938,-1.7291545867919922,-0.1546611795392309,-0.6802918388373779,0.7044538214493837,0.13049040960987457
1723528238.6741455,-27.306655883789062,-12.967511177062985,-1.7383649349212646,-0.1547909775298471,-0.6802908413575298,0.7043292698047943,0.13101299224376178
1723528238.8074956,-27.42262840270996,-13.235596656799313,-1.741199254989624,-0.15534649811641482,-0.6809407013849169,0.7035629084595033,0.1310971416941991
1723528238.87417,-27.47748374938965,-13.361681938171383,-1.738402009010315,-0.15484119511286204,-0.6813489817122276,0.7031984930636968,0.13152812919173268
1723528238.9408443,-27.531789779663086,-13.516575813293453,-1.7462791204452515,-0.1541764394905039,-0.6811298584474788,0.703399526123691,0.13236634045827286
1723528239.074192,-27.63526153564453,-13.794843673706051,-1.756407380104065,-0.15319169271203828,-0.6813949298853069,0.7030901344043039,0.13378160454246327
1723528239.107537,-27.699893951416016,-13.872538566589352,-1.7489327192306519,-0.15250066460299003,-0.6817700894530887,0.7029789705424855,0.13324285871220742
1723528239.2075737,-27.737524032592773,-14.06656455993652,-1.7717365026474,-0.15320884837157098,-0.6811149861368213,0.7033366359005662,0.13389175120435673
1723528239.2409184,-27.81498146057129,-14.159617424011227,-1.7714881896972656,-0.15272820461032866,-0.6809443320006136,0.7037641225996365,0.13306003146815953
1723528239.3409545,-27.92146873474121,-14.373707771301266,-1.7920989990234375,-0.15298422090755123,-0.679953427521819,0.7048136355808576,0.13227586194742458
1723528239.4076447,-28.005073547363285,-14.517374038696286,-1.7845559120178223,-0.15353086749463538,-0.6799238458972443,0.7049773619563606,0.13091507031543637
1723528239.474335,-28.077800750732425,-14.645181655883786,-1.7942638397216797,-0.15377666531715659,-0.6800457297280131,0.7050740500201499,0.12946476999868564
1723528239.541025,-28.080101013183597,-14.769060134887692,-1.7870713472366333,-0.15502864061823796,-0.6799245710316386,0.7049322877314074,0.12937993665660769
1723528239.6744041,-28.128854751586918,-15.006960868835446,-1.8167197704315186,-0.15577488706802756,-0.6786134275061908,0.705863185019729,0.13028877388726684
1723528239.7410939,-28.150875091552738,-15.149892807006832,-1.8322774171829224,-0.15547902390575088,-0.6779889988973743,0.7063149127469937,0.1314398513794726
1723528239.8077831,-28.2054557800293,-15.283852577209469,-1.8373373746871948,-0.15478000414691534,-0.6782234896457808,0.7061759965316392,0.13180102553290954
1723528239.8411274,-28.249866485595707,-15.348029136657711,-1.8418394327163696,-0.15442791164847247,-0.6779642741610982,0.7067074454837683,0.13069448941295708
1723528239.9078164,-28.312316894531254,-15.480690956115719,-1.8461028337478638,-0.1534289844455593,-0.6784997675566943,0.7064089691457,0.13070570174260115
1723528240.0078502,-28.399808883666996,-15.68066024780273,-1.8544280529022217,-0.1525521388076775,-0.6791411915042176,0.7058428794749613,0.1314568995600083
1723528240.0411942,-28.428915023803714,-15.76151084899902,-1.857409119606018,-0.15249556836638178,-0.678994758541197,0.7059380594296725,0.1317675064303187
1723528240.1412437,-28.534866333007816,-15.957103729248043,-1.860271692276001,-0.1516203463180601,-0.6802276861268735,0.7051227484695378,0.13078025538909277
1723528240.207948,-28.65342712402344,-16.15724372863769,-1.857641577720642,-0.15042142291296984,-0.680399329721688,0.7053459932923973,0.1300660501033097
1723528240.2412996,-28.711269378662113,-16.228702545166012,-1.839281678199768,-0.1500861114780952,-0.6810487739274559,0.7049745302012261,0.1290644739688442
1723528240.3080041,-28.77461624145508,-16.359884262084957,-1.8392893075942993,-0.14987090980665804,-0.6819560608305306,0.7043486025596141,0.127936263672772
1723528240.3747084,-28.83678245544434,-16.515216827392575,-1.8586117029190063,-0.1492378928860678,-0.6818188107768595,0.704657026544183,0.12770918345861543
1723528240.441413,-28.88192176818848,-16.64819526672363,-1.8697304725646973,-0.1491867357273989,-0.6817259001297085,0.7048438424698168,0.1272331431181598
1723528240.5081177,-28.90774726867676,-16.78625679016113,-1.8864415884017944,-0.15037038246729692,-0.6815811464079119,0.7048223780723752,0.12673320127858015
1723528240.608175,-29.01760292053223,-16.996288299560543,-1.8946789503097534,-0.1501469338125952,-0.6824107231850272,0.7044400013261171,0.12464263989672558
1723528240.6748796,-29.009099960327152,-17.068702697753903,-1.856141448020935,-0.15057348158378867,-0.6827860210164686,0.7037250698283063,0.12610274478924083
1723528240.741584,-29.064161300659183,-17.201951980590817,-1.849013328552246,-0.15126854467515116,-0.6829668104815737,0.7035974851496437,0.12499896825008205
1723528240.8082888,-29.13592910766602,-17.33764839172363,-1.8688145875930786,-0.14984468930094694,-0.6821367053804672,0.7048367954679378,0.12426252860566217
1723528240.8416405,-29.140321731567386,-17.39093971252441,-1.8563528060913086,-0.14964881316043535,-0.6823519500541954,0.7047350302061856,0.12389344686946407
1723528240.9750502,-29.253499984741214,-17.656486511230465,-1.868141770362854,-0.14782887896841598,-0.682143559987409,0.7054767815540778,0.12300120649304824
1723528241.041755,-29.33592224121094,-17.81087493896484,-1.8469188213348389,-0.14788565964779654,-0.6825325884600137,0.7054147482871539,0.12111618496130479
1723528241.108454,-29.38995170593262,-17.937009811401364,-1.8726842403411865,-0.14755781397520748,-0.6818030490137242,0.7062378491201713,0.12082795355612617
1723528241.1751475,-29.397283554077152,-18.04623985290527,-1.8843637704849243,-0.1473574176693908,-0.6817466449577891,0.7063552814131876,0.12070426656213773
1723528241.208495,-29.406276702880863,-18.120056152343746,-1.8880360126495361,-0.1467043954963546,-0.6811785949142999,0.7068872854844334,0.12158909405484744
1723528241.275188,-29.444337844848636,-18.242784500122067,-1.9024714231491089,-0.14658629241001084,-0.6811150263569301,0.7071168417580793,0.1207499559021232
1723528241.3418813,-29.475404739379886,-18.33508491516113,-1.9034409523010254,-0.14490277196443477,-0.6809589061031845,0.7074086112664638,0.12194757718721037
1723528241.4085743,-29.55018997192383,-18.56071090698242,-1.8903840780258179,-0.14408104315837722,-0.6804938718036936,0.708160066462559,0.12115305901113785
1723528241.508613,-29.826858520507816,-18.82772064208984,-1.9069242477416992,-0.1391702227343601,-0.6800837469493597,0.7103044483782185,0.11655615322025145
1723528241.5753062,-29.902088165283207,-18.936372756958004,-1.9275058507919312,-0.13763775555522276,-0.6801061897942977,0.7107570714706248,0.11548075252484549
1723528241.608653,-29.923801422119144,-19.003192901611325,-1.928731083869934,-0.13751035281858537,-0.6801728125062946,0.710773266451098,0.11513996566536629
1723528241.6753457,-29.981548309326175,-19.14034271240234,-1.9308542013168335,-0.13727224458075502,-0.6803231306417143,0.7108042719167276,0.11434183751606014
1723528241.7420382,-30.0405445098877,-19.27478981018066,-1.9214075803756714,-0.13739675808293877,-0.6809428705812186,0.7104337565384435,0.11279545843509717
1723528241.8087306,-30.08534622192383,-19.40711975097656,-1.9318106174468994,-0.13654570447418982,-0.6810785028667776,0.7105043657125342,0.11256504708756444
1723528241.9087684,-30.162719726562504,-19.605413436889645,-1.9401657581329346,-0.1358189144646362,-0.6814221597539684,0.7106018656822342,0.11073414630913661
1723528241.9754608,-30.218166351318363,-19.738716125488278,-1.939568281173706,-0.13610177831722345,-0.6820446489147919,0.7101943991982816,0.10915730929708503
1723528242.042153,-30.26901435852051,-19.872529983520504,-1.9403300285339355,-0.13621122501681407,-0.681911640181105,0.7105531959173891,0.10750429264228861
1723528242.0754995,-30.271369934082035,-19.927253723144528,-1.9477695226669312,-0.1370497495802544,-0.6815489339282539,0.7107278690371382,0.10758398103425407
1723528242.1755993,-30.422288894653324,-20.246454238891598,-1.9427039623260498,-0.13625248706311105,-0.6820135673110472,0.7105904829889129,0.10655477116656985
1723528242.2424114,-30.46867179870606,-20.429401397705075,-1.9436765909194946,-0.13522219197491864,-0.682040467657114,0.7107409061631079,0.10669172218128214
1723528242.2758183,-30.489624023437504,-20.49802207946777,-1.9491500854492188,-0.13428628862581685,-0.6823904814087617,0.7105456075118334,0.10693625772142011
1723528242.4094477,-30.58176422119141,-20.782552719116207,-1.9626258611679077,-0.13169237914017304,-0.6839241236976765,0.709572725374947,0.1068244246637268
1723528242.4762642,-30.639839172363285,-20.92968940734863,-1.9546269178390503,-0.13104870572105873,-0.6848288710851335,0.7089942368824343,0.10565427641412163
1723528242.5096729,-30.648132324218754,-20.99070358276367,-1.9675897359848022,-0.13070280868602369,-0.6845749455136033,0.7092481367615794,0.10602358358808636
1723528242.6099021,-30.719837188720707,-21.18776130676269,-1.9700477123260498,-0.12981691095673964,-0.6850894759991253,0.7091342521383153,0.10453990601261431
1723528242.6767228,-30.7580680847168,-21.31884956359863,-1.9804733991622925,-0.12956113249982004,-0.6854444115104292,0.7090352300627627,0.10319357637145181
1723528242.7101333,-30.7874927520752,-21.39513778686523,-1.978952169418335,-0.1291680662872542,-0.6855734212576611,0.7090881624588034,0.10246303029617564
1723528242.7769563,-30.833007812500004,-21.52816009521484,-1.9871965646743774,-0.1283435817336216,-0.6853863287440647,0.7096324061337007,0.1009720434744819
1723528242.8437808,-30.88072204589844,-21.664859771728512,-1.9911675453186035,-0.12729994607676565,-0.6851232379052687,0.7102527990283801,0.09970874627335652
1723528242.9106064,-30.92019844055176,-21.800195693969723,-2.006178379058838,-0.12622996516662574,-0.6848643113616206,0.7108470459567527,0.09860703915930168
1723528243.0108478,-30.97142028808594,-21.995990753173825,-2.018052101135254,-0.12358145368957751,-0.6854364393221983,0.7109595856154689,0.09716470333798119
1723528243.077677,-31.01739311218262,-22.145261764526364,-2.0222010612487793,-0.1219747041052361,-0.6858962499748997,0.7110669362662204,0.09514367019292871
1723528243.1445065,-31.04403114318848,-22.26148986816406,-2.0249831676483154,-0.1202216937141612,-0.6863948111282686,0.7110153473335586,0.09415988250218775
1723528243.24451,-31.11094665527344,-22.46781539916992,-2.025967836380005,-0.11779314517275918,-0.687698643387889,0.7105581975869948,0.09111749927806251
1723528243.311179,-31.137866973876957,-22.60817718505859,-2.031989574432373,-0.11592713820000228,-0.6881077128549565,0.7106312030238915,0.08984412850651421
1723528243.3445137,-31.1541919708252,-22.664585113525387,-2.0307300090789795,-0.11419716126003945,-0.688063620484917,0.7109696708801776,0.0897195052029878
1723528243.4111822,-31.178224563598636,-22.794479370117184,-2.0409114360809326,-0.11236658499951453,-0.688411292092816,0.7110946049702175,0.08836348950158682
1723528243.4445155,-31.194742202758793,-22.857917785644528,-2.044161081314087,-0.1115733449243418,-0.6883051949257531,0.711468867376021,0.08717452664222906
1723528243.5778508,-31.250278472900394,-23.137348175048825,-2.058739185333252,-0.1079624611056668,-0.6882398719656107,0.712440822036773,0.08424998946192526
1723528243.611185,-31.23913955688477,-23.20253181457519,-2.0708229541778564,-0.10803794109175238,-0.6875927790425216,0.7130971237828803,0.08388364289788955
1723528243.677852,-31.273941040039066,-23.34570503234863,-2.0659074783325195,-0.10634098783742306,-0.6878615312233558,0.7132554765344333,0.08249080774522655
1723528243.7445188,-31.313133239746097,-23.492591857910153,-2.0836198329925537,-0.10449303366808907,-0.6871387198461358,0.7144636999047504,0.08039407392008428
1723528243.8445175,-31.392091751098636,-23.698785781860348,-2.0884244441986084,-0.10149689018606511,-0.6886858739362631,0.713880846447439,0.07605448966820733
1723528243.877851,-31.405544281005863,-23.773342132568356,-2.0903780460357666,-0.10103923460844477,-0.6893275814346479,0.7134725758967471,0.07466888231692796
1723528243.944517,-31.432744979858402,-23.908620834350582,-2.107769727706909,-0.09901331769313498,-0.6896980209734185,0.7136303925536832,0.07242006357649997
1723528244.0445142,-31.490169525146488,-24.144948959350582,-2.102440357208252,-0.09517843012540081,-0.6917801980168056,0.7125813113434721,0.0678903438989017
1723528244.077847,-31.484443664550785,-24.23001670837402,-2.1181492805480957,-0.09448842432336545,-0.6915281102295162,0.7130109326258209,0.06690456178272916
1723528244.144512,-31.514329910278324,-24.392299652099606,-2.1338157653808594,-0.09171745204804302,-0.6913241650162248,0.7139050494716549,0.0632328094687283
1723528244.2111855,-31.567300796508793,-24.535594940185543,-2.1327197551727295,-0.08850781063070716,-0.6917111966492789,0.7142705010207641,0.05932654767410739
1723528244.2445216,-31.570117950439457,-24.6010627746582,-2.161036729812622,-0.087155935732604,-0.6907336833454676,0.7155086257400244,0.05777740086053962
1723528244.3445315,-31.600452423095707,-24.857049942016598,-2.1505701541900635,-0.08257223609184944,-0.6920178400859809,0.7151626822100119,0.05324915777462823
1723528244.411204,-31.635593414306644,-25.00098609924316,-2.1410255432128906,-0.07838680271884355,-0.693201155720918,0.7147561570810506,0.049510633013821186
1723528244.4778762,-31.64933776855469,-25.1490364074707,-2.145608425140381,-0.07453466893495475,-0.6941635731110131,0.7144841939114982,0.04575864446358241
1723528244.5445478,-31.66659736633301,-25.30318450927734,-2.1511945724487305,-0.07038631611315578,-0.6943772235458711,0.7149331666463847,0.04191187366032724
1723528244.5778832,-31.671447753906254,-25.37528610229492,-2.1569976806640625,-0.06875464680480783,-0.694744093003745,0.7148627259693545,0.03968282750527852
1723528244.6445544,-31.681886672973636,-25.520572662353512,-2.160583972930908,-0.06579295004726268,-0.6948068395510123,0.7153175157779508,0.03515103211107153
1723528244.6778903,-31.687494277954105,-25.601634979248043,-2.1688756942749023,-0.06441189297437469,-0.6948350194351156,0.7155408063776721,0.03250781780512198
1723528244.7445612,-31.686363220214847,-25.737033843994137,-2.176631212234497,-0.0615434024201031,-0.694260761993627,0.7165426192582743,0.02794778633590399
1723528244.8112316,-31.702419281005863,-25.889110565185543,-2.2370150089263916,-0.058149588226019636,-0.691760307329585,0.7194404502575393,0.022175236766527176
1723528244.8779016,-31.680965423583988,-26.026073455810543,-2.1731417179107666,-0.05501081502776293,-0.693511245989264,0.718125049756523,0.017674128792989012
1723528244.911236,-31.722652435302738,-26.115228652954098,-2.1175167560577393,-0.0523721086898263,-0.6952442133688225,0.7167437002044142,0.013081063635385026
1723528244.9779055,-31.75349617004395,-26.26307868957519,-2.1946840286254883,-0.04697954590537059,-0.6919471346042986,0.7203862083640363,0.006767272590433728
1723528245.0445747,-31.70785522460938,-26.397331237792965,-2.1854708194732666,-0.043837085506658824,-0.6915354673490839,0.7210070666312527,0.0024118873030411067
1723528245.1112435,-31.804126739501957,-26.67507171630859,-2.2117421627044678,-0.03402378872968021,-0.6908022734218594,0.7221944556916114,-0.00835278420442344
1723528245.1779158,-31.803442001342777,-26.824121475219723,-2.2176408767700195,-0.027740882338769562,-0.6903481186812361,0.7228013743618319,-0.01442538391140445
1723528245.2445905,-31.78877639770508,-26.972078323364254,-2.2148890495300293,-0.0217359143695284,-0.6901434316798156,0.7230615418329783,-0.02028793872832641
1723528245.311265,-31.768737792968754,-27.12323951721191,-2.2169787883758545,-0.016493841211896197,-0.6894610406563468,0.723649664498392,-0.02650640848000258
1723528245.344603,-31.779293060302738,-27.198926925659176,-2.214449405670166,-0.013138143864792154,-0.6892871875731174,0.7237308254216849,-0.030401555186817333
1723528245.4112773,-31.761938095092777,-27.345329284667965,-2.2070164680480957,-0.007785782042474284,-0.6893959391864218,0.7233913298407404,-0.03711609546414777
1723528245.4779513,-31.752111434936527,-27.516744613647457,-2.20110821723938,-0.0016550230765929581,-0.6894337555951149,0.7229392483826729,-0.04513535966986037
1723528245.5446253,-31.721382141113285,-27.674180984497067,-2.200284242630005,0.0025585266216511856,-0.6888958831968501,0.7229982211467046,-0.05186027646145913
1723528245.5779617,-31.707771301269535,-27.748100280761715,-2.2083325386047363,0.0050130088546759145,-0.6885433002322239,0.7230518055337799,-0.05548945811486624
1723528245.6446352,-31.6876335144043,-27.902748107910153,-2.2156434059143066,0.010296156306152859,-0.6882729275941318,0.7226328106533594,-0.06305701605331934
1723528245.7446456,-31.643167495727543,-28.133258819580075,-2.2127315998077393,0.01780764526904745,-0.6891064005264816,0.7206851381745754,-0.07367623862346179
1723528245.8113189,-31.61775588989258,-28.27994918823242,-2.2105860710144043,0.025887976632130928,-0.6899377598186562,0.7190062306679711,-0.07966015630755968
1723528245.8446548,-31.589445114135746,-28.354904174804684,-2.2046210765838623,0.02994907856707564,-0.6905664725221892,0.7180018670859392,-0.08181881557654666
1723528245.8779914,-31.55862617492676,-28.481966018676754,-2.1696040630340576,0.03321294329280724,-0.6925809174514523,0.7157102957747261,-0.08359034454999852
1723528245.944664,-31.517694473266605,-28.629297256469723,-2.179570436477661,0.039877290114123824,-0.6920639127386078,0.715192079234953,-0.08920556158484477
1723528246.0113363,-31.483934402465824,-28.769762039184567,-2.1762118339538574,0.04555553898115979,-0.6911311676078271,0.7149452806974315,-0.0954759008213518
1723528246.0780087,-31.440410614013675,-28.90476036071777,-2.171283721923828,0.05047923329409865,-0.6892109883896316,0.7153842630929584,-0.10327350390091325
1723528246.1446807,-31.38974189758301,-29.037950515747067,-2.1842501163482666,0.05722223766424736,-0.6867045775197557,0.7161572410511174,-0.11082077792617341
1723528246.1780164,-31.402963638305668,-29.094366073608395,-2.188103199005127,0.06233878937814491,-0.6855112850186079,0.7157811145624172,-0.11766711302138766
1723528246.2780256,-31.32570838928223,-29.291461944580075,-2.1936328411102295,0.0718822234824161,-0.682413318364284,0.7157953368539628,-0.1295455310089561
1723528246.3446975,-31.27035713195801,-29.419805526733395,-2.185215711593628,0.0779181677308828,-0.6809365853003765,0.714995715497103,-0.13796830345304367
1723528246.378033,-31.23329544067383,-29.48487281799316,-2.1933987140655518,0.08137397383202263,-0.6797804159765931,0.7149185272456396,-0.1420153577554243
1723528246.4447043,-31.188865661621097,-29.60587120056152,-2.1829113960266113,0.08887552939641735,-0.678283648037562,0.7134799959717588,-0.15158736236079268
1723528246.5113757,-31.126579284667972,-29.739351272583004,-2.1741907596588135,0.0952049910620412,-0.6763376037931087,0.7120577589316751,-0.16271817144213876
1723528246.5447116,-31.09804153442383,-29.797475814819332,-2.176025629043579,0.09863842735611274,-0.6746225305240232,0.7121529553181429,-0.1673112972566744
1723528246.6113822,-31.03104400634766,-29.91597175598144,-2.1779966354370117,0.10453567222043825,-0.6724061773242361,0.7110381097125401,-0.17710740375841671
1723528246.7113872,-30.930049896240238,-30.10369491577148,-2.1682565212249756,0.11718533940192843,-0.6699470334821974,0.7078652823487428,-0.19069690769121825
1723528246.7447226,-30.904176712036136,-30.214759826660153,-2.170729398727417,0.12222722896192247,-0.6681010327566771,0.7070197270857683,-0.19703964078661243
1723528246.8113925,-30.826988220214847,-30.323213577270504,-2.1659674644470215,0.1312595504876607,-0.6655012788530431,0.7053795771077983,-0.20571492519981432
1723528246.878062,-30.745077133178714,-30.427482604980465,-2.1617534160614014,0.1402041898018634,-0.6627117839490059,0.703936014657571,-0.21361171279952165
1723528246.911396,-30.69871330261231,-30.477130889892575,-2.156484365463257,0.14468091721574416,-0.6611796145680208,0.7033413011715739,-0.21730154978640132
1723528246.9780648,-30.608486175537113,-30.54318237304687,-2.153399705886841,0.15426684589937473,-0.6577212607776934,0.7027259887558541,-0.22311581769199407
1723528247.0447335,-30.518039703369144,-30.64576911926269,-2.133316993713379,0.16271963577311468,-0.6554753529889288,0.7003240655391628,-0.23112893584448208
1723528247.1447368,-30.383815765380863,-30.784187316894528,-2.13110089302063,0.17517337607075414,-0.650063595641861,0.6985168828217361,-0.24249901927668566
1723528247.2114065,-30.295677185058597,-30.87386322021484,-2.128002882003784,0.1822372456501924,-0.6470562131694928,0.6965855313724388,-0.25075175129829985
1723528247.2447407,-30.253221511840824,-30.918998718261715,-2.1190881729125977,0.1856036218332819,-0.6458002245418836,0.6953001501275803,-0.25505110620537447
1723528247.31141,-30.16740226745606,-30.99842834472656,-2.114321231842041,0.19267406240250282,-0.6430346581013263,0.6929505462891962,-0.2630640122771098
1723528247.3780785,-30.077476501464847,-31.088621139526364,-2.1063671112060547,0.19960140424177825,-0.6406986044641692,0.6901220333768536,-0.27091725066922795
1723528247.4114132,-30.03323554992676,-31.126573562622067,-2.105583429336548,0.20290281502760737,-0.6393086988145376,0.6889268781808343,-0.2747627918659026
1723528247.4780815,-29.940464019775394,-31.210948944091793,-2.0960729122161865,0.2097460578168217,-0.6370669064097904,0.6859928920347697,-0.2820746356295346
1723528247.5447495,-29.849807739257816,-31.286287307739254,-2.0930323600769043,0.2164753467253093,-0.6339471283244145,0.6838564172455173,-0.2891191161813941
1723528247.6780837,-29.663087844848636,-31.440162658691403,-2.077272415161133,0.23061365223346306,-0.6277760486293822,0.6785457286395099,-0.30379313737459546
1723528247.7114167,-29.617044448852543,-31.47469902038574,-2.08005952835083,0.23424852129662274,-0.6259051847740106,0.6776031994334043,-0.3069596619443208
1723528247.7780828,-29.52346229553223,-31.545713424682614,-2.0741186141967773,0.24083988578166732,-0.6228770340323126,0.6750092494338112,-0.31366042636996116
1723528247.8780825,-29.379524230957035,-31.65303802490234,-2.0629868507385254,0.25002446520635707,-0.6185419892706211,0.671007362982433,-0.3234852286129609
1723528247.9114146,-29.330635070800785,-31.689477920532223,-2.058009147644043,0.253076095219379,-0.6171005337971186,0.6697037637554045,-0.32655212451868754
1723528247.9780798,-29.237293243408207,-31.754068374633786,-2.0521926879882812,0.2594361215242625,-0.6140854788614022,0.6671284366752028,-0.3324628888753008
1723528248.0447447,-29.14150428771973,-31.818698883056637,-2.0443971157073975,0.26565259383602047,-0.6111462758909998,0.6644831356907255,-0.3382175205919664
1723528248.1114092,-29.048151016235355,-31.8693675994873,-2.030545473098755,0.2709485067107917,-0.608646844741946,0.6616904299450976,-0.34395014175885685
1723528248.1780899,-28.946527481079105,-31.93689918518066,-2.0285115242004395,0.27635304711430625,-0.6057574425579819,0.6592130807862663,-0.34946391552852896
1723528248.2447865,-28.85185813903809,-31.99289512634277,-2.023015022277832,0.2815181160354621,-0.6031579215640663,0.6565078825437991,-0.35488797127574917
1723528248.3114836,-28.757570266723636,-32.0260124206543,-2.0140349864959717,0.2860842442788283,-0.6019814821812582,0.6520692963034659,-0.36135817841107476
1723528248.3781807,-28.65787506103516,-32.07943344116211,-2.0094966888427734,0.291054633701764,-0.5991990463604435,0.6496331703782987,-0.3663665473070756
1723528248.4782274,-28.51206779479981,-32.16188430786133,-1.995527744293213,0.29789499453392915,-0.5956158685394761,0.6455750598506986,-0.3738089772522363
1723528248.5449252,-28.40745544433594,-32.21065139770508,-1.988486886024475,0.30267008234230575,-0.5929875756406334,0.643446346783804,-0.3778006818433798
1723528248.611623,-28.30406188964844,-32.256072998046875,-1.9890834093093872,0.3076382138848697,-0.5899834520697631,0.6416982986930224,-0.38144665301461683
1723528248.678321,-28.174703598022464,-32.327999114990234,-1.980407476425171,0.31237213902303984,-0.5873290047457648,0.6392299724416041,-0.3858151491048874
1723528248.7116697,-28.141960144042972,-32.339996337890625,-1.9697567224502563,0.3147314774073967,-0.5863973716374364,0.637510707246629,-0.3881524414602679
1723528248.8117177,-27.95984268188477,-32.43870544433594,-1.95559561252594,0.32033373348678174,-0.5833815913634843,0.6345806551769259,-0.3928862559620171
1723528248.8450663,-27.909561157226566,-32.46235656738281,-1.9483388662338257,0.3222358617257402,-0.5824216873270959,0.6329327935988884,-0.395404990277102
1723528248.911765,-27.809646606445316,-32.5035285949707,-1.940104603767395,0.3264370675968499,-0.5802891758513891,0.629988762093383,-0.3997717760479502
1723528248.9784641,-27.709203720092777,-32.543601989746094,-1.9330484867095947,0.330281969159312,-0.5778574582588203,0.6275682724084679,-0.4039215793308822
1723528249.045163,-27.6103687286377,-32.580135345458984,-1.924851417541504,0.3339894043794448,-0.5752362875326062,0.6252463451527496,-0.408192723037902
1723528249.0785131,-27.558656692504886,-32.60353469848633,-1.9224120378494263,0.33585184822176367,-0.5739635947629846,0.6238942638990406,-0.4105183009399851
1723528249.2119153,-27.609132766723636,-32.514766693115234,-1.9067578315734863,0.3430384763212743,-0.5684933789327278,0.620197489604666,-0.4177259337902053
1723528249.245266,-27.557792663574222,-32.53279113769531,-1.903029203414917,0.345131912065033,-0.5670297497384201,0.6188336554325573,-0.4200073012340355
1723528249.311969,-27.452692031860355,-32.566802978515625,-1.8950048685073853,0.3489917841857775,-0.564252614625877,0.6162349072417689,-0.42435628963810357
1723528249.378672,-27.350450515747074,-32.59682846069336,-1.886061191558838,0.35266052346736304,-0.5618160443157686,0.6132714716549552,-0.42882559344245463
1723528249.5120778,-27.25429153442383,-32.59431838989258,-1.8718476295471191,0.3603291160066666,-0.5566948850817967,0.6083311005436878,-0.436104351265755
1723528249.578781,-27.151939392089847,-32.61159896850586,-1.8596397638320923,0.36414839178446146,-0.554043022150215,0.6053754473444144,-0.44040077897296825
1723528249.645484,-27.05102920532227,-32.61982727050781,-1.8536276817321777,0.3683740190443742,-0.5506599458762461,0.6035036058752641,-0.4436863799985512
1723528249.7121875,-26.967786788940433,-32.631649017333984,-1.8493887186050415,0.37255378497737335,-0.5479516885795287,0.6007313943867594,-0.44729678746892
1723528249.8122427,-26.976140975952152,-32.59811782836914,-1.82149076461792,0.378396230474064,-0.5442208082189792,0.5973409013219726,-0.4514685507013237
1723528249.8789465,-26.928524017333988,-32.6279182434082,-1.8115379810333252,0.3818761282607796,-0.5415989602501236,0.5944995070893878,-0.4554245546641249
1723528249.94565,-26.886489868164066,-32.59766387939453,-1.8099592924118042,0.38505740009611467,-0.5392825536141743,0.59201325347835,-0.4587215208648653
1723528249.9790013,-26.92191314697266,-32.520118713378906,-1.787252426147461,0.3862682332758731,-0.5384421665539125,0.5915434591313881,-0.4592964415250093
1723528250.0790572,-26.886306762695316,-32.5035285949707,-1.7791109085083008,0.3911172726664328,-0.5349742907575925,0.5885055090993654,-0.4631317879503403
1723528250.1124089,-26.68948554992676,-32.578819274902344,-1.7567003965377808,0.3916220461456477,-0.5340763576158823,0.5867209059459951,-0.4659969911215729
1723528250.179096,-26.630018234252933,-32.56032180786133,-1.7123157978057861,0.39457520433557147,-0.5324381186127112,0.584778081309727,-0.4678190393639544
1723528250.2457662,-26.51282119750977,-32.58460998535156,-1.7084766626358032,0.39732716917209315,-0.5299630158613639,0.5831925428337864,-0.47027309134148965
1723528250.2791016,-26.45262718200684,-32.59906005859375,-1.6988487243652344,0.3988257231312126,-0.5292207348301247,0.5819306287746845,-0.4714023755653217
1723528250.345771,-26.3999137878418,-32.57908630371094,-1.7010136842727661,0.4009488559094089,-0.5272821803215072,0.5808168893435274,-0.47314401434831926
1723528250.4124403,-26.398208618164066,-32.56269454956055,-1.6989564895629883,0.4025312572289755,-0.5264777729593839,0.5786223594123365,-0.47537975001201804
1723528250.4791093,-26.34152984619141,-32.560176849365234,-1.7214515209197998,0.4038776869804103,-0.524470893268067,0.5781609249701968,-0.4770147177095862
1723528250.5791113,-26.341478347778324,-32.55476379394531,-1.7135807275772095,0.4057006142139247,-0.5236696869757185,0.5757955199057057,-0.4792041212528494
1723528250.645779,-26.254091262817386,-32.48928451538086,-1.6146783828735352,0.40770191144775125,-0.523218210577917,0.5755819991728713,-0.47825434420363966
1723528250.7124465,-25.978096008300785,-32.65489959716797,-1.6488683223724365,0.4099421347357524,-0.5214935527138198,0.5741018789541419,-0.4799989096107786
1723528250.7457805,-25.92134475708008,-32.663818359375,-1.647577166557312,0.4106612956844416,-0.5210125274691327,0.5737726144177445,-0.4803001492725441
1723528250.8124473,-25.81038093566895,-32.684993743896484,-1.6442159414291382,0.4117696139250183,-0.5201256384370123,0.5734450169036813,-0.480703565492153
1723528250.84578,-25.75291442871094,-32.6868782043457,-1.6411882638931274,0.4118925883013569,-0.5201568333864695,0.572733929926061,-0.4814116844190838
1723528250.9791117,-25.550586700439457,-32.72969436645508,-1.6314330101013184,0.4127512574398861,-0.5187384910516745,0.5715588990934253,-0.4835981826375452
1723528251.0457773,-25.641819000244144,-32.63117218017578,-1.604755163192749,0.4123950116220008,-0.5195240396977173,0.5712913568613396,-0.4833749188166306
1723528251.0791104,-25.65352058410645,-32.6036491394043,-1.575045108795166,0.4127805885053416,-0.5197880908284643,0.5709368881739183,-0.4831807075084504
1723528251.1457753,-25.58683776855469,-32.596317291259766,-1.5820904970169067,0.41353826581265835,-0.5194881719765579,0.5700738827251419,-0.4838738576527921
1723528251.1791165,-25.37313270568848,-32.64104080200195,-1.5557469129562378,0.4144159526688523,-0.5190586502117503,0.5695999836471077,-0.484141915602376
1723528251.2791417,-25.2013053894043,-32.678165435791016,-1.5469127893447876,0.41643610369052936,-0.5180695097202097,0.5681960370504751,-0.4851167056713751
1723528251.3458247,-25.082054138183597,-32.707420349121094,-1.5346405506134033,0.4175021840955878,-0.5181026655832707,0.5668291550905434,-0.4857635876949447
1723528251.445848,-24.96884346008301,-32.7009162902832,-1.5204501152038574,0.41871553797827576,-0.5176263598042953,0.5660817630817124,-0.4860984338563719
1723528251.5125306,-24.855094909667972,-32.74032211303711,-1.5165570974349976,0.4195648412077696,-0.5170335924727644,0.5653279037626487,-0.4868736689371647
1723528251.6125543,-24.7976245880127,-32.653526306152344,-1.4753350019454956,0.42034963594140257,-0.5172068474237937,0.5650811518763796,-0.4862988302843582
1723528251.6792362,-24.83057022094727,-32.5601692199707,-1.4550120830535889,0.4202923448293495,-0.5174099116748105,0.5662392731644453,-0.4847828521149574
1723528251.7125766,-24.7933464050293,-32.56028366088867,-1.426728367805481,0.42056976731404155,-0.5178322059322621,0.5655603869311983,-0.4848838273803054
1723528251.7459178,-24.54316902160645,-32.65167236328125,-1.4305211305618286,0.4210799038663217,-0.5168521116050652,0.5652673114501606,-0.4858276195269488
1723528251.8125992,-24.420036315917972,-32.67774963378906,-1.4277818202972412,0.42157960735844746,-0.516002065928001,0.565475395055741,-0.4860556348856432
1723528251.8792808,-24.290344238281254,-32.69647216796875,-1.4269505739212036,0.42211359119317543,-0.5155603995142842,0.5655855607940781,-0.48593267435306386
1723528251.9459617,-24.205764770507816,-32.694026947021484,-1.4016852378845215,0.4221041589427687,-0.5167482297547742,0.5644264485453977,-0.48602688221018664
1723528252.0126426,-24.149375915527347,-32.636268615722656,-1.3786758184432983,0.42267154671381263,-0.517194009248271,0.56474051975081,-0.4846929602829381
1723528252.112663,-23.979696273803714,-32.660255432128906,-1.3745914697647095,0.4223824159968722,-0.5171734954176325,0.5645475232061387,-0.48519147182938804
1723528252.1793473,-23.8642692565918,-32.681495666503906,-1.3619258403778076,0.422533669544162,-0.517334055285118,0.5641054345317666,-0.4854027524391742
1723528252.246035,-23.637798309326175,-32.778038024902344,-1.3614121675491333,0.4232041564153208,-0.5164230552988306,0.5644142244585962,-0.4854297613222939
1723528252.2793796,-23.616748809814457,-32.73870086669922,-1.3379238843917847,0.42329290830642596,-0.516409489135867,0.5650501066536401,-0.48462638215292236
1723528252.3460672,-23.48550605773926,-32.76720428466797,-1.3296910524368286,0.4235971563149532,-0.5162088245134365,0.5646814594692948,-0.4850038638897307
1723528252.4460976,-23.30490112304688,-32.7864875793457,-1.3202680349349976,0.42383606400526325,-0.5161636272054204,0.564311112367564,-0.48527422068058884
1723528252.512785,-23.204971313476566,-32.76399230957031,-1.2997729778289795,0.4239142163917675,-0.5165343949490111,0.5642704673498498,-0.4848585315866837
1723528252.5794718,-23.097913742065433,-32.75149917602539,-1.2891935110092163,0.42433868210138054,-0.515819710183983,0.5648560555389361,-0.48456614200660963
1723528252.6128159,-23.108255386352543,-32.73297882080078,-1.2705124616622925,0.42452540780662945,-0.5167257508032681,0.564058516509178,-0.4843662524752104
1723528252.6795027,-23.037395477294925,-32.70741653442383,-1.258236050605774,0.42492944900844437,-0.5166754591047178,0.5642036175707639,-0.4838963848225901
1723528252.8128757,-22.59474563598633,-32.964691162109375,-1.2913109064102173,0.4266358693713462,-0.5144715938626307,0.562613837384723,-0.4865865637863797
1723528252.846218,-22.567266464233402,-32.982398986816406,-1.317610502243042,0.426685247362119,-0.5143004197124412,0.5625318657657572,-0.48681893755813405
1723528252.9795904,-22.377550125122074,-33.012062072753906,-1.2960506677627563,0.42808276427596836,-0.514097544268382,0.5615403934696713,-0.4869509712578789
1723528253.012934,-22.274734497070316,-33.01816177368164,-1.2905821800231934,0.4283158837656214,-0.5137959585940844,0.5615808054114115,-0.48701767487426073
1723528253.07962,-22.207525253295902,-32.99717330932617,-1.2963917255401611,0.42814636737832273,-0.5136295998407545,0.5619589797070972,-0.4869059738745575
1723528253.1463053,-22.11546897888184,-32.99108123779297,-1.2703843116760254,0.4283544429663551,-0.5138004414267994,0.561691909863297,-0.4868508765266135
1723528253.2796664,-21.883666992187504,-33.013423919677734,-1.2493494749069214,0.4290786579123955,-0.5132268196069565,0.5609556655359625,-0.487666359577254
1723528253.313006,-21.819059371948246,-33.028663635253906,-1.244017481803894,0.42913444327276623,-0.5131835080625086,0.560498766023377,-0.4881879248157436
1723528253.3796859,-21.41148948669434,-33.213157653808594,-1.3083451986312866,0.4301205912855495,-0.510562476558342,0.5601049694526435,-0.49051468650513924
1723528253.4797063,-21.22086334228516,-33.23276138305664,-1.2989952564239502,0.43041859510980185,-0.509725546809829,0.5595523515163705,-0.49175285034824706
1723528253.546386,-21.093872070312504,-33.23739242553711,-1.2892117500305176,0.4308996582715611,-0.5092805010552982,0.5591874662889579,-0.49220751039744587
1723528253.579725,-21.038860321044925,-33.236305236816406,-1.3066498041152954,0.4310097339253574,-0.5085884261809337,0.5595168332398502,-0.4924523685978608
1723528253.6797445,-20.89751243591309,-33.269901275634766,-1.2938196659088135,0.43224363381531905,-0.507541663748886,0.5589966272091779,-0.4930412471121506
1723528253.7464235,-20.77849388122559,-33.260658264160156,-1.2652864456176758,0.4330094153990111,-0.5074803043275071,0.5583311085108926,-0.49318653688484365
1723528253.8131022,-20.677118301391605,-33.256446838378906,-1.2511324882507324,0.43355738989772985,-0.5067699529218321,0.5583731867504145,-0.49338786851609817
1723528253.8797808,-20.55232429504395,-33.26747512817383,-1.2748669385910034,0.43366277740352877,-0.506421791109452,0.5579488299283113,-0.49413223752936875
1723528253.946459,-20.02536201477051,-33.603355407714844,-1.300305962562561,0.43613558128615604,-0.5026892431078289,0.5567856309874551,-0.49707045851243903
1723528254.0464756,-19.818470001220707,-33.622528076171875,-1.2938146591186523,0.4372872656092263,-0.5018013856642598,0.5559302152333548,-0.4979124546263436
1723528254.1131537,-19.677904129028324,-33.639137268066406,-1.287379264831543,0.43790916323204365,-0.501338574588387,0.555189647783773,-0.4986578520196246
1723528254.2132063,-19.5090446472168,-33.65961456298828,-1.280522346496582,0.43858369434349154,-0.5004906902174993,0.5545654560029548,-0.4996104152936173
1723528254.2465625,-19.443088531494144,-33.66154861450195,-1.2783809900283813,0.4389317785827155,-0.5001513308066398,0.5543374683661302,-0.4998975007018848
1723528254.3132758,-19.321861267089847,-33.67543029785156,-1.2693763971328735,-0.43987577768462227,0.4998778205104697,-0.5534168362771106,0.5003611396712231
1723528254.346633,-19.296030044555668,-33.68033981323242,-1.262871265411377,-0.4399234166277194,0.49979422563534226,-0.5533547851439825,0.5004713790841788
1723528254.4133465,-19.15499877929688,-33.69379806518555,-1.256799578666687,-0.44032162079188425,0.49965629577974774,-0.5523916080198619,0.5013222194757587
1723528254.5134168,-18.657478332519535,-33.879634857177734,-1.281990885734558,-0.4417388340198892,0.49650926134944373,-0.552303748639743,0.5032950676804476
1723528254.5801303,-18.512416839599613,-33.901771545410156,-1.2727986574172974,-0.44228256213577827,0.4955568843018091,-0.5518806055782415,0.504219502635795
1723528254.613488,-18.437383651733402,-33.91006088256836,-1.26726496219635,-0.44269026710059134,0.4950684482542035,-0.551796935293871,0.5044330492323772
1723528254.6802018,-18.290658950805668,-33.93043518066406,-1.2580649852752686,-0.4431333315325768,0.49432972298502603,-0.5513333101473403,0.5052747337640817
1723528254.746916,-18.143793106079105,-33.94779968261719,-1.2456917762756348,-0.4435353469792718,0.4936043847865281,-0.5509879051589615,0.506007347444708
1723528254.8136303,-18.048334121704105,-33.93107223510742,-1.237682580947876,-0.4442419794309014,0.49322675547327166,-0.5508318088688234,0.5059256365662095
1723528254.8803446,-17.925943374633793,-33.953033447265625,-1.2264784574508667,-0.44515419984554755,0.4928973642527214,-0.5499396361455724,0.5064151688769463
1723528254.947059,-17.779060363769535,-33.97549057006836,-1.2131155729293823,-0.4459150510290811,0.49274732487050477,-0.5488930330559647,0.5070269020094665
1723528255.0137737,-17.66131973266602,-33.97324752807617,-1.2025583982467651,-0.44624855306736355,0.4928322283323397,-0.548313809003865,0.5072776266088798
1723528255.0471306,-17.336643218994144,-34.084320068359375,-1.205337643623352,-0.44712010706195193,0.4916276475576309,-0.5479075342960965,0.5081173091712488
1723528255.147203,-17.12252807617188,-34.121952056884766,-1.207796335220337,-0.4481503539132467,0.49071431301842616,-0.5471688555218878,0.5088879708080684
1723528255.180547,-17.045232772827152,-34.128780364990234,-1.2073041200637817,-0.4483305806745962,0.4903091029925648,-0.5470280601031131,0.5092710235370072
1723528255.280586,-16.816738128662113,-34.15523910522461,-1.195812463760376,-0.44944851864477153,0.4898669674779215,-0.5459457376414225,0.5098721749744427
1723528255.3806243,-16.65645790100098,-34.134273529052734,-1.1732488870620728,-0.4501549247320728,0.49005027232862547,-0.5453341356302972,0.5097273338231515
1723528255.413971,-16.573278427124027,-34.15407180786133,-1.1777498722076416,-0.45027499298787677,0.4898691102346496,-0.5448617185366827,0.5103002970809765
1723528255.5140088,-16.36474418640137,-34.17415237426758,-1.1656360626220703,-0.45161839569058476,0.48981192892768755,-0.5434845237387136,0.510636535522581
1723528255.5473554,-16.282039642333988,-34.18326187133789,-1.143730640411377,-0.4523795243296345,0.49008582248903904,-0.542430485844892,0.5108207323402314
1723528255.6140475,-16.14840698242188,-34.18568420410156,-1.1518845558166504,-0.45280998047522975,0.4889508191039158,-0.5427960800856158,0.5111385658736012
1723528255.6807396,-16.00298881530762,-34.18909454345703,-1.144246220588684,-0.45296625099761506,0.4883785268354921,-0.5428529658959143,0.5114867030541161
1723528255.714085,-15.653335571289066,-34.30299377441406,-1.1403357982635498,-0.45345201158721815,0.4871155690149732,-0.5427480037425708,0.5123712521640718
1723528255.780777,-15.492710113525394,-34.31343078613281,-1.1339962482452393,-0.4540714667377781,0.48663138033795195,-0.5422339206004918,0.5128268500334223
1723528255.8808153,-15.246295928955082,-34.34280014038086,-1.1197928190231323,-0.454704569731809,0.48642301238724944,-0.5407933461813409,0.5139834277592155
1723528255.9141607,-15.18182182312012,-34.345829010009766,-1.1109488010406494,-0.454971991942146,0.48646823400868744,-0.5405309561711497,0.513979989172115
1723528255.9808524,-15.06906890869141,-34.33010482788086,-1.108110785484314,-0.4552066216126039,0.48625107207787727,-0.5405632795404671,0.5139437394847897
1723528256.0808907,-14.845779418945316,-34.3508415222168,-1.0946784019470215,-0.45590586887618,0.4857121689770624,-0.5398300357273688,0.5146037894909449
1723528256.147582,-14.700845718383793,-34.36310958862305,-1.0813355445861816,-0.4565222726712147,0.485394545803135,-0.5390685619244171,0.5151549621273374
1723528256.2142704,-14.551452636718754,-34.36865997314453,-1.0772603750228882,-0.4571610826192165,0.4848669198064455,-0.5391458101081048,0.5150044757657078
1723528256.2476125,-14.432501792907718,-34.3892822265625,-1.0875433683395386,-0.45741670953102526,0.48407607401386105,-0.5392115266697819,0.5154524594136495
1723528256.3142977,-14.3092155456543,-34.36219787597656,-1.0735652446746826,-0.45793378009616564,0.48416683013005035,-0.539213127873045,0.5149061432708131
1723528256.3809829,-14.021830558776859,-34.40985870361328,-1.0459429025650024,-0.45858532595032986,0.48364250093820116,-0.539045485128981,0.5149945582929334
1723528256.4143262,-13.936614990234379,-34.4169921875,-1.0410653352737427,-0.45863473853444675,0.48361890236036487,-0.5388580429752505,0.51516884941743
1723528256.4810112,-13.782091140747074,-34.409461975097656,-1.0366398096084595,-0.4587022530061802,0.4835853004079455,-0.5390831708553644,0.5149046855651416
1723528256.547696,-13.621719360351566,-34.4218864440918,-1.0231375694274902,-0.45889413024192044,0.48355628098862535,-0.5390272498448704,0.5148195064977985
1723528256.6810658,-13.32278156280518,-34.45221710205078,-1.0035853385925293,-0.45912919452953543,0.4838310983997123,-0.5389780850628237,0.5144030275707945
1723528256.747751,-13.175507545471195,-34.45130157470703,-0.9926386475563049,-0.4590964323714257,0.4843884319263029,-0.5392547894746038,0.5136171578408447
1723528256.7810926,-13.095216751098636,-34.46369934082031,-0.9800183176994324,-0.4591467789138222,0.48482445412336705,-0.5387064270897646,0.5137361866845872
1723528256.8811202,-12.841145515441898,-34.49102783203125,-0.9688764214515686,-0.45906909334769247,0.48532595688908925,-0.5390328261595585,0.5129891767133657
1723528256.947805,-12.676757812500004,-34.49659729003906,-0.9705761075019836,-0.45889384773203407,0.48573973814472565,-0.5392833707794018,0.5124907699672145
1723528257.0478313,-12.242936134338382,-34.5517578125,-0.9690453410148621,-0.4590274285652979,0.48544476262975134,-0.5398490234790735,0.5120549131770592
1723528257.1145158,-12.068827629089359,-34.57499694824219,-0.9598990678787231,-0.4588786818451916,0.48598332991601256,-0.5395172224309294,0.5120270745694789
1723528257.1478586,-11.979409217834476,-34.581729888916016,-0.9551079273223877,-0.45896740572088324,0.48628818537545265,-0.5394874391232936,0.5116893826124227
1723528257.21454,-11.81674957275391,-34.58244323730469,-0.9467461705207825,-0.45901623841459693,0.48688909057610025,-0.5397188358361796,0.510829408504768
1723528257.281218,-11.632544517517093,-34.60138702392578,-0.9403204917907715,-0.4589196215804469,0.4866062792132387,-0.540328835309377,0.5105407522342553
1723528257.4145732,-11.314222335815433,-34.621337890625,-0.9211599230766296,-0.45872645403537365,0.48745612969523366,-0.5406332537947571,0.5095804616367956
1723528257.4479115,-11.203745841979984,-34.66508483886719,-0.9141948223114014,-0.4589231567121485,0.4872479485996777,-0.5402185889496608,0.510042007066085
1723528257.5812657,-10.940063476562504,-34.66759490966797,-0.8768479824066162,-0.4587107698744574,0.4886568835164105,-0.540403748561503,0.5086872008748478
1723528257.6479425,-10.59189319610596,-34.68341064453125,-0.8838266730308533,-0.4577585788119687,0.4884844795121585,-0.541132653483627,0.5089356031302499
1723528257.747958,-10.320163726806644,-34.714542388916016,-0.8708821535110474,-0.4567122612507336,0.488467650824012,-0.5418372922501373,0.509142036418868
1723528257.7812955,-10.252519607543949,-34.701133728027344,-0.8686109781265259,-0.4561573845610592,0.4885329008385077,-0.5425319418909482,0.5088370439902774
1723528257.847972,-10.058169364929203,-34.743507385253906,-0.856322705745697,-0.45612080199915606,0.4887580989431598,-0.5421922233481905,0.509015645773154
1723528257.9479864,-9.81400012969971,-34.74584197998047,-0.8420080542564392,-0.4553663705984384,0.48882811587190567,-0.5431950669021299,0.5085544817955291
1723528258.014662,-9.65988922119141,-34.75593566894531,-0.8292169570922852,-0.45494701653435976,0.4886702512580877,-0.5440388910419475,0.5081793804511262
1723528258.0479991,-9.57055759429932,-34.760894775390625,-0.8234708905220032,-0.45464937118840365,0.4885040750242482,-0.5444576320908301,0.5081570670774334
1723528258.1480126,-9.317972183227543,-34.78789520263672,-0.8170068264007568,-0.4540599620841329,0.48758769818040576,-0.5460007972295047,0.5079083744535374
1723528258.2147267,-8.982857704162601,-34.868316650390625,-0.7974041700363159,-0.4539797218440625,0.48668438114537776,-0.5464385468271725,0.5083754909955204
1723528258.2814808,-8.864296913146976,-34.82562255859375,-0.7964316010475159,-0.45301409392687086,0.48722032152898775,-0.5474497440562192,0.5076350723951077
1723528258.3816147,-8.592144012451175,-34.86542510986328,-0.7798238396644592,-0.45300582689543845,0.4876454369919754,-0.5473284695700735,0.5073649524531298
1723528258.448373,-8.422545433044437,-34.874717712402344,-0.7739925980567932,-0.45264852892654595,0.4876468858274896,-0.5478425446961114,0.5071275679986985
1723528258.515133,-8.247435569763187,-34.89790344238281,-0.7660387754440308,-0.45243972932057763,0.4876244350888178,-0.5480189893567013,0.5071448401996154
1723528258.548514,-8.172657012939457,-34.88676452636719,-0.7613005042076111,-0.45212596954818285,0.487962044812509,-0.5482800218608574,0.5068176872513117
1723528258.6152763,-7.989109516143803,-34.89437484741211,-0.7599472403526306,-0.4521713132681054,0.48772671020839614,-0.5490486192872095,0.5061712884641929
1723528258.6486576,-7.930980682373051,-34.91276168823242,-0.7478753924369812,-0.4526515830642892,0.48800161374154,-0.5488647794425652,0.5056762039314386
1723528258.7821891,-7.60469770431519,-34.936302185058594,-0.7115173935890198,-0.4525257977114465,0.49014911023501523,-0.5479250767737688,0.5047299895824513
1723528258.8489573,-7.29048871994019,-34.99852752685547,-0.7262179851531982,-0.45202107382877865,0.48956346394446376,-0.5488961724891184,0.5046955076203586
1723528258.8823426,-7.191762447357182,-35.01729202270508,-0.7118180990219116,-0.45214805087927545,0.4899976010002929,-0.5482365100562258,0.5048774308100926
1723528258.9491131,-7.008193492889409,-35.03767013549805,-0.7015676498413086,-0.45203264631255824,0.49042654187158224,-0.5479406916143581,0.5048854247933146
1723528259.0158854,-6.832587242126469,-35.05554962158203,-0.6881986260414124,-0.45186762686068144,0.49100868642473366,-0.5475851061450481,0.5048531164396929
1723528259.0826592,-6.677007675170903,-35.07658386230469,-0.6716189980506897,-0.4519578292766085,0.49035218083652804,-0.5481458794410871,0.5048018959514655
1723528259.149435,-6.529926300048833,-35.07700729370117,-0.6612513661384583,-0.4518354664125514,0.4899261007926281,-0.548826459118363,0.5045856169427381
1723528259.249521,-6.260323524475102,-35.09878158569336,-0.6519371271133423,-0.4522133296243493,0.48947443784176214,-0.5490212784851185,0.5044735027532332
1723528259.282871,-6.181444644927983,-35.10953140258789,-0.646780252456665,-0.4524518507064019,0.4894558053361589,-0.5487663610557872,0.5045550697284423
1723528259.350253,-6.017725944519047,-35.13350296020508,-0.6255218386650085,-0.4530776838024772,0.4899354232734287,-0.5475896283835183,0.5048063909548581
1723528259.383947,-5.938993930816655,-35.134422302246094,-0.6229194402694702,-0.45344940100034636,0.4893683195020239,-0.5481939468721974,0.5043666178613279
1723528259.451342,-5.566605091094975,-35.187782287597656,-0.594159722328186,-0.45405391605141315,0.48880147383836314,-0.547811672301083,0.5047876109637708
1723528259.4850435,-5.439990043640141,-35.21009826660156,-0.6029934883117676,-0.4541670209383615,0.48804426415743973,-0.5477630967650144,0.5054707737717372
1723528259.5524518,-5.263700008392338,-35.228397369384766,-0.5943400859832764,-0.45472271245951873,0.4880940901790059,-0.5471709754832724,0.50556437522285
1723528259.6198685,-5.072334766387944,-35.24127197265625,-0.5910826921463013,-0.454890299346303,0.48774163688491684,-0.5469769090330492,0.5059636075787509
1723528259.687294,-4.923401355743413,-35.24281311035156,-0.5817307233810425,-0.4553495101265701,0.48735170217773915,-0.5472616630713676,0.5056182494177932
1723528259.7547286,-4.761323451995854,-35.26753234863281,-0.5683735013008118,-0.45601271367510143,0.4877426817703113,-0.5462189512419015,0.5057710338190319
1723528259.8221712,-4.573652744293217,-35.27635192871094,-0.5598644614219666,-0.4570283745718532,0.48756956249965683,-0.5457682433919334,0.5055076765638544
1723528259.9233513,-4.310083389282231,-35.29469299316406,-0.5534648299217224,-0.4581970838675771,0.4868094934013499,-0.5458794846277703,0.5050619147511417
1723528259.9908159,-4.175120830535893,-35.31172180175781,-0.5342913269996643,-0.45928444413807973,0.4868129107042097,-0.545463851572552,0.5045197478514665
1723528260.0245519,-3.98669815063477,-35.34638595581055,-0.5326884388923645,-0.4596768234924025,0.4862561118223912,-0.5457247545871509,0.5044171923022637
1723528260.0920296,-3.846429586410527,-35.35079574584961,-0.5278322100639343,-0.45972143689760303,0.48701735318439543,-0.5449320781647026,0.5044990865612818
1723528260.1595156,-3.670286893844609,-35.367366790771484,-0.5194558501243591,-0.46035574637720533,0.48703968099335104,-0.5441690951315042,0.5047226285982637
1723528260.2607608,-3.427312850952153,-35.38257598876953,-0.5021346211433411,-0.4615876661821271,0.48623523594448903,-0.5433659705585415,0.5052381060386464
1723528260.294508,-3.3413937091827437,-35.38106918334961,-0.49751606583595276,-0.46206253056514174,0.48578162384462964,-0.5434339807726296,0.5051672399554681
1723528260.3611295,-3.168549537658696,-35.38463592529297,-0.4950011670589447,-0.46267235786215827,0.48497693608407216,-0.5436196879230089,0.5051824379758931
1723528260.4277499,-2.98667168617249,-35.405941009521484,-0.4936947226524353,-0.46341583031247857,0.4850062031148675,-0.5427197797618114,0.5054403939251266
1723528260.4943688,-2.8645486831665083,-35.389305114746094,-0.48258107900619507,-0.46402597250527033,0.4845431883469878,-0.5433668896351684,0.5046287929907255
1723528260.5609865,-2.700748205184941,-35.404048919677734,-0.4669341444969177,-0.46457017459404865,0.4839589302081998,-0.542916150679916,0.5051735940053605
1723528260.627603,-2.432670593261723,-35.43889617919922,-0.4698966145515442,-0.46512253207140314,0.4828328107236952,-0.5425570789246092,0.5061277735482792
1723528260.694218,-2.150716066360478,-35.44541931152344,-0.4479704201221466,-0.46554301537864573,0.48215977322086573,-0.5426273382276351,0.5063074419043759
1723528260.7275245,-2.0645582675933882,-35.45709228515625,-0.4413868486881256,-0.46573785428491743,0.48136237174002616,-0.5425497503330615,0.5069697097188653
1723528260.794138,-1.8821462392807051,-35.474002838134766,-0.4308140277862549,-0.46603426548479,0.48004989154255595,-0.5424450036662306,0.5080527364571276
1723528260.8274446,-1.791081547737126,-35.48175811767578,-0.42337754368782043,-0.46625230308982907,0.47981503848654145,-0.5419645474497593,0.5085870112509426
1723528260.8940558,-1.6100062131881758,-35.502113342285156,-0.4148133099079132,-0.4657339526221455,0.478776349573664,-0.5420742335971959,0.5099221683099124
1723528260.9606657,-1.4238966703414961,-35.5175895690918,-0.408389151096344,-0.4655433904452155,0.47817255860910046,-0.541979634734132,0.5107625978274615
1723528261.060578,-1.1556895971298262,-35.52962875366211,-0.3913155198097229,-0.46550393350205593,0.47686716317405164,-0.5420491027938578,0.5119439097604539
1723528261.093882,-1.0477596521377608,-35.558345794677734,-0.3711143434047699,-0.4661504576361995,0.4755233927261561,-0.5421581155947505,0.5124898355192198
1723528261.1937904,-0.8393861055374189,-35.52088928222656,-0.36074063181877136,-0.4657022419054062,0.4752128844911674,-0.5422889463501771,0.5130466206537939
1723528261.2270932,-0.7509204745292707,-35.534751892089844,-0.3543262779712677,-0.4660148959026245,0.475225623907278,-0.5417662052598157,0.5133031287817987
1723528261.2936978,-0.5748271346092267,-35.55434036254883,-0.34331828355789185,-0.4663397594943669,0.4748103237361054,-0.5408666849474341,0.5143399792961113
1723528261.42693,-0.23297284543514687,-35.557342529296875,-0.31888630986213684,-0.46674497907832463,0.4747550256377681,-0.5396176047681421,0.5153344843508435
1723528261.4602365,-0.14412344992161233,-35.56660079956055,-0.3138582408428192,-0.46680693646371296,0.47479551377302576,-0.5391035732434689,0.5157788687863195
1723528261.5268495,0.04384399950503867,-35.58336639404297,-0.3004278242588043,-0.4672374561926038,0.4747896872038104,-0.5382074607402053,0.5163299736207002
1723528261.5934613,0.21995036303996604,-35.60438919067383,-0.28532639145851135,-0.46820769755489416,0.47424092474139645,-0.5376079684283571,0.5165798772049726
1723528261.6267672,0.2943006455898241,-35.588294982910156,-0.29553744196891785,-0.46809180807201867,0.47437136786299955,-0.5375407045897811,0.5166351279934195
1723528261.6933768,0.47302889823913136,-35.595645904541016,-0.2896401286125183,-0.4687013366191507,0.47347197250198414,-0.5371313047201716,0.5173328810312642
1723528261.7599852,0.6398195624351458,-35.60041427612305,-0.26386016607284546,-0.46920581778170856,0.47322903772502556,-0.5363495777873035,0.5179085911828707
1723528261.8931978,0.9820489883422808,-35.636383056640625,-0.23918119072914124,-0.4688825764561275,0.4727983906238081,-0.5358566762663214,0.519103490471998
1723528261.9264994,1.0850473642349199,-35.62156295776367,-0.2371339499950409,-0.46861200499995487,0.4728830233399817,-0.5359108861121757,0.5192147505158372
1723528261.993103,1.2733087539672807,-35.61864471435547,-0.23399421572685242,-0.46868945155483327,0.4723707525632044,-0.5356955137506781,0.5198330373028426
1723528262.0264044,1.2889261245727495,-35.62646484375,-0.21697774529457092,-0.46901821090110646,0.47275010829352054,-0.5350004788095725,0.5199074346699787
1723528262.0930061,1.6278254985809282,-35.66912078857422,-0.22817860543727875,-0.4690098039021941,0.47067459741252676,-0.5342894491677163,0.522522737976291
1723528262.192905,1.8696386814117387,-35.67146301269531,-0.20375701785087585,-0.46860009303271066,0.47066778284583893,-0.5343270414677558,0.5228579192830806
1723528262.259503,2.0598170757293657,-35.680301666259766,-0.19656583666801453,-0.4682265545224188,0.47059499111448355,-0.5338936198105027,0.5237001534310087
1723528262.2928028,2.1572241783142045,-35.67775344848633,-0.19447438418865204,-0.46827243581652034,0.47038962954033947,-0.5340008156694035,0.5237343325959994
1723528262.3594244,2.3152065277099565,-35.69327926635742,-0.1810421645641327,-0.4688474201704013,0.470688474893312,-0.5335648931320296,0.5233956066104999
1723528262.4260445,2.4631156921386674,-35.67615509033203,-0.1799406260251999,-0.46913681456616235,0.4707210650428845,-0.5344529266799868,0.5221995761266026
1723528262.4593534,2.546866178512569,-35.682395935058594,-0.18152116239070892,-0.4699732182140987,0.47167661140349515,-0.5329136661553696,0.5221583790778836
1723528262.5259717,2.7215993404388383,-35.680442810058594,-0.1651221066713333,-0.4703224421875106,0.4714009644906784,-0.5327478612154419,0.5222620486139177
1723528262.5925884,2.885696649551387,-35.697139739990234,-0.1486872434616089,-0.47024239954138003,0.4712289062314409,-0.5329743682837265,0.5222582946761571
1723528262.6592038,3.0731668472289995,-35.69923782348633,-0.151748389005661,-0.46960643926759654,0.4703217196507786,-0.5339062920427374,0.5226962249149297
1723528262.6925116,3.312793970108028,-35.7065544128418,-0.15822464227676392,-0.46994735194772885,0.47090266911500667,-0.533780138669597,0.521995139996098
1723528262.7924309,3.5778882503509477,-35.721778869628906,-0.14738315343856812,-0.47003492026594257,0.4710803517386737,-0.5341918085784974,0.5213344296936379
1723528262.8590424,3.7579200267791704,-35.73701858520508,-0.13497644662857056,-0.47018039125063094,0.4715392932461035,-0.5338245295610411,0.5211645289611546
1723528262.892348,3.849265575408931,-35.73855972290039,-0.13072992861270905,-0.47020408042272505,0.47152359126918447,-0.5339460788734876,0.5210328305261178
1723528262.9589577,3.994395494461055,-35.745269775390625,-0.11969351023435593,-0.46945782005690484,0.47244192837142446,-0.5337635902167679,0.5210608498659394
1723528263.0588691,4.241482734680171,-35.7559814453125,-0.10780321806669235,-0.4688090561470646,0.473368717899872,-0.5337780550530205,0.5207889339570733
1723528263.1254752,4.428258419036861,-35.758750915527344,-0.09737121313810349,-0.4685147108628459,0.47390647214310344,-0.5336052526896443,0.5207418320703673
1723528263.2253826,4.673307895660396,-35.77003479003906,-0.09783986210823059,-0.46754065740374445,0.4745436609183242,-0.5338373691196592,0.5207991079947333
1723528263.2586837,4.77118062973022,-35.78490447998047,-0.07997661828994751,-0.4675266903666689,0.47490151104373124,-0.5333827037423062,0.5209512836645256
1723528263.3253052,5.029763698577876,-35.812339782714844,-0.05098823830485344,-0.4674697468609321,0.4751856912646257,-0.5329635499648915,0.5211721874735419
1723528263.391943,5.192130565643306,-35.837154388427734,-0.0401473268866539,-0.4673878017695544,0.47525724483178383,-0.5332146891672286,0.5209234965407316
1723528263.4585795,5.367570877075191,-35.84383773803711,-0.030347120016813278,-0.4671028923846664,0.47533316539302695,-0.5336542217896301,0.5206596214125199
1723528263.4918978,5.46324777603149,-35.84593200683594,-0.026025578379631042,-0.4670728206792432,0.4752588796770497,-0.5338812384395056,0.5205216620978909
1723528263.558533,5.643098354339595,-35.85366439819336,-0.016968952491879463,-0.4665389087817102,0.4755606941429162,-0.5339875156319353,0.5206157949278071
1723528263.5918493,5.715757369995113,-35.867431640625,-0.005944459233433008,-0.4668242795967993,0.47591669938386577,-0.5336264621248087,0.5204048290962111
1723528263.7251146,6.034488677978511,-35.87636184692383,0.006834209896624088,-0.46615204976016433,0.47670790877045566,-0.5341591566111132,0.5197363097077213
1723528263.8250613,6.308275222778316,-35.88243103027344,0.010957143269479275,-0.46569185418384046,0.47731904831678035,-0.5341953717083946,0.5195506981095398
1723528263.8583753,6.383712768554683,-35.90589904785156,0.018756549805402756,-0.46560073725628964,0.4769174310155436,-0.534535210112943,0.5196516396678122
1723528263.9583187,6.600625038146968,-35.877220153808594,0.007622982375323772,-0.4648476719878676,0.47811080751296037,-0.5353014204939243,0.5184390868790197
1723528263.9916317,6.759979248046871,-35.887611389160156,0.0242465753108263,-0.4651878077233942,0.478269123396131,-0.5347986561263846,0.5185068433076001
1723528264.0249457,6.842442989349361,-35.89702224731445,0.03171023353934288,-0.4650090521402501,0.4783577354983535,-0.534841072289036,0.518541691389639
1723528264.1248837,7.10901546478271,-35.91071701049805,0.04802096262574196,-0.464611307443064,0.47869828771745704,-0.535266629236414,0.5181446882467375
1723528264.191508,7.264390945434566,-35.892181396484375,0.057621635496616364,-0.46369640591992717,0.47950493694780555,-0.5357376846323989,0.5177313896648915
1723528264.258131,7.442193984985347,-35.92656707763672,0.0707332119345665,-0.46299278202674576,0.4799176864771828,-0.5349345057971784,0.5188080304939886
1723528264.324756,7.583787918090816,-35.928977966308594,0.09909236431121826,-0.46073528675899117,0.48121773038114213,-0.5352694167015413,0.5192678914066655
1723528264.4580035,7.938814640045162,-35.949462890625,0.10591128468513489,-0.45519488322109897,0.48099562655968464,-0.5372913193626762,0.5222632130040381
1723528264.4913154,8.096621513366696,-35.93818664550781,0.10241842269897461,-0.45380292375795467,0.47997225970307045,-0.538710711414148,0.5229534450712826
1723528264.5246258,8.183800697326657,-35.943111419677734,0.11020521074533463,-0.45313479474948626,0.4790083952295448,-0.5394825810663423,0.5236204348695291
1723528264.6578662,8.503437995910641,-35.95233917236328,0.1446712762117386,-0.4503367487394669,0.4750479047133853,-0.5445424949485889,0.5244042068455924
1723528264.7244844,8.679887771606442,-35.96833038330078,0.15201054513454437,-0.44901623072827906,0.47317270373526144,-0.546942246494219,0.5247344051825539
1723528264.7911015,8.852895736694332,-35.979244232177734,0.17051559686660767,-0.44829710198837597,0.47196018468752193,-0.5488149090950968,0.5244859273359815
1723528264.8577175,9.001924514770504,-35.994693756103516,0.17973467707633972,-0.44710958266958545,0.47088363782572357,-0.5501598530054954,0.5250578604820746
1723528264.8910253,9.201248168945309,-36.06752395629883,0.19884178042411804,-0.44740534940775467,0.4695025829311896,-0.5487555531616631,0.5275065125820756
1723528264.9576397,9.36486434936523,-36.07146453857422,0.2069087028503418,-0.4458044385121768,0.46919434289258644,-0.5494640049840953,0.5283979356765836
1723528265.0242524,9.536946296691891,-36.09227752685547,0.22491736710071564,-0.4449239959181865,0.46984635635757466,-0.5482848240244045,0.5297837209826596
1723528265.1241686,9.77359294891357,-36.12153625488281,0.2513892650604248,-0.4427065834246358,0.4726987460224932,-0.5460709239796789,0.5313881090928063
1723528265.1907783,9.945530891418453,-36.13235855102539,0.26133257150650024,-0.44185055249354604,0.4750981001906878,-0.5451806052889617,0.5308747423574687
1723528265.257387,10.112979888916012,-36.14018630981445,0.2855054438114166,-0.4427746129296107,0.47687309998959226,-0.5446988014471322,0.5290046354744045
1723528265.2906919,10.191092491149899,-36.153934478759766,0.3045629858970642,-0.44362387197569436,0.47656992265669607,-0.5451293662975407,0.5281220910285093
1723528265.3573196,10.373888969421383,-36.161739349365234,0.3092751204967499,-0.44543404467146436,0.47598608893046185,-0.5458126835073678,0.526416441151669
1723528265.4239461,10.523608207702633,-36.15925216674805,0.327723890542984,-0.4465881155779835,0.4755785449383888,-0.5468819849822655,0.5246943844950581
1723528265.4905717,10.840196609497067,-36.15758514404297,0.36125391721725464,-0.4473101760258076,0.474904836866063,-0.5480643234588389,0.5234543912286765
1723528265.5571961,11.01254558563232,-36.185577392578125,0.3793734610080719,-0.44818310530151967,0.47546486091433426,-0.5473981432819724,0.5228961109909395
1723528265.5905075,11.098217010498043,-36.18950653076172,0.38231536746025085,-0.4480100722514297,0.47541417798574037,-0.5478739749193521,0.5225920417854454
1723528265.6571302,11.260776519775387,-36.20217514038086,0.3984967768192291,-0.4489154510449841,0.47658771773969766,-0.5471659334473036,0.521486822832069
1723528265.6904418,11.34894752502441,-36.207786560058594,0.4019318222999573,-0.4488498107748488,0.4770847628586884,-0.5468148818414652,0.5214570561533863
1723528265.7570632,11.514580726623532,-36.2136116027832,0.4158221483230591,-0.4495913404444684,0.4787581083501062,-0.546206701968487,0.5199197428556476
1723528265.8236833,11.6816291809082,-36.22920227050781,0.4369121789932251,-0.4491598582711329,0.4793676332859793,-0.546309099442949,0.5196233845214134
1723528265.8903024,11.839526176452631,-36.263153076171875,0.44729092717170715,-0.4482923736402921,0.4801521316212651,-0.5455980383088342,0.5203947144515019
1723528265.9569204,12.006785392761225,-36.27546691894531,0.4625248312950134,-0.44753067870516766,0.48090219649508326,-0.5455238613897276,0.5204354769597647
1723528265.9902284,12.080810546874995,-36.28895568847656,0.46735718846321106,-0.44761953854578196,0.4808152177790081,-0.5456132332556818,0.5203457261864147
1723528266.056845,12.24788093566894,-36.29728698730469,0.48171713948249817,-0.4472487679374533,0.48146636187505826,-0.5455566702511759,0.5201217179715487
1723528266.12346,12.401634216308588,-36.30171585083008,0.48752135038375854,-0.44774527279605936,0.48283016669659434,-0.5449922313843671,0.5190208748665218
1723528266.156768,12.482856750488276,-36.30788803100586,0.5061140656471252,-0.4476940796093596,0.4834186549126482,-0.5450813553879649,0.5184233127219433
1723528266.2233815,12.643429756164545,-36.32257080078125,0.5097763538360596,-0.4478284820093591,0.48449072779712576,-0.5451537825863925,0.5172289035925516
1723528266.2566874,12.725130081176752,-36.3307991027832,0.5116812586784363,-0.44809849468105584,0.484496357393113,-0.5452470583859201,0.5168913464732001
1723528266.323303,12.890407562255854,-36.3425178527832,0.5162556171417236,-0.4481040174580628,0.4844988644737251,-0.5458794982706832,0.5162162465763379
1723528266.3566113,12.966464996337885,-36.343955993652344,0.524573802947998,-0.44810088800450426,0.4845223540495215,-0.5462529515001753,0.5158017017936565
1723528266.4898398,13.29556274414062,-36.379058837890625,0.5436289310455322,-0.4474937938799462,0.4832705949141834,-0.5486930443575416,0.5149123999321403
1723528266.5564518,13.46355247497558,-36.3812370300293,0.5515773892402649,-0.4471456298035146,0.48346298728968395,-0.5496459225865472,0.514017203459706
1723528266.5897567,13.557890892028803,-36.39136505126953,0.5616516470909119,-0.4469442612144723,0.48378918807031196,-0.549628551638666,0.5139039833444574
1723528266.6896718,13.808439254760737,-36.421607971191406,0.581296980381012,-0.4471744446646302,0.48663059477788784,-0.5475089352758389,0.5132832025871449
1723528266.7229753,13.887453079223627,-36.4321174621582,0.587622344493866,-0.44678538621002356,0.4874729491006187,-0.546931789585076,0.5134379807781771
1723528266.7562795,13.972389221191401,-36.44293975830078,0.5932711362838745,-0.44605739644936737,0.488012614034616,-0.5469073412258361,0.5135843141385841
1723528266.856188,14.202482223510737,-36.472049713134766,0.6218712329864502,-0.4437751219197972,0.48936189551967896,-0.5467366007796399,0.5144586142211837
1723528266.9227927,14.358407020568842,-36.47120666503906,0.6252458691596985,-0.44215750561370043,0.48896963973365754,-0.5477235879016241,0.5151740510782542
1723528266.9560947,14.432406425476069,-36.47972869873047,0.6288981437683105,-0.441505657229929,0.4883435430992331,-0.5484568077571026,0.5155467666198136
1723528267.022697,14.593813896179194,-36.499053955078125,0.6429032683372498,-0.44059623719018765,0.4879326123677245,-0.5492759039305184,0.5158417421294711
1723528267.0892978,14.751639366149897,-36.5169563293457,0.6493545174598694,-0.4397671259101491,0.4877788982355742,-0.55049907405613,0.5153905226798028
1723528267.1558974,14.914131164550776,-36.537410736083984,0.6652739644050598,-0.4396166984702991,0.48902839367760953,-0.5500078714386306,0.5148589418070911
1723528267.2224953,15.062817573547358,-36.55207443237305,0.6747574210166931,-0.4390057807957134,0.48964675925058904,-0.5503188882810712,0.5144600050387083
1723528267.3224092,15.346736907958979,-36.58765411376953,0.6859056353569031,-0.43842249239696274,0.48965988302817176,-0.5509534074743316,0.5142657483302726
1723528267.422359,15.584414482116694,-36.61377716064453,0.701968789100647,-0.43778202577301445,0.48988822601602794,-0.5510265142665385,0.5145155046217882
1723528267.5223053,15.830917358398432,-36.6483268737793,0.7208324074745178,-0.4367258483507349,0.4909515224414737,-0.551197069787893,0.5142168086050578
1723528267.555621,15.91499805450439,-36.65894317626953,0.7185515761375427,-0.43652916062520214,0.4915758434019711,-0.5510736984973827,0.5139195082227499
1723528267.6222503,16.07563781738281,-36.685184478759766,0.7318291664123535,-0.43687035191627505,0.49308388040812023,-0.5500917953860949,0.5132363969430885
1723528267.6888785,16.23664283752441,-36.70156478881836,0.7429423332214355,-0.4374483048703595,0.49398917912636486,-0.5497288142268899,0.5122615565126928
1723528267.7555056,16.395738601684567,-36.72692108154297,0.7639327645301819,-0.4385515644614004,0.49477841715071136,-0.5491415835226426,0.5111852545570338
1723528267.8221316,16.55569458007812,-36.740142822265625,0.7764612436294556,-0.4391268533436512,0.4955081560219106,-0.5490639750774671,0.5100666870717985
1723528267.8554435,16.636499404907223,-36.7443733215332,0.7749873995780945,-0.43883321928842967,0.4952123484785184,-0.549980095925723,0.5096194949654851
1723528267.95538,16.87562561035156,-36.76731872558594,0.787995457649231,-0.43814480163814207,0.4961524291706326,-0.5496249869562545,0.5096805602913366
1723528267.988691,16.953321456909176,-36.77817916870117,0.7958901524543762,-0.43791442621673105,0.4964889123342527,-0.5495791062933653,0.5096003543623258
1723528268.055313,17.111490249633786,-36.79276657104492,0.8058167099952698,-0.43749256778276285,0.49688700109980766,-0.5499517992422661,0.5091724460171414
1723528268.1552446,17.342250823974606,-36.81129837036133,0.8199321031570435,-0.4355032190559698,0.49672378494899394,-0.5514920347095313,0.5093711449520623
1723528268.221864,17.5008373260498,-36.827823638916016,0.826335608959198,-0.43509492949307527,0.4962649653920005,-0.5526741363195955,0.5088858275657536
1723528268.2884827,17.661260604858395,-36.84721755981445,0.8369552493095398,-0.43523490036989126,0.4954975098741183,-0.5538955594227526,0.5081855059526146
1723528268.3551106,17.81716156005859,-36.862335205078125,0.8455727696418762,-0.4354868156630027,0.49487802202922143,-0.5545411121662459,0.5078692071917398
1723528268.4217374,17.97394752502441,-36.872962951660156,0.8531010150909424,-0.43521283444778447,0.4948189085595637,-0.5553551177986055,0.5072718497992419
1723528268.5549877,18.283365249633786,-36.90549087524414,0.8731222748756409,-0.4344629000055062,0.49366093515003545,-0.5582239434122958,0.5058921808318687
1723528268.588299,18.362358093261715,-36.91216278076172,0.8760299682617188,-0.4343094478484574,0.4932688990086311,-0.5590066490599849,0.5055419498786506
1723528268.6882336,18.596639633178707,-36.94368362426758,0.891321063041687,-0.43427560909101165,0.4933596518091924,-0.5595616461749865,0.504868015866803
1723528268.7548547,18.743556976318356,-36.968143463134766,0.9004905819892883,-0.43411133915770406,0.4940191250876049,-0.5593530836153213,0.504595458870186
1723528268.8214746,18.901229858398434,-36.992889404296875,0.9100105166435242,-0.4341038308173409,0.4943518382644273,-0.5595079132117249,0.5041041748763364
1723528268.9214017,19.115667343139645,-37.017555236816406,0.9219347834587097,-0.4330186800393025,0.4960572996974875,-0.5594653959850832,0.5034088287357618
1723528268.988019,19.265693664550778,-37.03450012207031,0.9318587183952332,-0.4315748198056359,0.496907376149549,-0.5597152213660395,0.5035326259628754
1723528269.1212497,19.56855773925781,-37.08112335205078,0.9529886841773987,-0.4317553620536131,0.4977926454108658,-0.5599025024615399,0.5022937161164879
1723528269.2211704,19.795721054077145,-37.10255432128906,0.9655640125274658,0.43285204308285224,-0.49806940927000654,0.561084564091547,-0.4997500217975246
1723528269.2877827,19.946065902709957,-37.119144439697266,0.9743474125862122,0.4346564482751025,-0.4979959843815332,0.5617865369516983,-0.49746322317590375
1723528269.3544407,20.09399604797363,-37.13078689575195,0.9815375208854675,0.4362515316896322,-0.49798134221001217,0.5627519805110301,-0.49498423443588385
1723528269.454391,20.296737670898434,-37.16966247558594,1.0066269636154175,0.43904189795086757,-0.4983867340546292,0.5625454246702148,-0.49233679564366095
1723528269.5210235,20.439405441284176,-37.18960189819336,1.0138698816299438,0.4392462371387408,-0.4985888859600925,0.5626601473075412,-0.4918184874406281
1723528269.587655,20.584844589233395,-37.21089553833008,1.020676851272583,0.43841703298741996,-0.49963879180081117,0.5623734990142769,-0.491820730064088
1723528269.6876004,20.79305839538574,-37.26411819458008,1.0430392026901245,0.43764404858604455,-0.5019372183983195,0.5608579000638042,-0.4918995135795457
1723528269.7542288,20.933963775634762,-37.30173110961914,1.0443339347839355,0.4371815077921375,-0.5035021043873317,0.559363432450492,-0.49241294718896833
1723528269.8208563,21.07609939575195,-37.33139419555664,1.0509326457977295,0.4369263153457097,-0.5056288464155456,0.5575594711521408,-0.49250614286468664
1723528269.8541691,21.144748687744137,-37.354827880859375,1.0617436170578003,0.4372740494337637,-0.5065077915833323,0.5565945597718468,-0.49238578248113357
1723528269.9541078,21.36569023132324,-37.39729690551758,1.0682181119918823,0.4361750700202028,-0.5082704359212991,0.556092422685792,-0.49211146063944744
1723528270.0207317,21.48658752441406,-37.4138298034668,1.0889440774917603,0.43645147349665736,-0.5092539795319918,0.5563157899037519,-0.4905947793415569
1723528270.0873547,21.614940643310543,-37.43587112426758,1.086616039276123,0.4366885651761611,-0.5090113487246726,0.5569889240756679,-0.4898712916378194
1723528270.1539762,21.744613647460934,-37.45735168457031,1.0951770544052124,0.4382571864625335,-0.5082309307258855,0.5581022197847049,-0.48801011448414605
1723528270.2205968,21.889286041259762,-37.46904373168945,1.1005412340164185,0.4392934404763416,-0.5083694707576965,0.5588998765799195,-0.48601716257242333
1723528270.2872162,22.023775100708004,-37.493896484375,1.1046068668365479,0.44080992086101195,-0.5076501592945635,0.5592661132288437,-0.48497354982783863
1723528270.3538527,22.158197402954098,-37.51631546020508,1.1166256666183472,0.4417062152676264,-0.5080090573782197,0.5595263446870484,-0.48347976857030156
1723528270.4205055,22.288179397583004,-37.54197311401367,1.1197911500930786,0.4410222828678876,-0.5089311641626819,0.5592292214641138,-0.48347812155117786
1723528270.4871578,22.42541122436523,-37.561275482177734,1.1259937286376953,0.4392706120701243,-0.5097107298461497,0.560073440249405,-0.48327429352122614
1723528270.620461,22.6756477355957,-37.615474700927734,1.1458820104599,0.4359493071712052,-0.5121523372132399,0.5588808370919317,-0.4850777205720583
1723528270.6871114,22.84177207946777,-37.6541633605957,1.1481566429138184,0.43571494974907904,-0.5120499379618311,0.5587706331798553,-0.48552314372666733
1723528270.753761,22.992328643798825,-37.68186569213867,1.1432580947875977,0.4353443093036751,-0.5124722756135918,0.5588742672440239,-0.485290688656591
1723528270.8204103,23.125425338745114,-37.70280075073242,1.1509391069412231,0.43528807188460245,-0.5134085651703395,0.5587208689987969,-0.4845275329947183
1723528270.887059,23.270311355590817,-37.73896408081055,1.1648801565170288,0.4361348465453158,-0.513989140043333,0.5582942727452551,-0.483641462827843
1723528270.953707,23.43510055541992,-37.75078582763672,1.1742024421691895,0.4359948744947282,-0.5141226793637962,0.5592425411068653,-0.48252888016620693
1723528270.9870303,23.503025054931637,-37.77385711669922,1.185150146484375,0.43689863721740224,-0.513570064152585,0.5595664425462389,-0.48192402552688024
1723528271.053677,23.640537261962887,-37.81669616699219,1.1861401796340942,0.4362428827575831,-0.5137461224709776,0.5597671782428664,-0.4820972672100601
1723528271.1203234,23.773815155029293,-37.83375930786133,1.1874637603759766,0.4358224229639338,-0.5142653159211037,0.5602710119988618,-0.4813381281346666
1723528271.153647,23.864141464233395,-37.83731460571289,1.1827713251113892,0.43540191073409445,-0.5144936551905834,0.5605685196260365,-0.4811282466266211
1723528271.2202923,23.978122711181637,-37.88156509399414,1.1985124349594116,0.43583411727523724,-0.5148816587160738,0.5599639961308903,-0.48102580260711963
1723528271.353593,24.295888900756832,-37.937191009521484,1.1959863901138306,0.43527016704815713,-0.516401252123895,0.5592536471054833,-0.48073380022831613
1723528271.387087,24.381353378295895,-37.94358444213867,1.201691746711731,0.4352405024999742,-0.5169080078607619,0.5596701778237159,-0.4797302455002798
1723528271.4540787,24.720647811889645,-38.012386322021484,1.2163666486740112,0.433989941300488,-0.517389913486718,0.559436718877639,-0.48061519518594825
1723528271.4875762,24.799364089965817,-38.0267448425293,1.2174943685531616,0.4338064052454864,-0.5176451229591489,0.5596542117174317,-0.4802527384112836
1723528271.5880725,25.012905120849606,-38.06945037841797,1.2232311964035034,0.43332151583189144,-0.5167917642033927,0.5614496028297189,-0.4795133781773432
1723528271.6885774,25.238876342773434,-38.090396881103516,1.2286288738250732,0.4333171628926708,-0.5162156256774665,0.5631929300523627,-0.4780914009769503
1723528271.7555845,25.403188705444332,-38.12306594848633,1.2289371490478516,0.4328254072925675,-0.5163778497289208,0.5634275390030935,-0.4780852344554022
1723528271.789089,25.4821662902832,-38.13584899902344,1.2339295148849487,0.4327313296100189,-0.5167938364611494,0.5632032589740902,-0.47798516300265637
1723528271.8561015,25.638584136962887,-38.171348571777344,1.2416614294052124,0.43238851103204745,-0.5172213168517494,0.5633292798575851,-0.47768442237188985
1723528271.8896096,25.750289916992184,-38.17424011230469,1.243228793144226,0.431934771934355,-0.5168752783247559,0.5639362999804968,-0.47775323025075417
1723528271.9901369,25.986963272094723,-38.2121696472168,1.2540291547775269,0.43019784582312515,-0.5169857438183355,0.564992711581544,-0.47795270686280195
1723528272.05716,26.148056030273434,-38.2508544921875,1.2580147981643677,0.42923620082409264,-0.5168678882003557,0.5656830539351352,-0.4781281758482997
1723528272.090673,26.226716995239254,-38.2675666809082,1.26119863986969,0.42887452919531044,-0.51704878969958,0.5659205338820573,-0.47797608372004075
1723528272.224733,26.53083801269531,-38.323455810546875,1.2665398120880127,0.4285842209417506,-0.5178676156980112,0.5663338536461212,-0.47685916619620883
1723528272.2917683,26.68417358398437,-38.35540771484375,1.276440978050232,0.4288312777955143,-0.5184482327681824,0.5660338159579333,-0.4763621356866178
1723528272.3588042,26.82013893127441,-38.38804244995117,1.2840183973312378,0.4295196824282397,-0.5182348294535798,0.5660165746208159,-0.47599447602097406
1723528272.3921504,26.922761917114254,-38.39727783203125,1.2814441919326782,0.4294559430026393,-0.517598363240735,0.5665570911641212,-0.47610144910709495
1723528272.4588437,27.105981826782223,-38.454830169677734,1.302167534828186,0.4293676339517906,-0.5181371438184601,0.5658011666816013,-0.4764938351039061
1723528272.4923635,27.18128395080566,-38.47905349731445,1.3073002099990845,0.429524589450152,-0.5179625628856688,0.5654554053095919,-0.47695240340389644
1723528272.6264505,27.499814987182614,-38.53061294555664,1.319404125213623,0.4295901491193247,-0.517158234119968,0.5652509060176003,-0.478007403611947
1723528272.6599743,27.576930999755856,-38.534759521484375,1.3203325271606445,0.4294434539058938,-0.5169657138431074,0.5650927265416846,-0.47853420046820855
1723528272.7605531,27.817333221435543,-38.58531951904297,1.3293510675430298,0.43049781880022914,-0.5164656108198445,0.5632338832475188,-0.4803149941555546
1723528272.7940807,27.900362014770504,-38.605289459228516,1.3384073972702026,0.43102253587075656,-0.5163102567951972,0.5624657279090389,-0.4809112155350245
1723528272.8611395,28.068885803222653,-38.62953567504883,1.3383806943893433,0.43179396696897604,-0.5156258955207563,0.5621660618367615,-0.48130367220348447
1723528272.9282024,28.296838760375973,-38.68362808227539,1.357741355895996,0.4329894117358124,-0.5150342955545105,0.5609860067431637,-0.48223909419053057
1723528272.9617357,28.382465362548825,-38.69719314575195,1.3591636419296265,0.4332507012290679,-0.5145124917507403,0.5605637811246872,-0.4830517291224194
1723528273.0623395,28.61891174316406,-38.75072479248047,1.3714966773986816,0.43487654195913233,-0.5116744972673926,0.5602637401172673,-0.484949629971649
1723528273.1294138,28.774000167846676,-38.77212905883789,1.3743036985397339,0.43550347426896147,-0.5103088825161942,0.5599985260119351,-0.48613086632016833
1723528273.196492,28.937547683715817,-38.807559967041016,1.3816226720809937,0.43638423071314725,-0.5097189029432999,0.5589817197876412,-0.4871292232153852
1723528273.263574,29.10746383666992,-38.83871459960938,1.3940075635910034,0.43798867827662197,-0.5086924797445287,0.5581839522203703,-0.48767669027390215
1723528273.3306596,29.277017593383786,-38.865619659423835,1.400285005569458,0.4390031212498029,-0.5080730094210606,0.5569561349072346,-0.4888127866780413
1723528273.3642044,29.361505508422848,-38.87478637695313,1.4051889181137085,0.43946939800269474,-0.5079499789578308,0.5564521982111915,-0.4890955103063423
1723528273.431296,29.52693176269531,-38.90864562988282,1.4172265529632568,0.4402791893746268,-0.507541787649065,0.5549055267461915,-0.49054604837889054
1723528273.4981081,29.69691467285156,-38.924579620361335,1.4288614988327026,0.4407925653847161,-0.5070208077325501,0.5539313488379423,-0.4917233730486799
1723528273.631171,30.02639007568359,-38.98236846923829,1.442887783050537,0.442934361761216,-0.504573152791422,0.5517186564098722,-0.49479451171430183
1723528273.6644347,30.106105804443356,-39.00299072265626,1.4469305276870728,0.44370314282894174,-0.5036026786003186,0.5510850318917175,-0.49579950663066275
1723528273.6976986,30.196653366088864,-39.00900268554688,1.4472907781600952,0.44406780338839613,-0.5031640884995081,0.55058027940815,-0.4964786420029644
1723528273.7642233,30.36820602416992,-39.02851104736329,1.4551665782928467,0.44524741005008583,-0.5018268251418826,0.5499719973918727,-0.49744887525905923
1723528273.830745,30.53483390808105,-39.05029296875001,1.4657646417617798,0.4468868454599078,-0.5005839295784761,0.5493589415549178,-0.49790825473808353
1723528273.897264,30.695285797119137,-39.078990936279304,1.47539222240448,0.44856759868628215,-0.49925799524751674,0.5483475447356697,-0.4988421932561598
1723528273.9637804,30.87812232971191,-39.08050918579102,1.4833649396896362,0.4506220663718729,-0.4980133891556636,0.54769337982806,-0.4989532835977229
1723528274.030294,31.045356750488278,-39.107772827148445,1.4908463954925537,-0.4525579907974634,0.4965835952766098,-0.5463198039098507,0.5001306526533059
1723528274.0968046,31.213235855102536,-39.123832702636726,1.4995694160461426,-0.45424766966825486,0.495375132781237,-0.5453512030280795,0.5008538686870235
1723528274.196565,31.458875656127926,-39.15150451660157,1.5149263143539429,-0.4563346335426152,0.493247788398381,-0.5440064243110321,0.5025160015143383
1723528274.2630684,31.625677108764645,-39.17260742187501,1.522334098815918,-0.4574978493656146,0.49187573937099893,-0.5426467694767237,0.5042702236108592
1723528274.3295696,31.797151565551754,-39.18408203125001,1.5272216796875,-0.4580083235716153,0.4907279954021063,-0.541576895506578,0.5060720070515717
1723528274.3960676,31.963764190673825,-39.2035255432129,1.535312533378601,-0.4587691856134808,0.48958865502668003,-0.5400738662983818,0.5080885770633187
1723528274.4958363,32.21759414672851,-39.22296905517579,1.5477051734924316,-0.4599050507109198,0.4877906489306196,-0.5383928251552831,0.5105690873601184
1723528274.5623772,32.38492584228515,-39.23935699462891,1.5534920692443848,-0.4611048277898853,0.4866978034186549,-0.5366003416896882,0.5124135626960185
1723528274.6289153,32.56777572631835,-39.24389266967774,1.5582119226455688,-0.46223840221175333,0.48586635777963855,-0.535277087872268,0.5135639990280255
1723528274.6954505,32.71907424926757,-39.27011108398438,1.5668115615844727,-0.4637032470389304,0.4844982429874233,-0.5337079731778024,0.5151665270512972
1723528274.7619834,32.902351379394524,-39.25506210327149,1.5590099096298218,-0.4645587533320318,0.4832084663014988,-0.5331213532032482,0.5162134883513597
1723528274.8285134,33.0643081665039,-39.271530151367195,1.568139672279358,-0.4658712447791905,0.48191111914828766,-0.5320022542955609,0.5173966157152304
1723528274.9615657,33.40266036987304,-39.2600326538086,1.5652990341186523,-0.46876987717084717,0.4787265872838457,-0.5305401293253431,0.5192329227430011
1723528275.028088,33.54910659790038,-39.258563995361335,1.578715205192566,-0.47072819854655107,0.47771275871079677,-0.5286627849369014,0.5203086997934963
1723528275.0946076,33.68106460571288,-39.25778198242188,1.5942234992980957,-0.47166969475538156,0.47680576703668953,-0.5274523811194101,0.5215150479337908
1723528275.1943812,33.945049285888665,-39.246715545654304,1.6201990842819214,-0.47295678508356975,0.47653997429402395,-0.524456466311957,0.5236095370472548
1723528275.2608943,34.124744415283196,-39.23996734619141,1.6185240745544434,-0.4729161707815067,0.47567867337543374,-0.523209353760947,0.5256729660598846
1723528275.3274045,34.27611541748046,-39.23036193847657,1.6368167400360107,-0.4741347625843966,0.47487048108633234,-0.5214449167437244,0.5270573516269396
1723528275.3606591,34.36316299438476,-39.23615264892579,1.6403592824935913,-0.4749213406987316,0.47433606128604733,-0.5204750442717194,0.527788546108108
1723528275.4937596,34.64896392822265,-39.22335433959962,1.6588859558105469,-0.4762276429679155,0.4714707110303844,-0.5183145925506029,0.5312933124582221
1723528275.5606887,34.84765624999999,-39.22314071655274,1.6650463342666626,-0.47746614395879955,0.4701620158089027,-0.5167100370682057,0.5329019589536125
1723528275.6610951,35.08609008789062,-39.20176315307618,1.6882195472717285,-0.4798084425323957,0.4693617015552767,-0.514226327003222,0.533905175292905
1723528275.6945684,35.14416885375976,-39.19726181030274,1.6811405420303345,-0.47980621373510896,0.4678644683848725,-0.5140298147812735,0.5354084291454976
1723528275.761519,35.28517913818359,-39.19028854370118,1.6945762634277344,-0.4819712455617797,0.4675012857263253,-0.5116590367970337,0.5360515799433775
1723528275.828477,35.435596466064446,-39.19338989257813,1.7019256353378296,-0.48388771464342223,0.4665701419756897,-0.5093410554863135,0.5373422293380996
1723528275.895442,35.61958694458007,-39.180351257324226,1.7043832540512085,-0.4839610985948616,0.4659782350002163,-0.5080142857099805,0.5390430642050005
1723528275.9624147,35.78307342529296,-39.173271179199226,1.7178418636322021,-0.48475202224275593,0.4660880261454456,-0.5060899459295722,0.5400466604325999
1723528275.9959033,35.84990692138671,-39.170299530029304,1.7017794847488403,-0.48521227094201486,0.4657352724631979,-0.5047570343135943,0.5411839284585868
1723528276.0628867,36.04015350341796,-39.14398193359376,1.7045725584030151,-0.48534968447977267,0.4652894241233813,-0.5029441947974739,0.5431285045860123
1723528276.1633759,36.27853775024413,-39.13024520874024,1.7188066244125366,-0.48727032672199566,0.4630760338574962,-0.5016541712830228,0.5444917887327542
1723528276.2303777,36.40637588500976,-39.10747909545899,1.7214534282684326,-0.4888567433849559,0.46156988416966344,-0.5011142779709217,0.5448456725425475
1723528276.2973866,36.632881164550774,-39.11068725585938,1.7287535667419434,-0.49048569805868214,0.4598397932824519,-0.4995720311890251,0.5462590321152694
1723528276.3308933,36.71263122558593,-39.08429718017579,1.7362221479415894,-0.4912586610559459,0.45872498730271044,-0.4998516163805964,0.5462459844825888
1723528276.4314263,36.95281982421874,-39.06206130981446,1.7427726984024048,-0.4934033811107214,0.4557136140577013,-0.4988391682818157,0.5477569622185401
1723528276.4649403,37.12291717529296,-38.991840362548835,1.7472758293151855,-0.49347391771217064,0.4555731907016382,-0.4993304651090754,0.5473624457940873
1723528276.5650597,37.36735534667968,-38.95452499389649,1.7751203775405884,-0.49444616572407923,0.4543473670350433,-0.4977723320096435,0.5489209093801777
1723528276.6316636,37.54357147216796,-38.937580108642585,1.7758533954620361,-0.4948750534829846,0.453100357330932,-0.4964935207522686,0.5507203750342015
1723528276.6982656,37.71417236328124,-38.930343627929695,1.7849955558776855,-0.49589632320074295,0.451884675526495,-0.49464205146227685,0.5524638608863831
1723528276.7315657,37.79752349853515,-38.91772079467774,1.7788859605789185,-0.49556400414649765,0.451500867070674,-0.49422475858226433,0.5534484373751742
1723528276.8647635,38.12884140014648,-38.88428497314454,1.8015857934951782,-0.497629872280366,0.44964119304962236,-0.49198399000030946,0.5551027484263741
1723528276.8980627,38.20565032958984,-38.85334014892579,1.798601746559143,-0.4978615066493354,0.44893211698369667,-0.4919132909708164,0.5555314470879675
1723528276.9646587,38.35087585449218,-38.857257843017585,1.8212679624557495,-0.5008361690357682,0.4465409627280154,-0.4910474882383999,0.555550775974862
1723528277.031253,38.59364700317382,-38.821918487548835,1.8249332904815674,-0.5018042951793611,0.44474227196692107,-0.49175683352463445,0.5554925539978648
1723528277.1311412,38.83430862426757,-38.79170989990235,1.8378429412841797,-0.5032235067726334,0.4429938498764488,-0.49058034458129673,0.5566448389355567
1723528277.197732,38.99546813964843,-38.77181243896485,1.8385556936264038,-0.5038446147685995,0.4414105495480784,-0.48986872331990744,0.5579659172649071
1723528277.264321,39.16955566406249,-38.7431983947754,1.8534119129180908,-0.5049844180557451,0.44067435867157867,-0.48842694816012666,0.5587807829921126
1723528277.3309085,39.33456420898437,-38.70984649658204,1.853775143623352,-0.5055306361586704,0.43989411423234165,-0.487470988155635,0.5597356339159786
1723528277.3974946,39.4860610961914,-38.694408416748054,1.867207407951355,-0.5068136094031427,0.4393512293390839,-0.4855349975952791,0.5606837153976801
1723528277.4640791,39.64884948730468,-38.67030334472657,1.8762699365615845,-0.5077802183381679,0.43880645596868034,-0.484191468331674,0.5613971553717267
1723528277.5306785,39.81900787353515,-38.63158798217774,1.8840481042861938,-0.5086704589859755,0.43807420826871885,-0.48360264280213255,0.5616705761204919
1723528277.5972903,40.08634948730468,-38.64673614501954,1.8931468725204468,-0.5099096904593327,0.4366150779747211,-0.4813663044317795,0.5636008004061805
1723528277.6639006,40.25186920166015,-38.61623764038087,1.9002866744995117,-0.5107529762713771,0.4356011128797464,-0.4806155085620973,0.5642621736546347
1723528277.6972058,40.33987045288085,-38.60004043579102,1.899323582649231,-0.5110229928240603,0.43514363218001995,-0.4802329614513801,0.5646962217989042
1723528277.763814,40.508167266845696,-38.55865097045899,1.903483271598816,-0.5119582980130576,0.43423693028731386,-0.47910718190567,0.5655026947032448
1723528277.8304207,40.66247558593749,-38.526168823242195,1.9049354791641235,-0.5134369901416209,0.43287186626449353,-0.47805455135819713,0.5660991525136921
1723528277.96363,40.98414993286132,-38.46271514892579,1.9309649467468262,-0.5160681037956646,0.4311992315876464,-0.47582078732160193,0.5668646339961784
1723528278.0302327,41.16246032714843,-38.427413940429695,1.9285719394683838,-0.5170934855604904,0.4297345467041073,-0.47535154450288153,0.5674358604271003
1723528278.0635326,41.273487091064446,-38.43214416503907,1.9346282482147217,-0.5175035346441914,0.4287180385213981,-0.4742718385036091,0.5687329410888204
1723528278.163433,41.520393371582024,-38.38122558593751,1.949918270111084,-0.5187826192488384,0.42764591950413877,-0.47235902469592916,0.5699653614782964
1723528278.2300313,41.69550704956054,-38.35461044311524,1.9531344175338745,-0.5194849507637439,0.4270081859700477,-0.4706764378511315,0.5711944379073819
1723528278.2633293,41.770217895507805,-38.32534790039063,1.9658849239349365,-0.520252136691781,0.42727842961004786,-0.46962057444464866,0.5711631762604152
1723528278.3299253,41.92848968505859,-38.288280487060554,1.9725358486175537,-0.5210005042381096,0.42687893846159664,-0.4680001800724587,0.5721089738272614
1723528278.3965197,42.10525894165038,-38.279857635498054,1.9716776609420776,-0.521622040764086,0.4258435510517741,-0.4658370158579455,0.5740762939481909
1723528278.4631128,42.26716232299804,-38.22071075439454,1.9854536056518555,-0.5219409709416581,0.4253478101869471,-0.4647310151421764,0.575049516812744
1723528278.5297139,42.43146133422851,-38.21541595458985,1.9876209497451782,-0.5237198410391435,0.4233195270946806,-0.46316923457612674,0.5761877872919863
1723528278.6296246,42.66707229614257,-38.166061401367195,2.013218641281128,-0.5252054105060651,0.42066721868995693,-0.4619643070874965,0.5777433226546034
1723528278.662927,42.76265335083007,-38.15002059936524,1.9960638284683228,-0.5252636925947629,0.4187885756358593,-0.4618285341951204,0.5791619697129545
1723528278.7295313,42.93447113037109,-38.11887741088868,2.0031282901763916,-0.526309028520452,0.4166936955359313,-0.4610196910122827,0.5803671381956478
1723528278.762833,43.0188980102539,-38.10092926025391,2.0014050006866455,-0.5263814674907642,0.415718317242227,-0.4608970119866349,0.5810979054628854
1723528278.8294353,43.188587188720696,-38.064010620117195,2.008340358734131,-0.5277163676349107,0.4143689788162641,-0.4594790290497115,0.5819732009195241
1723528278.929335,43.41192245483398,-37.984691619873054,2.0245816707611084,-0.5299072797384785,0.41298843877245495,-0.45779433429152366,0.5822913118113965
1723528279.0292325,43.6592674255371,-37.91826248168946,2.0329766273498535,-0.531244273442491,0.41168648439510797,-0.4555599231725385,0.5837455926171841
1723528279.0625305,43.80943298339843,-37.92564010620118,2.039365768432617,-0.531928419161685,0.4106144634431463,-0.4543659747457891,0.5848072163480517
1723528279.1624236,44.046028137207024,-37.87869262695313,2.037968158721924,-0.5334841109357743,0.40853438883658894,-0.45179568723152325,0.5868347412312745
1723528279.2623122,44.2925796508789,-37.80297851562501,2.0496015548706055,-0.535192772801871,0.4067784729254697,-0.45052338292102934,0.5874765113146732
1723528279.3621986,44.52880859374999,-37.73776626586915,2.061838150024414,-0.5366708368959459,0.40512364048687133,-0.4484693878787431,0.5888416229171769
1723528279.4620807,44.7684097290039,-37.67213439941407,2.0844523906707764,-0.5385960681666947,0.4039482632995184,-0.4456439763476701,0.5900351873216694
1723528279.5286832,44.92911529541015,-37.62915802001954,2.0946595668792725,-0.5397227502731811,0.40266060277892746,-0.4442289739623583,0.5909521220028022
1723528279.5619915,45.058418273925774,-37.58272933959962,2.099442720413208,-0.5400166768805051,0.4022319467330514,-0.4434872713373961,0.5915323236138382
1723528279.6286058,45.22015762329101,-37.53936386108399,2.1096997261047363,-0.5406675296124536,0.40102642693435336,-0.44204018104657783,0.5928380096310805
1723528279.6952193,45.37463760375976,-37.481552124023445,2.109877824783325,-0.5410221992977493,0.3998011712907257,-0.44120462919670594,0.5939633645916114
1723528279.7618313,45.53161621093749,-37.43655395507813,2.1176846027374268,-0.541714634501201,0.3983144872826231,-0.44005843359885044,0.5951801399631355
1723528279.8284419,45.68999481201171,-37.37562561035157,2.1308460235595703,-0.542479992432119,0.3972179695641693,-0.4395322394854073,0.5956045272822473
1723528279.8950515,45.84692764282226,-37.32625961303712,2.1367015838623047,-0.5433625761744614,0.3954664139390392,-0.43817690684466837,0.5969626659744208
1723528279.96166,46.01708602905273,-37.28552627563477,2.131403923034668,-0.5444540091252883,0.3929929918059061,-0.4375422352760978,0.5980661607953083
1723528280.0282667,46.18998718261718,-37.22224426269532,2.1309306621551514,-0.5448987974721378,0.3920220313982592,-0.4374541394794078,0.5983626853874927
1723528280.0948725,46.35230636596679,-37.17600631713868,2.143394708633423,-0.5461491410033954,0.39095435852183,-0.4356942434599187,0.5992047492718386
1723528280.161477,46.50903701782226,-37.11920547485352,2.144430160522461,-0.5471141898390677,0.3897594218732776,-0.43460239504805004,0.5998953363348042
1723528280.2280803,46.65759277343749,-37.058795928955085,2.1577420234680176,-0.5480518038912449,0.3887709878549367,-0.4332518306038752,0.60065729874217
1723528280.2946823,46.81790542602538,-37.01003646850587,2.163198709487915,-0.5486941082904775,0.3874177518777088,-0.431506163557968,0.6021998770083103
1723528280.361283,46.94671630859374,-36.958305358886726,2.182257890701294,-0.5496161150712976,0.38663484681128146,-0.4301923099610778,0.602801955650032
1723528280.4278824,47.1159324645996,-36.90633392333985,2.1869373321533203,-0.5502205403599465,0.3855771410522539,-0.4285770372620536,0.6040772702193481
1723528280.4611814,47.23454284667968,-36.81186676025391,2.178588628768921,-0.5497115076396185,0.38578419723389734,-0.42967986822344806,0.603624902051477
1723528280.5277936,47.401966094970696,-36.75121688842774,2.1796834468841553,-0.5506058198954972,0.384664245681584,-0.42828192080722677,0.6045173657564337
1723528280.5944178,47.56070709228515,-36.69746398925782,2.183541774749756,-0.5516291514840802,0.3835998082114685,-0.4268348223980614,0.6052838183542442
1723528280.6610408,47.70904159545898,-36.6288185119629,2.177716016769409,-0.5526511422949562,0.3823437461311773,-0.4259363082095984,0.6057790323733863
1723528280.6943521,47.79413986206054,-36.59821319580079,2.1838252544403076,-0.5532952079153792,0.38174067358913877,-0.42558835395394723,0.6058159984717784
1723528280.794283,48.00835800170898,-36.50497055053712,2.2108402252197266,-0.5559194102245216,0.3801040251511182,-0.42355959693395834,0.60586451228363
1723528280.860902,48.214004516601555,-36.48101425170899,2.2155861854553223,-0.557868510265502,0.37760680272732716,-0.42090387199933743,0.6074831341890576
1723528280.9275203,48.36178970336913,-36.40151596069337,2.2458906173706055,-0.5594127473614546,0.37746254397090095,-0.4188506060239772,0.6075718688532838
1723528280.960829,48.447490692138665,-36.368053436279304,2.245436429977417,-0.5598489098272178,0.37678962260208004,-0.41807109257360087,0.608124444516888
1723528281.0274453,48.60445404052734,-36.319904327392585,2.2556512355804443,-0.5612167907107518,0.3753648989034826,-0.416173400482083,0.6090456528263563
1723528281.0940602,48.7295799255371,-36.25550842285157,2.2706053256988525,-0.562102880666351,0.3744366916400535,-0.4142618315102367,0.6101021639479948
1723528281.1606739,48.91705703735351,-36.190082550048835,2.276153802871704,-0.5630182567388442,0.37218751853074095,-0.41282641591446817,0.6116054642920523
1723528281.227286,49.05783081054687,-36.10873413085938,2.2722420692443848,-0.5634826053936194,0.37035982192042716,-0.41200933160943337,0.6128370634945606
1723528281.2938974,49.215896606445305,-36.046920776367195,2.291872501373291,-0.5642653529832927,0.36954012838572176,-0.4094329568170934,0.614336519187421
1723528281.3605072,49.3378562927246,-35.958209991455085,2.255589246749878,-0.5638911353886128,0.36790739526225125,-0.4098672747383792,0.6153696068543041
1723528281.427116,49.49267196655273,-35.89439010620118,2.2595975399017334,-0.5644952864742662,0.36675032397085333,-0.4081340759535427,0.6166569933611052
1723528281.4937239,49.652542114257805,-35.825939178466804,2.2656137943267822,-0.565301439081906,0.36543859379683113,-0.4062949048930777,0.6179104849358407
1723528281.5603414,49.809402465820305,-35.74860382080079,2.2626843452453613,-0.5661741101600841,0.3631612511267635,-0.4054178305618479,0.619029212014268
1723528281.626957,49.92044830322265,-35.680778503417976,2.279548168182373,-0.5675843382817404,0.36179313594089124,-0.4041348378121137,0.6193777349807721
1723528281.6935716,50.0629539489746,-35.61063385009766,2.2789835929870605,-0.5685752164515818,0.35977094213376676,-0.4031445660672429,0.6202915050874657
1723528281.7601845,50.2912368774414,-35.53379058837891,2.289339065551758,-0.5699337895849692,0.35703729331940975,-0.4014518186415774,0.6217204226803523
1723528281.8267963,50.438823699951165,-35.46063995361329,2.3127405643463135,-0.5716045489108545,0.3563755820093476,-0.39863394219200116,0.6223790359133102
1723528281.8934066,50.59466934204101,-35.385238647460945,2.317291736602783,-0.5723710162613587,0.35512496082310246,-0.39666418760784566,0.6236466982304464
1723528281.9600155,50.74003601074218,-35.31963729858399,2.3318638801574707,-0.5736807308404615,0.3538652179462984,-0.3947559765127183,0.624369718674491
1723528282.026623,50.871074676513665,-35.24588012695313,2.3265750408172607,-0.5746790727973959,0.35200849879680146,-0.39323766379699765,0.6254583278165117
1723528282.0932293,51.00893402099609,-35.1785011291504,2.3400042057037354,-0.5757003738739009,0.35082335737473447,-0.39044492662533087,0.6269328598138002
1723528282.1265311,51.086868286132805,-35.132823944091804,2.344923257827759,-0.576184823467394,0.34998081655205954,-0.38932267371994744,0.6276562219710351
1723528282.1931353,51.24183273315429,-35.049179077148445,2.3507440090179443,-0.5771285919851539,0.3481399415642686,-0.3868019423934936,0.629369070388339
1723528282.2597377,51.43563842773437,-34.94934463500977,2.340165615081787,-0.5781132739022188,0.34582494009763753,-0.38479274673649816,0.6309712318351012
1723528282.293039,51.50043106079101,-34.90516662597657,2.3602535724639893,-0.5786811758061771,0.3460370287262398,-0.38248696503142576,0.6317358570628588
1723528282.3596396,51.64808273315429,-34.825267791748054,2.368103265762329,-0.5805313769972512,0.3436578383546191,-0.3801766448657677,0.6327308504867722
1723528282.3929389,51.71802139282226,-34.77911376953126,2.365955114364624,-0.5809682237304589,0.34232126145318936,-0.3793961356722824,0.6335224141334794
1723528282.4595373,51.86507034301757,-34.69524765014649,2.368807554244995,-0.5827743945111792,0.33897288274565907,-0.3774042140567584,0.6348523049319637
1723528282.5261445,52.00919342041015,-34.603569030761726,2.373649835586548,-0.5845206253400339,0.3357684544971285,-0.3755504445337805,0.636047991213859
1723528282.592759,52.13519287109374,-34.51516342163087,2.368952989578247,-0.5860125939724681,0.33272450407906645,-0.3735098852955502,0.637474712971035
1723528282.659372,52.22948455810546,-34.45139694213868,2.3931820392608643,-0.5874957336309173,0.33097681900418163,-0.3702749929068943,0.6389049521447951
1723528282.7592897,52.4501609802246,-34.318927764892585,2.4109444618225098,-0.5894958507149165,0.327869844970601,-0.36529001875912986,0.6415288060124856
1723528282.8258994,52.592388153076165,-34.22948837280274,2.4155266284942627,-0.590267953574847,0.32568021081476106,-0.3620874797437302,0.6437459128251216
1723528282.8925076,52.7294692993164,-34.14693450927735,2.4280056953430176,-0.5913150203500991,0.32387728497475127,-0.3584228815490622,0.6457422775131055
1723528282.9924164,53.020069122314446,-33.984420776367195,2.42724347114563,-0.5931241950605123,0.3186060907947125,-0.35505404088046694,0.648560310377364
1723528283.0590212,53.158245086669915,-33.88777160644532,2.430201530456543,-0.5944320234474904,0.3150746129757496,-0.35294186579737186,0.6502388769719739
1723528283.1256242,53.29253768920898,-33.78683853149415,2.437290668487549,-0.5962783235721044,0.31182014065995417,-0.35051510434550964,0.6514288313718573
1723528283.158926,53.35882186889648,-33.73814773559571,2.441908121109009,-0.5974646945929939,0.3100003771175887,-0.3493174613056405,0.6518535235226054
1723528283.2255268,53.48048019409179,-33.63600158691407,2.444819688796997,-0.5992216305528048,0.30664788015653766,-0.34692778988661743,0.6531015416285028
1723528283.3254251,53.72515487670898,-33.46154785156251,2.4576001167297363,-0.601801515206131,0.3015120225612434,-0.3420482092895623,0.6556893007121872
1723528283.3920228,53.855091094970696,-33.364128112792976,2.464632511138916,-0.6031440640904304,0.29814408875234144,-0.338626629380413,0.6577684593905179
1723528283.4253216,53.91823577880859,-33.311534881591804,2.4666807651519775,-0.6037750652930717,0.2964859770579353,-0.3370325017444902,0.6587570331360408
1723528283.4919174,54.047534942626946,-33.20964431762696,2.4735054969787598,-0.6051726076494338,0.2933184956526962,-0.3334372188335822,0.6607193020907969
1723528283.558585,54.176406860351555,-33.108871459960945,2.4795165061950684,-0.606489394046957,0.2906515959209891,-0.32952609477007117,0.6626498453653507
1723528283.6252515,54.36243057250976,-32.95940017700196,2.469575881958008,-0.6075847083995009,0.28601547860449233,-0.3273329024250762,0.664747425047824
1723528283.6585844,54.42535018920898,-32.903678894042976,2.4728009700775146,-0.6085334385094798,0.28463037092975285,-0.3254605169403144,0.6653931605247863
1723528283.7585835,54.60774612426757,-32.74468612670899,2.4815306663513184,-0.6113968255522568,0.28003946252972883,-0.3198146227860714,0.6674506934470043
1723528283.8252482,54.727527618408196,-32.63427352905274,2.4874963760375977,-0.6134854759408389,0.27690647330240903,-0.3159948731057298,0.6686595666135037
1723528283.9252439,54.944282531738274,-32.44543075561524,2.5060532093048096,-0.6166146855713228,0.27201036171796444,-0.30972749417902534,0.6707201890545884
1723528283.991907,55.06153488159179,-32.32965087890626,2.51035475730896,-0.6184845160484176,0.2679175714326316,-0.3062167998737309,0.6722561638252839
1723528284.0585694,55.17694473266601,-32.21519088745118,2.516921281814575,-0.620462402458627,0.26368914775856606,-0.30252622563753906,0.673774682880809
1723528284.1585624,55.33874130249023,-32.03742980957032,2.5270814895629883,-0.6230057904121334,0.2586504451484776,-0.2962256219745011,0.6761760963116542
1723528284.225223,55.40002441406249,-31.959138870239265,2.5370664596557617,-0.624215189068461,0.2557365316739086,-0.29221400530251357,0.6779123831356735
1723528284.2585526,55.45230484008788,-31.903211593627937,2.53924822807312,-0.6248548126250604,0.2538462294225393,-0.29020771233433557,0.6788947183834411
1723528284.3252125,55.56221771240234,-31.78655433654786,2.5484673976898193,-0.6266768636658552,0.25003621540474064,-0.2857572409001516,0.6805150981463485
1723528284.3918715,55.67459869384765,-31.66785621643067,2.5505919456481934,-0.6280167425459448,0.24567583445606306,-0.28163601426875395,0.6825829699846809
1723528284.45853,55.78639984130859,-31.53441810607911,2.56589937210083,-0.6294575003217011,0.24219330833987168,-0.2773984375241222,0.6842337053546246
1723528284.5584643,55.94451141357421,-31.3473129272461,2.5730135440826416,-0.6318903376051308,0.236634463136192,-0.2711050123196733,0.6864552457317739
1723528284.6250675,56.03021621704101,-31.233633041381843,2.5754783153533936,-0.6331682404813552,0.23304471633211682,-0.2669830362003696,0.6881193194618649
1723528284.6916695,56.13200378417968,-31.110511779785163,2.5894687175750732,-0.6345249834340899,0.22939145205042644,-0.26292197402404344,0.6896590771529546
1723528284.7249691,56.18733596801757,-31.043470382690437,2.5841896533966064,-0.635089947655434,0.22714972180731263,-0.2611724868235449,0.6905452153163353
1723528284.7915685,56.27691650390624,-30.921560287475593,2.582301616668701,-0.6360186780818144,0.22329620889733282,-0.2587234592545407,0.6918679179254549
1723528284.8581665,56.36879348754882,-30.792987823486335,2.583099365234375,-0.6368920002879224,0.21976331859782175,-0.25548855673423443,0.6933961790679117
1723528284.9247627,56.46844100952148,-30.662277221679695,2.591667890548706,-0.6380821113880581,0.21623217436734504,-0.2520383276225026,0.6946736984399079
1723528284.9913573,56.5636978149414,-30.535726547241218,2.598243236541748,-0.6396086274904861,0.21257546990025245,-0.24910958303559855,0.6954544477363371
1723528285.0579507,56.66226959228515,-30.404344558715827,2.6052041053771973,-0.6411957591521058,0.20947786754611208,-0.24615771353751284,0.6959837652701908
1723528285.1245422,56.748210906982415,-30.27146530151368,2.598247528076172,-0.642328904158198,0.2061058105968887,-0.24397899216837002,0.6967124407541713
1723528285.191132,56.84656143188476,-30.135293960571296,2.608335256576538,-0.6434388618499243,0.20356282543390697,-0.24230014965233498,0.6970216959615354
1723528285.2577207,56.93858337402343,-30.010702133178718,2.618255376815796,-0.6443956746697498,0.20096559764137711,-0.24062152252191918,0.6974728137574939
1723528285.3243074,57.03200531005859,-29.876712799072273,2.6206142902374268,-0.6449203938749312,0.19889644726453326,-0.23884505245827917,0.6981911842367765
1723528285.3908927,57.124282836914055,-29.741689682006843,2.6249303817749023,-0.6453616908224578,0.19711952538890737,-0.23738273965787962,0.698785815283732
1723528285.490769,57.26659393310546,-29.558126449584968,2.6422946453094482,-0.6463355985920886,0.195360293984663,-0.23431604233145892,0.6994144993013476
1723528285.5573862,57.36724853515624,-29.380414962768562,2.641688108444214,-0.6470436294670481,0.19392534515362242,-0.23199436301019102,0.6999329379338092
1723528285.6573088,57.49971771240234,-29.177888870239265,2.648437023162842,-0.6480783119471698,0.19182206752008432,-0.22901190635613855,0.7005371815565213
1723528285.7239225,57.58961868286132,-29.044019699096687,2.649336099624634,-0.6486159859934763,0.19021314845511905,-0.22698985550739806,0.7011361254173344
1723528285.7572296,57.62947463989258,-28.980438232421882,2.6519758701324463,-0.6489178318599773,0.18961060201570537,-0.22587316800043258,0.7013806235382016
1723528285.8238416,57.72079849243164,-28.846128463745124,2.6564972400665283,-0.6492385570899163,0.1875518332446104,-0.22365568453512305,0.7023473076829688
1723528285.8904521,57.8035774230957,-28.73878479003907,2.668426990509033,-0.6499706598681417,0.185599194741291,-0.22114170175416037,0.7029846569927616
1723528285.9570613,57.89009094238281,-28.599138259887702,2.6724348068237305,-0.6503036327984263,0.18281448128093516,-0.2190783639637322,0.7040516465758224
1723528286.023669,57.97214889526367,-28.460052490234382,2.676971912384033,-0.6511869743310664,0.1806841473833553,-0.21629257025747936,0.7046462143496653
1723528286.0902758,58.048919677734375,-28.31530952453614,2.680539131164551,-0.6518222223840321,0.17780913183607464,-0.21449224682877177,0.7053401867839292
1723528286.156881,58.131004333496094,-28.194213867187507,2.6867690086364746,-0.6528477450405512,0.17546800764257992,-0.2110885490500121,0.7060045499494828
1723528286.223485,58.222755432128906,-28.06153869628907,2.7003445625305176,-0.6535266051885547,0.1726327591683835,-0.20833071886297236,0.7068940644471923
1723528286.356689,58.38352966308594,-27.770547866821296,2.704367160797119,-0.6556032852586703,0.16742416235345622,-0.2026256009040003,0.7078815918475172
1723528286.3899887,58.42192077636719,-27.68221282958985,2.7103683948516846,-0.6561505099614295,0.16630059709083575,-0.2010587512032248,0.7080861517140322
1723528286.456588,58.49532699584961,-27.540138244628913,2.7092502117156982,-0.6566067114537905,0.16334825823380145,-0.198783817814047,0.7089922191259183
1723528286.4898882,58.5306396484375,-27.4634017944336,2.7095160484313965,-0.656867808504834,0.16184783013083917,-0.19776213103769755,0.7093800825787432
1723528286.5898306,58.63956069946289,-27.257266998291023,2.7179455757141113,-0.6578684313829485,0.1570611385936445,-0.19394804302408056,0.7105808063412186
1723528286.6231449,58.673526763916016,-27.183633804321296,2.718491554260254,-0.6580405737142905,0.15575694519766844,-0.19251924008713328,0.7110968426063574
1723528286.6897717,58.74734115600586,-27.038152694702156,2.7263846397399902,-0.6589285712168007,0.1531560880690529,-0.18995703287971816,0.7115284086957483
1723528286.7563972,58.81657791137695,-26.89062118530274,2.729311466217041,-0.6597896335625778,0.15079579441338414,-0.1875036904418796,0.7118852673719772
1723528286.8896446,58.965206146240234,-26.601480484008796,2.740626573562622,-0.6612221557770731,0.14614355813097907,-0.18318788515684148,0.7126496473429992
1723528286.9562666,59.02870559692383,-26.456211090087898,2.7428765296936035,-0.6618670306970141,0.14438682784371687,-0.18102239395228514,0.7129623906696133
1723528286.9895766,59.06367874145508,-26.39129066467286,2.7419536113739014,-0.6619513766866275,0.1432616462105829,-0.18051882780833586,0.7132386896645587
1723528287.1228158,59.2213020324707,-26.08214950561524,2.755525588989258,-0.6624502362028778,0.13948222723757783,-0.17726947878346191,0.7143388024820128
1723528287.1894338,59.30204772949219,-25.920558929443366,2.7580509185791016,-0.6623744913070181,0.13846701670999373,-0.17538443913321766,0.7150714768882409
1723528287.2227428,59.33903121948242,-25.844011306762702,2.760298252105713,-0.6624286616008598,0.1380639559311724,-0.1745389810166312,0.7153060578996974
1723528287.2893589,59.408145904541016,-25.716081619262702,2.778550148010254,-0.6632747780446969,0.13706687792977362,-0.1729133304853675,0.7151085371639753
1723528287.3559737,59.45183181762695,-25.575168609619148,2.7655155658721924,-0.6633683288637843,0.1354039436502586,-0.17304943196271344,0.7153056174823529
1723528287.4225876,59.518089294433594,-25.416040420532234,2.7693629264831543,-0.6635848464959853,0.13464302018763255,-0.17147516922247596,0.7156274693971547
1723528287.4892004,59.58061599731445,-25.26129913330079,2.7716941833496094,-0.6639417090670257,0.13371207961028483,-0.170260166772964,0.7157611070307555
1723528287.5560133,59.64366912841797,-25.115587234497077,2.7749035358428955,-0.6645006769444739,0.1327195577215936,-0.16926378919389776,0.7156634257849457
1723528287.6228302,59.70029067993164,-24.967454910278327,2.774038553237915,-0.6646451498452093,0.13239017361537544,-0.16833063938490245,0.7158103537680913
1723528287.689651,59.76776123046875,-24.822217941284187,2.776945114135742,-0.6647371394335504,0.13162684582636394,-0.16744613299112163,0.7160731118131882
1723528287.7564754,59.82408142089844,-24.67115211486817,2.7751917839050293,-0.6645869122109629,0.13096054686727374,-0.16741571524706275,0.7163417826501796
1723528287.8233037,59.88674545288086,-24.523393630981452,2.7798967361450195,-0.6649513819867877,0.13026946557062596,-0.16687328661568762,0.7162561218920807
1723528287.9569716,60.01249313354492,-24.224798202514656,2.775963306427002,-0.6647423800948501,0.1288229911503237,-0.16666232974157089,0.7167606803543491
1723528287.9903905,60.04757308959961,-24.15808296203614,2.7789087295532227,-0.6647829572115677,0.12844703521806425,-0.166623608444875,0.7167995201264725
1723528288.0572321,60.1177864074707,-24.00567054748536,2.7840969562530518,-0.6652725608294333,0.12895232583488841,-0.16594964345221716,0.7164107992676428
1723528288.1909268,60.250633239746094,-23.64733505249024,2.7703115940093994,-0.6655263291269699,0.13006807666193598,-0.16490076971100895,0.7162155658884843
1723528288.2243533,60.3017692565918,-23.558506011962898,2.7755801677703857,-0.665367813779593,0.13002560002890595,-0.16489477205749273,0.7163719214705413
1723528288.2912083,60.3688850402832,-23.415233612060554,2.7753381729125977,-0.6653521662090041,0.12994196965293742,-0.16476598429660258,0.7164312596910277
1723528288.3246365,60.403663635253906,-23.338390350341804,2.7788877487182617,-0.6653688372976784,0.13012020132693047,-0.1645023471855477,0.7164440113018046
1723528288.4917939,60.5849609375,-22.952905654907234,2.792854070663452,-0.6648490998273511,0.1299052658016867,-0.16414453163601483,0.7170473269664616
1723528288.5252404,60.606868743896484,-22.887035369873054,2.7968361377716064,-0.6650921072410438,0.129996674905088,-0.16411652981765198,0.716811773089631
1723528288.6255906,60.72905731201172,-22.636522293090827,2.8094210624694824,-0.6650178757520041,0.12916284324083893,-0.16444088116753797,0.7169570290171359
1723528288.6924975,60.80435562133789,-22.482604980468757,2.814690589904785,-0.6651277155903148,0.129213956427508,-0.16410144311016167,0.7169237001153761
1723528288.7259526,60.81539535522461,-22.427822113037116,2.8070716857910156,-0.6649109719250026,0.12950881276572027,-0.16409168019905612,0.7170737669997507
1723528288.792868,60.88701629638672,-22.266019821167,2.825303316116333,-0.6646898603496495,0.12915905658990645,-0.16403553542810145,0.7173546338917627
1723528288.859789,60.9688835144043,-22.09784126281739,2.8296585083007812,-0.6643426037928445,0.12892314604112134,-0.1639833798540087,0.7177305750295576
1723528288.9267159,61.0489387512207,-21.92970275878907,2.833198308944702,-0.6643103237126166,0.12889983442313974,-0.163423861072766,0.717892239912506
1723528288.993648,61.115875244140625,-21.77135848999024,2.829195499420166,-0.6640026300263832,0.1284633327252378,-0.1640031900168266,0.7181229930363431
1723528289.0940578,61.21678924560547,-21.531045913696296,2.8340699672698975,-0.6637993106041538,0.12809948430248028,-0.16423912417809014,0.718322008191384
1723528289.1275299,61.2559928894043,-21.44666481018067,2.8363895416259766,-0.6638183318145293,0.1278392970707744,-0.16415681692379708,0.7183695956322712
1723528289.227957,61.368343353271484,-21.204790115356452,2.8457767963409424,-0.6640307456644409,0.1278654283091549,-0.1639013338275998,0.718226951475073
1723528289.294915,61.439727783203125,-21.0407943725586,2.852177858352661,-0.66422970096822,0.12806733657535882,-0.16393694869108388,0.7179988429712263
1723528289.4288478,61.5748291015625,-20.74542427062989,2.863236665725708,-0.6640175298140073,0.1278914147598207,-0.16425787772994954,0.7181530865589094
1723528289.4958208,61.656585693359375,-20.562547683715827,2.8650481700897217,-0.6642022112494663,0.12745145573327651,-0.1643487953230454,0.7180397081489657
1723528289.562517,61.70792770385742,-20.413471221923835,2.869837999343872,-0.664494006502859,0.12764309232338764,-0.16491890228691886,0.7176048438885982
1723528289.6292112,61.78605651855469,-20.263622283935554,2.8788399696350098,-0.6646867957109448,0.12755971210867695,-0.16509450086573924,0.7174007173387553
1723528289.7625988,61.93827819824219,-19.935075759887702,2.8788814544677734,-0.664954483969628,0.12715793878085782,-0.16498026966294094,0.717250237696463
1723528289.7959452,61.97628402709961,-19.85410118103028,2.879648447036743,-0.664740804710395,0.12682844329856105,-0.1651476413902901,0.7174680934136825
1723528289.862639,62.056758880615234,-19.684404373168952,2.8992812633514404,-0.6652692566602847,0.12717008958786138,-0.16453194560389525,0.7170591491172013
1723528289.9293325,62.12165069580078,-19.527980804443366,2.895319938659668,-0.665306001146925,0.1270289536104449,-0.16471721792903768,0.7170075368503748
1723528289.996026,62.17303466796875,-19.38052940368653,2.8885433673858643,-0.6651114568025818,0.1270511885365284,-0.16526482814990492,0.7170580744249277
1723528290.0627196,62.26387405395508,-19.21372032165528,2.903425693511963,-0.6654362991821696,0.12762993432781333,-0.16495418419258112,0.7167253649143276
1723528290.1294131,62.328590393066406,-19.07281112670899,2.912606954574585,-0.6658831767896124,0.12791510029881628,-0.16448515361116378,0.7163671937111787
1723528290.1961067,62.4050178527832,-18.893283843994148,2.9168787002563477,-0.6660012405680118,0.1275294626310101,-0.1651452647505074,0.7161742980960709
1723528290.2627997,62.47370147705078,-18.733594894409187,2.9200246334075928,-0.665852794111143,0.12728151352614697,-0.1651470916833173,0.7163559945986486
1723528290.329493,62.53898239135742,-18.556997299194343,2.9143338203430176,-0.6652993517366937,0.1272499726778602,-0.16677419303806904,0.7164988384978163
1723528290.3628402,62.589134216308594,-18.470777511596687,2.9247756004333496,-0.6657116739587273,0.12739236303415424,-0.16577688573438168,0.7163219786882525
1723528290.4628794,62.70528030395508,-18.308599472045906,2.9334499835968018,-0.6660506421734582,0.12698026323528708,-0.1648217268239919,0.7163004629174677
1723528290.4962265,62.73674774169922,-18.22474098205567,2.93131160736084,-0.6660240583271095,0.12663550119131153,-0.16525738128316111,0.7162858378461383
1723528290.5295725,62.762969970703125,-18.137969970703132,2.9243063926696777,-0.6657678178906558,0.12674551549561405,-0.16584509993347044,0.7163687526622884
1723528290.5962584,62.83343505859375,-17.970323562622077,2.9265589714050293,-0.6660090321977437,0.1269893380890135,-0.1658719490497859,0.7160950869550526
1723528290.6629446,62.89921569824219,-17.80114936828614,2.9268100261688232,-0.665969569005581,0.1273712456381012,-0.16625684314161163,0.7159746930246241
1723528290.7296302,62.97174835205078,-17.63927841186524,2.9338185787200928,-0.6662911324405423,0.12734560185485622,-0.1661306936374097,0.7157093105101241
1723528290.8963447,63.15547180175781,-17.25305938720704,2.944330930709839,-0.6669576614379151,0.1269152975835289,-0.1660658998348252,0.7151797690095838
1723528290.9630299,63.22108459472656,-17.08763504028321,2.9458818435668945,-0.6668201982452688,0.12639066184265002,-0.16682954078041715,0.7152231317107357
1723528291.029715,63.29119110107422,-16.921098709106452,2.9490206241607666,-0.6668330446580771,0.1263996852150788,-0.1668261348773851,0.7152103542674982
1723528291.0964,63.389827728271484,-16.76185607910157,2.9556562900543213,-0.6671288698250882,0.12598177475078978,-0.16593313569825213,0.7152159519710724
1723528291.1964266,63.4649543762207,-16.531995773315437,2.9526219367980957,-0.667641539021042,0.12649830022165173,-0.16678722765626178,0.7144473221346593
1723528291.2297695,63.510276794433594,-16.441850662231452,2.9476559162139893,-0.6676795541819341,0.12657592114706376,-0.16615445711026208,0.7145454817543667
1723528291.3631382,63.64340591430664,-16.150434494018562,2.960954189300537,-0.6681243666394797,0.12711635710149374,-0.1655135230933945,0.7141824249679153
1723528291.463164,63.77154541015625,-15.8696575164795,2.963330030441284,-0.667629470619556,0.12650052491318997,-0.16475200733715234,0.7149302645960078
1723528291.5298479,63.85523223876953,-15.694119453430183,2.9686107635498047,-0.6677888309294066,0.1255466446003957,-0.16588429890648992,0.7146877057091585
1723528291.5631902,63.86404800415039,-15.638600349426277,2.975666046142578,-0.6679159665775933,0.125889260407667,-0.16586419827820673,0.7145132772973906
1723528291.696556,64.0371322631836,-15.330780029296882,3.0005548000335693,-0.6693187922788494,0.12545087736241048,-0.16539885793889544,0.7133846434174856
1723528291.763239,64.10343170166016,-15.150922775268562,2.9886627197265625,-0.669136957801997,0.12551266803756522,-0.1653252045576465,0.7135614049285127
1723528291.7965798,64.14453125,-15.065865516662605,2.9890527725219727,-0.6692825646010018,0.12538870352614503,-0.1651074591367971,0.7134970558359224
1723528291.8632622,64.22003936767578,-14.887989997863777,2.9888885021209717,-0.6693907646548407,0.12540973662631139,-0.1650062343265886,0.7134152681205287
1723528291.9632864,64.33181762695312,-14.630527496337898,2.9884908199310303,-0.6690885866208034,0.12463881519947782,-0.16522149031435196,0.7137839225828434
1723528292.0299685,64.40794372558594,-14.44973278045655,2.9880473613739014,-0.6690053749293986,0.12453412352406043,-0.16478050021359403,0.7139821056182198
1723528292.063309,64.44473266601562,-14.36109638214112,2.9872958660125732,-0.6689592620028852,0.12441712876527956,-0.1647763256748697,0.7140466695864133
1723528292.1633325,64.56266021728516,-14.102688789367683,2.9932749271392822,-0.6679883270903474,0.12435840508999882,-0.1647377638723414,0.714974161147696
1723528292.230014,64.64221954345703,-13.917823791503913,2.993515729904175,-0.6672466307567494,0.12435749350112517,-0.16423662650011775,0.715781725157708
1723528292.3967173,64.81420135498047,-13.51817989349366,3.016677141189575,-0.6662219541467024,0.12427971198019751,-0.16359027547096439,0.7168968424915837
1723528292.4300582,64.86132049560547,-13.420214653015144,3.0166420936584473,-0.665873425360543,0.12455792652240882,-0.16326002358340008,0.717247564679451
1723528292.5300796,64.97462463378906,-13.179239273071296,3.0191688537597656,-0.6634288869863824,0.12436090413298416,-0.16284032815886823,0.7196384543368627
1723528292.5634208,65.01054382324219,-13.08094501495362,3.0163981914520264,-0.6621533750582042,0.12368354545127297,-0.16344424887930792,0.7207921101065905
1723528292.6301022,65.07366943359375,-12.930914878845222,3.0282652378082275,-0.6601798918957064,0.12317661519716121,-0.16378868881510308,0.7226086750249913
1723528292.7301233,65.18798065185547,-12.682451248168952,3.0500314235687256,-0.6573672725391936,0.12205177899416382,-0.16376916084815563,0.7253628707025419
1723528292.7968042,65.25983428955078,-12.522033691406257,3.0680015087127686,-0.655447409656384,0.12161608336309744,-0.16384313306343798,0.7271544878429296
1723528292.8968253,65.33849334716797,-12.318423271179208,3.07647442817688,-0.6522087166026819,0.12280537799343598,-0.16294423746682732,0.7300628771549244
1723528292.9635057,65.4137191772461,-12.146560668945321,3.0886075496673584,-0.6499083299341796,0.12262979304729998,-0.1625851028617675,0.7322207186817173
1723528293.0301857,65.47303771972656,-11.988563537597665,3.097654104232788,-0.648363567970301,0.12213281853965276,-0.16316512116244722,0.7335430468625717
1723528293.0968654,65.514892578125,-11.851323127746591,3.108765125274658,-0.6468140503792001,0.12169481550770557,-0.16316269857327592,0.7349829181041458
1723528293.1635451,65.5728759765625,-11.685035705566415,3.1145787239074707,-0.6453218948013287,0.12143575609747397,-0.1625773900370588,0.7364656145943242
1723528293.2302244,65.66006469726562,-11.511013984680185,3.124770164489746,-0.6433958465936338,0.11986187587642876,-0.16312494217816537,0.738285289394835
1723528293.3635821,65.75588989257812,-11.226513862609872,3.146456241607666,-0.6413676188706452,0.11951387206926074,-0.1632691593700139,0.7400724244598094
1723528293.4302607,65.8061294555664,-11.081480979919442,3.154916524887085,-0.640753707430536,0.11933831845426054,-0.16367496515617086,0.7405427455209179
1723528293.4635994,65.84656524658203,-11.000601768493661,3.1638495922088623,-0.6408507403849159,0.11876438634672412,-0.16339521097954074,0.7406128233515423
1723528293.5302777,65.8794174194336,-10.866164207458505,3.1656198501586914,-0.6403417955304584,0.11874077764206935,-0.16369982329548297,0.740989460434366
1723528293.6636484,65.98150634765625,-10.568951606750497,3.1764490604400635,-0.639625143593494,0.11815450691908778,-0.16339995088363807,0.7417679180369924
1723528293.7303333,66.03034210205078,-10.423556327819833,3.174555540084839,-0.6386865259550916,0.11804125488192094,-0.1631994452938554,0.7426383539550698
1723528293.7970185,66.10111236572266,-10.272067070007333,3.18601393699646,-0.6379785083356667,0.11762688626353254,-0.16288050037345855,0.7433823250036522
1723528293.9637306,66.2282485961914,-10.018471717834482,3.245784282684326,-0.6399858392018126,0.11680247570664094,-0.16332766175829547,0.7416868491449198
1723528293.9970725,66.2549057006836,-9.944458007812509,3.248626470565796,-0.640111157088912,0.116631982485534,-0.16315776021831443,0.7416429279055599
1723528294.1637836,66.39124298095703,-9.707051277160653,3.296980142593384,-0.6432280585510839,0.1161451993959347,-0.16276489938281694,0.739104556120975
1723528294.1971252,66.42143249511719,-9.635880470275888,3.3010196685791016,-0.6432433431193417,0.11586971650958106,-0.1626660617470755,0.7391562505210512
1723528294.2638092,66.47650146484375,-9.496359825134286,3.3098020553588867,-0.6437156352533184,0.11529547922715046,-0.16246687231809526,0.7388786428090707
1723528294.3638353,66.54281616210938,-9.299979209899911,3.313994884490967,-0.6429895288000986,0.11504820190097258,-0.16315618217075759,0.7393973473797717
1723528294.430519,66.5733413696289,-9.173098564147958,3.316225290298462,-0.642704877860009,0.11559625353320242,-0.16345313200210887,0.739493759123591
1723528294.4972026,66.61732482910156,-9.043777465820321,3.319310188293457,-0.6420218978617814,0.1152131965730439,-0.16350448620886987,0.7401351802143652
1723528294.597234,66.69001770019531,-8.848254203796396,3.3363230228424072,-0.6417948450304901,0.11491071401513295,-0.16323429821228286,0.7404387000852706
1723528294.7306137,66.77018737792969,-8.638389587402353,3.393096685409546,-0.6433766885154255,0.11555261583416622,-0.1632215804046431,0.7389673506583477
1723528294.7973034,66.82759094238281,-8.518886566162118,3.4076077938079834,-0.6437392426397262,0.11562460675485645,-0.1627434561424523,0.7387457649836149
1723528294.8973384,66.89900970458984,-8.33118724822999,3.413456439971924,-0.6435325583718168,0.11508448022044955,-0.16270044246746537,0.739019603764815
1723528294.9973717,66.96233367919922,-8.146201133728036,3.4263832569122314,-0.6434948763727724,0.1150290158198138,-0.16220951685170742,0.7391689537881384
1723528295.064061,67.01081085205078,-8.024810791015634,3.44150972366333,-0.6430508623281518,0.11474490043277108,-0.16280353346135534,0.7394688673474977
1723528295.13075,67.0664291381836,-7.898990631103524,3.456085681915283,-0.642871644695475,0.11513374754934662,-0.16244332341938844,0.7396434514671528
1723528295.264128,67.14530944824219,-7.708242416381844,3.48066782951355,-0.6428495057787067,0.11540286334183131,-0.16161650248624335,0.7398018641343731
1723528295.2974725,67.15972137451172,-7.632227897644051,3.4844918251037598,-0.6427071131657857,0.11559635529218959,-0.16210901246128545,0.7397876164198011
1723528295.3641613,67.198486328125,-7.518124103546151,3.4952244758605957,-0.6426604646255731,0.11522739673504576,-0.1624859530143639,0.7398030071052164
1723528295.4641936,67.25404357910156,-7.350232124328621,3.51118540763855,-0.6426865592071589,0.11446397014653917,-0.16335391239594682,0.7397077027162098
1723528295.5308821,67.2911148071289,-7.236418247222908,3.5142979621887207,-0.6421103059234182,0.11423988051607065,-0.16401056326983465,0.7400973853909496
1723528295.6309042,67.33184051513672,-7.066119670867928,3.526660442352295,-0.6428115033977448,0.11420335250536302,-0.16423545408754076,0.7394441703041049
1723528295.7309248,67.39452362060547,-6.895984649658211,3.539609909057617,-0.643659612434951,0.113950367521313,-0.16421676437863245,0.7387492614946286
1723528295.7642655,67.41839599609375,-6.838179588317879,3.543607234954834,-0.6440148283071314,0.11383664877547948,-0.1641467116043317,0.7384727316465982
1723528295.8309457,67.45497131347656,-6.724820613861092,3.557494878768921,-0.6446333184241716,0.11463164691198735,-0.16398326564032442,0.737846162078262
1723528295.8976257,67.49064636230469,-6.609508514404305,3.5647225379943848,-0.6452768151020134,0.11514748530345027,-0.16423301478435684,0.737147478714358
1723528296.030985,67.60153198242188,-6.433265686035164,3.579406499862671,-0.6486460694769279,0.11437691843347374,-0.16235772048505767,0.7347218301375635
1723528296.1310034,67.65788269042969,-6.258885383605965,3.596646308898926,-0.6517159521917826,0.11607528960104027,-0.16077753250456378,0.73208157321745
1723528296.1976821,67.70433807373047,-6.173450469970711,3.605212688446045,-0.6534966572115442,0.1161489736841473,-0.15992266711204278,0.7306683758513349
1723528296.2643607,67.7416000366211,-6.05774402618409,3.613621473312378,-0.6550243637569904,0.11705880084470925,-0.15986316979969903,0.7291667072564005
1723528296.397717,67.81961059570312,-5.859710216522225,3.6284360885620117,-0.6592493821386954,0.11612506038232913,-0.15926691044985195,0.7256302596617011
1723528296.464395,67.86173248291016,-5.769260883331307,3.6396236419677734,-0.6611054494118046,0.11529626617841339,-0.15909341613081934,0.7241102407141874
1723528296.5310724,67.89562225341797,-5.651281356811531,3.6444644927978516,-0.6623087688478,0.11534208723242244,-0.15892742764575732,0.7230389826019634
1723528296.631114,67.95600128173828,-5.4796013832092365,3.642568349838257,-0.6633323089487797,0.11525469416368317,-0.15867090724505525,0.7221704414969833
1723528296.6978078,67.99110412597656,-5.387950420379647,3.6628894805908203,-0.664808025668911,0.11541170397466256,-0.15809654792323782,0.7209132466022696
1723528296.7645016,68.03182220458984,-5.2826457023620685,3.6574318408966064,-0.6654942621397784,0.11419325448313941,-0.15814387774453678,0.7204636018713936
1723528296.8645422,68.08712768554688,-5.104363441467293,3.6684529781341553,-0.6669332517914875,0.11354266278299412,-0.15744533382288234,0.7193879817180578
1723528296.8978896,68.10698699951172,-5.0462822914123615,3.668976068496704,-0.6676148637894014,0.11325226727725918,-0.15715021917562566,0.7188658610735887
1723528296.99793,68.16566467285156,-4.879997730255135,3.6627089977264404,-0.6674755046026859,0.11283516762036565,-0.15654861035406395,0.7191920524447455
1723528297.0646243,68.20214080810547,-4.775163173675545,3.6659109592437744,-0.6675610237889676,0.1122107322254969,-0.15646822826545645,0.7192278669759066
1723528297.1646657,68.26123046875,-4.622791767120369,3.6688458919525146,-0.6675130901119293,0.11189898527513822,-0.1553916599672954,0.7195542534348791
1723528297.2313595,68.31036376953125,-4.508805751800545,3.672649383544922,-0.6669561883353851,0.11110158659853452,-0.15440120939898003,0.7204069314162344
1723528297.2980537,68.33821868896484,-4.4011406898498615,3.675786256790161,-0.6672536765808178,0.11092577999130622,-0.15393115363658522,0.7202591216796992
1723528297.4314418,68.41252136230469,-4.181919097900399,3.6850128173828125,-0.6677502541885555,0.10932286339553583,-0.15325233902839316,0.7201887461995272
1723528297.4981358,68.44859313964844,-4.086509704589852,3.693704128265381,-0.6685801748721996,0.10885267052218324,-0.15247186608149452,0.7196554564106876
1723528297.5648303,68.50169372558594,-3.961061239242562,3.697118043899536,-0.669138102172113,0.10751347243986265,-0.15188463229141688,0.7194623770143418
1723528297.6315255,68.53477478027344,-3.870332002639779,3.696608304977417,-0.6693350143408873,0.1069812902417781,-0.1516379551762888,0.7194105730842733
1723528297.6982207,68.59156799316406,-3.7315931320190514,3.696408271789551,-0.6693302209956036,0.10624832950606779,-0.15074298603007522,0.7197116783142281
1723528297.7649157,68.62013244628906,-3.6418225765228356,3.7001521587371826,-0.6699019241663619,0.10607934453521049,-0.14974120906461066,0.7194137578397113
1723528297.8316107,68.6578140258789,-3.5380737781524743,3.700850248336792,-0.6701255308301991,0.10495199518029862,-0.14889422334041638,0.719546636357278
1723528297.898306,68.70195007324219,-3.413521289825448,3.703643798828125,-0.670293643043148,0.10341100440069402,-0.14878226995455182,0.7196363195475585
1723528297.9650009,68.73528289794922,-3.2974457740783776,3.708513021469116,-0.6704132237306875,0.10261584852846371,-0.1484907537758424,0.7196989600665634
1723528298.1317382,68.82836151123047,-3.032479047775277,3.719033718109131,-0.6711656434741635,0.10040256217947105,-0.14683345495705277,0.719649873920009
1723528298.1650863,68.85765075683594,-2.9566891193389977,3.7217860221862793,-0.6719299719015911,0.10043682713041846,-0.14591017813060872,0.7191194452482811
1723528298.2317815,68.91160583496094,-2.8143692016601647,3.7229206562042236,-0.6723139592358436,0.09913425305425526,-0.14520764343494247,0.719083500280788
1723528298.2984765,68.9318618774414,-2.717394590377816,3.724452018737793,-0.6726895309038101,0.09820743294859852,-0.14466277750334816,0.7189692454695648
1723528298.431867,69.01981353759766,-2.489021539688119,3.7228026390075684,-0.6728107484471227,0.0957793912930976,-0.1432082294580674,0.7194743970378876
1723528298.5319092,69.06107330322266,-2.3053429126739586,3.736222267150879,-0.6733464250047081,0.09403958094324812,-0.14269629763270913,0.7193044666838339
1723528298.5985959,69.11587524414062,-2.1551604270935143,3.732326030731201,-0.6726534293904214,0.09219108913011083,-0.1424258841278398,0.7202451211530091
1723528298.6986268,69.16996002197266,-1.9947905540466393,3.737828254699707,-0.6729804599509639,0.09143734191983832,-0.14047687717831178,0.720418461732522
1723528298.7653131,69.21835327148438,-1.8621715307235802,3.7372801303863525,-0.6731696251260689,0.0896941629883744,-0.13926605286512905,0.7206958994283301
1723528298.8319998,69.23429870605469,-1.718147993087777,3.7533836364746094,-0.6740538626399615,0.08945629557302373,-0.1389621543307099,0.7199572772784978
1723528298.9320288,69.28466796875,-1.4945365190506066,3.7749741077423096,-0.6732805007173287,0.09008546055795925,-0.13691549000131414,0.720993845845846
1723528298.9987147,69.35184478759766,-1.3351680040359581,3.7802140712738037,-0.6723954081992168,0.09046097576229124,-0.1348116160401551,0.7221683010748843
1723528299.0320585,69.39102172851562,-1.2569279670715416,3.7782886028289795,-0.6714095102280706,0.09027592713262443,-0.13328947000633956,0.7233902430507869
1723528299.065401,69.4111099243164,-1.180208802223214,3.78676176071167,-0.6715194991695719,0.09004427937272676,-0.13257370680411912,0.7234485484479938
1723528299.1320868,69.41629028320312,-1.1076247692108239,3.7612154483795166,-0.6696184836614445,0.09005846927789582,-0.13192959444761213,0.7253241623985505
1723528299.2321162,69.51364135742188,-1.0424003601074303,3.784308671951294,-0.6688771979477454,0.0888205594452958,-0.12852527435016023,0.726770566367828
1723528299.298802,69.51797485351562,-0.9098055958747949,3.8022098541259766,-0.6688188371247679,0.08892053393841741,-0.1278214277088771,0.7269361625133561
1723528299.3988297,69.53707122802734,-0.685856699943551,3.8246378898620605,-0.6687445165849822,0.0872119309657017,-0.12796822840696173,0.7271856593423277
1723528299.4655154,69.59813690185547,-0.5025160908699121,3.823190450668335,-0.6683332724280299,0.08475392714179791,-0.12869024284118138,0.7277267551747438
1723528299.4988582,69.62776184082031,-0.4147342741489496,3.8244457244873047,-0.667488760138391,0.08392128229580853,-0.12854144031028894,0.7286240948456875
1723528299.565562,69.69210815429688,-0.24227711558342832,3.830904960632324,-0.6677634177424621,0.08311391481057141,-0.1273241413374383,0.728678707059875
1723528299.6990068,69.83147430419922,0.03739767894147972,3.872288227081299,-0.6688548731305206,0.08392505032705204,-0.12267144137063178,0.7283827716861572
1723528299.7323678,69.85527801513672,0.12211255729197601,3.8673501014709473,-0.6689598072834165,0.08402329421022883,-0.12198781129685354,0.7283898929587085
1723528299.7990918,69.91854095458984,0.29666063189505676,3.877647876739502,-0.6684370625047,0.08582808745153155,-0.11878214257595468,0.7291887516134391
1723528299.9325411,70.01002502441406,0.6420990824699316,3.897172212600708,-0.6676012180890808,0.08727477494758486,-0.11606951497023506,0.7302188678460715
1723528299.9659047,70.04610443115234,0.7260047197341833,3.9017624855041504,-0.6675656454908916,0.08708029400240369,-0.114810584737932,0.7304735867838881
1723528300.0326307,70.09111022949219,0.9100891351699744,3.906391143798828,-0.6677097112242628,0.08661387439215476,-0.11495865972153645,0.7303740718663415
1723528300.0993578,70.15340423583984,1.0825595855712804,3.907348155975342,-0.6677664826504228,0.08523053526322043,-0.11452656474845872,0.7305527677548999
1723528300.1660855,70.20567321777344,1.2713139057159337,3.9105372428894043,-0.6685758522482151,0.08411573433874817,-0.11483378371876947,0.7298931943401424
1723528300.1994488,70.21736145019531,1.33481001853942,3.9052798748016357,-0.6683525234924237,0.08294848439762835,-0.11575558604302764,0.7300856782441913
1723528300.2995427,70.29385375976562,1.6002414226531896,3.9140725135803223,-0.6691383113263484,0.08115791704888399,-0.11599732328046002,0.7295285695621371
1723528300.3662722,70.34859466552734,1.7692008018493566,3.9278738498687744,-0.6695235373380598,0.07992333795192393,-0.11565666352927285,0.7293654976637097
1723528300.4330027,70.39167022705078,1.9224667549133214,3.9427781105041504,-0.6693211232736462,0.07974937317961814,-0.11499366045259367,0.72967508486509
1723528300.4997337,70.44135284423828,2.090288639068595,3.94524884223938,-0.6691219047413439,0.07933734067580556,-0.11486167900193231,0.7299234601426812
1723528300.566443,70.47532653808594,2.2284209728240882,3.945509195327759,-0.6688521699823915,0.07905499567927113,-0.11413402641695448,0.7303153472177963
1723528300.6998193,70.5954360961914,2.589809417724601,3.9674484729766846,-0.6703290996406583,0.07904363071150247,-0.1113683490842697,0.7293888492711774
1723528300.8331947,70.69709777832031,2.922145843505851,3.981036901473999,-0.6715557957493803,0.07939379893997825,-0.10935385099333872,0.7285267141006029
1723528300.8998823,70.71595764160156,3.056745529174796,3.977475166320801,-0.6713012985223145,0.078888968324279,-0.11011167939159132,0.7287019386145125
1723528300.9332256,70.75473022460938,3.1676201820373446,3.9793341159820557,-0.6708687470320852,0.07867108960919632,-0.10961145587823388,0.729199089861991
1723528300.999913,70.81773376464844,3.3460605144500644,3.980987310409546,-0.6711564111447216,0.077855209660371,-0.10907168794282121,0.7291028768269818
1723528301.0999444,70.88201904296875,3.5917582511901767,3.9823031425476074,-0.6722224105919857,0.07682308110625832,-0.10934993895451002,0.7281880497219698
1723528301.1666315,70.92669677734375,3.76346778869628,4.0011701583862305,-0.6733687435885994,0.0760653591229975,-0.10973734003140947,0.7271494430323325
1723528301.1999745,70.96581268310547,3.8558335304260165,4.0071611404418945,-0.6744868706847674,0.07559578973559396,-0.10923122894276674,0.7262377547826708
1723528301.2666614,70.99553680419922,4.015614986419669,4.0064697265625,-0.67476708628103,0.07533658264885797,-0.10958122531265378,0.7259516055809632
1723528301.4000347,71.08560943603516,4.345367908477774,4.017445087432861,-0.6749931196523986,0.07552829375474461,-0.10850240405333827,0.7258835950612647
1723528301.466721,71.13277435302734,4.517038822174063,4.021962642669678,-0.6748845614283134,0.07537229050228607,-0.1080676878621862,0.7260655765220337
1723528301.5000648,71.16683959960938,4.606211185455313,4.0219550132751465,-0.6750341011262995,0.07535454619642,-0.1072521461007052,0.7260493315477494
1723528301.5667531,71.2152099609375,4.77498483657836,4.024389266967773,-0.6749136847365731,0.0750033002648404,-0.1068547623266256,0.7262562102129002
1723528301.7001336,71.29801940917969,5.102976799011222,4.043694019317627,-0.6754573449098066,0.07439821293440083,-0.10612952890356118,0.7259192821617776
1723528301.7668235,71.33856201171875,5.270652770996085,4.036996364593506,-0.6750336417983692,0.07353570087092053,-0.10722551166507603,0.726240161920295
1723528301.8668578,71.41813659667969,5.52589511871337,4.0509562492370605,-0.6755924537983373,0.07307568352322803,-0.10642686490265761,0.7258843594370565
1723528301.9335475,71.46141815185547,5.706578254699698,4.051624298095703,-0.6758351946483694,0.07312771086715213,-0.10595200775750402,0.7257226051530191
1723528301.966893,71.48759460449219,5.786014556884757,4.0554728507995605,-0.6759646161049857,0.07340185140501718,-0.10489023930787628,0.7257286295043702
1723528302.1002724,71.56324005126953,6.101543903350821,4.067037105560303,-0.6755999231046018,0.0732041102713438,-0.10467760489186852,0.7261187927429912
1723528302.1336167,71.59025573730469,6.195702075958243,4.063723564147949,-0.6754205486868727,0.07287801829467405,-0.1046997691610206,0.7263152450545107
1723528302.2003064,71.6456298828125,6.360993862152091,4.066461086273193,-0.6753648804093323,0.07267269030593253,-0.10382250535980675,0.726513486298912
1723528302.2336516,71.67326354980469,6.446654319763175,4.069934844970703,-0.6753720416869157,0.07212447247668892,-0.10391629758366137,0.7265480499417161
1723528302.300341,71.70838928222656,6.620552539825431,4.070805549621582,-0.6754367439299823,0.07212521058650265,-0.10436759891426257,0.726423129617985
1723528302.3670304,71.75151824951172,6.789420604705802,4.0755462646484375,-0.6756301354126082,0.0717206962311562,-0.10413982381256545,0.7263160186521752
1723528302.5337534,71.86134338378906,7.212414741516104,4.093640327453613,-0.675844294971273,0.07076905769422076,-0.10355824035629141,0.7262932742922543
1723528302.5671062,71.88170623779297,7.3006224632263095,4.083314418792725,-0.6747913536419666,0.07002937512270956,-0.10451495227365905,0.7272063946509272
1723528302.6671624,71.95394897460938,7.545015335082999,4.091351509094238,-0.6751044269816194,0.06998423026352195,-0.10324886630370732,0.7271010189727702
1723528302.7338674,71.96959686279297,7.698663711547843,4.105114459991455,-0.6756843625614785,0.07077304696890067,-0.1022030297306048,0.7266335794102221
1723528302.8339257,72.07532501220703,7.979137420654288,4.0965752601623535,-0.6753862801792577,0.06944321164027674,-0.10151041914415879,0.7271359210683283
1723528302.9006312,72.1125717163086,8.146940231323233,4.101079940795898,-0.6751656974533168,0.06897455401137613,-0.101710789816905,0.7273573448561095
1723528302.9673371,72.13923645019531,8.307162284851065,4.115213871002197,-0.6755304585543817,0.06933990031240775,-0.10111043069852722,0.7270675749845612
1723528303.0673954,72.2008056640625,8.558786392211905,4.112368583679199,-0.6750687813327182,0.06915511633594491,-0.10116390384676979,0.7275064088466865
1723528303.1674552,72.2844467163086,8.816697120666495,4.11655855178833,-0.6756316541644178,0.06896278859842168,-0.09978940466516646,0.727191911668683
1723528303.267515,72.34896850585938,9.080967903137198,4.1198930740356445,-0.6761069914468284,0.0683583250850122,-0.09940788641748738,0.7268593726617949
1723528303.3008687,72.37808227539062,9.174861907958975,4.12667989730835,-0.6767295252216949,0.06770893141948052,-0.09888961331097072,0.7264113811597793
1723528303.4342828,72.46272277832031,9.51149368286132,4.125887393951416,-0.6766299500628222,0.06748244071946297,-0.09857048758952408,0.7265685720211758
1723528303.5009904,72.50402069091797,9.68617343902587,4.136288642883301,-0.6770183053732549,0.0676218466033411,-0.09832295874048205,0.7262273031468852
1723528303.5343435,72.52181243896484,9.77190113067626,4.134376525878906,-0.6765538183207315,0.06727028628103686,-0.09818076327718987,0.7267118942343069
1723528303.60105,72.57282257080078,9.947006225585929,4.133780479431152,-0.6767125965179761,0.06635371881492293,-0.09802766619501925,0.7266689909261899
1723528303.7344632,72.64076232910156,10.216671943664542,4.154719829559326,-0.677510239865415,0.0676285061759474,-0.09631686748153138,0.7260367215702405
1723528303.7678173,72.659912109375,10.269736289978018,4.172138214111328,-0.677439207426678,0.06630216303627492,-0.09675397208113493,0.7261672068500125
1723528303.8678775,72.73344421386719,10.51131057739257,4.164694309234619,-0.6765613909518683,0.06532447466281587,-0.09588272575836543,0.7271890401982462
1723528303.9345846,72.76805114746094,10.7083396911621,4.159836769104004,-0.6767243836271017,0.06483802375771239,-0.09729554582386402,0.7268931943845328
1723528304.0346463,72.85474395751953,10.95545005798339,4.164302349090576,-0.6769500582541155,0.06414858091714555,-0.09577776765483192,0.7269458008814159
1723528304.101354,72.89358520507812,11.147583961486808,4.168351650238037,-0.6765995777009371,0.06298358033922442,-0.09621542009084051,0.7273160750315568
1723528304.1347075,72.90316009521484,11.254046440124503,4.170412540435791,-0.6766629540733391,0.06348407949889831,-0.09588062038856206,0.727257811830732
1723528304.2014153,72.92951965332031,11.383899688720694,4.185027599334717,-0.6768062632885147,0.0626676656959076,-0.09588925756005831,0.7271941253436008
1723528304.2681231,72.98626708984375,11.578908920288077,4.182708740234375,-0.6772345295237245,0.06269855519662862,-0.09512065867513868,0.7268936259799246
1723528304.3681862,73.04766082763672,11.839357376098624,4.186382293701172,-0.6769779050674396,0.0620831535806162,-0.09461947484244704,0.7272508185437305
1723528304.4348948,73.07803344726562,12.018602371215811,4.180205821990967,-0.6766827705666743,0.061871112092220695,-0.09487437837241837,0.7275103063428922
1723528304.5016034,73.11463165283203,12.179277420043936,4.198407173156738,-0.6773688397212537,0.061607297635959096,-0.09485388430584105,0.7268966477325172
1723528304.6016495,73.18202209472656,12.441949844360343,4.206373691558838,-0.6770431577883088,0.06091625083247642,-0.09460687237936356,0.7272903908172752
1723528304.6683416,73.2238998413086,12.614145278930655,4.207129001617432,-0.6772660184082537,0.06075325388061266,-0.09398475423123447,0.7271771781515447
1723528304.7350342,73.26067352294922,12.794397354125968,4.212445259094238,-0.6777049929295004,0.06017107543335169,-0.09342979681394326,0.7268880638082629
1723528304.8017263,73.29747772216797,12.964990615844718,4.218077182769775,-0.6774813469052835,0.059411992707422166,-0.0935729218595815,0.7271405283798977
1723528304.8684185,73.32987213134766,13.109100341796866,4.227077484130859,-0.678268250513074,0.05956694325060334,-0.09366622856685047,0.7263818536030314
1723528305.001803,73.40352630615234,13.439460754394522,4.233691692352295,-0.6781539834023819,0.05872398384939773,-0.09281034055632108,0.7266669864540135
1723528305.0351493,73.42483520507812,13.53478240966796,4.232694625854492,-0.6781214806369891,0.05843536873806802,-0.09271217544099603,0.7267331131193498
1723528305.1018414,73.46930694580078,13.703527450561515,4.230542182922363,-0.6781430030332414,0.05782308014432415,-0.09168962814744729,0.7268917188480436
1723528305.2018793,73.52978515625,13.954262733459464,4.237631320953369,-0.6784813151295752,0.05671878737328431,-0.09143439229033754,0.7266951465954915
1723528305.2685714,73.56354522705078,14.146202087402335,4.23630428314209,-0.6788070786720426,0.056890151950089854,-0.09148894344714831,0.7263705898387871
1723528305.3352633,73.61744689941406,14.324852943420401,4.233505725860596,-0.6790185373641978,0.05713762291919776,-0.08964393235178968,0.7263835648990394
1723528305.4353023,73.6773452758789,14.564108848571768,4.247585773468018,-0.6798469303666829,0.05738568715813189,-0.08853369162657633,0.7257250303161371
1723528305.5019941,73.72052001953125,14.75995159149169,4.242220401763916,-0.678477449113035,0.05685747765135998,-0.08735649271757412,0.7271893986165356
1723528305.5686882,73.75774383544922,14.950690269470206,4.251010894775391,-0.6791571665719988,0.05582276431163282,-0.08705064274858988,0.7266715541945754
1723528305.6020393,73.77830505371094,15.048089027404776,4.249475955963135,-0.6793165889562968,0.05550555965029352,-0.08700199311803886,0.7265526532951195
1723528305.6687427,73.81222534179688,15.219945907592765,4.255667686462402,-0.6784878573858102,0.054729219957474984,-0.08739882423445756,0.7273378756707871
1723528305.7687984,73.86243438720703,15.46672821044921,4.2620439529418945,-0.6787093759499779,0.05295599797713627,-0.08712194224109593,0.7272956843375163
1723528305.8688533,73.92234802246094,15.719231605529776,4.26230001449585,-0.6776651594799079,0.05144610611939107,-0.08604130120405604,0.7285054044269927
1723528305.902206,73.94220733642578,15.806244850158683,4.262775897979736,-0.6780610968819577,0.051129797039453945,-0.08518411829738601,0.7282599527228156
1723528306.0356145,73.96621704101562,15.92390823364257,4.253129005432129,-0.6755933655218868,0.051968406927276084,-0.08307609863274867,0.7307333651751596
1723528306.068966,73.99089813232422,16.07278823852538,4.316066741943359,-0.6768473342721434,0.05088498866802335,-0.08440509895487354,0.7294958418574891
1723528306.1690233,74.07067108154297,16.43364143371581,4.306967735290527,-0.676490781226805,0.05052558775685877,-0.08263982829310884,0.7300534546707224
1723528306.235728,74.09956359863281,16.631153106689442,4.3055853843688965,-0.6764805198420103,0.05076741743279748,-0.08261322766485293,0.7300491971204974
1723528306.3357852,74.16015625,16.904090881347646,4.314254283905029,-0.6769781129895351,0.04878144470294138,-0.08126176243800833,0.7298750106362669
1723528306.369138,74.18366241455078,16.996076583862294,4.308144569396973,-0.6772680922731434,0.048473245316979455,-0.08059608755859966,0.7297003126951388
1723528306.4358432,74.22297668457031,17.161203384399403,4.310824871063232,-0.6771689623657882,0.04703169215832078,-0.08060270994795073,0.7298858948426207
1723528306.5359008,74.25342559814453,17.41112709045409,4.311675548553467,-0.6783361375574605,0.046261070515779594,-0.07983964778859223,0.7289345844994279
1723528306.6359425,74.31478881835938,17.686452865600575,4.328418731689453,-0.6794820113788428,0.044817920923742954,-0.07909554384510765,0.728038079443982
1723528306.669286,74.3287124633789,17.772018432617177,4.3329081535339355,-0.6797984645922741,0.044771615664746744,-0.07854418591745078,0.7278051668044958
1723528306.7359743,74.36431884765625,17.94666862487792,4.33320426940918,-0.6796375562507219,0.04470905226012833,-0.07761350027563882,0.7280590891916063
1723528306.769319,74.37981414794922,18.03140640258788,4.336522579193115,-0.6794535572035575,0.04444003967670138,-0.07728604646179503,0.7282820974727242
1723528306.836007,74.40483093261719,18.188438415527333,4.338528156280518,-0.6791349742352112,0.04415211200754165,-0.07645376578438554,0.7286844992678236
1723528306.902695,74.44831085205078,18.386566162109364,4.352438926696777,-0.6790478751111539,0.04313591251955996,-0.0761260050709433,0.7288608287664186
1723528306.969383,74.4681625366211,18.547971725463857,4.352487564086914,-0.6788247717324093,0.04241404068877373,-0.07626600726586492,0.7290963410761411
1723528307.036071,74.50773620605469,18.730844497680653,4.362508296966553,-0.679374035146172,0.04157972233326874,-0.0755340392438957,0.7287088965941048
1723528307.1027586,74.53736114501953,18.909292221069325,4.356433391571045,-0.67916345841006,0.040036152811200994,-0.07551126913074306,0.7289939310192023
1723528307.1694462,74.55994415283203,19.090591430664052,4.3538126945495605,-0.6792397440255391,0.039849792344562075,-0.07488473667801623,0.7289976957431894
1723528307.2694771,74.608642578125,19.336570739746083,4.351383209228516,-0.6775098851130377,0.038868276053230205,-0.07433470796267957,0.730714693901027
1723528307.3361647,74.64378356933594,19.523555755615224,4.360492706298828,-0.6776217072489376,0.037611430996737104,-0.07401275586181114,0.7307094594249843
1723528307.402852,74.66868591308594,19.676362991332997,4.371703624725342,-0.6782868359972453,0.03705925435808062,-0.07329516741916128,0.7301927130643434
1723528307.5362265,74.7281265258789,19.97570800781249,4.3791375160217285,-0.6794655793077237,0.035903939502777274,-0.07208232624981087,0.7292746889249732
1723528307.5695708,74.74927520751953,20.07101821899413,4.3827314376831055,-0.6796968094338879,0.03538815946267572,-0.07178301879473012,0.7291139304854576
1723528307.63626,74.7643814086914,20.24293327331542,4.384238243103027,-0.6809549808553602,0.034803433455482445,-0.07155944545064914,0.7279892037899885
1723528307.769638,74.81388854980469,20.552875518798817,4.378179550170898,-0.6820777712656044,0.03306748460052305,-0.0708066611823799,0.7270920657934205
1723528307.802982,74.82109832763672,20.65371513366698,4.382086753845215,-0.682438845457885,0.03249791699994251,-0.07076772442035452,0.7267826613102013
1723528307.9363596,74.87085723876953,20.98588180541991,4.38681173324585,-0.6835846918994626,0.03163599048549659,-0.0698354336260801,0.7258334143017775
1723528307.9697044,74.88853454589844,21.077850341796864,4.389462947845459,-0.6839534876410007,0.031431475725324606,-0.06942435258139304,0.7255342502915313
1723528308.036393,74.91138458251953,21.255096435546864,4.3929548263549805,-0.683910906929536,0.032487744638167414,-0.06917501127905407,0.7255516767575467
1723528308.136425,74.95938873291016,21.521917343139638,4.400049686431885,-0.684695644744601,0.03151984038039597,-0.06733487627544531,0.725027163744325
1723528308.2031133,74.99252319335938,21.701332092285146,4.398711204528809,-0.6852464506277189,0.03073750741959576,-0.06650019333469008,0.7246173002531697
1723528308.2698014,75.0241928100586,21.873170852661122,4.400903224945068,-0.6845266881759691,0.030337989632416226,-0.06560843291054838,0.7253953081533716
1723528308.3364894,75.05272674560547,22.049190521240224,4.407957077026367,-0.6836113825050718,0.03052262380019947,-0.0653586572961391,0.7262727401343809
1723528308.4698648,75.06861877441406,22.34510040283202,4.414421081542969,-0.6809648801378523,0.030797946132557232,-0.06527126799797846,0.7287509726283682
1723528308.5365527,75.11314392089844,22.526704788207997,4.413450241088867,-0.6802882771026875,0.029960344806208673,-0.06332610923308486,0.7295889539083975
1723528308.6032407,75.14315795898438,22.709304809570302,4.4122700691223145,-0.6804555026184436,0.02945847293584273,-0.06340401085719946,0.7294466661352219
1723528308.7366173,75.19366455078125,23.069768905639638,4.411265850067139,-0.6802055011597058,0.027721612958337055,-0.06188371548866775,0.7298783420025419
1723528308.769962,75.21121978759766,23.153865814208974,4.414792537689209,-0.6807630522171257,0.02716104153281685,-0.06141855212006643,0.7294187453132461
1723528308.8699937,75.2436752319336,23.40345573425292,4.42549467086792,-0.6809588078233517,0.0264613668233655,-0.06134395938235634,0.7292680006423802
1723528308.903338,75.24726104736328,23.503828048706044,4.4203290939331055,-0.6808596379958096,0.026375385130807096,-0.06153675757761261,0.7293474616904146
1723528309.0033693,75.2833251953125,23.74482536315917,4.443805694580078,-0.6819958885913366,0.023284129828590457,-0.06112182808928186,0.7284254109884297
1723528309.0700572,75.3081283569336,23.906354904174794,4.430775165557861,-0.6823047951303068,0.0227092239925956,-0.05941465193333213,0.728295514762713
1723528309.1367445,75.32826232910156,24.080354690551747,4.443312644958496,-0.6831286396400058,0.02389401894096674,-0.05888752942421638,0.7275277289840959
1723528309.203432,75.36228942871094,24.260198593139638,4.445571422576904,-0.6827143958533677,0.02463744497199648,-0.05615605452543699,0.7281075109762014
1723528309.3701506,75.4199447631836,24.63859748840331,4.463862895965576,-0.6814095540224702,0.024506773204523474,-0.05291405269977781,0.7295755894908255
1723528309.436838,75.4518051147461,24.80554962158202,4.464456558227539,-0.6807366149530658,0.02481867301792471,-0.05252210354987655,0.7302212837014318
1723528309.4701805,75.45932006835938,24.891971588134755,4.4607415199279785,-0.6806933675643233,0.024133198163769253,-0.05271441533260392,0.7302707159105253
1723528309.5702116,75.47137451171875,25.086288452148427,4.4671525955200195,-0.6804376291369544,0.022115737583560363,-0.05285712694734297,0.7305625579897236
1723528309.636906,75.46586608886719,25.228874206542958,4.477168083190918,-0.6808665567341929,0.019725244297208254,-0.054361005593719314,0.7301208993921344
1723528309.770295,75.46441650390625,25.472349166870107,4.5043158531188965,-0.6807793558267691,0.01946505311531857,-0.05505112454805639,0.7301574858024135
1723528309.8036416,75.47657012939453,25.54676055908202,4.5000152587890625,-0.6808959462903986,0.01874952289882744,-0.05567354689393796,0.7300202886856073
1723528309.8703358,75.50553894042969,25.709667205810536,4.499441146850586,-0.6820956148982809,0.016976511828092112,-0.055013618629608727,0.7289930534291551
1723528310.0037243,75.51520538330078,25.94571876525878,4.507473468780518,-0.6825297692892008,0.018868865684446866,-0.05242281768455875,0.7287310396352169
1723528310.0704186,75.53633117675781,26.08547019958495,4.519920825958252,-0.6825740702982034,0.01984899560940127,-0.05091524799403691,0.7287703983090608
1723528310.1704605,75.5584945678711,26.292659759521474,4.511936664581299,-0.6818113469945102,0.01928641714335781,-0.05008450902657175,0.7295566209547217
1723528310.2371545,75.59154510498047,26.446590423583974,4.515809059143066,-0.6818791531772037,0.017914757933683266,-0.04945678879892886,0.729571043800544
1723528310.3705428,75.58993530273438,26.699392318725575,4.523514270782471,-0.6816477468753398,0.01692682000430339,-0.049445688602819116,0.7298115892632207
1723528310.4038892,75.58673858642578,26.76545524597167,4.524068832397461,-0.6817033688628839,0.016822166472666582,-0.049995355435686215,0.7297246028681097
1723528310.4372365,75.60189819335938,26.84564208984374,4.524496555328369,-0.6820119966922069,0.016205798209968248,-0.04944001508818859,0.7294879665768085
1723528310.5706244,75.62361145019531,27.115432739257802,4.527282238006592,-0.6822295753293551,0.015053267794591582,-0.04887569086995715,0.7293472235613272
1723528310.7040186,75.656494140625,27.38043212890624,4.532967567443848,-0.6822536651923853,0.014569122162312459,-0.047046045131852135,0.7294548283810507
1723528310.7373667,75.67028045654297,27.460927963256825,4.5333428382873535,-0.6822490361465856,0.014186884979791516,-0.04655054608980869,0.7294984795257394
1723528310.7707155,75.6784439086914,27.54678726196288,4.533753871917725,-0.6822064236160221,0.013832584000765747,-0.04601655691446857,0.7295790098999806
1723528310.8374128,75.68155670166016,27.686729431152333,4.536221504211426,-0.6822776873282463,0.013324357087556467,-0.04613514718940991,0.7295143364431123
1723528310.9041097,75.69387817382812,27.842182159423817,4.541301727294922,-0.6824676822551209,0.013017353820651443,-0.04555136216585483,0.7293788347502732
1723528311.0041552,75.72100830078125,28.042743682861317,4.534740924835205,-0.6827984218460261,0.012265606486056888,-0.04457409449199801,0.7291426610220553
1723528311.1042018,75.74146270751953,28.296716690063466,4.543726444244385,-0.6829608794531505,0.010589021959070343,-0.043782394622636535,0.7290647513572696
1723528311.1708992,75.74925231933594,28.466358184814442,4.543880939483643,-0.6831059262636598,0.009766397222518812,-0.04349154328911846,0.7289577468215082
1723528311.2042472,75.75777435302734,28.55918502807616,4.543975830078125,-0.6829882244860841,0.00905440820896227,-0.0427425051273144,0.7291215133026685
1723528311.2709448,75.77620697021484,28.722068786621083,4.54266357421875,-0.6830173023021969,0.008241509805513714,-0.042222464790593356,0.7291342165465575
1723528311.4043398,75.81525421142578,28.985172271728505,4.527283191680908,-0.6830726596321254,0.006303767425610032,-0.040991027973274134,0.7291719548947511
1723528311.4710376,75.82537078857422,29.168392181396474,4.530397415161133,-0.6826783274751751,0.004740478018507829,-0.04002135863535975,0.7296068255689729
1723528311.537735,75.83720397949219,29.343294143676747,4.533021450042725,-0.683097529090993,0.0036113648473221813,-0.03943689473243587,0.7292526689204383
1723528311.604431,75.82450866699219,29.50503158569335,4.5530595779418945,-0.6832555750808739,0.003164793210365189,-0.03942570677020614,0.7291072738976822
1723528311.7044718,75.82594299316406,29.64680290222167,4.53997278213501,-0.6827132895229815,0.0020359722781046544,-0.03799933215343044,0.7296947785762796
1723528311.7378182,75.84009552001953,29.738069534301747,4.564844131469727,-0.683304077791909,0.001619298127108692,-0.037276604085507994,0.7291799297391397
1723528311.8045118,75.85002899169922,29.92583656311034,4.564769744873047,-0.6832448448009248,0.0005773960053752259,-0.035482400222077416,0.7293265029746921
1723528311.937899,75.8573226928711,30.230281829833974,4.557847499847412,-0.6835774038617695,-0.0022600470155967616,-0.03311671602642673,0.7291228348068078
1723528312.0045927,75.8726577758789,30.38003921508788,4.567982196807861,-0.6839208277573605,-0.004022568548213861,-0.031483738681942805,0.7288654845035324
1723528312.1046336,75.87457275390625,30.61193275451659,4.576411724090576,-0.684552346544494,-0.006356947318985538,-0.02897458446703638,0.7283599024631802
1723528312.1379797,75.87584686279297,30.69253921508788,4.573765277862549,-0.6841914064323503,-0.007230131633970131,-0.028473226972866778,0.728710587206217
1723528312.171327,75.86703491210938,30.75810432434081,4.57978630065918,-0.6842150865898617,-0.008184499538235234,-0.028429394712387566,0.7286799700598501
1723528312.2713666,75.8685531616211,30.981382369995107,4.58881139755249,-0.6846240469006247,-0.011799503511246156,-0.02705537170226789,0.7282984916806786
1723528312.33806,75.8550033569336,31.121461868286122,4.6051411628723145,-0.6844014026990601,-0.014190769992596632,-0.02670285787065425,0.7284780706459982
1723528312.3714073,75.87525939941406,31.242828369140614,4.600502967834473,-0.684442789413276,-0.013643306133594272,-0.023720007113147566,0.7285528734968185
1723528312.5047936,75.867431640625,31.548154830932607,4.598996162414551,-0.6848476101806551,-0.016966116781800617,-0.021043849077216768,0.7281847692222126
1723528312.571487,75.87223052978516,31.72884941101073,4.5881500244140625,-0.6857427799239284,-0.019736756129619705,-0.018901575848447438,0.7273307574069228
1723528312.6381867,75.86983489990234,31.887596130371083,4.589817047119141,-0.686512241060724,-0.021987040971243942,-0.01779844383681488,0.7265677726820116
1723528312.7048867,75.85846710205078,32.0395278930664,4.587647438049316,-0.6866644036672961,-0.02305369618493339,-0.016921689647491942,0.7264118530475142
1723528312.7715867,75.85912322998047,32.193977355957024,4.593669891357422,-0.6864877548566081,-0.023997373478544862,-0.014510996259543515,0.7266003850023893
1723528312.8382866,75.86084747314453,32.35206222534179,4.596884727478027,-0.6861982649260102,-0.02544318500366372,-0.01243059703944308,0.7268631685583233
1723528312.9716866,75.857421875,32.65831756591796,4.5991621017456055,-0.6861721592949929,-0.02727532337917552,-0.00869679395760919,0.7268756360739209
1723528313.0050364,75.85389709472656,32.73312377929687,4.598156452178955,-0.6860852101514456,-0.027998344061697322,-0.007841305468274641,0.7269399501126643
1723528313.0717366,75.85443878173828,32.90776062011718,4.590694427490234,-0.686336682023937,-0.02942941894922504,-0.00596479940628668,0.7266638076694938
1723528313.138437,75.84367370605469,33.05258560180663,4.607127666473389,-0.6882675218265627,-0.030843282769982668,-0.0036697634204138213,0.7247917239753301
1723528313.2051373,75.84104919433594,33.21971130371093,4.601981163024902,-0.6887484275270649,-0.03278065527076267,-0.0016701304810709822,0.7242570281904008
1723528313.3051884,75.83161163330078,33.45449066162109,4.603347301483154,-0.6876879231875366,-0.033390449103814814,0.00023324566004684298,0.7252381290356433
1723528313.371889,75.82391357421875,33.61003875732421,4.592867374420166,-0.6859493358863206,-0.03509553246565149,0.0008900548131783394,0.7268019124909466
1723528313.4385898,75.79874420166016,33.75006484985351,4.592294216156006,-0.68553761640086,-0.0374945219880767,0.0011550976498849674,0.7270701500334973
1723528313.5052905,75.78624725341797,33.90087890624999,4.587573528289795,-0.6865171507491876,-0.039253377377362814,0.0028980742568497655,0.7260475020666963
1723528313.5719912,75.77442169189453,34.04223251342773,4.592639446258545,-0.6875739027614891,-0.04045694359599791,0.0043865487194796274,0.7249731871914548
1723528313.6720614,75.77635955810547,34.3312644958496,4.576138973236084,-0.6876394642872659,-0.040293022476184895,0.00789310125474205,0.724890432028895
1723528313.7387755,75.7745132446289,34.49748992919921,4.583662509918213,-0.6881286450622726,-0.041362728834265505,0.010635051560652361,0.7243307174119058
1723528313.8388479,75.74932098388672,34.71158599853515,4.579840660095215,-0.688338852654573,-0.042584132004137305,0.013779807552619346,0.7240071356909772
1723528313.9055626,75.74716186523438,34.883552551269524,4.585797309875488,-0.6875942964644869,-0.04392482021638708,0.016468751417023846,0.7245781351001628
1723528313.9722779,75.74140930175781,35.05307388305663,4.579550266265869,-0.6868906240367332,-0.04562334056751218,0.018327013924925903,0.7250957881318052
1723528314.0723505,75.72341918945312,35.29605102539062,4.562021732330322,-0.685270463117224,-0.048600278140926954,0.020695721986894604,0.7263704925416307
1723528314.1390665,75.70287322998047,35.43209838867187,4.58670711517334,-0.6860133001873526,-0.05090970486224633,0.022230676711099892,0.7254651962223018
1723528314.2057824,75.68367767333984,35.56285095214843,4.593304634094238,-0.6861170360603666,-0.05248949748449057,0.0232721740080509,0.7252218084134691
1723528314.2724986,75.65377807617188,35.74151229858398,4.590348243713379,-0.6858523600364849,-0.053352191393977386,0.02447687025644839,0.7253695380482238
1723528314.3392153,75.63768005371094,35.91583251953124,4.580834865570068,-0.6853534704695784,-0.05511924605611262,0.02644291028743983,0.7256398981072093
1723528314.405932,75.61945343017578,36.096416473388665,4.577824115753174,-0.6849365746627746,-0.057325869277783194,0.028400750450973577,0.7257885578972664
1723528314.472649,75.61157989501953,36.2253189086914,4.592527866363525,-0.685234187393781,-0.06009084457226043,0.030981771293267093,0.7251781358210608
1723528314.5393667,75.57400512695312,36.38613510131835,4.5835700035095215,-0.684500629016216,-0.06252726664956199,0.03209617536419038,0.7256163348000997
1723528314.606073,75.55799102783203,36.533794403076165,4.600948333740234,-0.684193414218653,-0.06327280578273534,0.03543653710627947,0.7256860036035684
1723528314.6727684,75.51449584960938,36.6215591430664,4.603745937347412,-0.6849981250741594,-0.06389005773803291,0.037291566931565316,0.7247792548099772
1723528314.7394636,75.47573852539062,36.79471588134765,4.59857177734375,-0.6847921470334034,-0.06582021368679097,0.03763079812191993,0.7247836490045247
1723528314.8061588,75.45415496826172,36.96464538574218,4.592497825622559,-0.6839183265187685,-0.06828856525340611,0.04004895609800517,0.7252506295225524
1723528314.8728542,75.4061050415039,36.99193954467773,4.639368534088135,-0.6851502968202594,-0.07005063904304194,0.04064221772277309,0.7238854804976728
1723528314.9728975,75.37189483642578,37.19608306884765,4.633750915527344,-0.684637064342263,-0.07403298651579336,0.042567398532781,0.7238640919527034
1723528315.0395927,75.33905029296875,37.32864761352538,4.633332252502441,-0.6852725249774346,-0.07572407450575391,0.044507970598370354,0.7229705883398805
1723528315.1729832,75.31270599365234,37.58998870849609,4.641434669494629,-0.6847105569827794,-0.08015741540131946,0.048692079255083474,0.7227553689391238
1723528315.2063303,75.2612075805664,37.66523361206054,4.6539764404296875,-0.6857553235606284,-0.08064023362946869,0.049072821726363444,0.7216845897594427
1723528315.2730253,75.25822448730469,37.75406646728515,4.644826889038086,-0.6857073300456819,-0.08145691618972109,0.05153230533574121,0.7214670122973517
1723528315.3063731,75.23710632324219,37.83328628540038,4.655515670776367,-0.6868897850331106,-0.08190122987227542,0.05195423441043308,0.7202606259468872
1723528315.4397633,75.2009048461914,38.13188171386718,4.647720813751221,-0.6866188777368505,-0.08487358262531068,0.057396266437716364,0.71976153016589
1723528315.5064585,75.1732177734375,38.30675888061523,4.638577938079834,-0.6872216838895847,-0.08648200652375061,0.05911467129294328,0.7188551143154766
1723528315.5731533,75.1355209350586,38.4087905883789,4.629392623901367,-0.6868222139853761,-0.08749681395097082,0.060479991678372556,0.7190005038463042
1723528315.6732328,75.09061431884766,38.60095214843749,4.6394195556640625,-0.6870209658716118,-0.08997898408972252,0.062476880468971006,0.718333219531079
1723528315.7399533,75.10142517089844,38.90689849853515,4.591705799102783,-0.6855968396016277,-0.09357007114093373,0.0636187631579174,0.7191343881981987
1723528315.806674,75.0572738647461,39.06372451782226,4.59433126449585,-0.6856705721601281,-0.09505925185866289,0.06495561197141018,0.7187491729268936
1723528315.8733952,75.00584411621094,39.19236755371093,4.598782539367676,-0.6857801747967038,-0.0967699329215485,0.06636302837832161,0.718287602846255
1723528315.9401166,74.96159362792969,39.3398094177246,4.6006622314453125,-0.6854068283125241,-0.0982509403700654,0.0680711084395252,0.7182830616231867
1723528316.0068386,74.9688720703125,39.47020721435546,4.596374034881592,-0.6851544065379435,-0.10004541948159842,0.0700159918868193,0.7180892104206095
1723528316.0735607,74.94353485107422,39.59980392456054,4.567666530609131,-0.6834594389788148,-0.10107457360143973,0.07212018569085388,0.7193509606985784
1723528316.140283,74.92200469970703,39.730720520019524,4.564608573913574,-0.6832747925402334,-0.10288985750961915,0.07390835637502567,0.7190874703112922
1723528316.2403681,74.900634765625,39.94178390502929,4.559224605560303,-0.6827873227873535,-0.1048325140723359,0.07719571245269688,0.7189245007739493
1723528316.3070915,74.78968048095703,40.514385223388665,4.570366859436035,-0.6824408353848721,-0.10628545374198907,0.07811420898862538,0.7189409425510129
1723528316.373815,74.73788452148438,40.66531372070312,4.57217264175415,-0.6821573222289878,-0.10718006397448313,0.07969909224045733,0.7189032454453448
1723528316.4405391,74.68458557128906,40.81853866577148,4.571737289428711,-0.6821068552430724,-0.10841612834622957,0.08142442546109192,0.7185723652375947
1723528316.5072637,74.6747055053711,40.9655532836914,4.5575270652771,-0.6815777831223124,-0.1103312279755579,0.08390349136197166,0.7184977034234354
1723528316.6073349,74.62730407714844,41.18029785156249,4.54641056060791,-0.6809808156493913,-0.11231206810355882,0.08621014014541703,0.7184837783916203
1723528316.6740289,74.53087615966797,41.33151626586913,4.598788738250732,-0.6819402590892081,-0.11313392423972102,0.08557889486039316,0.7175196519775182
1723528316.7073767,74.52385711669922,41.3909683227539,4.572309494018555,-0.6817023932853699,-0.11367739425629309,0.08694909644636321,0.7174950533984602
1723528316.7740707,74.50963592529297,41.55199432373046,4.567136764526367,-0.681286310882891,-0.1151722033825695,0.08844131708307393,0.717469483395772
1723528316.907459,74.45137786865234,41.847820281982415,4.554934024810791,-0.6803752081142048,-0.1181774962978962,0.09063843339342866,0.717571132323687
1723528316.9408054,74.32122039794922,42.365650177001946,4.533946514129639,-0.6804027876530584,-0.11976415670514491,0.09082261494200743,0.717258562819398
1723528316.974153,74.29409790039062,42.446826934814446,4.531890392303467,-0.6799149409769148,-0.12021334880527577,0.09123853381637106,0.7175931672977512
1723528317.0408468,74.23611450195312,42.61376190185546,4.525856971740723,-0.6804183125909622,-0.1210361885371151,0.09170560444219034,0.7169178774930699
1723528317.0741932,74.20360565185547,42.677742004394524,4.538214683532715,-0.6811331172804531,-0.12054072184248613,0.09243191674210492,0.7162289799281271
1723528317.1742346,74.15247344970703,42.90447235107421,4.546828269958496,-0.6812637407136647,-0.12181147115882753,0.09340515702673909,0.7157633391867433
1723528317.207581,74.1305160522461,42.983657836914055,4.508557319641113,-0.6804259498391113,-0.12192017124917333,0.09392481808403216,0.7164733960001564
1723528317.2742748,74.05159759521484,43.111865997314446,4.5450592041015625,-0.6811727922359,-0.12193433670471931,0.09363360660353755,0.7157991285020832
1723528317.3409684,74.04405975341797,43.316875457763665,4.544562816619873,-0.680982528188021,-0.12368477782926969,0.09436557373372663,0.7155836852038202
1723528317.4076622,74.04934692382812,43.56027221679687,4.510986804962158,-0.6803295822727449,-0.12549988004282586,0.09513160035256096,0.7157872716164974
1723528317.4743557,74.00100708007812,43.72305297851562,4.508564472198486,-0.6807816434610828,-0.1257588057106867,0.09559196930763121,0.7152504820806049
1723528317.5410492,73.9521713256836,43.890457153320305,4.505324840545654,-0.6809309130620453,-0.1261219910140828,0.0961433150800072,0.7149704874920079
1723528317.6077526,73.90433502197266,44.04809188842773,4.508183002471924,-0.680951249474027,-0.12655866001218644,0.09612238635081459,0.7148767643852373
1723528317.6411097,73.88365936279297,44.13098144531249,4.503454685211182,-0.6805515600359913,-0.12662839932721873,0.09665274611971826,0.7151734539843619
1723528317.74118,73.81937408447266,44.34419631958007,4.488033294677734,-0.6796385971814962,-0.12691328987691494,0.09729952470580885,0.7159030636656123
1723528317.8078938,73.79315948486328,44.532119750976555,4.47744607925415,-0.6792313723781964,-0.12772170649921163,0.09852572433977018,0.7159780653829311
1723528317.8746076,73.73663330078125,44.636604309082024,4.463673114776611,-0.6790834753219668,-0.1277602112858216,0.09787066778847789,0.7162012945698154
1723528317.9413216,73.70421600341797,44.90524291992187,4.461543560028076,-0.6787249163580666,-0.12818825086050303,0.099214480194772,0.7162797967105741
1723528318.0080361,73.6561508178711,45.07222747802734,4.459890842437744,-0.6789310500939942,-0.12834526733885684,0.0995471248049207,0.7160101197001738
1723528318.0747507,73.59992980957031,45.22656631469726,4.458520889282227,-0.6795076986346223,-0.1290598302341794,0.0996033643500019,0.7153265111306618
1723528318.1414654,73.5481948852539,45.35865402221679,4.462447166442871,-0.6793082553044719,-0.1296491094787208,0.09960215364549026,0.7154095426227899
1723528318.2748954,73.43705749511719,45.68372726440429,4.45053243637085,-0.6785112550920325,-0.13136411537699855,0.0999666854940491,0.7158020729894454
1723528318.3082535,73.40280151367188,45.7516746520996,4.461905479431152,-0.6786165434555589,-0.13155319537460955,0.10028240723901224,0.715623352423262
1723528318.4083261,73.35391998291016,45.97763442993163,4.437161445617676,-0.6783299266474939,-0.1324813578851939,0.10193310592928811,0.7154906305067238
1723528318.4750419,73.30233764648438,46.14780044555663,4.450989723205566,-0.6783903374264686,-0.13168110019093382,0.10328791713193135,0.7153867793812342
1723528318.5084,73.25001525878906,46.30420303344726,4.438924312591553,-0.6789222693244958,-0.1319562655368192,0.10251338766629894,0.7149427260627471
1723528318.575116,73.20014190673828,46.46574401855468,4.437624931335449,-0.6788317322126584,-0.13198485731438012,0.10390505630654542,0.7148225066789644
1723528318.6084597,73.1776123046875,46.54713821411132,4.436539649963379,-0.6788379736598862,-0.13249786064622238,0.10431674675526822,0.7146616953411671
1723528318.6418045,73.15384674072266,46.63272094726562,4.437707901000977,-0.6782232334327771,-0.13286565619711796,0.10503483271524353,0.715071777482358
1723528318.7084925,73.09461975097656,46.78870010375976,4.432003021240234,-0.6781273620773228,-0.13397481920628743,0.10523113558099322,0.714926875089354
1723528318.8085244,73.01360321044922,47.0170555114746,4.429022789001465,-0.6768415595445457,-0.13471397101700036,0.10602083868578252,0.7158891192429883
1723528318.8418689,73.003173828125,47.082717895507805,4.418843746185303,-0.6769561847330267,-0.13509403013325785,0.10713077164845661,0.7155437965212648
1723528318.9085567,72.95938873291016,47.22173690795898,4.407061576843262,-0.6764354587432683,-0.13632830796067394,0.10743996566191695,0.7157557658740377
1723528318.9752448,72.89619445800781,47.39712142944335,4.439833641052246,-0.675810757708924,-0.1375024241853947,0.10804320316311303,0.7160304248831081
1723528319.0419326,72.85425567626953,47.52929687499999,4.440354824066162,-0.6757583291688626,-0.1375804525572614,0.10904001296339196,0.7159138043130538
1723528319.075276,72.82390594482422,47.61094665527343,4.438480377197266,-0.6758768142579555,-0.137653345847796,0.10934202339395083,0.7157418600623697
1723528319.1419635,72.76786804199219,47.768867492675774,4.440858364105225,-0.6754114678577616,-0.1381371834920762,0.11002114276581924,0.7159838097105294
1723528319.208651,72.71290588378906,47.93500900268554,4.433631420135498,-0.6748780454957237,-0.13861504638443417,0.11186523688511764,0.7161086938449703
1723528319.2419953,72.69290161132812,47.9721336364746,4.427671909332275,-0.6749961385728802,-0.13902196222703053,0.11219152250534983,0.7158674243239308
1723528319.37537,72.58916473388672,48.27627944946288,4.4127607345581055,-0.6739837928253343,-0.1396158344152248,0.11473185217221801,0.7163029162906219
1723528319.408713,72.55802154541016,48.341655731201165,4.399628639221191,-0.6730038460859769,-0.14023183327933592,0.11454517242830915,0.7171333624661234
1723528319.4754002,72.52510070800781,48.324687957763665,4.415208339691162,-0.673767964780346,-0.13999056522002085,0.1147983586790615,0.7164221577601597
1723528319.5420873,72.46659088134766,48.48311233520507,4.428842067718506,-0.6752318037126493,-0.1401513294516502,0.11614976683606337,0.71479287053791
1723528319.6087751,72.41038513183594,48.64423751831054,4.426577568054199,-0.6759419934384464,-0.14046126106346704,0.11711680772994337,0.7139024506149754
1723528319.675464,72.35936737060547,48.77825546264648,4.425149917602539,-0.6766369669378617,-0.14029468280942192,0.11767219342140213,0.7131851595791453
1723528319.7421522,72.30562591552734,48.93336105346679,4.42389440536499,-0.6775109522127307,-0.13999386082610757,0.11943599778635408,0.7121205452699547
1723528319.775497,72.296875,48.98528671264648,4.42043399810791,-0.677554248839251,-0.14009635547787896,0.12032681024693835,0.7119092005287552
1723528319.908874,72.17888641357422,49.30557250976562,4.40831995010376,-0.6779046730867438,-0.14223856436366433,0.12299436026509165,0.7106939090479807
1723528319.9422174,72.12432861328125,49.525737762451165,4.39949369430542,-0.6776313198274582,-0.14380472306659267,0.12352137470279345,0.7105480040111082
1723528320.008906,72.04895782470703,49.66624450683593,4.399755001068115,-0.6768264594699113,-0.14693098646326808,0.12320017085772078,0.7107312761367576
1723528320.0755942,71.97919464111328,49.81365585327148,4.397709846496582,-0.6756591212754774,-0.1503616858382906,0.12312749064630285,0.7111369321841341
1723528320.1422825,71.91625213623047,49.95067596435546,4.39253568649292,-0.6749690803813567,-0.15289595439382953,0.12381652210215306,0.7111322215408838
1723528320.2089705,71.84573364257812,50.11281585693359,4.389151096343994,-0.6743248272855308,-0.15527966081877062,0.12534883942545563,0.7109584535660561
1723528320.3090034,71.76697540283203,50.30469131469726,4.393287658691406,-0.6737221836226699,-0.1560307522635068,0.13017811667805687,0.7104973480463808
1723528320.3756917,71.70919036865234,50.53453063964843,4.399740219116211,-0.6725281740839663,-0.15675480854453294,0.13419661714907924,0.7107215017200457
1723528320.4423795,71.65044403076172,50.67480850219726,4.399513244628906,-0.6721091988008209,-0.1566243928694534,0.13892052294941493,0.7102387716458844
1723528320.475723,71.61664581298828,50.74496841430663,4.393370628356934,-0.6715245802032469,-0.1568440873496717,0.14075306915735813,0.7103824631626864
1723528320.542411,71.56552124023438,50.863941192626946,4.387383460998535,-0.6713133057732185,-0.15685205783385167,0.1449438965795743,0.7097373769849302
1723528320.6090956,71.49786376953125,51.003162384033196,4.3890910148620605,-0.6709983813630795,-0.15832400173395492,0.14817302649046848,0.7090412095948506
1723528320.6757762,71.42760467529297,51.15508651733398,4.379606246948242,-0.6707911303040016,-0.16137780411460645,0.14985803871681191,0.708194205057185
1723528320.709117,71.40458679199219,51.17818069458007,4.375460147857666,-0.6712211322485261,-0.1630286920729769,0.15045095588384005,0.7072823672746408
1723528320.7757974,71.32168579101562,51.30628585815429,4.366179466247559,-0.6711558410615279,-0.16847323957525234,0.15031466648667482,0.7060963854850218
1723528320.8424773,71.24138641357422,51.43589782714843,4.365451812744141,-0.6706007165457911,-0.1740755494272363,0.15083550279549915,0.7051531983592689
1723528320.9091573,71.15727996826172,51.57964324951171,4.364524841308594,-0.6694155794167208,-0.17934237309619058,0.15244901800734875,0.7046122282184704
1723528320.9758365,71.09903717041016,51.68677902221679,4.363635063171387,-0.6686737667486278,-0.1821996125852133,0.15538465592832515,0.7039419745533263
1723528321.042516,71.02936553955078,51.812061309814446,4.363420009613037,-0.6680564282557916,-0.1848331734615104,0.15834014564900678,0.7031825544836227
1723528321.109195,70.96209716796875,51.94723892211913,4.344824314117432,-0.6672937096898132,-0.18701736516214693,0.16193783546142262,0.702509606754445
1723528321.175874,70.89295196533203,52.09731292724609,4.349680423736572,-0.667840176984336,-0.18921531141880626,0.16617058132322,0.7004101668543355
1723528321.2092125,70.82637786865234,52.21027755737304,4.348577499389648,-0.6681254815234248,-0.18941746675313498,0.16931385915851915,0.6993298086916974
1723528321.3092308,70.71166229248047,52.40102005004882,4.342087268829346,-0.6678507496702126,-0.19157397669109383,0.17526089717148605,0.6975373864835784
1723528321.3425696,70.66975402832031,52.47487258911132,4.337470531463623,-0.6676663409035124,-0.19234612338664986,0.17727598455942872,0.6969920023509076
1723528321.4092474,70.5892105102539,52.586563110351555,4.343194007873535,-0.6670986109957596,-0.19464466017555074,0.18028667742417165,0.6961247111085953
1723528321.5092642,70.4884262084961,52.761829376220696,4.337080001831055,-0.665171016552938,-0.19984184528477722,0.18456050929673865,0.6953762823243504
1723528321.6092842,70.36386108398438,52.92880630493163,4.335141181945801,-0.6635368720572405,-0.20509737870565914,0.18876677433768066,0.6942773146046958
1723528321.6426272,70.29076385498047,53.00156021118163,4.332589149475098,-0.6631979429420299,-0.20701326554648192,0.18926025283487943,0.6938980855011198
1723528321.7093122,70.20111083984375,53.126148223876946,4.326971054077148,-0.662687420736943,-0.21021710505258673,0.1924695438949913,0.692538537420974
1723528321.775997,70.11390686035156,53.24422454833984,4.3227362632751465,-0.661886482051473,-0.21362410507255256,0.19543955883156247,0.6914292483350702
1723528321.842682,70.0208969116211,53.36205673217773,4.32011604309082,-0.661170490433236,-0.21643705337893523,0.19875238981091348,0.6902941923914535
1723528321.8760235,69.98009490966797,53.42143249511718,4.319240093231201,-0.6607749124484854,-0.21794217044781825,0.2006497987832527,0.6896501893477814
1723528322.0093927,69.81121826171875,53.654582977294915,4.3112101554870605,-0.6589552217498883,-0.22314914476997522,0.20947099131710342,0.6870985218392004
1723528322.0427353,69.77323913574219,53.706165313720696,4.307814598083496,-0.6585630106320278,-0.22464559402147574,0.21162234836006208,0.6863272541496445
1723528322.1094196,69.69815826416016,53.797554016113274,4.3133134841918945,-0.6578005849017817,-0.2277474386989911,0.21542102034034116,0.6848527423208945
1723528322.1427612,69.63285827636719,53.825698852539055,4.293641567230225,-0.6580781129690043,-0.2285167011631128,0.2180040548694348,0.6835111897995289
1723528322.2094452,69.54057312011719,53.93815612792968,4.289593696594238,-0.6571854632715315,-0.232120315807114,0.22189938842469184,0.6819003499566018
1723528322.2761292,69.44966888427734,54.039077758789055,4.286206245422363,-0.6562073227715782,-0.23606972147408548,0.22534654296292053,0.6803542986700136
1723528322.3428133,69.3504409790039,54.15026092529296,4.281178951263428,-0.6550565356180151,-0.24058456318668425,0.2287963305417263,0.6787284009315049
1723528322.4094968,69.26045227050781,54.24776458740234,4.276649475097656,-0.6541491697215518,-0.24515197312658565,0.23277436607213708,0.6766132339264885
1723528322.4761803,69.11434936523438,54.45732879638671,4.250633239746094,-0.6518863441956368,-0.24967444957304658,0.23675341407592218,0.6757622987449351
1723528322.5095227,69.06061553955078,54.51198959350585,4.246577262878418,-0.6512413692252347,-0.2518248552146469,0.23875905782895987,0.6748800142324494
1723528322.642898,68.8681869506836,54.708362579345696,4.240696430206299,-0.6481587086914028,-0.26017057173798924,0.24753333086930254,0.6715123320221077
1723528322.6762416,68.81365203857422,54.750408172607415,4.235892295837402,-0.6473889413300937,-0.26232334660675455,0.24929279156934336,0.6707660728898689
1723528322.7429295,68.7219467163086,54.843574523925774,4.232093811035156,-0.6459920914836494,-0.2663680650916683,0.25379975808941113,0.6688258027570838
1723528322.7762737,68.66693115234375,54.88927841186523,4.224238395690918,-0.6452355184802486,-0.268161370004314,0.2559659617212573,0.6680134966967703
1723528322.8429608,68.55867004394531,55.03882980346679,4.234757423400879,-0.6444477932120789,-0.2721634973585627,0.2604631193603829,0.6654119295464247
1723528322.9096484,68.45645904541016,55.13015365600585,4.228420257568359,-0.6434574723031805,-0.27608444939256555,0.2643956761179707,0.6632004105780748
1723528322.9429915,68.40937042236328,55.172107696533196,4.223799228668213,-0.6428930742131493,-0.27787812836214737,0.2661274697185064,0.6623053757655463
1723528323.0430224,68.27216339111328,55.29647827148437,4.217541217803955,-0.6413207690329635,-0.28318811848966124,0.2714191215893866,0.6594268884333574
1723528323.1097093,68.17471313476562,55.38236999511718,4.2128424644470215,-0.6403313795035738,-0.2859221990536373,0.2752625587475519,0.6576129136985777
1723528323.1430519,68.12757873535156,55.42114639282226,4.2113566398620605,-0.6397739541182506,-0.2871196949103437,0.27723975620862096,0.6568026233229236
1723528323.2097385,68.04161071777344,55.4896011352539,4.207423210144043,-0.6385551974537831,-0.2890641523023719,0.2812510929954346,0.6554288659704763
1723528323.2764246,67.95289611816406,55.56637573242187,4.2000412940979,-0.637292818198278,-0.2909698926518617,0.28541324135387797,0.654013506819954
1723528323.343111,67.87378692626953,55.63090515136718,4.204687595367432,-0.635713890803935,-0.2936255791377283,0.2894813538824158,0.6525736847815425
1723528323.409797,67.78854370117188,55.69445800781249,4.200997352600098,-0.6332420455108313,-0.2973747073036487,0.29268471449300376,0.6518500235142102
1723528323.5098262,67.64183807373047,55.785877227783196,4.196475028991699,-0.6296060251325911,-0.30297325004393444,0.2967838987722732,0.6509399206563411
1723528323.5431685,67.60973358154297,55.80777359008788,4.2014946937561035,-0.6289631527551415,-0.30495616226061845,0.29799569387462266,0.6500812703099283
1723528323.6765447,67.4339828491211,55.92183685302734,4.187421798706055,-0.6239394628077493,-0.3129849366592474,0.30320261752685007,0.6486972706127649
1723528323.743235,67.35442352294922,55.98290252685546,4.193175315856934,-0.6219254938245571,-0.315393576001469,0.30749102640834186,0.6474448555872777
1723528323.7765808,67.30044555664062,56.01086425781249,4.187605857849121,-0.6205518585998007,-0.31487159517015123,0.3102527577618639,0.6476993867871851
1723528323.8766155,67.19791412353516,56.09989166259765,4.199584484100342,-0.6176104028866883,-0.31416973618613403,0.3184017898822509,0.6468964888687035
1723528323.9099612,67.15986633300781,56.12728118896484,4.193662643432617,-0.6163444204071417,-0.3149580635979454,0.32034970426137754,0.6467588736053533
1723528323.976651,67.0726089477539,56.17786788940429,4.186831474304199,-0.614467293412929,-0.319949260737941,0.3226189331909988,0.6449646810684571
1723528324.043341,66.97077941894531,56.226020812988274,4.175459384918213,-0.613086930096817,-0.32814751850095697,0.3227740211209132,0.6420751930541788
1723528324.0766852,66.9216537475586,56.24923706054687,4.167864799499512,-0.6127121029849899,-0.3318498405132076,0.3221905681508774,0.640821972158949
1723528324.1433752,66.80908203125,56.27074432373046,4.155795574188232,-0.6118992472770481,-0.3375448808806871,0.32097962296798577,0.6392298852622228
1723528324.2100646,66.71712493896484,56.32002639770507,4.152653694152832,-0.6107758282979492,-0.3419727479721566,0.3210737101017755,0.6379021867753765
1723528324.24341,66.67581939697266,56.33983993530273,4.1504807472229,-0.6100029643090522,-0.34362928504024104,0.322123864033255,0.6372217151174205
1723528324.3100996,66.59722137451172,56.38573837280273,4.150404930114746,-0.6076050141795624,-0.3464787832760478,0.32635226434254566,0.6358166394817742
1723528324.3767889,66.51554870605469,56.436782836914055,4.150994300842285,-0.6051982742804333,-0.34777913554739975,0.33185919444597867,0.6345503894471699
1723528324.4434779,66.45350646972656,56.50307846069335,4.157035827636719,-0.6039529648677808,-0.3477357758897532,0.33700417101466656,0.6330472613577014
1723528324.5101671,66.37326049804688,56.56215667724609,4.15237283706665,-0.6028325634450818,-0.3472604181890729,0.3422004338348218,0.6315868629829482
1723528324.6102004,66.24498748779297,56.62794876098632,4.139448642730713,-0.6006024397840417,-0.3505761984189343,0.34628719619007314,0.629649280300075
1723528324.7435653,66.06822967529297,56.7020034790039,4.136788368225098,-0.5969316662973658,-0.3590969386265879,0.34958623273451916,0.6265073346122529
1723528324.7769072,66.02046966552734,56.72521209716796,4.1358866691589355,-0.5964308191135362,-0.36090881345659703,0.3502283990604652,0.6255838671772564
1723528324.8435893,65.94005584716797,56.75859832763671,4.133366107940674,-0.595127168501201,-0.36366780014823485,0.35167052041992386,0.6244175121780834
1723528324.9102712,65.82759094238281,56.80680084228515,4.123054504394531,-0.5940280477250364,-0.3668892127985279,0.3534698830682626,0.6225608611306749
1723528325.0102932,65.70323944091797,56.88119888305663,4.1252007484436035,-0.5951182485568561,-0.3730163942775026,0.3591577256477114,0.6145720201427933
1723528325.0769746,65.6226577758789,56.92926025390624,4.123223781585693,-0.5967365439714086,-0.37310912949107583,0.36295324139977797,0.6107045268678342
1723528325.1769965,65.51385498046875,56.995227813720696,4.125306129455566,-0.597405148609651,-0.36908819014950767,0.36994790004517525,0.6082923208121296
1723528325.2436774,65.43962097167969,57.02477645874023,4.123010158538818,-0.5937723869567533,-0.3692044260469475,0.3731441620925725,0.6098244653761079
1723528325.3436978,65.32655334472656,57.044971466064446,4.1014299392700195,-0.5832994140473966,-0.37593511989809575,0.37514386452253684,0.6145743731317347
1723528325.3770382,65.31226348876953,57.007740020751946,4.091769695281982,-0.5799396770938303,-0.3778957702938365,0.37515284097274565,0.6165428643950148
1723528325.410378,65.26544189453125,57.0182762145996,4.088197708129883,-0.5773793946625729,-0.3799496329074673,0.3750950993494999,0.6177175548068474
1723528325.5437376,65.09542846679688,57.07315826416015,4.0892815589904785,-0.5740060285909713,-0.3876721493776859,0.375357580090196,0.6159010235475652
1723528325.6104174,65.0079116821289,57.10852050781249,4.093559741973877,-0.5738180294466739,-0.39115061993030664,0.37755441040760457,0.6125248801410758
1723528325.7437835,64.83499145507812,57.18615722656249,4.087045192718506,-0.5741147929252304,-0.3929716226677661,0.3836439066637083,0.6072749469573816
1723528325.810466,64.752197265625,57.20675659179687,4.103626728057861,-0.5744221398241732,-0.3940061169647773,0.3857087116964098,0.6050017973491087
1723528325.8771486,64.65887451171875,57.244514465332024,4.095618724822998,-0.5734723626329487,-0.3966059458570054,0.388109505314693,0.6026642389352783
1723528325.943831,64.56068420410156,57.28179550170898,4.094633102416992,-0.5718545239486549,-0.40067648522413807,0.38993784317985863,0.6003242757744587
1723528326.010513,64.45740509033203,57.31538772583007,4.084099769592285,-0.5701925367177995,-0.403859747144207,0.39171710043536895,0.5986113003731597
1723528326.077195,64.36389923095703,57.33807754516601,4.081398010253906,-0.5689124591097402,-0.40675408075869063,0.3935010101113049,0.596696477865626
1723528326.1438768,64.2612533569336,57.367324829101555,4.050973415374756,-0.5672231413286035,-0.4092585435544664,0.3952993281203822,0.5954022116658305
1723528326.2105584,64.15929412841797,57.39731216430663,4.043696403503418,-0.5654071472883393,-0.4125669269733161,0.3976868120059516,0.5932524657509648
1723528326.3105812,63.98958969116212,57.45381927490234,4.044987678527832,-0.5645183773977213,-0.4181725344280459,0.4016359744353277,0.5874855547753098
1723528326.3439214,63.93124008178712,57.46935653686523,4.040876388549805,-0.564197960957974,-0.4192117750493568,0.4036406773003577,0.5856759787965873
1723528326.4106026,63.813224792480476,57.51086044311523,4.035889625549316,-0.5633459751739548,-0.42139846035177236,0.40671484746666214,0.582793001604027
1723528326.4772835,63.70647048950196,57.53379821777343,4.029991149902344,-0.5624347315545561,-0.4240065226394457,0.40939970696630884,0.5798944054190039
1723528326.5106244,63.64093399047852,57.55002212524413,4.027185440063477,-0.5606524174616598,-0.4247273027754265,0.4112257229387704,0.579800819131013
1723528326.577305,63.52036666870118,57.58246231079101,4.02386999130249,-0.5596366485060376,-0.4294413986832914,0.4142283820839021,0.5751536787868274
1723528326.610645,63.45949935913087,57.596843719482415,4.024513244628906,-0.5586684468949541,-0.4315758047056291,0.4156697819683498,0.5734549010995138
1723528326.6773283,63.35105514526368,57.62547302246093,4.020793437957764,-0.5579343030255706,-0.4346362046505555,0.41903273624833104,0.5693963901067234
1723528326.7440114,63.238536834716804,57.658706665039055,4.017872333526611,-0.55704948883372,-0.43603038088500756,0.42247898061533284,0.5666435253963429
1723528326.910719,62.941581726074226,57.72637176513671,3.9960548877716064,-0.5502299188488295,-0.44200325464500423,0.4309905781916043,0.5622519726927606
1723528326.9440598,62.88116455078126,57.73953628540038,3.992194890975952,-0.5485849923628618,-0.44386385959384067,0.4324648409030059,0.5612606717768811
1723528327.0440836,62.70172882080079,57.767593383789055,3.988251209259033,-0.5440294361445882,-0.4480865642127362,0.4365175635098767,0.5591983729658265
1723528327.0774243,62.64794540405274,57.7672996520996,3.9786150455474854,-0.5426032182102194,-0.44928719473527884,0.43742628250509946,0.5589105577895139
1723528327.2107882,62.39225006103516,57.799480438232415,3.9574029445648193,-0.5360942214130907,-0.45624201503918055,0.4417354459539482,0.5561618516837945
1723528327.2774699,62.271495819091804,57.813552856445305,3.9558298587799072,-0.5334362876059701,-0.45875954644974926,0.4443275283730996,0.5545795282339887
1723528327.3108113,62.1250343322754,57.896064758300774,3.947469711303711,-0.532523838715371,-0.45995647357729413,0.445889893667594,0.5532093693524064
1723528327.3774927,61.993854522705085,57.920154571533196,3.9415392875671387,-0.5313970495461051,-0.4613054324883898,0.4486468725162986,0.5509359830976174
1723528327.4441738,61.86812973022462,57.93960189819335,3.9354188442230225,-0.5305538059404864,-0.46326423486218643,0.45061790397130663,0.5484910321237021
1723528327.510855,61.72599029541016,57.96030044555663,3.9325876235961914,-0.5294995975451294,-0.4658274679493353,0.45258203027270744,0.545714625218796
1723528327.6108758,61.53647613525391,57.98771667480468,3.916532278060913,-0.5277738730756867,-0.4688759797419455,0.45671257508883983,0.5413166155545575
1723528327.6442213,61.473217010498054,57.99184799194335,3.913684606552124,-0.5272782196949979,-0.46979243721918396,0.45775425672433634,0.5401238611815654
1723528327.7109113,61.3160743713379,58.01062393188476,3.9046947956085205,-0.5263482911985371,-0.4714194799904151,0.46015407477793346,0.537568021466317
1723528327.7446,61.26318359375001,58.022449493408196,3.9052352905273438,-0.5260312557666305,-0.4726555215903781,0.4608264217306318,0.5362153344521687
1723528327.8793786,60.93795013427735,58.06169891357421,3.8743669986724854,-0.5226300479826146,-0.47737900318228993,0.46478239138770217,0.5319252286950695
1723528327.946781,60.80370712280274,58.0669937133789,3.864365339279175,-0.5200666804287928,-0.4796356550101326,0.4671563547546302,0.5303255854313867
1723528328.014192,60.66785049438477,58.079143524169915,3.8608551025390625,-0.5184042329581158,-0.4815919130378233,0.46954815919082327,0.5280632601764554
1723528328.0816116,60.52951049804688,58.091045379638665,3.8534839153289795,-0.5166843637402634,-0.4828939192032779,0.47240502147809355,0.526007820041774
1723528328.1827583,60.318798065185554,58.10733032226562,3.8514888286590576,-0.5141497340241392,-0.48572470740825324,0.4762780519147094,0.5223799162299441
1723528328.2501996,60.19651412963868,58.11447525024413,3.839263439178467,-0.5122398896715207,-0.487072384601987,0.4791656188819313,0.5203567019544748
1723528328.3176498,59.953022003173835,58.18024826049804,3.8463425636291504,-0.5103030928485124,-0.48905262762525176,0.4822248100445702,0.5175688489655821
1723528328.418841,59.75085067749024,58.182380676269524,3.824340343475342,-0.5078940393151417,-0.4902481433334079,0.4866387556142113,0.5146679748347937
1723528328.4863129,59.61358642578126,58.18520355224609,3.8166680335998535,-0.5059018855331472,-0.49223491492909044,0.4888830023407441,0.512602653876331
1723528328.5537934,59.48014068603516,58.18515396118163,3.8092434406280518,-0.5031438741001564,-0.494441077889569,0.49159574127435884,0.510595622397804
1723528328.5875375,59.413200378417976,58.18709564208984,3.809546947479248,-0.5018485876983909,-0.49531827465320627,0.4931493606631444,0.5095208630637545
1723528328.6550312,59.294364929199226,58.17819595336913,3.8072638511657715,-0.49918615091225144,-0.49670908572965605,0.49612307195712946,0.507892870950992
1723528328.7225277,59.14414215087891,58.17663574218749,3.7982568740844727,-0.4967405826633908,-0.49840435158957314,0.4985512993932785,0.5062494421973084
1723528328.7891479,59.01920700073243,58.16132736206054,3.7842659950256348,-0.4943100964194691,-0.500600907067742,0.5003161519335627,0.5047177513572526
1723528328.822457,58.94921493530274,58.16646194458007,3.789797782897949,-0.4938880306767957,-0.5023023593876608,0.5011659470523101,0.5025929231723693
1723528328.9223847,58.69924926757813,58.18289947509765,3.778162956237793,0.49153540859339256,0.5063953640889427,-0.504282494021628,-0.4976503225674435
1723528328.9556925,58.628654479980476,58.17742538452148,3.7714076042175293,0.4909915595104538,0.507302414369561,-0.5050099177454709,-0.496524452411983
1723528329.0223083,58.49275207519532,58.17526626586913,3.7637784481048584,0.4899549390988707,0.5092403390697149,-0.5070988793368565,-0.49342594306753673
1723528329.0889227,58.36518096923829,58.16336441040038,3.759766101837158,0.48847406852815983,0.5101306514457447,-0.5098496739940523,-0.491134515951837
1723528329.1555362,58.232223510742195,58.15853881835937,3.7533297538757324,-0.48659847259895433,-0.5107446762976646,0.5132790784994609,0.48878051277920515
1723528329.288759,57.96791076660157,58.13789749145507,3.736855983734131,-0.48370350787439526,-0.5127692484477715,0.5191747168959979,0.4832765540063712
1723528329.3220644,57.89599609375001,58.13925552368163,3.7253923416137695,-0.48284535532562545,-0.5136286099384418,0.520676261604231,0.4816038252495685
1723528329.3886733,57.6889991760254,58.12187194824218,3.7129905223846436,-0.48211273444138214,-0.5155108950760654,0.5220856760483599,0.4787926223454727
1723528329.455281,57.55258178710938,58.10797500610351,3.702392816543579,-0.48088449580639486,-0.5178264992497029,0.5232746196744819,0.4762242022118922
1723528329.521887,57.41485214233399,58.089492797851555,3.6949973106384277,-0.4796253040583034,-0.5205366427060323,0.5239047371057094,0.4738406881489919
1723528329.5551894,57.35092926025391,58.07641601562499,3.695817708969116,-0.4787414877136552,-0.5220157660116469,0.5239138283417782,0.47309663753746056
1723528329.6883972,57.07888412475587,58.03529739379882,3.6846261024475098,0.47395411176791485,0.5274872124045176,-0.5262926185483234,-0.46919166696516174
1723528329.7550147,56.948558807373054,58.00869369506835,3.6773157119750977,0.47110328580527827,0.5294141658547422,-0.5284854803169804,-0.4674242528901643
1723528329.8216445,56.80782699584962,57.989482879638665,3.669189929962158,0.4681099508824538,0.5309909208997079,-0.5308653145922854,-0.46594391676438995
1723528329.8882732,56.673568725585945,57.967144012451165,3.6598072052001953,-0.46625570490256724,-0.5316911307367026,0.5336854333072729,0.4637779828941487
1723528329.988215,56.45264434814454,57.940071105957024,3.6536731719970703,-0.46357956408126333,-0.5333284635848846,0.5378865796653115,0.45970943552679533
1723528330.0881534,56.25232315063477,57.904888153076165,3.6429409980773926,-0.46043228002322534,-0.5359447264200004,0.5416008758162265,0.4554490718513998
1723528330.154778,56.12036514282227,57.87810516357421,3.6377735137939453,-0.45819743933256013,-0.5377264135271866,0.5440417309948713,0.45268532748519474
1723528330.1880903,56.04956817626954,57.86813735961913,3.6333954334259033,-0.45668855672766856,-0.5384137199328032,0.545669557861511,0.45143212332015453
1723528330.2547135,55.924545288085945,57.83537292480468,3.6282265186309814,-0.4539659325775076,-0.5396262000808427,0.5491266032840421,0.44852922960613684
1723528330.2880242,55.86053848266602,57.815479278564446,3.622159719467163,-0.45269749818050253,-0.5402034109250612,0.5505692485616861,0.4473463451334591
1723528330.3546457,55.71935653686524,57.79092025756835,3.60565447807312,-0.44983206230410494,-0.5414552919220499,0.5543773244863226,0.4440079556361915
1723528330.421266,55.619865417480476,57.770401000976555,3.6020729541778564,-0.44789766080891896,-0.543879180617577,0.5564409237615955,0.4404050643396305
1723528330.5211954,55.43574523925782,57.72369766235351,3.5869333744049072,-0.4438472750444033,-0.5467558842495489,0.560494830710696,0.43577877899312656
1723528330.5878134,55.30614852905274,57.68969345092773,3.5828375816345215,-0.4405396573995015,-0.5498882485234134,0.5626549149040878,0.43239700638239414
1723528330.6211212,55.2324562072754,57.666519165039055,3.580489158630371,-0.43897637267458484,-0.5510031571471137,0.5637930055433585,0.4310831844873605
1723528330.7210472,55.04922103881837,57.61075210571288,3.565373420715332,-0.43450210866296857,-0.5537373347079565,0.5678833764792971,0.4267216334291424
1723528330.7876723,54.94708251953126,57.59772109985351,3.5658037662506104,-0.43144242412380884,-0.5561753048127905,0.5705679916046128,0.42305866252666396
1723528330.854296,54.82516479492188,57.562698364257805,3.5665454864501953,-0.42795220909034803,-0.5589207243887581,0.5729419623522214,0.4197642652244504
1723528330.8876073,54.75529861450196,57.535591125488274,3.562299966812134,-0.42596005687798827,-0.5601198620206673,0.5741992917586777,0.4184721537429731
1723528330.9542294,54.68350982666016,57.47441101074218,3.559145212173462,-0.42323601817298323,-0.5623929466658054,0.5766249859374767,0.41483619906444463
1723528330.9875407,54.62466430664063,57.446907043457024,3.5619609355926514,-0.42170161985763077,-0.5635474231145566,0.5776707884000424,0.4133745347014818
1723528331.054161,54.49915313720704,57.4010887145996,3.5603296756744385,-0.41878751197300407,-0.5662051787796487,0.5796073371695801,0.40998054836510933
1723528331.1207805,54.368541717529304,57.35733795166015,3.5558204650878906,-0.41589977548516116,-0.5685636659515151,0.5817596151451319,0.4065937588027574
1723528331.1873984,54.245800018310554,57.30065155029296,3.5433146953582764,-0.4132164952567559,-0.5704407759761846,0.584098823742837,0.4033336252454612
1723528331.2540152,54.124828338623054,57.2547378540039,3.534430742263794,-0.41015758258342516,-0.5728329682992976,0.5863437183140855,0.39979268611662877
1723528331.3539379,53.94967651367188,57.18349075317382,3.537153720855713,-0.40567917362814876,-0.5768579090162507,0.5892678372335686,0.3942369552589585
1723528331.3872457,53.848224639892585,57.16983795166015,3.5315005779266357,-0.40403190163322816,-0.5778188838162949,0.5907583213853932,0.3922858214132155
1723528331.4538589,53.72613906860352,57.11330032348632,3.5237345695495605,-0.4004143631925684,-0.5805850129787787,0.5924558364869856,0.3893397774001873
1723528331.6203866,53.43246459960938,56.96181869506835,3.495640277862549,-0.3926075471811688,-0.5862860065905621,0.597728180398365,0.3805904028350392
1723528331.6869957,53.32541275024415,56.919483184814446,3.498324155807495,-0.3898761669155272,-0.5887091715552907,0.5996105307732322,0.37667664804681217
1723528331.753643,53.21488571166993,56.87213516235351,3.4950149059295654,-0.3871504854702455,-0.5910002094312121,0.6016597383079028,0.37261080681011227
1723528331.8203266,53.10593795776368,56.80440521240234,3.4875261783599854,-0.38428260062959935,-0.5932636136877243,0.6033275194821114,0.3692710004361255
1723528331.88701,53.01885986328126,56.74647903442382,3.483776330947876,-0.3817659667226759,-0.5950700850770453,0.605307617382785,0.3657171432091676
1723528331.9536934,52.90328216552735,56.68868255615234,3.4791109561920166,-0.37926397475155815,-0.59654643283879,0.6073974397411324,0.36243556823093664
1723528332.0203762,52.811454772949226,56.638931274414055,3.4730727672576904,-0.37663001872614343,-0.5979922728346885,0.6097903354879626,0.3587628985413994
1723528332.1537411,52.63837051391602,56.53030776977538,3.467489242553711,-0.3711788659071113,-0.6010096126043196,0.6141598979566518,0.3518825298348747
1723528332.2537646,52.50731277465821,56.462776184082024,3.4609005451202393,-0.36631773618514996,-0.6033922648069602,0.6179562630593982,0.34620679928761927
1723528332.2871048,52.46700668334962,56.42605972290038,3.4545204639434814,-0.3645818597123571,-0.6039453232107188,0.619170468586216,0.34490295007625715
1723528332.3537862,52.395282745361335,56.377998352050774,3.4533042907714844,-0.36170533956823864,-0.6052765603610616,0.6214733551644037,0.34143872309099094
1723528332.3871276,52.348468780517585,56.34783935546874,3.4546868801116943,-0.3599777288219659,-0.6064054849749034,0.6223709457716521,0.33962159590319146
1723528332.4538085,52.26842117309571,56.27554702758788,3.4460556507110596,-0.3570412610987117,-0.6072626515238194,0.6247837951782547,0.3367474116009782
1723528332.4871483,52.23367309570313,56.253425598144524,3.431689977645874,-0.35416250334007554,-0.6086371532050395,0.6261419098803144,0.3347776062668895
1723528332.553829,52.154926300048835,56.19387054443359,3.4283552169799805,-0.35048045072760686,-0.6106870238473626,0.6278659149329009,0.3316763564496204
1723528332.58717,52.11634826660157,56.16664505004882,3.4250497817993164,-0.34886776747729326,-0.611587465497601,0.6288906054245283,0.3297706161415843
1723528332.65385,52.036632537841804,56.105754852294915,3.4217212200164795,-0.3452104475117371,-0.6134045156194076,0.6310227523496418,0.3261517026838111
1723528332.7205303,51.96332550048829,56.04435729980468,3.4157259464263916,-0.3415243152106268,-0.6150584639544272,0.6330858637832868,0.32290326278268333
1723528332.7538931,51.92258071899415,56.00896835327148,3.4142181873321533,-0.33979307051327895,-0.6160842013540315,0.6339412919765369,0.321090897411064
1723528332.8206344,51.84382629394532,55.95145034790038,3.408665418624878,-0.33632745790529545,-0.6177695748050157,0.6359982133990851,0.3174127692096899
1723528332.88739,51.77161407470704,55.887641906738274,3.4036643505096436,-0.33295840419202083,-0.6193240168522723,0.6379718405428512,0.3139560381681424
1723528333.020902,51.62882232666016,55.7615737915039,3.4192237854003906,-0.3266758443470136,-0.6226851643925678,0.6415850308277228,0.3064550978256955
1723528333.0876591,51.55690002441407,55.69699478149413,3.410489559173584,-0.32331525125224125,-0.6239464177470195,0.6438562437439681,0.302666901857917
1723528333.121038,51.520744323730476,55.67029190063476,3.411600351333618,-0.3220344964771478,-0.6247638601022917,0.6447253493973196,0.30048814624423753
1723528333.1877959,51.44799423217774,55.60175704956054,3.4052577018737793,-0.3191297187183164,-0.6261020598455375,0.6466449624939706,0.2966525337311564
1723528333.2545538,51.37866210937501,55.538440704345696,3.400754690170288,-0.315805919179012,-0.6275775798264944,0.6485328070658968,0.292947437042634
1723528333.3546913,51.270256042480476,55.43776702880859,3.386988639831543,-0.3105917608343396,-0.6294442290695891,0.6518408140821936,0.2871171776287134
1723528333.4214504,51.20056152343751,55.33819961547851,3.367950439453125,-0.3067097245378499,-0.6310202980398218,0.6535650991437826,0.2838929191030102
1723528333.4882102,51.137218475341804,55.27648162841796,3.3650760650634766,-0.30341075264011097,-0.6323829631842512,0.6554185381089805,0.2801075560561588
1723528333.5549705,51.07255935668946,55.21139526367187,3.3635010719299316,-0.3001735053554126,-0.6340005099510506,0.6569530941280061,0.27631838914573004
1723528333.6217308,51.00682449340821,55.137928009033196,3.3596677780151367,-0.2967837332374034,-0.6353474839067196,0.6586938999314165,0.2727184199356758
1723528333.655112,50.976676940917976,55.10594177246093,3.358774423599243,-0.2951524416243209,-0.636104613268833,0.6594745174718561,0.2708307921684178
1723528333.7218733,50.89927291870118,55.04385375976562,3.345702648162842,-0.2917505895779183,-0.6368000729382302,0.6617907804687577,0.26720820248142524
1723528333.8552606,50.77355575561524,54.910381317138665,3.3384151458740234,-0.28553715076826275,-0.6390251920356108,0.6654388462470879,0.2594349270632958
1723528333.9218853,50.71659469604493,54.84532165527343,3.3359017372131348,-0.28248817246537256,-0.6399564258411773,0.6673099573351314,0.2556435531812697
1723528334.0218198,50.63333129882813,54.73624038696288,3.3269686698913574,-0.2775799299658272,-0.6418980596961419,0.6692881482122732,0.25093751832095773
1723528334.0551314,50.6046485900879,54.70886230468749,3.3232920169830322,-0.2759228892728064,-0.6425752179654473,0.6700933704341572,0.248874513223424
1723528334.1550627,50.52164459228516,54.60111999511718,3.324374198913574,-0.271588833705066,-0.6443336128764224,0.6722064101236283,0.24333565894262812
1723528334.2216825,50.475204467773445,54.5203628540039,3.318687677383423,-0.2693233356061351,-0.6446675868736308,0.6736576182567013,0.24094409454731047
1723528334.2549927,50.44927597045899,54.49048233032226,3.317847490310669,-0.26798265891148454,-0.6448070087500455,0.6747835462944008,0.23890663791511083
1723528334.3216107,50.3957862854004,54.42659759521484,3.3165361881256104,-0.265511125999118,-0.6450767806723301,0.6769715969582275,0.23471098380759764
1723528334.4548442,50.28539657592774,54.31929397583007,3.315851926803589,-0.26344588899063576,-0.6419833346659847,0.6836912902455594,0.22587580930112489
1723528334.521459,50.24446105957032,54.263809204101555,3.321145534515381,-0.2618846846333986,-0.6408258361837819,0.6866579383169619,0.2219448926650972
1723528334.6213791,50.156749725341804,54.153003692626946,3.3275773525238037,-0.2570491860261866,-0.6419073422729555,0.6893687125920306,0.21598948585186303
1723528334.654686,50.13548660278321,54.117866516113274,3.325289487838745,-0.25493536738735484,-0.6429860628355726,0.6895436827278738,0.21472398809719623
1723528334.7212977,50.09926986694337,54.04500198364257,3.3178374767303467,-0.24987687363357572,-0.6460080531923821,0.6890569345189482,0.2131564782619762
1723528334.7546027,50.08573150634766,54.00625228881835,3.3136844635009766,-0.2469191731471125,-0.6480931598918992,0.6882204140076755,0.21297614837531254
1723528334.8878212,50.01242065429688,53.84195709228515,3.3000097274780273,-0.23483970606703014,-0.6559740692259851,0.6851608582275363,0.21237450720451234
1723528334.987731,49.956745147705085,53.73067092895507,3.2949891090393066,-0.2296178975320823,-0.6578525815229777,0.6858625517716824,0.20999562422521192
1723528335.054335,49.91688537597657,53.678081512451165,3.296966552734375,-0.2269755789216951,-0.657692487709166,0.687523009565954,0.20792977059926498
1723528335.1542385,49.86804580688477,53.597156524658196,3.3040475845336914,-0.22241154991811515,-0.6571365314494543,0.6908590735751916,0.20351516394713728
1723528335.220839,49.83523559570313,53.54620742797851,3.308784008026123,-0.21791937478216938,-0.6568884839479292,0.6935001735098019,0.2001653693649685
1723528335.3207376,49.78443908691407,53.45674514770507,3.3008501529693604,-0.21182590016031358,-0.6568754949186112,0.6961845624295647,0.1974118214075793
1723528335.45393,49.713973999023445,53.338081359863274,3.294440746307373,-0.21037114192627265,-0.658775602142597,0.6968756577625556,0.1900605332106079
1723528335.4872265,49.69051361083985,53.31032562255859,3.2879416942596436,-0.21005423574369167,-0.6593231556558234,0.6970631896667813,0.18781135235590346
1723528335.5871165,49.62589263916016,53.21581268310546,3.277822256088257,-0.21094617377327385,-0.6615261267459878,0.6966553587709098,0.18043338521083646
1723528335.6204116,49.60415267944337,53.18875122070312,3.2793314456939697,-0.21172528896220327,-0.6619575624059547,0.6967869984740507,0.17740480924980973
1723528335.687002,49.58947753906251,53.15691757202148,3.27982497215271,-0.2122649199274763,-0.6620821360266491,0.6979136256945087,0.17177723944841267
1723528335.7535908,49.55721282958985,53.09616088867187,3.2756009101867676,-0.21023927089229963,-0.6625283193203385,0.6989671526297981,0.16822780572139232
1723528335.786886,49.54032135009766,53.0674819946289,3.276500940322876,-0.20877421839370514,-0.6628722743246951,0.6993869539723678,0.16694778309087271
1723528335.920125,49.49781036376954,52.94106292724609,3.2771966457366943,-0.2008679629541476,-0.6641584968187854,0.7010838840683276,0.16439872281052076
1723528335.9867423,49.47679519653321,52.8799819946289,3.2762374877929688,-0.19650123068948416,-0.6657856549891422,0.7011702151823189,0.162717722726745
1723528336.0866654,49.436935424804695,52.79683303833007,3.2808868885040283,-0.19090282437639458,-0.6693538281722781,0.7004406638082327,0.15781140909362137
1723528336.1199734,49.425277709960945,52.77136230468749,3.2824745178222656,-0.190211151534499,-0.6703088466370803,0.7001898990068256,0.15569159669294486
1723528336.1865866,49.38664627075196,52.713726043701165,3.286484479904175,-0.19119428407051328,-0.6714232075282565,0.6999021092713962,0.15090612833375094
1723528336.2198923,49.363178253173835,52.681228637695305,3.2881827354431152,-0.1920626777168616,-0.671500854787392,0.7001184153586448,0.14843427610808413
1723528336.2865036,49.33231735229493,52.638286590576165,3.290598154067993,-0.19331612683630886,-0.6718236934658962,0.7004791840468134,0.14356431562181615
1723528336.3531137,49.2838363647461,52.5557518005371,3.2922980785369873,-0.19241536444610957,-0.6719963433019263,0.7013092514386174,0.13986627885418468
1723528336.4863298,49.23906326293946,52.443428039550774,3.2846601009368896,-0.187439741853843,-0.6712789205113207,0.7041573807608663,0.1356957522213468
1723528336.5529358,49.225299835205085,52.388042449951165,3.2796006202697754,-0.18418617732021622,-0.6704349287680124,0.7057780291726521,0.13590375973152197
1723528336.5862386,49.224018096923835,52.3560562133789,3.2783398628234863,-0.18183249703846488,-0.6699472805238189,0.7066964980333115,0.13670275786153638
1723528336.719445,49.226737976074226,52.223247528076165,3.267611503601074,-0.16835494279063204,-0.6702466259806861,0.7091928250527101,0.1395407126727739
1723528336.8193574,49.2046127319336,52.115833282470696,3.2705230712890625,-0.15968370337431384,-0.6755700455146291,0.7060652178207592,0.1399218948690666
1723528336.8526683,49.19616699218751,52.08053970336913,3.2701923847198486,-0.15808751714105157,-0.6770082772830249,0.7049977210421007,0.1401654120669328
1723528336.919288,49.18398666381837,52.01736450195312,3.278047800064087,-0.15591149729574597,-0.6799887762533958,0.7026514200479161,0.139956604292383
1723528337.0525239,49.137069702148445,51.898880004882805,3.2854788303375244,-0.14977724477272958,-0.6817463977765579,0.7029758220918934,0.1364317397866195
1723528337.1191397,49.11599731445313,51.84035110473632,3.2811734676361084,-0.14771242324969594,-0.6807657365996774,0.7050367731388745,0.13289921147819017
1723528337.1857538,49.086540222167976,51.78394699096679,3.27685546875,-0.1475799815930981,-0.6783721280139136,0.7082363484346711,0.1281900141305024
1723528337.2523668,49.045951843261726,51.730903625488274,3.2697489261627197,-0.1483338912338197,-0.6749126626078739,0.7123966169777123,0.12239695536121066
1723528337.3522835,48.99494934082032,51.63676452636718,3.262289047241211,-0.14943287117424736,-0.6715684960371106,0.7167106595246537,0.11397983447439321
1723528337.4188933,48.96421432495118,51.57025527954101,3.2544658184051514,-0.14990527054850156,-0.6713530513738204,0.7175646911976638,0.10915312281030931
1723528337.4855013,48.93133544921876,51.46217727661132,3.2499547004699707,-0.1485549748845631,-0.6724693484145831,0.7171311942563162,0.10695440666201038
1723528337.5521083,48.90890121459962,51.38190078735351,3.253990650177002,-0.14590694333858645,-0.6745204980238648,0.7159163359891539,0.1058161684011137
1723528337.618714,48.89123535156251,51.30025482177734,3.2532570362091064,-0.14206623221537443,-0.6761687361116081,0.715204395439447,0.10533612254802704
1723528337.7519212,48.85752487182618,51.13586807250976,3.257103681564331,-0.13435113870764376,-0.6780436814531375,0.7149259066260812,0.1052971300858273
1723528337.8185372,48.84068679809571,51.06435775756835,3.255664587020874,-0.1312810551777492,-0.6782078089841332,0.715378210017774,0.10504032090642038
1723528337.851852,48.82382965087891,51.014392852783196,3.256725788116455,-0.13022815623894,-0.678361035676473,0.7155099711376395,0.10446249949701424
1723528338.0184176,48.74189758300782,50.79858398437499,3.2474887371063232,-0.12704813119621702,-0.6785290616298357,0.7166264470052921,0.09951693491991581
1723528338.0517304,48.73101425170899,50.75760650634765,3.2452545166015625,-0.126748050893721,-0.6787741866918644,0.716601559022072,0.09840091809824149
1723528338.118354,48.69549179077149,50.66561126708984,3.2431671619415283,-0.12624708595733983,-0.6788336742536946,0.7169121723178237,0.09635067809334863
1723528338.2182868,48.65055084228516,50.52471923828124,3.240645408630371,-0.12546550999534167,-0.6793900043401785,0.7169109003233711,0.09341514225110814
1723528338.284907,48.628437042236335,50.43277740478515,3.239821672439575,-0.12427864236092324,-0.6795839571049177,0.7170398554818591,0.09259756988766886
1723528338.3848362,48.585868835449226,50.287178039550774,3.2379150390625,-0.12257386151182204,-0.6804387111029044,0.7167799548484438,0.09058313990010324
1723528338.4514532,48.563705444335945,50.18904876708984,3.2368948459625244,-0.12140109766843718,-0.6809326274421675,0.716660873962576,0.08938524543123308
1723528338.5513763,48.517353057861335,50.0441665649414,3.232309103012085,-0.11983041085356776,-0.6810969633363161,0.7169859467741221,0.08762848450777896
1723528338.6512976,48.47142410278321,49.889045715332024,3.2352962493896484,-0.11802963504893953,-0.6814414710144016,0.7171124881684113,0.08634932625592866
1723528338.7179096,48.44254302978516,49.78274536132812,3.2290432453155518,-0.11704886181624055,-0.6816526278229658,0.7171910218014804,0.08535981008013344
1723528338.784521,48.40797424316407,49.66872024536132,3.230376720428467,-0.11615028244442077,-0.6820620919183386,0.7170401612192235,0.08458026870831722
1723528338.851138,48.37915420532227,49.56567382812499,3.2295873165130615,-0.11504057930931509,-0.6823264223142321,0.717029149185217,0.08405663413890166
1723528338.9177537,48.34603500366212,49.45385360717773,3.2255072593688965,-0.11444671061350939,-0.6826549355552485,0.7168623343434977,0.08362166580138626
1723528338.9843676,48.31991958618165,49.34533691406249,3.2254767417907715,-0.11386915365818974,-0.6829798248163124,0.716644399325831,0.08362523335671948
1723528339.1175914,48.25115966796876,49.12112808227538,3.225532054901123,-0.11331532026237932,-0.6837149665457392,0.7160899341446668,0.08311852339809664
1723528339.1842012,48.2196273803711,49.01636123657226,3.2191548347473145,-0.11311270716761716,-0.6836713947021483,0.7161846313315691,0.0829368035777654
1723528339.25081,48.16647338867188,48.87670516967773,3.2139101028442383,-0.11256556520188009,-0.6836308969721426,0.716376454325362,0.0823563350572841
1723528339.3174171,48.13201904296876,48.76944351196288,3.21703839302063,-0.11229552680737087,-0.6839303653546188,0.7161416273651899,0.08228085779627142
1723528339.4506273,48.062126159667976,48.53115081787109,3.2117838859558105,-0.1123580517456952,-0.6839191894912866,0.7161438773486921,0.08226881176651729
1723528339.5172303,48.02761840820313,48.40541839599609,3.2065212726593018,-0.11248981335792395,-0.6839242159041896,0.7161351169147536,0.08212309731148133
1723528339.5505307,48.004875183105476,48.348377227783196,3.2035372257232666,-0.11205624021239736,-0.6838456301159541,0.7162395683612826,0.08245868004290895
1723528339.6171317,47.96915817260743,48.23284530639648,3.2067739963531494,-0.11197769852438291,-0.6838975585183171,0.7162255049971565,0.08225661357870155
1723528339.717031,47.90364074707032,48.03547286987304,3.196291923522949,-0.1121535117280154,-0.6838500463522582,0.7162977173781475,0.08178192948288733
1723528339.7836292,47.864704132080085,47.93124771118163,3.1888296604156494,-0.11210271894806952,-0.6840148152397687,0.716152341549589,0.0817467836064284
1723528339.8502507,47.82830810546876,47.81134414672851,3.190497875213623,-0.11238150996622542,-0.6842410976723863,0.715931761087606,0.08140165808998104
1723528339.9168708,47.779254913330085,47.67590713500976,3.1839160919189453,-0.11249455057158513,-0.6840265330983003,0.7161558455766781,0.081077018664787
1723528339.9501798,47.7578468322754,47.60691833496093,3.179227352142334,-0.11220335016012013,-0.6840013787089166,0.7162181353443405,0.0811424965170707
1723528340.0501072,47.693649291992195,47.40843200683593,3.1736698150634766,-0.11192036529876355,-0.6841309303225122,0.7161057859143751,0.08143221345021075
1723528340.0834153,47.685985565185554,47.35586929321288,3.177673578262329,-0.11193189462321446,-0.6841051668929058,0.7160940011756495,0.08173587386659648
1723528340.1833386,47.64429473876954,47.1694107055664,3.179246187210083,-0.11157284992001207,-0.6838585587504785,0.7163736716564342,0.08183968072960994
1723528340.283258,47.58975219726563,46.97734069824218,3.1748650074005127,-0.11113192764087355,-0.6833635412235378,0.7168497660517388,0.08240375050212854
1723528340.3498697,47.548446655273445,46.83482360839843,3.1695520877838135,-0.11065969841613986,-0.6834485099804886,0.7168277047818546,0.0825264018910147
1723528340.4164798,47.49583053588868,46.68878555297851,3.1624348163604736,-0.11046330247114208,-0.683505613875611,0.7168140831369595,0.08243485199970532
1723528340.483089,47.44254302978516,46.55097579956054,3.1557624340057373,-0.11050478668580382,-0.6835289403695266,0.7168080412480935,0.08223814077974194
1723528340.5496967,47.40787506103516,46.40529251098632,3.1588523387908936,-0.11070413559335153,-0.683545116664808,0.7167662934836617,0.08219944264966852
1723528340.5830007,47.39854812622071,46.32330703735351,3.1559784412384033,-0.11070568593598168,-0.6834156643687245,0.7169304884281088,0.08184103835565752
1723528340.7162106,47.29695892333985,46.02956771850585,3.151942729949951,-0.11067619188494426,-0.6836021839760262,0.7168266338235337,0.08123060786597484
1723528340.782814,47.25860595703126,45.88620376586913,3.146449565887451,-0.11115430611747558,-0.6830530735411544,0.7172548057928093,0.08141721270495844
1723528340.8161194,47.23336410522462,45.81622314453124,3.146423816680908,-0.11133422276029796,-0.6830723766282221,0.7172151558663157,0.08135870774225283
1723528340.916034,47.16481018066407,45.58983993530273,3.140803337097168,-0.11125160422506684,-0.6828798897313608,0.7173835847123095,0.08160226187521064
1723528340.9826415,47.12455368041993,45.44143295288085,3.1410515308380127,-0.11149822235507971,-0.6831776445541857,0.7170483467947777,0.08171976965170712
1723528341.0492475,47.07178115844727,45.28286743164062,3.1362409591674805,-0.11149537813208467,-0.6834674861520702,0.716805008238935,0.08143436738707913
1723528341.115852,47.036457061767585,45.089424133300774,3.1367030143737793,-0.11162519808453607,-0.6838419040470862,0.7163992729273424,0.08168321229615748
1723528341.2157555,46.9687843322754,44.85577392578124,3.1273691654205322,-0.11158381824637721,-0.6834212345537267,0.7167442874583456,0.08223195280697147
1723528341.2823563,46.91939544677735,44.701641082763665,3.124840259552002,-0.11168036380978984,-0.6833790355915355,0.7167596191741299,0.08231791041232875
1723528341.3489554,46.86203002929688,44.54760360717773,3.1201322078704834,-0.11213063098205565,-0.6834272363162582,0.716710685921257,0.08172959649336853
1723528341.4155533,46.82455825805665,44.39443206787109,3.117579460144043,-0.11274432245028496,-0.6837349644942236,0.7162624703006576,0.08223922252860141
1723528341.5487442,46.71711730957032,44.07399368286132,3.109477996826172,-0.11349104679916444,-0.6841797836460435,0.7157662531374361,0.08183200361764854
1723528341.5820415,46.680038452148445,43.92813873291015,3.1092288494110107,-0.11369014298303082,-0.6844408842957935,0.7154593779207888,0.08205550461783799
1723528341.6153374,46.653854370117195,43.84865570068359,3.1047141551971436,-0.11380389989256984,-0.6844659059276216,0.7154235158076017,0.08200176230674872
1723528341.7818146,46.52868652343751,43.44046401977538,3.0933563709259033,-0.11374263685178064,-0.6848966011868467,0.7149627480978915,0.08250773949770195
1723528341.848419,46.48725891113282,43.27846145629882,3.091609001159668,-0.11299356564875031,-0.6852460457103136,0.714640827925367,0.08341941034619382
1723528341.9150217,46.433341979980476,43.12396240234374,3.0856080055236816,-0.11272771050610086,-0.6856958842714393,0.7142257991148551,0.08363686660802333
1723528341.9483218,46.39820098876954,43.03402709960937,3.0830459594726562,-0.11255984964228664,-0.686332405734022,0.7136353905946138,0.08368176849666056
1723528342.048222,46.31784820556641,42.78051757812499,3.070291042327881,-0.11319575422885962,-0.6865854637660281,0.7133674856491117,0.0830298295097155
1723528342.1148198,46.266193389892585,42.61710357666015,3.0667262077331543,-0.11386150871149331,-0.6864884970424759,0.7133846152099622,0.08277373402256999
1723528342.1481175,46.24015045166016,42.531990051269524,3.0668082237243652,-0.11402824113672522,-0.6864369153505443,0.7134576340687673,0.08234151963797907
1723528342.2813065,46.131401062011726,42.20946884155273,3.054842710494995,-0.11443760621491837,-0.6860157822251735,0.7138247221659532,0.08210144241414233
1723528342.3478987,46.0807113647461,42.044231414794915,3.04771089553833,-0.11447398923016462,-0.685906476195052,0.7139431926691955,0.08193368870455446
1723528342.3811946,46.05307769775391,41.9566307067871,3.0475642681121826,-0.11460026869980247,-0.6858860730881231,0.7139534236996631,0.08183875576532325
1723528342.4477844,46.011615753173835,41.79437637329101,3.0515382289886475,-0.11467442762451659,-0.6857246875255086,0.7140321054755195,0.08239891332553904
1723528342.5143723,45.97473907470704,41.56398773193359,3.0470082759857178,-0.11455492892404905,-0.6854403780781169,0.7142303408115227,0.08320863310733247
1723528342.6142507,45.89877700805665,41.30361557006835,3.038381576538086,-0.11419582550896179,-0.685241251288195,0.7143964411348854,0.0839134426842667
1723528342.6808345,45.85100173950196,41.13869094848632,3.0367541313171387,-0.1140220719566978,-0.6850509589410746,0.7145560407519015,0.08434343712217868
1723528342.7807083,45.76670455932618,40.88019180297851,3.0221939086914062,-0.11400756518706542,-0.6840797653056123,0.715479306230809,0.08441867172027494
1723528342.8473098,45.70513916015626,40.72387313842773,3.019500255584717,-0.11404260240827031,-0.6839375574592973,0.7156808263890322,0.08381322730733867
1723528342.9472082,45.62612533569337,40.43924331665038,3.010317325592041,-0.11426528881111114,-0.6836877733690316,0.7158034982867527,0.08449748019352919
1723528343.080401,45.52068710327149,40.10533905029296,3.001915216445923,-0.11467284064071796,-0.6835363305772072,0.7159077160178922,0.08428740443554336
1723528343.1136987,45.473556518554695,40.04010391235351,2.990417718887329,-0.11390304176093237,-0.6835816686269817,0.715847074822182,0.08547025718508168
1723528343.1802917,45.4206771850586,39.87819671630859,2.990321397781372,-0.1141770322115733,-0.6836497149930889,0.7157975499748128,0.08497376039273
1723528343.3134725,45.30853652954102,39.526477813720696,2.984116792678833,-0.1141107718858601,-0.683124563500628,0.7162411974546146,0.08554594993609851
1723528343.3800604,45.232799530029304,39.361919403076165,2.9751136302948,-0.11438774163389967,-0.6830275526227048,0.7164098012102648,0.08453285545871166
1723528343.446647,45.17867279052735,39.189643859863274,2.970641851425171,-0.11412333799622318,-0.6836006989215524,0.7158775078955991,0.0847663957459056
1723528343.5132313,45.13830184936524,39.01981353759765,2.9715962409973145,-0.11377081862294731,-0.6839130074549788,0.7155442633280905,0.08553131755100542
1723528343.5798144,45.119457244873054,38.900249481201165,2.960287570953369,-0.11389223851126025,-0.6843003753394038,0.7150238384282765,0.08661676971891294
1723528343.6463957,45.045368194580085,38.718399047851555,2.9703054428100586,-0.11412598500713853,-0.684389510342761,0.7149854924994334,0.08591858468508995
1723528343.7462637,44.97141647338868,38.47586441040038,2.9887032508850098,-0.11400504944123692,-0.684548035973812,0.7148734611847105,0.08574829234503763
1723528343.8130577,44.91693878173829,38.303718566894524,2.9851324558258057,-0.11415208966688437,-0.684560862931732,0.7148271402706128,0.08583638447292417
1723528343.880073,44.85665512084962,38.130325317382805,2.9791488647460938,-0.11380464884260102,-0.6845285239706678,0.7148957738129672,0.08598391917509964
1723528343.9806135,44.78181457519532,37.88161849975585,2.9705729484558105,-0.11430973408713771,-0.6845180727897898,0.7147577566169551,0.08654271819730137
1723528344.047651,44.728832244873054,37.7279930114746,2.972722291946411,-0.11413680883422486,-0.6846543765427566,0.71455910232802,0.08732962172231899
1723528344.0811725,44.69946289062501,37.65176391601562,2.9649643898010254,-0.11415973885451698,-0.6848814624607164,0.7142893317964999,0.08772506417238264
1723528344.1146972,44.684406280517585,37.569831848144524,2.969202756881714,-0.11420343974939053,-0.6849026740290423,0.7141849814971121,0.08834994997873273
1723528344.1817522,44.628734588623054,37.305217742919915,2.9662892818450928,-0.11494393393485658,-0.6836378077335195,0.7151958095022845,0.08900670738353872
1723528344.2488158,44.571361541748054,37.1363296508789,2.9623234272003174,-0.1152347037443068,-0.6827516630301816,0.7158766567185157,0.08995411078991168
1723528344.4165127,44.437389373779304,36.73140335083007,2.9488728046417236,-0.11599161310566491,-0.6823661164781757,0.7160430766464397,0.09058002626594511
1723528344.4500592,44.393688201904304,36.642864227294915,2.9536116123199463,-0.11622002497731196,-0.6825372848191236,0.7158227647051314,0.09073880182101653
1723528344.5171578,44.35027694702149,36.46915435791015,2.958181619644165,-0.1168414565931219,-0.6828083886169475,0.7152756098428542,0.0922040152024743
1723528344.55071,44.32502746582032,36.399585723876946,2.939760684967041,-0.11747432255017191,-0.6826470235120636,0.7153752496440077,0.0918208964684627
1723528344.6849418,44.201042175292976,36.06701278686523,2.9403843879699707,-0.11810667417819365,-0.6835468869527266,0.7142655516332025,0.09294723557976088
1723528344.752071,44.10454177856446,35.806140899658196,2.9386541843414307,-0.11822703016469838,-0.6832361515443292,0.7143807815392503,0.09418508124273232
1723528344.8189807,44.034233093261726,35.59931564331054,2.9266629219055176,-0.11820915302708404,-0.6825712307771699,0.7148865082731363,0.09518608798034611
1723528344.8856528,43.970470428466804,35.42950820922851,2.9224400520324707,-0.11912687821625866,-0.68247916850622,0.7148103264785596,0.09527417594040137
1723528344.9523246,43.897026062011726,35.265911102294915,2.915330648422241,-0.11981676122578452,-0.6824358284233846,0.7147653640641523,0.09505660496615737
1723528345.052332,43.80353164672852,35.01352310180663,2.9105846881866455,-0.12182231184306347,-0.6820968505746067,0.7146335015534114,0.09592793769765183
1723528345.1190026,43.75375366210938,34.86245346069335,2.907085418701172,-0.1239484093434793,-0.6819756399646466,0.7143207373863559,0.09639451465641033
1723528345.185673,43.68670654296876,34.72723388671874,2.902379274368286,-0.12395957272185605,-0.6818012876347943,0.7142898253508463,0.09783186551634866
1723528345.2190075,43.648265838623054,34.610054016113274,2.9044511318206787,-0.12436997795668589,-0.681309527028578,0.7145581859684987,0.09877264716791341
1723528345.2856772,43.61948394775391,34.45742034912109,2.9028308391571045,-0.12477714058238792,-0.6814614736116199,0.714074666664474,0.10068910367652971
1723528345.4523501,43.42541885375977,33.9787254333496,2.8979153633117676,-0.12689731652344574,-0.6816318919059273,0.7133354684343168,0.10211534884378742
1723528345.5190182,43.36203002929688,33.81959152221679,2.8910024166107178,-0.12809529981286866,-0.6815563717563464,0.7130852761367079,0.10286833935284058
1723528345.5856862,43.289474487304695,33.654834747314446,2.8879098892211914,-0.12873001066281953,-0.6819613054483089,0.7124953874906518,0.10347794465747095
1723528345.6523535,43.234935760498054,33.49865341186523,2.8869495391845703,-0.1298595129311812,-0.6821472853676158,0.7119560649028416,0.10454735584858046
1723528345.7190204,43.16888427734376,33.35042190551757,2.8864612579345703,-0.1310600344675508,-0.6824346148551068,0.7113276779087344,0.10544760999612184
1723528345.7856872,43.1136703491211,33.18676376342773,2.8779244422912598,-0.1319087334504285,-0.6818676873954024,0.7115745033309598,0.10638735420550464
1723528345.81902,43.06073379516602,33.1753807067871,2.8913609981536865,-0.1321010402443136,-0.6818200773454918,0.7116235621711434,0.10612541193234819
1723528345.885702,43.04284667968751,33.00746536254882,2.885128974914551,-0.133648744247294,-0.681359912622124,0.7115855221487287,0.10739053636617166
1723528345.9523835,42.9663314819336,32.81918334960937,2.8806915283203125,-0.13491668871658946,-0.6807376445203746,0.7117835453610486,0.10843399370981079
1723528346.0524056,42.79928207397462,32.492046356201165,2.8378055095672607,-0.13655429607868186,-0.6792337410632031,0.7128416807609582,0.10886315902835753
1723528346.1524265,42.73182678222657,32.29788208007812,2.8468611240386963,-0.13801634364444884,-0.6784805341079113,0.7129723921328606,0.11084232846709449
1723528346.1857672,42.7010726928711,32.219165802001946,2.8408195972442627,-0.13854503961829154,-0.6780472016604038,0.7132277570248806,0.11119096603105669
1723528346.285787,42.61154174804688,31.958990097045895,2.835482120513916,-0.14000486165347778,-0.6783003576655041,0.7124131161059419,0.11302572939141665
1723528346.352467,42.533370971679695,31.825691223144528,2.8306944370269775,-0.14052060215030152,-0.6785015973848422,0.7119512670499619,0.11408302267860945
1723528346.4191468,42.45695877075196,31.67856407165527,2.8304073810577393,-0.14149090453131288,-0.6784510492330456,0.7117293577621125,0.11456796685383475
1723528346.519166,42.36693191528321,31.399068832397457,2.8192548751831055,-0.14221404288093886,-0.6780966424835771,0.7114858431719419,0.11725188453013992
1723528346.585845,42.26753997802735,31.287900924682614,2.8108930587768555,-0.14337384616602572,-0.6781411269647692,0.7111980610724141,0.11732804473506107
1723528346.6858623,42.31299209594727,31.030464172363278,2.8246381282806396,-0.14587974919050303,-0.6783946165065963,0.7097838001122091,0.12127159671273341
1723528346.7858799,42.206127166748054,30.804512023925778,2.81870698928833,-0.14721657373912286,-0.6782619752570698,0.7095234911853701,0.12191959970823364
1723528346.8192182,42.15830230712891,30.732116699218746,2.817704200744629,-0.1476973438498153,-0.6783932516557223,0.7093111208400252,0.12184344291077986
1723528346.8858957,42.10653305053712,30.5861701965332,2.8192367553710938,-0.14944351444818768,-0.6783728934126627,0.70887580181746,0.12235992428062285
1723528346.9525728,42.06815719604493,30.4406566619873,2.82780385017395,-0.15087469244846521,-0.678182349624503,0.7085323512404879,0.12364236766576162
1723528347.1192646,41.94400787353516,30.12541007995605,2.847283363342285,-0.1534819007687825,-0.6782102293194175,0.7077023097372137,0.12502652428791905
1723528347.1526022,41.88269424438477,30.028556823730465,2.8124074935913086,-0.15345724872965824,-0.6777608453515708,0.7080458446305697,0.12554756557588492
1723528347.2526162,41.62924194335938,29.736923217773434,2.725864887237549,-0.15403034905700913,-0.6767201746633854,0.7092269205982706,0.1237805795414912
1723528347.2859533,41.592357635498054,29.66693305969238,2.7267518043518066,-0.1543882651159567,-0.6772575362183343,0.7086247588961396,0.12384443592404402
1723528347.419303,41.46087265014649,29.36631393432617,2.7206411361694336,-0.15554626760969412,-0.6774544786037714,0.7078341485615369,0.1258237107327141
1723528347.4526405,41.42440414428712,29.30251884460449,2.7211251258850098,-0.15594691882950265,-0.6775267307387679,0.707677889146569,0.12581769690738218
1723528347.5193145,41.35509109497071,29.16452598571777,2.7171690464019775,-0.15645924547836898,-0.6774946358779381,0.7074375656224127,0.126702855560536
1723528347.5859885,41.281017303466804,29.020412445068356,2.714359760284424,-0.15722939687265045,-0.6775028149485383,0.7071828776214251,0.12712682681066947
1723528347.6526618,41.215267181396484,28.84871101379394,2.708130359649658,-0.1576535419607443,-0.6776021120663734,0.7068066699717526,0.1281603281591606
1723528347.7526708,41.133941650390625,28.694601058959957,2.7131192684173584,-0.15910621421910331,-0.6770179494277222,0.7069645381928444,0.12858091027569102
1723528347.7860076,41.14911651611328,28.68811988830566,2.744636297225952,-0.16018625126234742,-0.6773809398636095,0.7062599312922111,0.12919882610585334
1723528347.8193433,41.11277770996094,28.61782073974609,2.7432920932769775,-0.16045194296814122,-0.6773350430408055,0.7062192830729532,0.1293318896582842
1723528347.8860438,41.03635787963867,28.485586166381832,2.74296498298645,-0.16104214222154084,-0.6774123442977559,0.7059669226106533,0.1295710168261388
1723528348.052797,40.886749267578125,28.11763000488281,2.737184762954712,-0.1621509499554739,-0.6769220734709633,0.7058192409019107,0.1315400131099264
1723528348.0861473,40.88538360595703,28.10185050964355,2.745326042175293,-0.1623570422975907,-0.6766387629080375,0.7059187998594886,0.13220750111698779
1723528348.152849,40.81666564941406,27.937791824340817,2.728147506713867,-0.16242315894741904,-0.6763427305396587,0.7059680380785894,0.1333730013727191
1723528348.2862532,40.69437789916992,27.70916938781738,2.735804796218872,-0.16251607762605794,-0.6769836173920724,0.7049649737943541,0.13530000746086918
1723528348.3196049,40.66267013549805,27.632343292236325,2.729269504547119,-0.16243878845673324,-0.6769817670683018,0.7048876041637016,0.13580424352038972
1723528348.3863075,40.614013671875,27.459602355957028,2.6877617835998535,-0.16238552114871552,-0.6765033932337907,0.7047396015727,0.138982716334008
1723528348.4196584,40.6279182434082,27.4207592010498,2.6927647590637207,-0.16342801479395216,-0.6764645097035913,0.7043957683927328,0.1396912758993887
1723528348.4863615,40.552913665771484,27.280340194702145,2.688701868057251,-0.16436745225616584,-0.676607353037022,0.7040689745676538,0.13954465058290194
1723528348.5530648,40.47673034667969,27.14795875549316,2.687643527984619,-0.16535483575126214,-0.6767771001022828,0.7036444854921167,0.13969600247448863
1723528348.653121,40.37247085571289,26.94868469238281,2.691774845123291,-0.16658633553034355,-0.6768302484084069,0.7032157650379695,0.14013349155733446
1723528348.7531767,40.309913635253906,26.755640029907223,2.669957160949707,-0.16729111011429218,-0.6769461544334883,0.7024902055238876,0.14235553946877413
1723528348.819881,40.22099304199219,26.62159919738769,2.6841647624969482,-0.16798328470948917,-0.6772934917668464,0.7021780201991308,0.141425492814106
1723528348.9199915,40.1146240234375,26.40554046630859,2.6545090675354004,-0.16798310772042885,-0.6774841473770489,0.7017489836989763,0.14263684464693516
1723528348.986733,40.0814323425293,26.32776832580566,2.6728031635284424,-0.16917540786188215,-0.6782376509830419,0.7005265446478408,0.14365211591733695
1723528349.053476,39.899169921875,26.124820709228512,2.650233507156372,-0.16874071445046968,-0.6782229185339388,0.7009098268677669,0.14235750300651015
1723528349.1202207,39.82468032836914,25.989894866943356,2.6478867530822754,-0.16902968248765635,-0.6783104437269283,0.7005948513408881,0.14314594875070252
1723528349.2537138,39.69965362548828,25.73110961914062,2.6452414989471436,-0.16933732319569808,-0.6783106995982037,0.7000798539863079,0.14528476804545282
1723528349.3204625,39.61349868774414,25.5765209197998,2.6331284046173096,-0.16935326803491496,-0.6777014901842043,0.7005495231358779,0.1458441854929336
1723528349.353837,39.58436584472656,25.519117355346676,2.6361911296844482,-0.16971064498873023,-0.6776084190049682,0.7005360731831333,0.14592579497899785
1723528349.4205878,39.540653228759766,25.405538558959957,2.6353940963745117,-0.17044906060046972,-0.6772496290046272,0.7005279633021338,0.14676726605505938
1723528349.4873402,39.43587875366211,25.272485733032223,2.6368677616119385,-0.17036416838000382,-0.6766929719010545,0.7011493467339805,0.1464659191976779
1723528349.554094,39.38008117675781,25.13807106018066,2.6424646377563477,-0.17076863467112616,-0.6764176879653826,0.7011254095941084,0.14737823734059058
1723528349.654228,39.25324249267578,24.858900070190426,2.6466217041015625,-0.17109177977786572,-0.6761234144302563,0.7012945381596128,0.1475489820334577
1723528349.7209852,39.18095397949219,24.72066497802734,2.641371965408325,-0.1712951712204993,-0.6759276340900621,0.7012811279396841,0.14827197100462164
1723528349.8544707,39.03132247924805,24.441003799438473,2.630800247192383,-0.1716165644582958,-0.6757925581405724,0.7010415100289475,0.14964282268684265
1723528349.9211652,38.95949935913086,24.304843902587887,2.6301379203796387,-0.17197069810660573,-0.6756916098464266,0.7009037680176143,0.15033574210606612
1723528349.9878595,38.88542938232422,24.15332984924316,2.625380277633667,-0.1725972607728404,-0.6754921146927484,0.7008657721425797,0.15069093536313494
1723528350.054554,38.80815887451172,24.035634994506832,2.6019287109375,-0.17272782316263707,-0.6748784096092495,0.701263909870032,0.15143698380046608
1723528350.1212482,38.76723861694336,23.913660049438473,2.603693962097168,-0.17369310253517609,-0.6752053407383124,0.7004993021474383,0.1524112255088722
1723528350.1879425,38.675540924072266,23.752990722656246,2.5943655967712402,-0.17382061415558933,-0.6752290974304653,0.7003607486028414,0.15279686480514104
1723528350.254637,38.57493209838867,23.46425628662109,2.561072587966919,-0.17460578758750503,-0.674796847642506,0.7006140390487652,0.1526499316752523
1723528350.3213313,38.49692916870117,23.317455291748043,2.5538227558135986,-0.1750061762900474,-0.6748805693587966,0.7003151430465576,0.15319189202422903
1723528350.3880253,38.42449951171875,23.177606582641598,2.5470805168151855,-0.17554846562511747,-0.6749314304149582,0.699986981028439,0.1538457891701204
1723528350.4547193,38.3395881652832,23.033161163330075,2.547379970550537,-0.17635869283417027,-0.6751578553241496,0.6994870638026238,0.15419899295618447
1723528350.5881076,38.18229675292969,22.754920959472653,2.5349481105804443,-0.17686557447253334,-0.6752611387570275,0.6990489535773808,0.15515000339488325
1723528350.6548014,38.10155487060547,22.61165046691894,2.5407299995422363,-0.17718601335981357,-0.6756707517979129,0.6984966265205192,0.15548831008777994
1723528350.7214956,38.017173767089844,22.46557807922363,2.5313525199890137,-0.17760747608318178,-0.6756481271918623,0.6983293036094566,0.15585690995853388
1723528350.7881894,37.94393539428711,22.343044281005856,2.5353753566741943,-0.17781764436665745,-0.6760680325782948,0.6978790324882339,0.15581321089976088
1723528350.854875,37.84843444824219,22.095682144165036,2.514590263366699,-0.17763234267773342,-0.6755614048771132,0.6983117032037987,0.15628277014402853
1723528350.9215524,37.7686767578125,21.95241546630859,2.5070390701293945,-0.17758394555925633,-0.6755227589864548,0.6982497012562537,0.1567810545521616
1723528350.9882295,37.69778823852539,21.80841255187988,2.5042905807495117,-0.17803611426572227,-0.6754295599421435,0.6979998155095558,0.15777930511366567
1723528351.054906,37.60165023803711,21.679889678955075,2.5016698837280273,-0.17815348476573106,-0.6753125606481473,0.6982757705515185,0.15692427969359052
1723528351.1215825,37.54719924926758,21.551052093505856,2.494265556335449,-0.17865849423483188,-0.6745588083896245,0.6986089988713329,0.15810446912629134
1723528351.1882584,37.469505310058594,21.383428573608395,2.483210802078247,-0.17905298757339985,-0.6739152953393643,0.698938808005625,0.15894258401187925
1723528351.2549343,37.36500930786133,21.205051422119137,2.4893951416015625,-0.1792609544032433,-0.673935209131727,0.6990298742287337,0.15822161374089935
1723528351.3216095,37.29404830932617,21.067138671874996,2.485625743865967,-0.1796501038143773,-0.6737535786584503,0.6989737177734429,0.15880081015658143
1723528351.4549594,37.13639450073242,20.79166793823242,2.4779164791107178,-0.18028118219726566,-0.6731041090375393,0.6994047106179534,0.15894214201322954
1723528351.5216339,37.05599594116211,20.650058746337887,2.4679808616638184,-0.18062686351368554,-0.6726735941110217,0.699679596850554,0.15916228734852705
1723528351.588308,36.986141204833984,20.508049011230465,2.461383104324341,-0.1806126887174481,-0.6727740049382195,0.699466163612136,0.15969120487792518
1723528351.6549819,36.88513946533203,20.280647277832028,2.422178030014038,-0.1809559744517947,-0.6726412566497791,0.6994845315079125,0.15978130473858207
1723528351.7216554,36.77271270751953,20.189954757690426,2.408344268798828,-0.18033593181862734,-0.6724845844190191,0.6999868023394169,0.1589399633966389
1723528351.8550105,36.608367919921875,19.907375335693356,2.3972980976104736,-0.18025929900757814,-0.6726030527469244,0.699720642047344,0.15969577843408136
1723528351.9217005,36.53477096557617,19.771173477172848,2.396455764770508,-0.1806134688726464,-0.6728975270615539,0.6993174914089249,0.15982095965724671
1723528351.9883902,36.47977066040039,19.620599746704098,2.3867461681365967,-0.18085046255456821,-0.6728418818533772,0.6988789061662595,0.16169473316610308
1723528352.0217347,36.4353141784668,19.51747322082519,2.3867244720458984,-0.18092126475045678,-0.672960584635416,0.6987042343844041,0.16187631186050055
1723528352.0884247,36.329368591308594,19.323431015014645,2.391836404800415,-0.18044869361253746,-0.6728878317240617,0.6986501422642022,0.16293622557746124
1723528352.1884599,36.20523452758789,19.090196609497067,2.3651161193847656,-0.1812512378454493,-0.6724649284511509,0.6989603841116037,0.16246011887611156
1723528352.2551496,36.128868103027344,18.974668502807614,2.385084390640259,-0.18100186877211188,-0.6733496056753091,0.6980968743410122,0.16278632028895396
1723528352.2884939,36.0914421081543,18.910093307495114,2.383734941482544,-0.18109334912782835,-0.6731756646932525,0.6982164870207817,0.16289094701309495
1723528352.3551836,36.0106086730957,18.755376815795895,2.35866117477417,-0.18071223623780458,-0.6727574540095619,0.6987577438733859,0.1627209609284557
1723528352.4218733,35.93399429321289,18.591207504272457,2.3499863147735596,-0.18063461906056116,-0.6723564348800916,0.6989237361612209,0.16374849587895204
1723528352.555252,35.777915954589844,18.342397689819332,2.345811367034912,-0.18154316684886732,-0.6722646480392404,0.6988937737532638,0.16324770925217497
1723528352.6219416,35.69922637939453,18.198703765869137,2.3398492336273193,-0.1819014125760192,-0.6720600605322916,0.6988119516090582,0.16403965200073034
1723528352.721976,35.587303161621094,17.97193336486816,2.3132681846618652,-0.18253142988831925,-0.6716149433307437,0.6990510906513052,0.1641438931455819
1723528352.7553203,35.52906036376953,17.882703781127926,2.317274570465088,-0.1832669793919971,-0.6714757203183309,0.6990835516226687,0.16375518049254967
1723528352.7886653,35.49209976196289,17.812168121337887,2.3135480880737305,-0.1832183681142874,-0.6715243683936749,0.6989549795860748,0.1641584257686557
1723528352.9220517,35.33639907836914,17.550270080566403,2.3034183979034424,-0.18285907127500742,-0.670961582393132,0.6995530085730206,0.16431282117163404
1723528352.9887462,35.26948928833008,17.40762901306152,2.3019447326660156,-0.18345036904369488,-0.6704651976162825,0.6996703929062974,0.16517785012960737
1723528353.0554411,35.15388107299805,17.22080039978027,2.299152135848999,-0.182916463437851,-0.669737660637693,0.7001253732943831,0.1667857757614258
1723528353.0887878,35.11387634277344,17.150154113769528,2.300520896911621,-0.1828360456229548,-0.6696282203913723,0.7001494738448651,0.16721166571505441
1723528353.1554823,35.032745361328125,17.006488800048825,2.289811134338379,-0.18274538017666028,-0.6690010901135741,0.7006900844117745,0.16755617881163876
1723528353.2221773,34.95232391357422,16.86573982238769,2.2877070903778076,-0.18238757729383132,-0.6690341628670164,0.700619243975366,0.16810929640297692
1723528353.2888718,34.899559020996094,16.7714672088623,2.2810885906219482,-0.18061444431801596,-0.6696882982188115,0.7004129665018224,0.16827858475933205
1723528353.3222196,34.86086654663086,16.701938629150387,2.2721095085144043,-0.18102273558385437,-0.6694251685338213,0.7005460524631221,0.16833282898335533
1723528353.5223038,34.6182975769043,16.298738479614254,2.258591413497925,-0.18258758824918306,-0.6696346279563113,0.7000873671002201,0.16771677341828706
1723528353.5889988,34.4940185546875,16.077630996704098,2.2753024101257324,-0.18300816492348326,-0.6696190545868087,0.7000280179295421,0.16756821721091503
1723528353.6223457,34.453636169433594,16.006618499755856,2.2705700397491455,-0.18306475700653532,-0.6697288010757289,0.699803169928824,0.1680064019892533
1723528353.6890404,34.370887756347656,15.859992980957028,2.2610137462615967,-0.18325825008278807,-0.6699931667377973,0.699438212899489,0.1682609777613975
1723528353.7890832,34.25299072265625,15.653274536132809,2.2393813133239746,-0.1828496130887087,-0.6709147455103222,0.698407029315483,0.16931345089168562
1723528353.8891225,34.1442756652832,15.478818893432614,2.2255146503448486,-0.18235115280830247,-0.6723675290764811,0.6969545986946432,0.1700713093718612
1723528353.9559243,34.066131591796875,15.339497566223141,2.2247376441955566,-0.183380787436912,-0.6732987280547423,0.6958560806886587,0.16977816281107283
1723528353.9893258,34.029762268066406,15.286178588867184,2.2233853340148926,-0.1832922527375785,-0.6733322769598987,0.6957770257676354,0.17006447396303873
1723528354.122935,33.88718795776367,15.035636901855465,2.2264528274536133,-0.1838765208782976,-0.6739567642793005,0.6949786715015825,0.170224413965106
1723528354.1897416,33.79017639160156,14.89328575134277,2.2141165733337402,-0.1840286037532322,-0.6733928891925699,0.6956273199599301,0.1696411551212859
1723528354.223145,33.77255630493164,14.842824935913082,2.2451624870300293,-0.18548149336497102,-0.6735067014653506,0.695143418900556,0.16959058305109243
1723528354.2899537,33.69232177734375,14.71161079406738,2.2348358631134033,-0.1862898029311255,-0.672865887499292,0.6956452981998624,0.1691899106214586
1723528354.3901703,33.56699752807617,14.504419326782223,2.2245259284973145,-0.18718371699039804,-0.6724439964276024,0.6958573344076803,0.16900857349013687
1723528354.490389,33.458499908447266,14.316115379333493,2.216883420944214,-0.1879722257772812,-0.6725464833663516,0.6955513562885403,0.16898514968203812
1723528354.6240199,33.291290283203125,14.001971244812008,2.1967813968658447,-0.18744526498635766,-0.6727498606092404,0.6951399829858442,0.17044735767644503
1723528354.6574292,33.25255584716797,13.931909561157223,2.191002607345581,-0.18782918766868106,-0.6727205961628586,0.6949527239553601,0.17090321010746612
1723528354.7242472,33.16741180419922,13.798939704895016,2.183535099029541,-0.1876803010626661,-0.6726675843216405,0.6949449586041528,0.17130653842334195
1723528354.824477,33.05253601074219,13.590709686279293,2.1781303882598877,-0.18778148118735175,-0.6723947074296465,0.695025715643886,0.171938149743995
1723528354.891298,32.96453857421875,13.459000587463375,2.1564745903015137,-0.18818824871935505,-0.6712809017833633,0.6960204738934731,0.17182151747078084
1723528354.957982,32.88109588623047,13.326049804687496,2.1633782386779785,-0.18815104823395215,-0.6715182881461558,0.6956463285307548,0.17244870928888648
1723528355.0913498,32.72295379638672,13.059586524963375,2.1526148319244385,-0.1883010961620515,-0.6712311284194736,0.695654620446891,0.17336700515317782
1723528355.1913755,32.613006591796875,12.854989051818844,2.148397922515869,-0.18922480309873918,-0.6715915773342702,0.6949219307455223,0.17390295372657066
1723528355.2580588,32.53656005859375,12.708887100219723,2.133436441421509,-0.1899691768679466,-0.6717813900822585,0.6943751685518291,0.17454111572315037
1723528355.3247418,32.395606994628906,12.502574920654293,2.11894154548645,-0.1912190294302705,-0.6714888811661069,0.6941990344786135,0.17500190222679307
1723528355.3580828,32.353553771972656,12.436039924621578,2.11431622505188,-0.19119892192458426,-0.6710594982745924,0.6945666276172753,0.17521221941033194
1723528355.4247656,32.27277374267578,12.29045486450195,2.1093368530273438,-0.19150455228127258,-0.6708182731482265,0.6944919140415983,0.17609608796568488
1723528355.4914482,32.19084167480469,12.183146476745602,2.108339309692383,-0.19160185329468626,-0.6700206902442825,0.6951074720729616,0.17659730101831617
1723528355.6248128,32.02922821044922,11.883403778076168,2.0939745903015137,-0.19226355265018863,-0.669305616712223,0.6951145140330024,0.17855119753298188
1723528355.6914947,31.938261032104492,11.74787616729736,2.091475009918213,-0.1924691800964165,-0.6693718655308987,0.6947875464030728,0.17935212770384368
1723528355.8248584,31.764354705810547,11.475124359130856,2.07529354095459,-0.193844369574711,-0.6690621840092449,0.6940352155291735,0.18192106507586173
1723528355.89154,31.71999168395996,11.35135459899902,2.1042139530181885,-0.19517994302901975,-0.6698333612342003,0.6923110490572333,0.18421039430541117
1723528355.9582238,31.615942001342773,11.20293045043945,2.073072671890259,-0.1956697821101292,-0.668782305438294,0.6929274865273648,0.18518926188222623
1723528356.0582495,31.4822998046875,11.007268905639645,2.04439115524292,-0.19740687450530728,-0.6670613617472781,0.693506242841456,0.1873733084028784
1723528356.0915904,31.440086364746094,10.965003967285153,2.065396308898926,-0.19806539926752384,-0.6673227198307539,0.6929229911542166,0.18790479914194574
1723528356.2249568,31.26444435119629,10.714187622070309,2.0583930015563965,-0.20120324730803532,-0.665403636937749,0.6929979894045692,0.19107338879064883
1723528356.2582989,31.208179473876953,10.636433601379391,2.043686628341675,-0.20186966384745134,-0.6649462339042308,0.6931276018783455,0.19149222529667068
1723528356.3583224,31.072908401489258,10.457851409912106,2.0570855140686035,-0.20386408317050927,-0.6657922299624612,0.6909745869642028,0.1942016021672071
1723528356.4250047,30.99166488647461,10.34323406219482,2.0426852703094482,-0.20594397893553007,-0.6657006937280915,0.6900739805185094,0.1955187083669482
1723528356.4916873,30.893640518188477,10.16959190368652,2.031855344772339,-0.20805233749304602,-0.6654881949255098,0.6890376899811022,0.19765310284428336
1723528356.525029,30.84349822998047,10.104965209960934,2.0284671783447266,-0.20898521915000387,-0.6651617757621011,0.6887953760694354,0.1986099699088606
1723528356.591711,30.74696922302246,9.981946945190426,2.0252344608306885,-0.21067702348634065,-0.664502176839432,0.6882660770249912,0.2008528216561102
1723528356.6917336,30.60637855529785,9.791658401489254,2.0092554092407227,-0.2135648239786496,-0.6620285511363392,0.6885990865334647,0.20479150730576218
1723528356.7250748,30.567319869995117,9.7842264175415,2.0194361209869385,-0.2139340970088971,-0.6618009855560529,0.6886162810666417,0.20508358077616226
1723528356.7917569,30.469345092773438,9.658505439758297,2.0149030685424805,-0.21539073578326803,-0.660400514623495,0.6885774036488652,0.2081805716390297
1723528356.8917785,30.3221492767334,9.484928131103512,2.0062012672424316,-0.21872782301840016,-0.6584969842723885,0.688253868020494,0.21176986163434555
1723528356.9584684,30.219165802001953,9.36407375335693,2.001971483230591,-0.2213358933035612,-0.6574816241843329,0.6876749520205394,0.21408291982079064
1723528357.0251584,30.119197845458984,9.249922752380368,2.006164073944092,-0.22398445819351845,-0.6569853307554727,0.6865170744734098,0.2165537903532256
1723528357.0918481,30.024681091308594,9.082468986511227,1.9936597347259521,-0.2273266615936598,-0.6560068348052295,0.685241280909825,0.22005001375725644
1723528357.1251936,29.973073959350586,9.019895553588864,1.9882835149765015,-0.22850759878105986,-0.6555317146213646,0.684862147777988,0.22141880445393408
1723528357.2585723,29.768089294433594,8.779989242553707,1.9737645387649536,-0.2327810166554289,-0.6538615270911347,0.6829846915034565,0.2276181294335813
1723528357.3252618,29.666057586669922,8.664350509643551,1.9685654640197754,-0.23577852560360654,-0.6532290049316676,0.6818105484063872,0.2298580650356962
1723528357.391951,29.551589965820312,8.542013168334957,1.9633482694625854,-0.2390473346292438,-0.652476208331798,0.6806498265800438,0.2320495269208079
1723528357.45864,29.455093383789062,8.451402664184567,1.9608007669448853,-0.242890491881115,-0.6519562062381367,0.6791656555066502,0.23386176789195018
1723528357.525329,29.33696746826172,8.34871959686279,1.9594498872756958,-0.2460070761697655,-0.6510595818846032,0.6782122422062765,0.23586032695683207
1723528357.592018,29.23577880859375,8.231101036071774,1.9686917066574097,-0.2494659197555492,-0.6507763039502996,0.6761048002988149,0.2390381896480242
1723528357.6920505,29.06327247619629,8.0646858215332,1.9630440473556519,-0.25361021565152864,-0.6495807707301697,0.6739661457043699,0.24391866525376832
1723528357.7253952,29.010190963745117,8.010298728942868,1.9598098993301392,-0.254978047176104,-0.6494016673730922,0.6729171485716529,0.24585805056882756
1723528357.8254275,28.84373664855957,7.845723152160641,1.9539345502853394,-0.25861175007843,-0.6477022264983076,0.6708245743261076,0.25218282850087825
1723528357.8921158,28.754783630371094,7.746723175048825,1.949288010597229,-0.26177681127003655,-0.6469188990907203,0.6687379274200297,0.2564340529463771
1723528357.925458,28.689090728759766,7.709471225738522,1.9259923696517944,-0.2631217495212303,-0.6455694637793787,0.6692025566106753,0.25724492335171273
1723528357.9921412,28.577898025512695,7.608859062194821,1.9223670959472656,-0.2662790932001943,-0.6445304037196172,0.6674770841120563,0.26105621117065275
1723528358.058824,28.46861457824707,7.510362625122067,1.9202208518981934,-0.2698276233685896,-0.6429151919095866,0.6662874835760477,0.26441274346940247
1723528358.125507,28.352462768554688,7.418730258941647,1.9116151332855225,-0.2731906336551665,-0.640730009434314,0.665516373025086,0.26817883945033216
1723528358.2588718,28.10462188720703,7.223695755004879,1.89918851852417,-0.2804100771528509,-0.6364935994933537,0.6641304536552062,0.2741839290747299
1723528358.325554,27.999906539916992,7.137654781341549,1.9260998964309692,-0.2836070106673628,-0.6356502937954112,0.662294023802263,0.27727674538975927
1723528358.425576,27.806961059570312,7.001144409179684,1.9093602895736694,-0.28838963813992363,-0.6331677157956189,0.660823981547498,0.28149906873628294
1723528358.4589171,27.75759506225586,6.952045440673825,1.9052140712738037,-0.2900330499407889,-0.6324873211548943,0.659820682574099,0.2836851870785637
1723528358.5255985,27.63164710998535,6.858986377716061,1.898837924003601,-0.2928938332108147,-0.6313053161518118,0.6582199378202613,0.28707719122463826
1723528358.5589387,27.57793426513672,6.8101315498352015,1.8969422578811646,-0.29475779592281476,-0.6305845031223479,0.6572447249234188,0.28898165638151796
1723528358.6256196,27.45100212097168,6.7151184082031214,1.8942073583602905,-0.2977116729038238,-0.6296314134513801,0.6553296716062108,0.2923611884715887
1723528358.6923003,27.32981300354004,6.626276969909664,1.8922884464263916,-0.30062413037268226,-0.6282125190652752,0.6538475262669281,0.29573227000438845
1723528358.7923214,27.138723373413086,6.532101154327389,1.886214017868042,-0.3048822358983693,-0.6268728231803251,0.6515876738936242,0.2991835373502963
1723528358.8923411,26.94414520263672,6.4016208648681605,1.8731797933578491,-0.3097418215028169,-0.6248596121547865,0.6495063615330942,0.3029058524326141
1723528358.9590175,26.82394790649414,6.314777374267575,1.8670140504837036,-0.3130882756923474,-0.6232651433517139,0.6481087240113597,0.30573088585736224
1723528358.9923558,26.745685577392578,6.278872489929196,1.859513282775879,-0.31474039124752107,-0.6225605590220904,0.6476325492742967,0.30647824977954874
1723528359.0590317,26.62209129333496,6.195580959320065,1.8629069328308105,-0.3175118756131923,-0.6213569829301285,0.645941482577798,0.3096147762845904
1723528359.125707,26.45612907409668,6.072698116302487,1.8584147691726685,-0.32054214402640946,-0.6200559641130575,0.6437958834828424,0.31354456729678115
1723528359.192382,26.333662033081055,5.993568897247311,1.8619848489761353,-0.32330871103583125,-0.6193125621985928,0.6416751172280974,0.3165066691266888
1723528359.2590566,26.203208923339844,5.914787292480465,1.8459630012512207,-0.32563157759261624,-0.6176132422387973,0.6404353782379081,0.31993825183477564
1723528359.392405,25.9400691986084,5.763659477233883,1.833304762840271,-0.3311122729848856,-0.6148992159893171,0.63710140491009,0.32613711336812823
1723528359.4590786,25.811403274536133,5.681208610534664,1.8369286060333252,-0.333407921266211,-0.6139718455580734,0.6349683001859115,0.32968619725122167
1723528359.5257518,25.67376708984375,5.612495422363278,1.8402535915374756,-0.3358145065035999,-0.6128295929976005,0.6333007045418239,0.3325638657385508
1723528359.5924246,25.53807830810547,5.53867673873901,1.8389599323272705,-0.3378941279527073,-0.6115159998443079,0.6317255776972183,0.3358549310529945
1723528359.7257695,25.226299285888672,5.336821556091306,1.8136494159698486,-0.3422661940464674,-0.6086228931020617,0.6289012451934846,0.34192872093333554
1723528359.7591052,25.16252326965332,5.303758621215818,1.8108376264572144,-0.34325079818845144,-0.6081207423835794,0.6278949897197452,0.3436799879403462
1723528359.8257768,25.030242919921875,5.236040592193601,1.8064343929290771,-0.34540834398084425,-0.6069600685801432,0.6258970388406321,0.3471965550349356
1723528359.8924484,24.899215698242188,5.166190624237058,1.8035653829574585,-0.3474925771181192,-0.6058413406169251,0.6238502610814619,0.3507364118478248
1723528359.9591556,24.7598934173584,5.1007671356201145,1.797357201576233,-0.3495426347336555,-0.6049245297758571,0.6220431460401046,0.35348067025431784
1723528360.0258627,24.614797592163086,5.029210090637204,1.7809571027755737,-0.351899595626926,-0.6036478909369297,0.6204826288425794,0.3560578684281592
1723528360.0925703,24.46236228942871,4.902359485626218,1.7736576795578003,-0.3550284525899732,-0.6014411865908859,0.6188702715052957,0.35947584615753814
1723528360.1592782,24.3333740234375,4.8586006164550755,1.7691748142242432,-0.3574150762889571,-0.5992741915959767,0.6181331523981135,0.36198938166017813
1723528360.1926327,24.264434814453125,4.823826789855954,1.7709696292877197,-0.3586063895648476,-0.5980277847389672,0.6176776142990397,0.36364624408525803
1723528360.259341,24.121156692504883,4.767284870147702,1.7640012502670288,-0.3608677848816549,-0.5954084970307022,0.6171659506299763,0.3665642547784028
1723528360.3260496,23.98641586303711,4.711792945861814,1.75948965549469,-0.36310165918022386,-0.5935741861701133,0.615881228008235,0.369482318386313
1723528360.3927581,23.86086654663086,4.6505293846130344,1.7560288906097412,-0.3655392484785858,-0.5919965260501323,0.6140915016644668,0.37257589636175636
1723528360.4928215,23.659748077392578,4.56266117095947,1.7416194677352905,-0.36793562481884307,-0.5897882832782776,0.6113844288033977,0.37812992094460457
1723528360.5928864,23.418132781982422,4.430183887481687,1.7354382276535034,-0.3697246887181132,-0.5874492670066019,0.6087384632934313,0.3842453598325583
1723528360.692951,23.21208953857422,4.342864036560056,1.7340290546417236,-0.3707199234905313,-0.5848611077945373,0.6061916115894636,0.3911980993756112
1723528360.759661,23.079030990600586,4.291705131530759,1.7249447107315063,-0.3734531075689725,-0.582908984666902,0.6046179139515985,0.393937901414038
1723528360.8263717,22.94676399230957,4.253182888031003,1.7217929363250732,-0.37546298794282085,-0.581969069988243,0.6028621974397917,0.3961019024949696
1723528360.8597276,22.887514114379883,4.230960369110105,1.724602222442627,-0.3765900325515193,-0.5809166902989753,0.6020955499238632,0.3977394814156763
1723528360.9264288,22.726634979248047,4.15966463088989,1.7109997272491455,-0.3799406873996995,-0.5794329811757623,0.6005916608340977,0.39898891127517916
1723528361.0598128,22.549945831298828,4.093477249145505,1.7207318544387817,-0.386935846235013,-0.5754432750478334,0.5974890539455362,0.4026816590259433
1723528361.1265044,22.326963424682617,4.039267539978025,1.708419680595398,-0.3894054342430259,-0.5738395970895078,0.596230217659174,0.40445154486569307
1723528361.193196,22.18146514892578,3.997614145278928,1.7011162042617798,-0.39158744413044355,-0.572186407978756,0.5948885440667224,0.40665662205591935
1723528361.2598875,22.088354110717773,3.968737602233884,1.701452612876892,-0.3930576517811143,-0.5710499777479271,0.593137337372846,0.4093845433143012
1723528361.2932327,22.014068603515625,3.9499776363372776,1.7128918170928955,-0.3936488718902696,-0.5705523107638769,0.5916742706699132,0.4116214082974121
1723528361.359924,21.878963470458984,3.910824060440061,1.7047407627105713,-0.3954933335122972,-0.568918918434411,0.5901795038615835,0.4142516633840425
1723528361.3932703,21.804485321044922,3.885035276412961,1.7036315202713013,-0.3966579607544653,-0.5681699184987278,0.5893695329027563,0.41531790181648215
1723528361.4933064,21.617881774902344,3.8233010768890354,1.7012094259262085,-0.400827429948963,-0.5656961363278783,0.5869224593816585,0.4181474374160447
1723528361.5599973,21.481800079345703,3.7941951751708958,1.7003231048583984,-0.40291471385966515,-0.5642055430260201,0.585790916987758,0.4197390143276413
1723528361.6266882,21.35451316833496,3.761790275573728,1.6919833421707153,-0.40523198348493195,-0.5622576599710661,0.5849036222907424,0.4213562815431821
1723528361.6933792,21.22162628173828,3.732041120529172,1.691845178604126,-0.4075710256604906,-0.5605214533289342,0.5837713137835561,0.42298062911142403
1723528361.8267603,20.98064422607422,3.6606466770172092,1.6923223733901978,-0.4118328127507283,-0.5578517095003488,0.5807714953025913,0.4264969809897303
1723528361.8601062,20.91403579711914,3.6495864391326878,1.6867386102676392,-0.4125147450897836,-0.5568861080280691,0.5806180237981644,0.4273080366779622
1723528361.9601505,20.738645553588867,3.599383592605588,1.6832830905914307,-0.41486030285416886,-0.554782540053582,0.5791860717354282,0.42971008444662595
1723528362.060201,20.5196533203125,3.549740552902219,1.6787611246109009,-0.41705938094708894,-0.5530488677025363,0.5774618801452979,0.43212984122371306
1723528362.1269007,20.371246337890625,3.513558149337766,1.6788790225982666,-0.41834787256192024,-0.5530091903862173,0.5757470859879352,0.43322186677001523
1723528362.1602502,20.306129455566406,3.506037235260007,1.6766806840896606,-0.4187370015589921,-0.5523942178851836,0.5754850938571049,0.4339779468137528
1723528362.2936502,19.924644470214844,3.3877439498901345,1.6355085372924805,-0.4225550932705386,-0.550104935735274,0.573807317066362,0.4354043129229663
1723528362.3270006,19.846445083618164,3.3779988288879372,1.6320557594299316,-0.4234710349738158,-0.5496113425901658,0.5739068525932303,0.43500641280442437
1723528362.3937008,19.692277908325195,3.348532199859617,1.6256943941116333,-0.4256306781722894,-0.5486543790806865,0.573838264418681,0.4341964352722617
1723528362.460401,19.566205978393555,3.3225860595703103,1.6263625621795654,-0.42735015860672093,-0.5481075922686168,0.5729937282275284,0.4343133622722513
1723528362.4937506,19.50068473815918,3.3017570972442605,1.621338129043579,-0.42801783635267066,-0.5484925659140523,0.5721671072416497,0.4342596438672606
1723528362.5604508,19.34456443786621,3.270602464675901,1.6178547143936157,-0.4292463248736604,-0.5486076847357272,0.5708836772751288,0.43459064399983083
1723528362.6271513,19.07669448852539,3.173746585845945,1.613006353378296,-0.43017940709214353,-0.5488852451197009,0.5693116047000315,0.43537910165465327
1723528362.760552,18.799476623535156,3.1052222251892068,1.6169030666351318,-0.43175970618886783,-0.5502705173647425,0.5659528705440586,0.4364438820212527
1723528362.7939029,18.720130920410156,3.096203804016111,1.612779974937439,-0.43230861941300197,-0.5505081461703689,0.5653974577313762,0.43632070014174734
1723528362.860603,18.567832946777344,3.0552051067352273,1.605319857597351,-0.43345800577673893,-0.5507764610399376,0.5641849576053068,0.4364112519221665
1723528362.9272954,18.43605613708496,3.023024559020994,1.608431100845337,-0.4351607201403369,-0.5513306643572818,0.5628069237872415,0.43579583835030333
1723528362.9939785,18.274707794189453,2.9881870746612527,1.6011930704116821,-0.43642843339504317,-0.5514836621009958,0.5620100004487506,0.4353627824649445
1723528363.0606613,18.130069732666016,2.9508070945739724,1.5908818244934082,-0.4370463650876189,-0.5515162666063794,0.5615670129451225,0.4352732158129573
1723528363.1273441,17.972270965576172,2.9384613037109353,1.5857168436050415,-0.43774886270324814,-0.551227139023023,0.5618251955418256,0.4345998436043151
1723528363.2273674,17.74225616455078,2.8907599449157693,1.5708283185958862,-0.4393720785543061,-0.5503640730470952,0.5611606644769955,0.4349140976441408
1723528363.3273914,17.500568389892578,2.841527938842771,1.5535941123962402,-0.4392083764789153,-0.5501257956262657,0.5607741039882125,0.43587844098273665
1723528363.3607318,17.43508529663086,2.819932937622068,1.5475865602493286,-0.43913684746556697,-0.5500953436422161,0.5604686355583124,0.4363815425250699
1723528363.4607553,17.215517044067383,2.767841339111326,1.540200114250183,-0.4382415009647501,-0.5507464484031258,0.5594000182243697,0.43782914020663455
1723528363.5274372,17.067485809326172,2.731072187423704,1.530793309211731,-0.43864832137999693,-0.5506768533638097,0.5588605803211748,0.43819802040050815
1723528363.6274588,16.826465606689453,2.6842339038848855,1.515241026878357,-0.43931575782438603,-0.5502356585672691,0.5583724498433944,0.43870558718132957
1723528363.69414,16.6392765045166,2.6580352783203103,1.5071319341659546,-0.4397203962646418,-0.5499325730457774,0.5583094030918266,0.43876046840088645
1723528363.760821,16.47956657409668,2.63147449493408,1.5046859979629517,-0.4397259736681206,-0.549782185005487,0.5582636530694549,0.43900149292885443
1723528363.860843,16.250370025634766,2.5899994373321515,1.494006633758545,-0.44030866653134004,-0.5495739499894933,0.5580804215839449,0.4389111467199547
1723528363.9275258,16.108755111694336,2.553194284439085,1.4822653532028198,-0.44021455104620977,-0.5475528200016213,0.5593105714314398,0.4399644792940591
1723528363.9942107,15.944439888000488,2.5184867382049543,1.4722309112548828,-0.4402803116580308,-0.546302860102701,0.5599776489770524,0.4406035234267304
1723528364.1275792,15.61571979522705,2.457922935485838,1.4796229600906372,-0.43996943042293263,-0.545087333993235,0.560492564536495,0.44176326659509724
1723528364.1942637,15.437241554260254,2.4312486648559553,1.4642351865768433,-0.4396967103790827,-0.5450871235597577,0.5605276013301757,0.4419905414804734
1723528364.2609475,15.288995742797852,2.3857128620147687,1.4562809467315674,-0.4395778259023207,-0.5455057005504961,0.5595128390844508,0.4428772386808327
1723528364.3276312,15.140398979187012,2.3580560684204084,1.453798532485962,-0.4400502035656958,-0.5464154499014559,0.5585529906230216,0.4424980577548992
1723528364.3943148,14.973552703857422,2.3289349079132062,1.4450604915618896,-0.4398110005192285,-0.5469174928714723,0.5578893385450588,0.44295262246792844
1723528364.4276562,14.90184211730957,2.309591293334959,1.4408191442489624,-0.4404097991667681,-0.546956119983733,0.5573699238344335,0.4429638581363326
1723528364.4943395,14.7597017288208,2.2742173671722394,1.4377037286758423,-0.4401872650245625,-0.5471084041816381,0.5571303348206605,0.44329826957324764
1723528364.5276818,14.718497276306152,2.2499024868011457,1.4467601776123047,-0.44074527841772465,-0.5474566171830518,0.5562469568789858,0.4434232456895328
1723528364.594365,14.514591217041016,2.218315124511717,1.43234121799469,-0.4407983506125604,-0.547213112492784,0.5562605867164717,0.4436539003311619
1723528364.6943889,14.27392578125,2.1638054847717267,1.4171085357666016,-0.4404992199468366,-0.5465705529157708,0.5565281195063856,0.4444069307630825
1723528364.7277308,14.182305335998535,2.1504259109497053,1.411869764328003,-0.440432289612506,-0.5465560036660401,0.5564884869402026,0.44454077093816385
1723528364.7944136,14.040887832641602,2.1216483116149885,1.4016494750976562,-0.44061035893891165,-0.5463604861829726,0.5563249829690505,0.44480922209202806
1723528364.861096,13.876849174499512,2.0839428901672346,1.3996943235397339,-0.44154854579473424,-0.5461614441119204,0.5559147091238065,0.44463625004258345
1723528364.9277744,13.719178199768066,2.0576925277709943,1.3889086246490479,-0.4420077220393413,-0.545731715094847,0.5559492987145931,0.4446644195974999
1723528364.9944487,13.55306339263916,2.024035453796385,1.3874058723449707,-0.4424301144736284,-0.5456721610150204,0.5559017519557119,0.44437678682917264
1723528365.0611224,13.383526802062988,2.023798704147337,1.3685418367385864,-0.4425668083806965,-0.5451779085627887,0.555702208752253,0.44509630791851656
1723528365.0944586,13.306514739990234,2.0142166614532453,1.369051218032837,-0.442807692627194,-0.5449412157602556,0.5557185905545106,0.4451261246298892
1723528365.227805,12.995699882507324,1.9426587820053085,1.3530784845352173,-0.4426006820370037,-0.5444919572260799,0.5552065033096566,0.4465186261055144
1723528365.2944775,12.841629981994629,1.9180865287780746,1.3465197086334229,-0.4424098372339433,-0.5445131215172117,0.5551255684634396,0.4467824970299994
1723528365.3611495,12.684612274169922,1.8866347074508651,1.343509554862976,-0.4425023382918358,-0.5445385481290526,0.5549314811368724,0.4469009973707804
1723528365.4278214,12.533599853515625,1.8549469709396347,1.3339401483535767,-0.44293123871376977,-0.5442226335748568,0.5546319811817044,0.447232610983133
1723528365.4944928,12.371917724609375,1.8272736072540268,1.3190803527832031,-0.4438588554794344,-0.5441020445194943,0.5543379560725038,0.44682402802395477
1723528365.5611637,12.156539916992188,1.7989573478698715,1.324672818183899,-0.4448029751388477,-0.544093510942009,0.5537813639440825,0.44658567555023443
1723528365.6278343,11.98574161529541,1.7685801982879623,1.3151428699493408,-0.4452595764816294,-0.5441059718412115,0.553617019953947,0.44631916402440297
1723528365.7611744,11.66682243347168,1.7079411745071398,1.2888933420181274,-0.4453816221365778,-0.5439465344602821,0.5528964894323898,0.4472838587351204
1723528365.827844,11.510173797607422,1.6733298301696764,1.2950698137283325,-0.44565570087428513,-0.5438392441456814,0.5525227572284465,0.4476030334459084
1723528365.861179,11.429892539978027,1.6588463783264147,1.283780813217163,-0.44541195588101073,-0.5439396985414777,0.5521597270123346,0.44817120587396403
1723528365.9278595,11.259178161621094,1.6365567445754992,1.2779606580734253,-0.44503828205422263,-0.5439717679013237,0.5521631918050055,0.44849911131265713
1723528365.9945514,11.086612701416016,1.6092082262039171,1.2629790306091309,-0.4457474831601337,-0.5433930206271479,0.5520435486883433,0.4486436522917619
1723528366.027897,11.016134262084961,1.5953816175460802,1.2672696113586426,-0.44591437068975764,-0.5431704086729383,0.5520058791562804,0.4487937059845342
1723528366.1288211,10.846232414245605,1.5392479896545397,1.27088463306427,-0.44699456853016034,-0.5420468686864716,0.5517866410692673,0.44934680436075475
1723528366.1961129,10.668649673461914,1.5070756673812853,1.2579728364944458,-0.4471805965668627,-0.5414239213746349,0.5519672036693021,0.4496908465722971
1723528366.2634122,10.538135528564453,1.4732506275176989,1.2503423690795898,-0.4475846831211253,-0.5401950650755862,0.5524669279493402,0.45015279253333923
1723528366.330719,10.3693208694458,1.4585980176925646,1.2509617805480957,-0.44810231698932035,-0.5396033558966327,0.5529542932645856,0.44974890925288225
1723528366.398033,10.20411205291748,1.4340621232986437,1.239420771598816,-0.44863551855623984,-0.5391828274939838,0.5529872842720216,0.4496811241967145
1723528366.4316921,10.13879680633545,1.4142899513244616,1.2384638786315918,-0.449016232215537,-0.5391942628008899,0.5523188649936196,0.4501086996956709
1723528366.5326831,9.88858699798584,1.3768811225891102,1.218716025352478,-0.44956249991337466,-0.5398029561103764,0.551180871040668,0.4502288025493109
1723528366.6000192,9.721577644348145,1.3364382982254017,1.2156821489334106,-0.44993683585910504,-0.5407798634532048,0.5494572266840141,0.45078901835042734
1723528366.667363,9.607497215270996,1.3003007173538197,1.2069236040115356,-0.44980545912908976,-0.5413067724037643,0.5487185939739012,0.45118724684413786
1723528366.734714,9.432825088500977,1.269668698310851,1.200965404510498,-0.4494076071915765,-0.5417353870340919,0.5477451004890274,0.4522509015177635
1723528366.8694382,9.12988567352295,1.208059787750243,1.1878273487091064,-0.45028522592177855,-0.5413005983047745,0.5475470402451473,0.4521383818149538
1723528366.9368114,8.97368049621582,1.1902809143066395,1.176710844039917,-0.450297343726663,-0.5405157019869624,0.5479992718010109,0.45251726623833305
1723528367.004192,8.87750244140625,1.18913173675537,1.1843936443328857,-0.4512538983884173,-0.5398405715012927,0.5480831451744617,0.45226866188813447
1723528367.0378795,8.758076667785645,1.1570433378219593,1.1723246574401855,-0.45141306796554165,-0.5393375571803852,0.5481639786535286,0.45261185798801823
1723528367.104627,8.623958587646484,1.1276502609252919,1.1723487377166748,-0.4514455346087037,-0.5381406139490793,0.5487383227222103,0.4533076902903647
1723528367.1380012,8.511889457702637,1.1169551610946644,1.1408112049102783,-0.4510481115583576,-0.537893104431671,0.5487286562706412,0.4540082279561852
1723528367.238926,8.231416702270508,1.1137994527816761,1.1416850090026855,-0.44916631017238184,-0.5367339318860785,0.5499308657409419,0.45578762057964717
1723528367.3062184,8.058085441589355,1.084458112716674,1.1321392059326172,-0.44879747548922344,-0.5361268585543998,0.549748280837422,0.4570838492523989
1723528367.4071705,7.813085079193115,1.039452910423278,1.1244298219680786,-0.4489113341355521,-0.5365004888388367,0.5485250466892755,0.4580023064514588
1723528367.5081377,7.636579990386963,1.0097976922988883,1.1333198547363281,-0.4494514445119674,-0.5366245351155825,0.5475566470448798,0.45848579652488664
1723528367.5417974,7.689148426055908,0.9800198674201956,1.102537751197815,-0.449177801016506,-0.5363279022408609,0.546650003851604,0.4601798101187568
1723528367.6091213,7.491385459899902,0.9566875100135794,1.1409486532211304,-0.45120891973502003,-0.5370707743449471,0.5456936298858177,0.45845823844502503
1723528367.6764522,7.266551971435547,0.9584579467773429,1.1230131387710571,-0.4518962947867015,-0.5378811723663132,0.5450477793642746,0.457598624759695
1723528367.7437901,7.161323547363281,0.9207943081855765,1.1116276979446411,-0.4525902405775405,-0.537871849149983,0.5442565924466368,0.4578653837148179
1723528367.811135,6.949380874633789,0.8400457501411429,1.1198698282241821,-0.4531783342100421,-0.5378014097465061,0.5431899005688796,0.4586325032062737
1723528367.8448098,6.886997222900391,0.84793597459793,1.119102954864502,-0.4534273807785022,-0.5385358448511226,0.5424021740534639,0.4584567981314168
1723528367.9121652,6.712042331695557,0.8296529054641716,1.1093246936798096,-0.4539566657120214,-0.5388285953657994,0.5414310193299994,0.4587368982096616
1723528367.9795275,6.56046724319458,0.8016443252563469,1.107961654663086,-0.4551792349649743,-0.5394630651229647,0.5405492596451478,0.45781870136760394
1723528368.0468972,6.460578441619873,0.7850233912467949,1.0834118127822876,-0.4554273650570409,-0.5390950101253094,0.5400895868259332,0.4585474058561298
1723528368.1479604,6.220961093902588,0.7445744872093193,1.0902308225631714,-0.4560740481748575,-0.5373430924861239,0.540635556614139,0.45931694772059817
1723528368.2145083,6.075610160827637,0.7260264158248894,1.07290780544281,-0.4563640010178999,-0.5365311101812558,0.5410197028515664,0.45952578546693784
1723528368.247781,6.013829708099365,0.7166288495063774,1.0591930150985718,-0.45600670796886084,-0.5360169422257876,0.5412305475528393,0.46023169635518646
1723528368.314325,5.6708292961120605,0.655252814292907,1.0317339897155762,-0.45551776560651486,-0.5359263717357401,0.5413525257204973,0.460677687967468
1723528368.3808668,5.521092414855957,0.6157689690589898,1.0174814462661743,-0.4564045142016781,-0.5346445801599236,0.5415026216115477,0.4611127878402097
1723528368.4474063,5.3450846672058105,0.5940983891487115,1.0104345083236694,-0.4565839539804433,-0.5343611291281065,0.5412526776937248,0.46155694722741675
1723528368.513943,5.177812576293945,0.5782401561737054,1.0068819522857666,-0.4568557682507723,-0.5342639918394921,0.5407722916850557,0.4619633346764881
1723528368.5472112,5.117759704589844,0.5636965036392205,1.001009225845337,-0.45686393172779877,-0.5341484990542288,0.540591060967692,0.4623008042888925
1723528368.613744,4.98651123046875,0.544443488121032,0.9952106475830078,-0.45737175124997703,-0.5335729697114938,0.5402767265753073,0.4628304504598387
1723528368.6802745,4.815281391143799,0.5166521668434138,0.9755442142486572,-0.45742347066174754,-0.5327055768877289,0.5404593040483282,0.4635647500706563
1723528368.7135384,4.742793560028076,0.5039675235748285,0.9757295250892639,-0.4575474351118679,-0.5324226199570808,0.5402577124504385,0.464002265639305
1723528368.7800653,4.594298362731934,0.4918197691440577,0.9795790314674377,-0.4582643133069656,-0.5315757079262976,0.5403494585615404,0.4641589690226841
1723528368.8465898,4.4314470291137695,0.4646433293819422,0.9764747023582458,-0.4589679332227185,-0.5307200539471443,0.5401614970665761,0.4646614011281782
1723528368.9131117,4.1012864112854,0.4611488878726954,0.9548172950744629,-0.4592352027938033,-0.5301061462694504,0.5411279044263022,0.4639731600572226
1723528368.979631,3.9380881786346436,0.44174715876579235,0.9523515701293945,-0.4591848783096865,-0.5296000223183308,0.5410843733195498,0.46465122924784363
1723528369.079406,3.716043710708618,0.4153897166252132,0.9488236308097839,-0.4595501263222625,-0.5285053127710075,0.5410318644640233,0.46559675407437584
1723528369.1459212,3.5548200607299805,0.4027439951896663,0.9404881596565247,-0.4600147392613358,-0.5277779108316222,0.5409546115939968,0.4660525986363787
1723528369.2127023,3.3958799839019775,0.37813645601272544,0.9368805885314941,-0.46071543299575013,-0.5269064700810184,0.5406845469170486,0.4666594928975571
1723528369.2797453,3.232870101928711,0.35568466782569846,0.9219145774841309,-0.46054412463840616,-0.5266458055030961,0.5402711576580432,0.4676006640391746
1723528369.3470547,3.0564041137695312,0.33818092942237815,0.9326257705688477,-0.46155306113166494,-0.5265749551810064,0.5397795733638546,0.46725325094133463
1723528369.4143713,2.7908077239990234,0.3198444247245785,0.9264270663261414,-0.4624449268183252,-0.5260716780073781,0.5399565868660932,0.46673350378820544
1723528369.4816947,2.616525888442993,0.3015661537647244,0.917209267616272,-0.46281515615206076,-0.5253984342603049,0.5397816091381602,0.467326899449392
1723528369.5490253,2.4657349586486816,0.288035839796066,0.9138373732566833,-0.46336055439136664,-0.5247373982969749,0.5396910301771778,0.4676336722360187
1723528369.616363,2.2816123962402344,0.2703695595264432,0.8993822336196899,-0.4634629947662099,-0.5247522782799858,0.5392277992674143,0.46804965486529493
1723528369.6837077,2.131223678588867,0.24542640149593328,0.8947435021400452,-0.4640070621793844,-0.5249055752129664,0.5382995600057927,0.4684070527389314
1723528369.7510595,1.9809077978134155,0.22951614856719946,0.8866607546806335,-0.46470069112862467,-0.5250308453893453,0.5370929813574628,0.4689637602532635
1723528369.8184183,1.817781686782837,0.21860724687576272,0.8929850459098816,-0.46507739212102894,-0.5251725502684969,0.5361499035064123,0.46951048204747314
1723528369.8520997,1.737001895904541,0.21349671483039834,0.8858016729354858,-0.46550404821547264,-0.5248834353164306,0.5360674606953071,0.4695050990235514
1723528369.9194689,1.5861660242080688,0.19382768869400005,0.8813390135765076,-0.4660642298077233,-0.5247082649346692,0.53551192014632,0.46977904783438795
1723528369.9868453,1.3578205108642578,0.15402244031429274,0.8684012293815613,-0.46578084882369575,-0.5243558096428064,0.5353772522263488,0.47060639983055824
1723528370.0542288,1.1886790990829468,0.13788598775863634,0.8587068319320679,-0.4656738021812607,-0.5233753727267347,0.5353479600128408,0.47183544896000507
1723528370.121619,1.0299075841903687,0.11867064237594592,0.8476747870445251,-0.4656835163407592,-0.5224787574324627,0.5353763608821103,0.4727863818353528
1723528370.1890163,0.8726951479911804,0.09415364265441883,0.8383896946907043,-0.46593364227107975,-0.5223284217472267,0.534459937961194,0.473741950379712
1723528370.256416,0.7288973927497864,0.07557322829961768,0.8253896832466125,-0.4664099038996248,-0.5218550636789683,0.5339415035553857,0.47437913617482913
1723528370.3894649,0.40200430154800415,0.05839234218001361,0.8188132643699646,-0.4686486427094559,-0.521624152301125,0.532053139336884,0.4745483645999464
1723528370.422726,0.30406883358955383,0.05005368217825886,0.8054245710372925,-0.46878672812866745,-0.5213679895483458,0.5320322017909557,0.4747169254010252
1723528370.4892457,0.10727373510599136,0.02638429962098597,0.82041335105896,-0.47067643428787925,-0.5210693704418614,0.5309157935854408,0.47442473113752387
1723528370.5557628,-0.0598551444709301,0.017251100391149528,0.8150525093078613,-0.4709562650144218,-0.5208035604218425,0.5303066307674302,0.47511969571855717
1723528370.6555336,-0.30063751339912415,-0.007429013494402134,0.8078926801681519,-0.47182453140103875,-0.5202032200234968,0.5287663338377986,0.47663023996082055
1723528370.7220452,-0.4651268720626831,-0.023103211075067465,0.7872183918952942,-0.4722792202871741,-0.5199553249801195,0.5274088573477739,0.4779526077979624
1723528370.7885542,-0.616904079914093,-0.04489761963486664,0.7825557589530945,-0.4732880525870526,-0.5195968997071033,0.5256784545550405,0.4792490412194331
1723528370.8883138,-0.8439618349075317,-0.06543698161840429,0.7746033668518066,-0.4740205338390759,-0.5192056396572566,0.5236876131514202,0.4811250576292874
1723528370.9548168,-1.0028127431869507,-0.06819099932909,0.7677841782569885,-0.4749592425748202,-0.5190027066537498,0.5225825459970054,0.48161955005805407
1723528371.0545669,-1.350597858428955,-0.060540210455655885,0.7515906095504761,-0.47608612843922204,-0.5181943500833859,0.521771558254366,0.48225621286430365
1723528371.087816,-1.433447241783142,-0.06532410532236081,0.7489972114562988,-0.4764732383467619,-0.5177334108430819,0.5213032507806044,0.48287502437143376
1723528371.2208061,-1.7440475225448608,-0.0853813737630842,0.7281677722930908,-0.47780383853205777,-0.5153111227536384,0.5199329778736561,0.48562087802096
1723528371.320563,-1.9920282363891602,-0.10071507096290563,0.720565140247345,-0.4787772961711165,-0.5137161754946401,0.5184494172633853,0.48793257059299855
1723528371.353817,-2.071450710296631,-0.108596436679363,0.7052261829376221,-0.4785320546159494,-0.5131030717099874,0.518059745001911,0.4892304274218527
1723528371.4203215,-2.2477149963378906,-0.10428982228040667,0.7015323042869568,-0.4789646315449737,-0.5123593570683885,0.5172085526157432,0.4904855594761004
1723528371.453572,-2.325882911682129,-0.09621676057577104,0.705588698387146,-0.4794673328550652,-0.5121655986100573,0.5169293043356488,0.490491152462829
1723528371.5200715,-2.4938437938690186,-0.10956302285194366,0.7015806436538696,-0.48011201231055745,-0.5113734788927904,0.515674111161069,0.4920059265887287
1723528371.6530607,-2.9484994411468506,-0.11593446880578959,0.6685492992401123,-0.4819165218817458,-0.5086368760666877,0.515134379351827,0.4936411302275468
1723528371.7195504,-3.1050825119018555,-0.12592118978500327,0.6590095162391663,-0.4818605530819036,-0.5072285208384782,0.5147329604150741,0.4955599000059883
1723528371.7527947,-3.1886749267578125,-0.12343980371952018,0.6566431522369385,-0.4820422056488097,-0.5067965268105574,0.5146455032842058,0.49591591861457024
1723528371.8192797,-3.3431456089019775,-0.13736753165721852,0.6460193991661072,-0.4827006636754247,-0.5053532366656478,0.5142278547639917,0.4971799361033001
1723528371.9190009,-0.39723861217498774,0.6679825186729431,-0.04372527077794075,-0.4322244165647127,-0.5585269741153436,0.5661049366623954,0.42515276501196325
1723528371.9854777,-0.5788459181785582,0.6237924098968507,-0.05314023420214653,-0.4338450906925831,-0.5584047772664171,0.5645687998291631,0.4257048417242234
1723528372.118422,-0.9225377440452575,0.542962670326233,-0.0724702924489975,-0.4350860781062839,-0.5586796151550862,0.5622104903135847,0.42719615732075117
1723528372.1848893,-1.0879771709442139,0.5109355449676515,-0.0769428014755249,-0.43569864962092825,-0.558548055776317,0.561199686838437,0.4280720355260736
1723528372.3178415,-1.43307363986969,0.4296281337738039,-0.09790868312120438,-0.43675436596533407,-0.5578498550621737,0.5597808786109637,0.42976101609949297
1723528372.3843231,-1.6086137294769287,0.3867238759994509,-0.11179468780755997,-0.437571625871817,-0.557186483634606,0.5592923740856794,0.43042576012176853
1723528372.4840398,-1.866610050201416,0.3322989344596865,-0.12357727438211441,-0.4391918168412323,-0.5559644018355341,0.5588268878561035,0.4309601388996626
1723528372.6169822,-2.2073967456817627,0.2598704993724826,-0.1431761234998703,-0.4400164883579048,-0.5546170881413878,0.5587841599701057,0.4319092938120796
1723528372.650215,-2.2881476879119873,0.24365530908107785,-0.15078501403331757,-0.43985331935463373,-0.5542861794396229,0.5588409214945801,0.43242654081129867
1723528372.7831395,-2.6453027725219727,0.16814915835857425,-0.17668141424655914,-0.441479759217281,-0.5532490148973066,0.5579954928873858,0.4331883881569022
1723528372.9160502,-2.992361307144165,0.09018560498952902,-0.20281057059764862,-0.44234302636650785,-0.5539261711228813,0.5559026661731691,0.4341320878622374
1723528372.9825,-3.1719841957092285,0.04824713245034257,-0.21663254499435425,0.44279513564260614,0.5546025777019363,-0.554496830680401,-0.4346052386051101
1723528373.0489464,-3.341519594192505,0.013661760836840085,-0.2278863787651062,0.4432802794731886,0.5546686528877149,-0.5535979483348668,-0.4351719096326484
1723528373.1818285,-3.6820805072784424,-0.056063394993543174,-0.24490581452846527,0.44418418232854273,0.553570707646177,-0.5534366190812667,-0.435852948212045
1723528373.2150476,-3.7630679607391357,-0.07471740245819046,-0.25167185068130493,-0.4442770129057879,-0.553088853109628,0.5535860238390209,0.43618020424990633
1723528373.2815192,-3.9383723735809326,-0.10765986144542646,-0.2636201083660126,-0.44463671624503837,-0.5524858391357838,0.5535220630548124,0.43665880711695537
1723528373.414518,-4.279673099517822,-0.18061807751655526,-0.28737589716911316,-0.4460370274610077,-0.5518616800960253,0.5524889021015488,0.4373278738314836
1723528373.447765,-4.367538928985596,-0.19645626842975564,-0.2904747724533081,0.4461783530349523,0.5522369505797612,-0.5519280839644936,-0.4374181270005475
1723528373.514258,-4.543331146240234,-0.22775994241237585,-0.3066309988498688,0.4465700918578364,0.5521731401559046,-0.5511400526898452,-0.43809202077815323
1723528373.647234,-4.882174968719482,-0.3151382803916925,-0.33587905764579773,0.4465471550880511,0.5506343380879185,-0.5504835904900545,-0.4408687793464467
1723528373.7137172,-5.050470352172852,-0.3406565189361566,-0.34385788440704346,-0.4465947722962595,-0.5498039507895852,0.5507309832106071,0.4415474031015171
1723528373.8134363,-5.305652141571045,-0.38266620039939814,-0.3573926091194153,-0.4467699296860045,-0.5489843671215531,0.5506584212031462,0.44247948849926233
1723528373.9463828,-5.654921531677246,-0.451170772314071,-0.3771725594997406,-0.4477788132944077,-0.5475045791042285,0.5505519829079858,0.4434246095342911
1723528374.046084,-5.910102367401123,-0.497892498970031,-0.3900887370109558,-0.44838459691620486,-0.5463178294044231,0.5503029098884715,0.4445838389903675
1723528374.1125474,-6.0804033279418945,-0.5306938290596,-0.3970182240009308,-0.4484801235895853,-0.5460218327509677,0.5496581096785659,0.4456475057362382
1723528374.27872,-6.499258995056152,-0.6226291656494133,-0.43593066930770874,-0.4481121249808066,-0.5447223593184725,0.5485849848553614,0.44891824321912543
1723528374.5114639,-7.093350410461426,-0.724137842655181,-0.471268892288208,-0.44970566338702944,-0.5442858866574187,0.5466065320757834,0.45026546502620557
1723528374.6111996,-7.352960109710693,-0.77038949728012,-0.48893582820892334,-0.45136075379689455,-0.54379481671467,0.5455656123233907,0.4504651261711183
1723528374.6444426,-7.438943862915039,-0.7788175344467154,-0.49185073375701904,-0.4517954314072349,-0.5438737163157347,0.545280534201378,0.45027925544213343
1723528374.7774084,-7.773359775543213,-0.8319718837738027,-0.5059399008750916,-0.45306744716362296,-0.5433113491960978,0.5440469842024234,0.4511713035373614
1723528374.8106482,-7.857392311096191,-0.8504992127418508,-0.5087448954582214,-0.4534801182647236,-0.5430702714021475,0.5437017561803208,0.4514630250466202
1723528374.9435976,-8.175151824951172,-0.901997447013854,-0.5266086459159851,-0.45308163283601144,-0.5410940773490617,0.5443132359605565,0.4534945805658199
1723528375.0100672,-8.338456153869629,-0.9208087921142568,-0.5373049974441528,-0.45275764245479355,-0.5404249297941807,0.5442613477397572,0.4546768058876935
1723528375.1097653,-8.586568832397461,-0.9621787071228017,-0.5533143877983093,-0.45338954235616913,-0.5394310216410618,0.5438554078939375,0.4557119606482397
1723528375.2094572,-8.829272270202637,-1.0032185316085804,-0.564854085445404,-0.4538321595240686,-0.5393115587194107,0.5428884227315869,0.45656497245996647
1723528375.275941,-8.996448516845703,-1.0158188343048085,-0.5754252076148987,-0.4542790562121586,-0.5388157491205539,0.5428804083515445,0.45671543636569495
1723528375.3424444,-9.158639907836914,-1.0489388704299916,-0.5860299468040466,-0.45493801798003936,-0.5381075906263482,0.5423436193771851,0.45753144069840157
1723528375.408945,-9.326213836669922,-1.0669609308242787,-0.5950191617012024,-0.4554165048512614,-0.5378647004179983,0.5422456001135405,0.4574571895935447
1723528375.4754422,-9.489584922790527,-1.086565852165221,-0.598405122756958,-0.45588610317114137,-0.5379223145374548,0.5418320546565673,0.4574117062392936
1723528375.5751808,-9.61287784576416,-1.0372569561004628,-0.5962318181991577,-0.4568538306215873,-0.5384389174360649,0.5407345188781589,0.45713705792712384
1723528375.7413971,-10.008260726928711,-1.0965454578399645,-0.6153581142425537,-0.4585626031819095,-0.5381066341260395,0.5391479427592464,0.45769103671696215
1723528375.7746375,-10.081624984741211,-1.1026028394699083,-0.6154671311378479,-0.45875499276816817,-0.5380009756179398,0.5392800719721796,0.45746673192496046
1723528375.8411164,-10.240310668945312,-1.116206049919127,-0.6190589666366577,-0.4591098387155366,-0.5371186589446556,0.5395467902952373,0.45783289887271744
1723528375.907592,-10.395808219909668,-1.1399992704391466,-0.6372076869010925,-0.4589549366770615,-0.5357905517091545,0.5398870243540923,0.45914142890076715
1723528375.940829,-10.482898712158203,-1.1369096040725695,-0.6372895240783691,-0.4586436900001606,-0.5357964076394943,0.5401803616877997,0.4591005903181648
1723528376.140231,-10.941421508789062,-1.2088918685913073,-0.6595115661621094,-0.45895140189717853,-0.5355903490944861,0.53883752443021,0.46060906517282507
1723528376.2066915,-11.089103698730469,-1.2298856973648058,-0.6709734201431274,-0.4591085849301087,-0.5351415772597712,0.5386671234755597,0.46117299315762594
1723528376.239922,-11.167999267578125,-1.2403507232666002,-0.6791422963142395,-0.45910461684354864,-0.5348919546489403,0.5388677339615112,0.4612321681539138
1723528376.3729484,-11.481915473937988,-1.2786294221878038,-0.692150890827179,-0.4599383910094693,-0.5346787171558491,0.5386132169327538,0.4609459278934424
1723528376.439457,-11.634093284606934,-1.2912129163742052,-0.6946094632148743,-0.46025418740012325,-0.534930052566666,0.5384800387886528,0.46049448386256203
1723528376.5059626,-11.794187545776367,-1.3021826744079574,-0.7053302526473999,-0.46034113763784695,-0.5346320854807847,0.5393101898634672,0.4597815669230237
1723528376.6722133,-12.182048797607422,-1.3585072755813583,-0.7306214570999146,-0.46106710038792964,-0.5342913398917751,0.5395037432097204,0.4592228262175332
1723528376.8051994,-12.487173080444336,-1.4052000045776352,-0.7459704875946045,-0.4610096594534138,-0.5349990021669327,0.5395703749759295,0.458377543101065
1723528376.871688,-12.636797904968262,-1.4202963113784774,-0.7469596862792969,-0.46041259564358195,-0.5354849182848387,0.5396535454551746,0.4583123333927192
1723528376.9714143,-12.861978530883789,-1.453208208084105,-0.762258768081665,-0.4599118818713065,-0.5356377443571286,0.5405189417048738,0.4576161507113182
1723528377.037895,-13.02384090423584,-1.4724349975585922,-0.7692247629165649,-0.4593411153718473,-0.5369823227399557,0.5407214673780022,0.456372676121533
1723528377.1043725,-13.099344253540039,-1.5360038280487045,-0.7766770124435425,-0.45882509249114906,-0.5374559499338687,0.5407468059494126,0.4563042058064772
1723528377.23732,-13.402300834655762,-1.5863069295883163,-0.7932890057563782,-0.45807496562897826,-0.5383733979639067,0.5419341219950013,0.45456442628775323
1723528377.303916,-13.557971954345703,-1.6127325296401962,-0.8071118593215942,-0.4569037208295551,-0.5388582359900448,0.5426281208635053,0.45434074640730415
1723528377.4702127,-13.922842025756836,-1.6837545633316022,-0.8292162418365479,-0.4548551998265252,-0.5400784937106459,0.5442459561235841,0.45301027258235294
1723528377.5034692,-13.998564720153809,-1.6914393901824933,-0.828494668006897,-0.45436280624659775,-0.5407841332641767,0.5447520392015217,0.4520532903267199
1723528377.5699809,-14.153036117553711,-1.7085697650909406,-0.8399686217308044,-0.4534985242487357,-0.5412821201981668,0.5456828386048123,0.4512017226365506
1723528377.6697433,-14.381436347961426,-1.7424366474151594,-0.8646395206451416,-0.4523994685348479,-0.5420693206954575,0.5473373476944086,0.4493522006722593
1723528377.8027484,-14.679628372192383,-1.8143441677093488,-0.8788881301879883,-0.4512355768506197,-0.5439442128701375,0.5485269100196822,0.44679903363104395
1723528377.8692467,-14.81772518157959,-1.8267085552215558,-0.8800166249275208,-0.45048067656459057,-0.5447110894341474,0.5502798882857687,0.4444648845944696
1723528377.9357417,-14.966291427612305,-1.8569964170455915,-0.8892217874526978,-0.44961779918532563,-0.5449607060263865,0.5517592558238386,0.4431967815267736
1723528378.035478,-15.192344665527344,-1.9016420841217023,-0.9113581776618958,-0.4466258101866862,-0.5459447625906138,0.5541356902794106,0.4420444984767097
1723528378.16845,-15.489571571350098,-1.9747235774993877,-0.9292560815811157,-0.443189342767265,-0.5490655046838038,0.5564223318706625,0.43875330952535724
1723528378.2016919,-15.556074142456055,-2.005849361419676,-0.9329171776771545,-0.44244191509892755,-0.5494315662806907,0.5568187657288143,0.4385464261286144
1723528378.3346765,-15.838533401489258,-2.072457790374754,-0.9431018233299255,-0.4392386148147527,-0.5521238022262456,0.5596844539610502,0.4347206669404761
1723528378.4011767,-15.983635902404785,-2.1189272403717023,-0.9623088836669922,-0.4375803376940931,-0.5530635216053751,0.5612674633542544,0.4331547341457381
1723528378.4676738,-16.125965118408203,-2.1511380672454816,-0.9703547954559326,-0.435834296655935,-0.5547848058423358,0.562773940834878,0.43075257002377804
1723528378.5341675,-16.271276473999023,-2.1904485225677472,-0.9765066504478455,-0.43432154266759676,-0.555851725730718,0.5644353172636365,0.42872652029297176
1723528378.6339014,-16.484560012817383,-2.240960597991941,-0.997574508190155,-0.43184484145885854,-0.5569075144288104,0.567347430600148,0.42600580544108546
1723528378.8001096,-16.826213836669922,-2.3543348312377907,-1.0270771980285645,-0.4271738078236847,-0.5605568030179845,0.5706025945193502,0.42155816636314414
1723528378.899824,-17.031030654907227,-2.414581298828123,-1.0162383317947388,-0.4258054279844741,-0.5632349163706489,0.5722650784599467,0.41709572816697377
1723528378.999532,-17.239290237426758,-2.490627050399778,-1.034793734550476,-0.42328463183706116,-0.5647756239448598,0.574597178671442,0.4143630018607801
1723528379.0659997,-17.3863582611084,-2.535138368606565,-1.0503696203231812,-0.4206908723483348,-0.5656497930331785,0.5767297508060487,0.41284657695021837
1723528379.0992317,-17.442670822143555,-2.5605156421661355,-1.0462921857833862,-0.41994676579268375,-0.5665232875980238,0.5773521701459557,0.4115343851212762
1723528379.232154,-17.711999893188477,-2.6475987434387185,-1.0623456239700317,-0.41600322553310976,-0.5691944515367215,0.5811542306152554,0.40647109727980685
1723528379.3318825,-17.93338966369629,-2.7171952724456765,-1.0819623470306396,-0.4129588913714452,-0.5710950711351869,0.5839698534770845,0.4028580196450299
1723528379.3983774,-18.06249237060547,-2.771411657333372,-1.0865992307662964,-0.41062073279149813,-0.5723558854902149,0.5856054323552772,0.40108058011137143
1723528379.5313566,-18.325092315673828,-2.866389751434324,-1.0967895984649658,-0.40638815436621445,-0.5746409453676374,0.5896161361054304,0.3962187072084213
1723528379.5978413,-18.452665328979492,-2.9161226749420144,-1.1076703071594238,-0.4041353089029341,-0.575717970644023,0.5916383450296279,0.3939384965525217
1723528379.6643221,-18.585588455200195,-2.965574741363523,-1.1154749393463135,-0.40210930463513583,-0.5767605081393866,0.5935384108037415,0.39162172855603067
1723528379.697561,-18.655250549316406,-3.000939607620237,-1.1240125894546509,-0.4010028432357664,-0.5769723331597281,0.5947504470629973,0.3906040862605201
1723528379.7308,-18.702579498291016,-3.0292215347290017,-1.123142123222351,-0.4006783021750501,-0.5772440756780188,0.5954860056225875,0.38941313841266956
1723528379.8969784,-19.021129608154297,-3.171077489852903,-1.1375484466552734,-0.39595132181218173,-0.5799990810000643,0.6000876487863904,0.3830384191804901
1723528380.0631363,-19.34589958190918,-3.3329608440399148,-1.1579445600509644,-0.391055970192084,-0.5852573885440375,0.6024636470134709,0.37627991091602186
1723528380.1295931,-19.474658966064453,-3.3958501815795876,-1.1733460426330566,-0.38808406633470605,-0.5871212207373503,0.6038705379273925,0.3741922006673637
1723528380.1960468,-19.59962272644043,-3.4578502178192116,-1.1796988248825073,-0.38612331357412943,-0.5890886680303057,0.6049189908760577,0.3714247466046212
1723528380.2957454,-19.78241729736328,-3.5592968463897683,-1.1808291673660278,-0.38251174238531127,-0.5925276974315943,0.6062380851593341,0.3675201747062472
1723528380.3622384,-19.912099838256836,-3.627812623977659,-1.1922221183776855,-0.3795492845776766,-0.5949603217298304,0.6075905965261945,0.3644149052339292
1723528380.4619722,-20.10377311706543,-3.736435413360593,-1.205059289932251,-0.37575842750175104,-0.5985773140553208,0.6092315753966834,0.35964939983184263
1723528380.5616972,-20.280485153198242,-3.8484477996826145,-1.2276493310928345,-0.3726551797160254,-0.6015548843857138,0.6108971569389811,0.35505563190347694
1723528380.661415,-20.467926025390625,-3.9566094875335667,-1.2383581399917603,-0.36961474340237527,-0.6044529487029735,0.6131213552911586,0.3494335100556465
1723528380.7611244,-20.65569496154785,-4.062346458435056,-1.2477126121520996,-0.36701618010310777,-0.6071354499149643,0.6154498063545252,0.3433761856291939
1723528380.8940582,-20.901655197143555,-4.21463346481323,-1.2702701091766357,-0.3622016769504021,-0.6102084502751648,0.6189258372308082,0.3367289717788502
1723528380.9937499,-21.0832576751709,-4.3336772918701145,-1.28372061252594,-0.3589122466246027,-0.6119748639996121,0.6216484453288834,0.33199695100364834
1723528381.1266592,-21.30649757385254,-4.487627029418943,-1.3102123737335205,-0.351981278577388,-0.615254635913652,0.6256212258562307,0.32583583945897343
1723528381.2595553,-21.533952713012695,-4.650474071502683,-1.3140511512756348,-0.3453273247589579,-0.6186664421992082,0.6288773676525324,0.3201782761616042
1723528381.3925292,-21.757266998291016,-4.817972660064695,-1.3277136087417603,-0.3381483529394785,-0.6217278272530541,0.6326986685590241,0.31432880082352077
1723528381.4922497,-21.921510696411133,-4.957966804504392,-1.344475269317627,-0.33270314404026274,-0.6234351285689866,0.6359890703870654,0.31008895620465365
1723528381.6916666,-22.23965835571289,-5.228930950164792,-1.362296462059021,-0.32328486039656806,-0.6270278135441076,0.6420828137047844,0.3000877878645088
1723528381.7913635,-22.405712127685547,-5.363702774047849,-1.3753812313079834,-0.3176418970597508,-0.6286983910226831,0.6454217280999488,0.2954196189393115
1723528381.891051,-22.561281204223633,-5.513727664947507,-1.3855249881744385,-0.31200218758149795,-0.6312033805369227,0.6478643412755072,0.2907038400963662
1723528382.0571797,-22.83156394958496,-5.773079395294187,-1.4144152402877808,-0.30337692995874116,-0.6346442946029902,0.6522409166701216,0.2824373281243147
1723528382.2232845,-23.102354049682617,-6.0193719863891575,-1.428339958190918,-0.29484310193069047,-0.6385661232919801,0.656194973132818,0.2733294873645363
1723528382.289917,-23.201828002929688,-6.129988670349118,-1.4322794675827026,-0.2913904258697024,-0.6403350781933864,0.6574644794793623,0.269820432083033
1723528382.457003,-23.446680068969727,-6.4001116752624485,-1.454566240310669,-0.2830897647303633,-0.6434061789968982,0.6615808760946196,0.2611501834565593
1723528382.4904234,-23.494396209716797,-6.451817035675046,-1.4583710432052612,-0.28143116294628423,-0.6441150373981926,0.6622759991006069,0.25942787077629126
1723528382.62412,-23.699872970581055,-6.678010940551755,-1.4707609415054321,-0.27430324743028583,-0.6475125299959644,0.6648487991292367,0.251915315619826
1723528382.79127,-23.92532730102539,-6.96600008010864,-1.4837852716445923,-0.2663414270581725,-0.650415725163245,0.6683731823912343,0.24351369110011098
1723528382.9584508,-24.14249038696289,-7.2432279586791966,-1.4985496997833252,-0.25715408455418537,-0.6519846400842477,0.6733555144091655,0.23532988995467802
1723528383.0253325,-24.2260799407959,-7.350297927856443,-1.4998834133148193,-0.2538272729231851,-0.6527040351636777,0.6752452994913588,0.23150149787043842
1723528383.0922189,-24.32244110107422,-7.467434406280515,-1.5052026510238647,-0.2507010145586962,-0.6536060155051896,0.6768729876235671,0.2275766605348997
1723528383.259456,-24.5262451171875,-7.7557578086853,-1.5176528692245483,-0.24183349117997113,-0.6558172480349698,0.6807405991125698,0.21911763152107447
1723528383.426751,-24.73162078857422,-8.043230056762692,-1.5290555953979492,-0.23309618288153047,-0.6583622179499363,0.6842102210548249,0.20995650241468689
1723528383.5606186,-24.901676177978516,-8.283935546874996,-1.5407353639602661,-0.2260608679858983,-0.6599864836419118,0.6871415443141302,0.2028566574037916
1723528383.627563,-24.96512222290039,-8.401799201965328,-1.5473055839538574,-0.22302853709911433,-0.6606321110076243,0.688473734397182,0.19956804000199463
1723528383.7614727,-25.1265869140625,-8.639603614807125,-1.5513414144515991,-0.2163320347558704,-0.6635957089904274,0.6899370594750452,0.19190633056469203
1723528383.8284376,-25.216815948486328,-8.791506767272946,-1.568777084350586,-0.21293688666691188,-0.6646091291260077,0.6909346523069136,0.18857861496070208
1723528383.995882,-25.389732360839844,-9.113743782043453,-1.5812699794769287,-0.20469929974310708,-0.6682171875039956,0.6920415901473693,0.1807274868835175
1723528384.0963686,-25.505226135253906,-9.307135581970211,-1.5872677564620972,-0.19994873846749608,-0.6698584559585128,0.693223980517734,0.17535867187362675
1723528384.1633687,-25.578224182128906,-9.44519233703613,-1.5918296575546265,-0.1969113133946984,-0.6709762642948425,0.693852482526966,0.17200441826092508
1723528384.297189,-25.699567794799805,-9.692814826965328,-1.5918757915496826,-0.19172839523145527,-0.6730168231472717,0.6951460484787884,0.1645009103532589
1723528384.3971174,-25.792118072509766,-9.891803741455075,-1.6036295890808105,-0.1873704982664927,-0.6739283312293531,0.6965841360350397,0.15963534123151704
1723528384.497042,-25.927492141723633,-10.101884841918942,-1.6042280197143555,-0.18355799817756965,-0.6749927555246217,0.6980112060327309,0.15320443057253305
1723528384.5969644,-26.002487182617188,-10.294529914855953,-1.621366024017334,-0.17906952370968854,-0.6754132580079925,0.6997509829682501,0.14865933680863175
1723528384.6302705,-26.026180267333984,-10.357686042785641,-1.6222293376922607,-0.17767075633224544,-0.6759785440336773,0.6999062244331483,0.14702852563422186
1723528384.7634935,-26.141712188720703,-10.613753318786618,-1.6306374073028564,-0.17077553848692398,-0.6768798637168236,0.7020536796711142,0.14067692209258773
1723528384.8301032,-26.105594635009766,-10.740553855895993,-1.6091396808624268,-0.16886021755049102,-0.6770056239902236,0.702987664077291,0.13768789405595197
1723528384.9966218,-26.230712890625,-11.091141700744625,-1.6103969812393188,-0.16070327322148545,-0.6778018074603186,0.7052901172937036,0.13162453505049843
1723528385.0632265,-26.301631927490234,-11.229094505310055,-1.6280699968338013,-0.1575194298550309,-0.678172209294694,0.7061168892918834,0.12910856832624923
1723528385.229732,-26.454452514648438,-11.56622219085693,-1.639628291130066,-0.15096693208682943,-0.6788897134561699,0.7078757221452965,0.12340868841765258
1723528385.2965446,-26.48261260986328,-11.684854507446286,-1.6520437002182007,-0.14885956274983242,-0.6789714676916511,0.7083420715413742,0.12284171247198022
1723528385.3635755,-26.515411376953125,-11.810383796691891,-1.6240402460098267,-0.14742243519138715,-0.679601290577431,0.7083186801266831,0.12121616571779968
1723528385.4306154,-26.572298049926758,-11.943557739257809,-1.6396952867507935,-0.1456139190811329,-0.6798072227466216,0.7087311786837044,0.11982838909442739
1723528385.5982575,-26.72614288330078,-12.317342758178707,-1.6388815641403198,-0.14279885486274582,-0.6810412830688842,0.7084690875127035,0.11774043419613132
1723528385.6653304,-26.7738037109375,-12.457282066345211,-1.6614112854003906,-0.1425374194301053,-0.6808505505854451,0.7085972012724423,0.11838757611575804
1723528385.732413,-26.859195709228516,-12.607439994812008,-1.6604533195495605,-0.14312476910244507,-0.6811195479280627,0.7084649028019968,0.11691425660457572
1723528385.9337168,-27.01313591003418,-13.0054817199707,-1.6643415689468384,-0.1457457178777066,-0.6810239205919041,0.7081330179514552,0.11624213603039198
1723528386.0343997,-27.135967254638672,-13.23218727111816,-1.7061039209365845,-0.14557188226588458,-0.6803776217315339,0.70866796998761,0.11698216639364034
1723528386.135105,-27.219181060791016,-13.42437934875488,-1.7106791734695435,-0.14609769268026235,-0.6807694927540351,0.708167045866747,0.11708030183289755
1723528386.269407,-27.298107147216797,-13.673645019531246,-1.698039174079895,-0.145483693471163,-0.6810177750478011,0.7078445357446517,0.11834440510379045
1723528386.3694403,-27.392309188842773,-13.880645751953121,-1.7269985675811768,-0.14360494024350906,-0.6808857757944361,0.708041029149299,0.12020849595460607
1723528386.5028183,-27.492033004760742,-14.17913722991943,-1.7347501516342163,-0.14303809501985418,-0.6811599176446977,0.7076530352025331,0.12160777827097417
1723528386.5695074,-27.52987289428711,-14.317020416259762,-1.7446879148483276,-0.14335083701368442,-0.6811777908715784,0.7075404527707657,0.12179434487582862
1723528386.6695406,-27.620019912719727,-14.496701240539547,-1.7128236293792725,-0.14449701171018833,-0.6814912193650821,0.7074435073122121,0.11922254609307657
1723528386.802918,-27.717094421386722,-14.760166168212887,-1.711928367614746,-0.1465204053585582,-0.6806283208815562,0.707909998090479,0.11891296914573768
1723528386.9029498,-27.79204368591309,-14.955681800842282,-1.717775821685791,-0.14737553198753625,-0.6803128504012448,0.708118919904057,0.11841652513157125
1723528386.969638,-27.845329284667972,-15.050884246826168,-1.7015067338943481,-0.14769853461185284,-0.6802221999898418,0.7083216936048432,0.11731700594226618
1723528387.0029826,-27.874782562255863,-15.108067512512203,-1.704063057899475,-0.14787433949103854,-0.680748400731782,0.7079371248942452,0.11636074001861728
1723528387.2030463,-28.021667480468754,-15.509414672851559,-1.7117091417312622,-0.14831773913623095,-0.6796694334436383,0.7086395026233605,0.11781920395944366
1723528387.2697341,-28.09091186523438,-15.668295860290524,-1.754947543144226,-0.14718326787901134,-0.6792400490222106,0.7091806098539102,0.1184605591241078
1723528387.3697898,-28.16530227661133,-15.858391761779782,-1.7254788875579834,-0.1471463414971071,-0.6805439626953926,0.7081674429982666,0.1170757946809053
1723528387.436494,-28.218820571899418,-15.977302551269528,-1.7434070110321045,-0.14626547344091737,-0.6802136668183515,0.708636509132317,0.11726072094866472
1723528387.5031986,-28.26536560058594,-16.08796691894531,-1.7314938306808472,-0.1459893752798754,-0.6812146354515324,0.707771840374375,0.11701600200441727
1723528387.5365517,-28.27568054199219,-16.180351257324215,-1.7577141523361206,-0.1457509796267028,-0.6804713173737206,0.7084537794026615,0.11751034260700129
1723528387.703314,-28.32049369812012,-16.345430374145504,-1.7473376989364624,-0.14564267281705104,-0.6816691972373927,0.7069729206735359,0.11960186799028005
1723528387.7700198,-28.419576644897464,-16.500888824462887,-1.763474702835083,-0.1438431075880013,-0.6818954378869297,0.7070881918470778,0.11980843517402773
1723528387.8367255,-28.481882095336918,-16.62658309936523,-1.7614530324935913,-0.14367684800794064,-0.6826742197437489,0.7067273426609405,0.11768320262115718
1723528387.970138,-28.583646774291996,-16.875268936157223,-1.7649279832839966,-0.14320782275067667,-0.6833848858633775,0.7065330527584582,0.1152721242812978
1723528388.0701988,-28.62516593933106,-17.056890487670895,-1.769545555114746,-0.14314404245941661,-0.6837032273129389,0.706328620821689,0.11471512314590107
1723528388.1369054,-28.665391921997074,-17.17964935302734,-1.773003339767456,-0.14336550290357797,-0.6838139804642014,0.706295828022274,0.11397796285791098
1723528388.2036128,-28.702222824096683,-17.291917800903317,-1.7737809419631958,-0.14306675408147665,-0.6838866478727073,0.7064040155749107,0.11324452974719568
1723528388.3703594,-28.794914245605472,-17.57963943481445,-1.7862629890441895,-0.14044377850026563,-0.6828914198440518,0.7080851279710569,0.11202814525892738
1723528388.4370522,-28.850778579711918,-17.706216812133786,-1.787172794342041,-0.1393888728191679,-0.6833506469996198,0.7080538115037641,0.11073588124178615
1723528388.570438,-28.96248245239258,-17.96009826660156,-1.7943875789642334,-0.13772221394673437,-0.683320144935077,0.7088616656252958,0.10780218141784843
1723528388.7038233,-29.008634567260746,-18.274581909179684,-1.8120856285095215,-0.13605991169585743,-0.6821973311398671,0.7102506363362691,0.10788204391316865
1723528388.8372087,-29.078605651855472,-18.41858863830566,-1.8137589693069458,-0.1332530411421714,-0.6825059326783596,0.7107379799726277,0.10621112328581248
1723528388.937248,-29.15105247497559,-18.626863479614254,-1.8245240449905396,-0.1310361218947988,-0.6821051362888381,0.7116321218052835,0.10555491945933794
1723528389.037286,-29.22409820556641,-18.817010879516598,-1.8297271728515625,-0.12901812132433166,-0.6820983856799058,0.7123051626838535,0.10352522319094914
1723528389.1373248,-29.299737930297855,-19.00687217712402,-1.827669382095337,-0.12754310524138032,-0.682856269626743,0.7122098035350323,0.1009815185339682
1723528389.204017,-29.315811157226566,-19.12801933288574,-1.8429876565933228,-0.12703588177640943,-0.682377423521364,0.712767570770812,0.10092237941661311
1723528389.3707836,-29.423666000366214,-19.437473297119137,-1.8453052043914795,-0.12485683566847221,-0.6832916506608946,0.7127092581129375,0.09782026438357411
1723528389.4041426,-29.461439132690433,-19.499652862548825,-1.8384568691253662,-0.12402757735045937,-0.6837234881799779,0.7125768002128609,0.09681764077883881
1723528389.5375772,-29.52688789367676,-19.730957031249996,-1.8549891710281372,-0.12274478857271123,-0.6841418654235591,0.7127914170141273,0.09387236379257576
1723528389.6710129,-29.626411437988285,-20.0136547088623,-1.8704994916915894,-0.12191123370092556,-0.6837358576165788,0.7136714182169778,0.09119229642358856
1723528389.7377312,-29.65398979187012,-20.135742187499996,-1.8836030960083008,-0.12149205258677331,-0.6834749803454548,0.7141515472948997,0.08993997941034566
1723528389.7710898,-29.6754264831543,-20.203760147094723,-1.8928532600402832,-0.12056821525637888,-0.6832323315899435,0.7145484087380577,0.08987468002708393
1723528389.9712467,-29.78611564636231,-20.56362915039062,-1.8822228908538818,-0.1165522416619967,-0.685774737231935,0.713026609328023,0.08787285774468218
1723528390.0046072,-29.801820755004886,-20.62994575500488,-1.8875751495361328,-0.1159550630189644,-0.685855457660991,0.7130456456985286,0.08787844848009736
1723528390.1046863,-29.851909637451175,-20.81914138793945,-1.8941280841827393,-0.11406572835742275,-0.6862353652933404,0.7131057542630179,0.08689198048139171
1723528390.204767,-29.90747451782227,-20.994209289550778,-1.8979377746582031,-0.11300076502617025,-0.6867315905213007,0.7130907581469695,0.08445188173726498
1723528390.2714875,-29.93666458129883,-21.120534896850582,-1.9080383777618408,-0.1126660601494894,-0.6868251164793098,0.7131389876963611,0.08372814634866574
1723528390.3715692,-29.985984802246097,-21.30767440795898,-1.9139567613601685,-0.11164048520127083,-0.6875227554738517,0.7129235892056758,0.0811715388776394
1723528390.5717359,-30.072193145751957,-21.65449714660644,-1.9193103313446045,-0.10724586507321021,-0.6879231995932685,0.7134721052101417,0.07885144876961575
1723528390.6384587,-30.092016220092777,-21.78434371948242,-1.9291539192199707,-0.10646050178846243,-0.6880387297263756,0.713593632698853,0.0778009982398611
1723528390.6718209,-30.104366302490238,-21.84151458740234,-1.9319343566894531,-0.10603655939174594,-0.6882222523709184,0.7135283087669915,0.0773545861728812
1723528390.7385445,-30.13723182678223,-21.943223953247067,-1.9176963567733765,-0.1042976242655061,-0.6895464179844064,0.7127077267350785,0.07546813413330364
1723528390.871992,-30.18212699890137,-22.186338424682614,-1.9315621852874756,-0.10216984452562038,-0.6897964822490912,0.7129983553027948,0.07331767373491521
1723528391.1055288,-30.278821945190433,-22.629955291748043,-1.9433298110961914,-0.0967415091583497,-0.6910818398489689,0.7130342183167667,0.06803803749467269
1723528391.205618,-30.32631301879883,-22.81978034973144,-1.951682209968567,-0.09379978104997194,-0.6913255154943911,0.7134031863757391,0.06577633594488387
1723528391.2389803,-30.34169387817383,-22.883733749389645,-1.9553483724594116,-0.09292318747417665,-0.6913022560925046,0.7136365474618536,0.06472518889719725
1723528391.3390505,-30.378202438354496,-23.07698059082031,-1.958680272102356,-0.09083356839480317,-0.6914962167845343,0.7138888842811008,0.06280848609247117
1723528391.4057574,-30.402391433715824,-23.20748901367187,-1.9642077684402466,-0.08872047824895912,-0.6917095192764229,0.7140664845366202,0.061446507981892565
1723528391.4391108,-30.418418884277347,-23.26728820800781,-1.9693191051483154,-0.0877911072299674,-0.6914526325000817,0.7145539902391592,0.059988111600040014
1723528391.5725253,-30.449102401733402,-23.49272537231445,-1.9573084115982056,-0.08477097408919289,-0.6931154024170015,0.7136756629043273,0.055425346749988905
1723528391.7059407,-30.52843284606934,-23.735134124755856,-1.9541912078857422,-0.08059118728277166,-0.6945744069067751,0.7132027537146769,0.04912520632279098
1723528391.8060029,-30.557043075561527,-23.93293190002441,-1.9677876234054565,-0.07732541224872379,-0.6952209945169924,0.7131667891214257,0.045625434766202816
1723528391.8727112,-30.5925464630127,-24.05432319641113,-1.9662880897521973,-0.07439516466285745,-0.6959174792053691,0.7130091896201215,0.042215129142155056
1723528391.972773,-30.596254348754886,-24.265375137329098,-1.9842455387115479,-0.07193059894811465,-0.6953479563696059,0.7140062082024591,0.038888856449182094
1723528392.1395452,-30.639913558959964,-24.581806182861325,-1.9865440130233765,-0.06557618511926297,-0.696331293342002,0.7139893291447599,0.03227586908628495
1723528392.172899,-30.642993927001957,-24.65098190307617,-1.990782618522644,-0.06428912649918266,-0.6966027652786889,0.7139101170395143,0.030721985754229415
1723528392.239608,-30.672798156738285,-24.770627975463864,-1.9822907447814941,-0.0606013856777108,-0.697766635062367,0.7132267598325227,0.02750970931296777
1723528392.3396697,-30.692274093627933,-24.963966369628903,-1.9890540838241577,-0.05591090351586499,-0.6984889221413263,0.7130752983755084,0.022601224758132935
1723528392.5397904,-30.719144821166996,-25.35233116149902,-1.9928569793701172,-0.04665714669640898,-0.6994720939180142,0.7130549423999023,0.010702785206228572
1723528392.6398509,-30.722238540649418,-25.541877746582028,-2.0012168884277344,-0.04201279696384213,-0.6988005012863275,0.7140695118656732,0.0041852738466548025
1723528392.7732658,-30.721042633056644,-25.781244277954098,-2.0021438598632812,-0.035197116141350494,-0.6976174624450013,0.7155847297326674,-0.005434489907499976
1723528392.9066815,-30.698060989379886,-26.045455932617184,-2.029275894165039,-0.028048502884933463,-0.6948393160702949,0.7184551507840207,-0.015290606292392834
1723528392.9733899,-30.689828872680668,-26.17781829833984,-2.028865337371826,-0.023564875236115484,-0.6943901598332001,0.718906700936624,-0.020979941142645845
1723528393.1068065,-30.652046203613285,-26.429939270019528,-2.029465675354004,-0.01306909165214762,-0.6942555050667961,0.718940145309037,-0.03104126271362712
1723528393.20687,-30.63011169433594,-26.614311218261715,-2.033634901046753,-0.005428553500542224,-0.6935000987694706,0.7192907805547897,-0.04060685684102692
1723528393.3069284,-30.597812652587894,-26.787494659423825,-2.045819044113159,0.0022516924709591836,-0.691885079154595,0.720293367641655,-0.049673248894146996
1723528393.473698,-30.567594528198246,-27.088907241821286,-2.0268349647521973,0.01483992833648404,-0.6904451984333705,0.7200923023535826,-0.0673222145980695
1723528393.5737596,-30.525949478149418,-27.27022552490234,-2.0389692783355713,0.02209660121782692,-0.6887753678843956,0.7204498810748267,-0.07779589751139865
1723528393.6738224,-30.51213073730469,-27.45765113830566,-2.0502777099609375,0.030700640220858142,-0.6883987273928139,0.7191924123251987,-0.08903334694284652
1723528393.773885,-30.471132278442386,-27.634643554687496,-2.0373318195343018,0.04050155716931669,-0.6897021064919018,0.7161292909284235,-0.09914366768406144
1723528393.9073033,-30.39225578308106,-27.853214263916012,-2.016639471054077,0.056813144768411324,-0.6909376296727161,0.7121150414659643,-0.11076834476374682
1723528393.9406586,-30.373277664184574,-27.89894866943359,-2.0293359756469727,0.06067016098595904,-0.6897311472135845,0.7125634631462763,-0.11332866856341349
1723528394.0407226,-30.30581665039063,-28.06969833374023,-2.044607162475586,0.07070126115575322,-0.6868338659599421,0.7130897906660324,-0.12150523729198093
1723528394.140788,-30.230484008789066,-28.234617233276364,-2.029839277267456,0.07821892275174011,-0.68530389525906,0.7119737890601313,-0.13165749108074418
1723528394.1741428,-30.200710296630863,-28.29571151733398,-2.045452356338501,0.08078671890097482,-0.6832775888730999,0.7131781937698563,-0.13409737702186272
1723528394.240853,-30.162904739379886,-28.388061523437496,-2.0344855785369873,0.08647102052132329,-0.6826431956221651,0.7114460678846178,-0.14270782239343124
1723528394.3742628,-30.069572448730472,-28.589111328124996,-2.0648415088653564,0.09684486883417355,-0.6779045711730279,0.7116362880549424,-0.15697215449431737
1723528394.4743123,-29.97778129577637,-28.756732940673825,-2.0764360427856445,0.10401368727168508,-0.675276362254995,0.7110707315839913,-0.16601627066169308
1723528394.5743604,-29.898567199707035,-28.909749984741207,-2.073070526123047,0.11317670795504962,-0.6729815513290623,0.7094272727265506,-0.17606762637962306
1723528394.6744096,-29.817667007446293,-29.069654464721676,-2.069004535675049,0.1210999753562773,-0.6703954594458988,0.7076431514441581,-0.18747238233193614
1723528394.7411087,-29.7683277130127,-29.164188385009762,-2.0853111743927,0.12638610165371586,-0.6675663846900773,0.7072831713417431,-0.1952746549795006
1723528394.8078077,-29.700561523437504,-29.247964859008786,-2.0689122676849365,0.12985897809234287,-0.6667877639303798,0.7058781083322689,-0.20066594095360119
1723528394.907856,-29.59914016723633,-29.39048385620117,-2.073249340057373,0.13925394096510563,-0.6620010996156341,0.7064161733349184,-0.20818038832759647
1723528395.0412538,-29.452947616577152,-29.574100494384762,-2.0781912803649902,0.15442172088871953,-0.6564790100682492,0.7057059317621854,-0.2171828246736927
1723528395.107953,-29.3796501159668,-29.660860061645504,-2.0778391361236572,0.16012726858722673,-0.6536547823580272,0.7054086935312026,-0.2224708035807759
1723528395.3413966,-29.32552528381348,-29.69319343566894,-2.018968343734741,0.1771788647531461,-0.6507158216034997,0.6977643236236227,-0.24145707295032168
1723528395.4747815,-29.16813659667969,-29.88041496276855,-2.013195514678955,0.18651242213708974,-0.6473772743995911,0.6932663457818842,-0.2559249006754633
1723528395.608166,-28.99448966979981,-30.111118316650387,-1.9738943576812744,0.196080108608484,-0.6448392082668223,0.6869035392327445,-0.2718428117119019
1723528395.6415114,-28.954568862915043,-30.156433105468746,-1.9708948135375977,0.19854013358521544,-0.6435982383345419,0.6861447294411307,-0.27489731397159295
1723528395.7082036,-28.873231887817386,-30.242654800415036,-1.9677766561508179,0.2036083020720504,-0.641227838900516,0.6843154913755791,-0.28121668906683006
1723528395.7748954,-28.78940010070801,-30.315633773803707,-1.9645243883132935,0.20899189626910808,-0.6389019109163493,0.6826593720161886,-0.28653606635071727
1723528395.8749335,-28.653165817260746,-30.448295593261715,-1.9575749635696411,0.2184136426276834,-0.6345558680636977,0.6804312764611861,-0.2943596593173645
1723528395.9416254,-28.56208992004395,-30.512401580810543,-1.9560672044754028,0.224262134528745,-0.6321634915117018,0.6787744109573866,-0.29889983948774285
1723528396.0750084,-28.405870437622074,-30.633871078491207,-1.9264687299728394,0.23607957760387613,-0.6279618410924851,0.6738995949769947,-0.30949910348812715
1723528396.2083912,-28.228576660156254,-30.77762413024902,-1.921837329864502,0.24631342008886808,-0.6230584064903728,0.6694750886947358,-0.32082865645540115
1723528396.2750826,-28.138286590576175,-30.8432445526123,-1.9077107906341553,0.25053548464819486,-0.6216773803183243,0.666305528099135,-0.32678150032884734
1723528396.341771,-28.04401016235352,-30.89795875549316,-1.9077682495117188,0.2549669960583317,-0.6191817450116235,0.6644618682517992,-0.33180750926505603
1723528396.4084566,-27.955120086669925,-30.97544479370117,-1.91157865524292,0.2601918367962943,-0.6160790789113257,0.6622403575692459,-0.33791194918040496
1723528396.5418265,-27.77757263183594,-31.09548187255859,-1.9001370668411255,0.2705726129091696,-0.6106906980768356,0.6574795434345835,-0.34866600406547166
1723528396.7085378,-27.533514022827152,-31.23141479492187,-1.879520297050476,0.2831081980498387,-0.6045403483583816,0.65110154153341,-0.3611751625133118
1723528396.7418807,-27.485296249389652,-31.263339996337887,-1.8794116973876953,0.28617469856693073,-0.602869868500505,0.6499896702063706,-0.3635455847336399
1723528396.8752487,-27.477914810180668,-31.27624702453613,-1.901878833770752,0.2964196377114516,-0.5972571478611703,0.6451460377933503,-0.3731030522888994
1723528396.9085903,-27.436162948608402,-31.297706604003903,-1.8925952911376953,0.29880689834651203,-0.5962200134186354,0.6429992375890637,-0.376547624556977
1723528397.0086164,-27.43937492370606,-31.203319549560543,-1.880551815032959,0.30537161327442863,-0.5925159361916363,0.6405448687673682,-0.38128114857794476
1723528397.141983,-27.363878250122074,-31.217000961303707,-1.9078370332717896,0.313902904175383,-0.586182359254615,0.637297766466968,-0.3894955266818451
1723528397.208666,-27.27892875671387,-31.24528884887695,-1.8914549350738525,0.3184413900733673,-0.5836128837305099,0.6341128411445245,-0.39483159413542235
1723528397.3420315,-27.222393035888675,-31.196567535400387,-1.837725043296814,0.325985413701932,-0.5793902320695926,0.6289734018826046,-0.4030296871945631
1723528397.475395,-27.03410911560059,-31.26442146301269,-1.8297910690307617,0.3338939342070675,-0.5733436847977273,0.6248871925138187,-0.41147035912017815
1723528397.5754163,-26.876451492309574,-31.32692146301269,-1.8193188905715942,0.3388788052296053,-0.5701579142281836,0.6215423469555985,-0.41685275475885825
1723528397.742119,-26.79166412353516,-31.29636764526367,-1.7946356534957886,0.34733853351543514,-0.5645749423162231,0.6178059464454206,-0.42299750611635806
1723528397.842139,-26.64189147949219,-31.34058570861816,-1.788280963897705,0.3520195413932496,-0.5607238020273204,0.6161865931206483,-0.4265971668631679
1723528397.9088192,-26.54681205749512,-31.36579895019531,-1.7722841501235962,0.3548520014979117,-0.5596874958838395,0.6135776458666067,-0.4293628261470668
1723528398.0421786,-26.499919891357425,-31.33697128295898,-1.7430672645568848,0.3598547064837356,-0.5567851643570207,0.6106952190545862,-0.4330660693211843
1723528398.108858,-26.406089782714847,-31.36948204040527,-1.7362174987792969,0.36217777108805765,-0.5550053693666709,0.6090044088843778,-0.4357865670982083
1723528398.3088949,-26.465053558349613,-31.29611015319824,-1.7247897386550903,0.36816216818882985,-0.5512874371120429,0.6044255121626334,-0.4418241503628718
1723528398.3755813,-26.369373321533207,-31.31515502929687,-1.7251700162887573,0.37078239124781287,-0.5491400877294597,0.60309881634467,-0.44411417463608727
1723528398.5089533,-26.368478775024418,-31.299350738525387,-1.7297663688659668,0.3755090763770289,-0.5459901560991525,0.5998386454334016,-0.4484208764608485
1723528398.575639,-26.31858634948731,-31.26943206787109,-1.7439357042312622,0.3774998394558015,-0.544189514442817,0.5983293954569072,-0.45094742278175526
1723528398.6089823,-26.27110290527344,-31.279891967773434,-1.7454417943954468,0.37873826898037233,-0.5430405120471782,0.5974800487058751,-0.4524178569461146
1723528398.8090386,-26.33848381042481,-31.288648605346676,-1.7253010272979736,0.38540758637833966,-0.5393103419737678,0.590960306548226,-0.45975130612820136
1723528398.909066,-26.267221450805668,-31.238594055175778,-1.7008986473083496,0.3888357694208899,-0.5383156430772235,0.5870900879569514,-0.4629775820273799
1723528399.0424356,-26.100574493408207,-31.218729019165036,-1.6988955736160278,0.3942291155998248,-0.5344781537269687,0.5831924121548473,-0.4677639554379982
1723528399.1091204,-25.999778747558597,-31.22364807128906,-1.6978919506072998,0.3963194418653674,-0.5319178007633312,0.5817300051362625,-0.4707276859871201
1723528399.142463,-25.949239730834964,-31.23196411132812,-1.695123553276062,0.39720407991399254,-0.5309621238299163,0.58080274597166,-0.4722036766369813
1723528399.2091477,-25.84071731567383,-31.25285148620605,-1.6903008222579956,0.39978903981466396,-0.528510159843558,0.5791913354148416,-0.4747453333805173
1723528399.2758317,-25.726888656616214,-31.26526069641113,-1.693219542503357,0.4020777772684069,-0.5261481773399667,0.577950549774369,-0.4769430977844559
1723528399.442545,-25.668939590454105,-31.158786773681637,-1.6058924198150635,0.40834234448336737,-0.5236266830858637,0.5722753268329792,-0.48121988400369575
1723528399.5759158,-25.466993331909183,-31.188877105712887,-1.5975741147994995,0.4134315867139834,-0.5192878761865984,0.5691288407670235,-0.48529041548330026
1723528399.6759436,-25.299093246459964,-31.22175598144531,-1.5812337398529053,0.41753260305516116,-0.5167713206227039,0.5653823960443268,-0.48883194843527156
1723528399.7092853,-25.233032226562504,-31.23062705993652,-1.5783888101577759,0.4190192530461115,-0.515967507873513,0.5642743627695453,-0.48968851315555556
1723528399.875997,-25.30981254577637,-31.14968109130859,-1.5713768005371094,0.4232814807131186,-0.5126968896134787,0.5619722283896789,-0.4920994838289436
1723528399.9760225,-25.212337493896488,-31.100536346435543,-1.5494837760925293,0.42595894411766044,-0.5105915892269519,0.5609655450838174,-0.4931256068849794
1723528400.0427063,-25.102228164672855,-31.114675521850582,-1.5387271642684937,0.42725263793538293,-0.5090848077453762,0.5597205929013115,-0.4949754537169638
1723528400.1093898,-25.047182083129886,-31.07783699035644,-1.5210142135620117,0.4285925563055733,-0.5081742789207717,0.5593511785308984,-0.4951702555676206
1723528400.2094152,-24.960680007934574,-31.06376266479492,-1.5033262968063354,0.43026879185910694,-0.5079794128201321,0.5571790594386506,-0.4963639578233689
1723528400.409511,-24.85258293151856,-31.077560424804684,-1.4892176389694214,0.4328770855067192,-0.5072954835048632,0.5553810261447052,-0.4968104639168041
1723528400.4762259,-24.739021301269535,-31.086172103881832,-1.4894075393676758,0.43289675134209116,-0.5063481860272152,0.5563315533027599,-0.4966962049222351
1723528400.5762975,-24.54721832275391,-31.121322631835934,-1.4790760278701782,0.4330658858440616,-0.5061033807440883,0.5565284091025796,-0.49657772440903397
1723528400.743086,-24.390956878662113,-30.998664855957028,-1.4132477045059204,0.4316506419898021,-0.5087309557315814,0.5569888456974951,-0.4946048561415422
1723528400.8431592,-24.203851699829105,-31.017978668212887,-1.408470630645752,0.43171214000430763,-0.5083137378178232,0.5580121901720442,-0.49382605008036273
1723528400.9432335,-24.022291183471683,-31.041238784790036,-1.3957418203353882,0.43145302876549985,-0.5087374040046665,0.5577684786954901,-0.49389154873250096
1723528401.0433073,-23.82467842102051,-31.076742172241207,-1.3681458234786987,0.431392957937844,-0.5101611193904865,0.5566566695593739,-0.4937297847395371
1723528401.1433828,-23.64181709289551,-31.08783149719238,-1.373108983039856,0.4311678533342651,-0.509739799650228,0.5585192988897277,-0.4922558396518972
1723528401.2434576,-23.458368301391605,-31.10150337219238,-1.3736289739608765,0.4312571770271735,-0.5096903397924205,0.5592474589588032,-0.49140134761003845
1723528401.3101742,-23.3211841583252,-31.12625694274902,-1.3675312995910645,0.4313292844172713,-0.5098707480919933,0.5594876613579446,-0.4908771999516926
1723528401.3768525,-23.186071395874027,-31.15392684936523,-1.3546761274337769,0.43158949828670506,-0.510336106162501,0.5588174451771003,-0.4909283315121109
1723528401.6102235,-23.11192131042481,-31.13044929504394,-1.3756029605865479,0.43012660745501485,-0.5102912726212667,0.5601126533815115,-0.490782776967296
1723528401.6769001,-23.133993148803714,-31.023048400878903,-1.3486411571502686,0.42944445366754885,-0.5120027937363806,0.5600264974454664,-0.48969472386302554
1723528401.7102377,-23.07254219055176,-31.027391433715817,-1.3458293676376343,0.4290631570413853,-0.5118960513352646,0.5602863536017189,-0.48984328296377966
1723528401.876928,-23.067972183227543,-31.03564643859863,-1.3134483098983765,0.4289951355415636,-0.5134673535503267,0.5594181842636535,-0.4892501871587343
1723528401.9102652,-22.99850654602051,-31.0558967590332,-1.3099826574325562,0.4295159061704725,-0.5129916024548297,0.5592494968328054,-0.4894851401724448
1723528401.9769406,-22.867914199829105,-31.074869155883786,-1.3102258443832397,0.42954033911425293,-0.5118398512115314,0.5596191790322407,-0.49024630365220606
1723528402.143628,-22.732713699340824,-31.010843276977536,-1.3073784112930298,0.42916819624367336,-0.5130806041583461,0.5595403471521175,-0.48936443769275495
1723528402.2436385,-22.55271148681641,-31.02421188354492,-1.3051129579544067,0.4291307344067785,-0.5126247695128746,0.5591136157242824,-0.4903617268722047
1723528402.4436681,-22.31542778015137,-31.075017929077145,-1.3145166635513306,0.42985563962540424,-0.5120406710929967,0.5583534445648247,-0.491202515436824
1723528402.4770072,-22.24859428405762,-31.08292198181152,-1.3171755075454712,0.4301019805436467,-0.5113018826358139,0.5589083018194337,-0.49112542318925195
1723528402.7103755,-22.21724128723145,-31.005952835083004,-1.29714834690094,0.43035121685655336,-0.5117482801286424,0.5590887190162985,-0.4902359964386284
1723528402.777052,-22.066869735717777,-31.03779792785644,-1.282839059829712,0.4310762252100796,-0.5114896343073182,0.558053822511595,-0.4910474246292228
1723528402.9104033,-21.76090812683106,-31.085988998413082,-1.2807153463363647,0.4319176988769124,-0.509551889698671,0.5576459373980067,-0.4927828950003081
1723528403.0104167,-21.533136367797855,-31.134738922119137,-1.2706307172775269,0.43298027632327557,-0.5080816785590757,0.5564497587487325,-0.4947168424625238
1723528403.0770915,-21.388179779052738,-31.154771804809567,-1.266355276107788,0.43304878117794493,-0.5072330781270376,0.5562952136518841,-0.4957005072037668
1723528403.3104506,-21.162910461425785,-31.091756820678707,-1.1948260068893433,0.4358773528188769,-0.5081042652582112,0.5537111516107772,-0.49522212138381766
1723528403.4438272,-20.905492782592777,-31.118049621582028,-1.159630298614502,0.4372164485293481,-0.5078272844234993,0.5516031340181646,-0.4966761609658521
1723528403.5772028,-20.580629348754886,-31.180723190307614,-1.1577478647232056,0.43896437064276184,-0.5057942864496623,0.5500241513366071,-0.49895476152405477
1723528403.6438904,-20.413236618041996,-31.206089019775387,-1.1606799364089966,0.4396235860410968,-0.5049629525262848,0.5494040729772235,-0.4998986735012819
1723528403.7105777,-20.260972976684574,-31.23007774353027,-1.154902696609497,-0.4404500121123917,0.5043546426021897,-0.5488195174351692,0.5004271361527465
1723528403.9106395,-20.08218574523926,-31.175195693969723,-1.1522387266159058,0.44248717035686447,-0.5043648639304257,0.5476897117697181,-0.4998571473167325
1723528403.9773264,-19.917875289916996,-31.192537307739254,-1.1515415906906128,-0.4428373247180716,0.5033053204865695,-0.5479829481725071,0.500293460599497
1723528404.044013,-19.75557899475098,-31.2244701385498,-1.1429296731948853,-0.4431630953229661,0.5030136728534512,-0.5471646257876407,0.5011931645113687
1723528404.1440434,-19.503200531005863,-31.263248443603512,-1.1369246244430542,-0.4436616843862958,0.5023858878666613,-0.5461533067089005,0.5024831291206452
1723528404.277416,-19.261075973510746,-31.26994132995605,-1.10020911693573,-0.4441474368803313,0.5030567744872494,-0.5445025031770553,0.5031738864339422
1723528404.4774516,-18.938465118408207,-31.22482872009277,-1.132402777671814,-0.4444234908968127,0.5024088915252272,-0.5448891720362564,0.5031588781420102
1723528404.5107894,-18.85442924499512,-31.238698959350582,-1.1310760974884033,-0.44469597248659615,0.5020447574635027,-0.5445710265757304,0.5036258041163784
1723528404.5774658,-18.68076896667481,-31.257980346679684,-1.1330476999282837,-0.4452369862210782,0.5009998231888027,-0.5450198314922067,0.5037028752605713
1723528404.7108176,-18.40539360046387,-31.225212097167965,-1.1347578763961792,-0.4456237410065803,0.5006101662662431,-0.5453683300784241,0.5033709640311564
1723528404.777493,-18.232450485229496,-31.244606018066403,-1.1253020763397217,-0.4461992913024935,0.5004091705981112,-0.5452439813456127,0.5031956430940637
1723528404.9775178,-18.164709091186527,-31.18548774719238,-1.101876139640808,-0.4460399210620427,0.5028152907841055,-0.5450661662196634,0.501126776988878
1723528405.110866,-18.015146255493168,-31.161457061767575,-1.0735501050949097,0.446171866712483,-0.5035397076118047,0.5469165278625976,-0.4982577041684725
1723528405.17754,-17.92689895629883,-31.11401557922363,-0.9583407640457153,0.44667833740133805,-0.505099675617294,0.5472480790708277,-0.49585514068220565
1723528405.2442136,-17.717712402343754,-31.103763580322262,-0.9559776782989502,0.4461467076123914,-0.5051827116230283,0.5472447466083331,-0.4962526881271364
1723528405.3108866,-17.531019210815433,-31.135692596435543,-0.9503449201583862,0.44642936635494546,-0.505057712392412,0.5472004883756411,-0.49617451922718225
1723528405.5109537,-17.37502479553223,-31.14393615722656,-0.9570540189743042,0.4465873492208263,-0.5061839956620495,0.5474624719281302,-0.4945931094160725
1723528405.6109872,-17.12986755371094,-31.19160461425781,-0.9633656740188599,0.4471596663288819,-0.5055957546495562,0.5477503162542623,-0.49435893511935686
1723528405.6443312,-17.038988113403324,-31.200323104858395,-0.9650152325630188,0.44693783203788373,-0.5052468939900946,0.5483802097059547,-0.494217862900049
1723528405.7110202,-16.85638236999512,-31.241798400878903,-0.9559099078178406,0.4478549236843327,-0.5051087748764703,0.5474132836041188,-0.49460063668403065
1723528405.8110542,-16.628589630126957,-31.25332641601562,-0.9554713368415833,0.4481838650514083,-0.5039298873471243,0.5491616604769478,-0.49356596560955995
1723528405.877743,-16.513149261474613,-31.274042129516598,-0.9628595113754272,0.4470396001584241,-0.504879719450414,0.5479293110068681,-0.49500054032031765
1723528406.044465,-16.470386505126957,-31.23552322387695,-0.9593783617019653,0.4447172349639014,-0.5068033574236231,0.5477416860117635,-0.4953342136731482
1723528406.0778103,-16.380424499511722,-31.252441406249996,-0.9579861164093018,0.44446753728587923,-0.5066362455125465,0.5478486721141981,-0.4956108912187929
1723528406.211188,-16.322849273681644,-31.339485168457028,-0.9189950227737427,0.4457034836762793,-0.5061260446885886,0.5479056199381714,-0.4949588499732899
1723528406.277877,-16.244346618652347,-31.450325012207028,-0.8673636317253113,0.4471784069398382,-0.5050212813313135,0.5477574895087696,-0.4949209133349257
1723528406.3779202,-16.077854156494144,-31.551458358764645,-0.8432389497756958,0.44842571024736366,-0.5029720332051791,0.5490692438909068,-0.49442540551195757
1723528406.511318,-15.848021507263187,-31.656009674072262,-0.8037858605384827,0.4493372311308736,-0.5002408805143734,0.551180279180618,-0.4940196494312959
1723528406.5780175,-15.669277191162113,-31.703340530395504,-0.7932162284851074,0.4499744438858454,-0.4995986965445875,0.5505390224814312,-0.4948039278196603
1723528406.7114167,-15.548004150390629,-31.692319869995114,-0.8384541869163513,0.44884653111643613,-0.5002642797299118,0.5518197867788733,-0.4937280272076658
1723528406.7781167,-15.41648101806641,-31.624444961547848,-0.9343783259391785,0.44632380095211166,-0.50151046838635,0.5516604580778355,-0.4949273217310967
1723528406.9115174,-15.269140243530277,-31.495359420776364,-0.8904491066932678,0.44419767670540605,-0.5050733552302065,0.5513373619429527,-0.4935751646626954
1723528407.0449185,-15.150688171386722,-31.490119934082028,-0.8681975603103638,0.44503511182301103,-0.505141631506836,0.552191362606969,-0.49179302600336966
1723528407.2116718,-15.094763755798343,-31.437341690063473,-0.8828409314155579,0.4439964052273344,-0.5068068902949264,0.5514319148739388,-0.49187072626174083
1723528407.2783732,-14.945562362670902,-31.45362281799316,-0.8735290765762329,0.44429261452497765,-0.5063870708918736,0.5518437719425197,-0.49157365519356366
1723528407.445113,-14.842019081115726,-31.45440292358398,-0.8530554175376892,0.44331492788645643,-0.5076942729770318,0.552788293959794,-0.49004438774499737
1723528407.5451558,-14.946207046508793,-31.409463882446286,-0.8444176316261292,0.44337377275173956,-0.5099019236373478,0.5530622617751804,-0.4873826633220996
1723528407.6118507,-14.937046051025394,-31.42497062683105,-0.8303502798080444,0.4445744808974912,-0.5105304517707174,0.5514858637140635,-0.48741720412093265
1723528407.745241,-14.871172904968265,-31.499423980712887,-0.796483039855957,0.4468738560394861,-0.5113890091914393,0.5495243192997805,-0.48662928453260157
1723528407.845283,-14.658050537109379,-31.455753326416012,-0.7216181755065918,0.4472430909401961,-0.5121140813308074,0.551161244425043,-0.4836673112303549
1723528407.9119785,-14.467195510864261,-31.492998123168945,-0.7227470278739929,0.4476977069722155,-0.5112750448426954,0.5511334393663425,-0.48416580187488095
1723528407.9786735,-14.287858009338382,-31.51466178894043,-0.755528450012207,0.44608385547229107,-0.5078897678935979,0.554466199125754,-0.4854115898729687
1723528408.1454127,-14.098442077636722,-31.509380340576172,-0.7560901641845703,0.4482481412543735,-0.5087617008200991,0.5545674848653127,-0.48237956048199254
1723528408.2788038,-13.944563865661625,-31.460071563720703,-0.7601093053817749,0.4478795897094748,-0.509809579364702,0.5552459954068655,-0.48083255972770556
1723528408.412193,-13.433532714843754,-31.305551528930664,-0.7827863693237305,0.4445654835761478,-0.5117498962729955,0.5561520703645191,-0.480799801483469
1723528408.5455823,-13.049948692321781,-31.30922508239746,-0.7224187254905701,0.4467167621532729,-0.5118794905346707,0.5555315274329129,-0.4793831907872001
1723528408.7123182,-12.643292427062992,-31.337709426879883,-0.7020227313041687,0.4489546885845811,-0.5116604283583314,0.5531915451615925,-0.4802316191295827
1723528408.7456663,-12.542967796325687,-31.349231719970703,-0.6983247995376587,0.44939349567668174,-0.5111880272101068,0.5533100609324941,-0.48018773761041733
1723528408.812361,-12.36135292053223,-31.41229820251465,-0.704286515712738,0.4494320366004438,-0.5101212346907357,0.5516203247920892,-0.4832206407750468
1723528408.9124029,-12.116216659545902,-31.48041343688965,-0.6617305278778076,0.451779648539008,-0.5083707860031637,0.5517835850714407,-0.48268951547573963
1723528409.079141,-11.75535869598389,-31.552019119262695,-0.673125147819519,0.4529632426469774,-0.5035122458164534,0.5526995120117398,-0.48561607113602795
1723528409.2125309,-11.36896896362305,-31.620861053466797,-0.6544904112815857,0.45329501707960507,-0.5019501799664128,0.5524146547573149,-0.4872450035986443
1723528409.3459198,-10.893966674804691,-31.624191284179688,-0.6783427596092224,0.4511461363546872,-0.5018213289664001,0.5514342643872044,-0.49047198646444284
1723528409.3792655,-10.622494697570804,-31.72941780090332,-0.6611788272857666,0.45263182323292844,-0.5013125171632987,0.5502662609005889,-0.49093506174107926
1723528409.5459971,-10.244132041931156,-31.65167808532715,-0.6647104024887085,0.451401501468218,-0.5019176289771737,0.551513384404164,-0.4900493495733216
1723528409.61269,-10.09186172485352,-31.695301055908203,-0.6335927248001099,0.4517495753226059,-0.5022573058345678,0.5495003183377144,-0.491639420793733
1723528409.746075,-9.899733543396,-31.695728302001953,-0.6398520469665527,0.45220088091382804,-0.5013462095426059,0.5493187031684533,-0.49235688664560007
1723528409.8461134,-9.683485031127933,-31.76706886291504,-0.619744598865509,0.45414892612061786,-0.4999929496893496,0.5483065472583184,-0.4930676762860192
1723528409.87946,-9.588653564453129,-31.774505615234375,-0.6069192886352539,0.4537376362795578,-0.4987633915988521,0.5500933467442067,-0.4927012751069432
1723528410.0128458,-9.472160339355472,-31.723129272460938,-0.5696666836738586,0.4530189421862408,-0.5023105864254157,0.548441551581984,-0.49159920390879464
1723528410.1128843,-9.312967300415043,-31.637231826782227,-0.6099939942359924,0.4509126844448848,-0.502174146068241,0.5502629955203655,-0.49163961779772697
1723528410.1795769,-9.215052604675297,-31.597978591918945,-0.6528645157814026,0.44963413929803664,-0.5025855325729119,0.5507689256621053,-0.49182366123553534
1723528410.3129623,-8.927813529968265,-31.373586654663086,-0.6984528303146362,0.44618377642826,-0.5030561103392204,0.5555622598049013,-0.4890860486489693
1723528410.4463596,-8.67484283447266,-31.18059730529785,-0.8047104477882385,0.43929611671305613,-0.504406767248595,0.559467136952796,-0.4894785568995766
1723528410.5797613,-8.50601959228516,-31.05716323852539,-0.8480361700057983,0.4378755590276139,-0.5068386542835664,0.5615986519620304,-0.48578444545364824
1723528410.6464622,-8.385111808776859,-31.066410064697266,-0.832746148109436,0.43851758945117775,-0.5074970107358302,0.5605520876522165,-0.485726738881922
1723528410.6798131,-8.303183555603031,-31.087217330932617,-0.8122485280036926,0.4387419138563798,-0.5068323563018347,0.5615545476778451,-0.48505977529939753
1723528410.8132157,-8.26687335968018,-30.99859046936035,-0.8072460889816284,0.43709619996078014,-0.5117969285520716,0.5598832795319693,-0.4832613466904197
1723528410.946619,-8.00240516662598,-30.983510971069336,-0.7579566836357117,0.436455062831216,-0.5125041112521989,0.5599697461563379,-0.48299109460547995
1723528411.0800228,-7.778392314910892,-30.996023178100586,-0.6969470977783203,0.43796624725658306,-0.5125296287746303,0.5605997196584498,-0.480860582925023
1723528411.146725,-7.6167483329772985,-31.029695510864258,-0.6794474720954895,0.43801456220732654,-0.5127697191236145,0.5595127381803542,-0.48182564715686965
1723528411.2801297,-7.467269420623783,-30.990262985229492,-0.735960066318512,0.435169805952271,-0.5137531186863017,0.5615673190493835,-0.4809647795870811
1723528411.4802113,-7.351567268371586,-30.92621612548828,-0.7624380588531494,0.43096948906436217,-0.517540796412761,0.5647092686499133,-0.47699084419402427
1723528411.646935,-7.0899868011474645,-30.917198181152344,-0.673930823802948,0.43136406891948487,-0.5210587791983281,0.5632579579435634,-0.4745137105277579
1723528411.6802802,-6.98639011383057,-30.942611694335938,-0.6740288138389587,0.43145064398126465,-0.5207878861913143,0.5633537995091449,-0.47461860054484273
1723528411.7469697,-6.842904567718509,-30.91782569885254,-0.6753302812576294,0.4304221288887641,-0.5192136551938233,0.5675956381777514,-0.47221728340322844
1723528411.8136594,-6.738992214202884,-30.96208953857422,-0.6495668888092041,0.4312165612462835,-0.520182280816229,0.5658521055089352,-0.4725188532988512
1723528412.0137274,-6.407873153686527,-30.90467071533203,-0.5986342430114746,0.4284981069870274,-0.5247363435078665,0.567864299715839,-0.4675160737544414
1723528412.080417,-6.2666320800781286,-30.876237869262695,-0.5963480472564697,0.42635690534414894,-0.52611739959722,0.5683843739896448,-0.46728949753960763
1723528412.2137957,-6.183500766754154,-30.8927001953125,-0.5399671196937561,0.42202263987262334,-0.5319175830456904,0.5651051640025784,-0.468632830582101
1723528412.280485,-5.996173858642582,-30.95035743713379,-0.536285936832428,0.4195234758491153,-0.5306026619895138,0.5665431097784306,-0.4706269999306286
1723528412.347174,-5.952330112457279,-30.947961807250977,-0.4862724244594574,0.418832619703042,-0.5295065204753693,0.5685064723024604,-0.4701090005487729
1723528412.4472122,-5.8811502456665075,-30.974681854248047,-0.4875282645225525,0.4166004388963663,-0.5254139528503728,0.5720279834722115,-0.4724068570482614
1723528412.5805974,-5.6474514007568395,-31.008501052856445,-0.48890385031700134,0.41395036033208255,-0.5208280515680509,0.5788341206933655,-0.4715233828792642
1723528412.64729,-5.537644863128666,-31.05433464050293,-0.4783951938152313,0.4142252298075985,-0.5186656404016134,0.5808769126970523,-0.4711532922024079
1723528412.747329,-5.278409004211429,-31.080615997314453,-0.5036792159080505,0.41072493436033614,-0.5162382947464763,0.5835909210629115,-0.4735236933722435
1723528412.8140213,-5.101913452148441,-31.14377784729004,-0.46443554759025574,0.4101990794468331,-0.5183023815461013,0.5794339466113468,-0.47681826519021825
1723528412.8807137,-4.927391052246097,-31.191221237182617,-0.48784685134887695,0.408617307016422,-0.5178001178441114,0.5797698464911367,-0.47831146700336935
1723528413.0807908,-4.7108082771301305,-31.214282989501953,-0.5307601094245911,0.4060505703302308,-0.5240559003340581,0.5777062391632467,-0.4761762792195887
1723528413.1808286,-4.578831672668461,-31.17972183227539,-0.5305011868476868,0.4061194587248948,-0.5248111884056743,0.5803085711858844,-0.47210397581191743
1723528413.2475207,-4.448019981384281,-31.22640609741211,-0.4953714609146118,0.4087527434636468,-0.5241830086899243,0.57968337799795,-0.47129666812381227
1723528413.3475595,-4.329990386962894,-31.2923583984375,-0.4532121419906616,0.4118173274306278,-0.5250364451404261,0.5791240430830158,-0.4683573025216761
1723528413.4809494,-4.093336105346683,-31.3708553314209,-0.4167673587799072,0.4133401102724006,-0.5272738526493934,0.5771213439232032,-0.4669723674271759
1723528413.6143394,-3.8685672283172647,-31.416065216064453,-0.3902878761291504,0.4120153566444259,-0.5294161751639526,0.5767326736198304,-0.46619875862475235
1723528413.7477288,-3.658240556716923,-31.532493591308594,-0.3513500988483429,0.4138796211801296,-0.5300411732105526,0.5749598118759115,-0.4660270685282024
1723528413.781076,-3.615072250366215,-31.449228286743164,-0.3807750940322876,0.41038234804268214,-0.5327024748603646,0.5756537774151627,-0.4652280411156144
1723528413.8811185,-3.583374023437504,-31.432018280029297,-0.3445327877998352,0.4119892984019345,-0.5366953190718787,0.5742816932184769,-0.46089422791214846
1723528413.9478135,-3.4685959815979044,-31.470613479614258,-0.3653133511543274,0.4110380979052287,-0.536437914522458,0.5742840462853617,-0.4620388296619239
1723528414.0812027,-3.2479872703552286,-31.478626251220703,-0.3299314081668854,0.4102591887121521,-0.5378515162912975,0.5769310131588169,-0.45777041249510647
1723528414.1812444,-3.0854830741882364,-31.51979637145996,-0.3998247981071472,0.406972999144474,-0.534733414411875,0.580836697198643,-0.45941471968815056
1723528414.281287,-2.8701300621032755,-31.581207275390625,-0.39200666546821594,0.40710588504101825,-0.5356494806474074,0.5792682288678652,-0.4602094645608872
1723528414.414674,-2.6115007400512735,-31.635326385498047,-0.3600839674472809,0.4062739572691561,-0.5386686396471836,0.5776973510863387,-0.45939453507126143
1723528414.4480197,-2.5235960483551065,-31.673860549926758,-0.3658817708492279,0.4056698443599988,-0.537383874218814,0.5779967088034929,-0.4610535258718259
1723528414.5828478,-2.363325357437138,-31.695480346679688,-0.33433884382247925,0.4027130331173637,-0.5390879381305093,0.5798179489324621,-0.45936647027766664
1723528414.7177124,-2.289336681365971,-31.745132446289062,-0.4187191426753998,0.3976793102359883,-0.5366764782163038,0.58268255818848,-0.46293688589536947
1723528414.920077,-2.0364654064178507,-31.820722579956055,-0.3978736102581024,0.39593655062924815,-0.538301833762534,0.5834034810107811,-0.46163379641032465
1723528414.9875503,-1.8805731534957926,-31.86127281188965,-0.3745441734790802,0.3962507707525565,-0.5391603096340685,0.5817684990155326,-0.4624250217565163
1723528415.0550325,-1.7081056833267252,-31.910432815551758,-0.38892924785614014,0.39624939982696,-0.5381324732707747,0.5825651674411861,-0.46262044921563505
1723528415.291292,-1.3897475004196207,-31.999921798706055,-0.32256266474723816,0.3965105645612885,-0.5426142244403621,0.5820144564547628,-0.4578300428149509
1723528415.3250518,-1.3111597299575846,-32.00037384033203,-0.32843127846717834,0.39658648065453317,-0.5436855219004008,0.5815744427318076,-0.45705183972841434
1723528415.3925793,-1.1280311346054117,-32.053287506103516,-0.3190143406391144,0.3969581856533978,-0.5443226483044661,0.5807900279553295,-0.4569682667464151
1723528415.4601097,-0.9657791256904641,-32.06746292114258,-0.32601720094680786,0.39479655838528055,-0.5451115694715039,0.5807736530030547,-0.4579203187159739
1723528415.5933466,-0.7872073054313699,-32.1463623046875,-0.32295647263526917,0.393877925441101,-0.546492268450666,0.5803536016530241,-0.4575981615153439
1723528415.6266553,-0.6886671781539957,-32.18320083618164,-0.32188326120376587,0.39455504370619615,-0.5458621484019079,0.5811285474772407,-0.4567827095403761
1723528415.7265782,-0.44488817453384794,-32.219078063964844,-0.33017677068710327,0.39320646216152294,-0.5453525178780531,0.5826820280822052,-0.4565752550330504
1723528415.8598046,-0.07521314918995299,-32.316471099853516,-0.3169945180416107,0.3948810346981388,-0.5437444442762847,0.5849337947030183,-0.4541623097183749
1723528415.9597216,0.21274711191653808,-32.40945053100586,-0.3031507134437561,0.39537061796591444,-0.5424918333211419,0.5867622505929649,-0.45287387483514213
1723528416.0263312,0.3833487331867178,-32.45697784423828,-0.29940932989120483,0.39594919135139006,-0.541902970524763,0.5876480635450938,-0.45192384515128176
1723528416.1928487,0.7856568694114645,-32.55207061767578,-0.29652976989746094,0.3947136755656862,-0.542831830916756,0.588099825955572,-0.451301797443811
1723528416.359359,1.2789826393127401,-32.730770111083984,-0.2676599621772766,0.3956237098546281,-0.5428417776408427,0.5892475227546268,-0.44899002391604037
1723528416.4259608,1.47739207744598,-32.79825973510742,-0.25117242336273193,0.39656663884472576,-0.5427173964963539,0.5897969401407037,-0.44758496165117
1723528416.625844,1.8020830154418905,-32.923030853271484,-0.2142019122838974,0.40344173273018746,-0.5424564874260543,0.5905910503589378,-0.4406562592054919
1723528416.692475,1.9892548322677572,-32.97999954223633,-0.21482300758361816,0.4053261672116256,-0.5432733557046542,0.5906764329261545,-0.43779688297265423
1723528416.7591052,2.181861400604244,-33.04671096801758,-0.20986855030059814,0.4045708354654805,-0.5457263968359545,0.5895217123655676,-0.43700033127765325
1723528416.925676,2.452355384826656,-33.22484588623047,-0.19239115715026855,0.3998523401900436,-0.5522031929620614,0.5851389198615897,-0.43909245517346596
1723528417.0589294,2.7689337730407675,-33.348541259765625,-0.19602370262145996,0.39833397768898426,-0.554751651107842,0.5848302917028436,-0.43766902759775234
1723528417.0922427,2.960880994796749,-33.39728927612305,-0.19336356222629547,0.39913950292043826,-0.5544323411305958,0.5863556096349174,-0.4352924710657613
1723528417.2588024,3.186192512512203,-33.371185302734375,-0.16143128275871277,0.3997984593632861,-0.5563959726754916,0.5888470382015418,-0.42877019378976045
1723528417.2921143,3.274545907974239,-33.404354095458984,-0.1598386913537979,0.40027113748095805,-0.5556839547246729,0.5898427617853298,-0.4278830159409256
1723528417.4253576,3.50410151481628,-33.50334930419922,-0.1624906212091446,0.4008250200759398,-0.5556138935043172,0.5909078785117275,-0.4259816706606816
1723528417.5919328,3.923875570297237,-33.69261169433594,-0.19405412673950195,0.3931733927765922,-0.5579945673891945,0.5914760739634024,-0.4292001862831947
1723528417.6585634,4.1557474136352495,-33.78874588012695,-0.17046545445919037,0.3904979386567867,-0.5607772870482982,0.5900398656353791,-0.42999203620129384
1723528417.7585077,4.42826652526855,-33.90972900390625,-0.176083505153656,0.3889334341076665,-0.5634026371150224,0.5883327140903745,-0.43031717355470445
1723528417.8584487,4.68292903900146,-34.00838851928711,-0.18593664467334747,0.3893734611857618,-0.5645501069372864,0.5895239636392279,-0.42677040756876883
1723528417.9916997,5.0370106697082475,-34.15163040161133,-0.18473877012729645,0.38817110816816863,-0.5645367869692406,0.5935021227541716,-0.42234658425070104
1723528418.0250125,5.129704952239986,-34.19062805175781,-0.17934127151966095,0.388011626096495,-0.5648503221026195,0.5942091127323168,-0.42107792863126137
1723528418.0916357,5.318776607513423,-34.281410217285156,-0.17776718735694885,0.3877877620370524,-0.5661872953649463,0.5944837919510287,-0.4190961933603641
1723528418.1582577,5.502080917358394,-34.3701171875,-0.17807039618492126,0.3858691882899667,-0.5685337347484776,0.5945459908659356,-0.4175996009656052
1723528418.291499,5.77048015594482,-34.45494079589844,-0.15980874001979828,0.38111241645818383,-0.573356918108467,0.5964135808455396,-0.4126814886344741
1723528418.3581178,5.962262630462642,-34.54542541503906,-0.16129110753536224,0.37772816013899824,-0.5749898748700462,0.5981806546326849,-0.410959834117823
1723528418.5581417,6.176049232482906,-34.54635238647461,-0.15623080730438232,0.3714589734128666,-0.5794826498807262,0.6032872456929564,-0.40281830735764435
1723528418.5915024,6.259345531463619,-34.598365783691406,-0.1532038301229477,0.37086235314578236,-0.5797818848509657,0.6041438909519206,-0.40165188913200517
1723528418.6582248,6.369174480438228,-34.73284149169922,-0.1537845879793167,0.36912309531000925,-0.5801798322805602,0.6041065248531646,-0.4027341671046693
1723528418.7249472,6.571919918060298,-34.816490173339844,-0.1531580090522766,0.36674036302385216,-0.5810376911739381,0.6059149373403787,-0.40095360862847673
1723528418.858392,6.8611378669738725,-34.86325454711914,-0.13829638063907623,0.3624197860246102,-0.5844541433009877,0.6059464211232591,-0.3998677128802703
1723528418.891754,6.9471621513366655,-34.91914367675781,-0.14695049822330475,0.3619263897020055,-0.5846493928679203,0.6054807596387072,-0.4007336092266015
1723528419.0251987,7.113045692443843,-34.991512298583984,-0.130332350730896,0.36222319303438677,-0.5855220286568145,0.6051924550969464,-0.39962533037748316
1723528419.091921,7.291043281555171,-35.08468246459961,-0.1228555291891098,0.3627120025218136,-0.5847954740328741,0.6062799741707134,-0.39859609844658667
1723528419.192004,7.6032032966613725,-35.20613098144531,-0.1297326683998108,0.3619942586991257,-0.584347436657207,0.6079824885709791,-0.39731036172249656
1723528419.2587268,7.757114887237544,-35.31351852416992,-0.12783437967300415,0.36131585624336576,-0.5851457124070961,0.6073454689250606,-0.3977270781011948
1723528419.3921716,8.063801765441891,-35.449371337890625,-0.11771750450134277,0.3616606369837512,-0.585697946941264,0.6074065701927039,-0.396505683555774
1723528419.4588943,8.232475280761715,-35.55217361450195,-0.12519571185112,0.3607638378179925,-0.5853860163038106,0.6072910081428982,-0.39795765687767676
1723528419.6255434,8.669755935668942,-35.75941848754883,-0.12819495797157288,0.360473843762014,-0.5837189991858768,0.6087163517440861,-0.3984910802919529
1723528419.6921594,8.83923530578613,-35.85137939453125,-0.12842154502868652,0.36102797180868124,-0.5827139577945406,0.6088994601675977,-0.3991800275198407
1723528419.7587738,9.01009654998779,-35.9243049621582,-0.12931188941001892,0.361818753432109,-0.5825698012472751,0.6084366269808328,-0.3993801288092988
1723528419.9586098,9.457915306091305,-36.124576568603516,-0.10274270176887512,0.36515544651847026,-0.5819854704703286,0.6051737885555413,-0.4021431308435595
1723528420.0252192,9.653643608093258,-36.20058822631836,-0.10914376378059387,0.3656377291034679,-0.5812637662444069,0.6041862762115991,-0.40422818895394685
1723528420.2250397,10.035537719726557,-36.38424301147461,-0.08027101308107376,0.370380446737158,-0.5774799542757545,0.6007352959593433,-0.41042944737566806
1723528420.2916439,10.223505020141596,-36.45137405395508,-0.08250826597213745,0.37283762475025944,-0.5759409589427974,0.6000197041115456,-0.4114127757624074
1723528420.358247,10.38607501983642,-36.53357696533203,-0.0793968141078949,0.37626843976627755,-0.5742082262522359,0.5979061873053046,-0.41378154299357794
1723528420.4248486,10.557258605957026,-36.600624084472656,-0.08208376169204712,0.37855117266509625,-0.572567164163239,0.5968992658065174,-0.4154240227473463
1723528420.4914489,10.732840538024897,-36.66889190673828,-0.08492056280374527,0.3807023305004008,-0.5710577316384727,0.5956643942754856,-0.4173041242066805
1723528420.6579885,11.090802192687983,-36.79273986816406,-0.07862170040607452,0.38580356483651124,-0.5670540487275061,0.5928111349515539,-0.4221140526666149
1723528420.7579148,11.342933654785151,-36.889347076416016,-0.0754675418138504,0.387994394442594,-0.5642209615634957,0.5913768673607056,-0.4258972377981894
1723528420.8911448,11.629158020019526,-36.95649337768555,-0.061082154512405396,0.3902651286437843,-0.5624536687039854,0.5886246378061736,-0.42995352736502673
1723528420.991063,11.86518764495849,-37.05693054199219,-0.05547911301255226,0.3931626358266144,-0.5609342512634042,0.5857694477765938,-0.4331859434480044
1723528421.057674,12.020853042602534,-37.12938690185547,-0.054043665528297424,0.39519553821447123,-0.55936403939474,0.5838234633933234,-0.43598454284389393
1723528421.1575885,12.280339241027827,-37.21516036987305,-0.053749483078718185,0.39782926873083796,-0.5576057368030214,0.5817816787837974,-0.43856332890125754
1723528421.224196,12.43053531646728,-37.24172592163086,-0.09011737257242203,0.3994297357122531,-0.5561783799652548,0.5808659765898645,-0.44013204056097466
1723528421.3241043,12.60912418365478,-37.238067626953125,-0.06289029866456985,0.4021168070333039,-0.554696275428927,0.5796387108597005,-0.44117239306139844
1723528421.3907087,12.76874446868896,-37.299434661865234,-0.06293818354606628,0.4039118325964755,-0.5532920857005122,0.5776776817844,-0.44385988257324555
1723528421.4573116,12.90345668792724,-37.35715866088867,-0.03815644234418869,0.4055653697378101,-0.5523074745357051,0.5758859307626178,-0.4459019838384869
1723528421.5239143,13.065613746643061,-37.403568267822266,-0.032884806394577026,0.4071000411882367,-0.5516756078987303,0.5737481652950033,-0.44803640804595357
1723528421.5905292,13.212448120117182,-37.44999694824219,-0.03438100963830948,0.4087565782040706,-0.550443767051048,0.5716905957383441,-0.4506657096273116
1723528421.657143,13.35750293731689,-37.49934768676758,-0.04157232493162155,0.4101325983823515,-0.5488671058001809,0.5699223809570574,-0.45356877273343327
1723528421.8902802,13.877148628234858,-37.61398696899414,-0.025630012154579163,0.414431615319763,-0.5436756632037443,0.5648960698444768,-0.4621208064323495
1723528421.9568877,14.051994323730463,-37.646976470947266,-0.020800746977329254,0.4169490235798727,-0.5424480483130292,0.5630157969670033,-0.4635912412705688
1723528422.0234935,14.217224121093745,-37.68244171142578,-0.01789345033466816,0.4188255940874632,-0.5407185214270094,0.5616229547501009,-0.46560526094626364
1723528422.0900981,14.390015602111811,-37.72088623046875,-0.020996298640966415,0.4208888577032395,-0.5398438743459527,0.5589023211614496,-0.4680270891655284
1723528422.190002,14.64063167572021,-37.775718688964844,-0.023539751768112183,0.4232440160300795,-0.5379469591795114,0.5554473000321758,-0.4721820294030821
1723528422.256603,14.80630493164062,-37.813663482666016,-0.026383208110928535,0.4246595483051694,-0.5376422294570832,0.5521943227965114,-0.4750647650678472
1723528422.489696,15.140669822692866,-37.877281188964844,0.0065551698207855225,0.4329424879057495,-0.5334022026673018,0.5437052154424852,-0.4821073853990327
1723528422.5563014,15.336216926574702,-37.909358978271484,0.0028811758384108543,0.43577870564287235,-0.5312950670170337,0.5421124958657203,-0.4836698391442533
1723528422.65622,15.604192733764643,-37.93095016479492,0.000262054440099746,0.4387934210141399,-0.5275518010336576,0.5406768705911543,-0.4866394481632249
1723528422.7228308,15.77727317810058,-37.93736267089844,0.006673039402812719,0.4406835663117927,-0.5248744506974832,0.5404246241319991,-0.4881045287840737
1723528422.8227448,16.030759811401364,-37.971107482910156,0.003941936418414116,0.4432929668924346,-0.521863239804177,0.5377892321124425,-0.4918666956287046
1723528422.9892602,16.46908378601074,-38.000308990478516,0.004859703592956066,0.44643909519092273,-0.5179722825753953,0.5328561656981918,-0.4984587800873471
1723528423.055864,16.54556274414062,-37.901371002197266,0.3708678185939789,-0.44732011088657375,0.513490913057752,-0.5305289547400602,0.504748282598325
1723528423.155768,16.795909881591793,-37.92173385620117,0.38011348247528076,-0.44952765966836256,0.510292253927035,-0.5293763233000277,0.5072350609968674
1723528423.2556677,17.04141235351562,-37.92763137817383,0.38936126232147217,-0.45278657283939927,0.5076849760408036,-0.5280523598554141,0.5083315746733901
1723528423.3222659,17.21469116210937,-37.93055725097656,0.38675323128700256,-0.45483832438717003,0.5050311463690297,-0.5279292058035981,0.5092704522406903
1723528423.3888626,17.385320663452145,-37.93812942504883,0.3883056044578552,-0.45685164608776296,0.5028887366184759,-0.5277126357043802,0.5098125794516163
1723528423.4554584,17.55239677429199,-37.947574615478516,0.3944322168827057,-0.45855181623602165,0.501010352500109,-0.5269876981434464,0.5108843553289084
1723528423.5220532,17.71234321594238,-37.955650329589844,0.39735177159309387,-0.459973323101745,0.49983016391937307,-0.5259534414474702,0.5118274384014919
1723528423.5886714,17.881143569946286,-37.95936584472656,0.4004555642604828,-0.4609644763308305,0.49946427457862425,-0.5247196579339806,0.5125587483970384
1723528423.6885972,18.142005920410153,-37.98064422607422,0.4081753194332123,-0.4619845166766826,0.4990485312442822,-0.5230273911247295,0.5137735084131878
1723528423.7885187,18.375562667846676,-37.99047088623047,0.4173085391521454,-0.46233802416942427,0.49861577720475575,-0.5215758435844474,0.5153489085258476
1723528423.8551316,18.540626525878903,-38.006256103515625,0.42139002680778503,-0.46300507311644035,0.49839709461419923,-0.5207884364168205,0.515757736580934
1723528423.9217434,18.68645858764648,-38.01762390136719,0.43144699931144714,-0.4624897344244656,0.4985516132123629,-0.5203548660699733,0.516507839120219
1723528424.0549626,18.990770339965817,-37.98879623413086,0.43763652443885803,-0.4656328474241159,0.49768462771310223,-0.5210359666782359,0.5138264144294815
1723528424.154874,19.22327613830566,-38.00042724609375,0.4676012694835663,-0.4675535264948099,0.4971818810997425,-0.5187600064268494,0.5148707922386004
1723528424.22148,19.365085601806637,-37.98126220703125,0.47612500190734863,-0.4684287104318984,0.4971180307139752,-0.5185853802680092,0.5143125607589732
1723528424.2880843,19.53705787658691,-37.97779083251953,0.4725593626499176,-0.4680527778458799,0.49700065286944206,-0.5185415054605221,0.5148122524890402
1723528424.3879876,19.797538757324215,-38.009002685546875,0.4733489751815796,-0.4692744596930795,0.4956221718260469,-0.5158380525143218,0.5177366587874888
1723528424.487889,20.068201065063473,-38.02854537963867,0.46786800026893616,-0.47053851854543816,0.4946643840469725,-0.514143953145583,0.5191884486044795
1723528424.6211143,20.366758346557614,-38.059417724609375,0.47618627548217773,-0.4722246113347232,0.4938998700177733,-0.5109502087758945,0.5215330468897116
1723528424.6877291,20.55148315429687,-38.07040023803711,0.47471025586128235,-0.47260457122202554,0.4933232913514536,-0.5092858787287076,0.5233592869126741
1723528424.8209548,20.746337890624996,-38.09882354736328,0.4848124384880066,-0.47590501424472154,0.49113997434012513,-0.5062227265259894,0.5253898497025862
1723528424.8875654,20.92815780639648,-38.101806640625,0.4870629608631134,-0.4764313707668485,0.48969805006222367,-0.5058763617571844,0.5265909943493073
1723528424.9541748,21.104669570922848,-38.1106071472168,0.48283684253692627,-0.4770022096191509,0.4875177147306007,-0.5056415923166514,0.5283199314447464
1723528424.9874785,21.194662094116207,-38.10880661010742,0.4826499819755554,-0.4771613177174149,0.4868838956836024,-0.5055725522512532,0.5288265721465717
1723528425.1539946,21.587104797363278,-38.06640625,0.5382243394851685,-0.48009421469644187,0.48502487768863534,-0.5034423555564596,0.5299115092823466
1723528425.2205985,21.71630477905273,-38.07471466064453,0.5092666745185852,-0.4814956139853961,0.4829282172487717,-0.5026247039573588,0.5313291989619309
1723528425.287201,21.90457725524902,-38.10467529296875,0.5054374933242798,-0.4826641111434068,0.4814560982522582,-0.500442464431447,0.5336597427796451
1723528425.320501,21.973415374755856,-38.069969177246094,0.5127701759338379,-0.483185080521992,0.48181689696457347,-0.5000854139767029,0.5331971816205853
1723528425.3871017,22.092184066772457,-38.07913589477539,0.5141733884811401,-0.48440473482292434,0.4804586371450637,-0.4981188494099007,0.5351534011256934
1723528425.520299,22.235799789428707,-38.12118911743164,0.5074329972267151,-0.487817593437664,0.4777153640604863,-0.49246156834813765,0.5397255137320595
1723528425.5536213,22.325872421264645,-38.11128234863281,0.5116446614265442,-0.48835203816384054,0.4772039190053652,-0.49225997565485263,0.5398785260365777
1723528425.720225,22.48245048522949,-38.18836212158203,0.5752493143081665,-0.49626802741974096,0.47360794831141645,-0.4841473043560547,0.5431527813994289
1723528425.7535455,22.56947517395019,-38.166534423828125,0.5744708776473999,-0.496281538756201,0.4737268314387349,-0.4842702889820202,0.5429270767553083
1723528425.820185,22.74435997009277,-38.16399002075195,0.5597324371337891,-0.4962395608894734,0.4720744930563753,-0.4829979997535611,0.5455317620889256
1723528425.8535037,22.840120315551754,-38.14796447753906,0.5611038208007812,-0.49644860599888974,0.4716536252675103,-0.4828683154816032,0.5458203269187885
1723528425.9534605,22.88396835327148,-38.1937370300293,0.5569577813148499,-0.49951467996195376,0.46819016085640575,-0.4773681227052111,0.5508200551946729
1723528426.0534139,22.915050506591793,-38.277137756347656,0.592638373374939,-0.5059728487433068,0.46385200923605013,-0.4712366206996863,0.5538671656397425
1723528426.219999,23.052286148071286,-38.359107971191406,0.5980131030082703,-0.5117389341607196,0.45803446772673295,-0.46253737696488906,0.560702117481983
1723528426.2866309,23.21193695068359,-38.348663330078125,0.6034626960754395,-0.5132464197061507,0.4556286939359616,-0.461394077809277,0.5622242531975606
1723528426.4198916,23.425720214843746,-38.331050872802734,0.6372063159942627,-0.5159919399184185,0.45463569928552694,-0.45508555975219656,0.5656463843952485
1723528426.4532058,23.513847351074215,-38.308929443359375,0.6365311741828918,-0.5159179711975365,0.45415140436247503,-0.4552710272916889,0.565953567547533
1723528426.5198343,23.646726608276364,-38.309326171875,0.6255353093147278,-0.5180485573272371,0.45117872062416536,-0.4533305002877596,0.5679391796803239
1723528426.7196665,24.037414550781246,-38.25947189331055,0.625449001789093,-0.5204062935318958,0.44753153966824183,-0.44759107539449017,0.5731972085432475
1723528426.7862744,24.216333389282223,-38.2429313659668,0.6162176728248596,-0.5215716609997654,0.44615801289860024,-0.44511662664698093,0.5751323488126283
1723528426.8528807,24.376619338989254,-38.220149993896484,0.6102492809295654,-0.5228742701598059,0.44467863405146213,-0.4437470116248884,0.5761527572588345
1723528426.9527884,24.569347381591793,-38.24565887451172,0.6015635132789612,-0.5264392261154002,0.4415564768897056,-0.43858762727610323,0.5792499565162585
1723528427.0859926,24.854373931884762,-38.167236328125,0.6067119240760803,-0.5290406511671157,0.438520881759672,-0.4362737737446373,0.5809308220571594
1723528427.2191913,25.128025054931637,-38.08897399902344,0.5919647216796875,-0.5314339354737614,0.4356153774021583,-0.43354433021415717,0.5829721510816819
1723528427.3523843,25.422292709350582,-38.06220626831055,0.5929024815559387,-0.5340551135243112,0.4326241971240382,-0.427411230810317,0.5873168476712773
1723528427.4189787,25.61174392700195,-38.02411651611328,0.6063582301139832,-0.535922448555527,0.4294358888207202,-0.4263909128757429,0.5886957923613836
1723528427.4855714,25.74836730957031,-38.03697967529297,0.6336663365364075,-0.5371541696127116,0.42908530039574105,-0.4213773806861306,0.5914324188764686
1723528427.6187928,25.873661041259762,-38.02579879760742,0.6294125318527222,-0.5378698574304419,0.42751599684823094,-0.4185711129398249,0.593905979359474
1723528427.6854074,25.98660850524902,-38.01936721801758,0.6463636159896851,-0.5394803176223907,0.4254723646222753,-0.4162863169064404,0.5955165456956213
1723528427.7853262,26.253166198730465,-37.9653434753418,0.631476640701294,-0.5416207253190418,0.4214103092166002,-0.412562513827481,0.5990429979352017
1723528427.8519375,26.43874931335449,-37.92366409301758,0.6166868209838867,-0.5425952088328377,0.4189399866408313,-0.40996809808077556,0.60166924925665
1723528427.9185474,26.60005187988281,-37.89014434814453,0.629761278629303,-0.5444542714944053,0.4168297684140598,-0.4072605408076571,0.6032920870659855
1723528428.0517623,26.695129394531246,-37.896724700927734,0.652091920375824,-0.548888744706,0.4146921145635787,-0.40151095693171396,0.6045994934811296
1723528428.1183677,26.827703475952145,-37.89712905883789,0.6704299449920654,-0.5515585144971978,0.414559979460208,-0.39596146481803773,0.6059189276584371
1723528428.1849716,27.0009593963623,-37.84989929199219,0.6527933478355408,-0.5523383902800688,0.41210162876475676,-0.3930733120741727,0.6087593297250542
1723528428.2182736,27.099128723144528,-37.82664108276367,0.6514950394630432,-0.5533773677779213,0.4110945750605201,-0.39070297387549113,0.6100212499510463
1723528428.3847752,27.199048995971676,-37.78921127319336,0.5724714398384094,-0.5535655247360951,0.4080217837651971,-0.3855669238030445,0.6151598012433647
1723528428.4513736,27.38030624389648,-37.74188232421875,0.5513768792152405,-0.5544236178036217,0.40452462197066485,-0.3818479365399634,0.6190043906154514
1723528428.5179706,27.518432617187496,-37.69460678100586,0.5637043714523315,-0.5566068456963121,0.4009722378228499,-0.37946056258184224,0.620821846639122
1723528428.5845838,27.695238113403317,-37.642845153808594,0.578504204750061,-0.5589962090712597,0.3985394015613064,-0.37560082447996934,0.6225862223797469
1723528428.7178054,27.895065307617184,-37.64424133300781,0.5562026500701904,-0.5628890074538337,0.3918293165927678,-0.36851252338833335,0.6275541984976643
1723528428.784414,28.057752609252926,-37.579803466796875,0.5615018606185913,-0.5648322474529044,0.3880649653716116,-0.36494992651379204,0.630223504818734
1723528428.917627,28.267196655273434,-37.45144271850586,0.5683097839355469,-0.5671313517091463,0.38328154779574103,-0.3572487186929383,0.6354767013983373
1723528428.9842315,28.44362068176269,-37.39551544189453,0.5831243991851807,-0.5700183603208908,0.37853373495848525,-0.3518865390546468,0.6387230573790216
1723528429.0508344,28.612751007080075,-37.31985855102539,0.5910888314247131,-0.5716666837023185,0.37557203058777916,-0.3470538343566446,0.6416357912736137
1723528429.1174357,28.78322601318359,-37.248779296875,0.6166757345199585,-0.5740427486031321,0.37204352938495355,-0.3409072137689762,0.6448571986255734
1723528429.2506342,28.91645812988281,-37.16875457763672,0.6079168915748596,-0.5781677336941657,0.3666971528650062,-0.3324785529142412,0.6486241451316028
1723528429.3172312,28.98093223571777,-37.11583709716797,0.61508709192276,-0.5796615109369803,0.3636314976615615,-0.3279486622855333,0.6513173892594888
1723528429.4171245,29.102897644042965,-37.05370712280274,0.6183999180793762,-0.5830823167174526,0.35795990133408295,-0.3208507534155942,0.6549309238392608
1723528429.483718,29.253992080688473,-36.94193267822266,0.6233364939689636,-0.5855796432436235,0.3535128031895483,-0.31753448648764426,0.6567320833420327
1723528429.5503318,29.417037963867184,-36.85263824462891,0.6273266077041626,-0.5887379954904551,0.348159724370646,-0.3117080680491101,0.6595532270447384
1723528429.6169662,29.56633377075195,-36.75864410400391,0.6294826865196228,-0.5908538361551845,0.3425825440832225,-0.3059112871621087,0.6632851793738431
1723528429.6505072,29.654464721679684,-36.73010635375977,0.6646772623062134,-0.5942148941644531,0.3418324688292964,-0.29882493180607483,0.6638997536814505
1723528429.7175937,29.805820465087887,-36.63220977783204,0.6683142185211182,-0.5964563214062278,0.3374424720114376,-0.2918013883406252,0.6672513653038444
1723528429.8517804,29.840454101562496,-36.5382423400879,0.6485625505447388,-0.5987464107019936,0.3298464012412981,-0.28426372082596324,0.6722337571721781
1723528429.9188807,29.935518264770504,-36.4190902709961,0.6395122408866882,-0.6007181542205802,0.3260245474802574,-0.2790275708580873,0.674528952922814
1723528430.0530949,29.958621978759762,-36.40661621093751,0.6588850021362305,-0.6053668790319011,0.318945130085229,-0.269141442760847,0.6777667958484702
1723528430.1202087,30.080564498901364,-36.28652954101563,0.6718282103538513,-0.6088936316009562,0.3134598593325362,-0.26274919717113004,0.6796722161225605
1723528430.1873274,30.199457168579098,-36.16291809082032,0.699212372303009,-0.6118473247221223,0.30959986715220467,-0.2551534155562074,0.6816799161041203
1723528430.3215778,30.34878349304199,-36.02970123291016,0.6767180562019348,-0.6144787934439726,0.29766755847740667,-0.24758924125629228,0.6873931950869697
1723528430.3887098,30.530158996582028,-35.89706039428712,0.6428203582763672,-0.6144140301908133,0.28873828535056495,-0.24572090635855443,0.6919153403819203
1723528430.489417,30.61764526367187,-35.74617004394532,0.6656681299209595,-0.6169526469010802,0.28316465042873756,-0.23572664874531382,0.6954280403468251
1723528430.5565608,30.64372634887695,-35.61191177368165,0.6410247683525085,-0.6170915917986503,0.27949563759093543,-0.23134403280673876,0.6982550353443642
1723528430.657039,30.74994850158691,-35.40289688110352,0.6235775947570801,-0.6182317642234527,0.2727701786563028,-0.22437730176674023,0.7021685992643384
1723528430.723708,30.87362480163574,-35.266498565673835,0.6405050754547119,-0.6207437290191825,0.2679149204885921,-0.21718470397401596,0.7040806932608435
1723528430.7908056,30.94772911071777,-35.13171005249024,0.6150377988815308,-0.6207593750357262,0.26279794725050276,-0.2118101218702757,0.707623847463803
1723528430.8245733,30.99331665039062,-35.063285827636726,0.6191214919090271,-0.6214493601508014,0.26028293604472,-0.2084691690259864,0.7089387078850431
1723528430.8921185,31.058811187744137,-34.92315673828126,0.6304940581321716,-0.6232032686601118,0.2567170125840133,-0.20238378733787554,0.7104610221567892
1723528431.0948446,31.24927711486816,-34.68697357177735,0.6315643787384033,-0.6267027044928055,0.24018129746384836,-0.18979824933887232,0.7166123701680603
1723528431.1624503,31.29204940795898,-34.54314041137696,0.608318567276001,-0.6267392905384802,0.23427877833554375,-0.18666932587144988,0.7193510120209925
1723528431.1962583,31.32259368896484,-34.47241210937501,0.6160064935684204,-0.6280647396290203,0.23244614296769142,-0.18307278242948005,0.7197137137693729
1723528431.3315296,31.431522369384762,-34.352741241455085,0.6195540428161621,-0.6302406865388107,0.22238568243811235,-0.17436669037933153,0.7231442059256108
1723528431.4668617,31.48106002807617,-34.196586608886726,0.6355496644973755,-0.6324927181021227,0.2141171163338939,-0.16749817645992315,0.7252938597032564
1723528431.5007045,31.523597717285153,-34.11737823486329,0.6345219016075134,-0.6330090302270348,0.21169398499345243,-0.1652826251930223,0.7260625855791798
1723528431.6361117,31.61867523193359,-34.06756591796876,0.6500372886657715,-0.6357447036435924,0.20464137530965756,-0.1580515910266132,0.7273034262771274
1723528431.703838,31.68009567260742,-33.92037582397462,0.6496936678886414,-0.6357849515797528,0.20145103945432496,-0.15351357372233101,0.7291286283849387
1723528431.7715716,31.710670471191403,-33.77493286132813,0.6406999826431274,-0.6358766204035815,0.19844200213810856,-0.15088495184743198,0.730421403518227
1723528431.8381524,31.755477905273434,-33.63040924072266,0.6433895826339722,-0.6361292487629563,0.19571134845447427,-0.14765783137043784,0.731596754906272
1723528432.0045953,31.860439300537106,-33.410419464111335,0.6616986989974976,-0.6366902795543335,0.18751546228267144,-0.14227835101804565,0.7343162194569356
1723528432.1710267,31.983833312988278,-33.29925537109376,0.6927797794342041,-0.6391176713564158,0.1802075444174754,-0.13701754180057074,0.7350374387294194
1723528432.204311,32.001480102539055,-33.23129653930665,0.6930449604988098,-0.6393520274295247,0.179017591356231,-0.13519692165462482,0.7354614057731943
1723528432.337445,32.0997085571289,-33.17916870117188,0.7118578553199768,-0.6415425936945309,0.17463635318875706,-0.13370059436567325,0.7348805315742768
1723528432.4040089,32.121746063232415,-33.031173706054695,0.7026577591896057,-0.6404536017633018,0.17393729226405402,-0.13445450309327628,0.7358579950956593
1723528432.470571,32.168708801269524,-32.87891006469727,0.7028080821037292,-0.6400276757230323,0.17320817812611614,-0.13358258291232117,0.7365590233520172
1723528432.537131,32.213909149169915,-32.73805236816407,0.6954038143157959,-0.6388763580018655,0.17187574369415284,-0.1328590601608378,0.7380001341795496
1723528432.703523,32.32030487060546,-32.626659393310554,0.7458887100219727,-0.6409797573858087,0.17109498767326026,-0.13102441848237673,0.7366845034178959
1723528432.7700777,32.39368820190429,-32.567184448242195,0.7346441149711609,-0.6412609553271946,0.16967333030501705,-0.1282838951468128,0.7372506971187074
1723528432.8366568,32.44638442993163,-32.413322448730476,0.7360785007476807,-0.6406973314714404,0.16843645121306647,-0.12574804716853777,0.7384602358837087
1723528432.9698095,32.4731216430664,-32.24391174316407,0.7117148637771606,-0.639324099843218,0.1687912878692175,-0.12366937811906464,0.7399189694924396
1723528433.0030959,32.50337600708007,-32.15473175048829,0.7073326110839844,-0.6384704655708262,0.16812987690947484,-0.1224165366278715,0.7410141703396868
1723528433.1029537,32.501270294189446,-32.00537872314454,0.7759629487991333,-0.6402859095685349,0.16756726880430553,-0.1242982585800058,0.7392598375046745
1723528433.1695232,32.48485565185546,-31.865942001342777,0.7654461860656738,-0.6391250261982562,0.16742860808055182,-0.12423717307689494,0.7403053335679469
1723528433.2693725,32.52261734008788,-31.664356231689457,0.7639979720115662,-0.6390084904134721,0.16600472430189195,-0.12277677585333088,0.7409699346127409
1723528433.402499,32.55251312255859,-31.403354644775394,0.7607484459877014,-0.639097979389227,0.16505659617146695,-0.12133817169086136,0.7413414468998855
1723528433.535617,32.54272460937499,-31.124307632446293,0.7319439649581909,-0.6362486177174301,0.16684821020730436,-0.1203548965421321,0.7435482970739773
1723528433.635451,32.586406707763665,-30.898921966552738,0.7191208004951477,-0.6340751859555944,0.16514509885284115,-0.12066447712166731,0.7457317472397286
1723528433.6687274,32.60742187499999,-30.822937011718754,0.7158596515655518,-0.6341162127818288,0.16310103308063292,-0.12175242655403343,0.7459698575166864
1723528433.7020044,32.62501144409179,-30.74668884277344,0.7233272790908813,-0.633890479318247,0.16309690132949886,-0.120216906781657,0.7464115194249411
1723528433.868427,32.666694641113274,-30.63704109191895,0.7522549033164978,-0.6353357798167982,0.16069388350300923,-0.11935475822793835,0.7458420505560496
1723528433.935005,32.74769210815429,-30.450048446655277,0.7646975517272949,-0.6352655005326499,0.1595918175796493,-0.1181013900828485,0.7463378975069702
1723528433.968294,32.773200988769524,-30.361516952514652,0.7681465148925781,-0.6350084821782082,0.15882376998102296,-0.11780906321248236,0.7467665379994881
1723528434.0681555,32.81061172485351,-30.25747871398926,0.8191134929656982,-0.6360868562220316,0.1560461109938376,-0.11885050717733173,0.7462691736424347
1723528434.1680136,32.8212661743164,-30.12302398681641,0.79206782579422,-0.6345572687871781,0.1561940958512652,-0.11750833925073037,0.7477514742593947
1723528434.2345831,32.85793304443359,-29.94069290161133,0.7968176603317261,-0.6342448498925787,0.15624975183332368,-0.11636221982801533,0.7481840142862329
1723528434.43428,32.92541885375976,-29.663682937622074,0.8348733186721802,-0.63328718194342,0.15291103620691368,-0.11681873538748412,0.7496125287471912
1723528434.5008419,32.993083953857415,-29.4936695098877,0.8616430163383484,-0.6335203841992035,0.15215808507750284,-0.11270611768211385,0.7501980878319183
1723528434.63396,33.066604614257805,-29.334281921386722,0.8958773612976074,-0.6341679115816203,0.15064372629854697,-0.11173377658747793,0.7501020536011045
1723528434.733793,33.098499298095696,-29.087308883666996,0.895557165145874,-0.6333093759260745,0.15054114936553706,-0.11181607959497862,0.7508353754691094
1723528434.8003893,33.111412048339844,-28.92345237731934,0.8960723876953125,-0.6328212892787981,0.15083414612990703,-0.11204372433863964,0.7511540987261591
1723528435.0336118,33.267852783203125,-28.727762222290043,0.9188756346702576,-0.6336434984158554,0.151788446027276,-0.11136171096926205,0.7503697447911524
1723528435.0669281,33.28944396972656,-28.640850067138675,0.9218270182609558,-0.6337046978216222,0.15246273686215087,-0.11097299929229018,0.7502389374428539
1723528435.1335616,33.29719924926758,-28.489780426025394,0.933661162853241,-0.6333997340985983,0.1541968082674667,-0.1111178177904887,0.7501206247887275
1723528435.3001432,33.36161422729492,-28.313993453979496,0.9922065734863281,-0.6341562857998346,0.15415066035393202,-0.11488938975027138,0.7489217630806407
1723528435.3667746,33.45298385620117,-28.123497009277347,1.005426049232483,-0.6338182425771404,0.1539877303448877,-0.11452416175767231,0.7492972912358338
1723528435.4334054,33.48528289794922,-27.965415954589847,1.011759877204895,-0.6336359915231297,0.15429911206912844,-0.11653222142188772,0.749077736708053
1723528435.5333502,33.52497863769531,-27.71183013916016,1.0322949886322021,-0.6340554920735401,0.15723906899939907,-0.11681847661473088,0.748066141242201
1723528435.6999235,33.583309173583984,-27.564283370971683,1.0582611560821533,-0.6345947313864061,0.15932583120277444,-0.11589236175229002,0.7473110242032005
1723528435.7665527,33.60490417480469,-27.389371871948246,1.0778852701187134,-0.6342100771921501,0.16184762831908986,-0.11575360358909893,0.7471171437275085
1723528435.7998478,33.644290924072266,-27.290218353271488,1.0796692371368408,-0.6336890751396758,0.16132665082536496,-0.11718987745928931,0.7474479248771583
1723528435.8997328,33.6555290222168,-27.181161880493168,1.122273564338684,-0.6343475055452208,0.1620509566558002,-0.12092440888189307,0.7461367280814294
1723528436.032906,33.733333587646484,-27.100452423095707,1.1494040489196777,-0.6356164380590533,0.16143048819346004,-0.12107329036252004,0.7451665582348257
1723528436.1993618,33.8464241027832,-26.902353286743168,1.1671730279922485,-0.6369268449113331,0.16274256473408125,-0.12019065149051979,0.7439040658239154
1723528436.2659414,33.849056243896484,-26.74116706848145,1.1732237339019775,-0.6361402220398226,0.16453108109592937,-0.1205282535598876,0.744129075732385
1723528436.3325188,33.83806228637695,-26.572177886962894,1.202675461769104,-0.6355980440927954,0.16745953555520623,-0.12048257137819551,0.7439464902068869
1723528436.3990946,33.863487243652344,-26.399837493896488,1.220238447189331,-0.6359283967009659,0.16874134806372226,-0.12047385082216759,0.7433757347338256
1723528436.4989555,33.8770637512207,-26.143184661865238,1.2361624240875244,-0.6352865484017318,0.1719342128372764,-0.1207684514054826,0.7431450793895912
1723528436.6320963,33.90837097167969,-25.798177719116214,1.253899097442627,-0.634876865614276,0.17612563361510547,-0.11982810774799792,0.7426657062804264
1723528436.7319467,33.879581451416016,-25.55522727966309,1.265446424484253,-0.6331295803164275,0.18057691890627647,-0.12123499480936924,0.7428600049270608
1723528436.8651276,33.95782470703125,-25.35727119445801,1.2926924228668213,-0.6333341444023447,0.18038613745629814,-0.12300418862783842,0.7424410229289291
1723528436.8984265,33.99380874633789,-25.263454437255863,1.3046475648880005,-0.633353041926247,0.18144833841796926,-0.12196940672277833,0.7423367757236747
1723528436.9983177,34.02409744262695,-25.180555343627933,1.3265279531478882,-0.6351082661257099,0.18210034779938694,-0.1218292769617031,0.7406987112889596
1723528437.031615,34.06355285644531,-25.076473236083988,1.3293068408966064,-0.6345529289705617,0.1821501880799945,-0.1220562825136257,0.7411249241634355
1723528437.1980908,34.161224365234375,-24.92263793945313,1.326601266860962,-0.6346010684057675,0.1829066238007785,-0.12161302000152381,0.740970258724443
1723528437.2646785,34.19905090332031,-24.73654365539551,1.3373100757598877,-0.6341117587100398,0.18482342859031978,-0.12164773474085547,0.7409078258070959
1723528437.2979722,34.2398681640625,-24.64163398742676,1.346678376197815,-0.6341470686515742,0.18493105751519398,-0.1205839307073731,0.7410246385526511
1723528437.3978488,34.26430892944336,-24.475431442260746,1.3410069942474365,-0.6322314875875767,0.18966536894597733,-0.11865694634897066,0.7417755206317634
1723528437.5310125,34.380191802978516,-24.31489181518555,1.396591305732727,-0.63193210180839,0.1858256683952759,-0.12232218408915138,0.7424068446270815
1723528437.5975919,34.41476821899414,-24.139522552490238,1.413854718208313,-0.630738754671846,0.1880603197948964,-0.12034334457613713,0.7431819554388276
1723528437.6974585,34.47093963623047,-24.03413772583008,1.4165133237838745,-0.6279440286214308,0.18912366993668647,-0.1212453529333793,0.7451295852269102
1723528437.7973325,34.537654876708984,-23.925550460815433,1.4390949010849,-0.6247610629455859,0.18766576738702193,-0.12294904361509046,0.7478895016326118
1723528437.8639276,34.55514144897461,-23.789987564086918,1.4717594385147095,-0.6219485907130351,0.1884223234107021,-0.12410490853014594,0.7498499518098981
1723528437.9305212,34.59800720214844,-23.67348670959473,1.4820305109024048,-0.6193856907999566,0.18858567535403625,-0.12365570168811274,0.752001380665982
1723528438.0304089,34.662662506103516,-23.545873641967777,1.5218052864074707,-0.6157414867545276,0.18786231320715166,-0.12542857281628153,0.7548760467037307
1723528438.0969982,34.70512390136719,-23.401956558227543,1.5255123376846313,-0.6126302685918298,0.18950903670010102,-0.12405411706524028,0.7572192912579988
1723528438.263463,34.81013870239258,-23.197010040283207,1.557251214981079,-0.60889450111365,0.18747005073765172,-0.12586743890929253,0.7604339908318126
1723528438.2967556,34.815067291259766,-23.11160469055176,1.57473886013031,-0.6079545949444971,0.18848281229119257,-0.1252058214613418,0.7610446387885972
1723528438.396628,34.85584259033203,-22.977912902832035,1.611413598060608,-0.6057940519302246,0.18877514182018174,-0.12579724447548188,0.7625959387245034
1723528438.4299183,34.870521545410156,-22.903970718383793,1.614142656326294,-0.6050218563504958,0.18908068654054752,-0.12551995879188144,0.7631787387371582
1723528438.5630746,34.93413162231445,-22.772264480590824,1.6537623405456543,-0.605185069296334,0.18829279037581004,-0.1263159595260902,0.7631127933420367
1723528438.5963619,34.96651840209961,-22.696750640869144,1.6590602397918701,-0.605229951525265,0.1872559912062499,-0.1263798906917912,0.7633217033222762
1723528438.7960954,35.100746154785156,-22.473518371582035,1.7159820795059204,-0.6046624796058316,0.1849375012567943,-0.1295467968543939,0.7638056256735657
1723528438.8959904,35.175392150878906,-22.254037857055668,1.7334338426589966,-0.6040487759214237,0.18543799708045938,-0.12840661657313973,0.7643621957991223
1723528438.9625847,35.26468276977539,-22.08166313171387,1.7623809576034546,-0.6051311307398269,0.18478306333931782,-0.12714567234144256,0.7638753249826301
1723528439.0291772,35.282318115234375,-21.942918777465824,1.7659802436828613,-0.6054314923085726,0.18479494114334452,-0.12784689139197367,0.7635173280353573
1723528439.1623569,35.351627349853516,-21.738344192504886,1.861138105392456,-0.6084990963792822,0.18609085147307153,-0.12774442794172272,0.7607761864263801
1723528439.228944,35.428924560546875,-21.570415496826175,1.8792132139205933,-0.609095506400539,0.18495566561701463,-0.1285599312297706,0.7604383011928283
1723528439.3954043,35.532596588134766,-21.339450836181644,1.8972703218460083,-0.6082351976542802,0.18458527398664423,-0.12915176203616763,0.7611163139262536
1723528439.4619856,35.58610534667969,-21.192289352416996,1.9017144441604614,-0.6077282720854417,0.18485730674435832,-0.12880998070019073,0.761513041466318
1723528439.4952757,35.62359619140625,-21.116592407226566,1.9126441478729248,-0.6074917397634181,0.18518934257964337,-0.12778946859401139,0.76179298056007
1723528439.5618544,35.66446304321289,-20.97965812683106,1.9197033643722534,-0.6073472085584746,0.18629103810926886,-0.1269762070583387,0.7617755970215098
1723528439.6284313,35.71956253051758,-20.8346118927002,1.9300827980041504,-0.6073149137133648,0.1864177621068069,-0.1267769863633781,0.7618035240670906
1723528439.7615807,35.78643798828125,-20.572727203369144,1.9493911266326904,-0.607607223913044,0.1863237116269038,-0.12782607901828186,0.7614180385682168
1723528439.9614627,35.91545486450195,-20.278762817382816,2.051398992538452,-0.6079384336095364,0.18696998749829552,-0.12599320239381595,0.7613007274827875
1723528439.9947748,35.94024658203125,-20.210531234741214,2.0608222484588623,-0.6081285939252712,0.1875756072291537,-0.12506558165140674,0.7611528132440175
1723528440.1280217,36.04404830932617,-19.993129730224613,2.092440128326416,-0.60822429909834,0.1862848611051976,-0.12362663232729508,0.7616282612198435
1723528440.1613328,36.06145095825195,-19.925855636596683,2.102139472961426,-0.6082324504063715,0.1858223366203134,-0.12344912231796912,0.761763519528568
1723528440.2279537,36.0942497253418,-19.820138931274418,2.1206157207489014,-0.608187747357295,0.1853662610913431,-0.12346164963390863,0.7619082846925536
1723528440.2612631,36.1234016418457,-19.74699401855469,2.130781412124634,-0.6083274600383209,0.18470560790915505,-0.1235832617515002,0.7619374759027769
1723528440.4944236,36.25548553466797,-19.451059341430668,2.190415382385254,-0.611057070767359,0.181993587779877,-0.12373538871393033,0.7603796051000025
1723528440.5943437,36.310028076171875,-19.25312995910645,2.2186033725738525,-0.612411987215316,0.1830886189313328,-0.12134574578681864,0.7594111702577503
1723528440.6276503,36.32774353027344,-19.18278503417969,2.219280958175659,-0.6124616590085641,0.18308874714588158,-0.12099755769100189,0.7594266376325245
1723528440.6942618,36.35330581665039,-19.042047500610355,2.2335169315338135,-0.6148001567750891,0.18376072544365957,-0.11954502047655914,0.757602634032515
1723528440.7608726,36.39726257324219,-18.943229675292972,2.2392921447753906,-0.616822572509031,0.18301640508713723,-0.11875416375922125,0.756262096169159
1723528440.827478,36.43415832519531,-18.81221389770508,2.263901710510254,-0.6190038237812622,0.18408271989820937,-0.11587986247653644,0.7546652740463633
1723528440.8607795,36.437442779541016,-18.74419975280762,2.2747745513916016,-0.6200862701484159,0.1854922814447699,-0.11499744618504883,0.7535656696458225
1723528440.993984,36.53326416015625,-18.596403121948246,2.3180735111236572,-0.6257114577696332,0.18421950024789407,-0.11380465954365385,0.7493976559947128
1723528441.0605836,36.5506477355957,-18.465215682983402,2.326942205429077,-0.6277897180342494,0.18411309035529078,-0.11339717062181151,0.7477456262561956
1723528441.1271818,36.60005187988281,-18.359506607055668,2.3585166931152344,-0.6298536585002192,0.18257433677652793,-0.11349815291034861,0.7463706516942097
1723528441.1937783,36.628990173339844,-18.22759056091309,2.3730361461639404,-0.6310603374074704,0.18266955501294435,-0.11306596367653846,0.7453930319505532
1723528441.3269663,36.70811080932617,-18.02609443664551,2.3925511837005615,-0.633336537539625,0.18152064230987322,-0.11270951560574533,0.7437954367463198
1723528441.3935578,36.73947525024414,-17.884956359863285,2.415342092514038,-0.6343622776862174,0.1817696604122006,-0.11142426049121643,0.7430537836364023
1723528441.5600297,36.82738494873047,-17.809673309326175,2.4306862354278564,-0.6364806533311638,0.1797357864087398,-0.1098682279964931,0.7419679221476341
1723528441.6266158,36.88314437866211,-17.65365028381348,2.437268018722534,-0.6359523867689593,0.17977905875881894,-0.10969064438195579,0.7424365389241888
1723528441.6931996,36.92164993286133,-17.501893997192386,2.442349910736084,-0.6353190577982744,0.1797007592139009,-0.1089802515687713,0.7431020365362135
1723528441.7597826,36.929908752441406,-17.355840682983402,2.490572214126587,-0.6358821708989462,0.18015552966419657,-0.10867158864518062,0.7425552744985311
1723528441.8264027,36.978271484375,-17.225917816162113,2.5092668533325195,-0.6359762050656123,0.17940163313597557,-0.10853271897823773,0.7426775676763625
1723528441.8930216,36.99662780761719,-17.101097106933597,2.5125954151153564,-0.6355039752622977,0.1791840012535471,-0.10862971785099233,0.7431200276672669
1723528442.0262556,37.070030212402344,-16.883558273315433,2.543830394744873,-0.6371702617925059,0.1779843084501815,-0.10816691439648285,0.7420482208473544
1723528442.0928705,37.14876937866211,-16.72112846374512,2.551239013671875,-0.6372738477419628,0.17704327064668943,-0.10746770598104127,0.7422859391596
1723528442.2260969,37.21663284301758,-16.493299484252933,2.578951120376587,-0.6381318659841012,0.17621591462147157,-0.10596034391984925,0.7419623161361731
1723528442.3260126,37.3371696472168,-16.26400756835938,2.590576648712158,-0.6383149384384873,0.1748458034114312,-0.10445833572876614,0.7423418622794069
1723528442.45923,37.46636962890625,-15.976639747619634,2.610090970993042,-0.6389228615034837,0.17317969388950807,-0.10312925451827108,0.7423952636803675
1723528442.55914,37.5548210144043,-15.740770339965826,2.6088061332702637,-0.6389279081170146,0.1713346279709158,-0.10358637943288006,0.7427552998688538
1723528442.625745,37.619815826416016,-15.593360900878912,2.634894609451294,-0.6396392305696463,0.17114623421613945,-0.10149285963538258,0.7424754680613614
1723528442.6923485,37.68627166748047,-15.443238258361822,2.649324417114258,-0.6399852172435875,0.17002291702802003,-0.10088500075366513,0.7425182462525041
1723528442.7589512,37.761383056640625,-15.277785301208501,2.6509032249450684,-0.6395462518653668,0.16849875700229652,-0.09996932299811667,0.7433672679590755
1723528442.8255484,37.795982360839844,-15.144088745117193,2.659738540649414,-0.639772271747804,0.16694165936473038,-0.10091707806841253,0.7433960357880167
1723528442.8921442,37.8721809387207,-14.978649139404302,2.679556131362915,-0.6399670128359177,0.1662343725733535,-0.09963213564394063,0.7435602150492207
1723528442.958738,37.90776443481445,-14.842035293579107,2.690960645675659,-0.6397886586430735,0.1655792525450802,-0.1000517595222303,0.7438034880361983
1723528443.0919204,38.025306701660156,-14.542695999145513,2.7099826335906982,-0.6406630018447156,0.16319826019957412,-0.09847386191539588,0.743787701198815
1723528443.1585088,38.08121109008789,-14.376411437988287,2.722416639328003,-0.6406456101218552,0.16322673907600638,-0.09768620016112449,0.7439002891384637
1723528443.2250955,38.14870834350586,-14.204910278320318,2.737887144088745,-0.6395128356803157,0.16369732194409786,-0.09613982130939062,0.7449722508570708
1723528443.29168,38.18922424316406,-14.049510955810552,2.7502329349517822,-0.6376812946560535,0.16412006095264026,-0.09501023755386158,0.746592410086414
1723528443.358263,38.233642578125,-13.879614830017095,2.7728893756866455,-0.6364828245651355,0.16400278825150652,-0.09496973734255092,0.7476452691406571
1723528443.3915534,38.26353073120117,-13.815469741821294,2.7663843631744385,-0.6354857317789248,0.16489084152444794,-0.09420661531887231,0.748394286934986
1723528443.624577,38.3818359375,-13.627158164978033,2.721449136734009,-0.6329151102365813,0.16224363675559147,-0.08968832781797523,0.7516990550877068
1723528443.6911511,38.4440803527832,-13.447514533996587,2.744170904159546,-0.6323065490328715,0.16039850937985775,-0.08970436392175994,0.7526047258237574
1723528443.7910166,38.51166915893555,-13.198463439941412,2.778444290161133,-0.6313155920373441,0.15784097260664623,-0.08896982393294502,0.7540631412862364
1723528443.8576014,38.58802032470703,-13.006664276123052,2.800833225250244,-0.6311866329526965,0.15713279876835085,-0.08711938145789319,0.7545349105955649
1723528443.9574754,38.644195556640625,-12.775279045104986,2.8355743885040283,-0.6313146822402498,0.15833787165873883,-0.08387401393968816,0.7545435972640139
1723528444.0906339,38.73716354370117,-12.476549148559576,2.880880117416382,-0.6306130223107219,0.15964968382606826,-0.0783492199607455,0.7554472809388596
1723528444.15721,38.78656005859375,-12.331260681152349,2.8813836574554443,-0.6300102508520118,0.15949307940626345,-0.0768987061110052,0.7561320191880158
1723528444.2237847,38.82743835449219,-12.210766792297369,2.880646228790283,-0.6296204451299542,0.15929829442383994,-0.07555406985972075,0.7566331548350539
1723528444.3569276,38.913414001464844,-11.956265449523931,2.921070098876953,-0.6305492708684877,0.15653031487054161,-0.07673407289419878,0.7563185569525684
1723528444.3902118,38.950416564941406,-11.866504669189458,2.9280717372894287,-0.6309018735772289,0.1554520559981318,-0.07619275068325893,0.7563016256402036
1723528444.4567795,38.97206497192383,-11.755393028259283,2.936460256576538,-0.6314510449896436,0.1536060854417938,-0.07743879515355617,0.7560938971463143
1723528444.5233455,39.0197868347168,-11.628911018371587,2.958092212677002,-0.6319743968184403,0.15183635779769733,-0.07707086518508977,0.7560516939709349
1723528444.7230315,39.1380615234375,-11.239576339721685,2.9816815853118896,-0.6299438536733538,0.15081562563369377,-0.0772342457930125,0.7579315665419052
1723528444.7896028,39.210716247558594,-11.074985504150396,2.995330333709717,-0.6302712639276521,0.14944857054103128,-0.07552235743958581,0.7581026527832823
1723528444.8228943,39.241127014160156,-10.997436523437505,3.0137014389038086,-0.631005743818859,0.14992014051068092,-0.07468768354945335,0.7574809916181943
1723528444.8894746,39.28702163696289,-10.867794990539556,3.034759044647217,-0.6316144317838107,0.14970874580546287,-0.07354794165022602,0.75712693867725
1723528444.9560528,39.30522918701172,-10.753673553466802,3.032050848007202,-0.6323910663252761,0.15029259404005424,-0.07245932011489423,0.7564676611311147
1723528445.022629,39.357547760009766,-10.61265659332276,3.047654628753662,-0.6319634364000173,0.15040938487872407,-0.07169950090659705,0.7568741068127711
1723528445.1224895,39.47183609008789,-10.364258766174322,3.0710184574127197,-0.6319293661639758,0.14862671182891632,-0.07029833419212834,0.7573859788247549
1723528445.25563,39.55164337158203,-10.139698982238775,3.1028664112091064,-0.634218637435082,0.14515541878664012,-0.07010031869959263,0.7561630575775827
1723528445.3221974,39.59575653076172,-9.967293739318853,3.119340181350708,-0.6353178297396698,0.14466242147755418,-0.0701696464291559,0.7553279153765825
1723528445.422045,39.592159271240234,-9.866271972656255,3.1324126720428467,-0.6369321163078956,0.14535072629089743,-0.07020493601653481,0.7538314881597666
1723528445.4886074,39.65597152709961,-9.710122108459478,3.149895668029785,-0.6367188242911683,0.14519297810263,-0.06897778016673187,0.754155291532342
1723528445.5884466,39.690494537353516,-9.540799140930181,3.1605167388916016,-0.6366469873197709,0.14501651714217398,-0.0684517887080987,0.7542978032019415
1723528445.655004,39.75148010253906,-9.394699096679693,3.185023069381714,-0.6364744516714578,0.1439524494367181,-0.06751832733781375,0.7547312370269236
1723528445.7881405,39.807899475097656,-9.071918487548833,3.243004560470581,-0.6371590833601897,0.14269001555797392,-0.0678939783265453,0.7543595095567249
1723528445.8549943,39.837791442871094,-8.972008705139165,3.225921154022217,-0.6367084209805159,0.14214785767581356,-0.06768887058897281,0.7548606427739256
1723528445.9218533,39.897926330566406,-8.801447868347173,3.2420942783355713,-0.6367487103055531,0.14159382043495658,-0.0669599528072308,0.7549957845305506
1723528446.055586,39.96184539794922,-8.581115722656255,3.2650198936462402,-0.6365018084915439,0.1403876405467217,-0.06591302742237196,0.7555211651467721
1723528446.0890229,39.99941635131836,-8.49687290191651,3.269479274749756,-0.6363717449826376,0.13967688253942884,-0.06481903332849835,0.7558570391219351
1723528446.12246,40.00691604614258,-8.437988281250005,3.2802574634552,-0.6366673261076953,0.1398124529483981,-0.06441821082698579,0.7556172893610095
1723528446.1893387,40.035850524902344,-8.314570426940923,3.2937629222869873,-0.6367585003863031,0.13980112185917284,-0.06379964320524142,0.7555950397134612
1723528446.3231115,40.11245346069336,-8.066258430480962,3.3142566680908203,-0.6365676850385312,0.13875868769497504,-0.06280650810311691,0.7560310519375159
1723528446.3900054,40.159523010253906,-7.913596153259283,3.331418991088867,-0.636419151548207,0.1381163560456803,-0.06171475733981648,0.7563635531024818
1723528446.490356,40.21004104614258,-7.7298870086669975,3.3486928939819336,-0.6368859566259264,0.13724024025272943,-0.06208405725769664,0.7560998376818202
1723528446.5907168,40.258811950683594,-7.506407260894781,3.3847994804382324,-0.6366151575258223,0.13566845468495184,-0.06079412366939779,0.7567161199148856
1723528446.6241734,40.2571907043457,-7.44437980651856,3.3909263610839844,-0.6363202147071902,0.13514486987696736,-0.06190641422124292,0.7569676640248253
1723528446.6910899,40.310546875,-7.30512666702271,3.4026496410369873,-0.6364568136679729,0.13517082696970256,-0.059887635752293215,0.7570105963300241
1723528446.7580109,40.34285354614258,-7.152272701263433,3.421945810317993,-0.6363560996513506,0.13471732187589078,-0.0595656242950771,0.7572014883935752
1723528446.8584292,40.388710021972656,-6.929125785827642,3.445397138595581,-0.635757459014758,0.13373047508910332,-0.058993214020967626,0.7579237521274931
1723528446.9923668,40.45037078857422,-6.619772911071783,3.4949657917022705,-0.6360590824584291,0.1335050318950173,-0.057245739785346174,0.757844426882774
1723528447.0593467,40.48393630981445,-6.461466312408453,3.5198874473571777,-0.6364103480446762,0.13328641595485233,-0.056510633656554864,0.75764315380481
1723528447.0928395,40.49631118774414,-6.386192321777349,3.5303471088409424,-0.6365559677450717,0.13271589193819636,-0.05644801524141322,0.757625642075616
1723528447.15983,40.52088928222656,-6.225816249847417,3.5547690391540527,-0.6366940191831415,0.13187193520079635,-0.05649250861696208,0.7576536907538806
1723528447.2268276,40.55681228637695,-6.059801101684576,3.5734283924102783,-0.6364229538140656,0.1318318371903443,-0.05523983897691884,0.7579807060548459
1723528447.2938323,40.54990768432617,-5.9248857498169,3.6124260425567627,-0.6373647968210494,0.13330699147765201,-0.054618748982966946,0.7569756627897462
1723528447.427863,40.661529541015625,-5.662184715271001,3.5982978343963623,-0.6375745147579266,0.13081425911395672,-0.05384009092146615,0.7572896489146207
1723528447.494889,40.68778991699219,-5.500445365905767,3.623993396759033,-0.6388141783383563,0.13014927288165773,-0.0530193062508208,0.7564169257009974
1723528447.5619226,40.7099494934082,-5.344846248626714,3.6526992321014404,-0.6385022747704613,0.12997045913760746,-0.052672360794625166,0.7567351896620289
1723528447.6289628,40.73115921020508,-5.184059143066412,3.6704347133636475,-0.6386256032576967,0.12912582914264714,-0.053367332028358146,0.7567270227658993
1723528447.6960104,40.77629852294922,-5.020359992980962,3.6885759830474854,-0.6386935958886354,0.12888798689045103,-0.05250629360094214,0.7567704186465425
1723528447.763065,40.81852722167969,-4.870754718780523,3.700125217437744,-0.6387326341635907,0.12907925009004975,-0.05163051669763838,0.7567651280259721
1723528447.829938,40.84812545776367,-4.7313518524169975,3.7095727920532227,-0.6385594664516533,0.1286871459558454,-0.051564329049908854,0.7569825270376799
1723528447.9633203,40.94629669189453,-4.51640129089356,3.713567018508911,-0.6382967389062331,0.12756404144677444,-0.052371409329999515,0.7573387114866262
1723528447.9966652,40.9619140625,-4.430981636047369,3.7218017578125,-0.637581416271631,0.12769287170277047,-0.052765020928964144,0.7578920244386578
1723528448.163393,41.108985900878906,-4.234642505645757,3.7362170219421387,-0.6383389861951531,0.12754738394209106,-0.052958597392638154,0.757265072821319
1723528448.230084,41.16912841796875,-4.057242393493658,3.748265504837036,-0.6378010052859298,0.12707428238362203,-0.05334373313456039,0.7577707110651702
1723528448.2967749,41.170711517333984,-3.916816711425786,3.778310775756836,-0.6378997154646227,0.12787053361760317,-0.054125573487043194,0.757498186094991
1723528448.463501,41.253318786621094,-3.666287899017339,3.8135366439819336,-0.6387414084544464,0.12807791696682935,-0.054779885413325805,0.7567064321552786
1723528448.5301917,41.3114128112793,-3.447343349456792,3.8246002197265625,-0.6388839295678396,0.1288992926752415,-0.0537852568237402,0.7565179727119392
1723528448.6302278,41.39555358886719,-3.1681628227233936,3.8514397144317627,-0.6388346337325753,0.12866962714551913,-0.05409459991301016,0.7565766399078488
1723528448.6969182,41.4404411315918,-2.9855902194976855,3.876338005065918,-0.6393230231762953,0.12890960589087078,-0.056027088825491456,0.7559823747042805
1723528448.7636087,41.47113800048828,-2.8077411651611377,3.878326892852783,-0.6380186635956906,0.12972804430990031,-0.05629070453241291,0.7569241547251232
1723528448.8303027,41.52744674682617,-2.6273517608642627,3.8961691856384277,-0.6383748521513383,0.12974432355880133,-0.056248675694596476,0.7566241108553378
1723528448.8974044,41.58249282836914,-2.475555658340459,3.9161882400512695,-0.6386440315467055,0.12954216063749607,-0.05553055788026337,0.7564846242513107
1723528449.0316231,41.66976547241211,-2.1573309898376514,3.9539687633514404,-0.6381312657394241,0.13050288135590796,-0.056782304659561494,0.7566592730688992
1723528449.1323004,41.753387451171875,-1.8785134553909353,3.977216958999634,-0.6385483628304008,0.13032818724688677,-0.05696855622070948,0.7563234331538877
1723528449.1994255,41.80656433105469,-1.6873680353164724,4.00132417678833,-0.6389631580862323,0.13074728891912524,-0.05743029197394906,0.755865722607233
1723528449.2665555,41.864906311035156,-1.484001636505132,4.010750770568848,-0.6385161119271212,0.13109828802429532,-0.05855737208534204,0.7560961895559517
1723528449.333691,41.90619659423828,-1.3152236938476614,4.049712657928467,-0.6396586277267778,0.13167658165361917,-0.05892326896867119,0.7550007723126904
1723528449.5687058,42.062477111816406,-0.7568268179893545,4.131900787353516,-0.6402052625599466,0.1332521981350074,-0.05915011218065168,0.7542428903952327
1723528449.703028,42.17886734008789,-0.3909012973308615,4.1083245277404785,-0.6387796176944227,0.13506901943266114,-0.058166380959398446,0.7552043644827224
1723528449.770197,42.23360824584961,-0.19445602595806638,4.129138946533203,-0.6385056068062724,0.1353926020327142,-0.05896073262079032,0.7553165332498585
1723528449.8373675,42.294620513916016,-0.004986160900448972,4.148671627044678,-0.6384674941336468,0.13451081473976617,-0.060062577650608,0.7554194771242736
1723528449.870688,42.31949996948242,0.09349203109740693,4.155224323272705,-0.6381791055302599,0.13460670285622356,-0.060731786995477655,0.7555925587637227
1723528450.0372877,42.40503692626953,0.25626030564307645,4.206703186035156,-0.6368077129558408,0.13361756144172174,-0.06044859074738569,0.756946663821814
1723528450.1705632,42.50254821777344,0.38123559951781705,4.280336856842041,-0.6368917967714394,0.13239657486743656,-0.0629444713458967,0.7568870323209432
1723528450.2705169,42.55723190307617,0.5226561427116342,4.2766265869140625,-0.6370058797417191,0.1345838174559482,-0.059676764496623375,0.7566699340086648
1723528450.3371515,42.624515533447266,0.7080569267272897,4.295708179473877,-0.6376092317406775,0.13322499567994792,-0.06219942799550621,0.7561989151553795
1723528450.4371026,42.73324203491211,0.9756991267204232,4.295065402984619,-0.6375023166457312,0.1313654286419095,-0.06310400942091669,0.7565393607896804
1723528450.5037348,42.79869079589844,1.1596602201461739,4.300752639770508,-0.6383574541696625,0.13136047443809834,-0.0618233044903978,0.7559246427279062
1723528450.5370502,42.829063415527344,1.2534036636352486,4.303313255310059,-0.6381501564908252,0.1309503735278806,-0.06155891581867577,0.7561923547133184
1723528450.6703112,42.81686019897461,1.3612945079803414,4.324758052825928,-0.639174335031757,0.1329059613307578,-0.06067036282893249,0.7550571382045627
1723528450.8035686,42.85258865356445,1.550731301307673,4.370013236999512,-0.6392914594771023,0.1339977306089523,-0.059861313733665794,0.7548295576813131
1723528450.8368835,42.89155960083008,1.6465312242507881,4.381583213806152,-0.639054024645978,0.13312873513154566,-0.06015393124205822,0.7551610411178388
1723528450.970181,42.912105560302734,1.7786080837249703,4.403508186340332,-0.6390806976928003,0.13495655544571453,-0.05825589411163246,0.7549628075474749
1723528451.1034756,42.928104400634766,1.9069654941558785,4.42920446395874,-0.6386754053367542,0.13464463549558112,-0.05604683495643657,0.7555284912176118
1723528451.1701214,42.9837760925293,2.087321043014521,4.437723636627197,-0.6373685983389206,0.13350097675571043,-0.056696205348026,0.7567855041924928
1723528451.303411,43.04024124145508,2.1505806446075386,4.439522743225098,-0.6379725124768059,0.12956712711806484,-0.056767300573942074,0.7569550227589158
1723528451.3700547,43.0606803894043,2.2991945743560738,4.468043804168701,-0.6371740971149499,0.1321592712206058,-0.05415524798040742,0.7573706530572513
1723528451.4700177,43.03596115112305,2.41265201568603,4.442389488220215,-0.6377449276391484,0.13137430130422098,-0.056493337360102196,0.7568558007053147
1723528451.6032999,43.02124786376953,2.587330818176264,4.537817001342773,-0.6412486249556821,0.13105059116361417,-0.058132402618127674,0.7538213099362197
1723528451.6366203,43.060062408447266,2.6800386905670113,4.544381141662598,-0.6414277420013662,0.1300786601820367,-0.057716136118445574,0.7538692470102704
1723528451.8032165,43.102142333984375,2.814333915710444,4.503206729888916,-0.6414884482323934,0.12953745803963326,-0.05619383035531006,0.7540257762033238
1723528451.8698618,43.21442413330078,2.9552018642425484,4.483343601226807,-0.6415761728887066,0.1261405672799838,-0.054380744483678335,0.7546597288163489
1723528452.0031624,43.35868453979492,3.0995645523071236,4.416496753692627,-0.6412901468201881,0.12444894468184775,-0.05144692222990191,0.7553890533705043
1723528452.1031363,43.36423873901367,3.323064565658564,4.498674392700195,-0.6418942485457064,0.1254113887678316,-0.050940739231301456,0.7547508187063035
1723528452.1697843,43.419429779052734,3.5182607173919624,4.5257887840271,-0.6421534778772234,0.1243627544791691,-0.050882534271808215,0.7547077473132355
1723528452.2697542,43.47954177856445,3.7429590225219673,4.541172504425049,-0.6412936049224055,0.12611617103573494,-0.04973921873219351,0.755223962681814
1723528452.369723,43.56051254272461,4.023427009582514,4.588099002838135,-0.6409827168514666,0.12351287236967028,-0.05117379248801086,0.7558220491750028
1723528452.4030452,43.580963134765625,4.121150493621821,4.60240364074707,-0.6410380300094134,0.12326462785283605,-0.051494342020276855,0.7557938927656475
1723528452.5696547,43.61140060424805,4.314028263092036,4.623459339141846,-0.6406884563181937,0.12252249119638467,-0.05046943916147265,0.7562799592759074
1723528452.6029756,43.63297653198242,4.403729915618891,4.6239423751831055,-0.6404744973327776,0.12277356735294254,-0.05053117077119131,0.7564163339102686
1723528452.7362583,43.67970275878906,4.62743473052978,4.648650169372559,-0.6414535390695296,0.12065709784332909,-0.04926566901872648,0.7560106585302472
1723528452.936218,43.764610290527344,4.849609374999995,4.6766886711120605,-0.6401725119150333,0.12109881851853406,-0.04308562031188149,0.7574020467784282
1723528453.0361772,43.80818557739258,5.106070041656489,4.720723628997803,-0.6408537035565351,0.12063933520125149,-0.04088024164535089,0.7570214576107407
1723528453.1361334,43.878257751464844,5.249753952026362,4.731156349182129,-0.6411489180733115,0.11912463911956503,-0.03823798884049194,0.7571494181583249
1723528453.2027702,43.91250228881836,5.36236953735351,4.739975452423096,-0.6407127577982482,0.11609481644450534,-0.03741503262674879,0.7580298614980938
1723528453.2694058,43.95156478881836,5.515187740325922,4.731210231781006,-0.6398059411321366,0.11488735722741614,-0.036524056310100125,0.7590225597121457
1723528453.336041,43.976131439208984,5.670733451843256,4.758976459503174,-0.6398691355759943,0.11454508726609687,-0.03702742582675187,0.7589966284886096
1723528453.5026245,44.01087951660156,5.8716168403625435,4.788394927978516,-0.6402383955795743,0.11312231596269864,-0.03317465706806886,0.7590767949195547
1723528453.602571,44.05892562866211,6.069192886352534,4.8255157470703125,-0.6403487558697115,0.10956018872245492,-0.031123880528876702,0.7595928777733747
1723528453.7025163,44.066287994384766,6.182965755462641,4.856993675231934,-0.6405570083936213,0.10843612400134044,-0.029029291698612746,0.7596615208320461
1723528453.769145,44.09730911254883,6.321497440338129,4.848171710968018,-0.6401103284517052,0.10646655715410872,-0.027375552629340275,0.7603776816394858
1723528453.8024588,44.1172981262207,6.413884162902827,4.858639240264893,-0.640027489804755,0.10469190530461034,-0.027011532663222114,0.7607067729165414
1723528454.0023901,44.11655044555664,6.633699893951411,4.881942272186279,-0.6391962192941039,0.09950839497486798,-0.022606554002205202,0.7622435413211417
1723528454.035716,44.131465911865234,6.70216560363769,4.881184101104736,-0.6390020215836172,0.09900455368502481,-0.021368210671206936,0.7625076487055001
1723528454.1023662,44.16847610473633,6.8173589706420845,4.859054088592529,-0.637927881584476,0.09683085763166267,-0.01922010289135156,0.763742358752155
1723528454.1690156,44.209224700927734,6.993575572967524,4.871490478515625,-0.6373282926305185,0.09439172232476069,-0.017796375279450112,0.7645823299005454
1723528454.335635,44.233097076416016,7.254423618316645,4.94356107711792,-0.6391739911357971,0.09107978496567413,-0.012102711192479201,0.763553931433749
1723528454.5355725,44.24529266357422,7.544401168823237,4.9758687019348145,-0.6394232671097305,0.08747292908727261,-0.007448541034490496,0.7638264798971484
1723528454.6022167,44.27473068237305,7.724834918975825,4.988929748535156,-0.6392023458932643,0.08443160083540102,-0.005629403211405822,0.7643690048689852
1723528454.702182,44.29747009277344,7.883125782012934,5.0072021484375,-0.6402191466133426,0.08130478425712076,-0.0037601001850458143,0.7638683381402747
1723528454.7688243,44.32492446899414,8.066681861877436,5.017696857452393,-0.6400772822140275,0.07873377114054499,-0.0015175592946113927,0.7642641971787505
1723528454.8687863,44.3260612487793,8.272900581359858,5.065426826477051,-0.6404185874374688,0.07590700167315559,0.00029600690843591734,0.7642657079455409
1723528454.9687464,44.38789749145508,8.511126518249506,5.085311412811279,-0.6398370406154712,0.07213613134450794,0.005240287716059098,0.7650996532450768
1723528455.135341,44.44064712524414,8.785618782043452,5.045745849609375,-0.6385723301496472,0.067195294084909,0.010258374683809404,0.7665539363729986
1723528455.2019775,44.46200180053711,8.941122055053706,5.0621819496154785,-0.637608364288347,0.0646466862319838,0.01290735207355446,0.767534872179246
1723528455.2686126,44.46855926513672,9.100954055786127,5.084320068359375,-0.6367401121461725,0.06186378542999336,0.013385600899837334,0.7684762373196075
1723528455.401881,44.39088821411133,9.204792022705073,5.132767200469971,-0.6372800498602937,0.06207116022615037,0.014369088466273201,0.7679940354031988
1723528455.5351455,44.39311599731445,9.384693145751948,5.18197774887085,-0.6375821318574513,0.05910831900134266,0.017108086027040992,0.7679209237632704
1723528455.6350918,44.34468078613281,9.551397323608393,5.205924034118652,-0.6374181948811302,0.05613489500595391,0.017318265741039895,0.7682753387092904
1723528455.7017214,44.324893951416016,9.659855842590327,5.22609281539917,-0.6376122803477773,0.055087082253317515,0.0188533602061317,0.7681539846459573
1723528455.8349774,44.19131088256836,9.715677261352534,5.23285436630249,-0.6380754343564731,0.05789667865163365,0.017496352179376035,0.767594679718615
1723528455.868291,44.18666076660156,9.774389266967768,5.228272914886475,-0.6366944907212229,0.05641909488977734,0.017403207103222126,0.7688524823394819
1723528455.9349508,44.19614791870117,9.866620063781733,5.259261131286621,-0.6372372183087807,0.05449037890711483,0.017904034766209404,0.7685303974129696
1723528456.1015987,44.14561462402344,10.057706832885737,5.290731906890869,-0.6383488874519888,0.05261034796043136,0.019870410666393612,0.7676900520107313
1723528456.234915,44.11654281616211,10.273715972900385,5.327574729919434,-0.6381670584855308,0.04927117244428567,0.020736878961599644,0.7680398029274411
1723528456.3349004,44.204551696777344,10.443240165710444,5.318113327026367,-0.6374200624384114,0.043951525545520564,0.0239913608571891,0.7688877304310775
1723528456.401557,44.23382568359375,10.61089134216308,5.349329948425293,-0.6382230260704894,0.04049147271803518,0.02728517057866849,0.7683015873321133
1723528456.4682133,44.251808166503906,10.779212951660151,5.359317779541016,-0.6381183826507475,0.038091198700650815,0.030629472186361525,0.7683852066108031
1723528456.6348526,44.269309997558594,11.02504444122314,5.3916449546813965,-0.6389850108653714,0.03256146674797477,0.0349117970804618,0.767736330517981
1723528456.7348342,44.29249572753906,11.24947834014892,5.447892665863037,-0.6399535202592103,0.028882693384801095,0.03845060943162494,0.7669073168023767
1723528456.8681424,44.28535461425781,11.39276790618896,5.496493339538574,-0.6403564532044564,0.02320188003420954,0.03754806179788082,0.7668085997545343
1723528456.9347935,44.292091369628906,11.568693161010737,5.521961212158203,-0.6408196709284356,0.020221804621540763,0.0407898768290637,0.7663402729318677
1723528456.9681191,44.30369567871094,11.668185234069819,5.533997535705566,-0.6413514181912703,0.019449900993738698,0.04300011356830087,0.7657943914449187
1723528457.0347693,44.310302734375,11.841097831726069,5.552729606628418,-0.6404692182331013,0.017056478924100754,0.04636628619712512,0.7663931266177157
1723528457.2680385,44.24845504760742,12.148848533630366,5.55987548828125,-0.6387455119501284,0.01352617666050979,0.051432643529012945,0.7675779417675671
1723528457.3013628,44.251590728759766,12.245162010192866,5.575728893280029,-0.6386195771462757,0.012424440829917184,0.05306694001909312,0.7675901046994977
1723528457.3346858,44.253543853759766,12.340391159057612,5.591129779815674,-0.63906134870882,0.011084529956728892,0.05450448497957564,0.7671420904234192
1723528457.4346554,44.19755935668945,12.52031517028808,5.632731914520264,-0.6391196593899633,0.010076401033201699,0.05714403987254203,0.7669153055132756
1723528457.5013008,44.16523361206055,12.674133300781245,5.671442031860352,-0.6396528464698698,0.008552159940912189,0.058235968215463466,0.7664069862477415
1723528457.6345892,44.1277961730957,12.89981079101562,5.750409126281738,-0.6394463408888165,0.004678960865154711,0.061053748855191166,0.7663934526076362
1723528457.7678754,44.10496139526367,13.178392410278315,5.788507461547852,-0.638105453024388,0.00039355084589236174,0.06489489647748968,0.7672091816118002
1723528457.867838,44.07256317138672,13.471687316894526,5.821506977081299,-0.6373131189961496,-0.0033826605219574725,0.06729247567056137,0.7676537427000013
1723528457.9344935,44.03483963012695,13.663999557495112,5.844956398010254,-0.6373603576589068,-0.005339797687464561,0.06768906617377739,0.767568532032215
1723528458.0011487,44.01496887207031,13.85217666625976,5.873469829559326,-0.6369244324937214,-0.007536243447837246,0.06975154766568217,0.7677272913772754
1723528458.067803,44.026641845703125,13.968460083007807,5.9145941734313965,-0.6371549873431311,-0.010182949965182191,0.07251735664575149,0.7672490225597514
1723528458.167784,43.93452453613281,14.105602264404292,5.953855991363525,-0.6365868770695785,-0.012591280089530293,0.07283338186165511,0.767654809204699
1723528458.3344147,43.84646224975586,14.40240859985351,6.031254768371582,-0.6368868275082801,-0.016666428187560867,0.07773367440675642,0.7668473609403188
1723528458.467717,43.774166107177734,14.689164161682124,6.110919952392578,-0.6379193768564261,-0.019954769966490572,0.08074274320498324,0.7655986449873248
1723528458.534367,43.75117874145508,14.878518104553217,6.138047695159912,-0.6375438521763586,-0.023073941560733176,0.08217075499709092,0.7656718597390069
1723528458.5676925,43.71802520751953,14.977287292480463,6.147857666015625,-0.6367604882455365,-0.024187165822813144,0.0815955796047113,0.766350587530105
1723528458.6343417,43.69580841064453,15.176799774169917,6.170968055725098,-0.6373716904213892,-0.026286332222445283,0.08476963917667137,0.7654282887779423
1723528458.7343142,43.62820816040039,15.461728096008295,6.212790012359619,-0.6374804359280907,-0.030012548080253342,0.08546304017539007,0.7651235256680071
1723528458.9009523,43.536964416503906,15.781749725341792,6.256405353546143,-0.638110604305693,-0.03454507827773415,0.09060887836082397,0.7638138028352212
1723528458.9676368,43.508907318115234,15.965698242187495,6.286655902862549,-0.6381988106458801,-0.03655077602047541,0.09248666022819893,0.7634215981633732
1723528459.0350049,43.47157287597656,16.15815925598144,6.317865371704102,-0.6391621026583244,-0.037984632062998784,0.09429500278663817,0.76232370204651
1723528459.102381,43.42060089111328,16.308992385864254,6.348029613494873,-0.6391007144686097,-0.03984769671526041,0.09645769683570755,0.7620094163154101
1723528459.2371588,43.36582946777344,16.612756729125973,6.405227184295654,-0.6387988521119825,-0.04448829569453979,0.09867508661033295,0.7617217637491082
1723528459.270858,43.3423957824707,16.706960678100582,6.41895866394043,-0.6384282532680294,-0.045275318796952284,0.09912854831611943,0.7619271893335386
1723528459.4056778,43.31326675415039,16.980447769165036,6.442869663238525,-0.6371993633983548,-0.04885374200921915,0.10352898958592485,0.7621496122755331
1723528459.4393885,43.2936897277832,17.077318191528317,6.45149564743042,-0.636855926262344,-0.04975928051069178,0.10404228166584023,0.762308170501508
1723528459.5405312,43.23624038696289,17.32691383361816,6.4936394691467285,-0.6362892636582628,-0.05195449973385817,0.1065383501174742,0.7622901566102483
1723528459.6754181,43.12466049194336,17.65524101257324,6.5621538162231445,-0.6354432766041676,-0.05358103792998068,0.109905560283657,0.7624051956877267
1723528459.7428744,43.09214401245117,17.837545394897457,6.5861334800720215,-0.6355730302193769,-0.054372100807394685,0.11210611212126673,0.7619204797986491
1723528459.9452932,43.10604476928711,18.22347831726074,6.672994613647461,-0.6363189374118321,-0.06027642100773451,0.11603340362785472,0.7602639095762146
1723528460.079152,42.98731994628906,18.57184028625488,6.732736110687256,-0.6360034406082019,-0.0601496789946989,0.11515473394693708,0.7606714316319327
1723528460.1128366,42.967430114746094,18.668264389038082,6.744925498962402,-0.6358427984758696,-0.06072208241225547,0.1148749121960026,0.7608025492083047
1723528460.2475917,42.85956573486328,19.010009765624996,6.778751373291016,-0.6361457836166833,-0.06016294162612898,0.11349697551471244,0.7608004988107064
1723528460.3149815,42.83037567138672,19.168306350708004,6.791754245758057,-0.636545125974681,-0.059531682231897205,0.11362463086752829,0.7604970247599498
1723528460.4834895,42.74016189575195,19.556482315063473,6.836805820465088,-0.6366189825969385,-0.05833683666817684,0.11287666937273666,0.760639166751297
1723528460.550907,42.70564270019531,19.73287963867187,6.85355806350708,-0.6365280388154098,-0.05760192409437948,0.11333239275692907,0.760703518392299
1723528460.584619,42.688507080078125,19.78828430175781,6.863925457000732,-0.6367846041587577,-0.057994729278141414,0.11281245460102361,0.7605362117409148
1723528460.6520486,42.66080856323242,19.935371398925778,6.88424015045166,-0.6372494024393087,-0.05852069091310742,0.11233053264639685,0.7601778602808512
1723528460.7869308,42.58900833129883,20.22063827514648,6.911451816558838,-0.6373598775745641,-0.0573381738871959,0.1122347739095492,0.7601894999267556
1723528460.8543842,42.54634475708008,20.39481925964355,6.9291791915893555,-0.6372898673690507,-0.056347088444085154,0.11154709482173664,0.7604234847829483
1723528460.8881133,42.52846145629883,20.481533050537106,6.935637474060059,-0.6366232564306525,-0.05625825187613868,0.1114683133027408,0.7609997724026694
1723528461.0567915,42.4504280090332,20.68398284912109,6.924542427062988,-0.6362400303280573,-0.0560482288991433,0.10879091833530215,0.7617228865756782
1723528461.157028,42.42266845703125,20.9288158416748,6.96340799331665,-0.6363476237313889,-0.05603033119617951,0.10943329523781317,0.7615422888132048
1723528461.2235258,42.409454345703125,21.038402557373043,6.976851463317871,-0.6365159910613943,-0.05575708649948436,0.10991390377719383,0.7613523981604563
1723528461.29002,42.38600540161133,21.250377655029293,6.99809455871582,-0.6363125680326167,-0.05643189309285679,0.10892509463676978,0.7616147851532714
1723528461.356511,42.34397888183594,21.425622940063473,7.017923355102539,-0.6361890412109548,-0.056014841113597995,0.10853140380455692,0.7618049460369215
1723528461.4562418,42.29765319824219,21.674531936645504,7.054932594299316,-0.6359037378112119,-0.05609871112906406,0.10784248365284388,0.7621347450201791
1723528461.555964,42.21796417236328,21.943078994750973,7.083826065063477,-0.635656414024617,-0.055317487035349944,0.10649696262518128,0.7625872382154512
1723528461.6224415,42.20357894897461,22.11537361145019,7.102753162384033,-0.6352389377200421,-0.05499580177278649,0.10767033059439214,0.7627935852518525
1723528461.7221522,42.157588958740234,22.36112785339355,7.131181716918945,-0.6356279424379028,-0.0546709668053123,0.10814119995300503,0.7624261833472503
1723528461.7886217,42.13325119018555,22.490213394165036,7.164247512817383,-0.636540522140912,-0.05375578372249052,0.10795584742296135,0.7617558758527212
1723528461.9215503,42.088172912597656,22.79245567321777,7.194505214691162,-0.6357530414514782,-0.05381818317488183,0.1076735633722137,0.7624487374215265
1723528461.9547796,42.06193161010742,22.88314819335937,7.203214168548584,-0.6352960976324105,-0.054293724052032304,0.10683270051190184,0.7629140410052281
1723528462.120945,41.98429489135742,23.252922058105465,7.249492645263672,-0.634131931043864,-0.05293761056434934,0.1070671855127124,0.7639443181310427
1723528462.187443,41.95066452026367,23.37724113464355,7.274274826049805,-0.6339001473481096,-0.0519640408797915,0.107603792171879,0.7641281080798686
1723528462.253938,41.918949127197266,23.537860870361325,7.296220779418945,-0.6339862844431149,-0.0523925951050787,0.10724205076722582,0.764078235302779
1723528462.3536735,41.867488861083984,23.77965927124023,7.328064918518066,-0.6343181374533873,-0.052613202483851616,0.10786454929297298,0.7636999348094007
1723528462.3869176,41.857601165771484,23.856086730957028,7.339132785797119,-0.6340229958964098,-0.052434052521470285,0.10851665976735474,0.7638649392161242
1723528462.4534025,41.82692337036133,24.01009368896484,7.362944602966309,-0.63336505423696,-0.052134928197149925,0.10911047429831465,0.7643464932422257
1723528462.6196,41.783294677734375,24.282403945922848,7.394577503204346,-0.6320692910010092,-0.0529564281770235,0.11036703321004251,0.7651817732203419
1723528462.7525437,41.71831512451172,24.58656311035156,7.4290900230407715,-0.6328340704241371,-0.05553732278674851,0.11187376691225225,0.7641471751992295
1723528462.8190105,41.680023193359375,24.73873901367187,7.451245307922363,-0.6337878440751131,-0.05583172196592327,0.11258071652790416,0.7632308758108542
1723528462.9519343,41.59915542602539,25.065904617309567,7.482760429382324,-0.6352880923854245,-0.057633767337831765,0.11411254197488128,0.7616204542288554
1723528462.9851637,41.5860710144043,25.123311996459957,7.496057987213135,-0.6354700725773164,-0.05786606354790742,0.11492154489695314,0.7613293269450138
1723528463.1513634,41.50714111328125,25.321334838867184,7.564001083374023,-0.637046255520019,-0.06038439481059849,0.1185731873306937,0.7592537075559925
1723528463.2511327,41.45177459716797,25.528434753417965,7.590764045715332,-0.6360563436476251,-0.06397078301038851,0.11981017242241196,0.7595956748236288
1723528463.3176415,41.40910720825195,25.65166091918945,7.598213195800781,-0.6349413422300536,-0.06611379955383004,0.11951543788526209,0.7603910293676196
1723528463.3841474,41.386474609375,25.72369575500488,7.596074104309082,-0.634304088245757,-0.0682271554029174,0.12012948329397648,0.760639392974008
1723528463.417399,41.3628044128418,25.804254531860348,7.625782012939453,-0.6344159100025571,-0.06840654225389659,0.12230173074334866,0.7601837177746407
1723528463.5171504,41.31744384765625,25.96487426757812,7.643167972564697,-0.6335334277288205,-0.06978283724176985,0.12585032776781105,0.7602153948568753
1723528463.7166324,41.2548828125,26.219930648803707,7.67411470413208,-0.6306698092112147,-0.07247469566551987,0.13468476370641122,0.7608304835264085
1723528463.7498763,41.23500442504883,26.289178848266598,7.6858930587768555,-0.6307837685276427,-0.07346261073843931,0.13622695120040934,0.7603665563083369
1723528463.8828464,41.203128814697266,26.440740585327145,7.722853660583496,-0.6301354816491066,-0.07686394959960208,0.1415408188236586,0.7595968698102478
1723528463.9493268,41.14433670043945,26.565814971923825,7.739507675170898,-0.6292209467751075,-0.07934633161971334,0.14245475711103164,0.759928813754531
1723528464.049043,41.05985641479492,26.763494491577145,7.7511210441589355,-0.6293250096890245,-0.08173414430932219,0.1446971041827476,0.7591655352260528
1723528464.1156495,41.01430130004883,26.87772750854492,7.750353813171387,-0.62853025110349,-0.08482357233193616,0.14573208952764227,0.7592870623858542
1723528464.2490044,40.937076568603516,27.09316825866699,7.794442653656006,-0.6287703642151488,-0.09175222018295466,0.1473694559280269,0.7579654363067785
1723528464.3489888,40.865108489990234,27.26509857177734,7.813723087310791,-0.6278651286018487,-0.09452163852417877,0.15020912858278898,0.7578180901950596
1723528464.4156435,40.822715759277344,27.37956047058105,7.8397908210754395,-0.6275815537808654,-0.09668469217348252,0.15267621656210348,0.7572868918379582
1723528464.448971,40.79978942871094,27.441989898681637,7.8419084548950195,-0.627701265516083,-0.09728422314212343,0.1542909517027525,0.7567834587382315
1723528464.5822756,40.70457458496094,27.64814758300781,7.874223232269287,-0.6273845372756993,-0.10168751803779848,0.15989519762241794,0.7553024671215877
1723528464.648926,40.680885314941406,27.750425338745114,7.891630172729492,-0.6268191102887373,-0.10333740881063327,0.16468375225722606,0.7545186841024023
1723528464.8155458,40.5527229309082,28.020729064941403,7.93350887298584,-0.6248691616733381,-0.1111157319465969,0.17147607998952824,0.7535169400186413
1723528464.8488696,40.518798828125,28.06797409057617,7.940364360809326,-0.6246145647567071,-0.11311678860714951,0.1725778676182825,0.7531786755062316
1723528464.9155147,40.46315002441406,28.17634773254394,7.960859298706055,-0.6238095583962411,-0.1168019208845757,0.17582403715055261,0.7525322943842617
1723528465.0154796,40.39171600341797,28.309516906738278,7.979833602905273,-0.6227841266368446,-0.12178152591068629,0.18024061877824887,0.7515467456509154
1723528465.0821218,40.33404541015625,28.411546707153317,7.995456695556641,-0.6218099237444082,-0.12471885116483099,0.18324731862560217,0.7511444915018848
1723528465.1154428,40.303550720214844,28.462705612182614,8.00408935546875,-0.6213959828784301,-0.12645582480513629,0.18424965353614492,0.7509514112159408
1723528465.1821218,40.2552604675293,28.565015792846676,8.020333290100098,-0.6206364812276309,-0.1302068425474244,0.18779913336147808,0.7500586789257842
1723528465.3489213,40.12186813354492,28.79169654846191,8.05783748626709,-0.6184534505620641,-0.13806431926442608,0.1954250897587378,0.7485069188235446
1723528465.4156454,40.054447174072266,28.891086578369137,8.075876235961914,-0.6176918281978437,-0.14110994302374613,0.1984763140296793,0.7477646301655575
1723528465.482372,39.987403869628906,28.984081268310543,8.090557098388672,-0.6167755985100222,-0.14439579577847372,0.2013147600400007,0.7471345813400302
1723528465.5824668,39.90372467041016,29.11695861816406,8.117049217224121,-0.615298523409347,-0.14934156005728183,0.20637344770748256,0.7459992128757654
1723528465.6491992,39.8487892150879,29.212745666503903,8.124903678894043,-0.6137907341571962,-0.15263096159896142,0.2100060540455858,0.7455616550549988
1723528465.7493014,39.77139282226563,29.34115600585937,8.151617050170898,-0.612550942922153,-0.158563218292385,0.21513317121834455,0.7438795378093696
1723528465.9161522,65.75388336181642,64.4519805908203,3.997105598449707,-0.6542180802428591,-0.24378393540641036,0.22747485743249526,0.6788396611551045
1723528466.8150396,65.49541473388673,64.66365814208983,4.2052998542785645,-0.6574390616736465,-0.2548846630645347,0.23705273289543258,0.6682916208863916
1723528466.9148078,65.16407012939455,64.69408416748045,4.216392517089844,-0.6587584398836165,-0.2579753791154487,0.24452323556348005,0.6630945701194597
1723528466.9813163,65.20108795166017,64.78942108154295,4.24437952041626,-0.6570338647319448,-0.26155146300437787,0.2499571238980596,0.6613764200576583
1723528467.114325,65.08542633056642,64.90812683105467,4.252772331237793,-0.6549263824911851,-0.26908123730465094,0.2567835647982819,0.6578213451212226
1723528467.846139,63.28741836547852,66.5864791870117,3.9221913814544678,-0.6112775944540493,-0.34134058874912154,0.3272754625948432,0.6345999342689891
1723528468.0456748,63.0328598022461,66.75811767578124,3.9207141399383545,-0.6044646566395289,-0.3423964566439674,0.3442595300895284,0.6315635528542235
1723528468.1121814,62.9332618713379,66.81002044677733,3.905351400375366,-0.6017816358129678,-0.3437823457835464,0.3476997567853368,0.631488274362437
1723528468.2452526,62.72259521484376,66.88947296142577,3.888343334197998,-0.5986710710228431,-0.35818920852685543,0.34622209660243397,0.6272349635021007
1723528468.311794,62.61068344116212,66.92674255371092,3.8711318969726562,-0.5966937567209413,-0.3642335988378756,0.3449382084587976,0.6263450155569972
1723528468.4448695,62.4078598022461,67.00983428955077,3.8729348182678223,-0.5932669316464515,-0.3730229317288502,0.3464425745734519,0.6235910380546985
1723528468.5114036,62.30967330932618,67.06192779541014,3.8704867362976074,-0.5907187905539818,-0.376258040186204,0.3501933756834669,0.6219692896832576
1723528468.611199,62.16632080078126,67.1386032104492,3.865602970123291,-0.5878388925517823,-0.378810173655849,0.35675127135775475,0.6194165150550518
1723528468.6444635,62.12332916259766,67.15438079833983,3.8667545318603516,-0.5872543277740435,-0.3789566345710348,0.3586007717294896,0.6188131463861011
1723528468.7109897,62.0201644897461,67.19796752929686,3.8636703491210938,-0.586284412907991,-0.37997860883892703,0.36213749941288753,0.6170439818399875
1723528468.7442515,61.975597381591804,67.22146606445311,3.860196828842163,-0.5861551345049278,-0.3809284005114983,0.36390757399395507,0.6155379676080881
1723528468.8107736,61.858905792236335,67.26108551025389,3.8550801277160645,-0.584512529206381,-0.3834056988526545,0.3674428149381579,0.6134581901306639
1723528469.0103254,61.55399322509766,67.38078308105467,3.8361945152282715,-0.5797527910456999,-0.3931072531081105,0.3764158919909404,0.6063534159920118
1723528469.0768373,61.44045639038087,67.43363189697264,3.8333683013916016,-0.5804332645428977,-0.3977719920569021,0.37994852545006086,0.6004280021413749
1723528469.1100929,61.37862396240235,67.46356964111327,3.833923578262329,-0.5801746658280338,-0.399444604276014,0.382010778197164,0.5982550715098912
1723528469.2431908,61.181964874267585,67.54775238037108,3.841275930404663,-0.578391373509304,-0.39855606642826763,0.3909801669278481,0.5947696949511797
1723528469.309749,61.08907699584962,67.57336425781249,3.82100510597229,-0.5720226966172508,-0.3995012081708975,0.3947591092323955,0.5977909876392983
1723528469.3763049,60.986400604248054,67.58678436279295,3.800023317337036,-0.5641536338788812,-0.404775916430241,0.3967780304778668,0.6003784884465939
1723528469.5094092,60.75848007202149,67.63060760498045,3.780773639678955,-0.5562005400222851,-0.4180618455866319,0.39869968029056324,0.5974142762604692
1723528469.6092305,60.57641983032227,67.68582153320311,3.787320137023926,-0.5574735850931428,-0.42235874532092593,0.40166663518704154,0.5911854246781223
1723528469.675775,60.45168685913087,67.72413635253905,3.780252456665039,-0.5572662015926657,-0.4248474781104183,0.404511160611945,0.5876476170683222
1723528469.8088574,60.21017837524415,67.79531097412108,3.7681896686553955,-0.5558150505619334,-0.4304176503822077,0.4122932317646675,0.5795037246207667
1723528469.875395,60.09275054931641,67.82501220703124,3.7602603435516357,-0.555103011755028,-0.43216876588529984,0.4163462957769157,0.5759744491958957
1723528470.0417285,59.784835815429695,67.90295410156249,3.7372777462005615,-0.5516772199268711,-0.4380091443106073,0.42482370666692776,0.5686167890309083
1723528470.0749927,59.72972488403321,67.91666412353514,3.7409064769744873,-0.5508337484767574,-0.4398379006139101,0.4264098964775205,0.5668327821400443
1723528470.1747987,59.531452178955085,67.94544982910155,3.7234082221984863,-0.5463343193623384,-0.44625020532690785,0.4292971833615721,0.5639889130917413
1723528470.2413504,59.391960144042976,67.96328735351561,3.7219605445861816,-0.5435282514593822,-0.45081372899682287,0.43125715818098753,0.5615703741572773
1723528470.3744464,59.13071441650391,67.99900054931639,3.707663059234619,-0.5386507765711349,-0.4590489240047259,0.43646109167397473,0.5555458052439771
1723528470.707143,58.46750640869141,68.10697937011717,3.671938180923462,-0.5274832867348086,-0.46841383468952885,0.4588410531215839,0.5401988056791412
1723528470.840204,58.18279647827149,68.1178512573242,3.647735118865967,-0.521752857906532,-0.47392577991515983,0.46618332048785815,0.5346413957944978
1723528470.906731,58.04701232910157,68.12348175048827,3.6389946937561035,-0.5190828661887367,-0.4776353495828768,0.46896094040517156,0.5315007876122353
1723528471.039777,57.75440216064454,68.13404083251953,3.6192033290863037,-0.5135710250803701,-0.4856110069172203,0.47330998657511136,0.5257417700421084
1723528471.538739,57.3847999572754,68.57040405273438,3.8120789527893066,0.49635326136926594,0.5133404810863501,-0.4904430444670443,-0.4995804345048199
1723528471.8713143,55.84976196289063,68.06240844726562,3.511016607284546,0.481335938599413,0.5203202481902105,-0.5116032929154002,-0.48563836773263624
1723528471.9045687,54.85416793823243,67.2347183227539,3.1065611839294434,-0.48478464398447124,-0.50983226989193,0.5173144147424487,0.48727887480719884
1723528471.9710739,55.09228134155274,67.52155303955078,3.263190269470215,-0.48019242151517694,-0.5157016918593239,0.5179478721438406,0.48497113839329575
1723528472.1040761,55.28744125366212,68.024169921875,3.4743309020996094,-0.4719470480897283,-0.5259834786728197,0.5267311675285277,0.47239987417088214
1723528472.3042521,54.848556518554695,67.94470977783203,3.453803539276123,-0.46297625518494656,-0.5327815113139137,0.536342165840299,0.4627460745146547
1723528472.3712423,54.66381454467774,67.90013122558594,3.4396865367889404,-0.45890446959769293,-0.5361897764270964,0.5388877114466061,0.4598991692644813
1723528472.5052316,54.35016250610352,67.82855224609375,3.4268763065338135,-0.45365062370111225,-0.5418790194042915,0.5438250459524333,0.4525732640577317
1723528472.5722303,54.1705665588379,67.79961395263672,3.4065299034118652,-0.45045594134823636,-0.5435711553981799,0.5480234391314368,0.4486537128852433
1723528472.9407754,53.465656280517585,67.71517944335938,3.4314632415771484,-0.44065728477649346,-0.5576379716668315,0.5616929898061767,0.42351155253582967
1723528472.9742842,53.209613800048835,67.54197692871094,3.350761890411377,-0.4404032980521254,-0.5572469849967939,0.5637747674428729,0.4215195658229025
1723528473.1083252,52.89535522460938,67.44721984863281,3.3284666538238525,-0.4318511731479019,-0.5629550807931061,0.5688257528163609,0.4159608205022541
1723528473.1753497,52.74764633178712,67.37329864501953,3.318976402282715,-0.42756902878061137,-0.5656777097375536,0.5706530663983916,0.4141841765975538
1723528473.4085784,52.22695541381837,67.20594024658203,3.2933568954467773,-0.41559075855980837,-0.5722458058080073,0.5820207580724076,0.4013363879685563
1723528473.4418168,52.139423370361335,67.1789321899414,3.278229236602783,-0.41418290364703375,-0.5728277190390124,0.5841643848355865,0.39883943901867963
1723528473.5082903,52.00498199462891,67.1212387084961,3.2759621143341064,-0.4107505082420816,-0.5742344107774717,0.5875490672431279,0.3953795076121825
1723528473.5415251,51.927021026611335,67.08779907226562,3.263788938522339,-0.4095060682092997,-0.5748923525501181,0.5892747790748801,0.3931396670718975
1723528473.607993,51.75907135009766,67.03013610839844,3.2593185901641846,-0.40619190051425175,-0.5770707275352005,0.5922414797410125,0.3889055734401228
1723528473.6744573,51.62446594238282,66.97071075439453,3.2576253414154053,-0.403165603816081,-0.5787955364386916,0.5949271392147086,0.38537633804382
1723528473.8073745,51.35809326171876,66.84817504882812,3.2483644485473633,-0.395935866542867,-0.5834588259020459,0.5991235039639617,0.3792909372235249
1723528473.940277,51.06844329833985,66.70822143554688,3.234586477279663,-0.3891160425994359,-0.5875570589426559,0.6042566978377333,0.37180539398541385
1723528474.006723,50.935783386230476,66.66252899169922,3.229022264480591,-0.38595009257736085,-0.5897863991417833,0.6068194191646777,0.36737545093751
1723528474.073165,50.78400039672852,66.5567855834961,3.2134671211242676,-0.383234057916046,-0.5914939561157792,0.6086038823022605,0.3645104541413343
1723528474.1063852,50.71200942993165,66.52403259277344,3.204380989074707,-0.3808044828444277,-0.5926210778722638,0.609907394077142,0.363044314866841
1723528474.2392561,50.46561813354493,66.40999603271484,3.200143575668335,-0.3745483980831106,-0.5971999034518543,0.6141942936907453,0.35472685605716175
1723528474.4060163,50.13436126708985,66.20821380615234,3.163106679916382,-0.3675756164989308,-0.6023499310755113,0.6180567151820723,0.3465091968578968
1723528474.4395387,50.08432388305665,66.1824951171875,3.1630029678344727,-0.36634934278242015,-0.6037146703559911,0.618630323149243,0.34440278616774994
1723528474.5065851,49.98443984985352,66.12445831298828,3.1567068099975586,-0.3633283658563807,-0.6061005543576643,0.619772592050534,0.3413452075457137
1723528474.6406882,49.763351440429695,66.00069427490234,3.1502790451049805,-0.35781161636464875,-0.6099821355067101,0.6227573068337015,0.3347625701036871
1723528474.6742156,49.73311614990235,65.97286987304688,3.148207664489746,-0.3562323434470811,-0.6105331975991691,0.6238146298011852,0.33347119779307066
1723528474.7412736,49.62445831298829,65.90283203125,3.158172845840454,-0.35370389241105543,-0.6122197948209519,0.6250630234470722,0.33072147804741214
1723528474.808335,49.51708984375001,65.83895874023438,3.149278402328491,-0.3513289254148815,-0.6133381471714905,0.6270163419161413,0.32746726609108334
1723528474.908934,49.37982177734376,65.7400894165039,3.1403560638427734,-0.34745639588753807,-0.6149974886951302,0.6297454753157596,0.32322249020582355
1723528475.0095394,49.23425292968751,65.65120697021484,3.1331706047058105,-0.34391966587455974,-0.6168081213917023,0.6322222087922857,0.3186880661709406
1723528475.0766144,49.128829956054695,65.62525177001953,3.1378848552703857,-0.34042008490356557,-0.6187563763408437,0.6346252220564033,0.3138559224575161
1723528475.1436925,49.0499610900879,65.58025360107422,3.140599012374878,-0.3375106265368824,-0.620395448636241,0.6361184021882827,0.3107240619642203
1723528475.2107742,48.92750549316407,65.5276870727539,3.1295931339263916,-0.33385173334890733,-0.6221219292369914,0.6380751355878975,0.30719284927689994
1723528475.3449469,48.7399024963379,65.3676986694336,3.109703779220581,-0.3288995045206983,-0.6242437990340406,0.6409649377204832,0.3021733673018926
1723528475.4451342,48.60592651367188,65.24873352050781,3.106760025024414,-0.3256918594217992,-0.6261850535286485,0.642601197696208,0.2981288180687902
1723528475.5121963,48.50448608398438,65.19112396240234,3.0962281227111816,-0.32260739884838013,-0.6271398937719944,0.6446176800087892,0.2951068729596453
1723528475.6134346,48.36825942993165,65.07318878173828,3.099334239959717,-0.31843435507832735,-0.6295187619245668,0.6461998087027294,0.29108675188569905
1723528475.6809442,48.2670021057129,64.97856140136719,3.08066725730896,-0.31529022167314785,-0.630198297019291,0.6479813602314767,0.2890715125083205
1723528475.7484677,48.17791748046876,64.9000473022461,3.075153350830078,-0.31254646446592377,-0.6311411110401924,0.6496010009632087,0.2863461979010721
1723528475.8160048,48.095905303955085,64.81977844238281,3.0640981197357178,-0.3104063649311592,-0.6318447942354872,0.6510388252139228,0.28384589599255117
1723528475.9849079,47.87992477416993,64.64055633544922,3.059795379638672,-0.30557212657265426,-0.6334712012368546,0.6554023696105558,0.2752955622131797
1723528476.052493,47.78806686401368,64.56161499023438,3.052750587463379,-0.30344724864144673,-0.6342652996858688,0.6570388922610348,0.27189555156847167
1723528476.0862901,47.73965454101563,64.51016235351562,3.039736747741699,-0.3016357878516173,-0.6346182665489003,0.6578679686410078,0.2710816170192236
1723528476.187704,47.621227264404304,64.39417266845703,3.0416836738586426,-0.2978540013446268,-0.6366760462597005,0.6593769932861827,0.2667369241912044
1723528476.2553303,47.541027069091804,64.31647491455078,3.0387237071990967,-0.2954534375877423,-0.6382685826797201,0.6600123492337776,0.26401549469778735
1723528476.3567944,47.423351287841804,64.1916275024414,3.0267412662506104,-0.2915432715482423,-0.6395162781659751,0.6618552484210838,0.2607088048247557
1723528476.4921212,47.26956176757813,64.02342987060547,3.022099256515503,-0.2876073154195965,-0.6405321816946639,0.6648890960991904,0.2548000122037054
1723528476.6260426,47.10601425170899,63.86749649047851,3.0099833011627197,-0.2834729128308184,-0.6414292142289318,0.6681641242978898,0.24853244018860066
1723528476.6936543,47.03335189819337,63.77875900268554,2.999018907546997,-0.2811049876528664,-0.6418774169693464,0.669652630901374,0.2460461774308024
1723528476.7612815,46.95965194702149,63.69497680664062,2.994729518890381,-0.27790949111613766,-0.6427058583930315,0.6709566270534421,0.24395224726965353
1723528476.8289242,46.890583038330085,63.60377120971679,2.9889087677001953,-0.2771765702675762,-0.6420512910466809,0.6727573927789766,0.24153835931633658
1723528477.065798,46.63802337646485,63.36017227172851,2.9761321544647217,-0.2730831523759151,-0.6380900996122556,0.6823390645278119,0.22952127937201144
1723528477.1335113,46.580036163330085,63.2726821899414,2.973972797393799,-0.2698728086750974,-0.6402948799243752,0.6822927704597247,0.22730532166853895
1723528477.23511,46.48827743530274,63.13018417358398,2.9624521732330322,-0.2626608116439168,-0.6469878888767385,0.6792720379976128,0.22584390199416404
1723528477.3367448,46.403190612792976,62.98461914062499,2.9492599964141846,-0.25510368020683777,-0.6516538715608964,0.6773536091281285,0.22685112348348796
1723528477.4045208,46.344921112060554,62.90284347534179,2.9458370208740234,-0.2517064698413075,-0.6531945538692101,0.6776378236364111,0.22536128286140672
1723528477.5401192,46.22013092041016,62.74016952514648,2.9414656162261963,-0.24715556479413872,-0.6533322684252718,0.6808779031124804,0.2201734654283542
1723528477.6743667,46.10674667358399,62.59915924072265,2.9402074813842773,-0.24368272608907696,-0.6518648431742549,0.6850011685971401,0.21555591910163968
1723528477.7740064,46.03946685791016,62.484546661376946,2.9429585933685303,-0.23661012568448705,-0.6524007894607796,0.6879924369208011,0.2122622554160307
1723528477.8404279,45.99868392944337,62.414070129394524,2.941594362258911,-0.23319375497405884,-0.6532187600385808,0.6890356850872125,0.21013269343715493
1723528477.9068449,45.93936920166016,62.33128356933593,2.93583083152771,-0.23255998944984763,-0.6543997140994477,0.6891943642460947,0.20661073008212594
1723528478.0728693,45.78806686401368,62.137710571289055,2.9140748977661133,-0.23329783686760303,-0.6585906218592815,0.6887887370991423,0.1933923156624139
1723528478.205669,45.655502319335945,61.99769210815429,2.9116666316986084,-0.2346457905784775,-0.6620456542721151,0.6890516052641781,0.178451085471811
1723528478.3052566,45.58490753173829,61.89453124999999,2.9189555644989014,-0.23714836322480598,-0.6622035501798422,0.689445775066682,0.17294980541102367
1723528478.3716435,45.54776763916016,61.82586288452148,2.919053316116333,-0.23474435237088198,-0.6622393186809291,0.6906838449565709,0.17114321528767013
1723528478.5044038,45.49098205566407,61.66803359985351,2.9120233058929443,-0.22392726503399907,-0.6632569081218316,0.6931114692621679,0.1718817761727524
1723528478.6371865,45.45080566406251,61.50750350952148,2.8990936279296875,-0.21183036857169776,-0.6627444217468392,0.6960606699648914,0.17719274850358008
1723528478.7036235,45.42757415771485,61.4322166442871,2.8950436115264893,-0.2045049841103282,-0.6639872497157945,0.697090462830347,0.1770975164135915
1723528478.8364842,45.34034729003907,61.271194458007805,2.891780138015747,-0.19800410310072367,-0.6660655589533506,0.6984107866611422,0.17138675388373265
1723528478.902908,45.28487396240235,61.183479309082024,2.896003484725952,-0.19818702268732238,-0.6675162323667858,0.6978250859848211,0.167881306092916
1723528478.936119,45.2693099975586,61.14630126953124,2.89681339263916,-0.19821645462979412,-0.6685780066057472,0.6971249063322346,0.16652492656762677
1723528479.1353586,45.16088867187501,60.89956283569335,2.905930519104004,-0.188302837703852,-0.6742793469602956,0.6961007360553569,0.15916396840574323
1723528479.2017632,45.123920440673835,60.812175750732415,2.8985674381256104,-0.18441048364290347,-0.6730356725749065,0.6989987203137622,0.15625794688257205
1723528479.2681632,45.09117507934571,60.74151992797851,2.8883039951324463,-0.18064717615843046,-0.6699199589023891,0.7039463664472655,0.1517674522942864
1723528479.3345592,45.046623229980476,60.65750122070312,2.882709503173828,-0.17797045789435223,-0.667464503356562,0.7082804072552935,0.145452801877888
1723528479.467338,44.94649505615235,60.46874999999999,2.870595932006836,-0.1770410843631864,-0.6664071688078662,0.7121648958787847,0.13182981789773862
1723528479.5005295,44.920402526855476,60.418750762939446,2.8683815002441406,-0.17606588789903266,-0.666834517354805,0.7124457291603524,0.12943574693137716
1723528479.6333358,44.84875488281251,60.20232772827148,2.867479085922241,-0.16717721733612112,-0.6711813801252152,0.7119291355763844,0.12134347487370255
1723528479.733031,44.79196929931641,60.03448486328124,2.86869740486145,-0.15861202704480454,-0.6735714794885197,0.7125115317645819,0.1160646543908787
1723528479.832716,44.76019668579102,59.882678985595696,2.860982894897461,-0.14994164712987818,-0.6748064743658456,0.7138879438527977,0.11188265384563081
1723528479.8991683,44.73099517822266,59.75927734374999,2.860478401184082,-0.1443664509183078,-0.6752864506084197,0.7151651138754783,0.10809901650527712
1723528479.9656165,44.70017242431641,59.640674591064446,2.860825777053833,-0.13979035510047408,-0.6762842635274346,0.7158495486319594,0.10323601721036581
1723528480.0320604,44.66779327392579,59.51716995239257,2.859365224838257,-0.13591121771625486,-0.6769081134746172,0.7167720381398941,0.09778237137593865
1723528480.164937,44.59201431274415,59.27438735961913,2.850905179977417,-0.12815976772514368,-0.6782555343491684,0.7183991648029603,0.08629683697430882
1723528480.2977974,44.53638076782227,59.01802825927734,2.8507156372070312,-0.11966029131252853,-0.6799489565241227,0.7194683129371158,0.07560540909338453
1723528480.3642218,44.507987976074226,58.88730239868163,2.8443243503570557,-0.11537067451804121,-0.6805222590675883,0.7201192858624713,0.0707621120637514
1723528480.4306424,44.48307037353516,58.75856399536132,2.8464043140411377,-0.11071055875842477,-0.6813474374382817,0.7204481262537911,0.06680822593877
1723528480.4970589,44.45471572875977,58.61463546752929,2.8407645225524902,-0.1061564280931061,-0.6819081633003365,0.7209712822318985,0.06270948728674773
1723528480.5966794,44.42324829101563,58.42097854614257,2.8431315422058105,-0.09996586901698798,-0.6824730639970333,0.7217149774812778,0.0580071825671481
1723528480.7962627,44.34207916259766,57.97439575195312,2.8327882289886475,-0.09007545446154486,-0.6840369559951334,0.7221245687572262,0.050159371344229715
1723528480.829524,44.342819213867195,57.910476684570305,2.836909770965576,-0.08904012460026699,-0.6842186633658864,0.7221228229536631,0.04955103916570506
1723528480.8960469,44.32953643798829,57.75954437255859,2.8327951431274414,-0.08692756580466954,-0.68423817914864,0.7224824579563844,0.04775783123143036
1723528480.962567,44.292037963867195,57.611885070800774,2.831542491912842,-0.08519261331630265,-0.6843386647580627,0.7227458557559835,0.04540086498120784
1723528481.0290854,44.25448608398438,57.45179367065429,2.829549551010132,-0.08354805080969817,-0.6846716072016982,0.7227757292109571,0.04289240913393549
1723528481.128859,44.21036911010743,57.21212768554687,2.8227603435516357,-0.08171466807081453,-0.6847407751095225,0.7231013930575348,0.03971346475365076
1723528481.2951372,44.14907455444337,56.821941375732415,2.8117964267730713,-0.0787206331117026,-0.684985072291576,0.7233773602415806,0.03638278920203203
1723528481.3616447,44.123710632324226,56.653633117675774,2.819594144821167,-0.07749509701783162,-0.6853071155203927,0.7232597969060289,0.03526944194009928
1723528481.4614024,44.070629119873054,56.40567398071288,2.8139379024505615,-0.07563909007594538,-0.6856428800963729,0.7232541065598331,0.03280345058026053
1723528481.527905,44.047321319580085,56.23189163208007,2.806016445159912,-0.07444347608023102,-0.6857492913912152,0.7233123046107893,0.03202168365603366
1723528481.5611546,44.034965515136726,56.15899658203124,2.8062877655029297,-0.07387885911581729,-0.6856009559120527,0.7235325036521273,0.03152712462482436
1723528481.627637,44.01025772094727,55.9855613708496,2.80190110206604,-0.07228256378822687,-0.6854970046956593,0.7238107398719555,0.03109823743386009
1723528481.793773,43.94736862182618,55.565105438232415,2.799107789993286,-0.0705746671971605,-0.6859596559822275,0.7236144784216482,0.029336893723098882
1723528481.8269966,43.9072608947754,55.47875213623046,2.780118227005005,-0.07025216670607076,-0.6858000133044478,0.72384028943322,0.02825261435609146
1723528481.9266632,43.88880920410157,55.226936340332024,2.7916314601898193,-0.0698058480743046,-0.6860318259560075,0.7236140496820561,0.029498889010063856
1723528482.02632,43.843761444091804,54.97928237915038,2.789072036743164,-0.07021753604452212,-0.6859117747423279,0.7236742267163718,0.029835356343229875
1723528482.0927532,43.81679916381837,54.80885696411132,2.7751309871673584,-0.07124217186467548,-0.6852549075590085,0.7241704337353067,0.030454023016944526
1723528482.1923957,43.779125213623054,54.5556297302246,2.7777514457702637,-0.07243812464330092,-0.6850869819857484,0.7241699393255129,0.031407709071238826
1723528482.3584452,43.69650650024415,54.12817764282226,2.7786264419555664,-0.07365521130551368,-0.6857047502623127,0.7234359479475369,0.032005226643288795
1723528482.424858,43.6561508178711,53.951396942138665,2.767242908477783,-0.07405026043867892,-0.6856213876251414,0.7234718589518889,0.032067757399573564
1723528482.491267,43.637619018554695,53.78638839721679,2.770216941833496,-0.07486229429248854,-0.685654610631464,0.7233115125137821,0.03307336810947974
1723528482.5908756,43.585277557373054,53.52596282958984,2.7651760578155518,-0.07540091474003677,-0.6854243417033397,0.7234493079116338,0.03360465353321551
1723528482.6905916,43.52987289428712,53.26455307006835,2.7565202713012695,-0.07665893502632046,-0.6854066275497688,0.7233399849420237,0.033472806508510755
1723528482.7238288,43.51558685302735,53.182319641113274,2.758483648300171,-0.07690971032477636,-0.6855569156264201,0.7231444023360369,0.034040935131170034
1723528482.8567667,-4.18406248092651,31.89128875732422,15.429481506347656,0.3697997572617875,-0.5112374186754357,0.6104718241465296,-0.4787573427096538
1723528483.6210072,-3.926846742630001,31.75980567932129,15.448700904846191,0.3647546266242887,-0.5236980729259179,0.6045981729093213,-0.4766082669074952
1723528486.8469956,0.0,0.0,0.0,-0.5000000000000001,-0.5,0.5,0.5
1723528486.9134252,-0.1900394856929779,0.010921580716967605,-0.011562363244593143,-0.5007293415924268,-0.4987570751261279,0.4992931279810793,0.5012163992038912
1723528487.0462718,-0.5798316597938538,0.039883919060230325,-0.035394784063100815,-0.5024193269629551,-0.4954517373011479,0.4985121115148875,0.503575287888846
1723528487.1126885,-0.7721558809280396,0.05643902719020853,-0.047058362513780594,-0.5033772648980375,-0.4936027859983903,0.49820058961289654,0.504741311314777
1723528487.1791012,-0.9637013673782349,0.06931123137474073,-0.0599818117916584,-0.5043651322133985,-0.4924505090467738,0.4971721993751484,0.5058933817667634
1723528487.311913,-1.341636061668396,0.09931568801403062,-0.07990812510251999,-0.5059201983990368,-0.49137265521282836,0.49463276004405626,0.507874097835451
1723528487.3451128,-1.4065600633621216,0.08514652401208894,-0.08349374681711197,-0.5064090401821686,-0.4908305538058176,0.49341814520681315,0.5090911366868585
1723528487.41151,-1.5972893238067627,0.10579689592123051,-0.09412282705307007,-0.5072594876145045,-0.4901785152859921,0.4921071628651773,0.5101405449813579
1723528487.5110981,-1.9053798913955688,0.10560457408428216,-0.1103513315320015,-0.5089036792981109,-0.48865219891979905,0.4900532518752034,0.5119412896165237
1723528487.5774844,-2.1045734882354736,0.12194322794675853,-0.12177527695894241,-0.5099025100850981,-0.48784317508635894,0.4888860046068376,0.5128342239263481
1723528487.643868,-2.304342031478882,0.13894627988338498,-0.134710431098938,-0.5115794206816603,-0.4869384327282559,0.488001633753382,0.5128663222723799
1723528487.7103016,-2.48555588722229,0.1641380935907367,-0.13944029808044434,-0.5130921013817697,-0.48621301230146224,0.4871265519604814,0.5128753499082115
1723528487.8099434,-2.763784885406494,0.1943261176347736,-0.15857304632663727,-0.5149561168124424,-0.484237584114544,0.4863913843437988,0.5135733454186298
1723528487.942784,-3.1580681800842285,0.2300398051738743,-0.18914000689983368,-0.5160712162428671,-0.48241308828694773,0.4849500255663169,0.5155303916533788
1723528488.0091975,-3.3400399684906006,0.25844064354896584,-0.19541007280349731,-0.5167365272281624,-0.48200691547769914,0.4838302622078402,0.5162954311552114
1723528488.075606,-3.5476133823394775,0.27732607722282454,-0.20633532106876373,-0.517414651022524,-0.48186063452590994,0.4826987764047878,0.5168116669144068
1723528488.1420105,-3.7403297424316406,0.30395141243934676,-0.22028645873069763,-0.5183215881432771,-0.4815855889313213,0.481914934681224,0.5168907500908633
1723528488.1752112,-3.8280186653137207,0.30783566832542464,-0.21922467648983002,-0.518980953112469,-0.4814144097260658,0.48123219471724477,0.5170246717345321
1723528488.2416086,-3.9867966175079346,0.3120133578777318,-0.24234673380851746,-0.5196157732490918,-0.48040167078624313,0.4799532804047765,0.5185157003652143
1723528488.3080013,-4.18533992767334,0.33871665596962025,-0.25164705514907837,-0.5205253463065297,-0.4794241170665253,0.47939979429693297,0.5190199582439082
1723528488.3743896,-4.3692827224731445,0.34625047445297297,-0.2590302526950836,-0.5211590202993547,-0.4787069393921546,0.47831193863784127,0.5200486814663826
1723528488.440773,-4.5609893798828125,0.37404623627662714,-0.2697509229183197,-0.5215544488283842,-0.4781461580803113,0.47785174068022546,0.5205909357155932
1723528488.507152,-4.78318452835083,0.39815235137939514,-0.28317776322364807,-0.5216834254591177,-0.47756611324134207,0.47751612409452115,0.5213016039823248
1723528488.6067116,-5.08837890625,0.44758182764053406,-0.3078213930130005,-0.5219468957742703,-0.47656525154408647,0.47716046377952437,0.5222785567281448
1723528488.673239,-5.292586803436279,0.4669319391250617,-0.32361170649528503,-0.5222477952740977,-0.475922390007555,0.4765989034798545,0.5230760979271001
1723528488.7399235,-5.4886908531188965,0.49430945515632696,-0.3349567949771881,-0.5225109411818628,-0.4754067638503542,0.47614195592852204,0.5236979692868199
1723528488.80661,-5.70205545425415,0.5062481760978705,-0.3430710732936859,-0.5226012924619033,-0.4754309018616336,0.4749449725480594,0.5246719162710208
1723528488.8732982,-5.916877746582031,0.5287887454032906,-0.3590790927410126,-0.5226603910143188,-0.4755336283205383,0.47405567509544017,0.5253238057720877
1723528488.9399886,-6.114381790161133,0.5546722412109383,-0.36895284056663513,-0.5227445365825645,-0.4751978729777447,0.473659669275611,0.5259007973869464
1723528489.1067233,-6.63888692855835,0.637476325035096,-0.4241911768913269,-0.5239091263202393,-0.474939959916648,0.47260316665523117,0.5259253832058157
1723528489.1734202,-6.841311454772949,0.666038155555726,-0.432776540517807,-0.5250358592496689,-0.4746503499023204,0.4721087606851644,0.5255070978815461
1723528489.240119,-7.038856029510498,0.6959569454193124,-0.4484812021255493,-0.5257522496031498,-0.47413097341969074,0.4716913681872776,0.5256345168070091
1723528489.30682,-7.230157375335693,0.7221425771713266,-0.4534866511821747,-0.5262953992003876,-0.4738875334342192,0.47088805912967424,0.5260306019664871
1723528489.3735225,-7.419131755828857,0.7401633858680734,-0.46171486377716064,-0.526859408904242,-0.4732894189778911,0.4702544031676925,0.5265710639923545
1723528489.4068742,-7.548442840576172,0.744832932949067,-0.470133513212204,-0.5265034607159779,-0.4731065612695492,0.47079237496047815,0.5266106979704018
1723528489.4735801,-7.751306533813477,0.7673241496086131,-0.48197683691978455,-0.5265641525280312,-0.47291046222737804,0.4700341090331681,0.5274029051244596
1723528489.5736425,-8.059035301208496,0.813621997833253,-0.4974178671836853,-0.5267207290929625,-0.4737175503295782,0.46834089606210516,0.528028182135448
1723528489.6403518,-8.238665580749512,0.8293068408966074,-0.5011875629425049,-0.5270222750376159,-0.47366294809474774,0.4671329860308358,0.5288456358695635
1723528489.7068236,-8.438719749450684,0.846684455871583,-0.5124508738517761,-0.5268566531296898,-0.4734052868943683,0.4665505500121955,0.5297547410611447
1723528489.7732913,-8.63791561126709,0.8906235098838817,-0.5305771231651306,-0.526487897829941,-0.47224714605747325,0.4672713518004838,0.5305191893473126
1723528489.8397553,-8.843116760253906,0.9230390191078197,-0.5592197775840759,-0.5263335740058188,-0.4710727214798447,0.4678581150108345,0.5311988744061331
1723528489.9062152,-9.044642448425293,0.9548585414886486,-0.5701217651367188,-0.5262381656048966,-0.470426899281741,0.4677358502962581,0.5319728375026274
1723528489.9726713,-9.2417573928833,0.9889734983444225,-0.5823624730110168,-0.526512625063127,-0.4697113663680374,0.4679097281786889,0.5321805842282785
1723528490.0391233,-9.442326545715332,1.0158861875534069,-0.5923037528991699,-0.5268223110636359,-0.46921655370776344,0.4674657180889291,0.5327005544429075
1723528490.1055713,-9.626839637756348,1.026108503341676,-0.6078488826751709,-0.5272982236429105,-0.46906205836404824,0.4661723814912683,0.5334985280964446
1723528490.2384555,-9.990194320678711,1.134648680686952,-0.6227459907531738,-0.5275955460165154,-0.4684950761870725,0.4671554856020178,0.5328424304463254
1723528490.2716734,-10.085325241088867,1.1575682163238539,-0.6247249841690063,-0.5282208051044013,-0.4684483068622623,0.46704176181461343,0.5323635577064229
1723528490.3381078,-10.297513961791992,1.1864191293716444,-0.6384952664375305,-0.5285033823405025,-0.46817156806429727,0.4667982415355086,0.532540101222643
1723528490.404538,-10.489245414733887,1.2192380428314222,-0.6441848278045654,-0.5297080850902681,-0.46775834997984206,0.46608414564788003,0.5323317009063264
1723528490.5373864,-10.8636474609375,1.2647389173507704,-0.6677592992782593,-0.5310403448513309,-0.46705684145874765,0.46462849091506664,0.5328925073753108
1723528490.5705967,-11.025484085083008,1.2712184190750135,-0.6700429916381836,-0.5314601188450574,-0.46752654411731415,0.4633316858421593,0.5331911678915746
1723528490.637014,-11.232916831970215,1.3058125972747816,-0.681073009967804,-0.5315039118519532,-0.46773407232207775,0.46267568781698004,0.5335350383790749
1723528490.7372112,-11.534808158874512,1.3621498346328749,-0.7027484774589539,-0.5316540477186714,-0.46792543992723523,0.46211348126251456,0.5337048684888455
1723528490.770613,-11.625788688659668,1.3783036470413221,-0.7021574974060059,-0.5321311669526259,-0.46786039903770776,0.4619042248164391,0.5334674828578009
1723528490.8374188,-11.804366111755371,1.4127978086471573,-0.70821213722229,-0.5325818138915858,-0.4676765828702716,0.46248373033637113,0.5326762849244268
1723528490.9042292,-11.987165451049805,1.4349170923233048,-0.728532612323761,-0.5331152940597291,-0.4663708033778457,0.46287792337507633,0.532945011280046
1723528490.9710438,-12.185120582580566,1.4717727899551407,-0.7371023297309875,-0.5326393239818593,-0.4662719158111295,0.4632948336779488,0.5331451473672894
1723528491.0378628,-12.38112735748291,1.506287574768068,-0.7490847706794739,-0.5322833030719624,-0.4659801321801076,0.46378517670036973,0.5333294587374842
1723528491.104686,-12.567795753479004,1.5242340564727799,-0.7640716433525085,-0.5319364622877497,-0.4660467867587895,0.46376826807903576,0.5336318826340612
1723528491.2383454,-12.944330215454102,1.588707327842714,-0.7932796478271484,-0.5310130350788377,-0.4656011992230274,0.4649257875662968,0.5339332279548619
1723528491.3051815,-13.126907348632812,1.622247457504274,-0.8202232718467712,-0.5309118894699946,-0.46514992262279375,0.46570057824152433,0.5337518960424583
1723528491.3720222,-13.327879905700684,1.6567565202713028,-0.8143588304519653,-0.530806903147192,-0.46629598197257904,0.4650000069980676,0.5334670395247609
1723528491.438867,-13.5423583984375,1.6908922195434586,-0.8294998407363892,-0.5308515023768371,-0.4664301517632325,0.4654826964404624,0.5328840917731539
1723528491.5725698,-13.951615333557129,1.7611602544784564,-0.8453084826469421,-0.5310262912976796,-0.46789995168358645,0.4651229508631028,0.5317342886682492
1723528491.6059976,-14.06850528717041,1.8022249937057513,-0.8710668683052063,-0.5301411283471699,-0.46820202298177116,0.46582570667473316,0.5317364579484392
1723528491.7397964,-14.365509033203125,1.7924578189849871,-0.8642833828926086,-0.5311550057337824,-0.46815500420411943,0.46602749392675613,0.5305880010205035
1723528491.7732575,-14.465619087219238,1.8038651943206805,-0.8749406933784485,-0.531049435371549,-0.46881716062602735,0.4659883032774544,0.5301432526239562
1723528491.8401835,-14.670373916625977,1.8340617418289202,-0.8966932892799377,-0.5306373446839331,-0.4688860998821923,0.46663650513057275,0.5299247171472345
1723528491.9071162,-14.87281608581543,1.8730268478393572,-0.9133161306381226,-0.5299135386694092,-0.469223345482398,0.46738173331219596,0.5296936935203761
1723528491.9740555,-15.021492004394531,1.872280716896059,-0.914208173751831,-0.5289948165978929,-0.46982008768921857,0.4668146969322078,0.5305823290916759
1723528492.0410018,-15.279380798339844,1.9249939918518084,-0.932028591632843,-0.5288874968572973,-0.4690309411335031,0.46890196942992024,0.5295459706127361
1723528492.141433,-15.6331787109375,2.016517162323,-0.9349483251571655,-0.5272564373597254,-0.4709867755011571,0.4693511139880586,0.5290384091575213
1723528492.208396,-15.823946952819824,2.0241944789886492,-0.9457137584686279,-0.5268119375367805,-0.47155569794049373,0.46948977666559844,0.5288513551226693
1723528492.2753654,-16.033512115478516,2.04807758331299,-0.9619290828704834,-0.5264853466912168,-0.47205001294331717,0.46979946018641777,0.5284604358021457
1723528492.3423414,-16.221942901611328,2.0679574012756365,-0.9737565517425537,-0.5254083581174622,-0.4731770575796642,0.46985594683592224,0.5284741418683441
1723528492.4763138,-16.579235076904297,2.096740007400515,-1.0025180578231812,-0.5229716201563864,-0.47349962133897283,0.47057130941635494,0.5299636174842861
1723528492.5433102,-16.77009391784668,2.1362848281860374,-1.0048757791519165,-0.5219874386039293,-0.4734291710183511,0.47256107079760545,0.5292258197926539
1723528492.610313,-16.999826431274414,2.2649190425872825,-1.1246002912521362,-0.5200174198443769,-0.4710299801295472,0.47866748923525293,0.5278163275484896
1723528492.6438146,-17.104135513305664,2.2794620990753196,-1.1336404085159302,-0.519822121870392,-0.47075281310926115,0.47955610107545404,0.5274492359319419
1723528492.777625,-17.287311553955078,2.3843858242034934,-1.1828937530517578,-0.5180895182964742,-0.47343501151983214,0.480382668182844,0.5259990808053523
1723528492.8446343,-17.575130462646484,2.3639791011810325,-1.0812017917633057,-0.5212247791544452,-0.4748133724402699,0.4785872341431114,0.5232888784051732
1723528492.8781414,-17.715225219726562,2.3344614505767844,-1.127951741218567,-0.5200225490510798,-0.474913564052826,0.47832580539087133,0.5246313744470815
1723528493.0121934,-18.043109893798828,2.4341714382171653,-1.164198398590088,-0.5192842581986185,-0.4768382099378526,0.47920308531643996,0.522813144205059
1723528493.0457122,-18.15846061706543,2.4481439590454124,-1.1628934144973755,-0.5191967202673526,-0.47836600570822135,0.47919654033615433,0.5215087784268323
1723528493.0792327,-18.2594051361084,2.4565267562866233,-1.1662653684616089,-0.519349307424709,-0.4790609596709208,0.47855360476139946,0.521309256743559
1723528493.1462803,-18.45440101623535,2.474658250808718,-1.1838678121566772,-0.5192157350912346,-0.4800051610833679,0.4787609946504657,0.5203825283080665
1723528493.2133365,-18.670194625854492,2.495468854904177,-1.1887584924697876,-0.5200477265937226,-0.4813801676920631,0.4784594558228981,0.518555730226866
1723528493.280401,-18.86273765563965,2.4950337409973167,-1.1993337869644165,-0.5205105365212533,-0.482227644291718,0.4776932269232935,0.5180100977807557
1723528493.3474746,-19.04176139831543,2.5217385292053245,-1.2084144353866577,-0.5200652795133055,-0.4826055785711478,0.4787047266740894,0.5171709052495514
1723528493.4145565,-19.230289459228516,2.537402153015139,-1.2320923805236816,-0.5194114445827275,-0.4818186094757964,0.4800912503791253,0.5172764929017193
1723528493.5823,-19.6682071685791,2.6109371185302757,-1.2647112607955933,-0.5170651939149407,-0.4822842446652241,0.4828735180981152,0.5166029985481582
1723528493.6158545,-19.773143768310547,2.6102092266082786,-1.2679678201675415,-0.5175762918417205,-0.48220936332917375,0.48320567633419326,0.5158499650086855
1723528493.6829674,-19.936279296875,2.6070423126220725,-1.268894076347351,-0.517274444637344,-0.4829661744173011,0.4826403414870876,0.5159739567682387
1723528493.7496333,-20.0903263092041,2.594844579696658,-1.2695591449737549,-0.517674741125195,-0.48386615365905045,0.48117956203803774,0.5160936318353878
1723528493.8162985,-20.335886001586914,2.632217407226565,-1.2972577810287476,-0.5169411942465866,-0.4848102309897048,0.4818311410338311,0.515334447857562
1723528493.8496315,-20.405508041381836,2.6368546485900906,-1.2884604930877686,-0.5171425612488694,-0.4848074304303948,0.4816233479973073,0.515329290268176
1723528493.9162958,-20.774808883666992,2.674309968948367,-1.341612458229065,-0.5168623278270355,-0.4834341500624067,0.48161845075875687,0.5169027224878888
1723528493.98296,-20.97829818725586,2.6944622993469265,-1.3622782230377197,-0.5165613088881753,-0.4832157893895594,0.48154202899958914,0.5174786849246247
1723528494.1829484,-21.349637985229492,2.8188853263855007,-1.3387356996536255,-0.5168005093812047,-0.48524573854592723,0.4815349090362749,0.5153425444360008
1723528494.2829406,-21.78595733642578,2.76710915565491,-1.413621187210083,-0.517775197517991,-0.4825208675228898,0.4798949286325666,0.518443164399828
1723528494.3829327,-22.061473846435547,2.7922482490539577,-1.4303054809570312,-0.5170781423665848,-0.48227460033339603,0.4794032714972198,0.5198210344318015
1723528494.5829117,-22.584993362426758,2.8637087345123318,-1.4412373304367065,-0.5177787643369803,-0.48105293387864234,0.4791998473499976,0.5204428232843251
1723528494.6162407,-22.68964195251465,2.8939418792724636,-1.440490961074829,-0.5179272029037086,-0.4813952957784328,0.4790453062046565,0.5201207324247157
1723528494.6828992,-22.850961685180664,2.9199094772338894,-1.4071701765060425,-0.5185566875474434,-0.4828563215949299,0.47688810699191314,0.5201215895397021
1723528494.7162385,-23.1416072845459,2.898630380630496,-1.497140884399414,-0.5189823403871181,-0.4805927045453297,0.47687526623630355,0.5218026093803763
1723528494.849591,-23.494508743286133,2.9409573078155544,-1.5206295251846313,-0.5194155082279938,-0.47868976318856377,0.47604209660824076,0.5238774309774779
1723528494.9162667,-23.68899154663086,2.9730958938598664,-1.5350303649902344,-0.5195046129076611,-0.47783873898039775,0.47571669422130813,0.5248606705940492
1723528494.9829423,-23.873552322387695,2.991731643676761,-1.5463179349899292,-0.5204644028664507,-0.4766391241157205,0.47438943219119306,0.5262001685066106
1723528495.0496173,-24.04083251953125,3.0020802021026642,-1.5547415018081665,-0.5212940689450286,-0.47584812374133184,0.4723325646658696,0.5279422365853598
1723528495.1162922,-24.22642707824707,3.0325202941894562,-1.5785942077636719,-0.5222467551993657,-0.475294806173128,0.47032013287940533,0.5292940076336412
1723528495.1496289,-24.311538696289062,3.069467067718509,-1.6160038709640503,-0.5224766486066617,-0.47444301592217875,0.4709131194849135,0.5293040810350945
1723528495.2163029,-24.41196632385254,3.1881444454193146,-1.6514869928359985,-0.522232684568602,-0.47432053836193394,0.4714120045556227,0.5292105176743618
1723528495.2496402,-24.686967849731445,3.1435010433197053,-1.553938388824463,-0.5252966165191819,-0.4748340022039967,0.468419645968359,0.5283740817785366
1723528495.3829873,-25.03526496887207,3.203751564025882,-1.5701192617416382,-0.5267002548617107,-0.4704764420891793,0.46545339737395236,0.5334715492327231
1723528495.44966,-25.199880599975586,3.232209920883182,-1.5837764739990234,-0.5276460777858246,-0.4679590738185933,0.4639619617217228,0.5360440466075626
1723528495.5163326,-25.360273361206055,3.27896595001221,-1.5957379341125488,-0.5287130909777671,-0.4657048750533922,0.4622710584683514,0.5384114646650735
1723528495.583005,-25.5263671875,3.323608398437503,-1.6257565021514893,-0.5301042773979486,-0.46303745699128074,0.4608638069558682,0.5405463161890856
1723528495.6496768,-25.820459365844727,3.2959794998168976,-1.6098660230636597,-0.533881753076345,-0.4595652006523663,0.45617124253896774,0.5437627217472095
1723528495.7163467,-25.99452781677246,3.3424148559570344,-1.6279916763305664,-0.5353959194467124,-0.4567984493138805,0.4541513033242178,0.5462901974529271
1723528495.8163488,-26.239547729492188,3.403679609298709,-1.6405538320541382,-0.5383059381568855,-0.45303341188048046,0.44994511181804997,0.5500334908130675
1723528495.8830168,-26.38738250732422,3.4447717666626008,-1.6417992115020752,-0.5404314373346436,-0.45120275266527954,0.4463370717315703,0.5523885914152943
1723528495.916351,-26.465129852294922,3.462526559829715,-1.6492401361465454,-0.541846590552389,-0.4496214311578205,0.4447546769084571,0.553566724359764
1723528495.9830184,-26.631744384765625,3.4998717308044465,-1.6626951694488525,-0.5447259787658789,-0.4470896562639693,0.4412197044096647,0.5556164322263778
1723528496.0496855,-26.844274520874023,3.572406053543094,-1.671488642692566,-0.54757430618407,-0.4450793708942568,0.4382336864816036,0.5567925725475785
1723528496.0830185,-26.930517196655273,3.6085593700408967,-1.6696972846984863,-0.5492317028744186,-0.44377338611516476,0.4365771357503266,0.5575034734184068
1723528496.149685,-27.08924102783203,3.6626691818237336,-1.6773465871810913,-0.5525115646769685,-0.4405843812721643,0.43296527772709087,0.5596047195654583
1723528496.2163513,-27.251806259155273,3.7217898368835485,-1.695932149887085,-0.5553110372432823,-0.43707508667669565,0.42939745838733795,0.5623280566118352
1723528496.283017,-27.400184631347656,3.7714958190918004,-1.6920288801193237,-0.5582756627005924,-0.4341362736681343,0.4248286931563102,0.5651323400698839
1723528496.3496826,-27.54791259765625,3.823018074035648,-1.6951006650924683,-0.561030601791757,-0.4310070442168262,0.4202410276320796,0.5682209696793913
1723528496.3830159,-27.701866149902344,3.8391468524932897,-1.7132865190505981,-0.5622522558601152,-0.42799647384603334,0.41737930984765265,0.5713894738850817
1723528496.4496808,-27.85568618774414,3.896555900573734,-1.7265108823776245,-0.5645877449729946,-0.4242158391989903,0.41314378372262756,0.5749728810738434
1723528496.5163455,-28.00397300720215,3.961187362670902,-1.7311917543411255,-0.5672083962909772,-0.42039190999535264,0.4090148753715807,0.5781454046451009
1723528496.6163416,-28.23427963256836,4.06232309341431,-1.7476516962051392,-0.5706387527156978,-0.41343654039972016,0.40382549910386145,0.5834094678996052
1723528496.6830056,-28.381755828857422,4.1229176521301305,-1.7593941688537598,-0.5729034654883182,-0.40849788557256606,0.40012834328146335,0.5872038876038285
1723528496.7163386,-28.47652244567871,4.175934791564945,-1.7631969451904297,-0.5735756933413335,-0.4068829032236835,0.3980893824703516,0.5890518403643684
1723528496.7830033,-28.621793746948242,4.260054111480716,-1.766255497932434,-0.5758209490981345,-0.4028899494165035,0.3947305343044113,0.5918595513520457
1723528496.8496678,-28.764678955078125,4.326405048370365,-1.774458408355713,-0.5787542784475197,-0.39834282130250365,0.3910818001090062,0.5944926471529752
1723528496.8829992,-28.839632034301758,4.36287355422974,-1.779801845550537,-0.5801588846684672,-0.3961636211791851,0.38894095686238983,0.5959823704350691
1723528496.949663,-28.97001838684082,4.435692787170414,-1.785469651222229,-0.5827864443907,-0.3923997412703665,0.38456667724541166,0.5987410742865554
1723528496.982995,-29.092687606811523,4.498178958892826,-1.7818070650100708,-0.583970612031083,-0.3914017083627119,0.38253577334480127,0.5995409986700557
1723528497.1163201,-29.372800827026367,4.647452831268314,-1.8002400398254395,-0.5887323612892665,-0.3841469679335016,0.37393030646384245,0.6049805283694002
1723528497.1829822,-29.50864028930664,4.730228424072269,-1.8085514307022095,-0.5910297255057868,-0.38046686855368483,0.3694583957388703,0.6078069753791641
1723528497.2163122,-29.565715789794922,4.771192550659183,-1.8129595518112183,-0.5924007795309348,-0.37835177982688284,0.36760250298871233,0.6089167815961427
1723528497.2829733,-29.708112716674805,4.853312015533451,-1.8175160884857178,-0.5946710602030908,-0.37473555731399605,0.3630211726388292,0.6116822871862732
1723528497.349634,-29.876131057739258,4.939224243164066,-1.831093430519104,-0.5969656094698599,-0.37000277126687786,0.3596822904229764,0.6142952550046198
1723528497.416294,-30.009004592895508,5.026611804962162,-1.8414826393127441,-0.5990881011941885,-0.3658852069305949,0.35599733598289096,0.6168365740858611
1723528497.4829535,-30.14117431640625,5.113825321197513,-1.8482983112335205,-0.601855078257402,-0.3612266085128045,0.3522278460793838,0.6190487432540279
1723528497.5496128,-30.27234649658203,5.2048010826110875,-1.854195237159729,-0.6043958628958881,-0.35704902801621163,0.34775768098239107,0.6215192899860493
1723528497.649601,-30.46430015563965,5.328949928283695,-1.8674242496490479,-0.6071858876656591,-0.3517579537684976,0.34116529567094234,0.6254581367366034
1723528497.7495935,-30.629859924316406,5.496825218200687,-1.8883016109466553,-0.6103900500727062,-0.3468794043467078,0.33628409769865913,0.6277034899116868
1723528497.7829256,-30.659635543823242,5.536939620971683,-1.8825914859771729,-0.611343604178361,-0.345483645093186,0.3340813492616825,0.628720685741157
1723528497.8495886,-30.782447814941406,5.623684406280521,-1.8953604698181152,-0.6130808776674508,-0.34167641063109405,0.3299592824297497,0.6312811891662897
1723528497.916251,-30.904470443725586,5.712705612182621,-1.911299467086792,-0.6143782680157928,-0.3381197031365377,0.325722292499266,0.6341288499270451
1723528497.9495814,-30.968299865722656,5.760449886322025,-1.9116663932800293,-0.6152076643382711,-0.3365073368313034,0.32336494342539907,0.635387641807457
1723528498.0495741,-31.124515533447266,5.893512725830082,-1.9165711402893066,-0.6174355191417312,-0.3321578483555354,0.3165901676496255,0.6389172162538618
1723528498.116235,-31.27115249633789,5.992110729217533,-1.9314229488372803,-0.6187240340437095,-0.32790608768535584,0.3124889836541746,0.6418791182538527
1723528498.1495647,-31.323707580566406,6.036199569702152,-1.92532479763031,-0.6194864785884148,-0.32691931871255014,0.3096289117102347,0.6430320356963435
1723528498.2828836,-31.544103622436523,6.22633266448975,-1.9433876276016235,-0.6228409673956433,-0.32118334623366845,0.30105362540596575,0.6467434592369119
1723528498.3162138,-31.597309112548828,6.27263975143433,-1.947662115097046,-0.6231336948113886,-0.31894478535817816,0.2989727078287241,0.6485321443514526
1723528498.3828723,-31.69001579284668,6.378398895263675,-1.9493465423583984,-0.6246305752288055,-0.3163208399603283,0.2945303612499564,0.6504072854743358
1723528498.4495301,-31.790637969970703,6.470325469970707,-1.9521749019622803,-0.6262216802087199,-0.3124702801922325,0.29049033828332615,0.6525519861261585
1723528498.4828584,-31.89784812927246,6.562439441680912,-1.9411160945892334,-0.62632634295566,-0.31214829639603403,0.28898180665098794,0.6532750328931712
1723528498.5828445,-32.04682922363281,6.714846134185795,-1.9458569288253784,-0.6283246452831628,-0.30609975405664236,0.28422416489400015,0.656298487569916
1723528498.7161622,-32.23276138305664,6.916089057922367,-1.9517451524734497,-0.6305494994012936,-0.29828035156195115,0.276575792559594,0.6610158785134358
1723528498.7828295,-32.32716369628906,7.0173878669738805,-1.9681024551391602,-0.6310028306786827,-0.29446136545019425,0.27306154729947674,0.6637509497688967
1723528498.8161623,-32.366477966308594,7.062801837921146,-1.9572675228118896,-0.6314001245329195,-0.29353944880385413,0.270769287389993,0.6647198415438331
1723528498.8828287,-32.461490631103516,7.149011135101322,-1.9599627256393433,-0.6321116349642311,-0.29042257698976953,0.26657069942291806,0.6671054413858759
1723528498.9494948,-32.6001091003418,7.26959323883057,-1.9797247648239136,-0.6318966101315212,-0.28827908809589725,0.26297872616321516,0.6696596382166562
1723528499.0494936,-32.73401641845703,7.415507793426518,-1.9813898801803589,-0.6320248350729554,-0.28431310444449354,0.25686415656938594,0.6735959260283839
1723528499.1494904,-32.87253189086914,7.572034835815434,-1.995387315750122,-0.6330690991383963,-0.28031120516582153,0.2520554829410969,0.6761044131596202
1723528499.182823,-32.90447998046875,7.615645885467534,-1.9933886528015137,-0.6334843159733876,-0.2794682719404046,0.2505302608787127,0.676631136423988
1723528499.2494872,-32.99436950683594,7.717262744903569,-2.0002899169921875,-0.6341207650539308,-0.27724876000568344,0.2489329996896065,0.6775369673075138
1723528499.316151,-33.07804489135742,7.817963123321538,-2.000119686126709,-0.635714039257323,-0.27456453533019004,0.24731122156979535,0.6777308727774702
1723528499.449477,-33.209930419921875,7.983734607696538,-2.010030746459961,-0.6379478750245751,-0.26918968238032454,0.24521486502720405,0.6785492565918109
1723528499.4828076,-33.25183868408203,8.036228179931644,-2.0113494396209717,-0.6384208533087121,-0.26790287699079035,0.24486801383324935,0.6787389176715838
1723528499.54947,-33.328529357910156,8.12711334228516,-2.016505718231201,-0.6389743042306187,-0.26638044374728703,0.24382083079357983,0.6791941550051235
1723528499.6161315,-33.412166595458984,8.228352546691898,-2.011542320251465,-0.6392533243308454,-0.26516257321060765,0.24257259106025267,0.6798547897651436
1723528499.682793,-33.49067687988281,8.315593719482425,-2.013256549835205,-0.6390354432983939,-0.2644734740330095,0.24102301793514777,0.6808783948450484
1723528499.7161968,-33.53614044189453,8.37036514282227,-2.021791696548462,-0.6391984389637967,-0.2635519531486738,0.2407899407708791,0.68116512538541
1723528499.7830057,-33.676109313964844,8.493623733520511,-2.0202269554138184,-0.6394707964956395,-0.2632445532474459,0.23833110132558666,0.6818927274547792
1723528499.8498178,-33.75615310668945,8.599444389343265,-2.019188404083252,-0.6403194740721156,-0.26222643404679213,0.23765243261665356,0.6817254503702349
1723528499.9166331,-33.833168029785156,8.704866409301761,-2.0195114612579346,-0.6412330621515872,-0.2615503029717942,0.23633181793034377,0.6815855565171552
1723528499.9500415,-33.874935150146484,8.752787590026859,-2.0192131996154785,-0.641858069811748,-0.2608143094372845,0.2357260512342247,0.6814890629935374
1723528500.0168612,-33.95505905151367,8.853592872619632,-2.0168328285217285,-0.6434563234651254,-0.2591368318830539,0.2347934386184311,0.6809435390222092
1723528500.0836842,-34.018714904785156,8.952946662902836,-2.0263619422912598,-0.6437655101615245,-0.2578634114819286,0.23409695709009273,0.681374378463509
1723528500.1505105,-34.10268783569336,9.052542686462406,-2.029452085494995,-0.6439264313218376,-0.2568590371926564,0.23353162093012872,0.6817955471278255
1723528500.1839252,-34.13536834716797,9.100465774536136,-2.02492618560791,-0.6439324543666664,-0.2565139132163635,0.23290538751069914,0.6821339216079495
1723528500.250756,-34.21334457397461,9.207410812377933,-2.038100004196167,-0.6439361831746726,-0.2556603687428088,0.2329148182852732,0.6824475476370794
1723528500.3175898,-34.29195022583008,9.319183349609379,-2.043914556503296,-0.6440318785884017,-0.25449452396720396,0.23220165234523218,0.6830357745248373
1723528500.3844266,-34.36716842651367,9.413229942321781,-2.0434012413024902,-0.644812528168817,-0.2530041238242435,0.231505340499312,0.6830893017496051
1723528500.417846,-34.40493392944336,9.474190711975101,-2.0495989322662354,-0.6447679655734297,-0.25255144135121926,0.23147603160816962,0.6833087785420702
1723528500.4846876,-34.49362564086914,9.558935165405277,-2.0467305183410645,-0.6446143251078017,-0.251471726791634,0.22976487845790633,0.6844285522371717
1723528500.5515325,-34.5611686706543,9.65648174285889,-2.0439040660858154,-0.6450425605969327,-0.24986155043880107,0.22927277151623587,0.6847797433278345
1723528500.6518059,-34.676963806152344,9.805698394775394,-2.045637607574463,-0.6457694207698151,-0.24825422986650172,0.22765804322892114,0.6852178543391776
1723528500.6852303,-34.756591796875,9.900183677673343,-2.0526413917541504,-0.6463651976522998,-0.247541032401616,0.22723282455535326,0.6850552619942728
1723528500.751919,-34.841033935546875,10.005587577819828,-2.0511817932128906,-0.6473457233965249,-0.2461538080883472,0.22589157813977676,0.6850728516656869
1723528500.8186078,-34.918521881103516,10.115580558776859,-2.061223268508911,-0.6478715106927531,-0.2444948058093124,0.2255056279456314,0.6852970212468482
1723528500.8519526,-34.94752883911133,10.15664100646973,-2.0554535388946533,-0.6479904488763281,-0.24414126728530652,0.22493242316151807,0.6854989604544031
1723528500.9186413,-35.03012466430664,10.266207695007328,-2.0632052421569824,-0.6487990478038362,-0.24261911487844695,0.2248163877125547,0.6853125947188718
1723528500.9853299,-35.08065414428711,10.397343635559086,-2.0672125816345215,-0.6491961584155179,-0.2410007748898465,0.22437783490039698,0.6856511952927943
1723528501.0186732,-35.124786376953125,10.455271720886234,-2.0660438537597656,-0.6497797724171865,-0.23997366771106624,0.22405536391999722,0.6855640597795699
1723528501.118706,-35.24419021606445,10.609270095825199,-2.071323871612549,-0.6512663201959414,-0.23810168720152275,0.22198068920730957,0.685481101380099
1723528501.185394,-35.32701873779297,10.74295806884766,-2.0792675018310547,-0.6520206039997759,-0.23805515829377993,0.2205771986340905,0.6852332252687604
1723528501.2520819,-35.40718460083008,10.856486320495609,-2.0837197303771973,-0.6526280471282639,-0.23745174888947745,0.2192064929412179,0.6853041751684349
1723528501.2854252,-35.45414352416992,10.913754463195804,-2.0749921798706055,-0.6531471030425351,-0.23752635237272873,0.21838822921630302,0.6850450168094195
1723528501.3521128,-35.539485931396484,11.018363952636722,-2.0860602855682373,-0.6544379942216941,-0.23628377959008076,0.21686266509474011,0.684727297330637
1723528501.4188,-35.65837860107422,11.156355857849125,-2.0947535037994385,-0.6554904534231922,-0.23565031169895226,0.21561692629149304,0.684332183346548
1723528501.4854875,-35.74250030517578,11.281394958496097,-2.092362880706787,-0.6573193277926304,-0.2352133954679585,0.21455116987154665,0.6830620436017719
1723528501.6188617,-35.90092086791992,11.511137008666996,-2.090726852416992,-0.6600747678832627,-0.23416929053931682,0.21299244999265338,0.6812490443430339
1723528501.6522055,-35.94413375854492,11.578622817993168,-2.105715274810791,-0.6602508220499554,-0.23363073484764543,0.21303426642093032,0.6812502719613427
1723528501.7188957,-36.027183532714844,11.698740005493168,-2.103809356689453,-0.6614461235827052,-0.23258241817679587,0.21253543636961028,0.6806049754737516
1723528501.7856753,-36.105892181396484,11.814455032348636,-2.1081154346466064,-0.6623816421097791,-0.23124004509739263,0.2121870858034956,0.6802611574664015
1723528501.8525422,-36.18975830078125,11.934393882751468,-2.1165382862091064,-0.6621919752558382,-0.23091658822067537,0.2118566632824297,0.6806585571445715
1723528501.9194114,-36.273868560791016,12.06204223632813,-2.1181235313415527,-0.6620513431955358,-0.2308471257997281,0.21167126023944624,0.6808765681616867
1723528501.9862826,-36.36953353881836,12.192798614501958,-2.129082202911377,-0.6617820750054325,-0.23093595771573452,0.2105897937197568,0.6814433266358185
1723528502.019719,-36.41361999511719,12.254834175109869,-2.134035110473633,-0.6616506644529765,-0.2309201918079461,0.20997677521841243,0.681765368079952
1723528502.0865936,-36.50590896606445,12.371594429016119,-2.1362411975860596,-0.6619571728270142,-0.2306062001213454,0.20889799298033015,0.6819054995651894
1723528502.1200325,-36.5498161315918,12.43247509002686,-2.1452977657318115,-0.6621212431556859,-0.23045445736990183,0.2084987653020133,0.6819196927115754
1723528502.186911,-36.63020706176758,12.56503582000733,-2.163768768310547,-0.6620795942186583,-0.2299536245741433,0.20869077784034487,0.6820704514262897
1723528502.2537918,-36.71738815307617,12.697649955749517,-2.1651127338409424,-0.6622151686622004,-0.22962404640003145,0.20859481415783696,0.682079226494274
1723528502.320675,-36.80271530151367,12.824820518493658,-2.168445110321045,-0.6624909542328714,-0.2287655225640594,0.2085611099224021,0.682110207131918
1723528502.3875601,-36.88984680175781,12.954799652099615,-2.172966718673706,-0.6624589195337497,-0.22774656660230727,0.20840634306369962,0.6825294700610761
1723528502.454448,-36.98393249511719,13.086975097656255,-2.1832616329193115,-0.6619794983152942,-0.22729704461253414,0.20790585263479755,0.6832966806306298
1723528502.5213377,-37.05305862426758,13.201911926269537,-2.1831164360046387,-0.6617299253175115,-0.22715347497769955,0.20761815263426484,0.68367353864368
1723528502.5882301,-37.165889739990234,13.34750366210938,-2.187993288040161,-0.6613851818860502,-0.2261477537585594,0.20732555388035354,0.6844289220654829
1723528502.655125,-37.31510543823242,13.54941082000733,-2.211737871170044,-0.660575763015913,-0.22577922305079634,0.20620353065879665,0.6856701157979469
1723528502.6885724,-37.35733413696289,13.622946739196783,-2.215928554534912,-0.6605623752626385,-0.2254025914404051,0.20621022985202964,0.6858049002914051
1723528502.7888029,-37.49466323852539,13.821311950683599,-2.223580837249756,-0.6602700513684443,-0.22484850781769994,0.205085716763918,0.6866050222489606
1723528502.855469,-37.589202880859375,13.96157836914063,-2.2260804176330566,-0.6599923412885498,-0.22492506499057222,0.20450631459993332,0.6870196444558179
1723528502.9221344,-37.680850982666016,14.099743843078619,-2.2378103733062744,-0.659999064771057,-0.2246099671905746,0.20406363330479008,0.68724786700464
1723528502.9887998,-37.78044891357422,14.24766635894776,-2.237488269805908,-0.6602534776706447,-0.22419918072743145,0.20357314374135502,0.6872830914057392
1723528503.0554643,-37.870487213134766,14.38116073608399,-2.2523224353790283,-0.6605839720613661,-0.22386838760275454,0.20267264119035527,0.6873394804612178
1723528503.0887961,-37.95608901977539,14.481086730957037,-2.2420456409454346,-0.6610857291243764,-0.223431998953704,0.20255349407937193,0.6870341204248022
1723528503.15546,-38.06029510498047,14.635227203369146,-2.2532541751861572,-0.6613148592567891,-0.2232913650749547,0.20180182207548558,0.68708052498681
1723528503.2221231,-38.153968811035156,14.771079063415533,-2.250913619995117,-0.661918844345725,-0.22329180609418475,0.20041068781990493,0.6869059390038562
1723528503.2887864,-38.24016189575195,14.912785530090337,-2.259507894515991,-0.6615864984550456,-0.22315606556581005,0.19999181127541227,0.6873921376375786
1723528503.322118,-38.29254150390625,14.975414276123052,-2.2612318992614746,-0.6613748020463536,-0.2232331474374682,0.1992412571448337,0.6877886699813065
1723528503.38878,-38.40618133544922,15.140853881835943,-2.2718255519866943,-0.6616222840844938,-0.2221943749747815,0.19916205804657494,0.6879099414654772
1723528503.4887722,-38.50262451171875,15.341809272766119,-2.275486707687378,-0.6625366315831609,-0.22050421329015588,0.19947290732713202,0.6874835728758832
1723528503.588764,-38.651405334472656,15.58439445495606,-2.2927446365356445,-0.662751630125217,-0.21954374782388722,0.19907770103842243,0.6876982539654042
1723528503.6554244,-38.74406814575195,15.71586704254151,-2.2902143001556396,-0.6632063664025271,-0.21897991302800326,0.19812097613080593,0.6877159239616178
1723528503.7887502,-38.94384002685547,16.02190208435059,-2.302219867706299,-0.6633800116380216,-0.2185032553216784,0.19620725750561707,0.6882485013969099
1723528503.8220859,-38.99236297607422,16.106912612915043,-2.3006181716918945,-0.6632742480541659,-0.2182780061817811,0.19616221780287796,0.6884347232615039
1723528503.8887575,-39.08639907836914,16.255947113037113,-2.3093976974487305,-0.6632659553278791,-0.21770501562195355,0.1957087915636553,0.6887531252783791
1723528503.9554288,-39.19458770751953,16.419292449951175,-2.319652557373047,-0.6634004429374204,-0.21723305838172283,0.1947255219915816,0.6890512475437974
1723528504.0220997,-39.299861907958984,16.592029571533207,-2.3287668228149414,-0.663937360558831,-0.21621453815787076,0.19467532749484934,0.6888686170875581
1723528504.0887702,-39.39468002319336,16.741508483886722,-2.3375630378723145,-0.6645786817124791,-0.2153026049915668,0.194420537358664,0.6886077393918232
1723528504.1554403,-39.49846267700195,16.893896102905277,-2.334831714630127,-0.665510579475889,-0.2146329188468568,0.19353921487817013,0.6881649155960269
1723528504.22211,-39.607906341552734,17.06496047973633,-2.3409881591796875,-0.6659460919685851,-0.21398434924399223,0.19288866663819212,0.6881282316203385
1723528504.2887793,-39.715919494628906,17.250795364379886,-2.3443171977996826,-0.6659856515700562,-0.21373017115353724,0.19241759555318677,0.6883008025296917
1723528504.3554482,-39.88142013549805,17.499124526977543,-2.366342544555664,-0.6657242627462503,-0.2134949779417482,0.19138799714491683,0.6889134451681659
1723528504.388783,-39.94060516357422,17.578174591064457,-2.3704142570495605,-0.6657253422493066,-0.21292533889446846,0.191564470940789,0.6890396376239142
1723528504.4887843,-40.07513427734375,17.79570007324219,-2.370116710662842,-0.6658441258893796,-0.21211429109169663,0.19078420464555745,0.6893914089913198
1723528504.555452,-40.20001983642578,17.990013122558597,-2.3944175243377686,-0.6655691152791586,-0.21177039385085297,0.19065090581841787,0.6897994528740867
1723528504.6221192,-40.293155670166016,18.16670417785645,-2.399355888366699,-0.66595030827731,-0.21068141868734958,0.1913276412969856,0.6895775956344389
1723528504.6887858,-40.38536834716797,18.325746536254886,-2.3882150650024414,-0.6665800273929564,-0.20868269178769236,0.19298558721722783,0.6891147686383382
1723528504.8221242,-40.6046142578125,18.67877578735352,-2.406637191772461,-0.6671172947324612,-0.20782093853992162,0.19328319679003284,0.6887717897909685
1723528504.8887954,-40.7061882019043,18.869298934936527,-2.432500123977661,-0.6669933779667025,-0.2084795102340115,0.19270038371957657,0.6888560732660214
1723528504.9221313,-40.74451446533203,18.926393508911136,-2.421020984649658,-0.6672656894520929,-0.2091377037914146,0.19192303698472854,0.688609808532696
1723528504.955466,-40.7999267578125,19.011991500854496,-2.425935983657837,-0.6671936562712697,-0.2095678501737889,0.19126372978316544,0.6887322606603697
1723528505.0221364,-40.9119987487793,19.169422149658207,-2.4236533641815186,-0.6678724415099112,-0.21011381270580118,0.19056186257655144,0.6881022918964718
1723528505.0888064,-41.01245880126953,19.364048004150394,-2.436596632003784,-0.6675556728452094,-0.21130882413696686,0.19005534966315552,0.6881838188728706
1723528505.188811,-41.16974639892578,19.544067382812504,-2.4264702796936035,-0.6675910623501927,-0.21137245295681517,0.19012116267824136,0.6881117664326296
1723528505.2221448,-41.212615966796875,19.633335113525394,-2.440850257873535,-0.6669133102089613,-0.2118362932544391,0.18991721866351674,0.6886824170700593
1723528505.2554796,-41.28205871582031,19.735691070556644,-2.4520764350891113,-0.6661005663653616,-0.21129153961204505,0.19033244788592474,0.6895211962353789
1723528505.322148,-41.31647872924805,19.880962371826175,-2.4876902103424072,-0.6649232252581367,-0.21147761601637732,0.19087466038316922,0.6904499883843557
1723528505.3554816,-41.36691665649414,19.96391296386719,-2.488093376159668,-0.6643315468177245,-0.21117614358079706,0.19118321723542,0.6910262004675555
1723528505.4554837,-41.51737594604492,20.20024108886719,-2.502267837524414,-0.6628688019536099,-0.20976409673932322,0.19186692464474117,0.6926695159620431
1723528505.5221508,-41.62103271484375,20.35850334167481,-2.5055813789367676,-0.6629687869723478,-0.20959073686873772,0.19168211843352181,0.6926774689507885
1723528505.5554836,-41.66312026977539,20.43551063537598,-2.50175404548645,-0.6634206858506297,-0.2098160311915974,0.19192525600956029,0.6921090396362061
1723528505.7221496,-41.9282112121582,20.86086463928223,-2.5169098377227783,-0.6639761037814338,-0.21000574075690132,0.19062538211034272,0.6918780861912435
1723528505.7888172,-42.00882339477539,21.018970489501957,-2.52565860748291,-0.6648356604042808,-0.20970098448946417,0.1896847221761263,0.6914034624818703
1723528505.8221507,-42.128868103027344,21.173875808715824,-2.507396697998047,-0.6652738956337975,-0.2106415046793135,0.1886754640735608,0.6909720468667979
1723528505.8888187,-42.24250793457031,21.34722709655762,-2.5134224891662598,-0.66654876467455,-0.21144321341769823,0.18708997916370418,0.6899288742377391
1723528505.9554865,-42.3633918762207,21.54335403442383,-2.522338628768921,-0.6677411743381969,-0.2122236076156377,0.18558456129628398,0.6889421130055234
1723528505.9888208,-42.40376663208008,21.621831893920902,-2.5261921882629395,-0.6683625617216298,-0.21199412078027974,0.18559197040257705,0.6884080180863568
1723528506.0554876,-42.464412689208984,21.64870071411133,-2.506709575653076,-0.6700558860759765,-0.2106207762520336,0.18462156103152205,0.6874437266774736
1723528506.1554868,-42.63633728027344,22.01974487304688,-2.53190016746521,-0.6708811018401841,-0.20911457094693253,0.18600216682714338,0.6867261734832802
1723528506.1888204,-42.69952392578125,22.0981559753418,-2.5327019691467285,-0.6709602072679263,-0.20832299059300674,0.186218758468053,0.6868307694388658
1723528506.2554858,-42.76140213012695,22.234886169433597,-2.5425565242767334,-0.6709163123442398,-0.20640346013848845,0.18709892365364988,0.6872138722704247
1723528506.3221507,-42.912574768066406,22.48219680786133,-2.5618293285369873,-0.6703441723307388,-0.20452432899893802,0.1876257971927609,0.6881896901999709
1723528506.3888154,-43.01761245727539,22.664495468139652,-2.544656276702881,-0.6699123411776653,-0.20447318134757242,0.18665142825742434,0.6888899894590759
1723528506.422147,-43.06980514526367,22.753576278686527,-2.5500879287719727,-0.6695968869069665,-0.20428195082907621,0.18639457754171598,0.6893228235544006
1723528506.488811,-43.17744827270508,22.921688079833988,-2.5599591732025146,-0.6692181503294224,-0.20434081925463302,0.1858004870243728,0.6898333681966377
1723528506.5221431,-43.231754302978516,22.999052047729496,-2.5589609146118164,-0.6691923782483148,-0.2047978866957925,0.18502778084933974,0.6899305086842228
1723528506.5888064,-43.312984466552734,23.14932250976563,-2.574096202850342,-0.6684792682533084,-0.20490542825809643,0.18414719536249693,0.6908249009886759
1723528506.6221373,-43.36994171142578,23.229303359985355,-2.5891926288604736,-0.667766001693585,-0.20455844327933412,0.1837993973585122,0.6917096152258881
1723528506.7221315,-43.502899169921875,23.473497390747074,-2.588888645172119,-0.6668267092276149,-0.20310912959132124,0.1834004973413493,0.6931472274432551
1723528506.7888017,-43.60002136230469,23.630517959594734,-2.6012566089630127,-0.6664709952132118,-0.20148128203041513,0.18321286680997478,0.6940135092101319
1723528506.85548,-43.71153259277344,23.81296348571778,-2.5945401191711426,-0.6669651548015154,-0.2007193128979463,0.18372488539134382,0.6936241101622005
1723528506.9221578,-43.808311462402344,23.99415588378907,-2.6010944843292236,-0.6672792763212043,-0.19994659601910855,0.18396759921204203,0.693480820623598
1723528506.9888353,6.4835710525512695,2.495194435119628,0.4408116936683655,0.40584306569746986,0.5821446703211144,-0.5466810092423285,-0.4444534429788899
1723528507.0888507,6.215829849243164,2.388462305068969,0.40917569398880005,0.40662505414619454,0.580470368602809,-0.54613536265347,-0.4465942030233784
1723528507.155528,6.082512378692627,2.347064018249511,0.41393452882766724,0.4073898676312394,0.5795907590332006,-0.5455029198719196,-0.44781091121803857
1723528507.2222047,5.866352558135986,2.298086404800414,0.3815556466579437,0.40768180506337665,0.5792977285167293,-0.5445433106968985,-0.44909049236304893
1723528507.2888813,5.700896739959717,2.2689359188079825,0.384308785200119,0.40841790141057727,0.579810823773975,-0.5430211139572518,-0.4496023757038545
1723528507.4222338,5.37009334564209,2.165601015090942,0.37717321515083313,0.41070103163761806,0.5783236241014247,-0.5418633117404321,-0.4508332283757285
1723528507.755611,4.716064929962158,1.902691721916198,0.3058018982410431,0.4175775475744627,0.5751995418925543,-0.5366204981492831,-0.45476688504585344
1723528507.8223126,4.289965629577637,1.9040575027465816,0.301669180393219,0.4176189594146887,0.5750890483598612,-0.5363670806613355,-0.45516738237353777
1723528507.8890145,4.098546504974365,1.848193764686584,0.2922306954860687,0.4181496693954153,0.5737059430869894,-0.5362947743081133,-0.45650877308216425
1723528508.255879,3.764021635055542,1.492955923080444,0.1370612233877182,0.4249589206033934,0.5674340145554984,-0.530329065070754,-0.46495122073848705
1723528508.3559332,3.260571002960205,1.466860175132751,0.1575125902891159,0.4254108428412684,0.5673267142394717,-0.5298113463226249,-0.46525901540016834
1723528508.3892853,3.046736001968384,1.5222690105438228,0.09715643525123596,0.42442951594904516,0.5668064261142477,-0.5310843114564786,-0.4653380657453796
1723528508.455989,2.8544487953186035,1.4882982969284053,0.0830010175704956,0.42438480234405795,0.5662865569138883,-0.5301849754494162,-0.46703422444796316
1723528508.522693,2.669358253479004,1.4602295160293577,0.07471702992916107,0.42566236923701634,0.5663851382116784,-0.5287763942071403,-0.46734884995874654
1723528508.7561572,2.4690492153167725,1.2927299737930296,0.03964005783200264,0.429863258829384,0.5648127148288009,-0.521411938196779,-0.47363885670643646
1723528508.822844,2.2632076740264893,1.2539386749267576,0.017189204692840576,0.4303078188133746,0.5644332792065399,-0.5208504580296986,-0.47430481208025016
1723528508.956217,2.0461933612823486,1.1474732160568235,0.002596236765384674,0.43219829338055504,0.5621792541175188,-0.5195426026416878,-0.47669131047157487
1723528509.0895896,1.9205456972122195,1.10298216342926,-0.047300372272729874,0.43358352763308217,0.5588097112873083,-0.5184656331451407,-0.4805522015178538
1723528509.189619,1.8300698995590212,1.080021262168884,-0.015632400289177895,0.4352474532608273,0.5576388503793156,-0.5164942134749078,-0.4825269882861844
1723528509.2563052,1.6513533592224123,1.0625597238540647,-0.026841776445508003,0.4353172533165179,0.5570918843396933,-0.5160252143669014,-0.48359642213875603
1723528509.456362,1.475340247154236,0.958171486854553,-0.07312645763158798,0.4383235608825269,0.5530182310333226,-0.5135679161000936,-0.4881508861741867
1723528509.5230474,1.30688214302063,0.9442021250724791,-0.07749054580926895,0.43861026352619864,0.5516508226121223,-0.5134677593123487,-0.4895439375455521
1723528509.6230748,1.2869049310684204,0.9064472317695617,-0.08190982788801193,0.44010934561260306,0.5497439899271875,-0.5116186186020596,-0.4922719761911123
1723528509.68976,1.1360962390899658,0.873347520828247,-0.0917782410979271,0.4405909442161448,0.549517555679433,-0.5103271627836194,-0.493433139138474
1723528509.8564732,0.9935443997383119,0.8201178312301635,-0.08632352203130722,0.44352628289667506,0.5487349076258676,-0.5065178661272526,-0.4955946819999016
1723528509.9231582,0.7929596900939943,0.8201187252998351,-0.1029837429523468,0.44381724761799957,0.548643701947529,-0.5065312918756308,-0.4954214260414046
1723528509.9898427,0.6330006122589112,0.8230583071708678,-0.1027640625834465,0.44444636106514224,0.548562590648346,-0.5066051504108123,-0.49487143568240693
1723528510.1232114,0.4652262032032014,0.7968387007713317,-0.0995519682765007,0.4452810701326755,0.5476117983406636,-0.5056982402145678,-0.4961001680542882
1723528510.156553,0.36295297741889965,0.7913778424263,-0.12022875249385834,0.44467189021354203,0.5475499032196097,-0.5061954081854426,-0.49620784180631883
1723528510.3899462,0.18608391284942635,0.6962817907333374,-0.12459352612495422,0.4482503155897968,0.545227270373694,-0.5036679695961277,-0.4981138972337679
1723528510.4899707,-0.08346069604158393,0.7106524109840393,-0.14974112808704376,0.44760567800798756,0.5446081967204858,-0.5049082609697719,-0.4981151644794115
1723528510.5233126,-0.16764080524444572,0.7057417631149292,-0.16221238672733307,0.44717830951829496,0.5439268789362959,-0.5051186686904199,-0.49902929814530733
1723528510.6566782,-0.2448573559522628,0.6505529880523682,-0.188174307346344,-0.4498120360403414,-0.5435996364573954,0.5020945025058494,0.5000696731756823
1723528510.7567012,-0.4294866323471069,0.5789910554885864,-0.20632712543010712,-0.4486131895874688,-0.5447806909226898,0.49855705260579414,0.5033895809638673
1723528510.9901123,-0.5550697445869445,0.5720051527023317,-0.21338026225566864,-0.4523790158521685,-0.5433825616977143,0.49771424012386506,0.502363566391291
1723528511.0901446,-0.7525237202644347,0.5576207637786866,-0.21817854046821594,-0.4525138585124983,-0.541831599124366,0.49933233845926467,0.5023115983264427
1723528511.1901777,-0.8870796561241149,0.5559934973716737,-0.2182076871395111,-0.4537586614968076,-0.5414637824894418,0.49862950491361435,0.5022834520452131
1723528511.2902095,-1.0689646005630493,0.557001829147339,-0.22593191266059875,-0.4534990492138925,-0.5421488001982002,0.49783089658664353,0.5025710787634781
1723528511.4569304,-1.2430732250213623,0.5287167429924012,-0.21618609130382538,-0.45523489272066875,-0.5419593951310139,0.4965769308112617,0.5024465725476632
1723528511.490274,-1.3006093502044678,0.5254734754562379,-0.21723730862140656,-0.45526562613979277,-0.5415165692430417,0.49669187770714046,0.5027824514743365
1723528511.723682,-1.577828288078308,0.5089242458343508,-0.23866720497608185,-0.4557543840837146,-0.5403502783841633,0.4966899716492936,0.5035956613213175
1723528511.8237035,-1.710700511932373,0.4987216591835024,-0.2517336308956146,-0.4569855136364595,-0.5394344413601174,0.49692844821090143,0.5032264313006867
1723528511.9570591,-1.8440488576889038,0.5061038136482241,-0.2585183382034302,-0.45757148736308484,-0.5381490650947398,0.4978810326149617,0.5031286068712963
1723528512.0904138,-1.986971378326416,0.49063685536384605,-0.2558576762676239,-0.4574649773737677,-0.5378504964799976,0.49726454535109377,0.504153359454649
1723528512.1570904,-2.0828652381896973,0.4729938805103305,-0.2716659605503082,-0.45704490118383934,-0.5374766874093855,0.4964814305326547,0.5057024401063702
1723528512.2237668,-2.1831047534942627,0.47935584187507657,-0.2737686038017273,-0.45638194546524946,-0.5375787797063369,0.49677214772695705,0.50590711470145
1723528512.4237936,-2.3172714710235596,0.46557456254959134,-0.26358550786972046,-0.45640329928223305,-0.5383031139186074,0.4956760653779551,0.5061926749383604
1723528512.5571432,-2.446868658065796,0.47313949465751676,-0.2679307162761688,-0.45704368829835657,-0.5385745008481523,0.49554569388563074,0.5054533008045425
1723528512.6238174,-2.5088605880737305,0.46857649087905917,-0.2696542739868164,-0.45795180886837245,-0.537955293636057,0.4954497529188598,0.5053847891812439
1723528512.8238585,-2.6517350673675537,0.4605330824851993,-0.28426316380500793,-0.45764232329348564,-0.538100861421628,0.49477425090836263,0.5061713222871396
1723528512.9239013,-2.717233419418335,0.4620313644409183,-0.281551331281662,-0.45815189143357693,-0.5381248234324754,0.49463926545108866,0.5058166820653611
1723528513.1239848,-2.8330512046813965,0.4709771275520328,-0.28250205516815186,-0.45845839562028456,-0.5381254787307826,0.4946599301620672,0.5055179740801501
1723528513.190679,-2.8403494358062744,0.4591319561004642,-0.28079745173454285,-0.45898193714764635,-0.5379449200403659,0.494553306212139,0.5053393628934925
1723528513.357414,-2.8855109214782715,0.45219799876213107,-0.2840983271598816,-0.4593696718695293,-0.5376067925841098,0.4942793614939526,0.5056148276455484
1723528513.424108,-2.8975636959075928,0.45412456989288363,-0.28475111722946167,-0.4593126898084145,-0.537815915592224,0.4941596279990514,0.5055612287077562
1723528513.490802,-2.8965773582458496,0.4603409767150882,-0.28442874550819397,-0.4591153654242102,-0.5378341277535598,0.49438949990925374,0.5054963448279716
1723528513.6241894,-2.8850784301757812,0.4517895579338077,-0.28742751479148865,-0.4587534356694431,-0.5367744554706917,0.49483282359656244,0.506516481377534
1723528513.6908827,-2.8788838386535645,0.45382586121559176,-0.2814319431781769,-0.4581937187155503,-0.5359980883393061,0.4957708205978419,0.5069278635762363
1723528513.85761,-2.876584529876709,0.4563696086406711,-0.28376781940460205,-0.4572445183079776,-0.5352100989657509,0.49695449555448856,0.5074582049691982
1723528513.9576387,-2.8799800872802734,0.45759025216102633,-0.2831401526927948,-0.45741210387255815,-0.5353501966212237,0.49687052811674925,0.507241572130558
1723528514.2577245,-2.8772833347320557,0.4601462781429294,-0.2812068462371826,-0.45722225048544984,-0.5359248472852937,0.4965246288400832,0.5071446190964397
1723528514.2910666,-2.8803110122680664,0.45687624812126193,-0.2813962399959564,-0.4573342003803481,-0.5357883976313069,0.4964821039898897,0.5072294772032838
1723528514.4244363,-2.881371021270752,0.45592388510704074,-0.2842426896095276,-0.45731678494801487,-0.5357090988982935,0.496457173397277,0.5073533231829427
1723528514.4911208,-2.880491256713867,0.4566559195518497,-0.27941569685935974,-0.4573520849695312,-0.5358904468213468,0.49642929098546323,0.507157232454897
1723528514.7911992,-2.8817694187164307,0.45615428686142,-0.28110411763191223,-0.45748821376379245,-0.535857447099108,0.49624561274533885,0.5072490734211789
1723528514.8578887,-2.881373882293701,0.45794242620468173,-0.2833437919616699,-0.4573025153292317,-0.5357121447658832,0.49654272682403305,0.5072792405195079
1723528514.9245777,-2.881190061569214,0.45878618955612216,-0.2836405336856842,-0.4573069727287795,-0.5357351592608043,0.49658044898201614,0.5072139878929399
1723528516.3916066,-2.8936736583709717,0.4573483765125278,-0.2831975519657135,-0.45749947820549397,-0.5356562824998554,0.4963924014136454,0.5073077549958507
1723528517.4583519,-2.8945505619049072,0.4569310843944553,-0.28324949741363525,-0.45751332730177385,-0.5355271788685778,0.49647451537045306,0.5073512113142099
1723528517.7250206,-2.8935582637786865,0.46128118038177524,-0.28659066557884216,-0.45730816809669456,-0.5355202590549902,0.49674712880475197,0.5072766321820438
1723528517.8584437,-2.84916615486145,0.4664096236228946,-0.26661065220832825,-0.4582185074700827,-0.5358477917416848,0.49818174411187294,0.5046958423953006
1723528518.2924092,-2.85138201713562,0.4684896469116214,-0.26726946234703064,-0.45802332013627883,-0.5360773001620996,0.4981513834778262,0.5046592569262767
1723528518.459341,-2.848097324371338,0.4655609726905826,-0.2699648439884186,-0.4579599522100798,-0.535889586915766,0.4980757887511093,0.5049906350289592
1723528518.5261168,-2.8486576080322266,0.4617211520671848,-0.270868718624115,-0.45801859713488685,-0.5358097046669319,0.49785386745992893,0.5052409838072491
1723528518.726456,-2.8493921756744385,0.45885866880416903,-0.26889291405677795,-0.4581757962461859,-0.5358700476568856,0.4976047494264698,0.5052798680994534
1723528518.9599402,-2.8492019176483154,0.45653274655342135,-0.26936349272727966,-0.4581762066575387,-0.5357936450344212,0.49751797110182233,0.5054459437213472
1723528519.0933006,-2.84968900680542,0.4560288190841678,-0.2703697979450226,-0.45821562780677627,-0.5357267634509476,0.4975248818017422,0.5054742974120215
1723528519.2266595,-2.8481967449188232,0.4563896954059604,-0.2684643566608429,-0.45822580593058876,-0.5358101065802627,0.4974795891096709,0.5054213083012854
1723528519.4266968,-2.8494575023651123,0.4547451138496402,-0.26969385147094727,-0.4583671494672035,-0.5356756584367806,0.4974915365157619,0.5054238976768097
1723528519.4600363,-2.848327159881592,0.45605096220970187,-0.2692830264568329,-0.4582677069931286,-0.5357040081829629,0.4975690489572198,0.5054077224021966
1723528519.6600707,-2.8491194248199463,0.46023777127265963,-0.2709277868270874,-0.458076101476189,-0.535808612456269,0.49775580018113724,0.5052866309928453
1723528519.7267482,-2.8476369380950928,0.46126946806907687,-0.26748770475387573,-0.45813249490465574,-0.5359516369147759,0.4976961547045874,0.5051425517545273
1723528520.0935001,-2.850368022918701,0.4632438123226169,-0.26813989877700806,-0.4579646491198902,-0.5361300393409799,0.49772105972665837,0.5050808923106352
1723528520.1935248,-2.851638078689575,0.466280817985535,-0.2689029276371002,-0.4578734423192926,-0.5361734923355062,0.4979515977775928,0.5048901892552191
1723528520.2935483,-2.851806402206421,0.4642101824283603,-0.2693287432193756,-0.4579392816557039,-0.5361104806895383,0.497821828314662,0.5050253400225947
1723528520.4935946,-2.9644124507904053,0.47729086875915566,-0.2945190668106079,-0.45709013261629977,-0.5356626146866748,0.49799724040269994,0.506095764103143
1723528520.526936,-2.9611079692840576,0.4780146777629856,-0.29194915294647217,-0.4570258936865146,-0.5358351210316042,0.49791328744207003,0.5060537656788252
1723528520.6602993,-2.9629628658294678,0.47930508852005044,-0.29173514246940613,-0.45712768480240895,-0.5357907612595016,0.4980299064543441,0.5058940128260372
1723528520.7269807,-2.9632015228271484,0.4791363775730137,-0.2906061112880707,-0.45712361123271233,-0.5358976162998815,0.49788338503713286,0.505928733915791
1723528520.7603207,-2.9631407260894775,0.47871139645576516,-0.2915641963481903,-0.45707296977614614,-0.5359262061447472,0.4978655070574942,0.5059617957412361
1723528520.8937185,-2.9605069160461426,0.4775697588920597,-0.29319316148757935,-0.45708225112797235,-0.5357483386956039,0.4979400953528476,0.5060683696188517
1723528520.960423,-2.960313081741333,0.47779974341392556,-0.2908668518066406,-0.45718105659060404,-0.5358395952069952,0.497863232105522,0.5059581127134396
1723528521.093833,-2.961507797241211,0.48052304983139077,-0.2921150028705597,-0.45716326674401625,-0.5357844959856003,0.4980215922998529,0.5058766796409129
1723528521.5607703,-2.963407039642334,0.4800959825515751,-0.2929575741291046,-0.45700858386867993,-0.5358405361533263,0.497973646941259,0.5060042697816708
