stamp,time_from_start_s,gt_stamp,match_dt_s,output_x_m,output_y_m,output_z_m,output_yaw_rad,gt_x_m,gt_y_m,gt_z_m,gt_yaw_rad,x_error_m,y_error_m,z_error_m,yaw_error_rad,yaw_error_deg,position_error_m
1723528213.521479,0.0,1723528213.8162684,-0.29478955268859863,-0.007280447705408607,-0.0027082543468925765,-0.0005977408808822512,-0.00021028740475737657,0.0,0.0,0.0,0.0,-0.007280447705408607,-0.0027082543468925765,-0.0005977408808822512,-0.00021028740475737657,-0.012048580777356946,0.00779081860649636
1723528213.521479,0.0,1723528213.8162684,-0.29478955268859863,-0.007280447705408607,-0.0027082543468925765,0.0,-0.00021028740475736996,0.0,0.0,0.0,0.0,-0.007280447705408607,-0.0027082543468925765,0.0,-0.00021028740475736996,-0.012048580777356568,0.007767854298237834
1723528213.620391,0.09891200065612793,1723528213.8162684,-0.1958775520324707,0.006990618184834977,-0.002282173325479882,0.0,-2.90268592721965e-05,0.0,0.0,0.0,0.0,0.006990618184834977,-0.002282173325479882,0.0,-2.9026859272196497e-05,-0.0016631165288170397,0.007353710471161981
1723528213.7238612,0.20238232612609863,1723528213.8162684,-0.0924072265625,0.00761908061109529,-0.007468301511717692,0.0,-0.00033210741408717936,0.0,0.0,0.0,0.0,0.00761908061109529,-0.007468301511717692,0.0,-0.0003321074140871794,-0.01902835317219896,0.010668922946028475
1723528213.823555,0.3020761013031006,1723528213.8162684,0.007286548614501953,0.0023834509620715254,-0.008080731801309207,0.0,0.00012598493231186225,0.0,0.0,0.0,0.0,0.0023834509620715254,-0.008080731801309207,0.0,0.00012598493231186225,0.00721840490371106,0.008424907413929818
1723528213.923932,0.4024531841278076,1723528213.896839,0.027093172073364258,0.0006798282289825218,-0.0057237287059477325,0.0,-0.00019501792243881155,0.009284999999999998,0.004751,-0.0049169999999999995,-0.0013358844,-0.008605171771017476,-0.010474728705947733,0.0049169999999999995,0.0011408664775611882,0.06536683415221273,0.014420326337220025
1723528214.0251029,0.5036239624023438,1723528214.0182934,0.0068094730377197266,-0.0019805324717927135,-0.0061734296759470815,0.0,-0.0003230395533360131,-0.004325000000000001,0.005633,-0.0017490000000000001,-0.0012780279,0.002344467528207287,-0.011806429675947082,0.0017490000000000001,0.0009549883466639869,0.05471680174802282,0.012163359350274178
1723528214.1255338,0.6040549278259277,1723528214.105362,0.0201718807220459,-0.004017314959608398,-0.007535776046387203,0.0,-0.00023914350523979166,-0.0023160000000000004,0.0037160000000000006,-0.000644,-0.0006410227999999999,-0.0017013149596083977,-0.011251776046387205,0.000644,0.00040187929476020827,0.023025987463453912,0.01139788018843154
1723528214.2238488,0.7023699283599854,1723528214.2128062,0.011042594909667969,-0.0059480575715833844,-0.008667047074265922,0.0,-0.00028292784426176,-0.006347,0.01653,-0.002153,-0.00033061439999999994,0.00039894242841661577,-0.02519704707426592,0.002153,4.768655573823995e-05,0.0027322383833165067,0.02529200951533831
1723528214.325021,0.8035421371459961,1723528214.2956884,0.029332637786865234,-0.005955234622310813,-0.009548743126107932,0.0,-0.00035674728354662116,0.004173,0.011807000000000002,-0.0016250000000000001,-0.0005500508,-0.010128234622310814,-0.021355743126107933,0.0016250000000000001,0.00019330351645337887,0.011075475657816277,0.023691549675630797
1723528214.4294448,0.907965898513794,1723528214.3964171,0.03302764892578125,-0.002412835998239537,-0.008601791883685915,0.0,-0.0005335465444189502,-0.005819,0.00451,0.001546,-0.0009173305999999999,0.0034061640017604635,-0.013111791883685915,-0.001546,0.00038378405558104977,0.02198920662920836,0.013634924114492927
1723528214.5275936,1.0061147212982178,1723528214.4971173,0.03047633171081543,0.0005526217224102693,-0.010517089875320955,0.0,-0.00020871631975305507,-0.005005000000000001,0.008726000000000001,0.001153,0.000872361,0.00555762172241027,-0.019243089875320956,-0.001153,-0.0010810773197530551,-0.06194116774916505,0.020062728532258177
1723528214.6302366,1.108757734298706,1723528214.625313,0.004923582077026367,-0.0009790949263589097,-0.009315371697144524,0.0,-0.0003215910708580516,-0.008603000000000001,0.0023710000000000003,0.000852,-0.0003662803,0.007623905073641092,-0.011686371697144524,-0.000852,4.468922914194841e-05,0.0025605042195266893,0.013979310283977208
1723528214.728793,1.2073140144348145,1723528214.6856408,0.0431520938873291,-1.935035640712521e-05,-0.010060120532930447,0.0,-0.00018652108307470883,-0.009260000000000001,0.0020650000000000004,-0.000571,-0.00035463620000000004,0.009240649643592875,-0.012125120532930448,0.000571,0.0001681151169252912,0.009632286672167539,0.015255628298228975
1723528214.8301308,1.3086519241333008,1723528214.7914536,0.038677215576171875,-0.0036502153482582908,-0.011983537447960619,0.0,-9.890324545658302e-05,-0.004191,-0.0002149999999999999,0.0031899999999999997,-0.0005914283,0.0005407846517417095,-0.011768537447960619,-0.0031899999999999997,0.0004925250545434169,0.028219606929788463,0.012205204697325271
1723528214.9307063,1.4092273712158203,1723528214.880779,0.0499272346496582,-0.0037426859139192033,-0.01172988618601371,0.0,-0.0004450980009593764,-0.002105000000000001,0.005211,0.003919000000000001,-0.0002772226,-0.0016376859139192023,-0.01694088618601371,-0.003919000000000001,-0.00016787540095937638,-0.009618551959038718,0.017465228338619555
1723528215.033274,1.5117950439453125,1723528214.9937239,0.039550065994262695,-0.0033025842156075374,-0.013121576275430652,0.0,-0.00030848956327078625,-0.0069630000000000004,0.0031670000000000005,0.000638,-0.0010486784,0.003660415784392463,-0.016288576275430653,-0.000638,0.0007401888367292138,0.042409696387281925,0.016706986706020683
1723528215.1356788,1.6141998767852783,1723528215.117403,0.018275737762451172,-0.005524363202187281,-0.01132070480478645,0.0,-0.0002697686304506952,-0.009328000000000001,0.0018660000000000005,-0.001441,-0.0005929336999999999,0.0038036367978127204,-0.01318670480478645,0.001441,0.0003231650695493047,0.01851599457122688,0.013799757878247467
1723528215.2347834,1.7133045196533203,1723528215.222347,0.012436389923095703,-0.002383903706420343,-0.013077418719769553,0.0,0.00015921972345411817,-0.0052190000000000005,0.007524,-0.003091,-0.0005602401,0.0028350962935796576,-0.020601418719769553,0.003091,0.0007194598234541181,0.04122201141314829,0.021024045882302018
1723528215.336319,1.8148400783538818,1723528215.3080776,0.028241395950317383,-0.0027484550995487546,-0.012078601580445181,0.0,-0.00045034197199456116,-0.008763,0.004352,0.0016909999999999998,-0.0006332300999999999,0.006014544900451245,-0.01643060158044518,-0.0016909999999999998,0.00018288812800543866,0.01047871785775999,0.01757836453299543
1723528215.4350715,1.9135925769805908,1723528215.390466,0.04460549354553223,-0.0020077831530276808,-0.01003718142580569,0.0,-0.00011036877084480423,-0.010749,-0.004354,0.002291,-0.0006969377000000001,0.008741216846972318,-0.00568318142580569,-0.002291,0.0005865689291551959,0.03360792403410091,0.010675022439527492
1723528215.537492,2.0160131454467773,1723528215.5173397,0.02015233039855957,-0.0031368546512381876,-0.010753403591112352,0.0,-0.0001865171984074543,-0.004039000000000001,-0.00016599999999999948,0.000503,-0.0008848400999999999,0.0009021453487618133,-0.010587403591112352,-0.000503,0.0006983229015925458,0.040010954998582385,0.01063766844902544
1723528215.636589,2.115110158920288,1723528215.6126108,0.023978233337402344,-0.00285577681876717,-0.011060622641832277,0.0,-0.00018715009281766726,-0.005309,-0.0022069999999999998,0.000537,-0.0009921686,0.0024532231812328304,-0.008853622641832277,-0.000537,0.0008050185071823328,0.04612416289146962,0.009202896655993876
1723528215.7375507,2.216071844100952,1723528215.6999395,0.03761124610900879,0.001010613761955053,-0.009573119588309784,0.0,0.00025522127445354315,-0.005050000000000001,0.002965,-0.0008,-0.0005659747,0.006060613761955054,-0.012538119588309785,0.0008,0.0008211959744535432,0.04705106348932099,0.013949031578656509
1723528215.8396394,2.3181605339050293,1723528215.8239462,0.015693187713623047,0.007579480042411564,-0.009519336621212095,0.0,0.0003993018568064777,-0.0038450000000000003,0.0026210000000000005,-0.002689,-0.0009272543,0.011424480042411565,-0.012140336621212095,0.002689,0.0013265561568064775,0.0760060690721058,0.016886007180970986
1723528215.9408915,2.419412612915039,1723528215.9068296,0.03406190872192383,0.010019824394164956,-0.010556903862732569,0.0,0.0008323207433913459,0.0012370000000000003,0.0054670000000000005,0.000338,0.000366804,0.008782824394164956,-0.01602390386273257,-0.000338,0.00046551674339134584,0.026672144688998672,0.01827615231225749
1723528216.0413647,2.519885778427124,1723528216.0164251,0.024939537048339844,0.012443020337606091,-0.008137965380234726,0.0,0.001445969511234768,-0.0006460000000000007,0.005038,-0.0012569999999999999,-0.0006993772,0.013089020337606092,-0.013175965380234727,0.0012569999999999999,0.0021453467112347675,0.12291931214602353,0.018614740559551455
1723528216.1419063,2.620427370071411,1723528216.117098,0.024808168411254883,0.01635919652811315,-0.010032955551691232,0.0,0.0017265854447159334,0.002260999999999999,0.0035800000000000003,-0.0017360000000000001,0.0007137634000000001,0.01409819652811315,-0.013612955551691232,0.0017360000000000001,0.0010128220447159332,0.05803042856003331,0.019674486021180396
1723528216.2419417,2.7204627990722656,1723528216.2222626,0.01967906951904297,0.018095394192113885,-0.009070588977268913,0.0,0.002042849093035759,0.004981999999999999,0.0032600000000000003,-0.003853,0.000740891,0.013113394192113886,-0.012330588977268913,0.003853,0.0013019580930357592,0.07459670383384998,0.018407882571445086
1723528216.3435435,2.8220646381378174,1723528216.31508,0.02846360206604004,0.01984127840976175,-0.00915325504709552,0.0,0.0026216046842670875,0.00464,0.001991,-0.0025310000000000003,0.0013729603,0.01520127840976175,-0.011144255047095519,0.0025310000000000003,0.0012486443842670873,0.07154205333121547,0.019017866516668022
1723528216.446007,2.924528121948242,1723528216.3978648,0.048142194747924805,0.024151071126846686,-0.009951794938062662,0.0,0.002880156046275673,0.009328,0.0023090000000000003,0.000495,0.0017436436,0.014823071126846686,-0.012260794938062662,-0.000495,0.001136512446275673,0.06511736653568478,0.0192430651182388
1723528216.5459747,3.024495840072632,1723528216.5239623,0.02201247215270996,0.025912617152350305,-0.013208817835446402,0.0,0.0035479505044659905,0.016365,-0.004284999999999999,-0.001222,0.0029172041,0.009547617152350304,-0.008923817835446404,0.001222,0.0006307464044659904,0.03613910691895283,0.013125730533882107
1723528216.6477718,3.1262929439544678,1723528216.6045275,0.043244361877441406,0.03162101906031109,-0.015453239165577328,0.0,0.004200657066002034,0.021883,-0.004522999999999999,-0.0026190000000000002,0.0035127102,0.00973801906031109,-0.01093023916557733,0.0026190000000000002,0.0006879468660020336,0.0394164519511685,0.01487139214854153
1723528216.7474964,3.226017475128174,1723528216.705356,0.04214048385620117,0.03585735135084643,-0.01679634311626498,0.0,0.00466758044319171,0.024522000000000002,-0.0007879999999999996,-0.0037600000000000003,0.0028278985,0.011335351350846429,-0.016008343116264978,0.0037600000000000003,0.0018396819431917102,0.10540601099131107,0.019972351878915117
1723528216.8483648,3.326885938644409,1723528216.826292,0.022072792053222656,0.04136557171494932,-0.01701077244087164,0.0,0.005356197705743693,0.030004000000000003,-0.0054199999999999995,-0.000593,0.0050987081,0.011361571714949316,-0.011590772440871642,0.000593,0.0002574896057436927,0.014753067677601112,0.016241396695173906
1723528216.949578,3.4280991554260254,1723528216.9269538,0.02262425422668457,0.04846780080421626,-0.014452398413968386,0.0,0.005878885366534803,0.040883,-0.002438,-0.00043400000000000003,0.0050599655,0.007584800804216259,-0.012014398413968386,0.00043400000000000003,0.0008189198665348028,0.04692065211186086,0.014214898117440226
1723528217.0502076,3.528728723526001,1723528217.0279365,0.022271156311035156,0.05138765172167019,-0.015944247458449808,0.0,0.006361332627731197,0.042109,-0.005226999999999999,-0.000812,0.0049929732000000004,0.009278651721670188,-0.010717247458449809,0.000812,0.0013683594277311964,0.07840122006593413,0.014199018094843812
1723528217.1502976,3.6288187503814697,1723528217.1088686,0.04142904281616211,0.052223532244415644,-0.015947066368282938,0.0,0.0071995025213276165,0.043378,-0.0015849999999999996,-0.001977,0.0054208311,0.008845532244415644,-0.014362066368282939,0.001977,0.0017786714213276168,0.10191036558260788,0.01698295969652995
1723528217.252027,3.730548143386841,1723528217.3047664,-0.05273938179016113,0.05756676621873369,-0.01800696067142299,0.0,0.007883033763548042,0.049391,-0.0067410000000000005,-0.004431999999999999,0.0069779452,0.008175766218733692,-0.011265960671422989,0.004431999999999999,0.0009050885635480416,0.05185775477686099,0.014608478603654678
1723528217.3530958,3.8316168785095215,1723528217.3047664,0.04832935333251953,0.06708898300915365,-0.01990894511809572,0.0,0.008607419017452765,0.049391,-0.0067410000000000005,-0.004431999999999999,0.0069779452,0.017697983009153657,-0.013167945118095721,0.004431999999999999,0.0016294738174527643,0.09336197256711413,0.022500133449059195
1723528217.4536564,3.9321775436401367,1723528217.446366,0.007290363311767578,0.06687865108409279,-0.02197346635468198,0.0,0.00931120908715588,0.053095,-0.0046289999999999994,-0.00473,0.0079711155,0.013783651084092782,-0.01734446635468198,0.00473,0.00134009358715588,0.07678170669657887,0.02265375135240756
1723528217.5526564,4.031177520751953,1723528217.5175471,0.03510928153991699,0.07410968509905784,-0.023349710808514293,0.0,0.009780531991637085,0.055304000000000006,-0.00724,-0.002339,0.008727587300000002,0.018805685099057834,-0.016109710808514293,0.002339,0.0010529446916370826,0.06032928689150874,0.024872625421914915
1723528217.6532676,4.131788730621338,1723528217.6052163,0.04805135726928711,0.08150878288281174,-0.022540947429095036,0.0,0.010624402699303204,0.05952299999999999,-0.00902,-0.004443,0.0084844402,0.02198578288281175,-0.013520947429095036,0.004443,0.002139962499303203,0.1226108195263409,0.026190282880306767
1723528217.7545955,4.233116626739502,1723528217.7405667,0.014028787612915039,0.08664964610312532,-0.023608125647801976,0.0,0.011687976229634243,0.064557,-0.014388,-0.004434,0.009624267999999998,0.02209264610312532,-0.009220125647801976,0.004434,0.002063708229634245,0.11824177170445715,0.024346582610280117
1723528217.8571842,4.335705280303955,1723528217.865025,-0.007840871810913086,0.09013188764247139,-0.023822964239009568,0.0,0.011788878693000271,0.071701,-0.014944,-0.005336,0.0112747785,0.01843088764247139,-0.008878964239009567,0.005336,0.0005141001930002703,0.029455771305776552,0.021142528733503363
1723528217.9563813,4.4349024295806885,1723528217.9509788,0.005402565002441406,0.09571226572557802,-0.025582075184689385,0.0,0.012697228129357807,0.077164,-0.010192,-0.007078,0.0114639597,0.018548265725578023,-0.015390075184689385,0.007078,0.0012332684293578072,0.07066107600893026,0.025119527456085724
1723528218.0598352,4.538356304168701,1723528218.0439494,0.01588582992553711,0.09967224463182041,-0.028209007153003778,0.0,0.013504452396569722,0.085997,-0.010416,-0.004593,0.0120848869,0.013675244631820405,-0.017793007153003776,0.004593,0.0014195654965697222,0.08133511169583803,0.022906310665119695
1723528218.2370753,4.715596437454224,1723528218.2077923,0.02928304672241211,0.1067433376023218,-0.02809150233097291,0.0,0.014376522557997262,0.098934,-0.006281,-0.0018770000000000002,0.0133414175,0.007809337602321803,-0.02181050233097291,0.0018770000000000002,0.001035105057997263,0.05930715117588747,0.02324235131643122
1723528218.3270745,4.805595636367798,1723528218.3231335,0.003941059112548828,0.11236490633195663,-0.028302985098490815,0.0,0.014689103655831648,0.101573,-0.008242,-0.006999999999999999,0.012988825900000002,0.010791906331956633,-0.020060985098490816,0.006999999999999999,0.0017002777558316458,0.0974187394091284,0.023830828046872317
1723528218.4370735,4.915594577789307,1723528218.4610808,-0.024007320404052734,0.1189419732175103,-0.028142248761507654,0.0,0.015567822361914896,0.107205,-0.018298000000000002,-0.004233,0.0141674164,0.0117369732175103,-0.009844248761507652,0.004233,0.0014004059619148954,0.0802373512226818,0.015892893474348812
1723528218.5370727,5.015593767166138,1723528218.5516012,-0.014528512954711914,0.12368089568125806,-0.03143413913840156,0.0,0.0160165195721258,0.110916,-0.017372,-0.0022890000000000002,0.0152379223,0.012764895681258062,-0.014062139138401562,0.0022890000000000002,0.0007785972721258017,0.04461033763320729,0.019129188166285723
1723528218.637072,5.115593194961548,1723528218.6451464,-0.008074283599853516,0.12558466365701476,-0.03221772204626007,0.0,0.01683546717326934,0.116345,-0.017075,-0.005685,0.015967346200000003,0.009239663657014757,-0.01514272204626007,0.005685,0.0008681209732693367,0.049739667875122344,0.018627738468881563
1723528218.737071,5.2155921459198,1723528218.7466905,-0.009619474411010742,0.1302804143634059,-0.034908276102906775,0.0,0.017893668906520773,0.12096299999999999,-0.017688000000000002,-0.0077339999999999996,0.0173468142,0.009317414363405913,-0.017220276102906773,0.0077339999999999996,0.0005468547065207718,0.03133246669050548,0.021051529053248006
1723528218.8370702,5.315591335296631,1723528218.8345375,0.0025327205657958984,0.1379763759004856,-0.03766321052081331,0.0,0.019401284119473502,0.134906,-0.021945,-0.008157,0.0195364666,0.003070375900485589,-0.015718210520813312,0.008157,-0.00013518248052649812,-0.007745385598277781,0.017972924056671717
1723528218.9370694,5.415590524673462,1723528218.9815328,-0.044463396072387695,0.16069580937944986,-0.04101620939257333,0.0,0.02104303711208333,0.154652,-0.027561000000000002,-0.00232,0.021593941800000002,0.006043809379449844,-0.01345520939257333,0.00232,-0.0005509046879166729,-0.031564513531597116,0.01493160043709714
1723528219.0370686,5.515589714050293,1723528219.0834038,-0.04633522033691406,0.178362290545663,-0.04284183098060616,0.0,0.02319693502158104,0.181504,-0.033268,-0.004658,0.0237717349,-0.003141709454337005,-0.009573830980606164,0.004658,-0.00057479987841896,-0.03293360709803926,0.011100700065342046
1723528219.1270678,5.605588912963867,1723528219.1656473,-0.038579463958740234,0.2036448966847805,-0.04613472770488186,0.0,0.025784263846328148,0.211052,-0.042094,-0.008662,0.0255560083,-0.007407103315219488,-0.004040727704881862,0.008662,0.00022825554632814954,0.013078079455055803,0.01209226628499949
1723528219.2270672,5.705588340759277,1723528219.2478833,-0.02081608772277832,0.22754642834791355,-0.05023642702430808,0.0,0.028873177025496854,0.235897,-0.039053000000000004,-0.00844,0.029540032900000002,-0.008350571652086441,-0.011183427024308072,0.00844,-0.0006668558745031479,-0.03820802715253606,0.01631056979153867
1723528219.3370664,5.815587520599365,1723528219.35259,-0.015523672103881836,0.26162247481321677,-0.056440395583476785,0.0,0.032661711671380995,0.262259,-0.036524,-0.004742,0.034361209499999996,-0.0006365251867832544,-0.019916395583476784,0.004742,-0.001699497828619001,-0.09737405287151644,0.02048303057047328
1723528219.4370637,5.9155848026275635,1723528219.4723525,-0.03528881072998047,0.293882156179698,-0.0639092186787535,0.0,0.036568926880630404,0.288975,-0.04343,-0.007549999999999999,0.0373782559,0.004907156179698002,-0.0204792186787535,0.007549999999999999,-0.0008093290193695938,-0.04637113704733938,0.02237143445253689
1723528219.5370631,6.015584230422974,1723528219.5577974,-0.020734310150146484,0.32580817362468995,-0.06960202046284235,0.0,0.04073662576886372,0.31341,-0.042986,-0.014132,0.041600811999999994,0.012398173624689923,-0.026616020462842345,0.014132,-0.0008641862311362727,-0.04951422375742548,0.03258589692652942
1723528219.6370606,6.115581750869751,1723528219.7078207,-0.07076001167297363,0.37211298405482257,-0.07639843418788145,0.0,0.04556997191691314,0.349466,-0.049669000000000005,-0.017115000000000002,0.047129758099999995,0.022646984054822572,-0.026729434187881443,0.017115000000000002,-0.0015597861830868517,-0.08936916523369651,0.03899066252045062
1723528219.72706,6.205581188201904,1723528219.7078207,0.019239425659179688,0.41933082993899673,-0.08098357441580514,0.0,0.05064771452525818,0.349466,-0.049669000000000005,-0.017115000000000002,0.047129758099999995,0.06986482993899673,-0.03131457441580514,0.017115000000000002,0.0035179564252581855,0.20156405567822427,0.0784513878669328
1723528219.8370593,6.315580368041992,1723528219.8625734,-0.02551412582397461,0.4640922952744731,-0.08626102948306526,0.0,0.05590980548158254,0.459382,-0.05743500000000001,-0.010218,0.0572282706,0.004710295274473086,-0.02882602948306525,0.010218,-0.0013184651184174612,-0.07554248672053683,0.03094405243873644
1723528219.9370584,6.415579557418823,1723528219.9266171,0.010441303253173828,0.5148012873287893,-0.09344166122214796,0.0,0.06096455941802015,0.5114529999999999,-0.06613,-0.012972,0.0623124511,0.0033482873287893344,-0.027311661222147968,0.012972,-0.0013478916819798514,-0.07722850461823524,0.030420562959115535
1723528220.0370576,6.515578746795654,1723528220.0572646,-0.020206928253173828,0.5628171270014994,-0.09848638668359337,0.0,0.06701483758475256,0.560403,-0.072166,-0.011517,0.0691251263,0.0024141270014994554,-0.026320386683593378,0.011517,-0.0021102887152474464,-0.12091063693776345,0.02883109525067073
1723528220.1370568,6.615577936172485,1723528220.1893852,-0.05232834815979004,0.6165906293853918,-0.10371867935360415,0.0,0.0724344571923421,0.6028800000000001,-0.07840799999999999,-0.014197,0.0735491712,0.013710629385391693,-0.025310679353604162,0.014197,-0.0011147140076579048,-0.06386840800291167,0.032096209378749546
1723528220.2270558,6.7055768966674805,1723528220.1893852,0.03767061233520508,0.6722655489153776,-0.10743642819832896,0.0,0.07741839562529274,0.6028800000000001,-0.07840799999999999,-0.014197,0.0735491712,0.06938554891537752,-0.029028428198328973,0.014197,0.0038692244252927365,0.2216902295582053,0.0765412232130751
1723528220.3670552,6.845576286315918,1723528220.366524,0.0005311965942382812,0.7332121566019242,-0.10712346896865198,0.0,0.08300527896021805,0.7210350000000001,-0.086765,-0.018532,0.08511547750000001,0.012177156601924088,-0.020358468968651983,0.018532,-0.002110198539781963,-0.12090547026417561,0.03010291390638702
1723528220.4670544,6.945575475692749,1723528220.4470577,0.01999664306640625,0.7970419302531468,-0.11107109775829711,0.0,0.08772740581912197,0.789369,-0.09207299999999999,-0.015152,0.08764206910000001,0.007672930253146859,-0.018998097758297125,0.015152,8.533671912196172e-05,0.004889433843181755,0.025483027314341416
1723528220.5370536,7.01557469367981,1723528220.5757902,-0.038736581802368164,0.8613286177915387,-0.11762355024630183,0.0,0.09177372964211594,0.8494839999999999,-0.10908699999999999,-0.024995,0.09252355420000001,0.01184461779153878,-0.008536550246301844,0.024995,-0.0007498245578840684,-0.042961782542020016,0.028946807867799053
1723528220.667053,7.14557409286499,1723528220.636201,0.030852079391479492,0.924008595908827,-0.12161592892560336,0.0,0.09601221181430429,0.928382,-0.11075199999999999,-0.032221,0.0979393355,-0.004373404091173039,-0.010863928925603367,0.032221,-0.0019271236856957114,-0.11041605379006003,0.03428329704163896
1723528220.7670522,7.245573282241821,1723528220.7636552,0.0033969879150390625,0.991723091232162,-0.12257597167507027,0.0,0.099371681202431,1.008545,-0.10831199999999999,-0.026792,0.0987029324,-0.016821908767838067,-0.014263971675070278,0.026792,0.0006687488024310073,0.038316483933724846,0.03470228762690832
1723528220.8370504,7.315571546554565,1723528220.8748858,-0.03783535957336426,1.0652910442778234,-0.12719800984639276,0.0,0.1026212044736372,1.0733430000000002,-0.11571999999999999,-0.023519,0.10361996139999999,-0.008051955722176762,-0.011478009846392773,0.023519,-0.0009987569263627816,-0.05722455664004573,0.027381052974379646
1723528220.9270504,7.405571460723877,1723528220.9568763,-0.029825925827026367,1.1379383032176762,-0.12806183897230305,0.0,0.10579184886650328,1.135666,-0.13223800000000002,-0.024879000000000002,0.10603199949999999,0.0022723032176761304,0.004176161027696967,0.024879000000000002,-0.00024015063349670795,-0.01375961774675442,0.02532919903673064
1723528221.0670485,7.545569658279419,1723528221.0859072,-0.018858671188354492,1.2133532201148278,-0.1335083677050644,0.0,0.10799864203993748,1.2060710000000001,-0.142245,-0.035695000000000005,0.10694303200000001,0.007282220114827709,0.008736632294935598,0.035695000000000005,0.0010556100399374685,0.06048200010005322,0.03746321527388851
1723528221.1670482,7.645569324493408,1723528221.1471794,0.019868850708007812,1.2814709666689574,-0.13964244678785953,0.0,0.11064369738572079,1.272936,-0.150035,-0.030093,0.1098591335,0.008534966668957367,0.01039255321214047,0.030093,0.0007845638857207904,0.04495219941018552,0.032961181218326877
1723528221.2670465,7.745567560195923,1723528221.3006885,-0.03364205360412598,1.3636660294835743,-0.1527430466145193,0.0,0.11297603854413696,1.363833,-0.156112,-0.031488,0.11383853370000001,-0.00016697051642577954,0.0033689533854807108,0.031488,-0.0008624951558630495,-0.04941733228143085,0.031668152299540585
1723528221.367046,7.845567226409912,1723528221.3006885,0.06635761260986328,1.4456392737129657,-0.16156846509316886,0.0,0.11499502500661674,1.363833,-0.156112,-0.031488,0.11383853370000001,0.08180627371296567,-0.005456465093168855,0.031488,0.0011564913066167276,0.06626207091270851,0.087826724714711
1723528221.4670458,7.945566892623901,1723528221.4410641,0.025981664657592773,1.5378430261097187,-0.16525421381318497,0.0,0.11751983965594404,1.4514740000000002,-0.15903,-0.033294000000000004,0.11621699960000001,0.08636902610971853,-0.00622421381318497,0.033294000000000004,0.0013028400559440267,0.07464723658618079,0.09277305613556926
1723528221.5670457,8.04556679725647,1723528221.5894256,-0.02237987518310547,1.6156004360127907,-0.17206807764694532,0.0,0.11984280929047708,1.6168770000000001,-0.179124,-0.04025,0.1207299782,-0.0012765639872094336,0.007055922353054689,0.04025,-0.0008871689095229229,-0.05083103423088707,0.04088371504481677
1723528221.6670454,8.145566463470459,1723528221.6626275,0.004417896270751953,1.7042519268282712,-0.18194150762841615,0.0,0.12227576283453746,1.6980520000000001,-0.18435500000000002,-0.040078,0.12238811500000002,0.006199926828271085,0.002413492371583864,0.040078,-0.00011235216546255644,-0.0064373049001599765,0.040626470706961605
1723528221.767045,8.245566129684448,1723528221.7822518,-0.01520681381225586,1.7972023089376834,-0.18740295483884484,0.0,0.12395414062836929,1.8034810000000001,-0.187447,-0.040226000000000005,0.1247951997,-0.00627869106231671,4.40451611551651e-05,0.040226000000000005,-0.0008410590716307065,-0.048189135125630674,0.04071308115866739
1723528221.867045,8.345566034317017,1723528221.8658257,0.0012192726135253906,1.88430178504633,-0.19216133721327588,0.0,0.1265502925530102,1.88699,-0.194171,-0.044327,0.127307886,-0.0026882149536699984,0.0020096627867241257,0.044327,-0.0007575934469898071,-0.04340690709928401,0.044453888166880055
1723528221.9670446,8.445565700531006,1723528221.9776115,-0.010566949844360352,1.9806824996709427,-0.19496064682150013,0.0,0.12908602202876818,1.980216,-0.20034000000000002,-0.051121,0.129934824,0.0004664996709426994,0.005379353178499885,0.051121,-0.0008488019712318273,-0.04863277059396842,0.05140536648601998
1723528222.0670443,8.545565366744995,1723528222.0964732,-0.029428958892822266,2.0802586502393137,-0.20164312095454268,0.0,0.13057426103473538,2.071645,-0.203046,-0.057219,0.1315254712,0.008613650239313486,0.0014028790454573281,0.057219,-0.0009512101652646154,-0.054500327899604004,0.05788071355003675
1723528222.1670442,8.645565271377563,1723528222.1778018,-0.010757684707641602,2.184570885506431,-0.21167519159882353,0.0,0.13242938869951626,2.1849030000000003,-0.205371,-0.062899,0.13216603100000004,-0.00033211449356906897,-0.006304191598823533,0.062899,0.00026335769951621457,0.015089284684553617,0.06321500876177678
1723528222.267044,8.745565176010132,1723528222.3074055,-0.04036140441894531,2.2893430141098916,-0.21742340204665409,0.0,0.13294285713576803,2.295532,-0.223607,-0.054868,0.13428377160000002,-0.006188985890108523,0.006183597953345915,0.054868,-0.0013409144642319848,-0.07682873948853872,0.05556111818526141
1723528222.3670437,8.845564842224121,1723528222.367757,-0.000713348388671875,2.4044512565685623,-0.22263656363987078,0.0,0.13361313513105166,2.412827,-0.237046,-0.05686,0.13455182670000002,-0.008375743431437765,0.01440943636012923,0.05686,-0.0009386915689483522,-0.0537830651652541,0.05925237998802991
1723528222.467042,8.945563077926636,1723528222.4995964,-0.03255438804626465,2.522111749140628,-0.21638840378348856,0.0,0.13401776138045207,2.520318,-0.24662800000000001,-0.05367,0.13497450960000001,0.0017937491406279094,0.030239596216511455,0.05367,-0.0009567482195479426,-0.054817635036753,0.06162888620863724
1723528222.5670416,9.045562744140625,1723528222.605627,-0.03858542442321777,2.6508661871737424,-0.2165803400479233,0.0,0.13394669092620545,2.651141,-0.24812100000000004,-0.057245000000000004,0.1360077083,-0.00027481282625752,0.03154065995207675,0.057245000000000004,-0.002061017373794549,-0.11808759702156446,0.06535961120831438
1723528222.6670396,9.14556074142456,1723528222.6861694,-0.01912975311279297,2.7706020747677806,-0.22192770276869783,0.0,0.13313277467777818,2.774136,-0.254077,-0.067214,0.1353063571,-0.0035339252322192927,0.032149297231302165,0.067214,-0.0021735824222218203,-0.12453709921713282,0.07459080195314653
1723528222.7670395,9.245560646057129,1723528222.7932954,-0.02625584602355957,2.909459479279899,-0.23164474225290235,0.0,0.1325630832268927,2.90593,-0.26985000000000003,-0.062451,0.1341272368,0.003529479279898773,0.03820525774709768,0.062451,-0.0015641535731072964,-0.08961939824935555,0.07329547287868059
1723528222.8570378,9.335558891296387,1723528222.8852456,-0.028207778930664062,3.0392561616063363,-0.2452680510123486,0.0,0.13172849867100256,3.027975,-0.26951200000000003,-0.058035,0.1346080459,0.011281161606336187,0.02424394898765142,0.058035,-0.002879547228997442,-0.16498590313014463,0.06389909932623557
1723528222.9670374,9.445558547973633,1723528223.0076652,-0.04062771797180176,3.1785977186279815,-0.25686531728999695,0.0,0.1313378270349883,3.159384,-0.28417000000000003,-0.06723,0.1331929132,0.01921371862798127,0.02730468271000308,0.06723,-0.0018550861650117045,-0.10628860788828007,0.07506387667453084
1723528223.0670357,9.545556783676147,1723528223.0731454,-0.006109714508056641,3.3087809055952477,-0.26707007111164427,0.0,0.13098718529209474,3.290231,-0.29308,-0.07603499999999999,0.13209356390000002,0.01854990559524783,0.026009928888355738,0.07603499999999999,-0.0011063786079052729,-0.06339082477653148,0.08247385418040028
1723528223.1670353,9.645556449890137,1723528223.1956718,-0.028636455535888672,3.4462094460242367,-0.2831567262096993,0.0,0.12999218084980768,3.424151,-0.301587,-0.075336,0.1311152184,0.022058446024236567,0.01843027379030071,0.075336,-0.0011230375501923295,-0.06434531186073184,0.0806335099632256
1723528223.257035,9.73555612564087,1723528223.2638497,-0.006814718246459961,3.5693274422814945,-0.29555370202501763,0.0,0.12958151976715104,3.542952,-0.323588,-0.08484299999999999,0.1322357918,0.026375442281494355,0.02803429797498236,0.08484299999999999,-0.002654272032848959,-0.15207858516185474,0.09316609075996769
1723528223.367035,9.845556020736694,1723528223.3733938,-0.0063588619232177734,3.700287850403554,-0.31146639797523157,0.0,0.12942343715730512,3.662659,-0.332954,-0.086864,0.1308773303,0.037628850403554015,0.02148760202476846,0.086864,-0.0014538931426948953,-0.08330194093942905,0.0970721480109917
1723528223.4670343,9.945555448532104,1723528223.4572668,0.009767532348632812,3.8248215375074195,-0.3244330236617995,0.0,0.12893394998319743,3.782659,-0.352594,-0.08446899999999999,0.1304104476,0.04216253750741927,0.028160976338200527,0.08446899999999999,-0.0014764976168025747,-0.08459708190391184,0.09851767414218235
1723528223.567034,10.045555114746094,1723528223.5870066,-0.019972562789916992,3.9543389019199178,-0.3295777640751331,0.0,0.12806561606248668,3.911095,-0.365379,-0.087837,0.1296152046,0.04324390191991778,0.03580123592486689,0.087837,-0.00154958853751333,-0.08878488318136345,0.10424539373999912
1723528223.667034,10.145555019378662,1723528223.7442684,-0.07723450660705566,4.0928131614928125,-0.3388884580143072,0.0,0.1272794826958954,4.043792,-0.379826,-0.08369299999999999,0.1291192824,0.04902116149281266,0.04093754198569277,0.08369299999999999,-0.001839799704104611,-0.10541275819461189,0.10527808350713255
1723528223.7670336,10.245554685592651,1723528223.7442684,0.022765159606933594,4.236019105215755,-0.344542728545535,0.0,0.12704965473499816,4.043792,-0.379826,-0.08369299999999999,0.1291192824,0.19222710521575515,0.03528327145446497,0.08369299999999999,-0.0020696276650018497,-0.11858093036812138,0.21260453304941185
1723528223.8670318,10.345552921295166,1723528223.8933692,-0.026337385177612305,4.386550774714163,-0.3530828920497767,0.0,0.12600603009639988,4.347846,-0.391783,-0.100976,0.1288353666,0.038704774714163115,0.03870010795022327,0.100976,-0.0028293365036001217,-0.16210904047858782,0.11485604257953978
1723528223.9670315,10.445552587509155,1723528223.9939952,-0.02696371078491211,4.5404917395926425,-0.35888014477073815,0.0,0.12497538348065261,4.498269,-0.399724,-0.107998,0.1271850094,0.04222273959264289,0.04084385522926187,0.107998,-0.0022096259193473827,-0.12660223948131946,0.12294123902375897
1723528224.0670297,10.54555082321167,1723528224.0763125,-0.009282827377319336,4.685675651230771,-0.3723262279051403,0.0,0.12399885561225242,4.6491359999999995,-0.409381,-0.10749299999999999,0.12680795330000003,0.03653965123077185,0.03705477209485969,0.10749299999999999,-0.0028090976877476054,-0.16094944174789616,0.11942758180616586
1723528224.1670296,10.645550727844238,1723528224.2453914,-0.07836174964904785,4.827237382944043,-0.3876750316655839,0.0,0.12366184589364426,4.814705,-0.422506,-0.106042,0.12598992620000002,0.012532382944042908,0.03483096833441607,0.106042,-0.0023280803063557565,-0.13338917592170857,0.11231724151424496
1723528224.2670276,10.745548725128174,1723528224.2453914,0.021636247634887695,4.979082391190597,-0.4113238586090997,0.0,0.12309805503798898,4.814705,-0.422506,-0.106042,0.12598992620000002,0.16437739119059724,0.011182141390900291,0.106042,-0.0028918711620110333,-0.16569201247882534,0.19593333760417783
1723528224.3670275,10.845548629760742,1723528224.3785052,-0.01147770881652832,5.161079472195746,-0.4301881187012292,0.0,0.1220565367481683,5.133973999999999,-0.452463,-0.11680399999999999,0.12483782800000001,0.027105472195746216,0.02227488129877081,0.11680399999999999,-0.002781291251831713,-0.15935625032661455,0.1219592201345544
1723528224.4670258,10.945546865463257,1723528224.4848084,-0.01778268814086914,5.341216864269111,-0.447345087423403,0.0,0.12181631753652412,5.293926,-0.469331,-0.109414,0.124139207,0.04729086426911078,0.02198591257659699,0.109414,-0.0023228894634758773,-0.13309176253257596,0.12120738257690916
1723528224.5670254,11.045546531677246,1723528224.585723,-0.018697500228881836,5.498588040416036,-0.46831386960620175,0.0,0.12164532512691428,5.461402,-0.487004,-0.115059,0.1239849989,0.037186040416036015,0.018690130393798243,0.115059,-0.0023396737730857205,-0.13405343263526084,0.12235479580694925
1723528224.6670237,11.14554476737976,1723528224.6662624,0.0007612705230712891,5.659805787491525,-0.49039134422682235,0.0,0.12041738394691227,5.643263999999999,-0.512384,-0.108148,0.12245604830000002,0.01654178749152546,0.021992655773177605,0.108148,-0.0020386643530877486,-0.11680686327569625,0.11159434369793242
1723528224.7670233,11.24554443359375,1723528224.8295505,-0.06252717971801758,5.8385495146001976,-0.5057662994416646,0.0,0.11996441989480822,5.813612999999999,-0.5316949999999999,-0.117819,0.1219535307,0.0249365146001983,0.025928700558335294,0.117819,-0.0019891108051917905,-0.11396765412135848,0.12318865221297666
1723528224.867023,11.34554409980774,1723528224.8295505,0.03747248649597168,6.004907487535485,-0.5155895369783217,0.0,0.11943659067657197,5.813612999999999,-0.5316949999999999,-0.117819,0.1219535307,0.19129448753548584,0.016105463021678257,0.117819,-0.0025169400234280326,-0.1442100406299848,0.22524272166178153
1723528224.9970229,11.475543975830078,1723528224.995512,0.0015108585357666016,6.179603331658056,-0.5246922455460824,0.0,0.1185195994341206,6.1613,-0.56304,-0.105927,0.1199589915,0.018303331658056088,0.03834775445391758,0.105927,-0.0014393920658793968,-0.08247109043950598,0.11413190417426125
1723528225.097021,11.575542211532593,1723528225.0998263,-0.0028052330017089844,6.358085316828337,-0.5350585814990377,0.0,0.1188057280960475,6.333844999999999,-0.5770829999999999,-0.11405699999999999,0.12070234799999999,0.024240316828337605,0.04202441850096217,0.11405699999999999,-0.0018966199039524845,-0.10866831583698493,0.12394613329701817
1723528225.1670208,11.645541906356812,1723528225.1828194,-0.015798568725585938,6.544391437410163,-0.5464761738189052,0.0,0.11924162422394469,6.516328,-0.5874999999999999,-0.114309,0.1209834686,0.028063437410163594,0.04102382618109468,0.114309,-0.0017418443760553182,-0.09980033131656796,0.12464773690208272
1723528225.2970202,11.775541305541992,1723528225.2853594,0.01166081428527832,6.720954602494507,-0.5595424891958198,0.0,0.11921924268199957,6.6937739999999994,-0.606448,-0.12895299999999998,0.1201462135,0.027180602494507156,0.04690551080418015,0.12895299999999998,-0.0009269708180004305,-0.05311151560321423,0.13988491092596608
1723528225.39702,11.87554121017456,1723528225.4107108,-0.013690710067749023,6.922286933485489,-0.5849247766185406,0.0,0.11899044112895975,6.889485,-0.6268539999999999,-0.121469,0.12045419430000001,0.03280193348548899,0.041929223381459324,0.121469,-0.0014637531710402635,-0.08386687894949801,0.13262256434995803
1723528225.4970183,11.975539445877075,1723528225.493678,0.0033402442932128906,7.100712321185659,-0.6093546024645751,0.0,0.11990746796505734,7.079076,-0.6485019999999999,-0.11630199999999999,0.1215395403,0.02163632118565939,0.039147397535424844,0.11630199999999999,-0.001632072334942655,-0.0935108566522758,0.1246065982692955
1723528225.597018,12.075539112091064,1723528225.6168761,-0.019858121871948242,7.288636551295637,-0.6278062768030953,0.0,0.12090724713426848,7.280228999999999,-0.671739,-0.12261699999999999,0.12253769849999999,0.008407551295637639,0.043932723196904666,0.12261699999999999,-0.0016304513657315056,-0.09341798195775629,0.130520878694884
1723528225.697016,12.175537109375,1723528225.6772604,0.01975560188293457,7.478040474680595,-0.6472059869728295,0.0,0.12277028851724126,7.472430999999999,-0.6819299999999999,-0.12340899999999999,0.12494665390000001,0.005609474680595916,0.03472401302717043,0.12340899999999999,-0.002176365382758755,-0.12469655111045064,0.12832382696874087
1723528225.7970154,12.27553653717041,1723528225.8099716,-0.01295614242553711,7.671293382935996,-0.6664291002678313,0.0,0.12443978398604205,7.661047,-0.7048629999999999,-0.12745499999999998,0.12578580520000002,0.010246382935996223,0.0384338997321686,0.12745499999999998,-0.0013460212139579653,-0.07712133469486698,0.1335175270775094
1723528225.8980136,12.376534700393677,1723528225.9176855,-0.019671916961669922,7.863832819151509,-0.6826066617696224,0.0,0.12692151524084053,7.853291,-0.726663,-0.12139799999999999,0.1288510625,0.010541819151509202,0.04405633823037758,0.12139799999999999,-0.0019295472591594753,-0.11055491432087361,0.12957455496081224
1723528225.997012,12.47553300857544,1723528226.025953,-0.02894115447998047,8.041112987674738,-0.6957032607972194,0.0,0.1302088642927428,8.029674,-0.7358929999999999,-0.11888599999999999,0.13222401620000002,0.011438987674738499,0.04018973920278046,0.11888599999999999,-0.0020151519072572066,-0.11545969936357622,0.12601566002767406
1723528226.0970101,12.575531244277954,1723528226.142074,-0.04506397247314453,8.204387574640974,-0.7007844711332237,0.0,0.13412862717342566,8.196949,-0.7323989999999999,-0.122072,0.1362968867,0.007438574640973528,0.03161452886677618,0.122072,-0.0021682595265743454,-0.12423211976174396,0.12631858142077737
1723528226.1970093,12.675530433654785,1723528226.1989186,-0.0019092559814453125,8.368991681625157,-0.7086761985379189,0.0,0.1375848998121314,8.374853,-0.746301,-0.11498599999999999,0.14012028390000003,-0.005861318374842384,0.03762480146208114,0.11498599999999999,-0.0025353840878686307,-0.1452668076794984,0.12112704460256712
1723528226.2970076,12.7755286693573,1723528226.3144984,-0.017490863800048828,8.541206773063378,-0.7139810484077358,0.0,0.14029497468381935,8.534851999999999,-0.761801,-0.116572,0.1422705241,0.006354773063378616,0.047819951592264154,0.116572,-0.0019755494161806386,-0.11319064376668438,0.12615927272687302
1723528226.3970072,12.875528335571289,1723528226.3950627,0.0019445419311523438,8.71277169959112,-0.7277716625461776,0.0,0.14431749971913413,8.716357,-0.773875,-0.129132,0.14618668440000002,-0.0035853004088810536,0.046103337453822335,0.129132,-0.0018691846808658874,-0.10709639334412303,0.137162114038108
1723528226.4970052,12.975526332855225,1723528226.5103424,-0.013337135314941406,8.88948446845124,-0.7416393130704783,0.0,0.1473933613863343,8.881369,-0.7843829999999999,-0.144817,0.1488054504,0.00811546845124056,0.042743686929521685,0.144817,-0.0014120890136657125,-0.08090674077983655,0.15121126641064828
1723528226.597005,13.075525999069214,1723528226.6163719,-0.019366979598999023,9.078318169518802,-0.745940185501842,0.0,0.1510021590149293,9.059984,-0.796171,-0.13777899999999998,0.1531941997,0.018334169518801957,0.050230814498157916,0.13777899999999998,-0.002192040685070701,-0.1255946797755168,0.1477915063124147
1723528226.697003,13.17552399635315,1723528226.7035012,-0.0064983367919921875,9.257337383038488,-0.7559336400675932,0.0,0.15397826290990355,9.242775,-0.812079,-0.128262,0.1564358779,0.01456238303848778,0.05614535993240677,0.128262,-0.002457614990096446,-0.140810966600612,0.14076755693589038
1723528226.7970026,13.275523662567139,1723528226.828542,-0.0315394401550293,9.440936333479163,-0.7673561079183261,0.0,0.15676362861380566,9.427059999999999,-0.8278179999999999,-0.12360099999999999,0.1589029533,0.01387633347916406,0.06046189208167385,0.12360099999999999,-0.0021393246861943493,-0.12257427552708547,0.138294613871694
1723528226.897003,13.375524044036865,1723528226.9092693,-0.012266397476196289,9.612426219659175,-0.7749708777855159,0.0,0.1607598188494217,9.611545,-0.8282079999999999,-0.12439599999999999,0.1624079303,0.0008812196591758692,0.05323712221448407,0.12439599999999999,-0.0016481114505783045,-0.09442983028532081,0.13531198226974442
1723528226.9970026,13.475523710250854,1723528227.0239596,-0.026957035064697266,9.799414570767839,-0.7896709791644846,0.0,0.16355054363194468,9.790384,-0.836664,-0.12625899999999998,0.16619109610000002,0.009030570767839308,0.046993020835515376,0.12625899999999998,-0.002640552468055335,-0.15129251200242383,0.13502307320099083
1723528227.0970008,13.57552194595337,1723528227.1541035,-0.05710268020629883,9.980965885359277,-0.7896350462992286,0.0,0.1667936254370823,9.960033,-0.830163,-0.114038,0.1687929057,0.02093288535927762,0.040527953700771335,0.114038,-0.0019992802629177076,-0.11455032112899023,0.12282249860932046
1723528227.1970005,13.675521612167358,1723528227.2178261,-0.020825624465942383,10.159498411912136,-0.7949776772101937,0.0,0.1695203995509127,10.135767999999999,-0.83334,-0.130077,0.17166861199999997,0.023730411912136873,0.038362322789806225,0.130077,-0.002148212449087278,-0.12308350683016325,0.13767652736886188
1723528227.2969987,13.775519847869873,1723528227.3141804,-0.0171816349029541,10.329536205095721,-0.8023915635775369,0.0,0.17233456248182624,10.302083999999999,-0.8472109999999999,-0.132959,0.1735765699,0.027452205095721993,0.044819436422463,0.132959,-0.0012420074181737628,-0.07116178318529655,0.14297028057202932
1723528227.3969986,13.875519752502441,1723528227.4242678,-0.02726912498474121,10.490613108803082,-0.8157827103338827,0.0,0.17572570924393013,10.464349,-0.8555919999999999,-0.127096,0.17665962009999997,0.0262641088030815,0.03980928966611719,0.127096,-0.0009339108560698361,-0.05350915049425129,0.13574968202887594
1723528227.4969966,13.975517749786377,1723528227.5469754,-0.04997873306274414,10.649268722211795,-0.8298470941915462,0.0,0.17874003101330338,10.639671,-0.872656,-0.10990399999999999,0.18070068089999997,0.009597722211795556,0.04280890580845376,0.10990399999999999,-0.001960649886696586,-0.11233696361051743,0.118336840857663
1723528227.5969965,14.075517654418945,1723528227.6074543,-0.010457754135131836,10.811886931062924,-0.840763691727428,0.0,0.18211263859510263,10.811221999999999,-0.8866269999999999,-0.103251,0.1841560284,0.0006649310629249783,0.0458633082725719,0.103251,-0.0020433898048973775,-0.11707761172068044,0.11298076907165841
1723528227.6969948,14.17551589012146,1723528227.7324724,-0.035477638244628906,10.985113938462792,-0.8438677590845837,0.0,0.18541372325479435,10.972044,-0.8806229999999999,-0.11791,0.1871720688,0.013069938462791697,0.036755240915416265,0.11791,-0.001758345545205653,-0.10074577866591361,0.12419556806171246
1723528227.7969944,14.27551555633545,1723528227.8582706,-0.06127619743347168,11.151454767435132,-0.8400626215958539,0.0,0.18845564586217686,11.141494,-0.8837029999999999,-0.127963,0.1903784913,0.009960767435131856,0.04364037840414603,0.127963,-0.0019228454378231452,-0.11017092824325117,0.13556632651272157
1723528227.8969927,14.375513792037964,1723528227.931864,-0.03487133979797363,11.329934317920058,-0.826430719830723,0.0,0.1919293831954021,11.317566,-0.883972,-0.130946,0.1938672895,0.012368317920058658,0.057541280169276954,0.130946,-0.0019379063045979195,-0.11103385234525455,0.14356472104138562
1723528227.9969923,14.475513458251953,1723528227.9964578,0.0005345344543457031,11.514680260059096,-0.8272470056866873,0.0,0.195035971099494,11.484328,-0.882133,-0.130641,0.1962210181,0.030352260059096636,0.05488599431331265,0.130641,-0.0011850470005060065,-0.0678981916536317,0.1449165378535384
1723528228.0969906,14.575511693954468,1723528228.1249368,-0.02794623374938965,11.68926872498799,-0.8275827647956685,0.0,0.19762690027482008,11.65937,-0.881979,-0.120363,0.19903630809999998,0.029898724987990732,0.054396235204331456,0.120363,-0.001409407825179898,-0.08075311999552032,0.13542575799792464
1723528228.19699,14.675511121749878,1723528228.2416453,-0.04465532302856445,11.862022287061976,-0.8235411262757439,0.0,0.2007345314961988,11.829706,-0.878014,-0.12662099999999998,0.20210143290000002,0.03231628706197576,0.05447287372425602,0.12662099999999998,-0.0013669014038012182,-0.0783176814483173,0.14157864959890937
1723528228.2969882,14.775509357452393,1723528228.3255427,-0.028554439544677734,12.038202913141262,-0.8264388285509383,0.0,0.20393817429437266,12.015160999999999,-0.890763,-0.12291999999999999,0.20563627499999998,0.023041913141263137,0.06432417144906166,0.12291999999999999,-0.0016981007056273145,-0.09729400362063212,0.14063376263834299
1723528228.396988,14.875509023666382,1723528228.434987,-0.03799915313720703,12.215808587728922,-0.8394547390161469,0.0,0.20690046088664094,12.190363,-0.897847,-0.118381,0.20846009000000001,0.025445587728922803,0.058392260983853084,0.118381,-0.001559629113359079,-0.08936016580120586,0.13442914579315274
1723528228.526986,15.005506992340088,1723528228.50256,0.024425983428955078,12.385591967987907,-0.8340980444262572,0.0,0.21033601271516167,12.377753,-0.905651,-0.108789,0.21165011020000002,0.007838967987906287,0.07155295557374275,0.108789,-0.0013140974848383502,-0.07529223974999416,0.13044662276752672
1723528228.6369836,15.115504741668701,1723528228.614969,0.022014617919921875,12.56104541497336,-0.8452761032217643,0.0,0.21300675748373132,12.551637999999999,-0.915766,-0.11100499999999999,0.2141122407,0.009407414973361838,0.0704898967782357,0.11100499999999999,-0.0011054832162686878,-0.06333952261474383,0.13183108521622414
1723528228.736983,15.215504169464111,1723528228.7632632,-0.02628016471862793,12.745809418659594,-0.8465314652623662,0.0,0.21539612821692655,12.729337,-0.916377,-0.10565999999999999,0.21714899870000004,0.016472418659594368,0.06984553473763377,0.10565999999999999,-0.0017528704830734876,-0.10043208071316864,0.12772538862451333
1723528228.836981,15.315502166748047,1723528228.8643878,-0.027406692504882812,12.933683734816805,-0.8351567157323293,0.0,0.21768891929668663,12.920479,-0.906052,-0.11061,0.21924542290000001,0.01320473481680473,0.07089528426767067,0.11061,-0.001556503603313386,-0.08918108726676192,0.13204195716883316
1723528228.936981,15.415502071380615,1723528228.945107,-0.008126020431518555,13.118053292994132,-0.8287560516737436,0.0,0.2210117163020007,13.103731,-0.904249,-0.102473,0.2222744325,0.014322292994132013,0.07549294832625641,0.102473,-0.0012627161979993085,-0.07234830886816598,0.12808211839519434
1723528229.026979,15.505500078201294,1723528229.0256355,0.0013434886932373047,13.306029092198594,-0.8218616424206874,0.0,0.22346749010231548,13.287815,-0.908296,-0.094663,0.2249414731,0.018214092198594045,0.08643435757931262,0.094663,-0.001473982997684531,-0.08445300484136502,0.12947484270609239
1723528229.1369789,15.61549997329712,1723528229.1340148,0.002964019775390625,13.486000750967534,-0.8148290101714845,0.0,0.22553413296195002,13.486194,-0.8974209999999999,-0.092502,0.2270644346,-0.00019324903246520364,0.08259198982851546,0.092502,-0.0015303016380499856,-0.08767982524222069,0.12400844379727596
1723528229.226977,15.705498218536377,1723528229.2231853,0.00379180908203125,13.678878793093666,-0.8082124068396778,0.0,0.2282389474830775,13.681848,-0.887651,-0.093277,0.22966828890000002,-0.0029692069063340654,0.0794385931603222,0.093277,-0.0014293414169225251,-0.08189523067290967,0.12255572202856874
1723528229.3269768,15.805497884750366,1723528229.3555624,-0.02858567237854004,13.87177405964158,-0.8089130815203983,0.0,0.2311025914551723,13.870369,-0.881648,-0.099242,0.2336812323,0.0014050596415806638,0.07273491847960167,0.099242,-0.002578640844827701,-0.14774523728867628,0.1230500594182331
1723528229.436975,15.915496110916138,1723528229.452042,-0.015067100524902344,14.061874936090806,-0.7977096582984421,0.0,0.23388432110231028,14.046794,-0.8707459999999999,-0.11760999999999999,0.2355667303,0.015080936090805963,0.07303634170155782,0.11760999999999999,-0.0016824091976897215,-0.09639494644161202,0.13926181796358142
1723528229.5369747,16.015495777130127,1723528229.532728,0.004246711730957031,14.263011579263571,-0.7894920433524127,0.0,0.2366486164112125,14.23416,-0.8668549999999999,-0.11394399999999999,0.23821768660000003,0.028851579263571736,0.07736295664758719,0.11394399999999999,-0.001569070188787547,-0.08990109957732174,0.14071487420759263
1723528229.636973,16.11549401283264,1723528229.666079,-0.02910614013671875,14.456785185707394,-0.7774159536394224,0.0,0.2390209639350891,14.433321,-0.8656849999999999,-0.104891,0.2402158459,0.023464185707394947,0.08826904636057753,0.104891,-0.00119488196491091,-0.06846169360569407,0.13908312060533046
1723528229.7369723,16.21549344062805,1723528229.7264667,0.01050567626953125,14.648441807202996,-0.7622898593895765,0.0,0.24172813402915727,14.631469,-0.8570979999999999,-0.10585499999999999,0.2431405751,0.016972807202996876,0.09480814061042342,0.10585499999999999,-0.0014124410708427348,-0.08092691217022722,0.143115131049641
1723528229.8369703,16.315491437911987,1723528229.8560538,-0.019083499908447266,14.866985720158432,-0.7778467566057777,0.0,0.24393961294069255,14.813672,-0.855869,-0.102361,0.2451395868,0.05331372015843172,0.07802224339422226,0.102361,-0.0011999738593074516,-0.06875343766434222,0.13931115368985653
1723528229.93697,16.415491104125977,1723528229.9635322,-0.026562213897705078,15.059091068815256,-0.7719049592899321,0.0,0.24599940447727464,15.000699,-0.8404729999999999,-0.10378499999999999,0.24763168160000001,0.05839206881525705,0.06856804071006783,0.10378499999999999,-0.001632277122725373,-0.09352259012792138,0.13741374069700318
1723528230.03697,16.515491008758545,1723528230.0448186,-0.007848739624023438,15.255752442512318,-0.7609730435608002,0.0,0.24800398520319478,15.20368,-0.821754,-0.10545199999999999,0.2496028954,0.05207244251231735,0.060780956439199785,0.10545199999999999,-0.0015989101968052202,-0.09161080609737096,0.13238575542278896
1723528230.1369696,16.615490674972534,1723528230.1687193,-0.031749725341796875,15.453429756581906,-0.7559121802005521,0.0,0.2517541580475586,15.405474,-0.815361,-0.101577,0.25367101259999997,0.04795575658190643,0.05944881979944794,0.101577,-0.0019168545524413938,-0.10982767579533019,0.12708974661195252
1723528230.2369676,16.71548867225647,1723528230.236211,0.0007565021514892578,15.649970281027212,-0.7658861618080743,0.0,0.2546314319969234,15.605773,-0.82378,-0.082878,0.2567008455,0.044197281027212654,0.05789383819192562,0.082878,-0.0020694135030766003,-0.1185686597936722,0.11033521212555526
1723528230.3369675,16.815488576889038,1723528230.3371212,-0.0001537799835205078,15.839464713349555,-0.76920953806061,0.0,0.2558565065889389,15.808963,-0.822276,-0.073764,0.2581719676,0.03050171334955465,0.05306646193939002,0.073764,-0.0023154610110611147,-0.1326661435608963,0.09585161238092518
1723528230.436966,16.915487051010132,1723528230.4380794,-0.0011134147644042969,16.038465592158882,-0.7450973982884883,0.0,0.25910828326221136,15.99575,-0.8027529999999999,-0.07242399999999999,0.26202361869999996,0.0427155921588831,0.05765560171151163,0.07242399999999999,-0.002915335437788602,-0.16703641645021108,0.10195109611083392
1723528230.536966,17.01548719406128,1723528230.5527802,-0.01581406593322754,16.228884635966836,-0.7184019936561715,0.0,0.26174740661093,16.207851,-0.780712,-0.09194999999999999,0.2651148871,0.02103363596683394,0.06231000634382844,0.09194999999999999,-0.0033674804890699854,-0.19294241961636052,0.11304757066188212
1723528230.6369646,17.115485668182373,1723528230.6549578,-0.01799321174621582,16.42695192466988,-0.6981208929288263,0.0,0.26351223994856016,16.408368000000003,-0.762577,-0.09662,0.26642320729999996,0.01858392466987624,0.06445610707117366,0.09662,-0.0029109673514398082,-0.16678614353787646,0.11762387680614102
1723528230.7369645,17.21548557281494,1723528230.735974,0.0009903907775878906,16.62788137815185,-0.6757968710091469,0.0,0.26490199120301616,16.616931,-0.744981,-0.102628,0.2677298031,0.010950378151850515,0.06918412899085313,0.102628,-0.0028278118969838344,-0.16202168695405683,0.12425321271456738
1723528230.836963,17.315484046936035,1723528230.8664799,-0.029516935348510742,16.833788204536614,-0.6706806663735588,0.0,0.26610783265334126,16.815542,-0.735989,-0.10606099999999999,0.2686860308,0.018246204536612964,0.06530833362644117,0.10606099999999999,-0.0025781981466587167,-0.1477198725519953,0.1258850195299443
1723528230.9269629,17.405483961105347,1723528230.9502017,-0.0232388973236084,17.038696664612008,-0.6792656677774811,0.0,0.2680517332578933,17.018968,-0.7239399999999999,-0.098969,0.26996286049999996,0.019728664612006952,0.04467433222251882,0.098969,-0.0019111272421066805,-0.10949952508518947,0.11036248967788394
1723528231.036961,17.515482187271118,1723528231.078717,-0.04175591468811035,17.25712600087505,-0.6723913511719807,0.0,0.2698987498090948,17.230328,-0.722475,-0.078026,0.2721606451,0.026798000875050576,0.0500836488280193,0.078026,-0.0022618952909052026,-0.1295970538693837,0.09651197545811385
1723528231.1369612,17.615482330322266,1723528231.078717,0.05824422836303711,17.484492882251157,-0.6779709969667355,0.0,0.2709572603496384,17.230328,-0.722475,-0.078026,0.2721606451,0.25416488225115685,0.044504003033264516,0.078026,-0.0012033847503615802,-0.06894886732612271,0.26957086328408947
1723528231.2369597,17.71548080444336,1723528231.2049217,0.032037973403930664,17.692582172056646,-0.665276951393713,0.0,0.2724752525265317,17.460891,-0.727221,-0.07972,0.2737461475,0.2316911720566459,0.061944048606286994,0.07972,-0.0012708949734682728,-0.07281691818412277,0.25273136482581726
1723528231.3369596,17.815480709075928,1723528231.3121128,0.024846792221069336,17.90691079331578,-0.6549035430409705,0.0,0.274513850288038,17.674485,-0.71776,-0.085922,0.27507010789999997,0.23242579331578028,0.06285645695902942,0.085922,-0.0005562576119619855,-0.031871213487447626,0.25564677518778156
1723528231.436958,17.91547918319702,1723528231.4559226,-0.018964529037475586,18.137652065400086,-0.6340707305001306,0.0,0.2766447449453567,18.095351,-0.669342,-0.086563,0.27856011859999996,0.04230106540008549,0.03527126949986936,0.086563,-0.0019153736546432818,-0.10974282660160817,0.10259919860854043
1723528231.526958,18.005479097366333,1723528231.5630505,-0.036092519760131836,18.35803287978619,-0.6213450438042144,0.0,0.27872720831145775,18.311271,-0.657241,-0.086477,0.280214364,0.04676187978618884,0.03589595619578556,0.086477,-0.001487155688542241,-0.08520774443234237,0.10465880087860616
1723528231.6369565,18.115477561950684,1723528231.6441224,-0.0071659088134765625,18.566625811183243,-0.6046569320047919,0.0,0.28158245164250717,18.5223,-0.637138,-0.073069,0.2831774009,0.04432581118324208,0.03248106799520811,0.073069,-0.001594949257492817,-0.09138386099186281,0.09142688924032012
1723528231.7369566,18.21547770500183,1723528231.7615387,-0.0245821475982666,18.792065204558398,-0.5949761093890711,0.0,0.28549363290193686,18.741286000000002,-0.621034,-0.07590899999999999,0.2877981218,0.05077920455839546,0.02605789061092889,0.07590899999999999,-0.0023044888980631173,-0.13203748779377042,0.0949721936130492
1723528231.836955,18.315476179122925,1723528231.8623297,-0.025374650955200195,19.014154004337506,-0.5836336954042879,0.0,0.2890766704174759,18.955236000000003,-0.6131359999999999,-0.069158,0.291340546,0.05891800433750305,0.029502304595712014,0.069158,-0.0022638755825240553,-0.12971051622134908,0.09552249041755663
1723528231.936955,18.415476083755493,1723528231.9466698,-0.009714841842651367,19.223576459367823,-0.5696673961867893,0.0,0.29334073405670225,19.163159,-0.5948159999999999,-0.087602,0.29618265619999995,0.060417459367823056,0.0251486038132106,0.087602,-0.0028419221432977033,-0.16283014451573155,0.1093473002603008
1723528232.0369534,18.515474557876587,1723528232.079202,-0.04224848747253418,19.43395532591791,-0.5720243370946526,0.0,0.29943816480865015,19.370173,-0.590078,-0.088346,0.30181570739999997,0.06378232591790933,0.01805366290534738,0.088346,-0.0023775425913498127,-0.13622315609694124,0.11044969696562469
1723528232.1269534,18.6054744720459,1723528232.145796,-0.018842697143554688,19.646144523757656,-0.581256114819446,0.0,0.3077548161638814,19.594095000000003,-0.597804,-0.069395,0.30984654629999997,0.052049523757652594,0.016547885180554056,0.069395,-0.0020917301361185743,-0.11984730867991951,0.08830997368557666
1723528232.2369518,18.71547293663025,1723528232.2883415,-0.05138969421386719,19.850222059850957,-0.5827595921684969,0.0,0.3164514541093011,19.81466,-0.59398,-0.058558,0.31927689119999997,0.03556205985095673,0.011220407831503021,0.058558,-0.002825437090698879,-0.16188562057676775,0.06942331752911468
1723528232.336952,18.815473079681396,1723528232.3589928,-0.022040843963623047,20.0502512936364,-0.5670950848610461,0.0,0.3248235304867966,20.021705,-0.5594469999999999,-0.054213000000000004,0.3270388726999999,0.028546293636399156,-0.007648084861046178,0.054213000000000004,-0.002215342213203353,-0.1269297589937231,0.06174490627911979
1723528232.4369504,18.91547155380249,1723528232.4779656,-0.0410151481628418,20.2627194775141,-0.5631385487870574,0.0,0.3350349760218405,20.229885000000003,-0.5359219999999999,-0.0511,0.33779124889999995,0.03283447751409696,-0.027216548787057482,0.0511,-0.0027562728781594377,-0.15792280310491197,0.06655864663213953
1723528232.5669503,19.04547142982483,1723528232.5420916,0.024858713150024414,20.480854312349354,-0.5334747548673372,0.0,0.3462087986839206,20.428442,-0.494948,-0.049442,0.34755697809999997,0.05241231234935384,-0.0385267548673372,0.049442,-0.0013481794160793426,-0.07724499056775809,0.08170601379588971
1723528232.6369488,19.115469932556152,1723528232.6393836,-0.0024347305297851562,20.69687729083138,-0.4947559831365148,0.0,0.35734128842524093,20.642341000000002,-0.46024,-0.047291,0.3591582384,0.05453629083137912,-0.03451598313651483,0.047291,-0.0018169499747590634,-0.10410356514009579,0.08001249146555144
1723528232.736949,19.2154700756073,1723528232.7688196,-0.03187060356140137,20.914348824490354,-0.4344279898248505,0.0,0.36780227027848156,20.856145,-0.413188,-0.051616,0.37074868120000004,0.05820382449035222,-0.02123998982485048,0.051616,-0.002946410921518483,-0.1688169105142607,0.08064139017318263
1723528232.8369477,19.315468788146973,1723528232.8936434,-0.05669569969177246,21.132738072129143,-0.3868189405040651,0.0,0.3796527611124461,21.062854,-0.377759,-0.041787000000000005,0.3827185204,0.06988407212914183,-0.009059940504065112,0.041787000000000005,-0.003065759287553871,-0.17565506817987092,0.08192691516399417
1723528232.9669476,19.44546866416931,1723528232.974728,-0.007780551910400391,21.344574885339764,-0.34416843036819134,0.0,0.39165029762707215,21.267836000000003,-0.332908,-0.048908,0.39400677149999996,0.07673888533976125,-0.011260430368191354,0.048908,-0.002356473872927811,-0.13501600745161105,0.09169321828393805
1723528233.0669477,19.54546880722046,1723528233.0553107,0.011636972427368164,21.563234688867233,-0.3055491807057891,0.0,0.4058142981665034,21.47979,-0.29501900000000003,-0.044694000000000005,0.4087064405,0.08344468886723178,-0.010530180705789094,0.044694000000000005,-0.0028921423334966057,-0.16570754946047292,0.09524418324415244
1723528233.1669476,19.645468711853027,1723528233.1601107,0.006836891174316406,21.788752986544726,-0.2578716822560672,0.0,0.419703339611214,21.684041,-0.266315,-0.052532,0.4222707664,0.10471198654472502,0.00844331774393281,0.052532,-0.0025674267887860203,-0.1471027192062648,0.1174542496662751
1723528233.266946,19.74546718597412,1723528233.2415054,0.025440692901611328,22.005733189171824,-0.2212537183730854,0.0,0.4365399684817821,21.879379,-0.214373,-0.067145,0.4386418769999999,0.12635418917182406,-0.006880718373085404,0.067145,-0.0021019085182177877,-0.12043048701647595,0.1432521428516824
1723528233.356946,19.835467100143433,1723528233.3811152,-0.024169206619262695,22.229412943068564,-0.194692278298521,0.0,0.4531538602046967,22.074784,-0.151711,-0.075281,0.4547100974,0.15462894306856256,-0.042981278298521,0.075281,-0.0015562371953032896,-0.08916582321215491,0.17727021543303792
1723528233.4669445,19.945465564727783,1723528233.4749246,-0.007980108261108398,22.44158719696047,-0.15740519201111816,0.0,0.47035559007032596,22.282967000000003,-0.10182,-0.072948,0.4716169984,0.1586201969604666,-0.05558519201111817,0.072948,-0.0012614083296740295,-0.07227337353296866,0.183225247055885
1723528233.5669446,20.04546570777893,1723528233.558683,0.008261680603027344,22.63955186612998,-0.10338882685636025,0.0,0.48797505650165546,22.486563,-0.053654,-0.08591199999999999,0.4896929852,0.15298886612998075,-0.04973482685636025,0.08591199999999999,-0.0017179286983445285,-0.09843006391954462,0.1823732927436726
1723528233.6669433,20.145464420318604,1723528233.6756642,-0.008720874786376953,22.821119700965703,-0.03940787442049344,0.0,0.505629357107503,22.679685000000003,0.013900000000000001,-0.09003799999999999,0.5079580482,0.1414347009657,-0.053307874420493444,0.09003799999999999,-0.0023286910924970035,-0.1334241713897871,0.17593278704234772
1723528233.7669432,20.245464324951172,1723528233.7576234,0.009319782257080078,23.00056977420601,0.055563229725855895,0.0,0.5233604580453236,22.863195,0.091285,-0.093874,0.5252094852,0.13737477420600896,-0.03572177027414411,0.093874,-0.001849027154676386,-0.10594145216804017,0.17017697063842296
1723528233.8569417,20.33546280860901,1723528233.8843532,-0.027411460876464844,23.178424717574966,0.15109911547358273,0.0,0.540844521109685,23.051413,0.18490099999999998,-0.10977899999999999,0.5436049636,0.1270117175749661,-0.03380188452641725,0.10977899999999999,-0.0027604424903150404,-0.15816170428363444,0.17124827777201204
1723528233.9669416,20.445462703704834,1723528234.002384,-0.035442352294921875,23.36635480890031,0.23630473438667085,0.0,0.5587689699685239,23.248685000000002,0.266408,-0.118006,0.5619912852000001,0.11766980890030965,-0.030103265613329128,0.118006,-0.0032223152314762027,-0.18462506302430734,0.16934522893551515
1723528234.06694,20.545461177825928,1723528234.0874598,-0.020519733428955078,23.56768758644961,0.3232960763550742,0.0,0.578261038969039,23.439227000000002,0.343849,-0.11960799999999999,0.5798158634,0.12846058644960578,-0.020552923644925836,0.11960799999999999,-0.001554824430960999,-0.08908487777789509,0.17672186793187422
1723528234.1669402,20.645461320877075,1723528234.1898274,-0.022887229919433594,23.74849445100412,0.4090082817796143,0.0,0.597016639506077,23.636760000000002,0.430176,-0.121011,0.6004122721,0.11173445100411783,-0.02116771822038571,0.121011,-0.003395632593923059,-0.1945554164088514,0.16606119943216494
1723528234.26694,20.745461225509644,1723528234.2724633,-0.005523204803466797,23.93098290211885,0.4930780482745898,0.0,0.6159556607232445,23.821847,0.512518,-0.11937299999999999,0.6177497795,0.10913590211884738,-0.019439951725410243,0.11937299999999999,-0.0017941187767555047,-0.10279543385326437,0.16290632272376943
1723528234.36694,20.845461130142212,1723528234.376122,-0.009181976318359375,24.10741082408386,0.5788616289098,0.0,0.6338316580037722,24.017588,0.602662,-0.110134,0.6364332503000001,0.08982282408386055,-0.023800371090200056,0.110134,-0.002601592296227917,-0.1490602585876083,0.14409752026468528
1723528234.4669383,20.945459365844727,1723528234.5176036,-0.05066537857055664,24.287140963460793,0.674424058749972,0.0,0.653443918390276,24.199373,0.6952160000000001,-0.11340099999999999,0.6564086016,0.08776796346079152,-0.020791941250028034,0.11340099999999999,-0.002964683209723984,-0.1698638355104826,0.14489757427921093
1723528234.5669384,21.045459508895874,1723528234.602782,-0.035843610763549805,24.464683229016373,0.7706873870823069,0.0,0.6738553723844767,24.375301,0.7912020000000001,-0.12246699999999999,0.6763183016000001,0.0893822290163726,-0.020514612917693187,0.12246699999999999,-0.0024629292155233795,-0.14111544928895636,0.15299738003017588
1723528234.6669369,21.145457983016968,1723528234.684315,-0.01737809181213379,24.63919570312558,0.8825055296468423,0.0,0.6919920140984598,24.565299000000003,0.888356,-0.12925499999999998,0.6948235477,0.07389670312557683,-0.005850470353157777,0.12925499999999998,-0.002831533601540204,-0.16223492491773142,0.1490027038720533
1723528234.7669368,21.245457887649536,1723528234.773952,-0.007015228271484375,24.816324424711787,0.9965638145067925,0.0,0.7125764734804602,24.750058000000003,0.995923,-0.137076,0.7157486353,0.06626642471178457,0.0006408145067925419,0.137076,-0.0031721618195398316,-0.1817514841921722,0.15225465333878874
1723528234.8669353,21.34545636177063,1723528234.773952,0.09298324584960938,24.999940540332176,1.111802704054784,0.0,0.7317289389089688,24.750058000000003,0.995923,-0.137076,0.7157486353,0.24988254033217316,0.11587970405478398,0.137076,0.01598030360896885,0.9156039521315928,0.3076673846066308
1723528234.9669354,21.445456504821777,1723528234.9844258,-0.017490386962890625,25.190522379994047,1.2323743755343544,0.0,0.7509954608986048,24.925316000000002,1.110652,-0.140605,0.7346549524,0.2652063799940443,0.12172237553435439,0.140605,0.016340508498604803,0.9362421720677087,0.3239143817743692
1723528235.0669339,21.54545497894287,1723528235.1072812,-0.04034733772277832,25.37500371933719,1.3560849319715822,0.0,0.7713091929643126,25.096981000000003,1.245933,-0.139869,0.7538700779,0.27802271933718714,0.11015193197158224,0.139869,0.017439115064312505,0.9991876916281217,0.330141511697206
1723528235.1569338,21.635454893112183,1723528235.1953652,-0.038431406021118164,25.575809203616082,1.4909315873080802,0.0,0.78990238792511,25.278307,1.368128,-0.15700799999999998,0.775074828,0.29750220361608015,0.12280358730808016,0.15700799999999998,0.014827559925109979,0.8495566041861168,0.35810584228152
1723528235.2669322,21.745453357696533,1723528235.2775548,-0.010622501373291016,25.76606336240605,1.6238635528663672,0.0,0.8096092244911707,25.458961000000002,1.499919,-0.156618,0.7927623941,0.3071023624060487,0.12394455286636719,0.156618,0.016846830391170634,0.965252279586807,0.3663377009053529
1723528235.3669322,21.8454532623291,1723528235.3659542,0.0009779930114746094,25.959874367648112,1.7651857549684262,0.0,0.8294921117377334,25.640485,1.62495,-0.142905,0.8122962416,0.3193893676481103,0.14023575496842633,0.142905,0.017195870137733382,0.9852507839471685,0.3769581862265685
1723528235.4669306,21.945451736450195,1723528235.5072737,-0.04034304618835449,26.122651643853473,1.9150702400859407,0.0,0.8488282290617573,25.985581,1.907999,-0.15104299999999998,0.8524604288000001,0.13707064385347323,0.007071240085940733,0.15104299999999998,-0.003632199738242803,-0.20810971534983497,0.20408907783553412
1723528235.5669308,22.045451879501343,1723528235.5893006,-0.022369861602783203,26.291067800061544,2.064876377572536,0.0,0.8677567290992299,26.157558,2.043927,-0.163941,0.8701553821,0.13350980006154245,0.020949377572535788,0.163941,-0.0023986530007701345,-0.13743269346051892,0.21246268993437342
1723528235.6669292,22.145450353622437,1723528235.7147672,-0.04783797264099121,26.43929008708166,2.213498233232197,0.0,0.8855723133333049,26.324757,2.1947,-0.179236,0.8884575638000001,0.11453308708165721,0.01879823323219698,0.179236,-0.0028852504666951884,-0.16531267457978538,0.2135339441519932
1723528235.7669291,22.245450258255005,1723528235.804855,-0.03792595863342285,26.602707270445293,2.3641587100101513,0.0,0.9044699928986564,26.49283,2.350382,-0.183593,0.9074789499,0.10987727044529194,0.013776710010151128,0.183593,-0.003008957001343626,-0.17240053691332977,0.21440429554514906
1723528235.8669276,22.3454487323761,1723528235.919082,-0.0521543025970459,26.769726881167582,2.5079747767433327,0.0,0.9220805801239892,26.66663,2.5151860000000004,-0.173086,0.9251616739,0.10309688116758053,-0.007211223256667676,0.173086,-0.003081093776010846,-0.17653366964944767,0.2015929860965895
1723528235.9669273,22.445448398590088,1723528236.0057902,-0.03886294364929199,26.92819858750112,2.656545568228812,0.0,0.9399763427152247,26.835898,2.6793780000000003,-0.178849,0.9431877836,0.09230058750112136,-0.022832431771188322,0.178849,-0.003211440884775318,-0.18400200885338464,0.20255291455478525
1723528236.0669258,22.54544687271118,1723528236.090351,-0.02342534065246582,27.102063729019427,2.829306122001175,0.0,0.9588195552583496,26.994120000000002,2.8533530000000003,-0.183781,0.9619797995,0.10794372901942495,-0.024046877998825433,0.183781,-0.0031602442416504006,-0.1810686572770894,0.214489060180489
1723528236.1969259,22.6754469871521,1723528236.1967325,0.0001933574676513672,27.25412170541843,2.9880448140969684,0.0,0.97706497344178,27.148131000000003,3.0110870000000003,-0.185185,0.9804173551,0.10599070541842792,-0.023042185903031864,0.185185,-0.003352381658220049,-0.19207732033307723,0.21461233932671683
1723528236.2669256,22.74544668197632,1723528236.1967325,0.07019305229187012,27.408298895831244,3.152584177052407,0.0,0.9948910060242017,27.148131000000003,3.0110870000000003,-0.185185,0.9804173551,0.2601678958312412,0.14149717705240672,0.185185,0.014473650924201609,0.8292791121023756,0.3492882324958224
1723528236.3669255,22.845446586608887,1723528236.344466,0.02245950698852539,27.565039980374948,3.3144682144277335,0.0,1.0126199566552367,27.289579,3.167272,-0.188497,0.997463589,0.27546098037494815,0.14719621442773345,0.188497,0.015156367655236758,0.8683958993936578,0.36479665056025784
1723528236.466924,22.94544506072998,1723528236.5031738,-0.03624987602233887,27.717974205514622,3.498132787266944,0.0,1.0313113593445973,27.599012000000002,3.5006340000000002,-0.17538499999999999,1.0348060434,0.11896220551462022,-0.0025012127330561462,0.17538499999999999,-0.0034946840554026526,-0.20023064710623475,0.21193904933031746
1723528236.566924,23.045445203781128,1723528236.5859525,-0.019028425216674805,27.87846261328561,3.690792087832078,0.0,1.0497072742422988,27.760627000000003,3.690259,-0.182012,1.0539727048,0.11783561328560666,0.0005330878320779497,0.182012,-0.004265430557701233,-0.24439116876241362,0.21682685277666083
1723528236.6969225,23.175443649291992,1723528236.706846,-0.009923458099365234,28.026754653242826,3.894666558557377,0.0,1.0672777452999318,27.915297000000002,3.875413,-0.18414,1.0720077233,0.11145765324282308,0.019253558557377204,0.18414,-0.004729978000068248,-0.2710077765936404,0.21610425165535208
1723528236.7969224,23.27544355392456,1723528236.8387108,-0.041788339614868164,28.1717108057446,4.0877873846298645,0.0,1.0854791248960112,28.045329000000002,4.066425,-0.180149,1.0900495053,0.12638180574459668,0.021362384629864728,0.180149,-0.004570380403988938,-0.26186350791786234,0.22109358765314577
1723528236.896921,23.375442028045654,1723528236.9305174,-0.03359651565551758,28.312565006027636,4.285291398122029,0.0,1.1021656311033308,28.184734000000002,4.237673,-0.184381,1.1067366659,0.12783100602763398,0.047618398122028616,0.184381,-0.0045710347966692036,-0.26190100185658577,0.22935699488514624
1723528236.9969206,23.475441694259644,1723528237.002718,-0.005797386169433594,28.45131067353743,4.477243773198986,0.0,1.1182103382731556,28.321202000000003,4.423513,-0.19461599999999998,1.1223038088000001,0.1301086735374284,0.05373077319898645,0.19461599999999998,-0.0040934705268445,-0.23453858474938344,0.240188780700161
1723528237.096919,23.575440168380737,1723528237.1033218,-0.006402730941772461,28.58782781057012,4.653463010708624,0.0,1.1316898885041375,28.453141000000002,4.61562,-0.185893,1.1362572615,0.13468681057011622,0.03784301070862384,0.185893,-0.0045673729958624065,-0.2616911961249387,0.23265605053392313
1723528237.1969192,23.675440311431885,1723528237.2039118,-0.0069925785064697266,28.718818080202578,4.844729245128032,0.0,1.1452729002506794,28.588312000000002,4.814897,-0.193526,1.1505116832,0.1305060802025757,0.02983224512803151,0.193526,-0.005238782949320564,-0.30016015278116615,0.23531704675866574
1723528237.2969177,23.77543878555298,1723528237.3166885,-0.01977086067199707,28.851635597480087,5.026890927830909,0.0,1.155768935429661,28.711553000000002,4.9978370000000005,-0.20588399999999998,1.1612542381,0.14008259748008456,0.02905392783090832,0.20588399999999998,-0.005485302670338977,-0.3142846923622637,0.25070996449118454
1723528237.3969176,23.875438690185547,1723528237.3972023,-0.0002846717834472656,28.97837609348953,5.21153452945706,0.0,1.1649773041931493,28.835823,5.187513,-0.201161,1.1703366602,0.1425530934895285,0.02402152945705982,0.201161,-0.0053593560068507795,-0.3070684801006356,0.24771791671554694
1723528237.4969158,23.97543692588806,1723528237.4998527,-0.002936840057373047,29.117230196861733,5.397978511794385,0.0,1.1756007533444446,28.956354,5.368355,-0.20518799999999998,1.1800117738,0.16087619686173227,0.029623511794384605,0.20518799999999998,-0.0044110204555554144,-0.252732855449199,0.262413449563331
1723528237.5969157,24.07543683052063,1723528237.60519,-0.008274316787719727,29.225024187095354,5.5833597282995475,0.0,1.183460995948016,29.078960000000002,5.554279,-0.21651499999999999,1.1884446504000001,0.14606418709535163,0.02908072829954733,0.21651499999999999,-0.004983654451984121,-0.2855423666502733,0.26279113519153946
1723528237.6969142,24.175435304641724,1723528237.7259114,-0.028997182846069336,29.34826272091155,5.7639195414901065,0.0,1.1933850146784903,29.207698,5.74289,-0.218255,1.1981819459,0.1405647209115486,0.021029541490106496,0.218255,-0.004796931221509704,-0.27484391360704064,0.26045331137312433
1723528237.796914,24.275435209274292,1723528237.8473086,-0.050394535064697266,29.451372247174753,5.957393358501145,0.0,1.202079203722038,29.326506000000002,5.93272,-0.220851,1.206648277,0.12486624717475081,0.02467335850114516,0.220851,-0.004569073277961966,-0.2617886151132251,0.2549029589946574
1723528237.8969123,24.375433444976807,1723528237.9464743,-0.04956197738647461,29.5580345774018,6.138116127116363,0.0,1.209757163269301,29.434363,6.121151,-0.218241,1.2143194409,0.12367157740179735,0.016965127116362666,0.218241,-0.004562277630699052,-0.2613992532060005,0.2514191891565222
1723528237.9969122,24.475433349609375,1723528238.0374157,-0.040503501892089844,29.67737653332763,6.33124374604554,0.0,1.2153548655982789,29.552185,6.314037,-0.205003,1.219245484,0.1251915333276301,0.017206746045539845,0.205003,-0.003890618401721113,-0.22291601411455364,0.24082197187009083
1723528238.0969107,24.57543182373047,1723528238.1432285,-0.04631781578063965,29.782977163469923,6.5240130664001414,0.0,1.2203471874161258,29.664673,6.519109,-0.220833,1.2255603437,0.11830416346992223,0.004904066400141183,0.220833,-0.005213156283874199,-0.29869185300809575,0.2505736196222082
1723528238.1969106,24.675431728363037,1723528238.2240648,-0.027154207229614258,29.890967253678536,6.719938290910584,0.0,1.2251267624804676,29.796291,6.727322,-0.238,1.2314709472,0.09467625367853572,-0.007383709089416435,0.238,-0.006344184719532464,-0.3634950088805981,0.2562461944508046
1723528238.2969086,24.775429725646973,1723528238.3045588,-0.007650136947631836,30.001183018613066,6.936980519021455,0.0,1.224484432273064,29.91728,6.927439000000001,-0.23202,1.2301702742,0.08390301861306426,0.009541519021454725,0.23202,-0.005685841926936108,-0.3257747453919704,0.24690896605352547
1723528238.3969088,24.87542986869812,1723528238.428968,-0.0320591926574707,30.13350802811612,7.135260289624666,0.0,1.2242138677623438,30.037896,7.107939,-0.22763,1.2294287247,0.09561202811611835,0.02732128962466618,0.22763,-0.00521485693765622,-0.2987892932922185,0.24840195185874103
1723528238.4969072,24.975428342819214,1723528238.5440037,-0.04709649085998535,30.27465532124762,7.334830831276905,0.0,1.2240974999296563,30.166464,7.294420000000001,-0.228348,1.2288101453,0.10819132124762021,0.0404108312769047,0.228348,-0.00471264537034366,-0.2700146900625585,0.255892958835909
1723528238.5969071,25.075428247451782,1723528238.5440037,0.05290341377258301,30.416984875674213,7.516885620459799,0.0,1.2226298490997163,30.166464,7.294420000000001,-0.228348,1.2288101453,0.2505208756742121,0.22246562045979879,0.228348,-0.006180296200283708,-0.35410488841699583,0.40545587989217435
1723528238.6969056,25.175426721572876,1723528238.6581316,0.03877401351928711,30.550117522675418,7.7032364835901,0.0,1.2221903288855396,30.286334,7.493321,-0.23463799999999999,1.2273351527,0.2637835226754177,0.20991548359010004,0.23463799999999999,-0.005144823814460463,-0.2947766909069819,0.4107325749559172
1723528238.7969055,25.275426626205444,1723528238.7551594,0.04174613952636719,30.685980585356774,7.9020641033082475,0.0,1.2216500618549837,30.414647000000002,7.680400000000001,-0.23682899999999998,1.2272989391,0.2713335853567713,0.22166410330824693,0.23682899999999998,-0.005648877245016282,-0.3236568251269208,0.42290053733591954
1723528238.896904,25.375425100326538,1723528238.8480701,0.04883384704589844,30.80926888578177,8.106423134897774,0.0,1.220688048370757,30.539994,7.892253,-0.241928,1.2271261175000001,0.26927488578176906,0.21417013489777403,0.241928,-0.0064380691292431624,-0.36887418931909816,0.4206031002963667
1723528238.9969041,25.475425243377686,1723528238.9583783,0.03852581977844238,30.91367419437778,8.31455054773675,0.0,1.220628858235257,30.665509,8.082491999999998,-0.234354,1.2260423061,0.24816519437777984,0.23205854773675227,0.234354,-0.005413447864743182,-0.31016771526389164,0.4127456003330039
1723528239.0969028,25.57542395591736,1723528239.0889242,0.007978677749633789,31.003358647171098,8.5077076697611,0.0,1.2205438793385017,30.779209,8.283888999999999,-0.246419,1.2256572144,0.22414964717109598,0.22381866976110132,0.246419,-0.005113335061498247,-0.2929725182601168,0.4013230429735573
1723528239.1969028,25.675423860549927,1723528239.1797981,0.017104625701904297,31.10906339134287,8.709339080002097,0.0,1.2203893356214515,30.891640000000002,8.472973,-0.243805,1.2264954088,0.2174233913428658,0.2363660800020977,0.243805,-0.006106073178548498,-0.3498522225288605,0.4032154918943356
1723528239.2969012,25.77542233467102,1723528239.2663894,0.030511856079101562,31.23879820361702,8.884279653877172,0.0,1.2211828878963384,31.015917,8.665942999999999,-0.25236800000000004,1.2255939375,0.22288120361701758,0.2183366538771736,0.25236800000000004,-0.004411049603661565,-0.25273452551266223,0.4012935743019706
1723528239.3969011,25.87542223930359,1723528239.3605306,0.03637051582336426,31.374394016708735,9.07814060859706,0.0,1.2223374186955205,31.137563,8.860702,-0.24670999999999998,1.2269063878,0.2368310167087344,0.21743860859706032,0.24670999999999998,-0.004568969104479459,-0.2617826464123403,0.4052583164895181
1723528239.4968996,25.975420713424683,1723528239.525361,-0.028461456298828125,31.507094049694377,9.25867409216167,0.0,1.2233714928102106,31.386889,9.225066,-0.258103,1.2283450813,0.12020504969437695,0.03360809216166949,0.258103,-0.004973588489789461,-0.28496562949978105,0.2866983021222395
1723528239.5968995,26.07542061805725,1723528239.65407,-0.05717039108276367,31.65670654206954,9.44850857248006,0.0,1.224049501727233,31.512975,9.397082,-0.24956899999999999,1.2278394013,0.14373154206953842,0.051426572480060884,0.24956899999999999,-0.003789899572766986,-0.21714525029798212,0.29255449800632777
1723528239.696898,26.175419092178345,1723528239.65407,0.04282808303833008,31.788128628299756,9.617014827799174,0.0,1.225097155996657,31.512975,9.397082,-0.24956899999999999,1.2278394013,0.27515362829975487,0.219932827799175,0.24956899999999999,-0.002742245303342994,-0.15711908227112573,0.4316997262811979
1723528239.796898,26.275418996810913,1723528239.7573066,0.039591312408447266,31.916494650382283,9.805175420672029,0.0,1.2265306959554803,31.632475000000003,9.596286999999998,-0.253776,1.2296803708,0.2840196503822803,0.2088884206720305,0.253776,-0.0031496748445196676,-0.1804630754295007,0.4344004975482048
1723528239.8968964,26.375417470932007,1723528239.9305036,-0.03360724449157715,32.02780523361943,9.992905571662373,0.0,1.2278978367486688,31.866316,10.003302999999999,-0.25983,1.2327492417,0.1614892336194309,-0.010397428337626025,0.25983,-0.004851404951331295,-0.27796502842015375,0.3061021202001502
1723528239.996896,26.475417137145996,1723528240.03183,-0.034934043884277344,32.133300897734635,10.18572647769238,0.0,1.2275993525917128,31.977197,10.193026999999999,-0.260081,1.2324323590000001,0.15610389773463496,-0.007300522307618351,0.260081,-0.004833006408287321,-0.2769108695545443,0.30342025488571034
1723528240.0968945,26.57541561126709,1723528240.03183,0.0650644302368164,32.22734132936432,10.392362481356363,0.0,1.227656331208049,31.977197,10.193026999999999,-0.260081,1.2324323590000001,0.2501443293643213,0.19933548135636414,0.260081,-0.004776027791951077,-0.2736462353159823,0.41224864608837647
1723528240.236893,26.71541404724121,1723528240.277386,-0.040493011474609375,32.32869407234476,10.58963297247539,0.0,1.2287475943975894,32.213203,10.578469,-0.274799,1.2339249779,0.11549107234475997,0.011163972475390693,0.274799,-0.005177383502410703,-0.29664222360879355,0.2982906509996146
1723528240.336893,26.81541419029236,1723528240.378275,-0.0413818359375,32.44634122204495,10.798847920133252,0.0,1.2296095633314987,32.330448999999994,10.757969999999998,-0.272475,1.2357878074,0.11589222204495542,0.0408779201332532,0.272475,-0.006178244068501204,-0.3539873099268537,0.2989057328154445
1723528240.4368916,26.915412664413452,1723528240.4546692,-0.017777681350708008,32.56183269527704,10.995496810908039,0.0,1.2316334116456558,32.447297999999996,10.958416,-0.269915,1.2376023275,0.11453469527704385,0.03708081090803894,0.269915,-0.005968915854344336,-0.34199368672265446,0.29554574973225894
1723528240.5368912,27.01541233062744,1723528240.5354638,0.0014274120330810547,32.697661937205204,11.185606297705348,0.0,1.2344387199497833,32.567338,11.154091,-0.26516,1.2402772063,0.13032393720520474,0.031515297705349,0.26516,-0.005838486350216776,-0.33452062661216114,0.2971319037029227
1723528240.6368895,27.115410566329956,1723528240.6581223,-0.02123284339904785,32.842185420718515,11.382997573971503,0.0,1.2374619327741554,32.688846,11.351844,-0.26924400000000004,1.2419756941,0.1533394207185168,0.03115357397150298,0.26924400000000004,-0.004513761325844578,-0.25861947370026905,0.31140946461770913
1723528240.7368894,27.215410470962524,1723528240.7517104,-0.014821052551269531,32.989404846228545,11.577206579734257,0.0,1.2400622227024725,32.80499,11.535653,-0.265259,1.2432498928,0.18441484622854887,0.04155357973425744,0.265259,-0.0031876700975275174,-0.18264004306838227,0.32572668386122533
1723528240.8368876,27.31540870666504,1723528240.8837156,-0.04682803153991699,33.11419589461335,11.76031260807476,0.0,1.2409781185333042,32.926959,11.729092,-0.262678,1.2457451033,0.18723689461335624,0.03122060807475968,0.262678,-0.004766984766695792,-0.2731281081348243,0.3240865821921834
1723528240.9268878,27.40540885925293,1723528240.9664028,-0.039515018463134766,33.21868189127005,11.947887344593656,0.0,1.2442273143405245,33.018837,11.921515,-0.27553900000000003,1.2491220692,0.1998448912700539,0.026372344593657004,0.27553900000000003,-0.0048947548594755474,-0.2804487951990992,0.34140184774998844
1723528241.0268862,27.505407333374023,1723528241.0470934,-0.02020716667175293,33.31276600776491,12.127530259530438,0.0,1.2473011868768236,33.130874,12.114414,-0.276586,1.2534644548,0.18189200776490821,0.013116259530438157,0.276586,-0.006163267923176452,-0.3531292400063708,0.3312952673202852
1723528241.1368861,27.61540722846985,1723528241.114397,0.022489070892333984,33.4158485367956,12.316779217294314,0.0,1.2495002370636639,33.244858,12.316308,-0.263757,1.255114326,0.17099053679559972,0.00047121729431509607,0.263757,-0.005614088936336081,-0.32166360186314696,0.31433380468601496
1723528241.2368844,27.715405464172363,1723528241.2365034,0.0003809928894042969,33.52402895968832,12.492579501069306,0.0,1.251706190200597,33.360233,12.494788,-0.27019400000000005,1.2571829881,0.16379595968832206,-0.0022084989306936365,0.27019400000000005,-0.005476797899403031,-0.31379740488190844,0.31597277020930986
1723528241.3368843,27.81540536880493,1723528241.3621714,-0.025287151336669922,33.62356929332615,12.672883454406724,0.0,1.2539554172403529,33.473451,12.691828999999998,-0.26266900000000004,1.2609407695000001,0.15011829332615179,-0.018945545593274105,0.26266900000000004,-0.006985352259647249,-0.40023120288996017,0.30313270897411154
1723528241.426883,27.905404090881348,1723528241.4702194,-0.04333639144897461,33.73447730084011,12.87585544148173,0.0,1.2584425710392182,33.582536999999995,12.885955999999998,-0.270181,1.2640735992,0.151940300840117,-0.010100558518267633,0.270181,-0.00563102816078187,-0.32263414793211553,0.3101381128832221
1723528241.5268831,28.005404233932495,1723528241.565685,-0.03880190849304199,33.83239429880014,13.066397510728406,0.0,1.2598050873504658,33.673913,13.080720999999999,-0.275658,1.2660351093,0.15848129880014028,-0.014323489271593104,0.275658,-0.006230021949534148,-0.35695396398217183,0.3182904607089141
1723528241.6268816,28.10540270805359,1723528241.6262064,0.000675201416015625,33.916756753036125,13.260770752646918,0.0,1.2631177032364977,33.781717,13.282636,-0.290518,1.2696907488,0.13503975303612492,-0.02186524735308204,0.290518,-0.0065730455635022444,-0.37660776933586854,0.3211145158130804
1723528241.726882,28.205403089523315,1723528241.750386,-0.023504018783569336,34.02737476212652,13.44617727730167,0.0,1.2668421506238712,33.889063,13.463346,-0.29890300000000003,1.273531109,0.13831176212651997,-0.017168722698329475,0.29890300000000003,-0.006688958376128929,-0.3832490842908683,0.329799805928741
1723528241.8368807,28.315401792526245,1723528241.877295,-0.04041433334350586,34.15390158747309,13.648917235091298,0.0,1.268738970405136,34.002254,13.660165,-0.288267,1.2742492979,0.15164758747308582,-0.01124776490870083,0.288267,-0.00551032749486402,-0.3157185091906042,0.32591619519571075
1723528241.936881,28.41540217399597,1723528241.9940286,-0.05714750289916992,34.265932097159244,13.852793929623983,0.0,1.2717528829678422,34.109086999999995,13.862141,-0.286953,1.2776409829,0.15684509715924833,-0.00934707037601612,0.286953,-0.005888099932157775,-0.3373632754639069,0.3271540561211312
1723528242.0368798,28.515400886535645,1723528242.0769262,-0.04004645347595215,34.388548277867905,14.047133458755747,0.0,1.2752543499483142,34.224028,14.059261,-0.296578,1.2808465471000001,0.1645202778679078,-0.012127541244252527,0.296578,-0.005592197151685907,-0.3204092949966827,0.33937075473641604
1723528242.12688,28.605401039123535,1723528242.1649354,-0.038055419921875,34.515935032159675,14.241707495081219,0.0,1.2791487855134225,34.338100999999995,14.259259,-0.289235,1.284168339,0.17783403215968008,-0.017551504918781546,0.289235,-0.005019553486577566,-0.28759922982107183,0.3399851225334487
1723528242.2368786,28.715399742126465,1723528242.2575004,-0.020621776580810547,34.63457771534145,14.432855214995426,0.0,1.2830302809333378,34.446104999999996,14.443435999999998,-0.279885,1.2879648385,0.1884727153414545,-0.01058078500457249,0.279885,-0.004934557566662168,-0.2827293223340876,0.3375937361156067
1723528242.336879,28.81540012359619,1723528242.362171,-0.025291919708251953,34.742487442803146,14.630980768308042,0.0,1.2848317972997112,34.538598,14.631608,-0.287078,1.289957084,0.20388944280314547,-0.0006272316919577747,0.287078,-0.005125286700288889,-0.2936572967210854,0.35211514649354764
1723528242.4268777,28.905398845672607,1723528242.4858541,-0.05897641181945801,34.833800745272704,14.834922012996426,0.0,1.2880622678179516,34.644045,14.821534,-0.29895000000000005,1.2936799247,0.18975574527270567,0.013388012996426113,0.29895000000000005,-0.005617656882048294,-0.32186803009398857,0.3543410564075132
1723528242.5368779,29.01539897918701,1723528242.580508,-0.043630123138427734,34.919906705981546,15.023866650656409,0.0,1.2890554433941404,34.73804,15.01879,-0.296163,1.2945199225000001,0.1818667059815482,0.005076650656409498,0.296163,-0.0054644791058597875,-0.31309159000318765,0.34758278682274546
1723528242.6368766,29.115397691726685,1723528242.6522334,-0.015356779098510742,35.01794092982009,15.217219343476827,0.0,1.2918225685646325,34.839267,15.215504,-0.298987,1.2981487692,0.17867392982009278,0.0017153434768282239,0.298987,-0.006326200635367485,-0.36246459675953674,0.34831098427927726
1723528242.736877,29.21539807319641,1723528242.7746985,-0.03782153129577637,35.12405457344529,15.415717434339701,0.0,1.296434281160903,34.944682,15.416359,-0.301163,1.3026976401,0.179372573445292,-0.0006415656602989372,0.301163,-0.006263358939097019,-0.35886403278579604,0.3505339987503112
1723528242.8368754,29.315396547317505,1723528242.8356605,0.0012149810791015625,35.24333994061783,15.604727316594944,0.0,1.3008861689518751,35.057494,15.618623,-0.306103,1.3084045048,0.18584594061783122,-0.013895683405054982,0.306103,-0.007518335848124779,-0.43076891305946013,0.3583725021125644
1723528242.9268754,29.405396461486816,1723528242.9733958,-0.04652047157287598,35.355964763400856,15.796966812760546,0.0,1.3068249606843745,35.165324,15.826614999999999,-0.303898,1.3141292784,0.19064076340085734,-0.029648187239452284,0.303898,-0.007304317715625563,-0.4185065773279834,0.35996792923904664
1723528243.036874,29.515395164489746,1723528243.0803518,-0.043477773666381836,35.46540388945622,15.997734031860713,0.0,1.313203344340116,35.258542,16.032194,-0.302124,1.3210789979,0.20686188945622064,-0.034459968139287867,0.302124,-0.007875653559883844,-0.45124170988852663,0.3677747164903514
1723528243.1368744,29.615395545959473,1723528243.0803518,0.05652260780334473,35.55013071494941,16.189980604571012,0.0,1.3200681933344702,35.258542,16.032194,-0.302124,1.3210789979,0.2915887149494125,0.15778660457101168,0.302124,-0.0010108045655297104,-0.05791483551740726,0.44855267543946115
1723528243.2268732,29.70539426803589,1723528243.1934185,0.03345465660095215,35.63470349367261,16.396877974339326,0.0,1.3276170797694409,35.355951999999995,16.227188,-0.31406500000000004,1.3287773042,0.2787514936726154,0.16968997433932387,0.31406500000000004,-0.001160224430559076,-0.06647596315900432,0.45291710813458413
1723528243.3368733,29.815394401550293,1723528243.3553076,-0.01843428611755371,35.734586078674134,16.609342093542473,0.0,1.3353702122772668,35.533127,16.629694,-0.321006,1.3416159381000001,0.2014590786741337,-0.02035190645752749,0.321006,-0.0062457258227333065,-0.3578537296384922,0.3795323602970987
1723528243.436872,29.915393114089966,1723528243.4793081,-0.04243612289428711,35.83998054252688,16.825492460946293,0.0,1.3435784082404352,35.630472,16.847255,-0.337013,1.350214626,0.20950854252688345,-0.021762539053707286,0.337013,-0.006636217759564911,-0.3802272695528323,0.3974231997088281
1723528243.5268724,30.005393505096436,1723528243.545066,-0.018193721771240234,35.92783507283526,17.040319173658055,0.0,1.3519457834510789,35.722809999999996,17.051093,-0.34809900000000005,1.3593121510000001,0.20502507283526228,-0.010773826341946346,0.34809900000000005,-0.007366367548921281,-0.4220617708953184,0.4041339748476377
1723528243.626871,30.10539221763611,1723528243.6977913,-0.07092022895812988,36.00908661456778,17.252906173841048,0.0,1.3615762390400263,35.79558,17.253696,-0.338886,1.3675966323,0.21350661456777686,-0.0007898261589538436,0.338886,-0.006020393259973611,-0.34494312480549494,0.4005364144313905
1723528243.766871,30.245392084121704,1723528243.7885914,-0.021720409393310547,36.09510189792919,17.45688564048221,0.0,1.3704971423637842,35.884933,17.454719,-0.33983800000000003,1.3757364361,0.21016889792919358,0.002166640482208493,0.33983800000000003,-0.005239293736215789,-0.3001894187144931,0.39958168905963515
1723528243.83687,30.315391063690186,1723528243.8779132,-0.04104328155517578,36.18339387498819,17.665835519733037,0.0,1.3785286669606753,35.967022,17.675445,-0.341204,1.3849549605,0.21637187498819088,-0.009609480266963288,0.341204,-0.006426293539324667,-0.36819949771549154,0.4041401984620021
1723528243.9368703,30.415391445159912,1723528243.982656,-0.04578566551208496,36.28875549675349,17.88521360484602,0.0,1.3876519461954917,36.046060999999995,17.890856,-0.3387,1.3946441647,0.24269449675349364,-0.005642395153980573,0.3387,-0.006992218504508374,-0.400624609741606,0.4167135051537269
1723528244.066869,30.545390129089355,1723528244.085008,-0.018138885498046875,36.39441345660783,18.11352748377378,0.0,1.3989289609850406,36.144455,18.116283000000003,-0.35291,1.4044866067000001,0.24995845660782834,-0.0027555162262231647,0.35291,-0.005557645714959536,-0.31842964349614833,0.43247230084647104
1723528244.136869,30.615390062332153,1723528244.085008,0.05186104774475098,36.46832117005645,18.3266949824161,0.0,1.4098215409218442,36.144455,18.116283000000003,-0.35291,1.4044866067000001,0.3238661700564478,0.2104119824160975,0.35291,0.0053349342218440565,0.3056692148915745,0.5231710681519994
1723528244.2368677,30.715388774871826,1723528244.2476609,-0.010793209075927734,36.563879460461315,18.535369766956606,0.0,1.4236470379675124,36.247426,18.33378,-0.36947100000000005,1.4175300218,0.31645346046131806,0.20158976695660513,0.36947100000000005,0.006117016167512368,0.3504792096117485,0.5265833710064926
1723528244.366868,30.845389127731323,1723528244.3775234,-0.010655403137207031,36.65341112301063,18.74321599185671,0.0,1.4384232409883904,36.323975,18.536057,-0.391506,1.4311493793,0.3294361230106304,0.20715899185671205,0.391506,0.007273861688390282,0.4167615755066663,0.5520144518827061
1723528244.4668667,30.945387840270996,1723528244.4607217,0.006145000457763672,36.72947634553633,18.97601155699166,0.0,1.4547612522534124,36.397631999999994,18.728877,-0.38002,1.4447063389,0.33184434553633224,0.24713455699166076,0.38002,0.01005491335341224,0.5761040985202549,0.5617929861825449
1723528244.556867,31.035387992858887,1723528244.5475428,0.009324073791503906,36.79483175730775,19.199204922169404,0.0,1.4705461606378207,36.474789,18.936755,-0.37747,1.4608595331,0.32004275730774623,0.2624499221694023,0.37747,0.00968662753782068,0.5550028756323252,0.560170446428469
1723528244.6368656,31.115386724472046,1723528244.6675372,-0.03067159652709961,36.868994953727764,19.441891366542794,0.0,1.489036557100282,36.541227,19.168182,-0.376784,1.4772152752,0.3277679537277649,0.27370936654279276,0.376784,0.011821281900281866,0.6773095613205407,0.5694864629472268
1723528244.766866,31.245387077331543,1723528244.7555258,0.011340141296386719,36.92912715171465,19.665270729731994,0.0,1.5078803668239704,36.601763,19.400869,-0.38541200000000003,1.4961208616000001,0.3273641517146544,0.2644017297319934,0.38541200000000003,0.01175950522397029,0.6737700184955415,0.5706294526723321
1723528244.8668644,31.345385551452637,1723528244.8832567,-0.016392230987548828,36.99294306486832,19.892837882044248,0.0,1.5279545548425268,36.66659,19.63185,-0.393842,1.5151125779,0.3263530648683215,0.2609878820442475,0.393842,0.012841976942526756,0.7357910794111001,0.5742234046840036
1723528244.9668646,31.445385694503784,1723528244.9916606,-0.024796009063720703,37.07509632399395,20.103268571609945,0.0,1.5504539864756843,36.719774,19.866414000000002,-0.412364,1.5365287142,0.3553223239939456,0.2368545716099426,0.412364,0.013925272275684408,0.797859329967252,0.5936312917265968
1723528245.0668633,31.545384407043457,1723528245.0751898,-0.008326530456542969,37.13784999479185,20.32602194139958,0.0,1.5730822301095635,36.775816999999996,20.092093000000002,-0.424551,1.5577859481,0.36203299479185347,0.23392894139957932,0.424551,0.015296282009563456,0.8764124013898755,0.6050075954426407
1723528245.1668637,31.645384788513184,1723528245.157514,0.009349584579467773,37.167826440171446,20.54800488682286,0.0,1.597031302910433,36.825905999999996,20.305210000000002,-0.41442500000000004,1.5804048657,0.3419204401714495,0.24279488682285688,0.41442500000000004,0.016626437210433,0.9526246804970766,0.5895820766435846
1723528245.2668624,31.745383501052856,1723528245.2755647,-0.008702278137207031,37.19071179589508,20.77153205844868,0.0,1.622976574444655,36.854383,20.516455,-0.41394400000000003,1.6042701098,0.3363287958950849,0.25507705844868056,0.41394400000000003,0.018706464644654863,1.0718014737494148,0.5912114679461734
1723528245.3668625,31.845383644104004,1723528245.357429,0.009433507919311523,37.19346096069482,21.00208581742315,0.0,1.650027618251551,36.890293,20.756954,-0.414692,1.630090386,0.30316796069482166,0.24513181742315027,0.414692,0.019937232251550974,1.1423192631859784,0.5691835162485239
1723528245.4668612,31.945382356643677,1723528245.4938617,-0.02700042724609375,37.21306660912991,21.235740851318678,0.0,1.677223097193445,36.901512,20.998355,-0.43063100000000004,1.6560141866,0.31155460912991373,0.2373858513186775,0.43063100000000004,0.021208910593444985,1.2151810650747,0.5821180078277828
1723528245.5668616,32.0453827381134,1723528245.5815108,-0.014649152755737305,37.222127770019725,21.472406198846283,0.0,1.7049843693827766,36.917151,21.232513,-0.443039,1.6829207512,0.3049767700197279,0.23989319884628202,0.443039,0.02206361818277669,1.2641522026612073,0.5889338949537273
1723528245.6668603,32.145381450653076,1723528245.666208,0.000652313232421875,37.25003721779071,21.71023123166274,0.0,1.7326340819713268,36.925881,21.472169,-0.45237700000000003,1.7112944913,0.3241562177907156,0.2380622316627381,0.45237700000000003,0.021339590671326736,1.222668482003765,0.6053063933295476
1723528245.7668605,32.245381593704224,1723528245.7769096,-0.010049104690551758,37.27435798838177,21.959380892420057,0.0,1.7592243191148391,36.922078,21.712085000000002,-0.458625,1.7392343109000001,0.352279988381774,0.24729589242005545,0.458625,0.019990008214838983,1.1453431031421188,0.628962112727861
1723528245.866859,32.34538006782532,1723528245.859917,0.006942033767700195,37.25391925638589,22.199242233638135,0.0,1.78574249438035,36.925363,21.940846,-0.466407,1.7652398134,0.3285562563858946,0.258396233638134,0.466407,0.020502680980349908,1.174717088877195,0.6263012987513972
1723528245.966859,32.445380210876465,1723528245.9871566,-0.020297527313232422,37.20613996838301,22.44350031832265,0.0,1.8145779132375752,36.916529999999995,22.184463,-0.47198100000000004,1.7943137895,0.28960996838301867,0.25903731832264754,0.47198100000000004,0.020264123737575135,1.1610487656939226,0.6113430546195825
1723528246.0668578,32.54537892341614,1723528246.067805,-0.0009472370147705078,37.17723463888496,22.693731383947846,0.0,1.8387267029767786,36.889066,22.426818,-0.464542,1.8244105164,0.2881686388849616,0.2669133839478448,0.464542,0.014316186576778689,0.8202570695712605,0.6083446299025751
1723528246.166858,32.645379066467285,1723528246.1915028,-0.024644851684570312,37.16378090649337,22.912117741159953,0.0,1.8687836075792565,36.865387,22.664551,-0.47440200000000005,1.8484525706000001,0.2983939064933736,0.2475667411599538,0.47440200000000005,0.020331036979256423,1.1648826120357993,0.6126870917237737
1723528246.2668567,32.74537777900696,1723528246.296056,-0.02919936180114746,37.138690793681825,23.14001347706615,0.0,1.9031349133089916,36.848343,22.878487,-0.49156,1.8780844549,0.29034779368182484,0.26152647706615184,0.49156,0.025050458408991675,1.435285541703226,0.6279563464943531
1723528246.366857,32.845378160476685,1723528246.3568196,0.010037422180175781,37.11089001749637,23.355131819593733,0.0,1.9343906253112477,36.811823999999994,23.104419,-0.495483,1.9096439165,0.2990660174963722,0.25071281959373337,0.495483,0.02474670881124763,1.417881971723696,0.6307145186364274
1723528246.4668558,32.94537687301636,1723528246.4602802,0.006575584411621094,37.065897364872086,23.55858531604068,0.0,1.9707865881139692,36.766101,23.326853,-0.497025,1.942359419,0.29979636487208694,0.23173231604068079,0.497025,0.028427169113969253,1.628756813735086,0.6249892617582284
1723528246.566856,33.045377016067505,1723528246.604915,-0.03805899620056152,37.03416573845127,23.77030648152334,0.0,2.007768545647964,36.713575,23.549635000000002,-0.504182,1.9795707932,0.3205907384512727,0.22067148152333615,0.504182,0.028197752447964186,1.6156122070230334,0.6369252809101209
1723528246.6668546,33.14537572860718,1723528246.6857674,-0.018912792205810547,36.99241728151204,23.997556044004984,0.0,2.043692058725199,36.656334,23.763362,-0.512452,2.0174308170999997,0.3360832815120389,0.23419404400498323,0.512452,0.026261241625199272,1.504658309897197,0.6560532559657855
1723528246.766855,33.245376110076904,1723528246.785951,-0.019095897674560547,36.9266809323755,24.20908270294135,0.0,2.079575414014969,36.584140999999995,23.966751000000002,-0.50505,2.0516673601999997,0.3425399323755016,0.2423317029413461,0.50505,0.027908053814969414,1.5990136980217236,0.6566077687800123
1723528246.8668537,33.34537482261658,1723528246.8742065,-0.0073528289794921875,36.82942025643291,24.396096838027958,0.0,2.1213610168100647,36.503053,24.171278,-0.504332,2.0903764275,0.32636725643290987,0.2248188380279572,0.504332,0.030984589310064873,1.7752861974128844,0.6414123963783251
1723528246.9668536,33.445374727249146,1723528246.9814107,-0.014557123184204102,36.715639486870934,24.57748243637721,0.0,2.16060331221294,36.423176999999995,24.361804,-0.524463,2.1311012428,0.2924624868709387,0.2156784363772104,0.524463,0.0295020694129402,1.690344064263472,0.6380540200593147
1723528247.0668523,33.54537343978882,1723528247.0710154,-0.004163026809692383,36.594428709667966,24.750271760945477,0.0,2.2013401862776423,36.312183999999995,24.544748000000002,-0.5244,2.1713592255,0.282244709667971,0.20552376094547498,0.5244,0.029980960777642448,1.7177825183061708,0.6299979781306683
1723528247.1668527,33.645373821258545,1723528247.1735592,-0.0067064762115478516,36.47352759142462,24.915493656125363,0.0,2.2396677626282973,36.209993999999995,24.721458000000002,-0.524206,2.2108595105999997,0.2635335914246255,0.19403565612536156,0.524206,0.02880825202829751,1.6505912563706406,0.6179738830186604
1723528247.2668514,33.74537253379822,1723528247.285779,-0.018927574157714844,36.372314467988645,25.092461369294536,0.0,2.2742867508550972,36.102545,24.902412,-0.5172289999999999,2.2466934236,0.2697694679886453,0.19004936929453464,0.5172289999999999,0.027593327255097222,1.5809811944403755,0.6135309014785866
1723528247.3668516,33.845372676849365,1723528247.3864336,-0.019582033157348633,36.27735449924284,25.258902867105032,0.0,2.310076092936466,35.990556999999995,25.076128,-0.514691,2.2843959686999997,0.28679749924284437,0.18277486710503155,0.514691,0.025680124236466373,1.4713627361211388,0.6169005455486413
1723528247.4968503,33.97537136077881,1723528247.4675038,0.029346466064453125,36.156219475793016,25.426213431447458,0.0,2.342854528135847,35.870298999999996,25.24662,-0.510394,2.3197516537,0.28592047579302005,0.17959343144745787,0.510394,0.02310287443584702,1.3236971997947171,0.6119692429630592
1723528247.5668502,34.045371294021606,1723528247.5779917,-0.011141538619995117,36.0371053589013,25.580535520312765,0.0,2.3757513410125464,35.753806999999995,25.408997,-0.512971,2.3539427818,0.2832983589013054,0.17153852031276529,0.512971,0.02180855921254654,1.249538400140067,0.6105920659067441
1723528247.6668491,34.14537024497986,1723528247.6867297,-0.01988053321838379,35.92386915381924,25.73271892140851,0.0,2.4101484030749205,35.638414999999995,25.557304000000002,-0.5109389999999999,2.3868124909999997,0.285454153819245,0.17541492140850679,0.5109389999999999,0.023335912074920806,1.337049272981338,0.6109935599549423
1723528247.7668493,34.245370388031006,1723528247.7780135,-0.011164188385009766,35.79260651288042,25.868090459322566,0.0,2.4428402341232065,35.521713999999996,25.706096000000002,-0.515679,2.4199939664,0.2708925128804225,0.16199445932256396,0.515679,0.022846267723206637,1.3089947181656967,0.6046071364339655
1723528247.8668475,34.34536862373352,1723528247.883157,-0.016309499740600586,35.67425860818446,26.010714069748488,0.0,2.4724828636426794,35.393713,25.845976,-0.510131,2.4536666466,0.28054560818446106,0.1647380697484877,0.510131,0.01881621704267955,1.0780898229476694,0.6050438885378867
1723528247.9668477,34.44536876678467,1723528247.9764683,-0.00962066650390625,35.55037747460387,26.146615692923195,0.0,2.502772079416853,35.267457,25.975762,-0.5051669999999999,2.4832569347,0.2829204746038698,0.1708536929231954,0.5051669999999999,0.019515144716852895,1.1181354288626968,0.6036792834151031
1723528248.0668464,34.54536747932434,1723528248.059764,0.007082462310791016,35.42105530697125,26.267634860956218,0.0,2.530852144169531,35.130508,26.096627,-0.504875,2.5128569746,0.29054730697124853,0.171007860956216,0.504875,0.017995169569530844,1.0310472679563678,0.6070915842952078
1723528248.1968467,34.67536783218384,1723528248.232685,-0.03583836555480957,35.28217579350502,26.386486370975405,0.0,2.5587272215766017,34.86349,26.336506,-0.502883,2.5694024622,0.4186857935050199,0.04998037097540475,0.502883,-0.010675240623398087,-0.6116462330073164,0.6562675847966035
1723528248.2668455,34.74536657333374,1723528248.232685,0.03416037559509277,35.147663813396726,26.501365983273008,0.0,2.5836954250386697,34.86349,26.336506,-0.502883,2.5694024622,0.28417381339672687,0.16485998327300777,0.502883,0.014292962838669874,0.8189264473931084,0.6006870083447903
1723528248.3668454,34.84536647796631,1723528248.3782392,-0.01139378547668457,35.00287193044057,26.61686518540256,0.0,2.6091952627884476,34.730686999999996,26.457738000000003,-0.499493,2.5952634525,0.2721849304405737,0.1591271854025571,0.499493,0.013931810288447808,0.7982339305049975,0.5906770306538758
1723528248.4668438,34.9453649520874,1723528248.4611866,0.005657196044921875,34.86144627281715,26.726202532814728,0.0,2.633830879582634,34.597273,26.576686000000002,-0.499108,2.6202710429,0.2641732728171462,0.14951653281472588,0.499108,0.013559836682634163,0.7769214128016126,0.5841673624226702
1723528248.5968442,35.0753653049469,1723528248.563131,0.03371310234069824,34.7142823464174,26.83883273388891,0.0,2.6559194994335744,34.449711,26.688390000000002,-0.49221800000000004,2.6460893674999997,0.264571346417398,0.15044273388890872,0.49221800000000004,0.009830131933574737,0.5632250718506078,0.5787137228795286
1723528248.6968427,35.17536377906799,1723528248.6569586,0.039884090423583984,34.56048512826976,26.93524723220853,0.0,2.677812976621695,34.301210999999995,26.790237,-0.49741300000000005,2.6684867014,0.2592741282697659,0.14501023220852716,0.49741300000000005,0.009326275221694935,0.534356208780556,0.5793709809821493
1723528248.7968414,35.275362491607666,1723528248.7494454,0.047395944595336914,34.407956300418604,27.04426191282913,0.0,2.7000227464291253,34.145545999999996,26.892653000000003,-0.510475,2.6917753432,0.26241030041860824,0.15160891282912559,0.510475,0.008247403229125538,0.47254139697146,0.5936574381240528
1723528248.8968399,35.37536096572876,1723528248.8587103,0.038129568099975586,34.25979526757134,27.134040322932414,0.0,2.7216175613680704,34.005004,26.991853000000003,-0.504612,2.712936615,0.25479126757134196,0.14218732293241132,0.504612,0.008680946368070597,0.4973815890698657,0.5828971567757875
1723528248.9968398,35.47536087036133,1723528249.0344675,-0.0376276969909668,34.10632161712236,27.229168255833702,0.0,2.742407000561731,33.708456,27.184896000000002,-0.49673900000000004,2.7549080353999997,0.39786561712236335,0.044272255833700314,0.49673900000000004,-0.012501034838268588,-0.7162565357787978,0.6379707799309963
1723528249.0968382,35.57535934448242,1723528249.1163323,-0.019494056701660156,33.960363903440815,27.32858079856694,0.0,2.7631330833379186,33.556394999999995,27.267921,-0.49149800000000005,2.7759765954,0.4039689034408198,0.06065979856693815,0.49149800000000005,-0.012843512062081341,-0.7358790352826258,0.6390937099622871
1723528249.1968386,35.67535972595215,1723528249.2450922,-0.048253536224365234,33.82430430485205,27.420363778737975,0.0,2.7841628594829366,33.413542,27.359703,-0.489453,2.7976176793999996,0.41076230485204945,0.06066077873797582,0.489453,-0.013454819917062988,-0.7709043953562695,0.6418486117251214
1723528249.2968376,35.7753586769104,1723528249.305828,-0.00899052619934082,33.676013246796714,27.49236480259085,0.0,2.8060923370536397,33.269861999999996,27.44189,-0.486103,2.8190081710999997,0.40615124679671766,0.050474802590848356,0.486103,-0.012915834046359986,-0.7400227797478036,0.6354546935699771
1723528249.3968377,35.87535881996155,1723528249.4450638,-0.048226118087768555,33.523305045572485,27.573068228061782,0.0,2.8278437605182916,33.115369,27.523003000000003,-0.48428400000000005,2.8405332256999998,0.40793604557248386,0.050065228061779266,0.48428400000000005,-0.012689465181708215,-0.727052799190089,0.6351766187401687
1723528249.4968364,35.97535753250122,1723528249.547893,-0.051056623458862305,33.383184497750946,27.651168788691283,0.0,2.848150681898744,32.950598,27.602201,-0.469266,2.8602964943,0.4325864977509468,0.048967788691282266,0.469266,-0.012145812401255895,-0.6959037893496187,0.6401089759734228
1723528249.5968368,36.07535791397095,1723528249.6449773,-0.048140525817871094,33.231444454220764,27.734615296423687,0.0,2.868346151713885,32.790318,27.676576,-0.46264,2.880735514,0.4411264542207647,0.05803929642368644,0.46264,-0.012389362286115091,-0.7098581698529478,0.6418698295937744
1723528249.6968355,36.17535662651062,1723528249.7054336,-0.008598089218139648,33.05877499312878,27.81075545532814,0.0,2.8901872722912927,32.628527999999996,27.741473000000003,-0.462386,2.9028143383,0.4302469931287831,0.06928245532813904,0.462386,-0.012627066008707112,-0.7234775899320192,0.6353844086131283
1723528249.7968357,36.27535676956177,1723528249.8339796,-0.03714394569396973,32.87899095459266,27.88664486206422,0.0,2.911188040647083,32.461020999999995,27.799148000000002,-0.469855,2.9228886739999997,0.41796995459266384,0.08749686206421714,0.469855,-0.011700633352916602,-0.6703969087521268,0.6349159825034161
1723528249.8968344,36.37535548210144,1723528249.9187067,-0.021872282028198242,32.70692635915477,27.951564328917932,0.0,2.9320753199628715,32.291661999999995,27.85811,-0.46984400000000004,2.9417972877999996,0.4152643591547758,0.09345432891793237,0.46984400000000004,-0.009721967837128087,-0.5570277256293688,0.6339807441190369
1723528249.9968345,36.47535562515259,1723528250.034423,-0.03758859634399414,32.538295450027746,28.004389179382805,0.0,2.950330899151881,32.10996,27.925126000000002,-0.46739400000000003,2.9629052065,0.4283354500277454,0.07926317938280292,0.46739400000000003,-0.012574307348118818,-0.7204547413475467,0.6389139696331123
1723528250.0968332,36.57535433769226,1723528250.034423,0.06241011619567871,32.37034843579095,28.066225895915075,0.0,2.9684033055803996,32.10996,27.925126000000002,-0.46739400000000003,2.9629052065,0.2603884357909507,0.14109989591507244,0.46739400000000003,0.0054980990803996654,0.3150178726516599,0.5533249220457203
1723528250.1968334,36.67535448074341,1723528250.170612,0.026221275329589844,32.1976137668517,28.11919778694249,0.0,2.9837453001256264,31.932761000000003,27.993508000000002,-0.46137700000000004,2.9797656259,0.2648527668516998,0.12568978694248756,0.46137700000000004,0.003979674225626617,0.22801853696539928,0.546638497345045
1723528250.2968318,36.7753529548645,1723528250.247882,0.0489499568939209,32.02922381072116,28.178809488016864,0.0,2.9974350778482517,31.759078000000002,28.053517,-0.465326,2.9951864996,0.27014581072116073,0.1252924880168642,0.465326,0.0022485782482517536,0.12883404352974537,0.5524538468321578
1723528250.3968306,36.875351667404175,1723528250.3503072,0.046523332595825195,31.854087919647284,28.234033357457996,0.0,3.010544967203689,31.585129000000002,28.101750000000003,-0.464285,3.0088737598999997,0.26895891964728236,0.13228335745799313,0.464285,0.0016712073036893038,0.09575312519283516,0.552628580823678
1723528250.4968295,36.97535061836243,1723528250.4436424,0.05318713188171387,31.67558559852257,28.296081770317805,0.0,3.0221145566816663,31.425199000000003,28.161438,-0.45565,3.0219117748,0.2503865985225673,0.13464377031780472,0.45565,0.00020278188166633626,0.011618545981202353,0.5370654672431425
1723528250.59683,37.07535099983215,1723528250.5679169,0.028913021087646484,31.504239929048172,28.35806877189779,0.0,3.0319361018626036,31.247197,28.216631,-0.450151,3.0332366709999996,0.25704292904817194,0.14143777189779172,0.450151,-0.0013005691373959571,-0.07451712253775843,0.5373189308912123
1723528250.6968284,37.17534947395325,1723528250.6575096,0.03931879997253418,31.324840438417755,28.418107733710652,0.0,3.0390140681729587,31.071831000000003,28.278655,-0.44267500000000004,3.0418665176,0.25300943841775236,0.1394527337106517,0.44267500000000004,-0.002852449427041215,-0.16343331344397144,0.5286038180838655
1723528250.7968285,37.275349617004395,1723528250.7647636,0.03206491470336914,31.136784777214896,28.466021741665873,0.0,3.042440484671543,30.890933,28.330956,-0.439788,3.0504252844999997,0.24585177721489515,0.1350657416658727,0.439788,-0.00798479982845679,-0.4574953304273578,0.521631417646095
1723528250.8968275,37.37534856796265,1723528250.921965,-0.02513742446899414,30.933804679498635,28.53317740006503,0.0,3.048033348277041,30.517656000000002,28.449071,-0.44237000000000004,3.0590971616,0.4161486794986331,0.08410640006502845,0.44237000000000004,-0.011063813322958804,-0.6339098087261503,0.6131433983012087
1723528250.9968278,37.47534894943237,1723528251.0595796,-0.06275177001953125,30.756930500551775,28.584632193710053,0.0,3.051820262884066,30.341293,28.503944,-0.433977,3.0628337033,0.4156375005517745,0.08068819371005276,0.433977,-0.011013440415934106,-0.6310236537518302,0.6063012064956801
1723528251.0968268,37.575347900390625,1723528251.0595796,0.0372471809387207,30.587551735762524,28.64753561402652,0.0,3.056231439408716,30.341293,28.503944,-0.433977,3.0628337033,0.24625873576252388,0.1435916140265192,0.433977,-0.006602263891283933,-0.3782818562021891,0.5192282283226688
1723528251.1968272,37.67534828186035,1723528251.1729848,0.023842334747314453,30.408990059385943,28.70355022496286,0.0,3.0608710718601078,30.153851000000003,28.558243,-0.425728,3.0660913468,0.2551390593859395,0.14530722496285975,0.425728,-0.005220274939892189,-0.2990997219537319,0.5171599938459558
1723528251.2968261,37.7753472328186,1723528251.282384,0.014442205429077148,30.21803197193223,28.765324990047144,0.0,3.0662696594362497,29.975767,28.607748,-0.42998000000000003,3.0720831217,0.2422649719322294,0.15757699004714354,0.42998000000000003,-0.005813462263750235,-0.33308685207145794,0.5180787824430195
1723528251.3968265,37.87534761428833,1723528251.3635063,0.03332018852233887,30.026348478131876,28.815572367985332,0.0,3.069819332332612,29.794453,28.660913,-0.43391,3.0760656862999998,0.23189547813187517,0.15465936798533164,0.43391,-0.006246353967387819,-0.3578897196761195,0.5157256256805873
1723528251.4968255,37.97534656524658,1723528251.4563282,0.0404973030090332,29.83631877485747,28.868470083460622,0.0,3.074006969955944,29.602024,28.714754000000003,-0.420949,3.0805530789,0.23429477485747086,0.15371608346061905,0.420949,-0.0065461089440561615,-0.375064414727258,0.5056883787877521
1723528251.5968258,38.07534694671631,1723528251.5786586,0.01816725730895996,29.634898014242886,28.91708394628916,0.0,3.0774336870017365,29.416955,28.765044,-0.42802,3.0847237649999997,0.2179430142428842,0.15203994628916107,0.42802,-0.0072900779982632,-0.41769070162166083,0.5038019681629727
1723528251.6968248,38.17534589767456,1723528251.7167554,-0.019930601119995117,29.445177788383827,28.966988549744922,0.0,3.0798865080773172,29.226090000000003,28.813938,-0.42138400000000004,3.0882315681,0.21908778838382403,0.15305054974492194,0.42138400000000004,-0.00834506002268265,-0.47813671908306293,0.49898737985257513
1723528251.7968235,38.27534461021423,1723528251.799876,-0.0030524730682373047,29.25067197156059,29.01730126778523,0.0,3.0819064279677235,29.036751000000002,28.863943000000003,-0.42055800000000004,3.0902927770999997,0.21392097156058654,0.15335826778522588,0.42055800000000004,-0.008386349132276205,-0.48050241080262673,0.49613503377156337
1723528251.8968225,38.375343561172485,1723528251.9037402,-0.006917715072631836,29.058899959446407,29.066917228611988,0.0,3.083185208627424,28.832964,28.915366000000002,-0.405355,3.0926578409,0.22593595944640654,0.15155122861198578,0.405355,-0.009472632272575776,-0.5427418500980096,0.4881879849912026
1723528251.9968214,38.47534251213074,1723528252.006309,-0.009487628936767578,28.86636079865969,29.1175397460233,0.0,3.0839697995503377,28.644756,28.963944,-0.400546,3.0942206649,0.22160479865969052,0.15359574602329928,0.400546,-0.010250865349662241,-0.5873313208925434,0.48284307813352345
1723528252.0968204,38.57534146308899,1723528252.1158855,-0.019065141677856445,28.655628373460527,29.17621572862716,0.0,3.0857895865314937,28.448593000000002,29.011616,-0.409036,3.0949570379,0.20703537346052414,0.16459972862715944,0.409036,-0.009167451368506274,-0.5252562723068402,0.4871007758401471
1723528252.2368176,38.715338706970215,1723528252.2053943,0.031423330307006836,28.453023610517867,29.227939728462182,0.0,3.0856877545877905,28.260671000000002,29.071737000000002,-0.405696,3.0949117837999998,0.19235261051786523,0.15620272846217986,0.405696,-0.009224029212209217,-0.5284979439649697,0.47538201855777745
1723528252.336818,38.81533908843994,1723528252.384721,-0.04790306091308594,28.254504974295827,29.28525608928847,0.0,3.0871665143124645,28.066636000000003,29.132035000000002,-0.398181,3.0960728737,0.1878689742958244,0.15322108928846845,0.398181,-0.008906359387535367,-0.5102968037324973,0.4661754631753048
1723528252.426817,38.90533804893494,1723528252.384721,0.04209589958190918,28.06144599263442,29.337626977472777,0.0,3.088048748723578,28.066636000000003,29.132035000000002,-0.398181,3.0960728737,-0.00519000736558084,0.2055919774727748,0.398181,-0.00802412497642191,-0.4597484954344866,0.44815522549516335
1723528252.496817,38.97533822059631,1723528252.4937348,0.003082275390625,27.86684210728647,29.394978259785454,0.0,3.0888996880941706,27.863323,29.179036,-0.39175400000000005,3.0961263705,0.003519107286468426,0.21594225978545367,0.39175400000000005,-0.007226682405829354,-0.41405840173547,0.44734174877082744
1723528252.6268165,39.105337619781494,1723528252.58131,0.04550647735595703,27.65636605292998,29.44882797869134,0.0,3.089922413517021,27.656803,29.243109,-0.388218,3.0981695286999997,-0.0004369470700211764,0.20571897869134048,0.388218,-0.008247115182978604,-0.47252489314293566,0.4393560112716682
1723528252.7368171,39.21533823013306,1723528252.774609,-0.03779196739196777,27.444801562345408,29.50928678249158,0.0,3.092571555914338,27.234079,29.351122,-0.390037,3.0995083181,0.21072256234540632,0.1581647824915784,0.390037,-0.00693676218566175,-0.39744719672436263,0.4706898746213073
1723528252.826816,39.30533719062805,1723528252.774609,0.052206993103027344,27.23072788381082,29.56129530084502,0.0,3.093588761791194,27.234079,29.351122,-0.390037,3.0995083181,-0.0033511161891794927,0.21017330084502106,0.390037,-0.005919556308805696,-0.3391655930846066,0.4430721247571383
1723528252.9368162,39.415337324142456,1723528252.924979,0.011837244033813477,27.022790604594206,29.612433252351167,0.0,3.096008713622693,27.034632000000002,29.399432,-0.382415,3.1012613216,-0.011841395405795652,0.21300125235116596,0.382415,-0.0052526079773072,-0.30095226853645063,0.4378938049040218
1723528253.036815,39.51533603668213,1723528253.0681233,-0.03130841255187988,26.792734335705767,29.666792739583705,0.0,3.0981386994358946,26.823733,29.458627,-0.38424200000000003,3.1025719709999997,-0.030998664294234146,0.20816573958370554,0.38424200000000003,-0.004433271564105112,-0.2540077500585841,0.4381047898487961
1723528253.1268153,39.6053364276886,1723528253.1775205,-0.0507051944732666,26.5770016756268,29.714821334931404,0.0,3.0999345924141526,26.616593,29.506438,-0.38427700000000004,3.1035906789,-0.039591324373201786,0.20838333493140482,0.38427700000000004,-0.003656086485847254,-0.20947832517386425,0.4389304044740557
1723528253.2268143,39.70533537864685,1723528253.2655349,-0.03872060775756836,26.35932164402142,29.77064466516786,0.0,3.102062811106242,26.403581000000003,29.552373,-0.38244900000000004,3.1067597725,-0.04425935597858199,0.21827166516786178,0.38244900000000004,-0.00469696139375797,-0.2691160643982165,0.4425705006072931
1723528253.3268147,39.80533576011658,1723528253.3750453,-0.048230648040771484,26.138324900004466,29.828600247020752,0.0,3.1040244869388154,26.188397000000002,29.617013,-0.377352,3.1077616967,-0.050072099995535524,0.21158724702075205,0.377352,-0.003737209761184523,-0.21412634647096748,0.4355122388679607
1723528253.4268136,39.90533471107483,1723528253.3750453,0.05176830291748047,25.933740490497815,29.88803624320038,0.0,3.107135494569576,26.188397000000002,29.617013,-0.377352,3.1077616967,-0.2546565095021869,0.2710232432003785,0.377352,-0.0006262021304239695,-0.03587873919539418,0.5298094639497193
1723528253.5268126,40.00533366203308,1723528253.483238,0.04357457160949707,25.724659146937608,29.94747503997883,0.0,3.1103416989961854,25.969392000000003,29.667987,-0.35847500000000004,3.1091680109,-0.2447328530623949,0.27948803997882976,0.35847500000000004,0.0011736880961854546,0.06724737437617116,0.516248060029544
1723528253.6368115,40.11533260345459,1723528253.658579,-0.021767616271972656,25.49987870907986,29.998328702816963,0.0,3.11374043865694,25.537054,29.783077000000002,-0.365101,3.1145889803999998,-0.0371752909201426,0.2152517028169605,0.365101,-0.0008485417430597053,-0.048617860617995425,0.42545744560601867
1723528253.7368102,40.21533131599426,1723528253.7671824,-0.030372142791748047,25.272965579053967,30.051588042679715,0.0,3.117505892386596,25.315454000000003,29.828271,-0.363924,3.1172663819,-0.04248842094603589,0.22331704267971375,0.363924,0.0002395104865962061,0.013722940031087285,0.42908792250738154
1723528253.8368092,40.315330266952515,1723528253.860172,-0.02336287498474121,25.042681177542576,30.08789169382401,0.0,3.120790178521255,25.093906,29.882025000000002,-0.370964,3.1201591344999997,-0.051224822457424324,0.20586669382400657,0.370964,0.0006310440212553557,0.036156159104895697,0.4273398733535427
1723528253.9368095,40.41533064842224,1723528253.9769163,-0.040106773376464844,24.818432067428024,30.142301383513896,0.0,3.123910248758958,24.868771000000002,29.935608000000002,-0.36349400000000004,3.1242745171,-0.050338932571978745,0.206693383513894,0.36349400000000004,-0.0003642683410420844,-0.020871038551943544,0.421169859981585
1723528254.0268085,40.505329608917236,1723528254.0576656,-0.030857086181640625,24.589842601620646,30.191173648869718,0.0,3.1274087085721884,24.643141,29.986841000000002,-0.36387800000000003,3.1278477359999997,-0.05329839837935424,0.20433264886971614,0.36387800000000003,-0.0004390274278112116,-0.025154418704066848,0.42071338170768835
1723528254.1268075,40.60532855987549,1723528254.1657965,-0.03898906707763672,24.35296163767276,30.239122817671387,0.0,3.1316689028958358,24.424747,30.050213,-0.364501,3.1305490798999998,-0.07178536232724042,0.18890981767138726,0.364501,0.0011198229958360173,0.06416113146309975,0.41677456311306954
1723528254.2368066,40.715327739715576,1723528254.2754006,-0.03859400749206543,24.119592347017658,30.287028362619203,0.0,3.1350442682670625,24.192961,30.086556,-0.348598,3.1351376569,-0.0733686529823423,0.20047236261920176,0.348598,-9.338863293750775e-05,-0.005350774521815622,0.408769731044959
1723528254.326807,40.805328130722046,1723528254.363023,-0.036216020584106445,23.87687739334162,30.343795285902484,0.0,3.1393129118059395,23.959986,30.13117,-0.3462,3.1387704392,-0.08310860665838149,0.21262528590248309,0.3462,0.0005424726059395368,0.031081390821798893,0.4146938541934402
1723528254.426806,40.9053270816803,1723528254.4669626,-0.04015660285949707,23.644307900935928,30.395804514549013,0.0,-3.1406241807735857,23.729606,30.183564,-0.34452000000000005,-3.1412669064000003,-0.08529809906407237,0.21224051454901272,0.34452000000000005,0.000642725626414542,0.036825465778455316,0.41354060516468516
1723528254.536805,41.01532602310181,1723528254.5917969,-0.054991960525512695,23.417436977447814,30.447823517232468,0.0,-3.137873180029066,23.505713,30.226477000000003,-0.34232500000000005,-3.1373202580000004,-0.08827602255218636,0.22134651723246535,0.34232500000000005,-0.000552922029065428,-0.03168009866525886,0.4171011178042756
1723528254.6268039,41.1053249835968,1723528254.5917969,0.03500699996948242,23.191890587708095,30.490061092562748,0.0,-3.1349605099637037,23.505713,30.226477000000003,-0.34232500000000005,-3.1373202580000004,-0.31382241229190555,0.26358409256274484,0.34232500000000005,0.0023597480362966827,0.13520360319408373,0.5339920279684299
1723528254.7368045,41.215325593948364,1723528254.6955898,0.041214704513549805,22.96590275354128,30.537965453753944,0.0,-3.1306217857993337,23.271965,30.267836000000003,-0.336606,-3.1337376546,-0.3060622464587226,0.2701294537539418,0.336606,0.003115868800666277,0.17852613179466728,0.5291007651938928
1723528254.8368034,41.315324544906616,1723528254.798284,0.03851938247680664,22.722829800277577,30.57641779216703,0.0,-3.127202723514644,23.039388000000002,30.320793000000002,-0.33147400000000005,-3.1312307527,-0.3165581997224258,0.2556247921670298,0.33147400000000005,0.004028029185356274,0.2307890720764337,0.5248124816140909
1723528254.9368021,41.41532325744629,1723528254.9058154,0.030986785888671875,22.47259126725941,30.63354392253196,0.0,-3.1234339163095544,22.805592,30.373909,-0.326745,-3.1286659610000003,-0.33300073274059017,0.2596349225319585,0.326745,0.005232044690445914,0.29977407898638214,0.5339120489640088
1723528255.0368009,41.51532196998596,1723528254.9939601,0.04284071922302246,22.23099708980734,30.677099531216562,0.0,-3.1201454096017263,22.581473000000003,30.418116,-0.32544700000000004,-3.1243224294000003,-0.3504759101926638,0.25898353121656115,0.32544700000000004,0.004177019798274007,0.23932560538368713,0.5438948270353154
1723528255.1367998,41.615320920944214,1723528255.0997624,0.03703737258911133,21.98698733351186,30.734616698699032,0.0,-3.117347726621405,22.340622,30.457838000000002,-0.32728,-3.1211997954000004,-0.3536346664881407,0.2767786986990295,0.32728,0.003852068778595452,0.22070728340763335,0.5556762760778137
1723528255.2367988,41.715319871902466,1723528255.2457204,-0.008921623229980469,21.73473080759816,30.779800041162293,0.0,-3.1142585958267563,22.099028,30.508293000000002,-0.337695,-3.1168071913000004,-0.364297192401839,0.2715070411622911,0.337695,0.002548595473244042,0.14602376430303032,0.5660975453202076
1723528255.3267977,41.80531883239746,1723528255.355425,-0.02862715721130371,21.488450797240304,30.81839543767963,0.0,-3.110596296576022,21.857021000000003,30.559051,-0.33210700000000004,-3.1136432793,-0.3685702027596989,0.2593444376796299,0.33210700000000004,0.0030469827239780756,0.1745792503332188,0.5598201418015334
1723528255.4267964,41.905317544937134,1723528255.4162407,0.010555744171142578,21.242110872590768,30.859928858404565,0.0,-3.108918696895085,21.621080000000003,30.598842,-0.32160500000000003,-3.1117873224,-0.37896912740923483,0.261086858404564,0.32160500000000003,0.0028686255049152893,0.16436013443523087,0.5614389754780851
1723528255.5267973,42.00531840324402,1723528255.516907,0.009890317916870117,20.98235827197416,30.90352351204315,0.0,-3.1066887044555163,21.376446,30.649089,-0.317996,-3.1078523585,-0.39408772802584124,0.2544345120431508,0.317996,0.0011636540444839305,0.06667246556225777,0.5667129029016418
1723528255.6367962,42.11531734466553,1723528255.6294048,0.007391452789306641,20.712809485376933,30.94402670629737,0.0,-3.1029385716199887,21.120389000000003,30.699546,-0.306423,-3.1047555382,-0.4075795146230696,0.24448070629737018,0.306423,0.0018169665800114034,0.10410451655097262,0.5654970657934822
1723528255.766797,42.24531817436218,1723528255.7358005,0.03099656105041504,20.448568007070502,30.98241577888156,0.0,-3.1007047243810764,20.87647,30.732838,-0.291455,-3.1021498087,-0.42790199292949893,0.24957777888155874,0.291455,0.0014450843189237617,0.08279723251486859,0.5747479450067562
1723528255.866796,42.345317125320435,1723528255.8504226,0.016373395919799805,20.204807932343723,31.025050157538246,0.0,-3.0983566764009205,20.626159,30.778956,-0.284631,-3.1000922749,-0.4213510676562784,0.24609415753824493,0.284631,0.0017355984990796713,0.09944246892650546,0.5649016398901177
1723528255.936797,42.41531801223755,1723528255.9309366,0.005860328674316406,19.948003933968845,31.07439773248113,0.0,-3.095435289897292,20.373958000000002,30.822318000000003,-0.279768,-3.0973768770000003,-0.4259540660311565,0.25207973248112836,0.279768,0.0019415871027081977,0.11124474654221321,0.56855183732025
1723528256.0367959,42.5153169631958,1723528256.035389,0.0014069080352783203,19.688672017193266,31.127559098926387,0.0,-3.0930822770600326,20.127211000000003,30.869359,-0.295414,-3.0942904684,-0.43853898280673675,0.2582000989263875,0.295414,0.0012081913399675237,0.06922426462439472,0.5884328015353696
1723528256.1267962,42.60531735420227,1723528256.122738,0.004058361053466797,19.43709214395207,31.163951948710846,0.0,-3.0903799744108067,19.887133000000002,30.908435,-0.287959,-3.0911661984000003,-0.45004085604793076,0.25551694871084507,0.287959,0.0007862239891935907,0.04504731633273199,0.5922381859284784
1723528256.2267952,42.70531630516052,1723528256.2454555,-0.018660306930541992,19.171558912146782,31.203104617130446,0.0,-3.087678296568157,19.637301,30.950624,-0.28079400000000004,-3.0895074021,-0.4657420878532186,0.2524806171304448,0.28079400000000004,0.0018291055318431226,0.10480002725864274,0.5995893802098612
1723528256.3667946,42.84531569480896,1723528256.3559566,0.010838031768798828,18.907017822280736,31.238659938724542,0.0,-3.085766128956189,19.379286,31.000781,-0.281432,-3.0860152036,-0.47226817771926477,0.2378789387245419,0.281432,0.0002490746438112979,0.01427092587411164,0.5990221964159503
1723528256.4267938,42.905314922332764,1723528256.480906,-0.05411219596862793,18.643010628559985,31.277928191544685,0.0,-3.0838359373314645,19.123729,31.040503,-0.28563700000000003,-3.0843445380000003,-0.48071837144001606,0.2374251915446841,0.28563700000000003,0.0005086006685357525,0.02914067176463074,0.6074943374130916
1723528256.526793,43.005314111709595,1723528256.480906,0.045886993408203125,18.39130235600518,31.306251242207622,0.0,-3.083988850116956,19.123729,31.040503,-0.28563700000000003,-3.0843445380000003,-0.7324266439948204,0.2657482422076214,0.28563700000000003,0.0003556878830441867,0.020379414522374732,0.8298550553192744
1723528256.6667922,43.14531326293945,1723528256.6972315,-0.030439376831054688,18.128659029887544,31.338822118784012,0.0,-3.0842962416639206,18.602313000000002,31.114674,-0.289466,-3.0802866744000004,-0.47365397011245847,0.22414811878401153,0.289466,-0.004009567263920211,-0.22973128189644515,0.5986493361841346
1723528256.736791,43.215312004089355,1723528256.6972315,0.039559364318847656,17.84947562774404,31.374558124758522,0.0,-3.0844063885808595,18.602313000000002,31.114674,-0.289466,-3.0802866744000004,-0.7528373722559607,0.2598841247585213,0.289466,-0.004119714180859101,-0.23604223536342162,0.84740452708418
1723528256.86679,43.34531116485596,1723528256.8962817,-0.029491662979125977,17.567905219903693,31.41809292743357,0.0,-3.0853099987805708,18.073283,31.190499000000003,-0.277351,-3.0782089989,-0.5053777800963069,0.227593927433567,0.277351,-0.007100999880570669,-0.40685732347960096,0.6197816338200954
1723528256.966791,43.44531202316284,1723528256.9976134,-0.0308225154876709,17.2808655652795,31.466333327603852,0.0,-3.0869839890277437,17.820334000000003,31.22565,-0.280594,-3.0777324515,-0.5394684347205043,0.24068332760385047,0.280594,-0.009251537527743546,-0.5300740543466009,0.6539783246272414
1723528257.06679,43.54531121253967,1723528257.1070693,-0.04027915000915527,16.996936871626275,31.521216558157395,0.0,-3.088209662211233,17.551898,31.27675,-0.288978,-3.0787582762000003,-0.5549611283737264,0.24446655815739504,0.288978,-0.009451386011232632,-0.5415245289926155,0.6717544466151025
1723528257.1667893,43.645310401916504,1723528257.169571,-0.0027816295623779297,16.71525210472592,31.57031398921253,0.0,-3.0896555179778895,17.285116000000002,31.307308000000003,-0.28151000000000004,-3.0796165587,-0.5698638952740822,0.2630059892125267,0.28151000000000004,-0.010038959277889337,-0.5751899973267596,0.6878698202411629
1723528257.2667882,43.745309352874756,1723528257.2896597,-0.02287149429321289,16.422657521249597,31.617993081494248,0.0,-3.0914434551555567,17.01611,31.350229000000002,-0.28001600000000004,-3.0815101351000003,-0.5934524787504039,0.2677640814942457,0.28001600000000004,-0.009933320055556472,-0.5691373157360422,0.7087259047963856
1723528257.366789,43.84531021118164,1723528257.391727,-0.024937868118286133,16.144396667808497,31.657518717921736,0.0,-3.093351305268629,16.741533,31.392639000000003,-0.27354300000000004,-3.0845537688,-0.5971363321915035,0.26487971792173326,0.27354300000000004,-0.008797536468628575,-0.5040617097648438,0.7082081876386481
1723528257.4667883,43.94530940055847,1723528257.4928317,-0.026043415069580078,15.86652130045005,31.70094821659146,0.0,-3.095157146492946,16.469536,31.425414,-0.26394,-3.0851896241000003,-0.6030146995499521,0.2755342165914598,0.26394,-0.00996752239294585,-0.5710969653179362,0.7135896271569455
1723528257.5667892,44.045310258865356,1723528257.615486,-0.04869675636291504,15.58551218700203,31.74794778179409,0.0,-3.097357818305031,16.185051,31.467793,-0.26887300000000003,-3.0868899565000003,-0.599538812997972,0.2801547817940886,0.26887300000000003,-0.010467861805030676,-0.5997643019544535,0.7143011831028355
1723528257.6667883,44.14530944824219,1723528257.705155,-0.03836655616760254,15.310987586950683,31.791761016988392,0.0,-3.097735711284845,15.910919,31.509996,-0.265608,-3.0898825556,-0.5999314130493172,0.2817650169883912,0.265608,-0.007853155684844904,-0.4499526766007826,0.7140426001477914
1723528257.7667875,44.24530863761902,1723528257.786619,-0.019831418991088867,15.026179596339784,31.85011542470273,0.0,-3.0997175546184708,15.631974999999999,31.556798,-0.275363,-3.08964697,-0.6057954036602151,0.29331742470272815,0.275363,-0.010070584618470768,-0.5770019958677394,0.7272193372697701
1723528257.866787,44.34530806541443,1723528257.8913739,-0.024586915969848633,14.748122776899377,31.907785894762416,0.0,-3.101342056629746,15.346022999999999,31.617883000000003,-0.27835600000000005,-3.0912800608000004,-0.5979002231006216,0.28990289476241315,0.27835600000000005,-0.010061995829745651,-0.5765098945226607,0.7204237835547908
1723528257.9667864,44.44530749320984,1723528258.0174565,-0.05067014694213867,14.46208260582721,31.95812990713593,0.0,-3.1036537727250026,15.059654,31.662622000000002,-0.28538,-3.092914484,-0.5975713941727907,0.2955079071359279,0.28538,-0.010739288725002627,-0.6153159189150815,0.7251608364449014
1723528258.0667856,44.54530668258667,1723528258.0174565,0.04932904243469238,14.171615121734634,32.00170360375903,0.0,-3.1049530656094912,15.059654,31.662622000000002,-0.28538,-3.092914484,-0.8880388782653661,0.3390816037590305,0.28538,-0.012038581609491228,-0.6897599175476571,0.9924873438581501
1723528258.1667848,44.6453058719635,1723528258.1255121,0.041272640228271484,13.881823508282151,32.04648018048544,0.0,-3.1056349161067747,14.768972,31.713553,-0.28486700000000004,-3.0942046050000003,-0.8871484917178485,0.3329271804854379,0.28486700000000004,-0.011430311106774393,-0.6549085849396816,0.989455487403166
1723528258.2667837,44.74530482292175,1723528258.3155515,-0.048767805099487305,13.606536819906585,32.09443101589645,0.0,-3.1076812959906612,14.194655,31.803677,-0.279366,-3.099081125,-0.5881181800934137,0.29075401589644656,0.279366,-0.008600170990661127,-0.49275350085572667,0.7130681969295083
1723528258.3667827,44.845303773880005,1723528258.3964553,-0.029672622680664062,13.315756243859651,32.1470056647885,0.0,-3.109366146969854,13.912777,31.853769,-0.284619,-3.1001192197000003,-0.5970207561403491,0.29323666478850186,0.284619,-0.009246927269853877,-0.529809906027056,0.7234842776451182
1723528258.4667819,44.945302963256836,1723528258.5028577,-0.03607583045959473,13.009324796713173,32.19388554489585,0.0,-3.111360643905273,13.626627,31.902393,-0.276249,-3.1021765471,-0.6173022032868261,0.2914925448958492,0.276249,-0.00918409680527299,-0.5262099855817249,0.7364396946890007
1723528258.5667813,45.045302391052246,1723528258.5028577,0.06392359733581543,12.717226598639659,32.25591783780594,0.0,-3.11360788383942,13.626627,31.902393,-0.276249,-3.1021765471,-0.9094004013603403,0.3535248378059386,0.276249,-0.011431336739419871,-0.6549673493615983,1.0140524695207163
1723528258.6667805,45.14530158042908,1723528258.6370919,0.029688596725463867,12.418967948408293,32.3093899345916,0.0,-3.116066750038596,13.340681,31.945902,-0.27398700000000004,-3.1037723022000003,-0.9217130515917074,0.3634879345915998,0.27398700000000004,-0.01229444783859579,-0.7044199725952759,1.0279821517113827
1723528258.766781,45.24530220031738,1723528258.720989,0.0457921028137207,12.121411852829292,32.378804025927955,0.0,-3.1175391788640994,13.049349,32.001349,-0.27204900000000004,-3.1053902262000004,-0.9279371471707076,0.3774550259279579,0.27204900000000004,-0.012148952664098989,-0.6960837131570897,1.038051204950212
1723528258.8667805,45.34530162811279,1723528258.8941393,-0.0273587703704834,11.824576684743572,32.43867313751597,0.0,-3.118790139894266,12.453915,32.117941,-0.270952,-3.1087096248000003,-0.6293383152564278,0.32073213751596796,0.270952,-0.010080515094265774,-0.57757097021935,0.7565387005232189
1723528258.9667797,45.445300817489624,1723528258.9751718,-0.008392095565795898,11.541960793424598,32.489490952308245,0.0,-3.1198491408898157,12.157024,32.173392,-0.27511100000000005,-3.1110669807,-0.6150632065754014,0.3160989523082449,0.27511100000000005,-0.008782160189815702,-0.5031807138842497,0.7442495267409882
1723528259.066779,45.545300006866455,1723528259.0963528,-0.029573917388916016,11.263418921763348,32.54267511592545,0.0,-3.1201462204341084,11.865273,32.225079,-0.265618,-3.1124323882000002,-0.6018540782366522,0.317596115925447,0.265618,-0.007713832234108153,-0.441970030886368,0.7305125230035555
1723528259.1667798,45.64530086517334,1723528259.197626,-0.030846357345581055,10.977043815130063,32.59474109484519,0.0,-3.119776199452755,11.571199,32.280262,-0.262872,-3.1141342971,-0.5941551848699369,0.3144790948451899,0.262872,-0.005641902352754968,-0.32325719323778906,0.721816578630942
1723528259.266779,45.74530005455017,1723528259.2831085,-0.016329526901245117,10.685196755036102,32.64062148438895,0.0,-3.1195000808662936,11.284818,32.338156,-0.270104,-3.115292929,-0.5996212449638971,0.3024654843889536,0.270104,-0.0042071518662933904,-0.2410520457091989,0.7238695859577872
1723528259.3667781,45.845299243927,1723528259.3857803,-0.019002199172973633,10.398808479800666,32.693653368444856,0.0,-3.1183602773443053,11.005447,32.385401,-0.26067700000000005,-3.1157281773000003,-0.6066385201993345,0.3082523684448546,0.26067700000000005,-0.00263210004430503,-0.1508082237948752,0.7286853334399567
1723528259.466777,45.945298194885254,1723528259.4678578,-0.0010807514190673828,10.110857160431074,32.740369506791254,0.0,-3.116885160662618,10.72775,32.43779,-0.259774,-3.1161453412,-0.6168928395689264,0.302579506791254,0.259774,-0.0007398194626175858,-0.04238853280962425,0.7345703945282928
1723528259.5667763,46.045297384262085,1723528259.555544,0.011232376098632812,9.821849569052972,32.792216462393064,0.0,-3.1150931690031647,10.437491999999999,32.490031,-0.26833900000000005,-3.1154473088000003,-0.6156424309470268,0.3021854623930622,0.26833900000000005,0.0003541397968356286,0.020290715716301942,0.7364356559707531
1723528259.6967754,46.17529654502869,1723528259.7475212,-0.05074572563171387,9.541847794979002,32.842431599693896,0.0,-3.1131655609959092,9.866567,32.589776,-0.25988500000000003,-3.1124005549000002,-0.3247192050209975,0.2526555996938953,0.25988500000000003,-0.0007650060959090155,-0.04383162059736686,0.48663911411964256
1723528259.766775,46.245296001434326,1723528259.7475212,0.01925373077392578,9.257475259159161,32.890274340170514,0.0,-3.111862233105795,9.866567,32.589776,-0.25988500000000003,-3.1124005549000002,-0.6090917408408387,0.30049834017051325,0.25988500000000003,0.0005383217942052099,0.030843566827868582,0.7272085082221996
1723528259.866774,46.34529519081116,1723528259.8561125,0.010661602020263672,8.974645208605912,32.94033769817556,0.0,-3.1102110956743547,9.571315,32.63623,-0.259523,-3.1111057912,-0.5966697913940884,0.3041076981755637,0.259523,0.0008946955256452505,0.05126227756871156,0.7182259530126329
1723528259.9667733,46.44529438018799,1723528259.9366536,0.030119657516479492,8.674019047430066,32.97749511424791,0.0,-3.1082976490524605,9.288636,32.694168,-0.26952200000000004,-3.1093457039000003,-0.6146169525699339,0.28332711424791057,0.26952200000000004,0.001048054847539781,0.060049119462256405,0.7284712489442537
1723528260.0967724,46.57529354095459,1723528260.0903382,0.006434202194213867,8.39196777146917,33.03243470356876,0.0,-3.107170477018571,8.716861999999999,32.791482,-0.26790400000000003,-3.1055939677000004,-0.3248942285308285,0.24095270356875886,0.26790400000000003,-0.0015765093185704513,-0.09032733031713223,0.4851670004294773
1723528260.1967716,46.67529273033142,1723528260.1923819,0.004389762878417969,8.106523656951191,33.07608654218298,0.0,-3.105918910241141,8.441324999999999,32.838451,-0.26804,-3.1039572960000004,-0.3348013430488077,0.23763554218297855,0.26804,-0.001961614241140719,-0.11239221705012092,0.49031421743192766
1723528260.296771,46.77529215812683,1723528260.3210423,-0.024271249771118164,7.834216127973879,33.11643384947582,0.0,-3.1021913966090353,8.155522999999999,32.896188,-0.254832,-3.1017035158,-0.3213068720261196,0.22024584947581616,0.254832,-0.0004878808090351683,-0.027953511263143223,0.46549510034643016
1723528260.3967702,46.87529134750366,1723528260.4323604,-0.035590171813964844,7.5496420393414265,33.165523857707456,0.0,-3.099080982668054,7.866546,32.936753,-0.251437,-3.1010964280000004,-0.31690396065857307,0.22877085770745254,0.251437,0.0020154453319465304,0.11547651135987942,0.46474163853295297
1723528260.4967694,46.97529053688049,1723528260.5173342,-0.020564794540405273,7.251688167649167,33.20547022014747,0.0,-3.096612143501329,7.5904869999999995,32.961904000000004,-0.262264,-3.0975931368,-0.3387988323508324,0.2435662201474642,0.262264,0.0009809932986710734,0.05620677574446914,0.4928402967445037
1723528260.5967703,47.07529139518738,1723528260.5778134,0.018956899642944336,6.966818834871998,33.251677391681845,0.0,-3.0940854990083264,7.30099,33.003441,-0.274391,-3.0934558112,-0.3341711651280015,0.24823639168184286,0.274391,-0.0006296878083262846,-0.036078453827938846,0.49858007846205343
1723528260.6967695,47.17529058456421,1723528260.697667,-0.0008974075317382812,6.667572973789884,33.29712455468038,0.0,-3.0920588008859493,7.011012,33.048548000000004,-0.275982,-3.0918186681,-0.3434390262101159,0.2485765546803762,0.275982,-0.0002401327859491431,-0.013758595157604296,0.5058722492733899
1723528260.7967687,47.27528977394104,1723528260.7844696,0.012299060821533203,6.394072569208788,33.328384960389435,0.0,-3.0887832262489003,6.731456,33.102277,-0.27346400000000004,-3.0886931453,-0.3373834307912116,0.22610796038943448,0.27346400000000004,-9.008094890017304e-05,-0.00516125818651355,0.4896273566906963
1723528260.8967676,47.37528872489929,1723528260.8999221,-0.0031545162200927734,6.116706717124398,33.377942032331866,0.0,-3.0851253617651024,6.435344,33.151372,-0.27631100000000003,-3.0862090425,-0.3186372828756019,0.226570032331864,0.27631100000000003,0.0010836807348977295,0.06209033244927533,0.4787603432931849
1723528260.9967668,47.47528791427612,1723528260.970934,0.0258328914642334,5.837033631904881,33.431692875513264,0.0,-3.0826057457791687,6.149017,33.196526,-0.27614700000000003,-3.0834959261000003,-0.3119833680951185,0.23516687551326498,0.27614700000000003,0.0008901803208316572,0.05100357538925551,0.47842893611867343
1723528261.096766,47.575287103652954,1723528261.05764,0.039125919342041016,5.555030712641145,33.471496330196324,0.0,-3.079681013998319,5.873908999999999,33.227703,-0.264386,-3.0794917225000003,-0.3188782873588547,0.24379333019632554,0.264386,-0.00018929149831858894,-0.010845603951362866,0.48064384630735774
1723528261.1967654,47.675286531448364,1723528261.2151835,-0.018418073654174805,5.285631896924077,33.51988044574026,0.0,-3.076907414598728,5.317221999999999,33.31082,-0.280859,-3.0747530124,-0.03159010307592247,0.2090604457402634,0.280859,-0.0021544021987280892,-0.12343815336082437,0.351547980319138
1723528261.2967646,47.775285720825195,1723528261.2772334,0.01953125,4.995817545655932,33.55962367329855,0.0,-3.074366788256769,5.042708999999999,33.349882,-0.28499,-3.0722141362000004,-0.04689145434406772,0.2097416732985522,0.28499,-0.0021526520567687335,-0.12333787761300452,0.3569449230743847
1723528261.396764,47.875285148620605,1723528261.3828952,0.01386880874633789,4.7052803128775995,33.59807920141406,0.0,-3.07095074128645,4.7452119999999995,33.404426,-0.28948500000000005,-3.0688262541,-0.03993168712240003,0.19365320141405817,0.28948500000000005,-0.0021244871864496417,-0.1217241494131873,0.3505676358127702
1723528261.4967632,47.97528433799744,1723528261.5076172,-0.010854005813598633,4.426338336133497,33.644882629029716,0.0,-3.0685405502756886,4.449879999999999,33.446799,-0.29174500000000003,-3.0660733069000004,-0.023541663866502027,0.19808362902971766,0.29174500000000003,-0.002467243375688266,-0.14136263245854783,0.3534211072533532
1723528261.5967624,48.07528352737427,1723528261.5823698,0.014392614364624023,4.120697202335774,33.688080724921704,0.0,-3.0661986749939603,4.176755,33.484829,-0.280241,-3.0636414690000002,-0.05605779766422625,0.2032517249217065,0.280241,-0.002557205993960032,-0.1465171107994665,0.3506975312767576
1723528261.6967618,48.17528295516968,1723528261.6904926,0.006269216537475586,3.8365486924646777,33.72791638170994,0.0,-3.0632576849668416,3.8958690000000002,33.530306,-0.27423800000000004,-3.0601655801,-0.05932030753532258,0.19761038170993572,0.27423800000000004,-0.0030921048668415274,-0.17716455868188094,0.34318397761205544
1723528261.7967613,48.27528238296509,1723528261.7668557,0.02990555763244629,3.5594116169360106,33.76478776045252,0.0,-3.059087723877349,3.606992,33.561061,-0.281608,-3.057844224,-0.04758038306398937,0.20372676045251836,0.281608,-0.0012434998773489527,-0.0712472947971305,0.3508155518801779
1723528261.8967605,48.37528157234192,1723528261.8513255,0.04543495178222656,3.2714587777529154,33.81097329113301,0.0,-3.058326377802842,3.333786,33.592329,-0.259178,-3.0538444772,-0.062327222247084535,0.21864429113301043,0.259178,-0.004481900602841815,-0.2567939887399754,0.3447654918377042
1723528261.9967597,48.47528076171875,1723528262.0447614,-0.048001766204833984,2.996194954379051,33.836888848692304,0.0,-3.056649614183222,2.759397,33.66577,-0.249332,-3.0517402202,0.23679795437905105,0.1711188486923021,0.249332,-0.004909393983221655,-0.2812875552055209,0.38408511790992644
1723528262.0967588,48.57527995109558,1723528262.1331859,-0.03642702102661133,2.7317949321818693,33.87529712352906,0.0,-3.0538940335887523,2.479072,33.702178,-0.260114,-3.0489118871,0.25272293218186936,0.17311912352905523,0.260114,-0.0049821464887522815,-0.285455966721428,0.4018686407000054
1723528262.196758,48.67527914047241,1723528262.2156448,-0.018886804580688477,2.4613662264916165,33.909362448057365,0.0,-3.053545494315224,2.195885,33.744785,-0.257668,-3.0487070529,0.26548122649161643,0.16457744805736496,0.257668,-0.004838441415223826,-0.27722227251363035,0.40491828342588776
1723528262.2967575,48.77527856826782,1723528262.3318014,-0.035043954849243164,2.1937469513137926,33.955210750279555,0.0,-3.0526432664301373,1.925076,33.775245,-0.254819,-3.0471762712,0.2686709513137926,0.17996575027955686,0.254819,-0.005466995230137162,-0.3132357533050116,0.41170921062631344
1723528262.396758,48.87527918815613,1723528262.4186392,-0.021881103515625,1.9063283205070152,34.00798924832999,0.0,-3.0515882102759897,1.647014,33.810487,-0.25827700000000003,-3.0460717637,0.2593143205070152,0.19750224832998953,0.25827700000000003,-0.0055164465759895975,-0.3160691067135979,0.4158822713754649
1723528262.496757,48.97527813911438,1723528262.5444217,-0.047664642333984375,1.6189194602979269,34.02731582962395,0.0,-3.0503273985434296,1.3673330000000001,33.839275,-0.295374,-3.0463336673000003,0.25158646029792675,0.18804082962395086,0.295374,-0.003993731243429277,-0.22882394475803197,0.4311622670026959
1723528262.5967565,49.07527756690979,1723528262.5444217,0.05233478546142578,1.323961649404223,34.06971040787864,0.0,-3.0505742829105778,1.3673330000000001,33.839275,-0.295374,-3.0463336673000003,-0.043371350595777125,0.23043540787863748,0.295374,-0.004240615610577425,-0.24296937702337912,0.37713041661034963
1723528262.6967556,49.17527675628662,1723528262.65825,0.03850555419921875,1.03630195552789,34.11137487981651,0.0,-3.0503785036777558,1.098104,33.875731,-0.2188,-3.0451019236000003,-0.06180204447210991,0.23564387981650725,0.2188,-0.005276580077755444,-0.3023257687181987,0.32744613418989876
1723528262.7967548,49.27527594566345,1723528262.8457954,-0.04904055595397949,0.7603138373067276,34.141187232185246,0.0,-3.051619109960418,0.548738,33.929857,-0.250583,-3.0474352191,0.2115758373067277,0.21133023218524727,0.250583,-0.004183890860418149,-0.23971928824531855,0.39014951218284694
1723528262.896754,49.37527513504028,1723528262.9061522,-0.009398221969604492,0.4919733273159824,34.173327583256665,0.0,-3.052874159093837,0.276523,33.97123,-0.247341,-3.0471580278,0.2154503273159824,0.20209758325666627,0.247341,-0.005716131293836746,-0.3275101982795002,0.3852789210166436
1723528262.9967532,49.475274324417114,1723528263.0497458,-0.05299258232116699,0.20958480893458087,34.21491414324692,0.0,-3.055025414243081,0.004387,34.009725,-0.236564,-3.0493864754000004,0.20519780893458087,0.20518914324691906,0.236564,-0.00563893884308042,-0.32308739664089126,0.3743945130393305
1723528263.0967522,49.575273275375366,1723528263.0497458,0.04700636863708496,-0.0689657670784987,34.25458253659658,0.0,-3.056174693029236,0.004387,34.009725,-0.236564,-3.0493864754000004,-0.0733527670784987,0.2448575365965766,0.236564,-0.00678821762923576,-0.3889362205715105,0.3482791520637093
1723528263.196751,49.67527222633362,1723528263.161764,0.03498721122741699,-0.35407399096336134,34.29908131223318,0.0,-3.0573119611590607,-0.284467,34.050702,-0.239928,-3.0502652666000003,-0.06960699096336131,0.2483793122331761,0.239928,-0.007046694559060373,-0.40374585775196,0.3522823599336178
1723528263.2967505,49.77527165412903,1723528263.2368226,0.059927940368652344,-0.631263314710406,34.353812741698185,0.0,-3.059231309428637,-0.5628150000000001,34.089363,-0.23711,-3.0516402951000003,-0.06844831471040591,0.26444974169818636,0.23711,-0.007591014328636626,-0.43493308325421276,0.36171810816011446
1723528263.3967497,49.87527084350586,1723528263.420546,-0.02379631996154785,-0.9108789205529119,34.395565761921475,0.0,-3.059755556558364,-1.133011,34.157245,-0.228123,-3.0546121972,0.22213207944708813,0.23832076192147156,0.228123,-0.005143359358363853,-0.2946927837533639,0.39771792694234714
1723528263.496749,49.97527003288269,1723528263.5258272,-0.029078245162963867,-1.1834543794586332,34.42640853684276,0.0,-3.0614042345505568,-1.407554,34.192005,-0.239447,-3.0555517742,0.22409962054136678,0.2344035368427555,0.239447,-0.005852460350556754,-0.33532127785455623,0.4031135371333709
1723528263.5967479,50.07526898384094,1723528263.6516957,-0.054947853088378906,-1.4687139999488903,34.46742145002777,0.0,-3.062743403390049,-1.679492,34.230677,-0.23804,-3.0575718186,0.2107780000511097,0.23674445002777134,0.23804,-0.0051715847900490886,-0.2963099818638627,0.3964067879394821
1723528263.696747,50.17526817321777,1723528263.6516957,0.04505133628845215,-1.7371272778818636,34.500476146318,0.0,-3.064156249370284,-1.679492,34.230677,-0.23804,-3.0575718186,-0.05763527788186362,0.2697991463180003,0.23804,-0.006584430770284033,-0.3772600936333488,0.3643850246791728
1723528263.7967463,50.275267362594604,1723528263.7525105,0.0442357063293457,-2.014375325137638,34.54386326327634,0.0,-3.06507093538817,-1.9571079999999998,34.270399,-0.239986,-3.0587313502,-0.0572673251376381,0.2734642632763453,0.239986,-0.006339585188170016,-0.36323147514579174,0.36831444448147055
1723528263.936745,50.415266036987305,1723528263.9216247,0.015120267868041992,-2.2863162571359936,34.58992378085561,0.0,-3.0670172132514755,-2.517311,34.339063,-0.22794499999999998,-3.0618697067,0.23099474286400623,0.2508607808556036,0.22794499999999998,-0.005147506551475444,-0.2949304004154838,0.41018121071947156
1723528264.0267441,50.50526523590088,1723528264.0496585,-0.022914409637451172,-2.567759317830203,34.62369448195858,0.0,-3.0675180858177624,-2.792255,34.377973000000004,-0.237806,-3.0615515582,0.22449568216979676,0.2457214819585758,0.237806,-0.005966527617762285,-0.3418568508460242,0.40905873862417497
1723528264.1367433,50.61526441574097,1723528264.126687,0.010056257247924805,-2.8557289142669697,34.65474370601427,0.0,-3.068522638578898,-3.078089,34.413397,-0.24335099999999998,-3.0627246191000004,0.22236008573303012,0.24134670601426933,0.24335099999999998,-0.005798019478897577,-0.332202045675472,0.40854858882651723
1723528264.2367425,50.7152636051178,1723528264.2676246,-0.03088212013244629,-3.1427340510156516,34.69713321491493,0.0,-3.0703856215755536,-3.351862,34.457653,-0.24329699999999999,-3.0650507143000003,0.2091279489843485,0.2394802149149271,0.24329699999999999,-0.005334907275553302,-0.3056676709828407,0.4003482266616151
1723528264.3367417,50.81526279449463,1723528264.3773558,-0.04061412811279297,-3.4223311169679986,34.73360120971902,0.0,-3.0719060423973734,-3.6258559999999997,34.494112,-0.23529999999999998,-3.0670349626,0.2035248830320011,0.239489209719018,0.23529999999999998,-0.004871079797373223,-0.27909231406092594,0.39261119391202987
1723528264.4367409,50.91526198387146,1723528264.4651334,-0.028392553329467773,-3.6824475109991917,34.798793311028916,0.0,-3.0746627228392502,-3.912584,34.543645,-0.227897,-3.0691358863000002,0.2301364890008082,0.25514831102891833,0.227897,-0.005526836539250013,-0.3166644077577157,0.41231117714601034
1723528264.5367403,51.01526141166687,1723528264.5454938,-0.008753538131713867,-3.9568962469463522,34.86505703212287,0.0,-3.0769945387555193,-4.183872,34.594544,-0.205332,-3.0718994202000003,0.2269757530536478,0.2705130321228708,0.205332,-0.005095118555519029,-0.2919287893500328,0.4084807501542513
1723528264.636739,51.11526012420654,1723528264.653914,-0.017174959182739258,-4.220378901569004,34.90993365640635,0.0,-3.075909173309513,-4.455496,34.630655000000004,-0.185136,-3.0714229954000003,0.23511709843099649,0.27927865640634764,0.185136,-0.0044861779095128895,-0.2570390603599111,0.40933110851087984
1723528264.7367382,51.215259313583374,1723528264.7750716,-0.03833341598510742,-4.469321493914984,34.938223522478964,0.0,-3.0783946842521424,-4.7142360000000005,34.667703,-0.202072,-3.0733788718,0.2449145060850162,0.27052052247896086,0.202072,-0.005015812452142221,-0.28738488433691345,0.4171301494224044
1723528264.8367374,51.315258502960205,1723528264.885999,-0.04926156997680664,-4.744804717918181,34.96323013198556,0.0,-3.081001987053136,-4.988934,34.693804,-0.20532799999999998,-3.0763399399,0.24412928208181928,0.2694261319855613,0.20532799999999998,-0.004662047153136228,-0.2671156257656865,0.4175513555845384
1723528264.9267366,51.40525770187378,1723528264.885999,0.04073762893676758,-5.00271019467807,34.983414424153814,0.0,-3.083401438054959,-4.988934,34.693804,-0.20532799999999998,-3.0763399399,-0.013776194678069231,0.289610424153814,0.20532799999999998,-0.007061498154958823,-0.40459404131855836,0.35527956443111125
1723528265.0267358,51.50525689125061,1723528264.9783225,0.04841327667236328,-5.274612325959581,35.0289963415883,0.0,-3.083583922463242,-5.261413,34.730926000000004,-0.20757699999999998,-3.077828713,-0.013199325959581287,0.2980703415882928,0.20757699999999998,-0.00575520946324204,-0.3297492124575208,0.3634671397380358
1723528265.1367352,51.61525630950928,1723528265.166264,-0.02952885627746582,-5.542984659043485,35.08382923960295,0.0,-3.0831893519567046,-5.812934,34.838649000000004,-0.206588,-3.0781786476,0.269949340956515,0.245180239602945,0.206588,-0.005010704356704477,-0.2870922120269807,0.41912360744607824
1723528265.2367344,51.71525549888611,1723528265.2472188,-0.010484457015991211,-5.819329827411494,35.156862434017896,0.0,-3.085284131645855,-6.07687,34.899232,-0.201784,-3.0802955846,0.2575401725885067,0.25763043401789787,0.201784,-0.00498854704585483,-0.2858226916299365,0.4164338647194393
1723528265.3367336,51.81525468826294,1723528265.3608088,-0.02407526969909668,-6.0915288094055855,35.207032813929715,0.0,-3.08816615563216,-6.347580000000001,34.933036,-0.165189,-3.0833158816000004,0.25605119059441517,0.2739968139297133,0.165189,-0.0048502740321594295,-0.27790023152463544,0.4097851534273191
1723528265.4367328,51.91525387763977,1723528265.4545557,-0.017822980880737305,-6.353609928925871,35.244726441618425,0.0,-3.0894820316278477,-6.619007000000001,34.967671,-0.148222,-3.0843995285,0.2653970710741298,0.27705544161842255,0.148222,-0.005082503127847637,-0.29120597858770947,0.4112968324083056
1723528265.526732,52.005253076553345,1723528265.5872984,-0.06056642532348633,-6.627091039195682,35.266244379471296,0.0,-3.0900652536243562,-6.876934,35.002137,-0.106246,-3.0852225622000002,0.249842960804318,0.26410737947129803,0.106246,-0.004842691424356005,-0.2774657800997962,0.37876434028385536
1723528265.6367311,52.11525225639343,1723528265.655974,-0.01924276351928711,-6.889910693305841,35.294698507667455,0.0,-3.092827871439441,-7.147242,35.036033,-0.12081199999999999,-3.0873581888,0.2573313066941596,0.2586655076674518,0.12081199999999999,-0.005469682639440698,-0.3133897305159284,0.38434722010934874
1723528265.7367306,52.21525168418884,1723528265.7370472,-0.000316619873046875,-7.164420257751394,35.32823346147502,0.0,-3.0937555518124378,-7.425608,35.08896,-0.113147,-3.0879793638,0.2611877422486062,0.2392734614750225,0.113147,-0.005776188012437622,-0.3309511947867352,0.37185087021030816
1723528265.8267298,52.30525088310242,1723528265.8423152,-0.01558542251586914,-7.428912066071192,35.37635877802261,0.0,-3.0958048833769753,-7.692150000000001,35.130537000000004,-0.124647,-3.0905132235000004,0.2632379339288091,0.2458217780226093,0.124647,-0.005291659876974997,-0.30318977756938376,0.3811291526743987
1723528265.926729,52.40525007247925,1723528265.9988177,-0.07208871841430664,-7.695962540666244,35.4278663414871,0.0,-3.0982515902855874,-7.943903000000001,35.168314,-0.11757,-3.0933566536000003,0.24794045933375664,0.25955234148710105,0.11757,-0.004894936685587048,-0.28045921306789345,0.3777096692514913
1723528266.0367281,52.515249252319336,1723528265.9988177,0.03791046142578125,-7.9567256996426,35.479288265096905,0.0,-3.1005112303391766,-7.943903000000001,35.168314,-0.11757,-3.0933566536000003,-0.012822699642599744,0.3109742650969025,0.11757,-0.007154576739176299,-0.40992705135727275,0.3327042531719168
1723528266.136727,52.61524820327759,1723528266.1759927,-0.03926563262939453,-8.216576609198318,35.53566342461718,0.0,-3.1014361123096537,-8.457612000000001,35.271302,-0.089405,-3.0958772738,0.24103539080168268,0.26436142461717793,0.089405,-0.005558838509653441,-0.3184979855979347,0.3687523240191765
1723528266.236726,52.71524715423584,1723528266.2575324,-0.020806312561035156,-8.475570318852238,35.589762996360925,0.0,-3.10273602026815,-8.720338,35.319263,-0.08183499999999999,-3.0969528136,0.2447676811477617,0.27049999636092537,0.08183499999999999,-0.0057832066681497984,-0.3313533341368983,0.3738695400680737
1723528266.3367255,52.81524658203125,1723528266.3819778,-0.045252323150634766,-8.741080063151562,35.63938917563188,0.0,-3.105542976773771,-8.994087,35.362801000000005,-0.06256199999999999,-3.1000240168000004,0.253006936848438,0.276588175631872,0.06256199999999999,-0.00551895997377061,-0.31621311379868744,0.3800362256901265
1723528266.436725,52.91524600982666,1723528266.4424107,-0.0056858062744140625,-8.999628058630377,35.67667887056373,0.0,-3.1068507178631424,-9.247445,35.403169,-0.040811,-3.1011282608000004,0.2478169413696243,0.27350987056372844,0.040811,-0.005722457063142006,-0.327872638162865,0.3713306120515561
1723528266.526724,53.005245208740234,1723528266.587714,-0.0609898567199707,-9.252227723946547,35.71575351773536,0.0,-3.1101571216958885,-9.495084,35.450336,-0.057067,-3.1041683742000004,0.2428562760534536,0.26541751773535793,0.057067,-0.00598874749588818,-0.34312995608393304,0.364255778304683
1723528266.6367233,53.11524438858032,1723528266.6708772,-0.03415393829345703,-9.509866899595107,35.760429809273944,0.0,-3.111556808872972,-9.760661,35.503556,-0.033654,-3.1047939496000003,0.25079410040489414,0.2568738092739409,0.033654,-0.0067628592729716,-0.387483293782185,0.3605751328153469
1723528266.7367225,53.21524357795715,1723528266.801504,-0.06478142738342285,-9.77083811349866,35.80557838588518,0.0,-3.1128372571169054,-10.009469000000001,35.558349,-0.032935,-3.1055666029,0.23863088650134046,0.24722938588517707,0.032935,-0.0072706542169052035,-0.4165778009276628,0.345183695244398
1723528266.836722,53.31524300575256,1723528266.801504,0.035218000411987305,-10.039146836740766,35.86447109628457,0.0,-3.1153728469332047,-10.009469000000001,35.558349,-0.032935,-3.1055666029,-0.029677836740765073,0.3061220962845681,0.032935,-0.009806244033204514,-0.561856395977965,0.3093157384490319
1723528266.926721,53.40524220466614,1723528266.952553,-0.025831937789916992,-10.286530507498297,35.92804914942009,0.0,-3.1174524180056125,-10.533714,35.665008,-0.044908000000000003,-3.1125370887000003,0.24718349250170313,0.26304114942008994,0.044908000000000003,-0.004915329305612115,-0.28162762412854375,0.3637403658072357
1723528267.0367203,53.515241384506226,1723528267.0923495,-0.05562925338745117,-10.549628547057882,35.99070221691577,0.0,-3.1200130113868467,-10.794967,35.710866,-0.027460000000000002,-3.1124801291,0.24533845294211787,0.27983621691576843,0.027460000000000002,-0.007532882286846565,-0.43160236260516416,0.3731666067452456
1723528267.1667194,53.64524054527283,1723528267.1731706,-0.006451129913330078,-10.801426170411979,36.029946255583184,0.0,-3.1217229283671153,-11.036801,35.753505000000004,0.015809999999999998,-3.1160483473,0.23537482958802158,0.27644125558317967,-0.015809999999999998,-0.00567458106711527,-0.3251295456505479,0.36341578707039557
1723528267.2367187,53.71523976325989,1723528267.297759,-0.061040401458740234,-11.044435368078664,36.070168429940026,0.0,-3.122662972781812,-11.284661,35.792858,-0.00367,-3.1172465711000004,0.2402256319213354,0.2773104299400231,0.00367,-0.005416401681811678,-0.3103369565153702,0.36690993129857546
1723528267.3367178,53.81523895263672,1723528267.297759,0.03895878791809082,-11.28008092993909,36.12421998690498,0.0,-3.1266741858621065,-11.284661,35.792858,-0.00367,-3.1172465711000004,0.004580070060910657,0.3313619869049802,0.00367,-0.009427614762106185,-0.540162536743916,0.33141395913174676
1723528267.4667172,53.9452383518219,1723528267.4472785,0.019438743591308594,-11.536716094125495,36.182238692809165,0.0,-3.127389380498613,-11.788164,35.90789,-0.021595000000000003,-3.1216522309,0.25144790587450494,0.27434869280916274,0.021595000000000003,-0.005737149598612934,-0.3287144584356954,0.3727728512643729
1723528267.5367165,54.01523756980896,1723528267.56755,-0.03083348274230957,-11.793504776707108,36.24270051131332,0.0,-3.1293184477354377,-12.045123,35.96494,0.006139,-3.1226755895,0.2516182232928923,0.2777605113133248,-0.006139,-0.006642858235437642,-0.38060774079429827,0.3748337221477164
1723528267.6667154,54.14523649215698,1723528267.6963255,-0.029610157012939453,-12.0431316198761,36.30957714388832,0.0,-3.132261641415458,-12.295835,36.017353,0.00859,-3.1246747142,0.2527033801239007,0.2922241438883191,-0.00859,-0.007586927215457617,-0.43469890891866325,0.38642947182805
1723528267.7667146,54.24523568153381,1723528267.7978945,-0.03117990493774414,-12.296508983121653,36.37395350915929,0.0,-3.132785177207717,-12.552229,36.071359,0.023122999999999998,-3.1260730015,0.2557200168783478,0.30259450915929165,-0.023122999999999998,-0.006712175707717094,-0.38457933940242595,0.3968511523664951
1723528267.8367138,54.315234899520874,1723528267.7978945,0.038819313049316406,-12.548983474606764,36.42809434065892,0.0,-3.1359226626898966,-12.552229,36.071359,0.023122999999999998,-3.1260730015,0.0032455253932361927,0.356735340658922,-0.023122999999999998,-0.009849661189896608,-0.5643440158148801,0.3574986850872535
1723528267.9667132,54.445234298706055,1723528267.982761,-0.01604771614074707,-12.801328512272363,36.47057877002802,0.0,-3.13719609033652,-13.054237,36.162604,0.049427,-3.1294891536000002,0.2529084877276375,0.307974770028018,-0.049427,-0.007706936736519676,-0.4415749479769056,0.4015646778135387
1723528268.0367124,54.515233516693115,1723528268.0667348,-0.030022382736206055,-13.038992480867584,36.52607439691472,0.0,-3.1385811113034006,-13.301535000000001,36.22404,0.040691,-3.1314291987000002,0.2625425191324169,0.30203439691472056,-0.040691,-0.007151912603400312,-0.4097744076212589,0.40225502949377084
1723528268.1367118,54.615232944488525,1723528268.179401,-0.04268908500671387,-13.296305000477771,36.57520534368269,0.0,-3.1404959359553635,-13.542029000000001,36.273973,0.04205,-3.132768757,0.24572399952223023,0.3012323436826918,-0.04205,-0.007727178955363456,-0.4427347416846344,0.39101075601800056
1723528268.236711,54.715232133865356,1723528268.2868898,-0.05017876625061035,-13.54046844380522,36.62726322591026,0.0,3.1403410234569797,-13.791043,36.324258,0.048625,-3.1357320616,0.2505745561947794,0.3030052259102618,-0.048625,-0.007112222122606117,-0.40750031058490643,0.3961870338188006
1723528268.3667104,54.84523153305054,1723528268.3878436,-0.0211331844329834,-13.782126049401537,36.677838961467955,0.0,3.138942216754854,-14.036873,36.378845,0.055193,-3.1373772629000003,0.254746950598463,0.2989939614679571,-0.055193,-0.006865827524731994,-0.39338294003189606,0.3966606422151282
1723528268.46671,54.945231199264526,1723528268.4722717,-0.0055615901947021484,-14.015141845592716,36.72548853845566,0.0,3.138201676927755,-14.28353,36.428385,0.055776,-3.1391421889,0.26838815440728503,0.2971035384556586,-0.055776,-0.0058414413518310905,-0.33468993573311573,0.4042445746884201
1723528268.5667095,55.04523062705994,1723528268.5739615,-0.0072519779205322266,-14.246580424604735,36.77191860174054,0.0,3.135954118679053,-14.520853,36.474697,0.047557999999999996,-3.1413492176,0.2742725753952655,0.2972216017405387,-0.047557999999999996,-0.005881970900533129,-0.33701210781931246,0.40721970669303686
1723528268.666709,55.14523005485535,1723528268.6769042,-0.010195255279541016,-14.477335682718502,36.818514741667656,0.0,3.13351203221708,-14.747250000000001,36.524385,0.044572,3.1401139904999997,0.26991431728149884,0.2941297416676534,-0.044572,-0.00660195828291954,-0.3782643461327255,0.4016873246581452
1723528268.7667081,55.24522924423218,1723528268.7982655,-0.031557321548461914,-14.7193583571006,36.868433768305756,0.0,3.131648524399143,-14.994773,36.590401,0.062679,3.1359121220999997,0.2754146428994009,0.2780327683057564,-0.062679,-0.004263597700856714,-0.244286153800771,0.3963383690940948
1723528268.8667078,55.34522891044617,1723528268.9207876,-0.05407977104187012,-14.969622923063746,36.92914668781602,0.0,3.1295403280746212,-15.24611,36.661019,0.076255,3.1337785814999997,0.2764870769362542,0.26812768781601903,-0.076255,-0.004238253425378424,-0.2428340337810481,0.3926224467746574
1723528268.9667072,55.44522833824158,1723528268.9931715,-0.026464223861694336,-15.206401155289905,36.991032177064184,0.0,3.1277236843316567,-15.472276,36.710136,0.086953,3.1324510514,0.2658748447100958,0.2808961770641858,-0.086953,-0.004727367068343202,-0.2708581812251985,0.39642517521960186
1723528269.0667067,55.54522776603699,1723528269.0755317,-0.008825063705444336,-15.445441649528805,37.059655357743345,0.0,3.125037617318748,-15.712138000000001,36.760688,0.08972400000000001,3.1302711418999998,0.26669635047119655,0.2989673577433436,-0.08972400000000001,-0.005233524581251814,-0.2998588704837004,0.41055915594064113
1723528269.166706,55.6452271938324,1723528269.1824687,-0.0157625675201416,-15.666149036255238,37.124388011414666,0.0,3.1230952824421934,-15.938424000000001,36.810883000000004,0.10339100000000001,3.1285191823,0.27227496374476345,0.31350501141466225,-0.10339100000000001,-0.005423899857806447,-0.31076657035391675,0.42791207852235225
1723528269.2667058,55.74522686004639,1723528269.2637677,0.0029380321502685547,-15.904202615407433,37.16599127315003,0.0,3.120861882257957,-16.177122999999998,36.86171,0.098579,3.1262215993,0.27292038459256496,0.30428127315002484,-0.098579,-0.005359717042042966,-0.30708916589340357,0.42046456302161017
1723528269.3667052,55.8452262878418,1723528269.3684316,-0.001726388931274414,-16.1411921144287,37.20842592280516,0.0,3.1189669251971317,-16.408894,36.906884,0.11071800000000001,3.1235484245999996,0.2677018855712987,0.3015419228051641,-0.11071800000000001,-0.004581499402867894,-0.2625005796260372,0.41815105676234304
1723528269.4667046,55.94522571563721,1723528269.487237,-0.02053236961364746,-16.378165768333528,37.256104670220736,0.0,3.1160363979428016,-16.640285,36.950553,0.11085600000000001,3.1212502761999996,0.2621192316664711,0.30555167022073704,-0.11085600000000001,-0.00521387825719799,-0.29873321903246997,0.41756121409932606
1723528269.566704,56.04522514343262,1723528269.604117,-0.03741288185119629,-16.613192350377393,37.307882666334905,0.0,3.115321712730645,-16.867158,37.00235,0.09657500000000001,3.1208252753999997,0.25396564962260726,0.30553266633490495,-0.09657500000000001,-0.005503562669354699,-0.31533091323977763,0.40887099678376465
1723528269.6667037,56.145224809646606,1723528269.664679,0.0020246505737304688,-16.83949990834058,37.36364478632915,0.0,3.113685020945683,-17.090442,37.062957000000004,0.110407,3.1194478355,0.25094209165941805,0.30068778632914217,-0.110407,-0.005762814554317153,-0.33018495207893733,0.40690881516984073
1723528269.7667031,56.24522423744202,1723528269.7669935,-0.0002903938293457031,-17.07488950239829,37.42865871098214,0.0,3.1115267766569055,-17.320268,37.126803,0.12965400000000002,3.1173887156999998,0.2453784976017097,0.3018557109821387,-0.12965400000000002,-0.005861939043094289,-0.33586436693225913,0.4100458962772396
1723528269.8667026,56.34522366523743,1723528269.893565,-0.026862382888793945,-17.302627501714063,37.49488864066416,0.0,3.108558709695811,-17.559912999999998,37.189083000000004,0.13081900000000002,3.1161975110999998,0.2572854982859347,0.30580564066415405,-0.13081900000000002,-0.007638801404188822,-0.4376710809986264,0.4205074651552044
1723528269.966702,56.44522309303284,1723528270.0165126,-0.04981064796447754,-17.52399717353407,37.55727149675734,0.0,3.1065441514031953,-17.782425999999997,37.248042,0.123948,3.1128694970999997,0.25842882646592713,0.30922949675733946,-0.123948,-0.00632534569680443,-0.3624156123881307,0.4216295135748371
1723528270.0667017,56.545222759246826,1723528270.101328,-0.03462624549865723,-17.744602929047094,37.61516198740172,0.0,3.102745924430028,-17.997604,37.30046,0.11265800000000001,3.1100278544999997,0.25300107095290514,0.31470198740171895,-0.11265800000000001,-0.007281930069971576,-0.41722385971877557,0.4192120081079604
1723528270.166701,56.645222187042236,1723528270.166473,0.0002281665802001953,-17.96495251292932,37.662138485359726,0.0,3.1004515132622874,-18.23296,37.347944,0.10803,3.1076552386999996,0.2680074870706797,0.31419448535972805,-0.10803,-0.007203725437712194,-0.4127430643519403,0.4268684442031349
1723528270.2667005,56.74522161483765,1723528270.2877586,-0.021058082580566406,-18.197873773759035,37.71226066646344,0.0,3.098925467978315,-18.462985,37.398798,0.109209,3.1068185483999997,0.2651112262409647,0.3134626664634439,-0.109209,-0.007893080421684573,-0.45224019551986616,0.424816914948499
1723528270.3667002,56.845221281051636,1723528270.3944278,-0.027727603912353516,-18.432555147968547,37.76808953094698,0.0,3.0979866875341653,-18.693507,37.457876,0.114429,3.1045384280999997,0.26095185203145377,0.31021353094698156,-0.114429,-0.0065517405658344074,-0.37538708288696543,0.4212152655142494
1723528270.4666998,56.945220947265625,1723528270.5016787,-0.03497886657714844,-18.66759739177998,37.83019417574787,0.0,3.0944248776086853,-18.908109,37.530268,0.128407,3.1007214076999996,0.24051160822001805,0.2999261757478706,-0.128407,-0.006296530091314256,-0.3607645998094297,0.4053269078612004
1723528270.5666993,57.045220375061035,1723528270.6018996,-0.03520035743713379,-18.883507441172075,37.90361365384028,0.0,3.0927024082343646,-19.142314,37.587891,0.118651,3.0992585896,0.25880655882792425,0.3157226538402824,-0.118651,-0.006556181365635183,-0.37564152197321243,0.42513490663706105
1723528270.6666987,57.145219802856445,1723528270.6725209,-0.005822181701660156,-19.10551552587918,37.975463988231255,0.0,3.090766374075394,-19.374813999999997,37.646627,0.110224,3.0967030586999997,0.2692984741208164,0.3288369882312523,-0.110224,-0.005936684624605615,-0.34014697329010923,0.4390953918783489
1723528270.7666986,57.245219707489014,1723528270.7975426,-0.03084397315979004,-19.326980143668003,38.0386119022938,0.0,3.088548008527079,-19.578501,37.704786,0.101109,3.0959550604999997,0.2515208563319966,0.33382590229380327,-0.101109,-0.007407051972920797,-0.4243928166824114,0.4300296548998136
1723528270.8666978,57.345218896865845,1723528270.8828213,-0.016123533248901367,-19.55921547286008,38.09724123670154,0.0,3.087068610303744,-19.808740999999998,37.757302,0.090433,3.0941826108,0.24952552713991594,0.33993923670153947,-0.090433,-0.007114000496255991,-0.40760220388944146,0.43127694215281
1723528270.9666967,57.4452178478241,1723528270.9852934,-0.018596649169921875,-19.789703835573448,38.160855912607396,0.0,3.0856933272166085,-20.025461999999997,37.81888,0.082136,3.0935309201999996,0.2357581644265494,0.34197591260739557,-0.082136,-0.007837592983391149,-0.44906099948966033,0.42340968268739076
1723528271.0966961,57.57521724700928,1723528271.1030889,-0.006392717361450195,-20.015683348969418,38.22178965344765,0.0,3.0822459214700615,-20.249371999999997,37.883946,0.08136900000000001,3.0907735916999997,0.23368865103057956,0.3378436534476492,-0.08136900000000001,-0.008527670229938167,-0.48859951325481327,0.41877157730240877
1723528271.1666956,57.64521670341492,1723528271.2070074,-0.04031181335449219,-20.255780727929714,38.277716080516235,0.0,3.076327851742933,-20.470005999999998,37.951039,0.08118500000000001,3.0879263176,0.21422527207028352,0.3266770805162338,-0.08118500000000001,-0.01159846585706692,-0.6645431424365196,0.39900048415158207
1723528271.2666953,57.745216369628906,1723528271.28758,-0.02088475227355957,-20.47604408517654,38.33944717346525,0.0,3.0763962782318295,-20.709521,38.016437,0.08587700000000001,3.0873478936999996,0.23347691482345923,0.3230101734652493,-0.08587700000000001,-0.01095161546817014,-0.6274813451763381,0.40770320215388456
1723528271.366695,57.845216035842896,1723528271.3933947,-0.02669978141784668,-20.708214663609358,38.414337129007336,0.0,3.076186267106916,-20.941354999999998,38.084491,0.08639200000000001,3.0856032869999996,0.23314033639064036,0.32984612900733623,-0.08639200000000001,-0.009417019893083632,-0.5395554954644298,0.4130574571866064
1723528271.466694,57.94521522521973,1723528271.4883478,-0.02165365219116211,-20.936461363490057,38.488096459572574,0.0,3.073483739545157,-21.170115,38.148358,0.08128200000000001,3.0845175696,0.23365363650994198,0.33973845957257254,-0.08128200000000001,-0.01103383005484293,-0.6321918940071015,0.4202653998261867
1723528271.5666935,58.04521465301514,1723528271.5909836,-0.024290084838867188,-21.166763921188565,38.54993361624095,0.0,3.0701484392408123,-21.403599999999997,38.213806,0.06707500000000001,3.0799461064,0.23683607881143232,0.336127616240951,-0.06707500000000001,-0.009797667159187728,-0.5613649772953877,0.4166199206130199
1723528271.6666932,58.145214319229126,1723528271.6955266,-0.028833389282226562,-21.392383350723744,38.60753532296776,0.0,3.069366987284356,-21.626333,38.269087,0.060060999999999996,3.0787548981999997,0.23394964927625495,0.33844832296776417,-0.060060999999999996,-0.009387910915643616,-0.5378876739111754,0.4157968607832131
1723528271.7666926,58.245213747024536,1723528271.8278615,-0.06116890907287598,-21.63165429536932,38.677881875803976,0.0,3.067896231788408,-21.860785,38.339361000000004,0.055819,3.0772470663,0.22913070463068053,0.3385208758039724,-0.055819,-0.009350834511591799,-0.5357633524394846,0.4125688111341436
1723528271.866692,58.345213174819946,1723528271.8884146,-0.02172255516052246,-21.866316730262092,38.75895067053715,0.0,3.065792454892546,-22.087777,38.411421000000004,0.056227,3.0757746544,0.2214602697379071,0.3475296705371491,-0.056227,-0.009982199507454048,-0.5719379020346861,0.41591224856337905
1723528271.9666915,58.445212602615356,1723528271.9946945,-0.02800297737121582,-22.104734846688498,38.83925037162762,0.0,3.0616225165154862,-22.321441,38.487696,0.055501,3.0738491593,0.21670615331150245,0.35155437162762126,-0.055501,-0.012226642784513686,-0.7005350291667151,0.41669220546412916
1723528272.0966911,58.575212240219116,1723528272.0980127,-0.001321554183959961,-22.32724316778796,38.91087600902235,0.0,3.0601296836794276,-22.570718999999997,38.559863,0.051863,3.0706785448,0.24347583221203806,0.35101300902235266,-0.051863,-0.010548861120572184,-0.6044052208784304,0.43032590456916575
1723528272.1966903,58.67521142959595,1723528272.1893957,0.007294654846191406,-22.580033738866145,38.97784090438963,0.0,3.0568774557805822,-22.807328,38.619821,0.033426,3.0699589073999998,0.22729426113385287,0.3580199043896286,-0.033426,-0.013081451619417539,-0.749511967697201,0.4253918553046625
1723528272.2966897,58.77521085739136,1723528272.316528,-0.019838333129882812,-22.821800700304493,39.048921588594226,0.0,3.0562552042089735,-23.061066,38.694618,0.035317999999999995,3.068234447,0.23926529969550714,0.3543035885942274,-0.035317999999999995,-0.01197924279102658,-0.6863600536883399,0.428982840744392
1723528272.3966892,58.87521028518677,1723528272.3846414,0.012047767639160156,-23.066122455479857,39.12293163626583,0.0,3.0553147239118488,-23.291894,38.758326000000004,0.039956,3.0697480827,0.2257715445201427,0.36460563626582854,-0.039956,-0.014433358788151107,-0.8269705427591149,0.4307047042322854
1723528272.496689,58.975210189819336,1723528272.5055308,-0.008841753005981445,-23.307169813176525,39.201365682086355,0.0,3.0561114452261045,-23.538604,38.830086,0.045599,3.0678413786,0.23143418682347416,0.3712796820863531,-0.045599,-0.011729933373895383,-0.6720756762938557,0.43987458890209397
1723528272.5966885,59.075209617614746,1723528272.6066136,-0.009925127029418945,-23.544555721092806,39.27682600366276,0.0,3.0565824818440586,-23.773638,38.902031,0.039862,3.0710566965,0.22908227890719246,0.3747950036627614,-0.039862,-0.014474214655941342,-0.8293114115518398,0.4410657142919659
1723528272.696688,59.175209045410156,1723528272.6980922,-0.0014042854309082031,-23.79592143393775,39.35260468467302,0.0,3.0605866308855987,-24.024949999999997,38.970794,0.033070999999999996,3.0730007647999997,0.2290285660622473,0.38181068467302026,-0.033070999999999996,-0.01241413391440105,-0.7112774796054002,0.44646071948605925
1723528272.7966876,59.275208711624146,1723528272.8378408,-0.0411531925201416,-24.04194461998874,39.42523254909146,0.0,3.0651390794359443,-24.279422,39.048729,0.028825,3.0782370597999997,0.23747738001125995,0.3765035490914599,-0.028825,-0.013097980364055404,-0.7504589950056002,0.44607321049405974
1723528272.8966868,59.37520790100098,1723528272.9335408,-0.03685402870178223,-24.295301484687588,39.50041124361929,0.0,3.068731513511466,-24.531662999999998,39.116161,0.023993999999999998,3.0817160296,0.23636151531241012,0.3842502436192916,-0.023993999999999998,-0.012984516088534015,-0.743957970892715,0.45176401768873053
1723528272.9966862,59.47520732879639,1723528273.0146775,-0.017991304397583008,-24.541198988379474,39.56386388803315,0.0,3.0737110921975654,-24.763142,39.180679,0.022417,3.0871965893,0.22194301162052454,0.3831848880331492,-0.022417,-0.013485497102434518,-0.7726620686053987,0.4433868296568645
1723528273.0966856,59.5752067565918,1723528273.0951867,0.0014989376068115234,-24.789449365759992,39.62716583812288,0.0,3.080561017089945,-25.016507999999998,39.240001,0.013639,3.0935184656,0.22705863424000583,0.38716483812287805,-0.013639,-0.01295744851005498,-0.7424071128842272,0.4490414875962478
1723528273.196685,59.67520618438721,1723528273.1772368,0.019448280334472656,-25.03767549105087,39.68384012217012,0.0,3.0856759154924163,-25.279757,39.299024,0.004968,3.0969508564,0.2420815089491306,0.38481612217011474,-0.004968,-0.01127494090758363,-0.646006528263944,0.4546554584310329
1723528273.2966847,59.775205850601196,1723528273.2972944,-0.0006096363067626953,-25.299506273122788,39.76034746347562,0.0,3.0899076445554616,-25.542388,39.369114,0.001631,3.1012737874,0.24288172687721143,0.39123346347561494,-0.001631,-0.011366142844538185,-0.6512320143348582,0.4604973575982621
1723528273.3966842,59.875205278396606,1723528273.435243,-0.0385587215423584,-25.556670796776185,39.828637502609844,0.0,3.0961699813694796,-25.792223999999997,39.427225,-0.003679,3.1074667301999996,0.23555320322381235,0.40141250260984407,0.003679,-0.01129674883052001,-0.647256030208145,0.4654361866480696
1723528273.4966836,59.97520470619202,1723528273.5167034,-0.0200197696685791,-25.80930981543629,39.89637990872184,0.0,3.1012572268464442,-26.048709,39.501712,0.007603,3.1131799303,0.2393991845637089,0.39466790872184276,-0.007603,-0.011922703453555616,-0.6831205882747877,0.4616627918228212
1723528273.596683,60.07520413398743,1723528273.6063852,-0.009702205657958984,-26.06431134178392,39.96311197567878,0.0,3.1083489234188058,-26.308795,39.559631,0.004274,3.1187758451999996,0.24448365821607965,0.40348097567877517,-0.004274,-0.010426921781193865,-0.5974186113754393,0.4717917166986012
1723528273.6966827,60.175203800201416,1723528273.7062438,-0.00956106185913086,-26.32054628746666,40.02892757793965,0.0,3.116382401227619,-26.554561999999997,39.615376,-0.007831,3.1268705258,0.23401571253333842,0.4135515779396499,0.007831,-0.010488124572380908,-0.6009252730048773,0.4752363473997548
1723528273.7966821,60.275203227996826,1723528273.8070161,-0.010334014892578125,-26.585983101471793,40.07933952635283,0.0,3.1230585842745118,-26.819684,39.66417,-0.008794,3.133508493,0.23370089852820541,0.4151695263528339,0.008794,-0.010449908725488122,-0.5987356662674025,0.4765072717398204
1723528273.8966813,60.37520241737366,1723528273.9135737,-0.016892433166503906,-26.841914225143515,40.131746373367456,0.0,3.129901099370258,-27.080928999999998,39.707322,-0.012414999999999999,3.1404857885,0.23901477485648215,0.424424373367458,0.012414999999999999,-0.010584689129741864,-0.606458014592209,0.48725582965527897
1723528273.9966807,60.47520184516907,1723528274.0217457,-0.025064945220947266,-27.11517250571309,40.18230254921852,0.0,3.1372516698751536,-27.346038999999998,39.753574,-0.013682,-3.1355756281000002,0.2308664942869072,0.4287285492185191,0.013682,-0.010358009204433105,-0.5934702115716765,0.48712904268103613
1723528274.0966802,60.57520127296448,1723528274.1250954,-0.028415203094482422,-27.388498171193554,40.231003414576975,0.0,-3.1375674074509545,-27.61348,39.813314,-0.010975,-3.1277825451,0.22498182880644535,0.4176894145769765,0.010975,-0.009784862350954437,-0.5606313158261458,0.47455423395830115
1723528274.1966796,60.67520070075989,1723528274.194635,0.002044677734375,-27.650246207192307,40.27819206334528,0.0,-3.1310393787196587,-27.875795999999998,39.856133,-0.01432,-3.1210049773,0.2255497928076906,0.4220590633452801,0.01432,-0.010034401419658499,-0.5749288512865136,0.4787605083833537
1723528274.2966793,60.77520036697388,1723528274.3159394,-0.019260168075561523,-27.907095284737228,40.32492162758125,0.0,-3.122629539906893,-28.140393,39.913398,-0.026250000000000002,-3.1133066989000002,0.233297715262772,0.4115236275812464,0.026250000000000002,-0.009322841006892625,-0.5341594427664422,0.473781154653135
1723528274.396679,60.875200033187866,1723528274.4307468,-0.03406786918640137,-28.15346053777234,40.37044555869349,0.0,-3.1158499682808993,-28.398654999999998,39.966178,-0.024641,-3.1067217078000002,0.2451944622276585,0.4042675586934905,0.024641,-0.009128260480899097,-0.5230107998515775,0.4734551321932264
1723528274.4966784,60.975199460983276,1723528274.5345647,-0.03788638114929199,-28.412707954718268,40.41789160134204,0.0,-3.1075410016467466,-28.652811999999997,40.00489,-0.024347,-3.0991725792,0.24010404528172913,0.4130016013420388,0.024347,-0.008368422446746404,-0.4794752873811109,0.478344072484168
1723528274.5966778,61.07519888877869,1723528274.6577625,-0.061084747314453125,-28.678707592783915,40.46163800772107,0.0,-3.1016099610224157,-28.91114,40.045126,-0.027940000000000003,-3.0910094878,0.23243240721608416,0.41651200772106733,0.027940000000000003,-0.01060047322241564,-0.6073623764858598,0.4777946421843782
1723528274.6966772,61.1751983165741,1723528274.7243502,-0.027673006057739258,-28.936987276041634,40.49921965340369,0.0,-3.09368686804857,-29.177615,40.08403,-0.033508,-3.0830452403,0.24062772395836518,0.4151896534036936,0.033508,-0.010641627748569693,-0.6097203571423477,0.4810477480405271
1723528274.7966766,61.27519774436951,1723528274.832523,-0.03584647178649902,-29.20641550089552,40.538341762060945,0.0,-3.0857886997138144,-29.443405,40.120063,-0.037186000000000004,-3.0751677854,0.23698949910447809,0.41827876206094317,0.037186000000000004,-0.01062091431381429,-0.6085335647516436,0.4821866278455122
1723528274.8966763,61.375197410583496,1723528274.897597,-0.0009207725524902344,-29.468715205095638,40.578603552366545,0.0,-3.077825143723682,-29.710231,40.148648,-0.038964,-3.0678595841000003,0.24151579490436248,0.42995555236654326,0.038964,-0.00996555962368184,-0.5709845069229503,0.4946815637307554
1723528274.9966755,61.47519659996033,1723528275.025411,-0.02873539924621582,-29.74765179109632,40.606766183694745,0.0,-3.070380528486409,-29.983110999999997,40.181766,-0.036733,-3.0600242894000003,0.2354592089036771,0.4250001836947419,0.036733,-0.010356239086408703,-0.5933687912796382,0.487253023066158
1723528275.096675,61.57519602775574,1723528275.1351995,-0.038524627685546875,-30.019624755943184,40.64118605888981,0.0,-3.0621165627130913,-30.250432999999997,40.213032,-0.050231000000000005,-3.0513233542,0.23080824405681355,0.4281540588898096,0.050231000000000005,-0.01079320851309129,-0.6184052952048017,0.4889902831646128
1723528275.1966743,61.67519545555115,1723528275.2361434,-0.039469003677368164,-30.276497947195214,40.67706123942865,0.0,-3.0549961941495902,-30.508841999999998,40.242408,-0.054401,-3.0446033767,0.23234405280478398,0.4346532394286555,0.054401,-0.010392817449590197,-0.5954645771114345,0.4958494390644971
1723528275.296674,61.77519512176514,1723528275.3437,-0.04702591896057129,-30.54564870935455,40.70812311847089,0.0,-3.0461962623847354,-30.766517,40.267462,-0.038527,-3.0372275298,0.220868290645452,0.44066111847088507,0.038527,-0.008968732584735406,-0.5138705246867967,0.494418196341574
1723528275.3966734,61.87519454956055,1723528275.4447484,-0.048074960708618164,-30.808841111564057,40.744459829281844,0.0,-3.038529164329271,-31.042438999999998,40.297656,-0.044022,-3.0280577600000003,0.23359788843594131,0.4468038292818406,0.044022,-0.010471404329270852,-0.5999672736422385,0.5061023333542799
1723528275.4966729,61.97519397735596,1723528275.5358307,-0.039157867431640625,-31.076134754406574,40.771032372667996,0.0,-3.0301087406258747,-31.313713,40.324020000000004,-0.038364,-3.0199254127,0.23757824559342566,0.44701237266799154,0.038364,-0.010183327925874508,-0.5834617115503198,0.5076763541800203
1723528275.6366715,62.11519265174866,1723528275.6617239,-0.025052309036254883,-31.339011437778545,40.797693156840964,0.0,-3.0213230675949587,-31.580994999999998,40.351033,-0.037152000000000004,-3.0114160705,0.24198356222145279,0.44666015684096294,0.037152000000000004,-0.009906997094958568,-0.5676291211894932,0.5093541117911755
1723528275.7366712,62.21519231796265,1723528275.7268429,0.009828329086303711,-31.619511928560897,40.815955913429036,0.0,-3.0130423049864903,-31.851895,40.363601,-0.06326899999999999,-3.0030344275000003,0.2323830714391022,0.45235491342903345,0.06326899999999999,-0.010007877486490013,-0.5734091418598724,0.512474219796332
1723528275.8366706,62.31519174575806,1723528275.831042,0.0056285858154296875,-31.88843324673511,40.83224611767488,0.0,-3.004158819531374,-32.118398,40.379122,-0.047354,-2.9937833847000004,0.22996475326488763,0.45312411767487504,0.047354,-0.010375434831373818,-0.5944686264507487,0.5103407244957183
1723528275.93667,62.41519117355347,1723528275.9346585,0.002011537551879883,-32.15002660529391,40.85332587721734,0.0,-2.9959385198409634,-32.390106,40.399898,-0.048471,-2.9849141329,0.2400793947060933,0.4534278772173366,0.048471,-0.011024386940963193,-0.6316508434363313,0.5153488075481151
1723528276.0366695,62.51519060134888,1723528276.061732,-0.02506256103515625,-32.41358859327239,40.87764106003039,0.0,-2.989274711034967,-32.668545,40.424742,-0.050848000000000004,-2.9795539925,0.2549564067276151,0.45289906003038993,0.050848000000000004,-0.00972071853496681,-0.556956145888191,0.5222124539034547
1723528276.1366692,62.615190267562866,1723528276.1439304,-0.0072612762451171875,-32.69696865737867,40.906788887263325,0.0,-2.9832847177065784,-32.94082,40.442125000000004,-0.06589099999999999,-2.9729747439,0.24385134262133334,0.4646638872633204,0.06589099999999999,-0.010309973806578387,-0.5907179860073694,0.5288833796839211
1723528276.196669,62.67519021034241,1723528276.1439304,0.05273866653442383,-32.96499509508286,40.91558363903201,0.0,-2.975314783848098,-32.94082,40.442125000000004,-0.06589099999999999,-2.9729747439,-0.02417509508286031,0.47345863903200325,0.06589099999999999,-0.0023400399480979495,-0.13407441291802472,0.47863257513180407
1723528276.3266675,62.80518865585327,1723528276.374185,-0.04751753807067871,-33.23634081407055,40.914860048902746,0.0,-2.966831010986674,-33.461742,40.446778,-0.06949899999999999,-2.9561466582,0.22540118592944935,0.46808204890274396,0.06949899999999999,-0.010684352786673568,-0.6121683215052355,0.5241532315310028
1723528276.436667,62.91518807411194,1723528276.441321,-0.0046539306640625,-33.4987979243706,40.91008642533629,0.0,-2.958856092942283,-33.744123,40.437850000000005,-0.055741,-2.9472637633,0.24532507562940253,0.47223642533628407,0.055741,-0.011592329642283072,-0.6641915632272194,0.5350688677431755
1723528276.5366662,63.01518726348877,1723528276.5467024,-0.010036230087280273,-33.767747774194476,40.9180032086544,0.0,-2.9524988218218944,-34.009291000000005,40.442305,-0.046214,-2.9418915973,0.241543225805529,0.47569820865439993,0.046214,-0.01060722452189422,-0.6077491974522113,0.535506908868173
1723528276.6366658,63.11518692970276,1723528276.639425,-0.002759218215942383,-34.046125165547025,40.91858590687684,0.0,-2.946480475964969,-34.274660000000004,40.451275,-0.060156,-2.9355674246000003,0.2285348344529794,0.46731090687683974,0.060156,-0.010913051364968673,-0.6252717848221871,0.5236663046067649
1723528276.736665,63.21518611907959,1723528276.7524967,-0.015831708908081055,-34.30939850631561,40.917815810851764,0.0,-2.9380956391674404,-34.542402,40.448958,-0.072728,-2.9271046021,0.233003493684393,0.46885781085176603,0.072728,-0.010991037067440423,-0.6297400364361814,0.5285902352955864
1723528276.8366642,63.31518530845642,1723528276.8545709,-0.017906665802001953,-34.56799860112207,40.9226567826085,0.0,-2.931987568916656,-34.799702,40.450136,-0.067174,-2.9215970805,0.2317033988779329,0.4725207826084983,0.067174,-0.010390488416655685,-0.5953311333539401,0.5305418940333875
1723528276.9366636,63.41518473625183,1723528276.9578233,-0.021159648895263672,-34.846583898863464,40.91819125908179,0.0,-2.9255103309972608,-35.070925,40.44402,-0.07393599999999999,-2.9158018176000002,0.22434110113653816,0.4741712590817855,0.07393599999999999,-0.009708513397260532,-0.5562568430092453,0.5297488505833308
1723528277.036663,63.51518416404724,1723528277.066235,-0.029572010040283203,-35.118677728915884,40.913216526384105,0.0,-2.9174554945787654,-35.346094,40.43748,-0.062023,-2.9067584305,0.22741627108411677,0.4757365263841038,0.062023,-0.010697064078765361,-0.6128966248942532,0.5309333813378262
1723528277.1366627,63.61518383026123,1723528277.1467574,-0.010094642639160156,-35.37337389718221,40.900139008683226,0.0,-2.9106819557990087,-35.610365,40.415668000000004,-0.063068,-2.8986223528000004,0.23699110281778957,0.48447100868322224,0.063068,-0.012059602999008323,-0.6909643544464872,0.5430050770419471
1723528277.2366621,63.71518325805664,1723528277.2596338,-0.022971630096435547,-35.63882536617629,40.88943868274934,0.0,-2.905143442004528,-35.871112000000004,40.401369,-0.060921,-2.8947460297000003,0.23228663382371195,0.4880696827493409,0.060921,-0.01039741230452762,-0.5957278429068237,0.5439489532237318
1723528277.3366613,63.81518244743347,1723528277.3708956,-0.03423428535461426,-35.902206925417254,40.882873360077305,0.0,-2.898302041155404,-36.138888,40.39308,-0.06953799999999999,-2.8871168702000003,0.2366810745827479,0.4897933600773072,0.06953799999999999,-0.011185170955403832,-0.6408630888769503,0.5484076951369875
1723528277.4266608,63.905181884765625,1723528277.3708956,0.05576515197753906,-36.167966861231015,40.87068692583272,0.0,-2.8935944768259687,-36.138888,40.39308,-0.06953799999999999,-2.8871168702000003,-0.029078861231013775,0.477606925832724,0.06953799999999999,-0.006477606625968413,-0.3711395210139673,0.4835178271975892
1723528277.5266604,64.00518155097961,1723528277.4946601,0.03200030326843262,-36.446053371878286,40.86237746930415,0.0,-2.8858658923331606,-36.396369,40.383447000000004,-0.07421599999999999,-2.8822534718000004,-0.04968437187828556,0.47893046930414584,0.07421599999999999,-0.0036124205331602433,-0.20697645037648058,0.48718676695167856
1723528277.6366599,64.11518096923828,1723528277.6723084,-0.03564858436584473,-36.716721083566306,40.850998766480586,0.0,-2.880810095993177,-36.947362000000005,40.34299,-0.060858,-2.8690208368000003,0.23064091643369977,0.5080087664805859,0.060858,-0.011789259193176527,-0.675474795354821,0.5612235163626906
1723528277.7366593,64.21518039703369,1723528277.7546413,-0.017982006072998047,-36.98883104731109,40.83436479234238,0.0,-2.8748954886999702,-37.220174,40.327849,-0.076928,-2.8633425145,0.23134295268891236,0.5065157923423769,0.076928,-0.011552974199970034,-0.6619366624818117,0.5621349720797045
1723528277.8266587,64.30517983436584,1723528277.8371165,-0.010457754135131836,-37.263304728910654,40.81812322553611,0.0,-2.8687779956070365,-37.495196,40.307845,-0.068229,-2.8559979605000003,0.2318912710893457,0.510278225536112,0.068229,-0.012780035107036179,-0.7322420736621964,0.5646349488870801
1723528277.9366584,64.41517949104309,1723528277.9872453,-0.05058693885803223,-37.53117698671199,40.79569967469236,0.0,-2.8619661816766704,-37.763723,40.290694,-0.067683,-2.8497190935,0.23254601328800817,0.5050056746923559,0.067683,-0.012247088176670307,-0.7017064638477792,0.5600797874023201
1723528278.0366578,64.5151789188385,1723528278.074723,-0.038065195083618164,-37.80080941996125,40.77945770293272,0.0,-2.8557660179564346,-38.009242,40.26491,-0.08978299999999999,-2.8459683398,0.2084325800387532,0.5145477029327168,0.08978299999999999,-0.009797678156434397,-0.5613656073912081,0.5623739557482607
1723528278.1366572,64.61517834663391,1723528278.1767228,-0.04006552696228027,-38.068907720965946,40.751434701425964,0.0,-2.8494577300177544,-38.271858,40.229248,-0.09181199999999999,-2.8379635232,0.20295027903405582,0.5221867014259658,0.09181199999999999,-0.011494206817754371,-0.658569539507822,0.567712260084395
1723528278.2366567,64.71517777442932,1723528278.2645912,-0.027934551239013672,-38.335163294980326,40.73085300893987,0.0,-2.843052705824786,-38.546841,40.205574,-0.08023799999999999,-2.8319853447,0.21167770501967453,0.5252790089398687,0.08023799999999999,-0.011067361124785792,-0.6341130827973855,0.5719821891276397
1723528278.3366563,64.81517744064331,1723528278.371606,-0.03494977951049805,-38.60986689980337,40.70724502167363,0.0,-2.8366417127599157,-38.827105,40.177316,-0.078772,-2.8241000298000003,0.21723810019663148,0.529929021673631,0.078772,-0.012541682959915423,-0.7185855015942958,0.5781195275831922
1723528278.4366558,64.91517686843872,1723528278.4929402,-0.056284427642822266,-38.87538622558471,40.68166859758996,0.0,-2.8299992619250656,-39.103480000000005,40.154041,-0.08946,-2.8176841868,0.22809377441529222,0.5276275975899622,0.08946,-0.012315075125065356,-0.7056018290527893,0.5817394118207648
1723528278.5366552,65.01517629623413,1723528278.4929402,0.04371500015258789,-39.148232340929994,40.65882811806697,0.0,-2.8237364137149052,-39.103480000000005,40.154041,-0.08946,-2.8176841868,-0.04475234092998903,0.5047871180669716,0.08946,-0.0060522269149050345,-0.3467670588795413,0.5146026604916387
1723528278.6366546,65.11517572402954,1723528278.625533,0.011121511459350586,-39.41253056765123,40.62700754968741,0.0,-2.817097373737274,-39.375181000000005,40.134026,-0.08959199999999999,-2.8122993203,-0.03734956765122632,0.49298154968741414,0.08959199999999999,-0.004798053437273797,-0.27490821183402625,0.5024465394446835
1723528278.766654,65.24517512321472,1723528278.8055544,-0.03890037536621094,-39.673373889154355,40.59294180911369,0.0,-2.809803319006866,-39.911762,40.057232,-0.08255599999999999,-2.7985375433,0.23838811084564782,0.5357098091136905,0.08255599999999999,-0.01126577570686571,-0.6454814009444169,0.5921396660494748
1723528278.8366537,65.31517481803894,1723528278.8055544,0.031099319458007812,-39.93555913309697,40.55297818579415,0.0,-2.802733630772747,-39.911762,40.057232,-0.08255599999999999,-2.7985375433,-0.023797133096969958,0.49574618579415386,0.08255599999999999,-0.00419608747274669,-0.2404181026561012,0.503136241398974
1723528278.9366531,65.41517424583435,1723528278.9163334,0.020319700241088867,-40.20111599181315,40.512774158725264,0.0,-2.7960207370574452,-40.181794000000004,40.018056,-0.085161,-2.7914893640000003,-0.019321991813143313,0.4947181587252629,0.085161,-0.004531373057444998,-0.2596285515908903,0.5023661929918668
1723528279.0666528,65.54517388343811,1723528279.0042927,0.06236004829406738,-40.47427720871386,40.47548282632886,0.0,-2.7885791185282667,-40.456806,39.977365,-0.08353999999999999,-2.7840919959000003,-0.017471208713857322,0.49811782632885837,0.08353999999999999,-0.004487122628266338,-0.2570931887573106,0.5053766354319419
1723528279.1266522,65.6051733493805,1723528279.138376,-0.011723756790161133,-40.75381514841477,40.43220274346151,0.0,-2.7827943742120067,-40.727484000000004,39.938952,-0.09934,-2.7769063651000003,-0.026331148414769245,0.493250743461509,0.09934,-0.005888009112006377,-0.337358071852537,0.5038432900239637
1723528279.2666516,65.74517273902893,1723528279.243854,0.022797584533691406,-41.03047874961501,40.39235447778056,0.0,-2.774793391262118,-41.008152,39.890412,-0.10281,-2.7703407698,-0.02232674961500436,0.5019424777805597,0.10281,-0.0044526214621178895,-0.2551164175487248,0.5128495206674748
1723528279.3366506,65.81517171859741,1723528279.3646305,-0.02797985076904297,-41.29808880583228,40.355464178548125,0.0,-2.7689616437803424,-41.269189000000004,39.842342,-0.10341299999999999,-2.7632540757000004,-0.028899805832274694,0.513122178548123,0.10341299999999999,-0.005707568080342007,-0.32701956228718215,0.5242364137143803
1723528279.43665,65.91517114639282,1723528279.4460413,-0.009391307830810547,-41.56352346884847,40.30658078138231,0.0,-2.7609890042618157,-41.54023,39.795285,-0.100619,-2.7575377547000004,-0.023293468848471832,0.5112957813823087,0.100619,-0.0034512495618153056,-0.19774203393839174,0.5216226077456194
1723528279.5666497,66.04517078399658,1723528279.5560842,0.010565519332885742,-41.831394101627644,40.260579195437614,0.0,-2.7554527311554295,-41.814233,39.744564000000004,-0.10409099999999999,-2.7506366697,-0.01716110162764295,0.5160151954376104,0.10409099999999999,-0.004816061455429565,-0.2759399952717467,0.5266888280688984
1723528279.6366491,66.11517024040222,1723528279.673113,-0.03646397590637207,-42.108281664801495,40.20727878306493,0.0,-2.748212927229515,-42.095456,39.681499,-0.103352,-2.7433500095000003,-0.012825664801496828,0.5257797830649267,0.103352,-0.004862917729514749,-0.278624662020536,0.5359948823089654
1723528279.7666485,66.2451696395874,1723528279.767212,-0.0005633831024169922,-42.36702184156738,40.15953584212173,0.0,-2.7419998046840375,-42.363334,39.633865,-0.111011,-2.7376985352000003,-0.0036878415673768927,0.5256708421217269,0.111011,-0.004301269484037196,-0.24644458798374452,0.5372772808833364
1723528279.866648,66.34516906738281,1723528279.8778899,-0.011241912841796875,-42.62451378398205,40.11019628075721,0.0,-2.7358426583375923,-42.624606,39.588553000000005,-0.11622299999999999,-2.7307768803,9.221601794706658e-05,0.5216432807572033,0.11622299999999999,-0.005065778037592229,-0.2902477015040992,0.5344338187202718
1723528279.9666476,66.4451687335968,1723528279.9755208,-0.008873224258422852,-42.88988908233222,40.04805596855261,0.0,-2.7283522342421893,-42.882837,39.533521,-0.12353199999999999,-2.7241296967000004,-0.007052082332215548,0.5145349685526099,0.12353199999999999,-0.004222537542188932,-0.24193358000296958,0.5292032886827667
1723528280.066647,66.54516816139221,1723528280.0635514,0.0030956268310546875,-43.15323731327536,39.99212265631194,0.0,-2.721901521308977,-43.150894,39.471623,-0.132125,-2.7177167672,-0.0023433132753609698,0.5204996563119408,0.132125,-0.004184754108976563,-0.23976874874438642,0.5370124756120244
1723528280.1666465,66.64516758918762,1723528280.1685429,-0.0018963813781738281,-43.41525263123426,39.93217369756065,0.0,-2.714815673587192,-43.412315,39.403872,-0.141869,-2.710515582,-0.002937631234260607,0.52830169756065,0.141869,-0.004300091587191801,-0.24637709946580164,0.5470266231946422
1723528280.266646,66.74516701698303,1723528280.2874157,-0.020769834518432617,-43.68071515481695,39.88032154229045,0.0,-2.7085291816136294,-43.674429,39.345943,-0.132806,-2.7035468201,-0.006286154816947942,0.5343785422904546,0.132806,-0.004982361513629297,-0.2854682867393713,0.5506699336615845
1723528280.3666456,66.84516668319702,1723528280.4067795,-0.04013395309448242,-43.94074499568922,39.81817575217427,0.0,-2.7016857698294805,-43.937667000000005,39.28948,-0.12362799999999999,-2.6964572726,-0.0030779956892175164,0.5286957521742721,0.12362799999999999,-0.005228497229480489,-0.2995708244450759,0.5429664398547871
1723528280.4666448,66.94516587257385,1723528280.5156271,-0.04898238182067871,-44.20414739441163,39.75002118951856,0.0,-2.6949761929862905,-44.205058,39.224467000000004,-0.117267,-2.6907652279,0.0009106055883734143,0.5255541895185587,0.117267,-0.004210965086290486,-0.24127052712138736,0.5384789546602975
1723528280.5666442,67.04516530036926,1723528280.6147504,-0.04810619354248047,-44.46619128685582,39.68720417109456,0.0,-2.6883198197498217,-44.456427000000005,39.157784,-0.12695599999999999,-2.6828906394,-0.009764286855812543,0.5294201710945572,0.12695599999999999,-0.0054291803498216495,-0.3110691202601404,0.544517111572807
1723528280.6666436,67.14516472816467,1723528280.697017,-0.030373334884643555,-44.72531348826882,39.62260337490735,0.0,-2.681923642992873,-44.710853,39.097063,-0.135653,-2.6763122565,-0.014460488268817073,0.5255403749073508,0.135653,-0.005611386492872849,-0.32150876325833105,0.5429581271034918
1723528280.7666433,67.24516439437866,1723528280.8038075,-0.03716421127319336,-44.99087287534516,39.548456025832174,0.0,-2.675484023807004,-44.971935,39.033707,-0.142341,-2.6710512035000002,-0.018937875345159227,0.5147490258321739,0.142341,-0.004432820307003649,-0.25398189493119494,0.5344026225597708
1723528280.8666427,67.34516382217407,1723528280.919269,-0.05262637138366699,-45.25636785134218,39.47840567570456,0.0,-2.6683246217700742,-45.236437,38.957283000000004,-0.136735,-2.6644323513000003,-0.0199308513421812,0.5211226757045537,0.136735,-0.0038922704700738997,-0.22301067065863545,0.5391312847476926
1723528280.9666421,67.44516324996948,1723528281.0053504,-0.03870820999145508,-45.51514109413911,39.40681515693791,0.0,-2.6607692807284926,-45.493138,38.883599000000004,-0.14197099999999999,-2.6572821616,-0.022003094139108725,0.5232161569379059,0.14197099999999999,-0.003487119128492644,-0.19979720872196632,0.5425818351857772
1723528281.0666416,67.54516267776489,1723528281.093864,-0.027222394943237305,-45.773275581778165,39.3223485550217,0.0,-2.6530661471878334,-45.751954000000005,38.810253,-0.136534,-2.6493828531,-0.021321581778160237,0.5120955550216948,0.136534,-0.0036832940878333,-0.21103720593833641,0.5304130470477705
1723528281.1666412,67.64516234397888,1723528281.1973183,-0.030677080154418945,-46.02472929625499,39.24302022380956,0.0,-2.6450812269336144,-45.988665000000005,38.727882,-0.125502,-2.6422431032,-0.03606429625498464,0.5151382238095579,0.125502,-0.0028381237336141396,-0.16261251167200172,0.5314308751832485
1723528281.2666404,67.74516153335571,1723528281.2948623,-0.028221845626831055,-46.265689990836876,39.167864394811616,0.0,-2.636175038752252,-46.247534,38.650374,-0.131981,-2.6338483914000004,-0.018155990836874025,0.5174903948116167,0.131981,-0.0023266473522514093,-0.13330707369929354,0.5343640454657775
1723528281.3666399,67.84516096115112,1723528281.42611,-0.059470176696777344,-46.5085404501967,39.094166796900346,0.0,-2.6279850888284475,-46.498233,38.563948,-0.135201,-2.6244325720000004,-0.010307450196698653,0.5302187969003427,0.135201,-0.0035525168284471498,-0.2035442209192224,0.5472819442636531
1723528281.4666393,67.94516038894653,1723528281.42611,0.04052925109863281,-46.75230927825524,39.01680158239801,0.0,-2.6198994140664054,-46.498233,38.563948,-0.135201,-2.6244325720000004,-0.2540762782552406,0.45285358239800644,0.135201,0.004533157933594988,0.25973081746123833,0.5365728586722799
1723528281.566639,68.04516005516052,1723528281.5260296,0.04060935974121094,-46.99202994514767,38.93252991267813,0.0,-2.6119606520212346,-46.754368,38.479698,-0.137846,-2.6167198108000003,-0.23766194514767136,0.4528319126781284,0.137846,0.004759158778765649,0.27267971205590674,0.5296616476837896
1723528281.6666384,68.14515948295593,1723528281.6175535,0.04908490180969238,-47.244233416174914,38.843477644040995,0.0,-2.604191571583834,-47.005637,38.398267000000004,-0.139789,-2.6084546217,-0.23859641617491434,0.44521064404099064,0.139789,0.00426305011616579,0.24425477950905508,0.5241008795069004
1723528281.7666378,68.24515891075134,1723528281.7268164,0.03982138633728027,-47.498589137936165,38.74454505317728,0.0,-2.5955590398296398,-47.256307,38.316091,-0.150864,-2.6020830895000002,-0.24228213793616504,0.42845405317728336,0.150864,0.006524049670360465,0.3738005114453706,0.5148140018909365
1723528281.866637,68.34515810012817,1723528281.8964832,-0.02984619140625,-47.750655199580805,38.65158746411242,0.0,-2.5875766854376647,-47.728489,38.124991,-0.15528999999999998,-2.5831265439,-0.022166199580802015,0.5265964641124157,0.15528999999999998,-0.004450141537664543,-0.25497432834403677,0.5494635206449603
1723528281.9666367,68.44515776634216,1723528282.0176039,-0.05096721649169922,-47.99658888014909,38.550899509960196,0.0,-2.578547174486453,-47.974069,38.025780000000005,-0.150844,-2.5759093242000004,-0.022519880149090454,0.5251195099601915,0.150844,-0.002637850286452803,-0.15113768840112085,0.5468194922264211
1723528282.066636,68.54515719413757,1723528282.0176039,0.04903221130371094,-48.23302569665027,38.46245432518887,0.0,-2.5702705872058393,-47.974069,38.025780000000005,-0.150844,-2.5759093242000004,-0.258956696650273,0.43667432518886784,0.150844,0.005638736994161064,0.3230758315497129,0.5296196270486722
1723528282.1666355,68.64515662193298,1723528282.1239958,0.042639732360839844,-48.46295014529049,38.36999903286455,0.0,-2.5610641985911644,-48.219103000000004,37.926168000000004,-0.145783,-2.5671823896,-0.2438471452904878,0.4438310328645443,0.145783,0.006118191008835705,0.35054652306117323,0.5269725790673823
1723528282.266635,68.7451560497284,1723528282.3030553,-0.036420345306396484,-48.70606755469218,38.27646682326493,0.0,-2.5486257972282127,-48.705137,37.730601,-0.151724,-2.5485588412,-0.0009305546921822838,0.5458658232649327,0.151724,-6.69560282124948e-05,-0.0038362978295348217,0.5665602660942063
1723528282.3666346,68.84515571594238,1723528282.4041228,-0.03748822212219238,-48.94561635407797,38.18173803088901,0.0,-2.537604359787325,-48.950336,37.633458000000005,-0.15498499999999998,-2.5370674826000004,0.0047196459220302245,0.5482800308890035,0.15498499999999998,-0.0005368771873244249,-0.030760796950544046,0.5697838340583874
1723528282.466634,68.9451551437378,1723528282.5106459,-0.044011831283569336,-49.187215932559816,38.08163717660387,0.0,-2.5263935152601924,-49.178105,37.529492,-0.164386,-2.5260506781000003,-0.009110932559813989,0.5521451766038723,0.164386,-0.00034283716019212207,-0.01964312233925911,0.5761684320882486
1723528282.5666335,69.0451545715332,1723528282.5106459,0.05598759651184082,-49.42133439451778,37.960385040139585,0.0,-2.5127571804350817,-49.178105,37.529492,-0.164386,-2.5260506781000003,-0.24322939451777614,0.43089304013958696,0.164386,0.013293497664918608,0.7616613111668512,0.5213943875745305
1723528282.666633,69.14515399932861,1723528282.6231854,0.04344749450683594,-49.65265066060792,37.8415636671636,0.0,-2.5003615221285944,-49.416527,37.426032,-0.162824,-2.5152531324000003,-0.236123660607916,0.4155316671635987,0.162824,0.014891610271405842,0.8532264187052211,0.5049085110103038
1723528282.766632,69.24515318870544,1723528282.7394903,0.027141809463500977,-49.89001668554781,37.729219230336525,0.0,-2.4864918167193175,-49.655466000000004,37.303922,-0.15409899999999999,-2.5005684452000003,-0.23455068554780922,0.42529723033652544,0.15409899999999999,0.014076628480682807,0.8065314017167771,0.5095471126636544
1723528282.8666317,69.34515285491943,1723528282.824415,0.04221677780151367,-50.11944800123569,37.62840771696339,0.0,-2.4728619228366684,-49.900013,37.171099,-0.15763,-2.4876588011000003,-0.21943500123568782,0.4573087169633894,0.15763,0.014796878263331871,0.8477986744577833,0.5311592974598182
1723528282.9666312,69.44515228271484,1723528282.9357057,0.030925512313842773,-50.348924319516996,37.517586176354015,0.0,-2.4588974495291716,-50.124259,37.061133,-0.143686,-2.4728951318,-0.2246653195169941,0.4564531763540174,0.143686,0.013997682270828536,0.8020081170835732,0.5286489143026255
1723528283.0666306,69.54515171051025,1723528283.0248506,0.04177999496459961,-50.56684736001608,37.397077894415155,0.0,-2.445804049777745,-50.362704,36.956351,-0.146976,-2.4608736746,-0.2041433600160758,0.4407268944151568,0.146976,0.015069624822255268,0.8634259011608102,0.50746098517569
1723528283.16663,69.64515113830566,1723528283.1372955,0.029334545135498047,-50.78561831713146,37.2630753021771,0.0,-2.4313138259942595,-50.595405,36.84004,-0.14951799999999998,-2.4469635426000003,-0.19021331713145884,0.42303530217709806,0.14951799999999998,0.01564971660574077,0.8966627120847463,0.48733520827683036
1723528283.26663,69.74515104293823,1723528283.2228985,0.0437314510345459,-50.999871467922965,37.12650497312553,0.0,-2.416288617189559,-50.806755,36.720142,-0.17678,-2.4343657025,-0.19311646792296244,0.4063629731255247,0.17678,0.018077085310441277,1.0357406941862226,0.4834004597747674
1723528283.3666294,69.84515047073364,1723528283.404568,-0.037938594818115234,-51.222388719962915,36.99793418241696,0.0,-2.4012497041863377,-51.245857,36.437474,-0.172115,-2.4027162663,0.02346828003708623,0.5604601824169606,0.172115,0.0014665621136624731,0.08402781950664504,0.5867622597507034
1723528283.4666286,69.94514966011047,1723528283.4853582,-0.018729686737060547,-51.43480396329129,36.86052513577998,0.0,-2.3853961319231307,-51.461851,36.291589,-0.15639,-2.3866480048,0.027047036708715666,0.5689361357799783,0.15639,0.0012518728768693421,0.07172703233151388,0.5906587008509876
1723528283.566628,70.04514908790588,1723528283.566281,0.00034689903259277344,-51.64659562009131,36.72341708436445,0.0,-2.367834854705524,-51.676445,36.161239,-0.15245,-2.3713851561,0.029849379908689855,0.5621780843644473,0.15245,0.0035503013944762074,0.20341728590289748,0.5832462486125504
1723528283.6966276,70.17514872550964,1723528283.6799939,0.01663374900817871,-51.86023049597444,36.587386859540175,0.0,-2.3523614982813137,-51.883900000000004,36.026183,-0.158917,-2.354533988,0.02366950402556256,0.5612038595401714,0.158917,0.0021724897186863323,0.12447449191629034,0.5837504863146586
1723528283.796627,70.27514815330505,1723528283.8061185,-0.009491443634033203,-52.070071885570954,36.43915362413388,0.0,-2.3364604835991667,-52.097926,35.883027,-0.158417,-2.3392247210000003,0.027854114429047172,0.5561266241338814,0.158417,0.0027642374008336468,0.15837913663998038,0.5789202187263577
1723528283.8966265,70.37514758110046,1723528283.8921576,0.0044689178466796875,-52.27971989446648,36.28519006143187,0.0,-2.319073923866092,-52.299577,35.734274,-0.159475,-2.3224302155000003,0.019857105533517938,0.5509160614318702,0.159475,0.0033562916339082705,0.19230134543801108,0.5738772403648479
1723528283.9966261,70.47514724731445,1723528283.9778774,0.018748760223388672,-52.4809239128776,36.12791382345306,0.0,-2.30349522679063,-52.511966,35.58251,-0.15720499999999998,-2.3063797223,0.031042087122401085,0.5454038234530643,0.15720499999999998,0.0028844955093698665,0.16526941871133197,0.5684561142560928
1723528284.0966256,70.57514667510986,1723528284.1245043,-0.027878761291503906,-52.668368007592555,35.956045639381834,0.0,-2.2844576036869366,-52.896509,35.259460000000004,-0.15197,-2.2709355525,0.22814099240744667,0.6965856393818299,0.15197,-0.013522051186936501,-0.7747564633713269,0.7485818233898333
1723528284.196625,70.67514610290527,1723528284.185674,0.010951042175292969,-52.86339363980027,35.799274900941136,0.0,-2.2659509828226376,-53.093112000000005,35.10063,-0.152187,-2.2519560430000003,0.22971836019973324,0.6986449009411331,0.152187,-0.013994939822637331,-0.801850986376684,0.7510233722014914
1723528284.2966244,70.77514553070068,1723528284.3538253,-0.05720090866088867,-53.05794401325443,35.641856249510035,0.0,-2.248887794405238,-53.281121,34.936689,-0.142183,-2.2349676055,0.22317698674557107,0.7051672495100334,0.142183,-0.013920188905237831,-0.7975680742949616,0.7531831269242418
1723528284.3966246,70.87514567375183,1723528284.4349904,-0.038365840911865234,-53.24058235805594,35.48579120888824,0.0,-2.2295384972320003,-53.458505,34.772138,-0.145534,-2.2159290384,0.21792264194406386,0.713653208888239,0.145534,-0.013609458832000154,-0.7797645525306517,0.7602442538976281
1723528284.4966245,70.9751455783844,1723528284.5359507,-0.03932619094848633,-53.429956191664985,35.3231067198545,0.0,-2.2107900340550595,-53.644078,34.613577,-0.145837,-2.1977515468,0.21412180833501537,0.7095297198545012,0.145837,-0.013038487255059295,-0.7470502909500113,0.7553469419614168
1723528284.5966244,71.07514548301697,1723528284.6218615,-0.025237083435058594,-53.62360625037592,35.149800619526644,0.0,-2.1935392180032034,-53.822036000000004,34.440201,-0.15614799999999998,-2.1797527203000002,0.19842974962408277,0.7095996195266423,0.15614799999999998,-0.013786497703203171,-0.7899081326603448,0.7531853579778564
1723528284.696624,71.17514514923096,1723528284.7227533,-0.02612924575805664,-53.80267361704233,34.98113425592116,0.0,-2.174641939132141,-54.005964,34.259659,-0.151853,-2.1606909152,0.20329038295766821,0.7214752559211632,0.151853,-0.013951023932141206,-0.7993347911976973,0.7647959586181032
1723528284.7966237,71.27514481544495,1723528284.8056703,-0.009046554565429688,-53.97561115058003,34.8105923955047,0.0,-2.156994123447372,-54.171865000000004,34.080421,-0.14546599999999998,-2.1432430044000004,0.1962538494199748,0.7301713955046978,0.14546599999999998,-0.013751119047371585,-0.787881084996349,0.7699520747302626
1723528284.8966231,71.37514424324036,1723528284.9404852,-0.043862104415893555,-54.1360889796851,34.634158647773056,0.0,-2.1399307016331552,-54.337025000000004,33.903911,-0.13966299999999998,-2.1263879300000004,0.20093602031490576,0.7302476477730551,0.13966299999999998,-0.013542771633154871,-0.7759436574892673,0.7701575584950602
1723528284.996623,71.47514414787292,1723528285.025275,-0.028651952743530273,-54.296302392413786,34.44517087811538,0.0,-2.124029691263774,-54.496521,33.717204,-0.136683,-2.1120018382000003,0.20021860758621557,0.7279668781153745,0.136683,-0.01202785306377363,-0.6891452171577256,0.7672714701758482
1723528285.0966227,71.57514381408691,1723528285.1073868,-0.010764122009277344,-54.45728879894113,34.25630476769245,0.0,-2.1097629981873585,-54.668352,33.528596,-0.1421,-2.0963667342,0.21106320105887022,0.7277087676924481,0.1421,-0.01339626398735838,-0.7675493877187307,0.7709086427182397
1723528285.1966226,71.67514371871948,1723528285.2114289,-0.014806270599365234,-54.6313096538369,34.06596587186516,0.0,-2.097453345117027,-54.834790000000005,33.329143,-0.135508,-2.0842105142,0.2034803461631043,0.7368228718651579,0.135508,-0.013242830917027161,-0.758758320351018,0.7763212053282299
1723528285.2966225,71.77514362335205,1723528285.3351686,-0.038546085357666016,-54.7914889175117,33.87854579769822,0.0,-2.0863931675484935,-54.99501,33.138876,-0.12875999999999999,-2.0723991481,0.20352108248830092,0.7396697976982196,0.12875999999999999,-0.013994019448493322,-0.8017982528226593,0.7778890526573407
1723528285.3966224,71.87514352798462,1723528285.432321,-0.035698652267456055,-54.949111140563794,33.69633873997513,0.0,-2.0776994553195274,-55.156309,32.948881,-0.11999699999999999,-2.063841124,0.2071978594362065,0.7474577399751325,0.11999699999999999,-0.013858331319527295,-0.7940238957028791,0.7848715219783928
1723528285.4966223,71.97514343261719,1723528285.5436835,-0.04706120491027832,-55.109186066762476,33.50496252919978,0.0,-2.0695856979883582,-55.321174,32.761691,-0.126209,-2.0565858864,0.2119879332375234,0.7432715291997809,0.126209,-0.012999811588358055,-0.7448343384781756,0.7831475988843338
1723528285.596622,72.07514309883118,1723528285.6265683,-0.029946327209472656,-55.27882570638758,33.30939819993403,0.0,-2.0626448653692573,-55.468834,32.578911,-0.11677799999999999,-2.0496614204,0.1900082936124221,0.7304871999340321,0.11677799999999999,-0.012983444969257185,-0.7438966002787976,0.763774706437027
1723528285.6966217,72.17514276504517,1723528285.7108095,-0.014187812805175781,-55.43892414326343,33.11988250699724,0.0,-2.0538426181006892,-55.6188,32.385207,-0.12070099999999999,-2.0407007505,0.17987585673657236,0.7346755069972417,0.12070099999999999,-0.01314186760068914,-0.7529735484392052,0.765945269467323
1723528285.7966213,72.27514243125916,1723528285.816458,-0.0198366641998291,-55.60094234707587,32.9266243020445,0.0,-2.0453475368886966,-55.783289,32.188829,-0.114964,-2.0322732493,0.18234665292413155,0.7377953020445034,0.114964,-0.013074287588696441,-0.74910149897258,0.7686409635503261
1723528285.8966212,72.37514233589172,1723528285.942191,-0.045569658279418945,-55.757272770805805,32.729537205727965,0.0,-2.0371680856106282,-55.928517,31.987163000000002,-0.122663,-2.0238673730000003,0.17124422919419402,0.7423742057279625,0.122663,-0.013300712610627928,-0.7620746971054113,0.7716801532575118
1723528285.9966211,72.47514224052429,1723528286.046926,-0.05030488967895508,-55.90018173929018,32.53299217506406,0.0,-2.026747630918483,-56.076589000000006,31.786039000000002,-0.12443,-2.0127073428,0.17640726070982282,0.746953175064057,0.12443,-0.014040288118482902,-0.8044492523367458,0.7775225992017333
1723528286.096621,72.57514214515686,1723528286.1434994,-0.04687833786010742,-56.04079478499375,32.3340426415328,0.0,-2.014782747933738,-56.224076000000004,31.589741,-0.130851,-2.0012707414000004,0.18328121500625372,0.7443016415327968,0.130851,-0.01351200653373752,-0.7741809471363527,0.7776238946711864
1723528286.1966207,72.67514181137085,1723528286.2324076,-0.03578686714172363,-56.192983424308686,32.126306261404444,0.0,-2.0028273560285723,-56.355343000000005,31.394453000000002,-0.12300399999999999,-1.9898256837,0.16235957569131898,0.7318532614044422,0.12300399999999999,-0.013001672328572411,-0.7449409510392285,0.7596708577160136
1723528286.2966204,72.77514147758484,1723528286.3175232,-0.02090287208557129,-56.33672906931792,31.922456622615776,0.0,-1.9913200021806907,-56.498898000000004,31.182491000000002,-0.125333,-1.9774327995,0.1621689306820855,0.7399656226157738,0.125333,-0.013887202680690658,-0.7956781028463377,0.7678256609548295
1723528286.3966205,72.87514162063599,1723528286.4402144,-0.0435938835144043,-56.48056908093276,31.701275010927688,0.0,-1.9795374184925436,-56.637109,30.965423,-0.12347,-1.9651578874,0.1565399190672423,0.7358520109276867,0.12347,-0.01437953109254364,-0.8238864429798922,0.7623829543922785
1723528286.49662,72.9751410484314,1723528286.5350366,-0.03841662406921387,-56.62436505115733,31.489498104101344,0.0,-1.9659299230180298,-56.773922,30.758334,-0.116046,-1.9522300796,0.14955694884266535,0.7311641041013424,0.116046,-0.013699843418029767,-0.7849432078431856,0.7552714096200426
1723528286.5966196,73.07514071464539,1723528286.624871,-0.02825140953063965,-56.75490046128582,31.28468019199278,0.0,-1.9539769921543815,-56.911866,30.538319,-0.11187899999999999,-1.9395202330999999,0.15696553871418217,0.7463611919927793,0.11187899999999999,-0.014456759054381594,-0.8283112792536044,0.770850257765875
1723528286.6966195,73.17514061927795,1723528286.7315829,-0.034963369369506836,-56.8852412087636,31.07338369420623,0.0,-1.9407409378531202,-57.050585000000005,30.332324,-0.109262,-1.9269788194,0.16534379123640264,0.7410596942062284,0.109262,-0.013762118453120253,-0.7885113045228996,0.7671024861916795
1723528286.7966194,73.27514052391052,1723528286.843828,-0.047208547592163086,-57.01880480618246,30.852048000771312,0.0,-1.9291381611733038,-57.184187,30.116666000000002,-0.108165,-1.9152722407,0.1653821938175426,0.7353820007713097,0.108165,-0.013865920473303817,-0.7944587221843495,0.7614706982644294
1723528286.896619,73.37514019012451,1723528286.9268627,-0.030243635177612305,-57.15096552518688,30.64462017064196,0.0,-1.9194618642952168,-57.304931,29.904653,-0.10514599999999999,-1.9055983619999999,0.15396547481312695,0.739967170641961,0.10514599999999999,-0.013863502295216934,-0.7943201707858601,0.7630940062523757
1723528286.996619,73.47514009475708,1723528287.0545835,-0.05796456336975098,-57.28200322922397,30.428924257737027,0.0,-1.9096569612850791,-57.431952,29.679979,-0.10113799999999999,-1.8957229485,0.1499487707760352,0.7489452577370272,0.10113799999999999,-0.013934012785079108,-0.7983601242663627,0.770475520693569
1723528287.1366181,73.61513924598694,1723528287.1456726,-0.009054422378540039,-57.413705700288276,30.21021301022871,0.0,-1.902524180126573,-57.562784,29.451593000000003,-0.101282,-1.88697353,0.14907829971172504,0.7586200102287073,0.101282,-0.015550650126573196,-0.8909866209372236,0.779735020945156
1723528287.2366178,73.71513891220093,1723528287.2822504,-0.04563260078430176,-57.538942633698724,29.986746872433226,0.0,-1.8949959580937175,-57.693473000000004,29.243268,-0.10356499999999999,-1.8819398332,0.15453036630128025,0.7434788724332257,0.10356499999999999,-0.013056124893717547,-0.7480608532057059,0.7663981844242513
1723528287.3366177,73.8151388168335,1723528287.3561103,-0.019492626190185547,-57.6644946858881,29.76801071235902,0.0,-1.8889401262433354,-57.8155,29.011592,-0.095149,-1.8731985621,0.15100531411189877,0.756418712359018,0.095149,-0.015741564143335385,-0.9019251883475868,0.7771905850548552
1723528287.4366174,73.91513848304749,1723528287.4166472,0.019970178604125977,-57.799141529546944,29.544519786521743,0.0,-1.8829554702551905,-57.937682,28.785851,-0.09577999999999999,-1.8687498619,0.13854047045305862,0.7586687865217421,0.09577999999999999,-0.014205608355190469,-0.8139214041681931,0.777139368450555
1723528287.536617,74.01513814926147,1723528287.5633621,-0.026745080947875977,-57.926359803816084,29.31747131787662,0.0,-1.8778016989930497,-58.059624,28.567765,-0.096241,-1.8635843007,0.13326419618391583,0.749706317876619,0.096241,-0.014217398293049799,-0.8145969178482543,0.767516279390648
1723528287.636617,74.11513805389404,1723528287.6455247,-0.008907794952392578,-58.050127413621404,29.087521481719307,0.0,-1.8721102197295978,-58.183937,28.342576,-0.09261799999999999,-1.8580375518,0.13380958637859663,0.7449454817193057,0.09261799999999999,-0.014072667929597715,-0.8063044788550554,0.7625135212340957
1723528287.7366166,74.21513772010803,1723528287.7532656,-0.01664900779724121,-58.184922648347055,28.863921248704532,0.0,-1.867832804328369,-58.307190000000006,28.12032,-0.088866,-1.8533214569,0.1222673516529511,0.7436012487045325,0.088866,-0.014511347428368902,-0.8314389626935588,0.7588078072286595
1723528287.8366163,74.31513738632202,1723528287.8492339,-0.01261758804321289,-58.31571430182687,28.6424131805172,0.0,-1.865150107215256,-58.430098,27.89742,-0.087021,-1.8510701075,0.11438369817312832,0.7449931805171985,0.087021,-0.014079999715256086,-0.8067245592295746,0.7587299413268811
1723528287.9366162,74.41513729095459,1723528287.9340382,0.0025780200958251953,-58.426991295917254,28.416191903066412,0.0,-1.8623778616854734,-58.544784,27.672042,-0.065811,-1.8484246104,0.11779270408274556,0.7441499030664112,0.065811,-0.013953251285473423,-0.7994624091431177,0.7562838667391196
1723528288.0366158,74.51513695716858,1723528288.0362425,0.0003733634948730469,-58.54829679841159,28.17932974415956,0.0,-1.8598753960315335,-58.669279,27.434594,-0.066233,-1.8454522735,0.12098220158841144,0.7447357441595592,0.066233,-0.014423122531533439,-0.8263840484569096,0.7574000475436158
1723528288.1366153,74.61513638496399,1723528288.1371791,-0.0005638599395751953,-58.671666087074,27.932838364315156,0.0,-1.8584127772865051,-58.80532,27.197256,-0.082633,-1.8438788964,0.13365391292600037,0.7355823643151567,0.082633,-0.014533880886505202,-0.8327300347426034,0.7521788323403596
1723528288.2366147,74.7151358127594,1723528288.246671,-0.010056257247924805,-58.80147732751,27.702912145550503,0.0,-1.8579353445555147,-58.936198000000005,26.969722,-0.083394,-1.8429483423,0.13472067249000474,0.7331901455505019,0.083394,-0.014987002255514748,-0.8586919767940404,0.7501146634778747
1723528288.3266146,74.80513572692871,1723528288.335794,-0.009179353713989258,-58.931402096899156,27.4748190232099,0.0,-1.8578436614681013,-59.056611000000004,26.74466,-0.083149,-1.8431193844,0.1252089031008481,0.7301590232099002,0.083149,-0.01472427706810131,-0.8436389323834669,0.7454684599575981
1723528288.4366143,74.91513538360596,1723528288.444843,-0.008228778839111328,-59.0571903497769,27.23394115882574,0.0,-1.8564452354036527,-59.184708,26.509526,-0.078694,-1.8438111803,0.1275176502230977,0.7244151588257388,0.078694,-0.012634055103652786,-0.7238780355750225,0.7397505113826828
1723528288.536614,75.01513504981995,1723528288.5253415,0.011272430419921875,-59.17815120500934,27.01359562531105,0.0,-1.8563980606007107,-59.295058000000004,26.276851,-0.06948299999999999,-1.8435223687,0.11690679499066192,0.7367446253110508,0.06948299999999999,-0.012875691900710697,-0.7377228042214999,0.7491913833785793
1723528288.636614,75.1151351928711,1723528288.6300018,0.006612300872802734,-59.302565087203035,26.77650123913984,0.0,-1.8552724161486824,-59.418758000000004,26.041634000000002,-0.065121,-1.8415584634,0.11619291279696853,0.7348672391398381,0.065121,-0.013713952748682479,-0.7857516129413405,0.7468409447708741
1723528288.7366138,75.21513485908508,1723528288.7351184,0.001495361328125,-59.433968681796834,26.54422815180943,0.0,-1.8543717671395004,-59.553419000000005,25.801056000000003,-0.051557,-1.8414490448,0.11945031820317098,0.7431721518094285,0.051557,-0.012922722339500314,-0.7404174498727933,0.7544742208935273
1723528288.8366134,75.31513452529907,1723528288.8357563,0.0008571147918701172,-59.55492043601907,26.30889113250596,0.0,-1.854480188479821,-59.67495,25.566745,-0.056317,-1.8418517842,0.12002956398093545,0.7421461325059582,0.056317,-0.012628404279821035,-0.7235542672186912,0.7538962678724472
1723528288.9366133,75.41513442993164,1723528288.926115,0.010498285293579102,-59.6849447308305,26.07596173745322,0.0,-1.8532688000775404,-59.810032,25.32094,-0.071166,-1.8399012364,0.12508726916949797,0.7550217374532195,0.071166,-0.013367563677540327,-0.7659049810954385,0.7686151497928992
1723528289.0366132,75.51513433456421,1723528289.0544116,-0.017798423767089844,-59.813309521155624,25.840064325295465,0.0,-1.8532298484771117,-59.943054000000004,25.073173,-0.074403,-1.8391091594,0.12974447884437978,0.7668913252954646,0.074403,-0.014120689077111725,-0.8090558879349833,0.7813397090977994
1723528289.1366127,75.61513376235962,1723528289.1556811,-0.019068479537963867,-59.94645020953955,25.599959947908285,0.0,-1.852604274644336,-60.064068,24.835003,-0.061968,-1.8383414002,0.11761779046045007,0.764956947908285,0.061968,-0.014262874444336047,-0.8172025093854547,0.7764232800540932
1723528289.2366126,75.71513366699219,1723528289.2380605,-0.001447916030883789,-60.072019262559444,25.358456844241218,0.0,-1.8519044589416909,-60.189277000000004,24.599795,-0.052289,-1.8368162647,0.11725773744056056,0.7586618442412174,0.052289,-0.015088194241690944,-0.8644898505224827,0.7694487055146462
1723528289.3366125,75.81513357162476,1723528289.3718088,-0.03519630432128906,-60.206913751681874,25.112373294585495,0.0,-1.8515827339416735,-60.317014,24.350194000000002,-0.044966,-1.8360283028,0.11010024831812615,0.7621792945854935,0.044966,-0.015554431141673543,-0.8912032571447487,0.7714021538280492
1723528289.4366124,75.91513347625732,1723528289.4856615,-0.04904913902282715,-60.33421013620436,24.871101325032427,0.0,-1.851898176006205,-60.445356000000004,24.101721,-0.044213,-1.8366352154,0.11114586379564173,0.7693803250324258,0.044213,-0.015262960606204912,-0.874503225609978,0.77862332160993
1723528289.5366125,76.01513361930847,1723528289.5705855,-0.033972978591918945,-60.46152068138111,24.62339214968065,0.0,-1.8515076770019372,-60.570943,23.874996,-0.041827,-1.8361764581,0.10942231861888985,0.7483961496806515,0.041827,-0.015331218901937225,-0.8784141378721954,0.7575087713008728
1723528289.6366122,76.11513328552246,1723528289.6637936,-0.027181386947631836,-60.588606872145625,24.37823551424213,0.0,-1.85158949822826,-60.699165,23.614324,-0.040209,-1.8353156903999999,0.11055812785437524,0.7639115142421318,0.040209,-0.016273807828260045,-0.9324205051662606,0.7729169844862843
1723528289.7366123,76.21513342857361,1723528289.7451856,-0.008573293685913086,-60.71206514512214,24.1311066223471,0.0,-1.8514159049960184,-60.820126,23.363281,-0.045473,-1.8356209661,0.10806085487786277,0.7678256223471003,0.045473,-0.01579493889601835,-0.9049833364088754,0.7767246155611695
1723528289.8366122,76.31513333320618,1723528289.8538315,-0.01721930503845215,-60.84538477310893,23.87953686242087,0.0,-1.850416651801901,-60.944282,23.120238,-0.042493,-1.8357371331999999,0.09889722689106861,0.7592988624208701,0.042493,-0.014679518601901087,-0.8410744611727151,0.7668905260918085
1723528289.936612,76.41513299942017,1723528289.987714,-0.0511021614074707,-60.97658752003641,23.6378913727061,0.0,-1.850836762321498,-61.080505,22.876761000000002,-0.037815,-1.8353093840999999,0.10391747996359157,0.7611303727060985,0.037815,-0.015527378221498188,-0.8896532389951964,0.7691217466192904
1723528290.036612,76.51513314247131,1723528290.0747018,-0.038089752197265625,-61.1077297360505,23.39523687698756,0.0,-1.850417487132013,-61.206008000000004,22.628882,-0.034845,-1.8349087239,0.09827826394950279,0.7663548769875597,0.034845,-0.015508763232013001,-0.8885866786620149,0.7734161807672153
1723528290.136612,76.61513304710388,1723528290.1736786,-0.03706669807434082,-61.23828257120027,23.152818342354212,0.0,-1.8512851940209598,-61.328512,22.398961,-0.023188,-1.8362416449999999,0.09022942879973073,0.7538573423542125,0.023188,-0.015043549020959945,-0.8619318677991665,0.7595919468944375
1723528290.236612,76.71513319015503,1723528290.255303,-0.018690824508666992,-61.37167041185819,22.911565297705565,0.0,-1.8517105098586961,-61.463115,22.151949000000002,-0.038154,-1.8359272136,0.09144458814181178,0.7596162977055627,0.038154,-0.015783296258696122,-0.9043162624279102,0.7660514082986413
1723528290.336612,76.8151330947876,1723528290.3396225,-0.0030105113983154297,-61.493583399244585,22.662564624937122,0.0,-1.8514030228706233,-61.589735000000005,21.885089,-0.034782,-1.835681932,0.09615160075541951,0.7774756249371215,0.034782,-0.015721090870623344,-0.9007521562283666,0.7841704312349436
1723528290.436612,76.91513299942017,1723528290.4724526,-0.035840749740600586,-61.62109648146009,22.409247513730847,0.0,-1.8521357642050635,-61.730050000000006,21.621893,-0.040888,-1.8359612994999999,0.10895351853991286,0.7873545137308469,0.040888,-0.01617446470506367,-0.9267285634834601,0.7959081781452968
1723528290.5266118,77.00513291358948,1723528290.4724526,0.05415916442871094,-61.75999257206301,22.154899692408545,0.0,-1.8512787836087488,-61.730050000000006,21.621893,-0.040888,-1.8359612994999999,-0.029942572063006878,0.533006692408545,0.040888,-0.015317484108748891,-0.8776271921900187,0.5354106090824552
1723528290.6666117,77.14513278007507,1723528290.6862378,-0.019626140594482422,-61.88524769946003,21.8951495803557,0.0,-1.851238454258027,-62.006962,21.122591,-0.02316,-1.8342157881,0.12171430053997057,0.7725585803556996,0.02316,-0.017022666158026833,-0.9753269269151136,0.7824305187281158
1723528290.7366116,77.21513271331787,1723528290.7719197,-0.035308122634887695,-62.025774914590556,21.640563535495918,0.0,-1.8508084544242003,-62.141626,20.868739,-0.013797,-1.8332063366,0.11585108540944589,0.7718245354959166,0.013797,-0.017602117824200292,-1.0085270618186764,0.780592688149866
1723528290.8366117,77.31513285636902,1723528290.8524525,-0.015840768814086914,-62.171697237388436,21.389429111657844,0.0,-1.8510127737742854,-62.275261,20.607952,-0.008185999999999999,-1.8335901924,0.10356376261156441,0.7814771116578427,0.008185999999999999,-0.01742258137428543,-0.9982403809697927,0.7883520403774883
1723528290.9666116,77.44513273239136,1723528290.974811,-0.008199453353881836,-62.32010031709023,21.128102206026163,0.0,-1.85049026539663,-62.398712,20.339079,-0.016586,-1.8343568156999999,0.0786116829097736,0.7890232060261617,0.016586,-0.01613344969663011,-0.9243785766035236,0.793103090230841
1723528291.0366118,77.51513290405273,1723528291.0738237,-0.03721189498901367,-62.45710790965218,20.86980796379246,0.0,-1.8498881027451202,-62.544136,20.076759000000003,-0.01854,-1.8342714696,0.08702809034782177,0.793048963792458,0.01854,-0.015616633145120183,-0.8947671694194993,0.7980252371209071
1723528291.1366115,77.61513257026672,1723528291.176816,-0.040204524993896484,-62.599068559224335,20.60461105849264,0.0,-1.849104665001489,-62.702747,19.798468,-0.026966,-1.8313719248,0.10367844077566701,0.8061430584926406,0.026966,-0.017732740201489072,-1.016011172747289,0.813229988990533
1723528291.2366114,77.71513247489929,1723528291.267667,-0.031055688858032227,-62.74166525256298,20.34989134841029,0.0,-1.8486941760162034,-62.840672000000005,19.529299,-0.03136,-1.8321761684,0.09900674743702353,0.8205923484102868,0.03136,-0.016518007616203482,-0.9464121223734092,0.8271381915421195
1723528291.3366115,77.81513261795044,1723528291.3778403,-0.0412287712097168,-62.890876203694006,20.0766664314118,0.0,-1.8478685713680152,-62.985302000000004,19.259272,-0.030885000000000003,-1.830601821,0.09442579630599823,0.8173944314118025,0.030885000000000003,-0.017266750368015282,-0.9893119219932367,0.8234098437206381
1723528291.4666111,77.9451322555542,1723528291.466574,3.719329833984375e-05,-63.02810547555945,19.813298495224803,0.0,-1.847973624290256,-63.116065,18.999813,-0.035478,-1.83090332,0.08795952444054933,0.8134854952248034,0.035478,-0.017070304290256022,-0.9780563908357323,0.818995859186694
1723528291.5366113,78.01513242721558,1723528291.580743,-0.04413175582885742,-63.169039582863356,19.555304320313038,0.0,-1.8475946455400973,-63.25471,18.740624,-0.028629,-1.8316288473,0.08567041713664736,0.8146803203130375,0.028629,-0.01596579824009736,-0.914772855714976,0.8196725348080905
1723528291.6366112,78.11513233184814,1723528291.6647248,-0.028113603591918945,-63.31680338811299,19.281480667979984,0.0,-1.8465842827045844,-63.393108000000005,18.473979,-0.015733,-1.8306558915,0.07630461188701787,0.8075016679799845,0.015733,-0.015928391204584447,-0.9126295904559902,0.8112514190278409
1723528291.7666109,78.2451319694519,1723528291.7753217,-0.008710861206054688,-63.46801145728783,19.000872135493907,0.0,-1.8459424049152509,-63.539421000000004,18.203035,-0.012506,-1.8306447912,0.07140954271217481,0.7978371354939071,0.012506,-0.015297613715250957,-0.876488702505323,0.8011240962544349
1723528291.866611,78.34513211250305,1723528291.8760257,-0.0094146728515625,-63.617501638710614,18.72155863780681,0.0,-1.845279477161411,-63.677752000000005,17.936683000000002,-0.027106,-1.8310875548999999,0.06025036128939121,0.7848756378068096,0.027106,-0.014191922261411083,-0.8131372487566141,0.7876513239334701
1723528291.966611,78.44513201713562,1723528291.9766867,-0.010075807571411133,-63.75777505194917,18.45448860557903,0.0,-1.8453474991419545,-63.810161,17.652789000000002,-0.026756000000000002,-1.8303066144,0.05238594805083352,0.801699605579028,0.026756000000000002,-0.015040884741954532,-0.8617792158567109,0.803854731076924
1723528292.0666106,78.54513168334961,1723528292.0801535,-0.013542890548706055,-63.89652712846164,18.172946932699645,0.0,-1.8442849443977094,-63.966162000000004,17.363813,-0.027085,-1.8287702715,0.06963487153836212,0.8091339326996447,0.027085,-0.015514672897709357,-0.8889252775647493,0.812576355553838
1723528292.1666105,78.64513158798218,1723528292.1641068,0.002503633499145508,-64.0411022697628,17.88767910670692,0.0,-1.8435631485341795,-64.101277,17.085497,-0.021468,-1.8293509903,0.06017473023719333,0.802182106706919,0.021468,-0.014212158234179428,-0.8142966845905819,0.8047223157735033
1723528292.2666104,78.74513149261475,1723528292.3118975,-0.045287132263183594,-64.17799772926361,17.611426378310988,0.0,-1.844234663491732,-64.248019,16.803991,-0.02579,-1.829077702,0.0700212707363903,0.8074353783109878,0.02579,-0.015156961491731957,-0.8684299237185535,0.8108760648852245
1723528292.3666105,78.8451316356659,1723528292.375408,-0.008797407150268555,-64.33306371141757,17.319260049742613,0.0,-1.8419445262990546,-64.39658800000001,16.523101,-0.029301,-1.8266034116,0.06352428858244252,0.796159049742613,0.029301,-0.015341114699054526,-0.8789811252819344,0.7992265738374607
1723528292.4666104,78.94513154029846,1723528292.4862292,-0.019618749618530273,-64.48015296770295,17.05271460825389,0.0,-1.842069743089442,-64.54946100000001,16.243891,-0.039616,-1.8285888406,0.06930803229705873,0.8088236082538884,0.039616,-0.013480902489442004,-0.7723988166724316,0.8127537511852712
1723528292.5666103,79.04513144493103,1723528292.5543358,0.012274503707885742,-64.6272930942043,16.784156104629638,0.0,-1.8428105560187047,-64.687183,15.959895999999999,-0.05822,-1.8275635918,0.05988990579569986,0.824260104629639,0.05822,-0.01524696421870475,-0.8735867001187628,0.8284811942948863
1723528292.6666105,79.14513158798218,1723528292.6693292,-0.002718687057495117,-64.75981893771888,16.50536275314532,0.0,-1.8412345905236072,-64.81038600000001,15.663395999999999,-0.053588000000000004,-1.8270891224999999,0.05056706228113228,0.8419667531453214,0.053588000000000004,-0.014145468023607277,-0.810475616989959,0.8451844265802693
1723528292.7666101,79.24513125419617,1723528292.7748816,-0.008271455764770508,-64.90049479905716,16.2509124062765,0.0,-1.8414508913648193,-64.972103,15.374464999999999,-0.040998,-1.8257789843,0.07160820094284759,0.8764474062764993,0.040998,-0.015671907064819246,-0.8979341317354007,0.880323023903768
1723528292.8666103,79.34513139724731,1723528292.8974395,-0.030829191207885742,-65.05697480335078,15.98404916504647,0.0,-1.8408817273996698,-65.11612,15.115483999999999,-0.030858,-1.8261450145,0.059145196649211584,0.868565165046471,0.030858,-0.014736712899669824,-0.8443514530470783,0.8711233072205549
1723528292.9666102,79.44513130187988,1723528292.9841855,-0.01757526397705078,-65.20798702961218,15.730288825200946,0.0,-1.8410382346317247,-65.238409,14.850722,-0.020710000000000003,-1.8274484455,0.030421970387820352,0.8795668252009463,0.020710000000000003,-0.013589789131724705,-0.7786375617205812,0.8803364131832497
1723528293.06661,79.54513120651245,1723528293.08513,-0.018519878387451172,-65.35781185490727,15.471216024365873,0.0,-1.8407150731462012,-65.37535,14.595540999999999,-0.014681999999999999,-1.8267014931,0.017538145092728996,0.875675024365874,0.014681999999999999,-0.014013580046201124,-0.8029189925160696,0.8759736845108235
1723528293.1666102,79.6451313495636,1723528293.1936338,-0.0270235538482666,-65.49487896886826,15.191510121438062,0.0,-1.838346044335561,-65.513357,14.318722999999999,-0.004529999999999999,-1.824957889,0.018478031131735406,0.8727871214380638,0.004529999999999999,-0.013388155335561036,-0.7670847961932018,0.8729944546688981
1723528293.2666104,79.74513149261475,1723528293.2787366,-0.01212620735168457,-65.62595405988579,14.914809112947443,0.0,-1.837805931864822,-65.642508,14.052442,0.005731,-1.8235094873,0.016553940114221177,0.8623671129474442,-0.005731,-0.014296444564822153,-0.8191259356070543,0.8625450218902287
1723528293.3666105,79.8451316356659,1723528293.400128,-0.03351736068725586,-65.7524835033137,14.664869763038336,0.0,-1.8370198941600162,-65.76579100000001,13.784671999999999,0.029987999999999997,-1.8215140242999999,0.01330749668630915,0.8801977630383373,-0.029987999999999997,-0.015505869860016343,-0.888420900658045,0.8808089870509662
1723528293.4666104,79.94513154029846,1723528293.5260656,-0.059455156326293945,-65.88150542828043,14.393762061969323,0.0,-1.8357402811783212,-65.89536,13.529252,0.064597,-1.8223134938,0.013854571719562614,0.8645100619693231,-0.064597,-0.013426787378321148,-0.7692982491973251,0.8670307773157395
1723528293.5666103,80.04513144493103,1723528293.5260656,0.040544748306274414,-66.01322283425611,14.150997586243026,0.0,-1.8350898018092394,-65.89536,13.529252,0.064597,-1.8223134938,-0.11786283425611543,0.6217455862430263,-0.064597,-0.012776308009239346,-0.7320285266886053,0.6361069046320508
1723528293.6666105,80.14513158798218,1723528293.7018101,-0.035199642181396484,-66.1349950477511,13.90256962255251,0.0,-1.8347722255110526,-66.14415100000001,13.044383,0.10083800000000001,-1.8202661603999999,0.009155952248903532,0.8581866225525108,-0.10083800000000001,-0.01450606511105268,-0.8311363082052904,0.8641391165973623
1723528293.7666104,80.24513149261475,1723528293.7824643,-0.0158538818359375,-66.25721081440551,13.652575698705613,0.0,-1.832916269396872,-66.260323,12.778640999999999,0.10792,-1.8187638792,0.003112185594488892,0.8739346987056145,-0.10792,-0.014152390196871867,-0.8108722283030783,0.8805783722649834
1723528293.8666105,80.3451316356659,1723528293.8916876,-0.025077104568481445,-66.38132465621703,13.409273025699717,0.0,-1.8328664841688238,-66.373579,12.532902,0.12098800000000001,-1.8199056892,-0.007745656217025498,0.8763710256997168,-0.12098800000000001,-0.012960794968823741,-0.7425988508479917,0.8847170542157566
1723528293.9666104,80.44513154029846,1723528293.9723623,-0.005751848220825195,-66.50675991884984,13.165434901228629,0.0,-1.8320433727222047,-66.491057,12.282186999999999,0.145619,-1.8183112127,-0.015702918849839875,0.8832479012286303,-0.145619,-0.013732160022204674,-0.7867948128706027,0.8953090694537752
1723528294.0666103,80.54513144493103,1723528294.1170194,-0.05040907859802246,-66.62251201856915,12.91844200022277,0.0,-1.830935685769071,-66.608283,12.031944999999999,0.176759,-1.8164239288,-0.014229018569153595,0.8864970002227714,-0.176759,-0.014511756969071145,-0.8314624276473361,0.9040592571587405
1723528294.1666105,80.64513158798218,1723528294.2024605,-0.03585004806518555,-66.73679622339611,12.672131306218002,0.0,-1.8308814269758231,-66.72054,11.795985,0.213279,-1.8160329348,-0.016256223396112546,0.8761463062180024,-0.213279,-0.01484849217582318,-0.850755933807693,0.9018783435361745
1723528294.2666104,80.74513149261475,1723528294.283362,-0.016751527786254883,-66.84582940833955,12.439706276747414,0.0,-1.829881356212028,-66.83977300000001,11.561620999999999,0.225295,-1.815106677,-0.006056408339546238,0.8780852767474148,-0.225295,-0.014774679212028019,-0.8465267625088783,0.906547445171823
1723528294.3666103,80.84513139724731,1723528294.394837,-0.028226613998413086,-66.95672424220699,12.204370404053886,0.0,-1.8287511624243467,-66.939515,11.332790999999999,0.245165,-1.8141650835,-0.01720924220698805,0.8715794040538878,-0.245165,-0.0145860789243466,-0.8357207620097797,0.9055676080852655
1723528294.4666104,80.94513154029846,1723528294.4965072,-0.02989673614501953,-67.06630939913094,11.97384968280269,0.0,-1.8287941616683518,-67.044652,11.116213,0.259301,-1.8137694977,-0.021657399130944555,0.8576366828026902,-0.259301,-0.015024663968351781,-0.8608498339888362,0.8962403311762528
1723528294.5666103,81.04513144493103,1723528294.6060312,-0.03942084312438965,-67.17316427380925,11.760014904518243,0.0,-1.8278656381213563,-67.149668,10.884405,0.27503999999999995,-1.8121087444,-0.023496273809243462,0.8756099045182442,-0.27503999999999995,-0.015756893721356354,-0.9028035084699049,0.9180913796422269
1723528294.6666105,81.14513158798218,1723528294.6922286,-0.02561807632446289,-67.28675578865071,11.532729991026633,0.0,-1.8272711758716527,-67.25386,10.638770999999998,0.28940699999999997,-1.8101595948,-0.032895788650705526,0.8939589910266346,-0.28940699999999997,-0.01711158107165267,-0.9804213762016444,0.9402133918410811
1723528294.7666104,81.24513149261475,1723528294.8139045,-0.04729413986206055,-67.40234196848861,11.308236920134078,0.0,-1.8268240740688384,-67.366298,10.421325999999999,0.302685,-1.8097716432,-0.03604396848861313,0.8869109201340795,-0.302685,-0.017052430868838453,-0.9770323192230468,0.9378317317848056
1723528294.8666105,81.3451316356659,1723528294.9021068,-0.03549623489379883,-67.51059091241285,11.088584400946285,0.0,-1.8259251878575018,-67.469939,10.231428,0.32577,-1.810446175,-0.04065191241285504,0.8571564009462858,-0.32577,-0.01547901285750175,-0.8868821077635867,0.9178756814329554
1723528294.9666104,81.44513154029846,1723528294.992921,-0.02631068229675293,-67.61252171181813,10.879660198428505,0.0,-1.8247857297600791,-67.57380500000001,10.030513,0.346151,-1.8097613916,-0.038716711818125304,0.849147198428506,-0.346151,-0.015024338160079198,-0.8608311665498867,0.917807421616315
1723528295.0666103,81.54513144493103,1723528295.1089716,-0.04236125946044922,-67.71365150313065,10.676876448040462,0.0,-1.8242636598861612,-67.670753,9.832692,0.36590599999999995,-1.809345913,-0.04289850313064392,0.8441844480404619,-0.36590599999999995,-0.01491774688616121,-0.854723936421463,0.9210726707053191
1723528295.1666102,81.6451313495636,1723528295.1089716,0.05763864517211914,-67.81681094044923,10.475459574249383,0.0,-1.8243291397999866,-67.670753,9.832692,0.36590599999999995,-1.809345913,-0.14605794044922504,0.6427675742493832,-0.36590599999999995,-0.014983226799986538,-0.8584756591265347,0.7539033607238436
1723528295.26661,81.74513101577759,1723528295.2276478,0.03896212577819824,-67.92252775835024,10.285167172285885,0.0,-1.8238656849011416,-67.767543,9.617699,0.38226,-1.8087412779,-0.1549847583502384,0.6674681722858846,-0.38226,-0.015124407001141593,-0.8665646888035273,0.7846379699807684
1723528295.39661,81.8751311302185,1723528295.4169133,-0.02030324935913086,-68.01476391373815,10.10279138702715,0.0,-1.8227452963844437,-67.966019,9.217789999999999,0.42816699999999996,-1.8077475155,-0.04874491373814749,0.8850013870271507,-0.42816699999999996,-0.014997780884443701,-0.8593095467406071,0.9843426748568407
1723528295.49661,81.97513103485107,1723528295.5177808,-0.021170854568481445,-68.10155074709566,9.898521242579466,0.0,-1.8223570669133757,-68.054405,9.033779,0.43785999999999997,-1.8061736231,-0.04714574709565511,0.8647422425794673,-0.43785999999999997,-0.01618344381337566,-0.927243028493528,0.9704242614292852
1723528295.5966098,82.07513093948364,1723528295.6063054,-0.00969552993774414,-68.18808902039693,9.70730135301801,0.0,-1.821861716633423,-68.139469,8.840637,0.454306,-1.8058031503,-0.0486200203969247,0.8666643530180114,-0.454306,-0.016058566333422952,-0.9200880759360083,0.9797269766682581
1723528295.69661,82.17513108253479,1723528295.7466903,-0.050080299377441406,-68.27661289793703,9.513255026665137,0.0,-1.8206821800743869,-68.232446,8.641981999999999,0.465441,-1.8049871618,-0.04416689793703199,0.8712730266651381,-0.465441,-0.015695018274386907,-0.89925830650307,0.9887885144704153
1723528295.7966099,82.27513098716736,1723528295.8360343,-0.03942441940307617,-68.37209568291249,9.307147346383157,0.0,-1.8192542070313678,-68.333228,8.455019,0.482531,-1.8044269495,-0.03886768291248188,0.8521283463831573,-0.482531,-0.01482725753136771,-0.8495392783009337,0.9800355000946034
1723528295.89661,82.3751311302185,1723528295.9175515,-0.020941495895385742,-68.46773136038522,9.111533734175879,0.0,-1.8187921290315892,-68.42026800000001,8.264304,0.5021570000000001,-1.8034596633,-0.047463360385208375,0.8472297341758797,-0.5021570000000001,-0.015332465731589197,-0.8784855759490251,0.9860084409881023
1723528295.99661,82.47513103485107,1723528295.9988506,-0.0022406578063964844,-68.5596183989887,8.914672331178508,0.0,-1.818177677484851,-68.511775,8.080001999999999,0.49676099999999995,-1.8033569007999999,-0.04784339898870371,0.8346703311785095,-0.49676099999999995,-0.014820776684851156,-0.849167953147863,0.9724890969555572
1723528296.0966098,82.57513093948364,1723528296.1153991,-0.018789291381835938,-68.65432097316348,8.714343781893167,0.0,-1.8162682810951558,-68.606098,7.879733,0.506923,-1.8012430029,-0.04822297316347601,0.8346107818931667,-0.506923,-0.015025278195155867,-0.8608850265923741,0.97768683141487
1723528296.19661,82.67513108253479,1723528296.2398841,-0.0432741641998291,-68.75336083368086,8.499616173813779,0.0,-1.8165546104245105,-68.697874,7.686516,0.505873,-1.8011942658,-0.055486833680859604,0.8131001738137789,-0.505873,-0.015360344624510525,-0.8800829188509143,0.9592279048781498
1723528296.2966099,82.77513098716736,1723528296.3304853,-0.033875465393066406,-68.84934963981186,8.32605666450914,0.0,-1.8160545322248225,-68.794341,7.500844,0.5282830000000001,-1.8020304201,-0.05500863981185944,0.8252126645091407,-0.5282830000000001,-0.014024112124822574,-0.8035224361705786,0.9813688502338082
1723528296.39661,82.8751311302185,1723528296.4247372,-0.028127193450927734,-68.94163566018537,8.133215795155145,0.0,-1.8143958220428245,-68.885806,7.296914,0.5504020000000001,-1.7999991014999999,-0.05582966018536695,0.836301795155145,-0.5504020000000001,-0.014396720542824593,-0.8248713259331407,1.0027262862517028
1723528296.49661,82.97513103485107,1723528296.5347168,-0.03810691833496094,-69.02826833389595,7.935579965546973,0.0,-1.8124383929399286,-68.962734,7.108891,0.548138,-1.798037597,-0.06553433389595398,0.8266889655469729,-0.548138,-0.014400795939928601,-0.8251048289870403,0.9940647170684164
1723528296.5966098,83.07513093948364,1723528296.6152983,-0.018688440322875977,-69.1233524577946,7.7518301643659635,0.0,-1.8111880515035825,-69.053254,6.917823,0.5530360000000001,-1.7971603401,-0.07009845779460022,0.8340071643659632,-0.5530360000000001,-0.014027711403582499,-0.8037286596528134,1.0031602869406944
1723528296.69661,83.17513108253479,1723528296.736297,-0.03968691825866699,-69.21809596530834,7.562661022778217,0.0,-1.811254007388796,-69.143061,6.730479,0.5591430000000001,-1.7964608644,-0.07503496530833331,0.8321820227782171,-0.5591430000000001,-0.014793142988795973,-0.8475846589915537,1.0053845331528966
1723528296.7966099,83.27513098716736,1723528296.8167388,-0.020128965377807617,-69.30766770308522,7.367010458459716,0.0,-1.808682035707096,-69.239535,6.531491,0.569756,-1.7948528595,-0.06813270308521169,0.8355194584597161,-0.569756,-0.013829176207096115,-0.7923534308093431,1.0135860744063698
1723528296.89661,83.3751311302185,1723528296.9382663,-0.0416562557220459,-69.39493244822735,7.171046981245071,0.0,-1.8060860521299453,-69.330849,6.335821,0.584554,-1.7927457983,-0.06408344822735046,0.8352259812450704,-0.584554,-0.013340253829945414,-0.7643402420891044,1.021475651691952
1723528296.99661,83.47513103485107,1723528297.0539627,-0.05735278129577637,-69.48857523327877,6.968201665796315,0.0,-1.8037343851926375,-69.412566,6.1486,0.5965670000000001,-1.7905310772,-0.07600923327876785,0.8196016657963145,-0.5965670000000001,-0.013203307992637468,-0.7564938235894739,1.0165709417491333
1723528297.0966098,83.57513093948364,1723528297.0539627,0.04264712333679199,-69.58578255985563,6.778020894041453,0.0,-1.8022045233705326,-69.412566,6.1486,0.5965670000000001,-1.7905310772,-0.1732165598556321,0.629420894041453,-0.5965670000000001,-0.011673446170532564,-0.668839197944669,0.8843454211749852
1723528297.19661,83.67513108253479,1723528297.1516175,0.04499244689941406,-69.68557787253765,6.58598520420942,0.0,-1.8006404040295545,-69.498227,5.9458660000000005,0.60453,-1.7890207508,-0.1873508725376496,0.6401192042094195,-0.60453,-0.011619653229554494,-0.6657570894590292,0.9001719091030997
1723528297.2966099,83.77513098716736,1723528297.2565866,0.0400233268737793,-69.78186896957261,6.387480499667251,0.0,-1.797761334338928,-69.59923,5.754876,0.614105,-1.7869353826,-0.18263896957260783,0.6326044996672504,-0.614105,-0.010825951738927975,-0.6202813438528874,0.9003723658746953
1723528297.39661,83.8751311302185,1723528297.4461648,-0.04955482482910156,-69.87736971629641,6.180035374301684,0.0,-1.7954373649640345,-69.774591,5.321814,0.611,-1.7817002327,-0.10277871629641311,0.8582213743016842,-0.611,-0.013737132264034502,-0.7870797013421702,1.0585029011919664
1723528297.4966097,83.9751307964325,1723528297.5436106,-0.047000885009765625,-69.97067391295849,5.961558617959166,0.0,-1.7920383438870229,-69.873234,5.116821,0.607885,-1.7786460138,-0.09743991295849241,0.8447376179591659,-0.607885,-0.013392330087022897,-0.7673239918324825,1.0452752522937125
1723528297.5966096,84.07513070106506,1723528297.5436106,0.052999019622802734,-70.06459384343707,5.731356850823962,0.0,-1.7884917145827726,-69.873234,5.116821,0.607885,-1.7786460138,-0.1913598434370698,0.6145358508239624,-0.607885,-0.009845700782772582,-0.5641171012015199,0.8853231471350963
1723528297.6966097,84.17513084411621,1723528297.6696434,0.026966333389282227,-70.16385863887163,5.519325739978225,0.0,-1.7854115046921986,-69.963449,4.892912,0.6097790000000001,-1.7746929903,-0.20040963887163343,0.6264137399782248,-0.6097790000000001,-0.01071851439219862,-0.6141256373232117,0.8968771520265
1723528297.7966096,84.27513074874878,1723528297.8167338,-0.020124197006225586,-70.25905875226641,5.299530452389237,0.0,-1.782455260209483,-70.160538,4.449825000000001,0.6057750000000001,-1.7685530596999999,-0.09852075226640977,0.8497054523892364,-0.6057750000000001,-0.013902200509483098,-0.7965374151380044,1.0481741482559739
1723528297.8966098,84.37513089179993,1723528297.92576,-0.02915024757385254,-70.34934477913288,5.069590523868882,0.0,-1.7784651165953138,-70.247265,4.2291620000000005,0.611114,-1.7654522737,-0.10207977913287891,0.8404285238688818,-0.611114,-0.01301284289531379,-0.7455809773682788,1.044126767225247
1723528297.9966097,84.4751307964325,1723528298.0560286,-0.05941891670227051,-70.45099425208018,4.840597506959502,0.0,-1.773565685654708,-70.346688,3.990752,0.613511,-1.760468637,-0.1043062520801783,0.8498455069595017,-0.613511,-0.013097048654707953,-0.7504056119922583,1.0533341953260922
1723528298.0966096,84.57513070106506,1723528298.0560286,0.04058098793029785,-70.5565043225266,4.611143000713397,0.0,-1.7699119327501014,-70.346688,3.990752,0.613511,-1.760468637,-0.2098163225266063,0.6203910007133966,-0.613511,-0.009443295750101386,-0.5410609911746364,0.8973871127254718
1723528298.1966097,84.67513084411621,1723528298.1569095,0.03970026969909668,-70.65626663928998,4.36580879700122,0.0,-1.7659978513264056,-70.445081,3.7580810000000002,0.613019,-1.7563877454999999,-0.21118563928997958,0.6077277970012198,-0.613019,-0.009610105826405757,-0.550618504527132,0.8886645845600426
1723528298.2966096,84.77513074874878,1723528298.336013,-0.039403438568115234,-70.75300008896322,4.134304456419042,0.0,-1.7623054958322806,-70.637738,3.2891310000000002,0.6246970000000001,-1.7480685274999999,-0.11526208896322032,0.8451734564190421,-0.6246970000000001,-0.014236968332280718,-0.8157181985010914,1.0572841918786433
1723528298.3966098,84.87513089179993,1723528298.4397707,-0.04316091537475586,-70.8462581573107,3.8969972310519445,0.0,-1.7584526987209357,-70.72914300000001,3.05831,0.627807,-1.7442025398,-0.11711515731069255,0.8386872310519444,-0.627807,-0.01425015892093562,-0.8164739635603104,1.0541602633615468
1723528298.4966097,84.9751307964325,1723528298.5504253,-0.053815603256225586,-70.93844104209414,3.653794345078804,0.0,-1.754996519345854,-70.820881,2.8149300000000004,0.620723,-1.7408277531,-0.11756004209414073,0.8388643450788038,-0.620723,-0.01416876624585406,-0.8118105067948574,1.0501479875096968
1723528298.5966096,85.07513070106506,1723528298.5504253,0.04618430137634277,-71.03816232587573,3.406943282329495,0.0,-1.75039996650747,-70.820881,2.8149300000000004,0.620723,-1.7408277531,-0.21728132587573157,0.5920132823294946,-0.620723,-0.009572213407470054,-0.5484474288465746,0.8848660597841109
1723528298.6966095,85.17513060569763,1723528298.656305,0.04030442237854004,-71.13640341113825,3.1623439374914635,0.0,-1.7461159780883533,-70.918228,2.5531680000000003,0.618082,-1.7361714447,-0.21817541113824745,0.6091759374914631,-0.618082,-0.009944533388353216,-0.5697797923795713,0.8948302585227806
1723528298.8266094,85.30513048171997,1723528298.8465056,-0.019896268844604492,-71.23108085945465,2.9154194219244802,0.0,-1.7418584042479892,-71.111399,2.0614790000000003,0.6139370000000001,-1.7282499059,-0.11968185945464427,0.8539404219244799,-0.6139370000000001,-0.01360849834798916,-0.7797095208505319,1.0585162406161182
1723528298.9366095,85.41513061523438,1723528298.9537222,-0.01711273193359375,-71.3349665860126,2.6557365962684205,0.0,-1.7367623748545535,-71.209452,1.8066339999999999,0.610334,-1.7229349745,-0.12551458601259924,0.8491025962684207,-0.610334,-0.013827400354553543,-0.7922516819536162,1.0532030772114591
1723528299.0266092,85.50513029098511,1723528299.08724,-0.06063079833984375,-71.44024494343864,2.4062160538595814,0.0,-1.734567410440289,-71.310029,1.5558109999999998,0.6185630000000001,-1.7196250963,-0.1302159434386425,0.8504050538595815,-0.6185630000000001,-0.014942314140289126,-0.856131536397218,1.0596061214076358
1723528299.096609,85.5751302242279,1723528299.08724,0.009369134902954102,-71.54931783659082,2.156305138000237,0.0,-1.7299640879909928,-71.310029,1.5558109999999998,0.6185630000000001,-1.7196250963,-0.23928883659081635,0.6004941380002373,-0.6185630000000001,-0.010338991690992838,-0.5923805883147159,0.8946913110445606
1723528299.1966093,85.67513036727905,1723528299.184138,0.012471199035644531,-71.67013255944319,1.9048600094918198,0.0,-1.727247708029721,-71.417711,1.297148,0.627623,-1.716186948,-0.2524215594431922,0.6077120094918198,-0.627623,-0.011060760029721006,-0.6337348679100087,0.9093630519662204
1723528299.296609,85.77513003349304,1723528299.2833757,0.013233184814453125,-71.76346461460805,1.6412170739856025,0.0,-1.7222443917953596,-71.51627,1.03676,0.637233,-1.7122940414999999,-0.24719461460804837,0.6044570739856026,-0.637233,-0.009950350295359733,-0.5701130766008649,0.9124359857389766
1723528299.4266088,85.90512990951538,1723528299.3908405,0.03576827049255371,-71.86386249381734,1.3740214126383148,0.0,-1.7184982490615026,-71.61509000000001,0.761229,0.626787,-1.7086673019,-0.24877249381732724,0.6127924126383147,-0.626787,-0.009830947161502568,-0.5632717809702137,0.9111883658367125
1723528299.536609,86.01513004302979,1723528299.5896366,-0.05302762985229492,-71.9490873033577,1.1105179590341285,0.0,-1.7140334759498006,-71.792344,0.232539,0.640787,-1.6997487687,-0.15674330335770037,0.8779789590341285,-0.640787,-0.014284707249800688,-0.8184534369935088,1.098191010263304
1723528299.6366088,86.11512994766235,1723528299.5896366,0.04697227478027344,-72.0145873501465,0.830406563622224,0.0,-1.7097335312336748,-71.792344,0.232539,0.640787,-1.6997487687,-0.2222433501464991,0.5978675636222239,-0.640787,-0.009984762533674862,-0.5720847526199201,0.9041270428899434
1723528299.736609,86.2151300907135,1723528299.72408,0.01252889633178711,-72.10111332270093,0.5682259457300635,0.0,-1.7076512776069295,-71.888885,-0.030622000000000003,0.629409,-1.6953853916,-0.2122283227009234,0.5988479457300635,-0.629409,-0.01226588600692957,-0.7027835001856384,0.8943239974095318
1723528299.836609,86.31512999534607,1723528299.8483346,-0.011725664138793945,-72.22241584617761,0.30715907609620086,0.0,-1.7050975405984947,-71.982812,-0.305134,0.6180950000000001,-1.6912165679,-0.23960384617761576,0.6122930760962009,-0.6180950000000001,-0.013880972698494752,-0.7953211511600706,0.9024157817566438
1723528299.9266086,86.4051296710968,1723528299.9322479,-0.005639314651489258,-72.3521637949666,0.04537209116892884,0.0,-1.7017166156855126,-72.078974,-0.564966,0.627981,-1.6896839748999999,-0.2731897949665978,0.6103380911689288,-0.627981,-0.012032640785512696,-0.6894195334068571,0.9173360267462646
1723528300.0366087,86.5151298046112,1723528300.0415034,-0.004894733428955078,-72.469488752252,-0.21643705991905093,0.0,-1.6995721535085822,-72.18473900000001,-0.829596,0.640676,-1.6865046012,-0.2847497522519973,0.6131589400809491,-0.640676,-0.013067552308582142,-0.7487155958481924,0.9314032661445668
1723528300.1366086,86.61512970924377,1723528300.1250877,0.011520862579345703,-72.5513277425871,-0.48970903983337,0.0,-1.6969438747292143,-72.28845700000001,-1.109083,0.656396,-1.6841628969,-0.2628707425870971,0.61937396016663,-0.656396,-0.01278097782921428,-0.7322960876642549,0.9399898077409063
1723528300.2366083,86.71512937545776,1723528300.2075255,0.029082775115966797,-72.63333362871398,-0.7586511875877975,0.0,-1.6949005783658617,-72.379785,-1.364762,0.66254,-1.6811023614,-0.2535486287139861,0.6061108124122025,-0.66254,-0.013798216965861698,-0.7905795969496836,0.9330683124218306
1723528300.3366084,86.81512951850891,1723528300.316813,0.01979541778564453,-72.72300905614678,-1.0380567591032903,0.0,-1.6922661929397491,-72.461768,-1.647035,0.668558,-1.6800053226,-0.2612410561467726,0.6089782408967097,-0.668558,-0.012260870339749097,-0.702496123624755,0.9413135432289989
1723528300.4366083,86.91512942314148,1723528300.4172785,0.01932978630065918,-72.80752195877383,-1.3066404296797973,0.0,-1.6882964866218946,-72.53612100000001,-1.918133,0.672089,-1.6772536793,-0.27140095877382464,0.6114925703202028,-0.672089,-0.011042807321894664,-0.6327062535207277,0.948306526341119
1723528300.5366085,87.01512956619263,1723528300.5010154,0.03559303283691406,-72.89945955373635,-1.5743572626409987,0.0,-1.6868080561934655,-72.62989900000001,-2.1834919999999998,0.69384,-1.6736054699,-0.2695605537363406,0.609134737359001,-0.69384,-0.01320258629346549,-0.7564524732728415,0.9618326080914816
1723528300.6366084,87.1151294708252,1723528300.608318,0.028290271759033203,-72.98947909749823,-1.839111678495426,0.0,-1.6860549742798776,-72.71758700000001,-2.45965,0.6867190000000001,-1.6720782465,-0.27189209749822396,0.6205383215045739,-0.6867190000000001,-0.013976727779877685,-0.8008075131902445,0.9646637269529199
1723528300.7366083,87.21512937545776,1723528300.6964407,0.04016757011413574,-73.07747902078358,-2.1020527543982164,0.0,-1.6838535795672724,-72.799468,-2.7265189999999997,0.7043440000000001,-1.672107106,-0.2780110207835804,0.6244662456017833,-0.7043440000000001,-0.011746473567272542,-0.6730233595666971,0.9815032806410355
1723528300.8366084,87.31512951850891,1723528300.7865534,0.05005502700805664,-73.17944081055713,-2.3639797611768127,0.0,-1.6821737802152592,-72.88314,-2.9848689999999998,0.706485,-1.6689960808,-0.29630081055712765,0.620889238823187,-0.706485,-0.013177699415259259,-0.7550265601863684,0.9861129105980955
1723528300.936608,87.4151291847229,1723528300.8913348,0.0452733039855957,-73.27303096414217,-2.6311123144931323,0.0,-1.681036026340373,-72.987485,-3.258197,0.697312,-1.6671386188,-0.28554596414215894,0.6270846855068677,-0.697312,-0.013897407540373054,-0.7962627982366622,0.9803140954709987
1723528301.0366082,87.51512932777405,1723528300.996573,0.040035247802734375,-73.35747354597846,-2.905095190991485,0.0,-1.678766349876231,-73.073756,-3.528683,0.705335,-1.6652509078,-0.28371754597846177,0.623587809008515,-0.705335,-0.013515442076231123,-0.774377789221574,0.983287782729492
1723528301.1366081,87.61512923240662,1723528301.1798735,-0.043265342712402344,-73.445864778226,-3.1737206752101024,0.0,-1.6769242716329937,-73.236962,-4.07182,0.717055,-1.6617277296,-0.20890277822599046,0.8980993247898974,-0.717055,-0.01519654203299381,-0.8706977216837011,1.1680713338506374
1723528301.236608,87.71512913703918,1723528301.280594,-0.04398608207702637,-73.52108545115597,-3.4517719600348107,0.0,-1.6764439548954446,-73.324205,-4.34985,0.71635,-1.6605262482,-0.19688045115596253,0.8980780399651893,-0.71635,-0.015917706695444567,-0.9120174131761061,1.1655313811369865
1723528301.3366082,87.81512928009033,1723528301.3799193,-0.043311119079589844,-73.61282627615637,-3.729282197023882,0.0,-1.6738479090348208,-73.393418,-4.621962,0.71069,-1.6585081562,-0.21940827615637204,0.8926798029761178,-0.71069,-0.015339752834820917,-0.8789030962090788,1.1619369597303424
1723528301.436608,87.9151291847229,1723528301.3799193,0.056688785552978516,-73.69600821651606,-3.9973990746980643,0.0,-1.6714265428503798,-73.393418,-4.621962,0.71069,-1.6585081562,-0.3025902165160659,0.6245629253019356,-0.71069,-0.01291838665037992,-0.740169033184914,0.9933377889182263
1723528301.536608,88.01512908935547,1723528301.5151312,0.02147674560546875,-73.785387841063,-4.261564460860811,0.0,-1.6717689171982186,-73.476573,-4.892836,0.723774,-1.6560440471,-0.30881484106299695,0.6312715391391892,-0.723774,-0.015724870098218657,-0.9009686900193974,1.0088206804303355
1723528301.636608,88.11512899398804,1723528301.6041932,0.03241467475891113,-73.88312799039021,-4.531781774973568,0.0,-1.6695585935302817,-73.568667,-5.165636,0.7252660000000001,-1.6559036634,-0.31446099039020226,0.6338542250264325,-0.7252660000000001,-0.01365493013028174,-0.782369866011167,1.0132461022955117
1723528301.7366076,88.21512866020203,1723528301.7055078,0.031099796295166016,-73.9774235784278,-4.815718221024887,0.0,-1.6680766285542867,-73.652904,-5.447418,0.733776,-1.6548191864,-0.3245195784277968,0.6316997789751131,-0.733776,-0.013257442154286815,-0.7595954825794605,1.0211683434753358
1723528301.8366077,88.31512880325317,1723528301.8098912,0.02671647071838379,-74.06681791670329,-5.0843625130533185,0.0,-1.6671293006781494,-73.733958,-5.727767,0.739128,-1.6529496022999999,-0.33285991670328485,0.6434044869466815,-0.739128,-0.014179698378149475,-0.8124368718364633,1.0349276585128258
1723528301.9366076,88.41512870788574,1723528301.9038541,0.03275346755981445,-74.14056666352309,-5.364720512222452,0.0,-1.6650637576743483,-73.826879,-5.997805,0.7440760000000001,-1.6500803731,-0.3136876635230834,0.6330844877775474,-0.7440760000000001,-0.014983384574348333,-0.858484698931581,1.0260823615515136
1723528302.0366073,88.51512837409973,1723528301.9857755,0.05083179473876953,-74.23294959893225,-5.636503083322445,0.0,-1.663361961633947,-73.923806,-6.276286,0.73585,-1.6493037614,-0.30914359893225196,0.6397829166775546,-0.73585,-0.014058200233947105,-0.8054755409549956,1.0229209000373507
1723528302.1366072,88.6151282787323,1723528302.0948634,0.04174375534057617,-74.32043876412835,-5.899810869629036,0.0,-1.6624692042937714,-73.99730600000001,-6.552461,0.718182,-1.6474443458999999,-0.3231327641283457,0.6526501303709642,-0.718182,-0.015024858393771547,-0.8608609737448187,1.0228158979261428
1723528302.2366073,88.71512842178345,1723528302.2009416,0.03566575050354004,-74.40205218589487,-6.167854358731686,0.0,-1.6616610913553698,-74.07232400000001,-6.8274799999999995,0.734318,-1.6466772402,-0.3297281858948651,0.6596256412683132,-0.734318,-0.01498385115536971,-0.8585114320549067,1.0406966841093288
1723528302.3366077,88.81512880325317,1723528302.3660617,-0.02945399284362793,-74.48161538326968,-6.43812443631748,0.0,-1.660476978007859,-74.239276,-7.356824,0.747434,-1.6447250638,-0.2423393832696803,0.9186995636825195,-0.747434,-0.01575191420785904,-0.9025182033624805,1.2088816523340822
1723528302.4366074,88.91512846946716,1723528302.4811938,-0.0445864200592041,-74.57585318958142,-6.713629587483935,0.0,-1.65977367693844,-74.32263,-7.652981,0.749966,-1.6426844505,-0.2532231895814192,0.9393514125160642,-0.749966,-0.017089226438439905,-0.9791405500659899,1.2283940984446777
1723528302.5666075,89.04512858390808,1723528302.6110768,-0.044469356536865234,-74.66411419039916,-6.988923861541575,0.0,-1.656847360917952,-74.403825,-7.930146,0.758136,-1.6401354014,-0.2602891903991633,0.941222138458425,-0.758136,-0.016711959517951902,-0.9575247477721297,1.236292752975161
1723528302.6666074,89.14512848854065,1723528302.72018,-0.053572654724121094,-74.75135212785351,-7.261738574467389,0.0,-1.6562077407134863,-74.496949,-8.205626,0.7601370000000001,-1.6407322911,-0.25440312785350727,0.943887425532612,-0.7601370000000001,-0.015475449613486347,-0.8866779489201289,1.2383265652925444
1723528302.7366073,89.21512842178345,1723528302.72018,0.016427278518676758,-74.83523473672413,-7.536177233642882,0.0,-1.6549684466195511,-74.496949,-8.205626,0.7601370000000001,-1.6407322911,-0.3382857367241314,0.6694487663571183,-0.7601370000000001,-0.014236155519551152,-0.8156716277621527,1.0678984732721815
1723528302.8366075,89.3151285648346,1723528302.8786771,-0.04206967353820801,-74.9306467704264,-7.818503317537988,0.0,-1.653626846662535,-74.65658,-8.751532000000001,0.763273,-1.6374572322,-0.27406677042640126,0.9330286824620133,-0.763273,-0.016169614462534954,-0.9264506650569498,1.2362203644487328
1723528302.9366074,89.41512846946716,1723528302.9635177,-0.02691030502319336,-75.01032422228742,-8.096273785312643,0.0,-1.6510275623024568,-74.733349,-9.024271,0.763173,-1.6353639392,-0.2769752222874189,0.9279972146873572,-0.763173,-0.015663623102456947,-0.8974594956543958,1.233015463065106
1723528303.0266073,89.50512838363647,1723528302.9635177,0.06308960914611816,-75.0902330339499,-8.372663853454894,0.0,-1.650133774047503,-74.733349,-9.024271,0.763173,-1.6353639392,-0.3568840339498962,0.651607146545107,-0.763173,-0.01476983484750316,-0.8462492008671809,1.0650779854292394
1723528303.1566076,89.63512873649597,1723528303.108416,0.04819154739379883,-75.16832747767882,-8.647812511195369,0.0,-1.6485476612544097,-74.810374,-9.307547000000001,0.754576,-1.6339186144,-0.35795347767881935,0.6597344888046326,-0.754576,-0.014629046854409689,-0.838182643056808,1.0643144402274503
1723528303.2366076,89.71512866020203,1723528303.2071528,0.029454708099365234,-75.25882270495096,-8.932381526417064,0.0,-1.6470120308442473,-74.89175300000001,-9.592254,0.745684,-1.6328274498,-0.3670697049509499,0.6598724735829364,-0.745684,-0.014184581044247357,-0.8127166279966436,1.061233469855357
1723528303.3666077,89.84512877464294,1723528303.3219554,0.04465222358703613,-75.34201840036397,-9.198600304039449,0.0,-1.646574779342439,-74.968355,-9.865011,0.775169,-1.6324979429,-0.3736634003639665,0.6664106959605522,-0.775169,-0.014076836442439067,-0.806543317047711,1.0883999866883451
1723528303.4666076,89.94512867927551,1723528303.50648,-0.03987240791320801,-75.41813469500431,-9.468155788127937,0.0,-1.6455482502947505,-75.127532,-10.416595000000001,0.783247,-1.6295112949,-0.2906026950043099,0.9484392118720635,-0.783247,-0.016036955394750585,-0.9188498603587656,1.2639077213029712
1723528303.5666077,90.04512882232666,1723528303.5938523,-0.02724456787109375,-75.50018860948674,-9.740645673913152,0.0,-1.6446622435784874,-75.201567,-10.694938,0.787274,-1.6290313174,-0.29862160948674443,0.9542923260868488,-0.787274,-0.015630926178487492,-0.8955860999078858,1.2726543365567502
1723528303.6666076,90.14512872695923,1723528303.695247,-0.02863931655883789,-75.57855011814847,-10.021652950508356,0.0,-1.6426520142558505,-75.281502,-10.972324,0.781366,-1.6268241077,-0.2970481181484672,0.9506710494916444,-0.781366,-0.015827906555850424,-0.9068722441776761,1.265917001542001
1723528303.7666075,90.2451286315918,1723528303.8085613,-0.04195380210876465,-75.66043003308032,-10.304153448978482,0.0,-1.641241565608607,-75.356014,-11.253486,0.777421,-1.6261305454,-0.3044160330803152,0.9493325510215183,-0.777421,-0.015111020208607107,-0.865797682090084,1.2642328997721817
1723528303.866608,90.34512901306152,1723528303.8939774,-0.02736949920654297,-75.74110840885751,-10.578869931174438,0.0,-1.6405772817800304,-75.434509,-11.533853,0.77298,-1.6244382452,-0.30659940885750814,0.9549830688255625,-0.77298,-0.016139036580030464,-0.9246986814429956,1.2662914118224375
1723528303.966608,90.44512915611267,1723528303.9867744,-0.020166397094726562,-75.81759288001199,-10.85724433191999,0.0,-1.6381560779092559,-75.50652000000001,-11.821285000000001,0.776854,-1.6219085527,-0.3110728800119773,0.9640406680800115,-0.776854,-0.016247525209255986,-0.9309146220227777,1.276574668285056
1723528304.0666084,90.5451295375824,1723528304.071506,-0.004897594451904297,-75.88877177984357,-11.144103516836914,0.0,-1.6363853417437804,-75.570558,-12.090724000000002,0.785937,-1.6205335376999999,-0.3182137798435605,0.9466204831630876,-0.785937,-0.015851804043780504,-0.9082414693770345,1.2708451191216195
1723528304.1666083,90.64512944221497,1723528304.190419,-0.023810625076293945,-75.96883209525471,-11.425273045805401,0.0,-1.6354334410173599,-75.64959400000001,-12.363839,0.786142,-1.6193543599,-0.31923809525470404,0.9385659541945994,-0.786142,-0.016079081117359895,-0.9212634864732179,1.2652423704567715
1723528304.2666085,90.74512958526611,1723528304.2856889,-0.019080400466918945,-76.04486441966868,-11.700029945768252,0.0,-1.6341505727744592,-75.71801500000001,-12.646169,0.791074,-1.6183422055999999,-0.326849419668676,0.9461390542317485,-0.791074,-0.015808367174459326,-0.9057527200896697,1.2758556840631694
1723528304.3666084,90.84512948989868,1723528304.3998294,-0.03322100639343262,-76.12308606984028,-11.98498958810121,0.0,-1.6327964946165714,-75.799773,-12.922667,0.785985,-1.6162285318,-0.32331306984028174,0.9376774118987914,-0.785985,-0.016567962816571358,-0.9492743445192189,1.2655207189689794
1723528304.4566083,90.935129404068,1723528304.5076923,-0.051084041595458984,-76.200678120871,-12.262907261817315,0.0,-1.6308655103953786,-75.87925,-13.20419,0.799794,-1.6140569533,-0.3214281208710048,0.9412827381826858,-0.799794,-0.01680855709537865,-0.9630593812698707,1.2763227148818437
1723528304.5666082,91.04512929916382,1723528304.5826976,-0.016089439392089844,-76.28322752487426,-12.539871760216796,0.0,-1.6298223440002595,-75.948567,-13.487087,0.800123,-1.6131811944999999,-0.33466052487426623,0.9472152397832048,-0.800123,-0.016641149500259637,-0.9534676326111162,1.2842940444133788
1723528304.666608,91.14512920379639,1723528304.7042508,-0.037642717361450195,-76.35800023222214,-12.836936339162843,0.0,-1.6295357861754327,-76.028023,-13.775020000000001,0.8157570000000001,-1.6136325741,-0.3299772322221344,0.9380836608371581,-0.8157570000000001,-0.01590321207543277,-0.9111869326237844,1.2862135948448161
1723528304.7666078,91.24512887001038,1723528304.8122504,-0.04564261436462402,-76.44756965515386,-13.12815402056857,0.0,-1.6268875057152565,-76.108902,-14.064157000000002,0.8094180000000001,-1.6105274285,-0.33866765515385566,0.9360029794314322,-0.8094180000000001,-0.016360077215256563,-0.9373633769423418,1.2829477218016052
1723528304.866608,91.34512901306152,1723528304.9169233,-0.05031538009643555,-76.52163772236212,-13.412934485043229,0.0,-1.6255230035021107,-76.170518,-14.337552,0.814598,-1.6097807449,-0.35111972236211386,0.9246175149567719,-0.814598,-0.01574225860211076,-0.9019649779044616,1.2813167094830553
1723528304.9666078,91.44512891769409,1723528305.0025673,-0.035959482192993164,-76.59043183030235,-13.698896387234173,0.0,-1.6243162782402398,-76.244405,-14.645291,0.8084060000000001,-1.608121578,-0.3460268303023497,0.9463946127658271,-0.8084060000000001,-0.016194700240239834,-0.9278879742452428,1.2918659339100445
1723528305.066608,91.54512906074524,1723528305.0025673,0.0640406608581543,-76.67089948702888,-13.986928675125874,0.0,-1.6225083861732057,-76.244405,-14.645291,0.8084060000000001,-1.608121578,-0.4264944870288758,0.6583623248741262,-0.8084060000000001,-0.0143868081732057,-0.8243033889890045,1.1264363093915644
1723528305.1666079,91.64512896537781,1723528305.1396732,0.02693462371826172,-76.7524980922173,-14.275842252794778,0.0,-1.6208420898593963,-76.310854,-14.950052000000001,0.800249,-1.6060481368,-0.4416440922172882,0.6742097472052233,-0.800249,-0.014793953059396346,-0.8476310726180627,1.13578464042175
1723528305.2666075,91.7451286315918,1723528305.2968857,-0.03027820587158203,-76.8271761570558,-14.57286474871846,0.0,-1.6188866672893798,-76.454989,-15.535172000000001,0.8216370000000001,-1.6032631016999999,-0.3721871570558051,0.9623072512815405,-0.8216370000000001,-0.01562356558937994,-0.8951643692172931,1.318956362248318
1723528305.3666077,91.84512877464294,1723528305.4208734,-0.054265737533569336,-76.90911370036675,-14.855064289090079,0.0,-1.6172047863233165,-76.541839,-15.825050000000001,0.817592,-1.6007221622999999,-0.3672747003667496,0.9699857109099224,-0.817592,-0.016482624023316683,-0.9443847918369865,1.3206890865616
1723528305.4666061,91.94512724876404,1723528305.4208734,0.045732736587524414,-76.98193558439172,-15.144731623203443,0.0,-1.6156259678045284,-76.541839,-15.825050000000001,0.817592,-1.6007221622999999,-0.44009658439172483,0.6803183767965582,-0.817592,-0.014903805504528522,-0.8539251540933288,1.1510754866056205
1723528305.5666063,92.04512739181519,1723528305.6023715,-0.03576517105102539,-77.06398908380828,-15.429085222807212,0.0,-1.6135018129170275,-76.688728,-16.419072999999997,0.819567,-1.5968860365,-0.37526108380828305,0.9899877771927859,-0.819567,-0.016615776417027606,-0.9520138620286867,1.3388751799555776
1723528305.6666064,92.14512753486633,1723528305.712503,-0.04589653015136719,-77.1376039853444,-15.713895114350604,0.0,-1.6094485358429276,-76.754568,-16.701403,0.8186300000000001,-1.5943918448,-0.3830359853443923,0.9875078856493946,-0.8186300000000001,-0.015056691042927504,-0.8626848501921758,1.3386722777395845
1723528305.7666063,92.2451274394989,1723528305.815789,-0.04918265342712402,-77.21068747921079,-15.994754735360996,0.0,-1.6080477667264435,-76.822728,-16.977776,0.811138,-1.5931454512,-0.3879594792107923,0.9830212646390031,-0.811138,-0.014902315526443388,-0.8538397846374837,1.3322117771908393
1723528305.866606,92.34512710571289,1723528305.8808846,-0.014278650283813477,-77.26997990691821,-16.285649817778626,0.0,-1.6056670668366968,-76.877452,-17.260033,0.8300310000000001,-1.5895796798,-0.39252790691820394,0.9743831822213735,-0.8300310000000001,-0.016087387036696876,-0.921739380596203,1.3388249342115035
1723528305.9666061,92.44512724876404,1723528306.0069788,-0.040372610092163086,-77.34229282982635,-16.57368542236031,0.0,-1.6023160570237416,-76.954707,-17.564099,0.8379110000000001,-1.5865730612,-0.3875858298263495,0.9904135776396892,-0.8379110000000001,-0.015742995823741612,-0.9020072175924753,1.353970706542881
1723528306.066606,92.5451271533966,1723528306.0069788,0.05962729454040527,-77.41470253802174,-16.865725556074672,0.0,-1.5996012718955996,-76.954707,-17.564099,0.8379110000000001,-1.5865730612,-0.45999553802174376,0.6983734439253269,-0.8379110000000001,-0.013028210695599673,-0.7464614874650598,1.1838142616563778
1723528306.1566064,92.63512754440308,1723528306.1381292,0.018477201461791992,-77.480932052849,-17.140428385280085,0.0,-1.597296447175016,-77.024287,-17.863205,0.836744,-1.5824480317,-0.45664505284899803,0.7227766147199155,-0.836744,-0.01484841547501592,-0.8507515391751517,1.196273907018558
1723528306.266606,92.74512720108032,1723528306.3100789,-0.0434727668762207,-77.54964473963894,-17.422832421904424,0.0,-1.5947935454042008,-77.14241700000001,-18.447105,0.852825,-1.5781523359,-0.4072277396389268,1.0242725780955766,-0.852825,-0.016641209504200782,-0.9534710705836981,1.3936567822799804
1723528306.366606,92.84512710571289,1723528306.392494,-0.02588796615600586,-77.61757502079081,-17.71503775986513,0.0,-1.5918895659343724,-77.20039200000001,-18.723613,0.851716,-1.5760227393,-0.4171830207908016,1.0085752401348707,-0.851716,-0.015866826634372444,-0.9091022004153057,1.384444232356526
1723528306.4666061,92.94512724876404,1723528306.528643,-0.062036752700805664,-77.68741043018629,-18.02066142598485,0.0,-1.589004875569731,-77.27457100000001,-19.025163,0.853844,-1.5721705383,-0.4128394301862812,1.0045015740151477,-0.853844,-0.016834337269731048,-0.9645364764553743,1.3814881047810157
1723528306.566606,93.0451271533966,1723528306.528643,0.037963151931762695,-77.75202288458492,-18.320395102218693,0.0,-1.5876681235494787,-77.27457100000001,-19.025163,0.853844,-1.5721705383,-0.4774518845849087,0.7047678977813057,-0.853844,-0.015497585249478751,-0.8879462274393315,1.2056980004017432
1723528306.6666064,93.14512753486633,1723528306.613566,0.053040504455566406,-77.81771436636029,-18.619760259481502,0.0,-1.5837242826884237,-77.334564,-19.322491,0.874549,-1.570192464,-0.4831503663602916,0.702730740518497,-0.874549,-0.01353181868842368,-0.77531609998293,1.2215157483981773
1723528306.7666063,93.2451274394989,1723528306.7297568,0.0368494987487793,-77.8813857735527,-18.90503487851256,0.0,-1.5814667878404847,-77.39505,-19.603725999999998,0.876433,-1.5683127072,-0.4863357735526961,0.698691121487439,-0.876433,-0.013154080640484622,-0.7536733040745116,1.2218128217413151
1723528306.866606,93.34512710571289,1723528306.820817,0.04578900337219238,-77.94860314705377,-19.187305040315973,0.0,-1.5786106623902385,-77.455875,-19.877496999999998,0.87236,-1.5659995498,-0.4927281470537679,0.6901919596840251,-0.87236,-0.012611112590238614,-0.7225635263849681,1.2166174163275465
1723528306.996606,93.47512722015381,1723528307.0242567,-0.02765059471130371,-78.00758678222915,-19.466142967893443,0.0,-1.5775556323640845,-77.569596,-20.455068999999998,0.871916,-1.5606413872,-0.43799078222915,0.9889260321065549,-0.871916,-0.016914245164084463,-0.9691148615516023,1.3892617224093227
1723528307.0966048,93.57512593269348,1723528307.1467652,-0.05016040802001953,-78.06186258077274,-19.750618180520362,0.0,-1.5735018043692595,-77.625637,-20.749717,0.87649,-1.557003148,-0.4362255807727422,0.999098819479638,-0.87649,-0.01649865636925951,-0.9453033775952041,1.39883020002648
1723528307.1966047,93.67512583732605,1723528307.1467652,0.04983949661254883,-78.12132259356483,-20.027343181424463,0.0,-1.5710866733542472,-77.625637,-20.749717,0.87649,-1.557003148,-0.4956855935648292,0.7223738185755373,-0.87649,-0.014083525354247284,-0.8069265634638569,1.2392589969538734
1723528307.2966049,93.7751259803772,1723528307.2755263,0.02107858657836914,-78.17943474107852,-20.317559743672927,0.0,-1.5693940149702366,-77.678653,-21.018959,0.883143,-1.5541750519,-0.5007817410785265,0.7013992563270719,-0.883143,-0.015218963070236626,-0.8719823524900201,1.233971161503708
1723528307.396605,93.87512612342834,1723528307.3656862,0.03091883659362793,-78.23646614588017,-20.592356775643115,0.0,-1.5661586968691303,-77.72625500000001,-21.302327,0.885274,-1.5513747927,-0.510211145880163,0.7099702243568835,-0.885274,-0.014783904169130448,-0.8470553136170367,1.2442199114022057
1723528307.4966054,93.97512650489807,1723528307.4728045,0.02380084991455078,-78.28914177581984,-20.87869826510226,0.0,-1.5642963293329197,-77.774991,-21.586672999999998,0.8752340000000001,-1.5498507932,-0.5141507758198429,0.7079747348977392,-0.8752340000000001,-0.014445536132919656,-0.8276682532200285,1.2375838558601475
1723528307.5966053,94.07512640953064,1723528307.5430863,0.05351901054382324,-78.34956569836194,-21.181831691677505,0.0,-1.5612342229731855,-77.83372800000001,-21.867341,0.8842380000000001,-1.5470318024,-0.5158376983619348,0.6855093083224943,-0.8842380000000001,-0.014202420573185437,-0.8137387577132971,1.232026129386923
1723528307.696605,94.17512607574463,1723528307.6852715,0.011333465576171875,-78.40950773472088,-21.47292288138532,0.0,-1.5593484618378672,-77.887088,-22.164219,0.886028,-1.5440061688,-0.5224197347208701,0.6912961186146802,-0.886028,-0.015342293037867272,-0.8790486391227412,1.2392975105363306
1723528307.796605,94.27512621879578,1723528307.7791753,0.017429828643798828,-78.46822597393567,-21.763186630033204,0.0,-1.5566681267622107,-77.938317,-22.441968,0.8848020000000001,-1.5421901331999999,-0.5299089739356759,0.6787813699667957,-0.8848020000000001,-0.0144779935622108,-0.8295279269322553,1.2346749564462547
1723528307.896605,94.37512612342834,1723528307.8955107,0.0010943412780761719,-78.52895145455228,-22.0575919825668,0.0,-1.5527045473573022,-77.983209,-22.726753,0.890868,-1.5394634801,-0.5457424545522827,0.669161017433197,-0.890868,-0.01324106725730223,-0.7586572700922822,1.2406680004646617
1723528307.9966052,94.47512626647949,1723528308.0035322,-0.006927013397216797,-78.58661992645835,-22.360839501562584,0.0,-1.54900466264714,-78.03539500000001,-23.008841,0.892366,-1.5351478688,-0.551224926458346,0.6480014984374165,-0.892366,-0.013856793847140114,-0.7939358050239758,1.2329119755611695
1723528308.0966053,94.57512640953064,1723528308.0911946,0.005410671234130859,-78.64451046992382,-22.65422515876185,0.0,-1.5479992082213068,-78.093879,-23.305633999999998,0.894254,-1.5322935522,-0.5506314699238146,0.6514088412381476,-0.894254,-0.01570565602130669,-0.899867804505102,1.2358069066928243
1723528308.1966052,94.67512631416321,1723528308.1975791,-0.0009739398956298828,-78.698097246467,-22.926923680163924,0.0,-1.5454148079898011,-78.139227,-23.586975,0.897667,-1.5309814267,-0.558870246466995,0.6600513198360751,-0.897667,-0.014433381289801208,-0.8269718320086977,1.2465190492296636
1723528308.2966056,94.77512669563293,1723528308.3077018,-0.01109623908996582,-78.74469640854687,-23.19907904134589,0.0,-1.54143123186473,-78.18794100000001,-23.867348,0.9062790000000001,-1.5285734679,-0.5567554085468629,0.6682689586541102,-0.9062790000000001,-0.01285776396473004,-0.7366956091544276,1.2561455377016761
1723528308.3966055,94.8751266002655,1723528308.4135044,-0.01689887046813965,-78.80101672559051,-23.466565690328427,0.0,-1.5404827577227247,-78.237323,-24.152649999999998,0.891009,-1.5240585255999999,-0.563693725590511,0.6860843096715712,-0.891009,-0.016424232122724813,-0.9410391823753249,1.257918651713467
1723528308.4966042,94.97512531280518,1723528308.5042434,-0.007639169692993164,-78.84450794116097,-23.72985588118791,0.0,-1.5381877101691972,-78.285388,-24.426408,0.916775,-1.5232806928,-0.5591199411609722,0.6965521188120896,-0.916775,-0.014907017369197195,-0.854109180383211,1.2799517035616854
1723528308.5966048,95.07512593269348,1723528308.6049428,-0.008337974548339844,-78.89411381322007,-24.00566201633766,0.0,-1.5353921201049499,-78.327751,-24.703968,0.921898,-1.5211345751,-0.5663628132200671,0.6983059836623404,-0.921898,-0.014257545004949801,-0.816897155001452,1.2877476481908936
1723528308.6966033,95.17512440681458,1723528308.6856337,0.01096963882446289,-78.94646384683344,-24.284625128885544,0.0,-1.5333670725877133,-78.369722,-24.979533,0.915261,-1.5179410297,-0.5767418468334427,0.6949078711144558,-0.915261,-0.015426042887713319,-0.8838471520537741,1.2857802321340437
1723528308.796603,95.27512407302856,1723528308.7878115,0.008791446685791016,-78.98893417024513,-24.568354062403337,0.0,-1.529219659602839,-78.42277200000001,-25.249083,0.906455,-1.5168052963,-0.5661621702451214,0.6807289375966619,-0.906455,-0.01241436330283885,-0.7112906225947552,1.2671196299178487
1723528308.8966033,95.37512445449829,1723528308.8783894,0.018213987350463867,-79.03195411459086,-24.841690834303716,0.0,-1.5283959319035776,-78.466393,-25.514242,0.9019710000000001,-1.5121683894,-0.5655611145908637,0.6725511656962837,-0.9019710000000001,-0.016227542503577608,-0.9297696973241545,1.2592601516992785
1723528308.9966035,95.47512459754944,1723528308.963523,0.0330805778503418,-79.07657203801661,-25.133190909631335,0.0,-1.5256001383396651,-78.501925,-25.782428,0.899266,-1.510498638,-0.5746470380166073,0.6492370903686648,-0.899266,-0.015101500339665064,-0.8652522337781873,1.2491626621731975
1723528309.0966039,95.57512497901917,1723528309.062589,0.03401494026184082,-79.12145768121636,-25.4061160865426,0.0,-1.5201904965156043,-78.535488,-26.061358,0.908034,-1.5085131675999999,-0.5859696812163548,0.6552419134573988,-0.908034,-0.011677328915604468,-0.6690616628502143,1.2638149301270776
1723528309.196604,95.67512512207031,1723528309.1527271,0.04387688636779785,-79.17456090835196,-25.678784368143194,0.0,-1.519093906727469,-78.569355,-26.343315,0.894364,-1.5031707205,-0.6052059083519623,0.664530631856806,-0.894364,-0.01592318622746891,-0.9123313672348078,1.2679755978236056
1723528309.2966044,95.77512550354004,1723528309.2453563,0.05124807357788086,-79.22154849634019,-25.959787668239404,0.0,-1.5161649947985525,-78.613786,-26.610353999999997,0.910037,-1.5019497152999999,-0.607762496340186,0.6505663317605936,-0.910037,-0.014215279498552613,-0.8144755198659099,1.2730982465415186
1723528309.3966045,95.87512564659119,1723528309.3502667,0.04633784294128418,-79.27148886247323,-26.22402047619919,0.0,-1.5130100708431042,-78.660824,-26.875185,0.940763,-1.500773587,-0.6106648624732287,0.6511645238008086,-0.940763,-0.012236483843104162,-0.7010988802898903,1.2969047125695785
1723528309.4966047,95.97512578964233,1723528309.4554396,0.04116511344909668,-79.32064221716902,-26.49267491808746,0.0,-1.5123284584912093,-78.710842,-27.155117,0.933725,-1.4968899613,-0.609800217169024,0.6624420819125412,-0.933725,-0.015438497191209377,-0.8845607310808732,1.29712304442293
1723528309.596605,96.07512617111206,1723528309.5556366,0.04096841812133789,-79.35604006598425,-26.765551272413536,0.0,-1.5089431847736512,-78.75107200000001,-27.428041999999998,0.9337500000000001,-1.4956351451,-0.604968065984238,0.6624907275864622,-0.9337500000000001,-0.013308039673651129,-0.7624945068928671,1.2949013041536215
1723528309.6966052,96.17512631416321,1723528309.657795,0.03881025314331055,-79.38343515192861,-27.026428386200248,0.0,-1.5071247623462067,-78.788572,-27.690735,0.9456800000000001,-1.4921032803,-0.5948631519286067,0.6643066137997522,-0.9456800000000001,-0.01502148204620668,-0.8606675232791826,1.2997984878666884
1723528309.7966056,96.27512669563293,1723528309.7535064,0.043099164962768555,-79.41584295274598,-27.299611582106806,0.0,-1.5053160091893734,-78.816357,-27.966081,0.925486,-1.4897229303,-0.5994859527459795,0.6664694178931931,-0.925486,-0.015593078889373446,-0.8934176099756396,1.2884444996671942
1723528309.8966055,96.3751266002655,1723528309.85732,0.03928542137145996,-79.44153155090834,-27.57954217674669,0.0,-1.5032144282712507,-78.835791,-28.23293,0.9427960000000001,-1.4894671245,-0.6057405509083367,0.6533878232533112,-0.9427960000000001,-0.013747303771250774,-0.7876624857769494,1.2971898705303073
1723528309.9966056,96.47512674331665,1723528309.9622884,0.0343172550201416,-79.49273299165682,-27.84909167323314,0.0,-1.5007988181797693,-78.86995,-28.522333999999997,0.926743,-1.4868280295,-0.6227829916568197,0.6732423267668572,-0.926743,-0.013970788679769308,-0.8004672278199287,1.30382762407324
1723528310.0966058,96.5751268863678,1723528310.0808165,0.015789270401000977,-79.53732536643273,-28.110890939009487,0.0,-1.4995029611838973,-78.912235,-28.799915,0.9145500000000001,-1.4840072681,-0.6250903664327296,0.689024060990512,-0.9145500000000001,-0.0154956930838972,-0.8878378143373686,1.3045665277519813
1723528310.196606,96.67512702941895,1723528310.235521,-0.038915157318115234,-79.57465248075736,-28.362760759521358,0.0,-1.4969095199761093,-78.99256700000001,-29.322947,0.930488,-1.4809480557999999,-0.5820854807573568,0.9601862404786417,-0.930488,-0.01596146417610944,-0.9145245321403287,1.4582829085801667
1723528310.296606,96.77512717247009,1723528310.335828,-0.039222002029418945,-79.60252908035142,-28.624254453773982,0.0,-1.4935532470193376,-79.02182,-29.572177,0.935108,-1.4759328898,-0.5807090803514114,0.9479225462260175,-0.935108,-0.017620357219337635,-1.0095721021809174,1.4526552107469266
1723528310.3966064,96.87512755393982,1723528310.4366145,-0.0400080680847168,-79.64079764918613,-28.88354716690801,0.0,-1.4909753520105715,-79.054275,-29.838773999999997,0.9480810000000001,-1.4728751368,-0.5865226491861222,0.955226833091988,-0.9480810000000001,-0.01810021521057159,-1.0370659398442488,1.4681024157831277
1723528310.526607,97.0051281452179,1723528310.573841,-0.04723405838012695,-79.67523329080043,-29.155397439702792,0.0,-1.4895413007659573,-79.08137,-30.102415,0.941293,-1.4711111196,-0.593863290800428,0.9470175602972084,-0.941293,-0.018430181165957293,-1.0559715964708516,1.461351559180949
1723528310.5966072,97.07512831687927,1723528310.573841,0.02276611328125,-79.7056560353013,-29.416697828395208,0.0,-1.4865410851320675,-79.08137,-30.102415,0.941293,-1.4711111196,-0.6242860353012958,0.685717171604793,-0.941293,-0.015429965532067545,-0.884071903019802,1.32135294496016
1723528310.7366076,97.21512866020203,1723528310.7808433,-0.0442357063293457,-79.73578890140988,-29.680864197062792,0.0,-1.4855608151995652,-79.132336,-30.636315999999997,0.953329,-1.4673545227,-0.6034529014098808,0.9554518029372048,-0.953329,-0.01820629249956518,-1.043143720805771,1.4784720944938252
1723528310.8366077,97.31512880325317,1723528310.8440588,-0.007451057434082031,-79.77096868725386,-29.955686479220198,0.0,-1.4834597560189955,-79.16382,-30.908853999999998,0.958241,-1.4655575924,-0.6071486872538543,0.9531675207798003,-0.958241,-0.017902163618995548,-1.0257184195210929,1.481682714073627
1723528310.926608,97.40512919425964,1723528310.9454322,-0.018824100494384766,-79.79810582113574,-30.21270284752337,0.0,-1.4804284925825288,-79.186938,-31.179714,0.964893,-1.4636558243,-0.6111678211357372,0.9670111524766298,-0.964893,-0.01677266828252888,-0.9610031037618438,1.4965477526811446
1723528311.0366085,97.51512956619263,1723528311.0496886,-0.013080120086669922,-79.83492175189441,-30.484807843484226,0.0,-1.4783636354777026,-79.20945400000001,-31.442560999999998,0.9508920000000001,-1.4608534532,-0.625467751894405,0.9577531565157713,-0.9508920000000001,-0.017510182277702627,-1.0032595430171314,1.4875135673800641
1723528311.1366086,97.61512970924377,1723528311.134306,0.0023026466369628906,-79.86105626796314,-30.748265339296797,0.0,-1.4765882638696468,-79.233213,-31.706957,0.955446,-1.4580884756999999,-0.6278432679631294,0.9586916607032023,-0.955446,-0.018499788169646925,-1.059959784006819,1.4920301365403066
1723528311.2366087,97.71512985229492,1723528311.265144,-0.02853536605834961,-79.88489911258365,-31.011158700245918,0.0,-1.472048621775259,-79.255049,-31.96462,0.967296,-1.4541698446,-0.6298501125836538,0.9534612997540819,-0.967296,-0.017878777175259097,-1.024378474997174,1.4971510164530446
1723528311.326609,97.80513000488281,1723528311.3663948,-0.03978586196899414,-79.91060326393301,-31.27886111060566,0.0,-1.468546186750573,-79.27446400000001,-32.235943,0.962804,-1.450370955,-0.6361392639330035,0.9570818893943382,-0.962804,-0.018175231750573007,-1.0413640709800043,1.4992232817495397
1723528311.3966088,97.87512993812561,1723528311.3663948,0.03021407127380371,-79.93719321616014,-31.538996946613793,0.0,-1.4658878982568844,-79.27446400000001,-32.235943,0.962804,-1.450370955,-0.6627292161601304,0.6969460533862062,-0.962804,-0.015516943256884463,-0.8890553595634617,1.360858316541009
1723528311.5366092,98.01513028144836,1723528311.5519917,-0.015382528305053711,-79.96509876375092,-31.807465860592462,0.0,-1.4623281565347768,-79.32391700000001,-32.765383,0.975592,-1.4445486586,-0.6411817637509074,0.9579171394075381,-0.975592,-0.017779497934776733,-1.0186901935242703,1.5101321301798214
1723528311.636608,98.11512899398804,1723528311.6762252,-0.039617300033569336,-79.9867895755102,-32.06808517417331,0.0,-1.4591065731189246,-79.34123,-33.036719,0.972627,-1.4401853253999999,-0.6455595755102053,0.9686338258266858,-0.972627,-0.018921247718924672,-1.0841076374159198,1.5169053810958542
1723528311.7366083,98.21512937545776,1723528311.7870362,-0.050427913665771484,-80.01067151058093,-32.3349604473075,0.0,-1.454755198469869,-79.356443,-33.291374,0.973568,-1.4376005751,-0.6542285105809356,0.9564135526924957,-0.973568,-0.01715462336986895,-0.9828875182299806,1.5134650568991774
1723528311.8366084,98.31512951850891,1723528311.8581116,-0.021503210067749023,-80.03694816931967,-32.60421127811774,0.0,-1.44973457995432,-79.380418,-33.55165,0.9780460000000001,-1.4317993613,-0.6565301693196659,0.9474387218822642,-0.9780460000000001,-0.017935218654320018,-1.0276123335368408,1.5117030042520943
1723528311.9366086,98.41512966156006,1723528311.955415,-0.01880645751953125,-80.05657244115436,-32.862087491996014,0.0,-1.4440087279898866,-79.400461,-33.812709999999996,0.962152,-1.4263007041,-0.6561114411543514,0.9506225080039812,-0.962152,-0.01770802388988657,-1.0145950324073354,1.50329699229441
1723528312.036609,98.51513004302979,1723528312.0371008,-0.0004918575286865234,-80.07635031563342,-33.130505906826755,0.0,-1.4388111432087851,-79.411564,-34.090472999999996,0.9646290000000001,-1.4203684018,-0.664786315633421,0.9599670931732405,-0.9646290000000001,-0.0184427414087851,-1.0566912453745445,1.5145912891172786
1723528312.136609,98.61513018608093,1723528312.1727962,-0.036187171936035156,-80.08958025101613,-33.38874019374226,0.0,-1.432421146830476,-79.421473,-34.357138,0.977504,-1.4134295919,-0.6681072510161243,0.968397806257741,-0.977504,-0.018991554930475996,-1.088135943907144,1.5295998431096702
1723528312.2366095,98.71513056755066,1723528312.2780714,-0.041461944580078125,-80.09790603864785,-33.650009082425605,0.0,-1.4241012724953779,-79.427351,-34.615365,0.981487,-1.4057272853,-0.6705550386478478,0.9653559175743922,-0.981487,-0.01837398719537786,-1.0527519191225678,1.5312977628864064
1723528312.3366094,98.81513047218323,1723528312.3749974,-0.03838801383972168,-80.09923582651723,-33.9130010103305,0.0,-1.4181045699718375,-79.432696,-34.872205,0.994804,-1.400066636,-0.6665398265172229,0.9592039896695042,-0.994804,-0.018037933971837505,-1.033497487721939,1.5342694132868266
1723528312.4366097,98.91513085365295,1723528312.4756644,-0.03905463218688965,-80.10195966678458,-34.16748506471374,0.0,-1.4107251277267787,-79.438558,-35.129858999999996,1.0007679999999999,-1.3919556261,-0.6634016667845799,0.9623739352862586,-1.0007679999999999,-0.018769501626778817,-1.0754132267783592,1.5387663736366604
1723528312.5366096,99.01513075828552,1723528312.570118,-0.03350830078125,-80.11510392034585,-34.42123712106468,0.0,-1.4040254830503978,-79.439546,-35.394891,1.009096,-1.3841659685,-0.6755579203458382,0.9736538789353233,-1.009096,-0.019859514550397698,-1.1378663669164366,1.5564880715648914
1723528312.63661,99.11513113975525,1723528312.6505213,-0.013911247253417969,-80.1232368137482,-34.69523892771016,0.0,-1.3964601688508524,-79.452648,-35.677439,1.010456,-1.3769793228,-0.6705888137482106,0.9822000722898423,-1.010456,-0.01948084605085243,-1.1161702600579413,1.560585680783469
1723528312.7366102,99.2151312828064,1723528312.7746978,-0.03808760643005371,-80.1253756449767,-34.973644167369585,0.0,-1.3878191812607892,-79.450595,-35.939636,1.007291,-1.3690097923,-0.6747806449766927,0.9659918326304151,-1.007291,-0.01880938896078921,-1.0776986026731832,1.5501949226548346
1723528312.836609,99.31512999534607,1723528312.8640227,-0.02741384506225586,-80.12993904415173,-35.229577879023815,0.0,-1.3824949302155578,-79.453976,-36.198893,1.0109219999999999,-1.363193768,-0.6759630441517288,0.9693151209761837,-1.0109219999999999,-0.019301162215557888,-1.1058751346488402,1.5551402286919163
1723528312.9266088,99.40512990951538,1723528312.8640227,0.06258606910705566,-80.13965879895954,-35.489968875370934,0.0,-1.3756094529202294,-79.453976,-36.198893,1.0109219999999999,-1.363193768,-0.6856827989595473,0.7089241246290641,-1.0109219999999999,-0.012415684920229486,-0.7113663456933698,1.412337638581541
1723528313.0366073,99.51512837409973,1723528312.9960241,0.040583133697509766,-80.14451599593016,-35.744639015821264,0.0,-1.370204853129927,-79.451898,-36.457501,1.008676,-1.3565890616,-0.6926179959301635,0.7128619841787369,-1.008676,-0.01361579152992687,-0.7801273893947838,1.4160929241224114
1723528313.1366076,99.61512875556946,1723528313.181664,-0.04505634307861328,-80.14851891088568,-36.013849691726556,0.0,-1.3633848615035082,-79.44289,-36.978497,1.030948,-1.3444506438,-0.7056289108856788,0.9646473082734417,-1.030948,-0.018934217703508338,-1.0848507627929136,1.5783885351651872
1723528313.2366066,99.71512770652771,1723528313.2727969,-0.03619027137756348,-80.15850983802036,-36.294937789104765,0.0,-1.3534948871462427,-79.436925,-37.236318,1.0354999999999999,-1.3355932114,-0.7215848380203624,0.9413802108952325,-1.0354999999999999,-0.017901675746242685,-1.0256904664714144,1.5745290184452063
1723528313.3366067,99.81512784957886,1723528313.375537,-0.03893017768859863,-80.16013440203912,-36.552684246789156,0.0,-1.3482059829953446,-79.429314,-37.493232,1.013733,-1.3302852513999999,-0.7308204020391145,0.9405477532108435,-1.013733,-0.017920731595344686,-1.0267822861999971,1.564091791230802
1723528313.4366055,99.91512656211853,1723528313.4873629,-0.050757408142089844,-80.14574035204828,-36.80790443411773,0.0,-1.3436300249163962,-79.410397,-37.753274,1.018705,-1.3247389003,-0.7353433520482753,0.9453695658822667,-1.018705,-0.018891124616396082,-1.0823817107751919,1.5723273636628663
1723528313.5366058,100.01512694358826,1723528313.5815303,-0.04492449760437012,-80.12308954590735,-37.07707807336324,0.0,-1.3363835069919043,-79.406899,-38.028746,1.0161959999999999,-1.3176855091,-0.7161905459073523,0.9516679266367589,-1.0161959999999999,-0.018697997891904405,-1.071316364550633,1.5656484442722698
1723528313.636606,100.1151270866394,1723528313.6781483,-0.04154229164123535,-80.11550793830442,-37.3431949361113,0.0,-1.328513913106062,-79.394701,-38.289998,1.019461,-1.3101619774,-0.7208069383044204,0.9468030638886944,-1.019461,-0.018351935706061973,-1.0514884618527895,1.5669395057301387
1723528313.7366064,100.21512746810913,1723528313.7882676,-0.05166125297546387,-80.11173784822748,-37.6126551016286,0.0,-1.322783774120478,-79.378293,-38.543211,1.010033,-1.3048445939,-0.733444848227478,0.9305558983714022,-1.010033,-0.017939180220478024,-1.0278393145579563,1.556933616591997
1723528313.8266063,100.30512738227844,1723528313.7882676,0.038338661193847656,-80.11207116446134,-37.87833221818793,0.0,-1.3163086724767576,-79.378293,-38.543211,1.010033,-1.3048445939,-0.7337781644613415,0.6648787818120709,-1.010033,-0.011464078576757686,-0.656843318454559,1.4144471889162773
1723528313.9366064,100.41512751579285,1723528313.896098,0.04050850868225098,-80.11110293147719,-38.14031120341547,0.0,-1.3095960364087815,-79.37734,-38.815438,0.998473,-1.2974080654,-0.7337629314771874,0.6751267965845287,-0.998473,-0.012187971008781552,-0.6983192996309874,1.4110820538882505
1723528314.0366068,100.51512789726257,1723528314.0072432,0.029363632202148438,-80.0938801489536,-38.392938673432425,0.0,-1.3018877525984385,-79.366556,-39.075623,1.0171949999999998,-1.2913468308,-0.7273241489535991,0.6826843265675748,-1.0171949999999998,-0.010540921798438465,-0.6039503312279735,1.424690835029516
1723528314.1366072,100.6151282787323,1723528314.112321,0.024286270141601562,-80.0705129109622,-38.654297317005785,0.0,-1.29401735521177,-79.34128,-39.329066,1.017062,-1.2833429571,-0.729232910962196,0.6747686829942126,-1.017062,-0.010674398111770067,-0.61159796064684,1.421797638844622
1723528314.2366073,100.71512842178345,1723528314.2027538,0.03385353088378906,-80.04661647385271,-38.90942744725315,0.0,-1.2870793792147417,-79.30743,-39.590871,1.010958,-1.2754508603999999,-0.7391864738527119,0.681443552746849,-1.010958,-0.011628518814741804,-0.6662650500731758,1.4257622650607125
1723528314.3666077,100.84512877464294,1723528314.4061244,-0.03951668739318848,-80.01745010014841,-39.1755807328164,0.0,-1.278618373028371,-79.255517,-40.101366,1.013842,-1.2605374810999999,-0.7619331001484113,0.9257852671835991,-1.013842,-0.018080891928371035,-1.0359587973278166,1.570189800947636
1723528314.4366066,100.91512775421143,1723528314.4061244,0.03048229217529297,-79.99011599245742,-39.41890447951232,0.0,-1.2716733531866904,-79.255517,-40.101366,1.013842,-1.2605374810999999,-0.7345989924574212,0.6824615204876778,-1.013842,-0.011135872086690535,-0.6380384717649088,1.4259260175864004
1723528314.5266068,101.00512790679932,1723528314.511014,0.015592813491821289,-79.96603131227086,-39.694633795007036,0.0,-1.2629285554044998,-79.22631,-40.36553,1.018645,-1.2524788096,-0.7397213122708592,0.6708962049929639,-1.018645,-0.010449745804499866,-0.5987263315823814,1.4265086658435284
1723528314.6666052,101.14512634277344,1723528314.6245365,0.0420687198638916,-79.93530416133403,-39.95525662030169,0.0,-1.2531646302250183,-79.196658,-40.632488,1.020463,-1.2436833599,-0.7386461613340316,0.6772313796983127,-1.020463,-0.009481270325018443,-0.5432367740461871,1.430239570026847
1723528314.7366056,101.2151267528534,1723528314.7306988,0.005906820297241211,-79.90609473659237,-40.22082906848377,0.0,-1.2459845166324839,-79.159773,-40.890397,1.017506,-1.2346576474,-0.746321736592364,0.6695679315162266,-1.017506,-0.011326869232483938,-0.6489818021179157,1.4285082461999161
1723528314.8366048,101.31512594223022,1723528314.8220778,0.014527082443237305,-79.87044883888385,-40.48103518598157,0.0,-1.238160811201509,-79.127514,-41.152367,1.0265259999999998,-1.2273424818,-0.7429348388838406,0.6713318140184299,-1.0265259999999998,-0.010818329401508953,-0.6198446160887527,1.4340133221196494
1723528314.966605,101.44512605667114,1723528314.9935012,-0.026896238327026367,-79.82938978459754,-40.746693194615,0.0,-1.2293895384374607,-79.030068,-41.673485,1.029148,-1.2105464978,-0.799321784597538,0.926791805385001,-1.029148,-0.018843040637460673,-1.079626701719997,1.5990634670847128
1723528315.0366037,101.51512479782104,1723528314.9935012,0.04310250282287598,-79.78342720871166,-41.005006583969795,0.0,-1.221996221752983,-79.030068,-41.673485,1.029148,-1.2105464978,-0.7533592087116574,0.6684784160302044,-1.029148,-0.011449723952982938,-0.6560208590957678,1.4399857971358279
1723528315.166604,101.64512515068054,1723528315.2210379,-0.05443382263183594,-79.74052701456773,-41.276620920749565,0.0,-1.2123419967191915,-78.943557,-42.204827,1.033993,-1.1934373479,-0.7969700145677336,0.9282060792504367,-1.033993,-0.018904648819191516,-1.0831565905166491,1.6018330917191597
1723528315.2666042,101.74512529373169,1723528315.2210379,0.04556632041931152,-79.70306494120692,-41.52906078097061,0.0,-1.2042037976770528,-78.943557,-42.204827,1.033993,-1.1934373479,-0.7595079412069197,0.6757662190293914,-1.033993,-0.010766449777052767,-0.6168721325646896,1.4500530402666838
1723528315.3666046,101.84512567520142,1723528315.407329,-0.04072451591491699,-79.6554608529613,-41.784973044352704,0.0,-1.1975171857652198,-78.851562,-42.718199999999996,1.0229169999999999,-1.1785705484,-0.8038988529612965,0.9332269556472923,-1.0229169999999999,-0.018946637365219846,-1.0855623569919632,1.601101216484517
1723528315.4666045,101.94512557983398,1723528315.4877858,-0.021181344985961914,-79.60884717411899,-42.05423314004069,0.0,-1.188882828469469,-78.802037,-42.983812,1.024767,-1.1701645177,-0.8068101741189935,0.9295788599593138,-1.024767,-0.01871831076946906,-1.0724802067048536,1.6016263353960492
1723528315.5666049,102.04512596130371,1723528315.5860672,-0.01946234703063965,-79.55482024336072,-42.32345382055124,0.0,-1.182899391826985,-78.740422,-43.245424,1.051057,-1.1643897741,-0.8143982433607277,0.9219701794487634,-1.051057,-0.018509617726985006,-1.060522976156773,1.6180217328054725
1723528315.666605,102.14512610435486,1723528315.7153502,-0.048745155334472656,-79.50312536376096,-42.584341021187655,0.0,-1.177029948666885,-78.684544,-43.49912,1.050487,-1.1583561227999999,-0.8185813637609556,0.9147789788123433,-1.050487,-0.01867382586688504,-1.0699314095347388,1.615679103764946
1723528315.7666054,102.24512648582458,1723528315.7153502,0.051255226135253906,-79.44865315899965,-42.83579830663081,0.0,-1.1703853794622645,-78.684544,-43.49912,1.050487,-1.1583561227999999,-0.7641091589996449,0.6633216933691912,-1.050487,-0.01202925666226462,-0.6892256374273903,1.4585545628910548
1723528315.8666055,102.34512662887573,1723528315.8319883,0.03461718559265137,-79.39483725434366,-43.09492849302452,0.0,-1.1632298615172731,-78.622362,-43.768921,1.041223,-1.1514920563,-0.7724752543436608,0.6739925069754804,-1.041223,-0.01173780521727319,-0.672526699696392,1.4612081486774555
1723528315.966606,102.44512701034546,1723528315.9267275,0.03987836837768555,-79.34142894735554,-43.36142884504457,0.0,-1.1554688359915408,-78.563561,-44.032359,1.04008,-1.1441597394,-0.7778679473555314,0.6709301549554283,-1.04008,-0.01130909659154078,-0.6479635048010713,1.4618454852519889
1723528316.0666049,102.54512596130371,1723528316.0353534,0.03125143051147461,-79.27945235847419,-43.62703450324471,0.0,-1.149025180417704,-78.506266,-44.28721,1.0471739999999998,-1.1376270089,-0.7731863584741916,0.6601754967552935,-1.0471739999999998,-0.011398171517704059,-0.6530671221306666,1.4595280804844692
1723528316.166605,102.64512610435486,1723528316.116901,0.04970407485961914,-79.2190164547721,-43.88432485066715,0.0,-1.1420425261223177,-78.451053,-44.549241,1.036724,-1.1309457844,-0.7679634547721008,0.6649161493328535,-1.036724,-0.01109674172231778,-0.6357964670355409,1.4514399766043136
1723528316.2666037,102.74512481689453,1723528316.3077602,-0.04115653038024902,-79.15947117429029,-44.140211222733654,0.0,-1.1342848176960247,-78.31745000000001,-45.061209999999996,1.0391059999999999,-1.1157324718,-0.8420211742902808,0.920998777266341,-1.0391059999999999,-0.01855234589602484,-1.0629711199090768,1.6238779772246676
1723528316.366604,102.84512519836426,1723528316.3077602,0.05884385108947754,-79.1001171883213,-44.40478801567643,0.0,-1.1281034624892556,-78.31745000000001,-45.061209999999996,1.0391059999999999,-1.1157324718,-0.7826671883212981,0.6564219843235648,-1.0391059999999999,-0.012370990689255736,-0.708805554889991,1.4571201146144583
1723528316.466603,102.94512414932251,1723528316.4346235,0.03197956085205078,-79.03350649723444,-44.65669064785325,0.0,-1.1214317458143424,-78.235477,-45.322069,1.0442049999999998,-1.1097715749,-0.7980294972344382,0.665378352146746,-1.0442049999999998,-0.01166017091434246,-0.6680785817930212,1.473072812859829
1723528316.5666032,103.04512429237366,1723528316.5345612,0.03204202651977539,-78.96309033726372,-44.927087069126195,0.0,-1.1138488355020923,-78.17253000000001,-45.572018,1.0470899999999999,-1.1037080651,-0.7905603372637131,0.6449309308738052,-1.0470899999999999,-0.01014077040209238,-0.5810233450510762,1.4619572567459926
1723528316.666602,103.14512300491333,1723528316.7109802,-0.04437828063964844,-78.89177019471151,-45.20013478642841,0.0,-1.1093504151385964,-78.035051,-46.09604,1.0571059999999999,-1.0916795979,-0.8567191947115163,0.895905213571595,-1.0571059999999999,-0.017670817238596426,-1.0124632483185951,1.6291368958831893
1723528316.7666023,103.24512338638306,1723528316.7959983,-0.02939605712890625,-78.81408882009441,-45.45241868229088,0.0,-1.1034583668345617,-77.953101,-46.345721,1.0724799999999999,-1.0854387008,-0.8609878200944081,0.8933023177091144,-1.0724799999999999,-0.018019666034561732,-1.0324508120156275,1.6399702459421015
1723528316.8666024,103.3451235294342,1723528316.9064608,-0.039858341217041016,-78.73998705331286,-45.70800004799432,0.0,-1.09813426465705,-77.882184,-46.618359,1.0491869999999999,-1.0797102305,-0.857803053312864,0.9103589520056801,-1.0491869999999999,-0.018424034157050073,-1.0556193988038385,1.632596968249896
1723528316.9666028,103.44512391090393,1723528317.0070717,-0.04046893119812012,-78.66496357715177,-45.9644275171156,0.0,-1.0934405632038589,-77.801972,-46.869755,1.055437,-1.0750475307,-0.8629915771517602,0.9053274828843954,-1.055437,-0.01839303250385882,-1.0538431349180515,1.6365572322621893
1723528317.0666027,103.5451238155365,1723528317.1113973,-0.044794559478759766,-78.58524907211164,-46.23369617304895,0.0,-1.0896873810892425,-77.714617,-47.127713,1.066384,-1.0717595915,-0.8706320721116327,0.8940168269510522,-1.066384,-0.017927789589242463,-1.027186679462169,1.6414752898892577
1723528317.1666028,103.64512395858765,1723528317.2193418,-0.05273890495300293,-78.50783290460978,-46.49944170184704,0.0,-1.0859618394098993,-77.631626,-47.39393,1.061057,-1.0693650762,-0.8762069046097878,0.8944882981529574,-1.061057,-0.016596763209899335,-0.9509244855052287,1.6412464203974488
1723528317.266603,103.7451241016388,1723528317.3126411,-0.046038150787353516,-78.44142753383542,-46.763300854133824,0.0,-1.0853378714308075,-77.556831,-47.656715999999996,1.0486959999999999,-1.0668866691,-0.8845965338354205,0.8934151458661717,-1.0486959999999999,-0.018451202330807437,-1.0571760204972136,1.63721255521472
1723528317.3666034,103.84512448310852,1723528317.4029255,-0.03632211685180664,-78.36535846671715,-47.0145058428198,0.0,-1.0819194169464306,-77.476468,-47.909954,1.068188,-1.0632846410999999,-0.8888904667171573,0.8954481571801978,-1.068188,-0.018634775846430696,-1.0676940081728052,1.6531724856656846
1723528317.466602,103.9451231956482,1723528317.4029255,0.06367659568786621,-78.28698816325566,-47.2750620686554,0.0,-1.0792754648319414,-77.476468,-47.909954,1.068188,-1.0632846410999999,-0.81052016325566,0.6348919313445975,-1.068188,-0.015990823731941495,-0.9162067107778841,1.4835957343139183
1723528317.5666022,104.04512333869934,1723528317.5524366,0.014165639877319336,-78.20411985378483,-47.54455813995432,0.0,-1.0766703891612694,-77.38486900000001,-48.163509,1.072986,-1.0619752271,-0.8192508537848227,0.618950860045679,-1.072986,-0.014695162061269418,-0.841970765371505,1.4851165222885532
1723528317.6666007,104.14512181282043,1723528317.6708794,-0.004278659820556641,-78.12887951685414,-47.79667662588167,0.0,-1.0762297118901678,-77.29973700000001,-48.421123,1.075532,-1.0607792765,-0.8291425168541338,0.6244463741183282,-1.075532,-0.015450435390167883,-0.8852447394961831,1.4947172543423504
1723528317.7666008,104.24512195587158,1723528317.753645,0.012955904006958008,-78.05731374315201,-48.054233199597455,0.0,-1.0755346507088728,-77.22872600000001,-48.695036,1.0616919999999999,-1.0587398641999999,-0.8285877431519992,0.6408028004025468,-1.0616919999999999,-0.016794786508872894,-0.9622703847816709,1.4914341353105305
1723528317.8665998,104.34512090682983,1723528317.8457174,0.020882368087768555,-77.9831172613495,-48.31570774868079,0.0,-1.0735145196610225,-77.142993,-48.951814,1.060206,-1.0588172259,-0.8401242613495015,0.6361062513192053,-1.060206,-0.014697293761022578,-0.84209290277055,1.4948166107959255
1723528317.9666,104.44512104988098,1723528317.9733205,-0.006720542907714844,-77.90075639750489,-48.56745059700836,0.0,-1.0720718697036462,-77.068119,-49.204817999999996,1.049467,-1.055908591,-0.8326373975048966,0.6373674029916359,-1.049467,-0.01616327870364631,-0.9260876528126181,1.483544143667127
1723528318.0665984,104.54511952400208,1723528318.0878258,-0.021227359771728516,-77.82038087171588,-48.82390838007242,0.0,-1.0708839268735888,-76.989703,-49.457158,1.067222,-1.0542396451,-0.8306778717158778,0.6332496199275823,-1.067222,-0.016644281773588787,-0.9536470986531579,1.4933163110944874
1723528318.1665986,104.64511966705322,1723528318.2156072,-0.04900860786437988,-77.74166825907604,-49.085830402932096,0.0,-1.0697602791729495,-76.902046,-49.704048,1.081,-1.0537567852,-0.8396222590760374,0.618217597067904,-1.081,-0.016003493972949423,-0.916932662113052,1.5019053016952704
1723528318.266599,104.74512004852295,1723528318.3039005,-0.03730154037475586,-77.66503245544304,-49.342795967141164,0.0,-1.0660972384155172,-76.817308,-49.9644,1.061896,-1.0512807534,-0.8477244554430428,0.6216040328588335,-1.061896,-0.014816485015517245,-0.8489220586079642,1.4942059566333448
1723528318.366599,104.8451201915741,1723528318.4094496,-0.042850494384765625,-77.59029556050902,-49.600636014571954,0.0,-1.0615472407120565,-76.729814,-50.230015,1.053523,-1.0495278587999999,-0.8604815605090153,0.6293789854280476,-1.053523,-0.012019381912056648,-0.6886598559167275,1.4988185796831677
1723528318.4665978,104.94511890411377,1723528318.4924276,-0.025829792022705078,-77.50798038536304,-49.869519104704985,0.0,-1.0594114188490664,-76.644406,-50.489823,1.064824,-1.0438279818,-0.8635743853630373,0.6203038952950166,-1.064824,-0.015583437049066395,-0.8928651732193065,1.5047882882815504
1723528318.5665982,105.0451192855835,1723528318.6263115,-0.05971336364746094,-77.436081106917,-50.12273875804475,0.0,-1.0597447861410139,-76.561772,-50.741721,1.064357,-1.0412198853999999,-0.8743091069169964,0.6189822419552513,-1.064357,-0.018524900741013983,-1.0613986283588726,1.5101030606362418
1723528318.6965966,105.17511773109436,1723528318.7350557,-0.038459062576293945,-77.35649221450225,-50.38727443530032,0.0,-1.0553306746770108,-76.481854,-50.998646,1.068765,-1.0427535084,-0.8746382145022551,0.6113715646996809,-1.068765,-0.012577166277010887,-0.7206185459069903,1.5103065323357472
1723528318.7665968,105.24511790275574,1723528318.7350557,0.03154110908508301,-77.27679866383376,-50.64271843110298,0.0,-1.0538878262321951,-76.481854,-50.998646,1.068765,-1.0427535084,-0.7949446638337605,0.35592756889702315,-1.068765,-0.011134317832195206,-0.6379494195420373,1.378724076123905
1723528318.8965971,105.37511825561523,1723528318.856723,0.03987407684326172,-77.19970958870188,-50.89285225291354,0.0,-1.0502986817166136,-76.401529,-51.252168,1.067833,-1.0390429492,-0.7981805887018822,0.3593157470864554,-1.067833,-0.011255732516613604,-0.6449059685301243,1.3807488454363381
1723528318.9965973,105.47511839866638,1723528319.04592,-0.04932260513305664,-77.11402821021724,-51.1480958054172,0.0,-1.0469472917726903,-76.234353,-51.772591999999996,1.0715249999999998,-1.0317352631999999,-0.8796752102172434,0.6244961945827967,-1.0715249999999998,-0.01521202857269044,-0.8715850350475798,1.5205228699839226
1723528319.0965977,105.57511878013611,1723528319.04592,0.05067777633666992,-77.02319185700877,-51.39297216078111,0.0,-1.0440805840640905,-76.234353,-51.772591999999996,1.0715249999999998,-1.0317352631999999,-0.7888388570087699,0.37961983921888276,-1.0715249999999998,-0.012345320864090679,-0.7073347822471945,1.383670405219564
1723528319.196598,105.67511916160583,1723528319.1510339,0.04556417465209961,-76.94157322146899,-51.643470053993646,0.0,-1.0419943285907163,-76.141981,-52.028656999999995,1.052072,-1.0287512625,-0.7995922214689841,0.38518694600634973,-1.052072,-0.01324306609071635,-0.7587717948108611,1.3764345960456688
1723528319.2965968,105.77511787414551,1723528319.2791033,0.017493486404418945,-76.86049698334838,-51.8937995302057,0.0,-1.0387756481908514,-76.040999,-52.273298,1.0454789999999998,-1.0256403394,-0.8194979833483842,0.37949846979429935,-1.0454789999999998,-0.013135308790851452,-0.7525977563168768,1.3815289981499783
1723528319.3965971,105.87511825561523,1723528319.3793902,0.017206907272338867,-76.78199146651255,-52.15095833850782,0.0,-1.0345942095716163,-75.958036,-52.522562,1.067089,-1.0238516795,-0.8239554665125439,0.3716036614921805,-1.067089,-0.010742530071616407,-0.6155016343959901,1.3984530117066138
1723528319.4965959,105.97511696815491,1723528319.4976242,-0.001028299331665039,-76.69378394291518,-52.3962390424834,0.0,-1.0307366862784537,-75.88091800000001,-52.764637,1.0726129999999998,-1.0206049608999999,-0.8128659429151668,0.3683979575165992,-1.0726129999999998,-0.01013172537845386,-0.5805051033709929,1.3953375018334326
1723528319.596596,106.07511711120605,1723528319.5801985,0.016397476196289062,-76.61033972250299,-52.65073564531299,0.0,-1.0283991885717212,-75.797417,-53.025748,1.07206,-1.0167148205,-0.8129227225029894,0.37501235468700855,-1.07206,-0.01168436807172113,-0.6694649767870327,1.3967069350903814
1723528319.6965947,106.17511582374573,1723528319.6759198,0.020674943923950195,-76.52507211508775,-52.91224506454237,0.0,-1.0265354354684515,-75.704866,-53.279527,1.0511789999999999,-1.0130975877,-0.8202061150877569,0.3672819354576333,-1.0511789999999999,-0.013437847768451583,-0.7699319628715672,1.3829719380312298
1723528319.796595,106.27511620521545,1723528319.7979982,-0.0014030933380126953,-76.4451177901823,-53.17600014357474,0.0,-1.0241010267138941,-75.622125,-53.519329,1.040895,-1.0104288844,-0.8229927901822975,0.34332885642525923,-1.040895,-0.013672142313894131,-0.7833560514883613,1.3706400830894008
1723528319.8965938,106.37511491775513,1723528319.8925426,0.00405120849609375,-76.36313864049487,-53.43244557616542,0.0,-1.0205275568332866,-75.526492,-53.783191,1.0615089999999998,-1.0081777173,-0.8366466404948625,0.3507454238345815,-1.0615089999999998,-0.012349839533286612,-0.7075936829211372,1.3963528603018793
1723528319.996594,106.47511506080627,1723528319.9759684,0.020625591278076172,-76.28312628730829,-53.67440598021306,0.0,-1.0146923724048555,-75.453377,-54.035156,1.073999,-1.0061198193,-0.8297492873082888,0.3607500197869413,-1.073999,-0.008572553104855496,-0.4911711125599898,1.4043141773000412
1723528320.0965927,106.57511377334595,1723528320.077763,0.0188295841217041,-76.18445853503582,-53.90664741400502,0.0,-1.0091058020453412,-75.359357,-54.288232,1.07789,-1.0013321102,-0.8251015350358131,0.3815845859949789,-1.07789,-0.0077736918453412684,-0.4453997339733194,1.4100518400000102
1723528320.196593,106.67511415481567,1723528320.1555107,0.04108238220214844,-76.08043562148742,-54.140636314836925,0.0,-1.0005230782289658,-75.257754,-54.520877,1.0729849999999999,-0.9970685372,-0.8226816214874191,0.3802406851630735,-1.0729849999999999,-0.0034545410289658074,-0.19793062111452142,1.404522993479086
1723528320.296593,106.77511405944824,1723528320.2831397,0.013453245162963867,-75.9637463644154,-54.375997625315655,0.0,-0.9933155448323702,-75.159532,-54.760171,1.0559649999999998,-0.9900765395,-0.804214364415401,0.38417337468434454,-1.0559649999999998,-0.0032390053323702044,-0.18558133536518115,1.381814751322848
1723528320.3965933,106.87511444091797,1723528320.4072206,-0.010627269744873047,-75.8823520473265,-54.61531079878218,0.0,-0.9837642638943,-75.06804100000001,-54.999776,1.055389,-0.9815406775,-0.8143110473264983,0.38446520121781447,-1.055389,-0.0022235863943000918,-0.1274021157761078,1.387357889683276
1723528320.496592,106.97511315345764,1723528320.4955351,0.0010569095611572266,-75.80192535054637,-54.86872196930658,0.0,-0.973744412784641,-74.950289,-55.239112999999996,1.0560189999999998,-0.9745833003,-0.8516363505463715,0.37039103069341905,-1.0560189999999998,0.0008388875153589881,0.048064714116286045,1.4062894856860286
1723528320.5965922,107.07511329650879,1723528320.6243303,-0.027738094329833984,-75.71913870774502,-55.111903933814204,0.0,-0.9622154620984853,-74.86324,-55.471743,1.089739,-0.9651253486,-0.8558987077450126,0.359839066185792,-1.089739,0.002909886501514691,0.16672421539888022,1.4316346739283892
1723528320.696591,107.17511200904846,1723528320.7151704,-0.018579483032226562,-75.613823939717,-55.341334599144936,0.0,-0.952354229122621,-74.773071,-55.710826,1.1001539999999999,-0.9563072048999999,-0.8407529397169924,0.36949140085506116,-1.1001539999999999,0.003952975777378853,0.22648882856125396,1.433083467445145
1723528320.7965913,107.27511239051819,1723528320.7958026,0.0007886886596679688,-75.48212393110235,-55.57067274461351,0.0,-0.9406460778292365,-74.687845,-55.947154,1.0792439999999999,-0.9463927899,-0.7942789311023546,0.37648125538648713,-1.0792439999999999,0.005746712070763493,0.3292623477316339,1.3918996973871658
1723528320.8965914,107.37511253356934,1723528320.878629,0.01796245574951172,-75.35594246030197,-55.79573688904072,0.0,-0.9277258835640595,-74.572163,-56.184658999999996,1.0513359999999998,-0.9356074367,-0.7837794603019717,0.3889221109592782,-1.0513359999999998,0.007881553135940522,0.4515797306974907,1.3678004370814738
1723528320.9965918,107.47511291503906,1723528320.9730802,0.023511648178100586,-75.23811599337371,-56.02370221798444,0.0,-0.913747780395922,-74.44382900000001,-56.412642999999996,1.051091,-0.923371132,-0.7942869933737029,0.3889407820155526,-1.051091,0.009623351604078012,0.5513774316841209,1.3736662804475133
1723528321.0965903,107.57511138916016,1723528321.0500782,0.04651212692260742,-75.12975611035685,-56.24337442821195,0.0,-0.901986705876356,-74.308483,-56.636902,1.025026,-0.9107417435999998,-0.8212731103568558,0.39352757178804865,-1.025026,0.008755037723643833,0.5016267110426152,1.371142506170902
1723528321.1965904,107.6751115322113,1723528321.155936,0.04065442085266113,-75.01250976378915,-56.47927142860934,0.0,-0.8884766104287257,-74.191995,-56.876863,1.0469929999999998,-0.8951635524,-0.8205147637891486,0.39759157139066303,-1.0469929999999998,0.006686941971274285,0.3831335528029075,1.3883507760237894
1723528321.2965891,107.77511024475098,1723528321.3077757,-0.011186599731445312,-74.90163394954112,-56.71617333379343,0.0,-0.8748223216023026,-73.956916,-57.326316,1.07273,-0.8708994523,-0.9447179495411149,0.6101426662065705,-1.07273,-0.003922869302302567,-0.22476385460336698,1.5541929514094546
1723528321.3965895,107.8751106262207,1723528321.4192374,-0.022647857666015625,-74.7835233909077,-56.94258925250137,0.0,-0.8639228629016626,-73.857106,-57.563055999999996,1.073178,-0.8566753713999999,-0.9264173909077016,0.6204667474986252,-1.073178,-0.007247491501662705,-0.41525067510220426,1.5475591060155847
1723528321.4965882,107.97510933876038,1723528321.5393465,-0.04275822639465332,-74.65509005468712,-57.15582342147754,0.0,-0.8490617368849014,-73.73659,-57.772435,1.082596,-0.8456486446,-0.9185000546871152,0.6166115785224591,-1.082596,-0.0034130922849013867,-0.1955557830135122,1.5478586138417785
1723528321.5965884,108.07510948181152,1723528321.6213527,-0.024764299392700195,-74.52183232216885,-57.37476190025919,0.0,-0.8335305116145478,-73.591414,-57.973627,1.0808909999999998,-0.8314720794,-0.9304183221688476,0.5988650997408129,-1.0808909999999998,-0.0020584322145478224,-0.1179394783073578,1.5468170595762343
1723528321.696587,108.1751081943512,1723528321.7252307,-0.02864360809326172,-74.3785681411927,-57.58181635066366,0.0,-0.8189939666920619,-73.43374800000001,-58.196144,1.082751,-0.8153557999,-0.9448201411926931,0.6143276493363388,-1.082751,-0.00363816679206197,-0.20845160234980065,1.562828617585272
1723528321.7965872,108.27510833740234,1723528321.798603,-0.002015829086303711,-74.24540511150478,-57.78217347579215,0.0,-0.8054821201905565,-73.29830100000001,-58.410603,1.0700079999999998,-0.7995498284000001,-0.9471041115047711,0.6284295242078528,-1.0700079999999998,-0.005932291790556432,-0.3398952824389897,1.5610403534147828
1723528321.8965876,108.37510871887207,1723528321.8855104,0.011077165603637695,-74.10404228040437,-57.98242858291778,0.0,-0.7900128758961009,-73.156433,-58.617014,1.070133,-0.7851635986,-0.9476092804043645,0.6345854170822207,-1.070133,-0.004849277296100962,-0.27784312275519674,1.5639202785215407
1723528321.996588,108.4751091003418,1723528321.9961321,0.0004558563232421875,-73.98140157555179,-58.17941035527598,0.0,-0.77462801440501,-73.02154300000001,-58.808963,1.0662939999999999,-0.7712702172,-0.9598585755517774,0.6295526447240221,-1.0662939999999999,-0.003357797205009949,-0.19238760830789414,1.5667316017669706
1723528322.0965867,108.57510781288147,1723528322.1038957,-0.0073089599609375,-73.85239726187088,-58.37965387550252,0.0,-0.7593447391060897,-72.889515,-59.004794,1.07147,-0.7557329784999999,-0.9628822618708739,0.6251401244974772,-1.07147,-0.003611760606089809,-0.20693863934055826,1.5703472184145426
1723528322.1965868,108.67510795593262,1723528322.204577,-0.007990121841430664,-73.71239232850992,-58.582271793063036,0.0,-0.7407480216667555,-72.750021,-59.203334,1.070166,-0.7404111146,-0.9623713285099171,0.621062206936962,-1.070166,-0.00033690706675548743,-0.019303353013221714,1.567524196425482
1723528322.2965853,108.77510643005371,1723528322.28728,0.009305238723754883,-73.56220179886336,-58.772577846805994,0.0,-0.7237773060396506,-72.613927,-59.386689,1.05473,-0.7236699947999998,-0.948274798863352,0.6141111531940027,-1.05473,-0.00010731123965079803,-0.006148481126307661,1.5455785245456144
1723528322.3965857,108.87510681152344,1723528322.375955,0.020630598068237305,-73.41166892701214,-58.93605254051308,0.0,-0.7060836119867777,-72.455066,-59.566308,1.055013,-0.7058640898999999,-0.9566029270121419,0.6302554594869179,-1.055013,-0.00021952208677777918,-0.01257768908227136,1.5573578697108328
1723528322.4965842,108.97510528564453,1723528322.4464962,0.050087928771972656,-73.2389363982483,-59.11843561155175,0.0,-0.6858946555953729,-72.294776,-59.741241,1.0529769999999998,-0.6866132947,-0.9441603982483002,0.6228053884482492,-1.0529769999999998,0.0007186391046271056,0.04117498768819354,1.5453433184990197
1723528322.5965843,109.07510542869568,1723528322.5542722,0.0423121452331543,-73.09015989011654,-59.29083542028923,0.0,-0.6666800195380289,-72.140407,-59.914946,1.0568769999999998,-0.6686679644,-0.9497528901165424,0.6241105797107735,-1.0568769999999998,0.0019879448619710693,0.11390085049565926,1.5519450895958409
1723528322.6965833,109.17510437965393,1723528322.6651876,0.031395673751831055,-72.92416602751305,-59.467038089860516,0.0,-0.64622888288761,-71.980924,-60.10264,1.06015,-0.6483512325999999,-0.9432420275130511,0.635601910139485,-1.06015,0.0021223497123898927,0.12160168117074498,1.5548676256002931
1723528322.8365822,109.31510329246521,1723528322.85688,-0.020297765731811523,-72.77068778480329,-59.63454553202238,0.0,-0.6263739762123746,-71.66612,-60.441306,1.047887,-0.6062668399000001,-1.1045677848032796,0.8067604679776181,-1.047887,-0.020107136312374485,-1.1520540487932998,1.7230785265581163
1723528322.8965824,109.37510347366333,1723528322.85688,0.039702415466308594,-72.6066308305838,-59.791807989639146,0.0,-0.606544604193894,-71.66612,-60.441306,1.047887,-0.6062668399000001,-0.9405108305837899,0.6494980103608512,-1.047887,-0.0002777642938939229,-0.015914721739553203,1.5506371118598687
1723528323.0265813,109.50510239601135,1723528323.04274,-0.0161588191986084,-72.45676562284508,-59.94041964213086,0.0,-0.5889759253395147,-71.341637,-60.73536,1.040711,-0.5684713601,-1.1151286228450772,0.7949403578691374,-1.040711,-0.020504565239514716,-1.1748250489748473,1.720035291375869
1723528323.0965812,109.57510232925415,1723528323.04274,0.05384111404418945,-72.30560840866183,-60.07668813739551,0.0,-0.5714290458783536,-71.341637,-60.73536,1.040711,-0.5684713601,-0.9639714086618199,0.6586718626044927,-1.040711,-0.002957685778353647,-0.16946291222552984,1.5640233006017925
1723528323.2365801,109.71510124206543,1723528323.275552,-0.038971900939941406,-72.16149044000936,-60.20473083037544,0.0,-0.5552367578311926,-71.052895,-61.00093,1.0243909999999998,-0.5356438413,-1.1085954400093527,0.7961991696245576,-1.0243909999999998,-0.01959291653119266,-1.1225914255894405,1.706544429014775
1723528323.2965803,109.77510142326355,1723528323.275552,0.02102828025817871,-72.04266822360653,-60.340821304710275,0.0,-0.540985315325119,-71.052895,-61.00093,1.0243909999999998,-0.5356438413,-0.9897732236065195,0.6601086952897219,-1.0243909999999998,-0.005341474025118975,-0.3060439180180731,1.569959058270801
1723528323.4365788,109.91509985923767,1723528323.4661307,-0.029551982879638672,-71.90918305245853,-60.463318294435595,0.0,-0.5260386745607201,-70.778908,-61.251656,1.037469,-0.5069152803,-1.1302750524585292,0.7883377055644019,-1.037469,-0.019123394260720072,-1.0956897811039612,1.7249173772055508
1723528323.536579,110.01510000228882,1723528323.5552704,-0.018691539764404297,-71.76107641935836,-60.56976016173447,0.0,-0.5092995961950169,-70.636751,-61.353598,1.055194,-0.4891578752,-1.1243254193583567,0.7838378382655264,-1.055194,-0.02014172099501688,-1.1540356051445082,1.729723614612496
1723528323.6365776,110.11509871482849,1723528323.659972,-0.023394346237182617,-71.60692730298783,-60.67185259380819,0.0,-0.49353023423858555,-70.490422,-61.451374,1.060449,-0.47309895820000003,-1.1165053029878322,0.7795214061918116,-1.060449,-0.020431276038585522,-1.1706258870777182,1.725917088365548
1723528323.736578,110.21509909629822,1723528323.7448251,-0.008247137069702148,-71.45361708994957,-60.76325411919393,0.0,-0.4776753714606836,-70.348586,-61.558611,1.066366,-0.45746399340000005,-1.105031089949577,0.795356880806068,-1.066366,-0.02021137806068357,-1.1580266610204752,1.7293995268753568
1723528323.8365767,110.31509780883789,1723528323.87665,-0.040073394775390625,-71.32530499575594,-60.86036186676345,0.0,-0.4616586928359472,-70.20857000000001,-61.662735,1.04625,-0.4413245576,-1.1167349957559338,0.80237313323655,-1.04625,-0.02033413523594718,-1.1650601290680278,1.7278711636536574
1723528323.9365768,110.41509795188904,1723528323.9707391,-0.034162282943725586,-71.21242328008157,-60.97433505831485,0.0,-0.4481310971217902,-70.08154400000001,-61.769627,1.036107,-0.4290179586,-1.1308792800815581,0.79529194168515,-1.036107,-0.019113138521790196,-1.0951021705474913,1.7276848480194873
1723528324.0365756,110.51509666442871,1723528324.0756087,-0.03903317451477051,-71.08500570114282,-61.08425778456108,0.0,-0.43279211766197573,-69.931956,-61.868954,1.050161,-0.41374589910000004,-1.1530497011428196,0.7846962154389203,-1.050161,-0.019046218561975692,-1.0912679392849352,1.745883698804336
1723528324.136576,110.61509704589844,1723528324.1627707,-0.02619481086730957,-70.91283507200384,-61.156783345486616,0.0,-0.4117336358393713,-69.786444,-61.940639,1.056692,-0.3938491061,-1.126391072003841,0.7838556545133812,-1.056692,-0.017884529739371272,-1.02470807264218,1.7319886018870225
1723528324.2265747,110.70509576797485,1723528324.2506855,-0.024110794067382812,-70.74055879040996,-61.23489120130798,0.0,-0.39604759069549633,-69.637553,-62.015239,1.0505149999999999,-0.3776314714,-1.1030057904099664,0.78034779869202,-1.0505149999999999,-0.018416119295496355,-1.0551659106413802,1.711474868593283
1723528324.3365748,110.81509590148926,1723528324.3923123,-0.05573749542236328,-70.58990324719751,-61.32244107927474,0.0,-0.38338241264449824,-69.480531,-62.097654999999996,1.0256509999999999,-0.36278171340000004,-1.1093722471975127,0.7752139207252569,-1.0256509999999999,-0.020600699244498196,-1.1803331217280901,1.6981234877179232
1723528324.4365735,110.91509461402893,1723528324.4765837,-0.04001021385192871,-70.4670540513181,-61.423086758020204,0.0,-0.36723927376021637,-69.332803,-62.206582,1.0128439999999999,-0.3468312345000001,-1.1342510513181026,0.7834952419797929,-1.0128439999999999,-0.020408039260216282,-1.1692945177476797,1.7106265547913124
1723528324.536574,111.01509499549866,1723528324.56322,-0.026646137237548828,-70.34236950870277,-61.509340947941816,0.0,-0.35599702307682074,-69.20873,-62.291744,1.015572,-0.335592802,-1.133639508702771,0.7824030520581857,-1.015572,-0.020404221076820717,-1.169075751953707,1.7113385283881808
1723528324.6365726,111.11509370803833,1723528324.666973,-0.030400514602661133,-70.20518621383704,-61.59717279323153,0.0,-0.3454358890212905,-69.088224,-62.361243,1.0266929999999999,-0.32604487210000005,-1.1169622138370414,0.7640702067684728,-1.0266929999999999,-0.019391016921290475,-1.1110234300567075,1.6986778341580728
1723528324.7365727,111.21509385108948,1723528324.754429,-0.017856359481811523,-70.0593655096961,-61.675161570847195,0.0,-0.33074480110967963,-68.929872,-62.435314999999996,1.0482699999999998,-0.3097013162,-1.1294935096960899,0.7601534291528012,-1.0482699999999998,-0.02104348490967961,-1.205702871571878,1.7182720440018668
1723528324.8365715,111.31509256362915,1723528324.8933995,-0.05682802200317383,-69.91334897327775,-61.737589805794336,0.0,-0.31384251200833146,-68.77739,-62.506475,1.0620209999999999,-0.2963274007,-1.1359589732777522,0.7688851942056658,-1.0620209999999999,-0.017515111308331444,-1.0035419556692533,1.7347840889516852
1723528324.9365718,111.41509294509888,1723528324.8933995,0.043172359466552734,-69.76646482136738,-61.800448358660056,0.0,-0.30511214999620595,-68.77739,-62.506475,1.0620209999999999,-0.2963274007,-0.9890748213673817,0.7060266413399461,-1.0620209999999999,-0.00878474929620593,-0.5033290587531201,1.613886992631666
1723528325.0265706,111.5050916671753,1723528324.9957197,0.030850887298583984,-69.61667673630836,-61.88140048775727,0.0,-0.28637539755728136,-68.641555,-62.561647,1.0725879999999999,-0.2842814115,-0.9751217363083668,0.6802465122427321,-1.0725879999999999,-0.0020939860572813385,-0.11997656344146014,1.6012628565552394
1723528325.1365707,111.6150918006897,1723528325.1151793,0.02139139175415039,-69.48593225774833,-61.97896838892976,0.0,-0.2705566646381361,-68.499443,-62.66146,1.050258,-0.26446185510000003,-0.9864892577483317,0.6824916110702404,-1.050258,-0.00609480953813607,-0.3492068634712754,1.594364362809865
1723528325.2365694,111.71509051322937,1723528325.2739005,-0.03733110427856445,-69.37936604486927,-62.06224834740931,0.0,-0.2645477796248694,-68.253916,-62.821163999999996,1.0327339999999998,-0.2446956945,-1.1254500448692681,0.7589156525906873,-1.0327339999999998,-0.019852085124869412,-1.137440692189459,1.7056172741853273
1723528325.33657,111.81509113311768,1723528325.385293,-0.04872298240661621,-69.26483132287434,-62.099991918372424,0.0,-0.2543406069373324,-68.122827,-62.854869,1.044215,-0.2371646506,-1.1420043228743424,0.7548770816275763,-1.044215,-0.017175956337332404,-0.9841098072301264,1.7217427938153977
1723528325.4365685,111.91508960723877,1723528325.385293,0.05127549171447754,-69.11711249465309,-62.124415429971656,0.0,-0.24136270776439606,-68.122827,-62.854869,1.044215,-0.2371646506,-0.9942854946530844,0.7304535700283452,-1.044215,-0.004198057164396057,-0.2405309576745521,1.6163387729896486
1723528325.5365684,112.01508951187134,1723528325.4930117,0.04355669021606445,-68.9799729815071,-62.1538888465927,0.0,-0.23053913779291116,-67.96346,-62.875849,1.035212,-0.2226233406,-1.0165129815071055,0.7219601534073021,-1.035212,-0.007915797192911161,-0.45354177063531387,1.62055206322548
1723528325.6365666,112.11508774757385,1723528325.6274154,0.009151220321655273,-68.83148520785662,-62.21288525833387,0.0,-0.2177792680883308,-67.83089100000001,-62.922244,1.0443559999999998,-0.2134922657,-1.000594207856608,0.7093587416661293,-1.0443559999999998,-0.004287002388330824,-0.2456271436138602,1.6109183864834205
1723528325.736567,112.21508812904358,1723528325.7182868,0.0182802677154541,-68.69184907067363,-62.28540370715491,0.0,-0.2051101304831748,-67.696982,-62.995835,1.038791,-0.1991158852,-0.9948670706736209,0.7104312928450867,-1.038791,-0.005994245283174798,-0.34344495609211695,1.6042318572591845
1723528325.8365657,112.31508684158325,1723528325.8062222,0.03034353256225586,-68.55403543405032,-62.350345812115286,0.0,-0.1968832373953191,-67.56219,-63.047509999999996,1.024068,-0.186685891,-0.9918454340503189,0.6971641878847095,-1.024068,-0.010197346395319107,-0.5842649106847283,1.5869815810334449
1723528325.9365659,112.4150869846344,1723528325.8904035,0.04616236686706543,-68.41501957801152,-62.40965257022796,0.0,-0.1857610410347057,-67.41454900000001,-63.102191,1.0379639999999999,-0.1772733251,-1.000470578011516,0.6925384297720356,-1.0379639999999999,-0.008487715934705709,-0.4863103007645737,1.599349905265828
1723528326.0365646,112.51508569717407,1723528325.9928231,0.043741464614868164,-68.24888880671763,-62.464673703062275,0.0,-0.16994240335072952,-67.258169,-63.162917,1.047574,-0.1661248658,-0.9907198067176353,0.6982432969377257,-1.047574,-0.0038175375507295273,-0.21872878978951132,1.6020239457065222
1723528326.136565,112.6150860786438,1723528326.1060433,0.030521631240844727,-68.09033330561128,-62.524962506279756,0.0,-0.15912730462786628,-67.09297000000001,-63.226399,1.0566259999999998,-0.1513689597,-0.9973633056112732,0.7014364937202444,-1.0566259999999998,-0.007758344927866284,-0.4445204203734672,1.6134451406782928
1723528326.236565,112.71508622169495,1723528326.2154627,0.021102428436279297,-67.9166924472795,-62.58990599610267,0.0,-0.1453460269864024,-66.91806700000001,-63.288147,1.043493,-0.1386802309,-0.998625447279494,0.6982410038973299,-1.043493,-0.006665796086402388,-0.38192198284567824,1.6042664755353833
1723528326.3665655,112.84508657455444,1723528326.4108276,-0.04426217079162598,-67.73704228208261,-62.65953426429705,0.0,-0.1292046797798423,-66.587072,-63.389714,1.0782859999999999,-0.1098963343,-1.1499702820826059,0.7301797357029471,-1.0782859999999999,-0.019308345479842292,-1.1062867053754637,1.7373240324995143
1723528326.4365637,112.91508483886719,1723528326.4108276,0.025736093521118164,-67.54726045094166,-62.718287452134454,0.0,-0.11219194747199746,-66.587072,-63.389714,1.0782859999999999,-0.1098963343,-0.9601884509416578,0.6714265478655435,-1.0782859999999999,-0.00229561317199746,-0.13152894615009397,1.592317860320728
1723528326.536564,113.01508522033691,1723528326.5022511,0.03431296348571777,-67.34675378633875,-62.793916455507315,0.0,-0.09883628252973997,-66.400651,-63.437315999999996,1.0501079999999998,-0.09374120109999999,-0.9461027863387557,0.6433995444926808,-1.0501079999999998,-0.005095081429739982,-0.29192666219958224,1.5529971886115397
1723528326.6665645,113.14508557319641,1723528326.7170453,-0.05048084259033203,-67.1562725797418,-62.851687656851894,0.0,-0.08024549031991234,-66.012884,-63.555411,1.053021,-0.06132768129999999,-1.1433885797417958,0.7037233431481056,-1.053021,-0.018917809019912343,-1.0839106144754975,1.7062875532619077
1723528326.7365646,113.21508574485779,1723528326.7170453,0.019519329071044922,-66.961450685871,-62.887879739399324,0.0,-0.061788891685726995,-66.012884,-63.555411,1.053021,-0.06132768129999999,-0.9485666858710005,0.6675312606006756,-1.053021,-0.0004612103857270025,-0.026425408569757985,1.5665982151989133
1723528326.8365633,113.31508445739746,1723528326.8222263,0.01433706283569336,-66.7726920048986,-62.944190815609126,0.0,-0.048383302638293824,-65.822291,-63.595375,1.064578,-0.0404843246,-0.9504010048985947,0.6511841843908712,-1.064578,-0.00789897803829382,-0.45257810406076227,1.5686392925708137
1723528326.9665637,113.44508481025696,1723528326.9967384,-0.030174732208251953,-66.58697952793176,-62.99190468425584,0.0,-0.029604481910273872,-65.455568,-63.683473,1.038142,-0.009667888200000002,-1.1314115279317605,0.6915683157441563,-1.038142,-0.01993659371027387,-1.1422826774657555,1.684071730373172
1723528327.0665624,113.54508352279663,1723528327.1061509,-0.03958845138549805,-66.40285634212694,-63.006286048369645,0.0,-0.01204657239117912,-65.248975,-63.705792,1.0527609999999998,0.0082200052,-1.1538813421269367,0.699505951630357,-1.0527609999999998,-0.02026657759117912,-1.1611893611489739,1.7114486411213021
1723528327.1665626,113.64508366584778,1723528327.1061509,0.060411691665649414,-66.20536302583614,-63.021099575017786,0.0,0.0019392243312967847,-65.248975,-63.705792,1.0527609999999998,0.0082200052,-0.9563880258361337,0.6846924249822166,-1.0527609999999998,-0.006280780868703215,-0.35986223582320503,1.5785396719473872
1723528327.2665613,113.74508237838745,1723528327.2327533,0.033807992935180664,-65.99818253428076,-63.04669544294743,0.0,0.015403903141295583,-65.04554300000001,-63.729337,1.036392,0.020366267900000002,-0.952639534280749,0.6826415570525697,-1.036392,-0.004962364758704419,-0.28432255707821835,1.5644903180760816
1723528327.3665617,113.84508275985718,1723528327.402016,-0.03545427322387695,-65.78609505099392,-63.064353231677494,0.0,0.029990676171260056,-64.63149,-63.78731,1.006732,0.0500834565,-1.154605050993922,0.7229567683225042,-1.006732,-0.020092780328739943,-1.1512315115202816,1.6938974681095655
1723528327.4665604,113.94508147239685,1723528327.496747,-0.03018665313720703,-65.57673566333143,-63.09270013428326,0.0,0.04309186081614369,-64.419591,-63.802245,1.022306,0.0620524967,-1.1571446633314366,0.7095448657167367,-1.022306,-0.01896063588385631,-1.086364413029268,1.6992784486297132
1723528327.5665605,114.045081615448,1723528327.604043,-0.037482500076293945,-65.36350183515232,-63.13379456333897,0.0,0.05396946669252056,-64.199572,-63.834272999999996,1.0336269999999999,0.0735224055,-1.1639298351523166,0.7004784366610295,-1.0336269999999999,-0.01955293880747944,-1.1203008707461328,1.7069819789657354
1723528327.666559,114.14508008956909,1723528327.704776,-0.03821706771850586,-65.13954086370948,-63.168112241366664,0.0,0.0677293994465118,-63.985362,-63.861025,1.0098319999999998,0.0880285355,-1.1541788637094825,0.6929127586333337,-1.0098319999999998,-0.02029913605348821,-1.1630548236267204,1.682859949233616
1723528327.7665591,114.24508023262024,1723528327.704776,0.0617830753326416,-64.92078216317344,-63.19963085929873,0.0,0.08126046697302947,-63.985362,-63.861025,1.0098319999999998,0.0880285355,-0.9354201631734398,0.6613941407012689,-1.0098319999999998,-0.006768068526970539,-0.38778176205073583,1.5271587210402835
1723528327.8665578,114.34507894515991,1723528327.829437,0.037120819091796875,-64.70849031243543,-63.21348463227516,0.0,0.0914001679326959,-63.757044,-63.877825,1.007885,0.10145955820000001,-0.9514463124354293,0.6643403677248401,-1.007885,-0.01005939026730411,-0.5763606067915026,1.537019968270013
1723528327.9665582,114.44507932662964,1723528327.9579291,0.008629083633422852,-64.47811616044655,-63.239480867061644,0.0,0.10554440131895015,-63.541892000000004,-63.892500999999996,0.998919,0.1122129407,-0.9362241604465424,0.6530201329383516,-0.998919,-0.006668539381049846,-0.38207916205093845,1.516835568276158
1723528328.066557,114.54507803916931,1723528328.0663135,0.0002434253692626953,-64.25827738784739,-63.246436438738634,0.0,0.118870058555431,-63.325981,-63.915925,0.9930410000000001,0.1252828672,-0.9322963878473871,0.6694885612613675,-0.9930410000000001,-0.006412808644569015,-0.3674268701588146,1.5177357860095748
1723528328.166557,114.64507818222046,1723528328.1669853,-0.00042819976806640625,-64.0364825858914,-63.264823325795895,0.0,0.13058979552911196,-63.116031,-63.925495999999995,1.0014809999999998,0.138199023,-0.9204515858914064,0.6606726742041005,-1.0014809999999998,-0.007609227470888047,-0.4359766194368906,1.5121784609532707
1723528328.2665558,114.74507689476013,1723528328.2752187,-0.008662939071655273,-63.815027155684376,-63.28339785087492,0.0,0.14425805389592794,-62.896847,-63.922363,1.000684,0.1499350223,-0.9181801556843752,0.6389651491250774,-1.000684,-0.005676968404072058,-0.3252663299824475,1.500899639531243
1723528328.366556,114.84507703781128,1723528328.403169,-0.03661298751831055,-63.59892230997606,-63.3033211206415,0.0,0.15694613872900742,-62.679998000000005,-63.924765,0.999571,0.16405202800000002,-0.918924309976056,0.6214438793585018,-0.999571,-0.007105889270992594,-0.40713746491516895,1.4932369425841683
1723528328.4665546,114.94507575035095,1723528328.5165303,-0.04997563362121582,-63.39379234838065,-63.315743849178695,0.0,0.1694544850956312,-62.455226,-63.948257999999996,0.9907090000000001,0.17605922000000002,-0.9385663483806468,0.6325141508213008,-0.9907090000000001,-0.006604734904368803,-0.3784234348230738,1.5041559972232845
1723528328.5665548,115.0450758934021,1723528328.5165303,0.05002450942993164,-63.18300322526564,-63.31878860574325,0.0,0.18291449224672407,-62.455226,-63.948257999999996,0.9907090000000001,0.17605922000000002,-0.7277772252656334,0.6294693942567449,-0.9907090000000001,0.006855272246724053,0.39277816715045377,1.3810849831209873
1723528328.6665535,115.14507460594177,1723528328.6230428,0.04351067543029785,-62.975084563700875,-63.310077850871956,0.0,0.19637830779952026,-62.236402000000005,-63.94701,0.98489,0.189223409,-0.7386825637008698,0.6369321491280431,-0.98489,0.007154898799520248,0.40994550405572955,1.3861251042415172
1723528328.7665539,115.2450749874115,1723528328.727713,0.03884077072143555,-62.745208835506766,-63.30394627042891,0.0,0.21013382631995328,-62.024982,-63.942555,0.961698,0.20312430450000002,-0.7202268355067645,0.6386087295710894,-0.961698,0.007009521819953264,0.4016160166881817,1.3606655898024647
1723528328.8665526,115.34507369995117,1723528328.845722,0.020830631256103516,-62.52831614497099,-63.296454529551234,0.0,0.22402269965301744,-61.811833,-63.935508999999996,0.958337,0.2162925776,-0.7164831449709865,0.6390544704487624,-0.958337,0.007730122053017431,0.44290336875890196,1.356520740275306
1723528328.9665527,115.44507384300232,1723528328.9641743,0.0023784637451171875,-62.300162853085006,-63.28406657680977,0.0,0.23785151791408943,-61.591114000000005,-63.929119,0.9476070000000001,0.2289856216,-0.709048853085001,0.6450524231902293,-0.9476070000000001,0.008865896314089433,0.5079784403979174,1.347887952010011
1723528329.0665514,115.54507255554199,1723528329.084989,-0.018437623977661133,-62.07210978108405,-63.26761559937945,0.0,0.25053193477612545,-61.371897000000004,-63.92076,0.974921,0.2436597751,-0.7002127810840477,0.6531444006205547,-0.974921,0.00687215967612545,0.393745745581979,1.3665161920359525
1723528329.1665518,115.64507293701172,1723528329.21321,-0.04665827751159668,-61.857348234665075,-63.253168473633885,0.0,0.2612922805893447,-61.147981,-63.903298,0.973708,0.25619147859999997,-0.7093672346650735,0.6501295263661149,-0.973708,0.005100801989344761,0.29225442612138913,1.3689329946835975
1723528329.2665505,115.74507164955139,1723528329.21321,0.05334043502807617,-61.65300833815973,-63.24778120606595,0.0,0.2745587165285617,-61.147981,-63.903298,0.973708,0.25619147859999997,-0.5050273381597279,0.6555167939340478,-0.973708,0.018367237928561708,1.0523652146191946,1.277834945790055
1723528329.3665507,115.84507179260254,1723528329.3541203,0.012430429458618164,-61.42593160944229,-63.23940350861902,0.0,0.287663332270486,-60.923278,-63.887142,0.987475,0.2690500626,-0.5026536094422838,0.6477384913809772,-0.987475,0.018613269670486043,1.0664617950577109,1.2834845849977552
1723528329.4665494,115.94507050514221,1723528329.4880273,-0.021477937698364258,-61.204407772045954,-63.2099029424359,0.0,0.30132074237025946,-60.725852,-63.872769,0.965927,0.2812153516,-0.4785557720459508,0.662866057564095,-0.965927,0.020105390770259468,1.1519540365971468,1.2654730366776141
1723528329.5665498,116.04507088661194,1723528329.6238532,-0.057303428649902344,-60.989141308431776,-63.185093062618634,0.0,0.31161761214825523,-60.513357,-63.852049,0.946423,0.2937103346999999,-0.475784308431777,0.6669559373813669,-0.946423,0.01790727744825532,1.0260114203548283,1.2517657230836616
1723528329.6665485,116.14506959915161,1723528329.6238532,0.04269528388977051,-60.76717095659854,-63.14338243144088,0.0,0.3241146662402321,-60.513357,-63.852049,0.946423,0.2937103346999999,-0.2538139565985418,0.7086665685591242,-0.946423,0.030404331540232202,1.742039876171799,1.209275123735939
1723528329.7665486,116.24506974220276,1723528329.7415454,0.02500319480895996,-60.561949525249446,-63.1130237830174,0.0,0.3364283389620239,-60.290035,-63.821571,0.93877,0.30704169449999996,-0.2719145252494428,0.7085472169826019,-0.93877,0.029386644462023936,1.6837307017254652,1.2071726391181257
1723528329.8665473,116.34506845474243,1723528329.8642786,0.0022687911987304688,-60.35720286304856,-63.06513571464634,0.0,0.3485789032331152,-60.070151,-63.794157999999996,0.950459,0.3203109544999999,-0.28705186304856056,0.7290222853536577,-0.950459,0.028267948733115278,1.6196341578996878,1.2317648214261192
1723528329.9665477,116.44506883621216,1723528330.0048141,-0.03826642036437988,-60.148292174018394,-63.03035094385916,0.0,0.3624537114289481,-59.850396,-63.767376,0.9481660000000001,0.3313618567999999,-0.2978961740183905,0.7370250561408369,-0.9481660000000001,0.0310918546289482,1.781432047473024,1.2373224427893479
1723528330.0665464,116.54506754875183,1723528330.0048141,0.06173229217529297,-59.943443878126914,-62.99395656669771,0.0,0.37435169719420364,-59.850396,-63.767376,0.9481660000000001,0.3313618567999999,-0.09304787812691018,0.773419433302287,-0.9481660000000001,0.04298984039420373,2.4631364165288967,1.227132548256117
1723528330.1665466,116.64506769180298,1723528330.1488461,0.0177004337310791,-59.73304570881032,-62.96265769570572,0.0,0.3891031301074954,-59.629526000000006,-63.725797,0.935385,0.3424930429,-0.10351970881031747,0.7631393042942776,-0.935385,0.04661008720749543,2.670561279726197,1.2116282540845302
1723528330.2665453,116.74506640434265,1723528330.2960773,-0.02953195571899414,-59.525979390217735,-62.92035640384506,0.0,0.40324005074387687,-59.424112,-63.692413,0.938525,0.357314211,-0.10186739021773406,0.7720565961549397,-0.938525,0.045925839743876866,2.631356787918322,1.2195398839239018
1723528330.3665457,116.84506678581238,1723528330.426533,-0.05998730659484863,-59.32627935845817,-62.878830171420525,0.0,0.42137956190363557,-59.207046000000005,-63.648195,0.945642,0.3689471052999999,-0.11923335845816752,0.7693648285794765,-0.945642,0.05243245660363566,3.0041584728911657,1.2248990266092716
1723528330.4965446,116.9750657081604,1723528330.426533,0.07001161575317383,-59.10868328366791,-62.82048491759174,0.0,0.43708289561390407,-59.207046000000005,-63.648195,0.945642,0.3689471052999999,0.09836271633209748,0.8277100824082595,-0.945642,0.06813579031390415,3.9038932187750626,1.2605625714927904
1723528330.596545,117.07506608963013,1723528330.6046166,-0.008071660995483398,-58.90873317797597,-62.74336069638061,0.0,0.4543106883657502,-59.00408,-63.599621,0.93183,0.3818560363,0.09534682202403388,0.8562603036193863,-0.93183,0.07245465206575025,4.151345769456321,1.269086235416824
1723528330.7065437,117.18506479263306,1723528330.7333498,-0.026806116104125977,-58.70407189541707,-62.673746386920826,0.0,0.47097477773974156,-58.805443000000004,-63.54663,0.9276570000000001,0.3947134335,0.10137110458293108,0.8728836130791748,-0.9276570000000001,0.07626134423974157,4.369453164931503,1.2777908328343566
1723528330.7965438,117.27506494522095,1723528330.7333498,0.06319403648376465,-58.511259584789855,-62.61069685381764,0.0,0.48754718456059987,-58.805443000000004,-63.54663,0.9276570000000001,0.3947134335,0.29418341521014924,0.9359331461823572,-0.9276570000000001,0.09283375106059988,5.318982132140503,1.3502082230369183
1723528330.8965425,117.37506365776062,1723528330.889252,0.00729060173034668,-58.318876428439744,-62.53044434350262,0.0,0.5040515657851703,-58.603666000000004,-63.508255999999996,0.93117,0.40949206109999997,0.2847895715602604,0.9778116564973729,-0.93117,0.09455950468517033,5.417860531307793,1.3799631533311363
1723528330.996543,117.47506403923035,1723528331.0045006,-0.007957696914672852,-58.11949057760961,-62.4719091249024,0.0,0.522203335863678,-58.398155,-63.463442,0.9136620000000001,0.4243506666,0.278664422390392,0.9915328750975974,-0.9136620000000001,0.09785266926367797,5.60654496289826,1.37679684519884
1723528331.0965416,117.57506275177002,1723528331.142592,-0.046050310134887695,-57.92074600675719,-62.406211698043,0.0,0.5390276864498529,-58.191609,-63.416962,0.9107000000000001,0.4418639551,0.27086299324280816,1.0107503019569961,-0.9107000000000001,0.0971637313498529,5.5670717280895365,1.3872121049120831
1723528331.1965415,117.67506265640259,1723528331.142592,0.053949594497680664,-57.730416770884055,-62.32068180404524,0.0,0.5562802256596595,-58.191609,-63.416962,0.9107000000000001,0.4418639551,0.4611922291159445,1.0962801959547548,-0.9107000000000001,0.11441627055965954,6.555569410695425,1.497966298098702
1723528331.2965403,117.77506136894226,1723528331.263519,0.03302121162414551,-57.53478766362715,-62.24318300802366,0.0,0.5727848804695532,-57.984570000000005,-63.352914999999996,0.9071290000000001,0.45742701269999997,0.4497823363728557,1.1097319919763393,-0.9071290000000001,0.11535786776955326,6.609518956823629,1.5022290992953766
1723528331.3965406,117.87506175041199,1723528331.3929224,0.0036182403564453125,-57.34032084872155,-62.15755485769862,0.0,0.5890124287135373,-57.778739,-63.281115,0.896973,0.47462560049999997,0.43841815127845507,1.123560142301379,-0.896973,0.11438682821353735,6.55388248852366,1.5030497102450449
1723528331.4965394,117.97506046295166,1723528331.515737,-0.019197702407836914,-57.15955154904169,-62.06610386646746,0.0,0.606010657408576,-57.567749,-63.226332,0.9004,0.4916451847,0.40819745095831195,1.1602281335325415,-0.9004,0.11436547270857594,6.552658908220001,1.524294801148803
1723528331.5965397,118.07506084442139,1723528331.6167932,-0.020253419876098633,-56.976380267669775,-61.982655118808744,0.0,0.623310608831099,-57.366553,-63.164692,0.895575,0.5069922709,0.3901727323302282,1.1820368811912587,-0.895575,0.11631833793109903,6.66454984342845,1.5334603125530815
1723528331.707539,118.1860601902008,1723528331.7257009,-0.018161773681640625,-56.79719753135752,-61.882094774294636,0.0,0.6402713419687744,-57.176858,-63.09228,0.886663,0.5241649391000001,0.37966046864248426,1.2101852257053665,-0.886663,0.11610640286877438,6.652406858826406,1.5475340472940748
1723528331.7965395,118.27506065368652,1723528331.8609514,-0.06441187858581543,-56.62112244769593,-61.79470770212746,0.0,0.656777940733008,-56.981295,-63.015239,0.891158,0.5422493854,0.3601725523040713,1.2205312978725402,-0.891158,0.11452855533300799,6.562002854311874,1.5535712077287145
1723528331.8965383,118.3750593662262,1723528331.8609514,0.03558683395385742,-56.45184701342534,-61.70936389474336,0.0,0.6732402203099664,-56.981295,-63.015239,0.891158,0.5422493854,0.5294479865746595,1.3058751052566393,-0.891158,0.13099083490996644,7.5052219952360035,1.6672694869099596
1723528331.9965386,118.47505974769592,1723528331.9634402,0.033098459243774414,-56.296518905749565,-61.62552939084625,0.0,0.6892952755560384,-56.786752,-62.92743,0.88937,0.5590692786,0.49023309425043493,1.3019006091537477,-0.88937,0.13022599695603843,7.461400008464508,1.6511367840712818
1723528332.0965378,118.57505893707275,1723528332.0733619,0.023175954818725586,-56.15205661923973,-61.54842484713763,0.0,0.7055084262414866,-56.588298,-62.848391,0.8890410000000001,0.5761576224,0.4362413807602721,1.2999661528623676,-0.8890410000000001,0.12935080384148656,7.411255136741776,1.6342008568583035
1723528332.1965382,118.67505931854248,1723528332.1865118,0.01002645492553711,-56.018359241273416,-61.47549229476444,0.0,0.7214156936214735,-56.396361,-62.770723,0.897097,0.5927095934000001,0.37800175872658315,1.2952307052355536,-0.897097,0.12870610022147344,7.374316340278218,1.620274957158315
1723528332.296537,118.77505803108215,1723528332.3211863,-0.024649381637573242,-55.88919222717519,-61.390277309027496,0.0,0.7379478003421966,-56.213471000000006,-62.696816,0.891269,0.6082251196,0.3242787728248189,1.306538690972502,-0.891269,0.12972268074219662,7.432562113650867,1.6144845938793932
1723528332.4065375,118.88505864143372,1723528332.4459157,-0.03937816619873047,-55.765482055428066,-61.29903688068894,0.0,0.7550361440386331,-56.023869000000005,-62.597119,0.8887700000000001,0.6259054812000001,0.25838694457193867,1.2980821193110614,-0.8887700000000001,0.12913066283863295,7.398641986380486,1.5942688338233044
1723528332.4965365,118.97505760192871,1723528332.4459157,0.05062079429626465,-55.64496747404658,-61.20845825283156,0.0,0.7723567376445817,-56.023869000000005,-62.597119,0.8887700000000001,0.6259054812000001,0.37890152595342386,1.3886607471684371,-0.8887700000000001,0.14645125644458157,8.391038898662622,1.691702441328331
1723528332.5965369,119.07505798339844,1723528332.5480564,0.04848051071166992,-55.52236325622012,-61.11887232528043,0.0,0.7893298786677541,-55.843447000000005,-62.509584,0.884522,0.6430970201,0.32108374377988724,1.3907116747195687,-0.884522,0.14623285856775403,8.378525622065787,1.679152435368813
1723528332.6965358,119.17505693435669,1723528332.6565795,0.03995633125305176,-55.4036529015487,-61.023141966214375,0.0,0.8071547461581146,-55.654336,-62.407686,0.8776590000000001,0.6604220255000001,0.2506830984512973,1.3845440337856232,-0.8776590000000001,0.1467327206581145,8.407165610182027,1.6583393855364794
1723528332.8075364,119.286057472229,1723528332.7645223,0.0430140495300293,-55.289020779052095,-60.92557051800952,0.0,0.8246663656906232,-55.481824,-62.305636,0.871712,0.677345528,0.19280322094790847,1.3800654819904778,-0.871712,0.1473208376906232,8.440862234004536,1.6436653027710655
1723528332.8965354,119.37505650520325,1723528332.8657393,0.030796051025390625,-55.167447559104204,-60.82643943686562,0.0,0.8419655218503146,-55.327138000000005,-62.213922,0.868365,0.6944294763000001,0.1596904408958011,1.3874825631343768,-0.868365,0.14753604555031452,8.45319273608289,1.644587082869264
1723528333.006536,119.48505711555481,1723528332.9866352,0.019900798797607422,-55.05409430610946,-60.7277252748663,0.0,0.8592993925677338,-55.182597,-62.126267,0.8714580000000001,0.7102140048000001,0.12850269389053892,1.398541725133697,-0.8714580000000001,0.14908538776773372,8.541963506162451,1.6528372409408807
1723528333.096535,119.5750560760498,1723528333.089113,0.007421970367431641,-54.93683204251221,-60.63134453393841,0.0,0.8774752086191402,-55.040032000000004,-62.044201,0.8766010000000001,0.7261069751,0.10319995748779576,1.4128564660615908,-0.8766010000000001,0.15136823351914022,8.672760932997415,1.6659060412035638
1723528333.1965353,119.67505645751953,1723528333.1955304,0.001004934310913086,-54.81760205355255,-60.53448938578032,0.0,0.8943895999907605,-54.904401,-61.96149,0.877532,0.7425700232,0.0867989464474519,1.4270006142196792,-0.877532,0.15181957679076052,8.698620997572885,1.677476444279242
1723528333.306534,119.78505516052246,1723528333.2900298,0.016504287719726562,-54.710898584097365,-60.4384370000682,0.0,0.9109826370164215,-54.782192,-61.878934,0.873429,0.7590436539000001,0.07129341590263749,1.4404969999318027,-0.873429,0.15193898311642143,8.70546247608042,1.6861176044406245
1723528333.3965347,119.87505578994751,1723528333.4053903,-0.008855581283569336,-54.60292633548375,-60.337265912384524,0.0,0.9286985863521275,-54.655114000000005,-61.798477999999996,0.869751,0.7750342865000002,0.05218766451625356,1.461212087615472,-0.869751,0.15366429985212735,8.804315843359657,1.7012733817121302
1723528333.4965336,119.97505474090576,1723528333.5299957,-0.0334620475769043,-54.49435681030337,-60.230980160754555,0.0,0.9453704982958139,-54.537633,-61.700959,0.874801,0.792891337,0.04327618969662694,1.4699788392454423,-0.874801,0.15247916129581385,8.736412405944666,1.7111362908970857
1723528333.5965343,120.07505536079407,1723528333.6547809,-0.058246612548828125,-54.393609822578604,-60.127224911949895,0.0,0.9622078640358626,-54.4217,-61.601334,0.866473,0.8104419143,0.0280901774213973,1.4741090880501062,-0.866473,0.15176594973586255,8.695548393659514,1.710135117839664
1723528333.6965332,120.17505431175232,1723528333.7324827,-0.0359494686126709,-54.29558785935909,-60.01790239556649,0.0,0.9788228380254473,-54.304614,-61.506595,0.858207,0.8275053853000002,0.009026140640912672,1.4886926044335098,-0.858207,0.15131745272544717,8.669851407838479,1.7183731831470417
1723528333.7965336,120.27505469322205,1723528333.8447616,-0.04822802543640137,-54.19085905911567,-59.92246796830037,0.0,0.9954170443266932,-54.194864,-61.405484,0.857299,0.8453131817,0.004004940884335895,1.4830160316996341,-0.857299,0.15010386262669317,8.60031781712101,1.7129839944467133
1723528333.8965325,120.3750536441803,1723528333.8447616,0.051770925521850586,-54.09287646755879,-59.82315688972186,0.0,1.011935520111285,-54.194864,-61.405484,0.857299,0.8453131817,0.10198753244121406,1.5823271102781433,-0.857299,0.16662233841128493,9.546756763567169,1.802532140100594
1723528333.9965327,120.47505378723145,1723528333.9623647,0.03416800498962402,-53.99596865875615,-59.71708876104634,0.0,1.0279179390619912,-54.070895,-61.314579,0.8548220000000001,0.8623708493000001,0.07492634124385233,1.597490238953661,-0.8548220000000001,0.16554708976199117,9.485149554035495,1.813369700819007
1723528334.0965316,120.5750527381897,1723528334.065506,0.03102564811706543,-53.907435637883275,-59.60370833010722,0.0,1.044065367995894,-53.956754000000004,-61.216423999999996,0.8512740000000001,0.8799770887999999,0.04931836211672902,1.6127156698927791,-0.8512740000000001,0.16408827919589408,9.40156586548904,1.8242674025031507
1723528334.2365305,120.71505165100098,1723528334.2856548,-0.04912424087524414,-53.811277003994746,-59.496151747926874,0.0,1.0603309245900574,-53.738971,-61.020861,0.845793,0.9146633624,-0.07230600399474696,1.524709252073123,-0.845793,0.1456675621900574,8.346136525449735,1.7450880380141485
1723528334.3365312,120.81505227088928,1723528334.2856548,0.05087637901306152,-53.73039584865397,-59.390803401101145,0.0,1.0745549206927842,-53.738971,-61.020861,0.845793,0.9146633624,0.008575151346029486,1.6300575988988513,-0.845793,0.15989155829278423,9.161111469946515,1.8364441477478959
1723528334.43653,120.91505122184753,1723528334.4817126,-0.04518246650695801,-53.632051777637855,-59.30215788480963,0.0,1.0902741673990493,-53.520766,-60.803096,0.852485,0.9491074268,-0.1112857776378533,1.5009381151903654,-0.852485,0.1411667405990492,8.08825844394361,1.7297197533591009
1723528334.5365305,121.01505160331726,1723528334.4817126,0.054817914962768555,-53.567843510036674,-59.2351876549273,0.0,1.1025772040700597,-53.520766,-60.803096,0.852485,0.9491074268,-0.047077510036672265,1.567908345072695,-0.852485,0.15346977727005962,8.79317052038719,1.785296486784436
1723528334.6265295,121.10505056381226,1723528334.601591,0.024938344955444336,-53.49270899544742,-59.16833930640228,0.0,1.1156762554260886,-53.42322,-60.693844,0.8489650000000001,0.9661527626,-0.06948899544742204,1.5255046935977177,-0.8489650000000001,0.1495234928260886,8.567065076989518,1.74720773289897
1723528334.6965296,121.17505073547363,1723528334.7301147,-0.0335850715637207,-53.428787146147016,-59.0810056886659,0.0,1.1323709158361446,-53.317363,-60.588508,0.8392660000000001,0.9829646142,-0.11142414614701579,1.5075023113341004,-0.8392660000000001,0.14940630163614457,8.56035051640961,1.7289725208279763
1723528334.7965302,121.27505135536194,1723528334.85319,-0.056659698486328125,-53.35795300206888,-58.9490391294178,0.0,1.1477107855320021,-53.213882000000005,-60.476782,0.833516,0.9999979866,-0.1440710020688769,1.5277428705822018,-0.833516,0.14771279893200207,8.463319958868253,1.7462828105744719
1723528334.9065292,121.38505029678345,1723528334.9360952,-0.029566049575805664,-53.316071690851615,-58.785139618199686,0.0,1.1636707516730374,-53.117407,-60.377667,0.8387950000000001,1.0158820767,-0.19866469085161498,1.5925273818003163,-0.8387950000000001,0.14778867497303727,8.46766733578573,1.8108528855762795
1723528334.9965298,121.4750509262085,1723528335.0166903,-0.020160436630249023,-53.279216638967796,-58.629027331466396,0.0,1.1752379276988971,-53.026348,-60.275871,0.840574,1.0318236644,-0.2528686389677972,1.6468436685336059,-0.840574,0.14341426329889706,8.21703200900474,1.8661728930189323
1723528335.1365292,121.61505031585693,1723528335.1255329,0.010996341705322266,-53.21324998272543,-58.53362261874268,0.0,1.1851218325859565,-52.932036000000004,-60.161922,0.836789,1.0477652745000001,-0.28121398272542564,1.6282993812573139,-0.836789,0.1373565580859564,7.869951066768842,1.85220301522383
1723528335.2365282,121.71504926681519,1723528335.2552645,-0.01873636245727539,-53.191663938790484,-58.443098602502076,0.0,1.1985581849176867,-52.848339,-60.049033,0.826634,1.0643332114,-0.34332493879048087,1.6059343974979257,-0.826634,0.1342249735176868,7.690524487818697,1.8385377539279724
1723528335.3365288,121.81504988670349,1723528335.335816,0.0007128715515136719,-53.15216382359451,-58.37005490340875,0.0,1.217037300842369,-52.763229,-59.936513,0.826141,1.081106686,-0.3889348235945107,1.5664580965912478,-0.826141,0.1359306148423689,7.788250537086084,1.8131657997165533
1723528335.4365277,121.91504883766174,1723528335.4747658,-0.0382380485534668,-53.10296539453942,-58.3003227878133,0.0,1.2293248484187194,-52.676614,-59.829910999999996,0.824018,1.0949956083,-0.4263513945394166,1.5295882121866953,-0.824018,0.13432924011871927,7.696498524002032,1.7889721280137922
1723528335.5365283,122.01504945755005,1723528335.5781755,-0.04164719581604004,-53.03470442048795,-58.21360604514051,0.0,1.239054182154483,-52.584962000000004,-59.733187,0.8293010000000001,1.1107328747,-0.44974242048794366,1.5195809548594923,-0.8293010000000001,0.1283213074544829,7.352269338742499,1.7886124990503227
1723528335.6365273,122.1150484085083,1723528335.6854608,-0.04893350601196289,-52.94552297357822,-58.122542421611186,0.0,1.2498716181750664,-52.506385,-59.64595,0.8197570000000001,1.1227180884,-0.4391379735782195,1.523407578388813,-0.8197570000000001,0.12715352977506633,7.285360606302349,1.7848289410416485
1723528335.7365274,122.21504855155945,1723528335.6854608,0.05106663703918457,-52.86923921366956,-58.01196055029851,0.0,1.2586039747748154,-52.506385,-59.64595,0.8197570000000001,1.1227180884,-0.36285421366955717,1.6339894497014882,-0.8197570000000001,0.13588588637481536,7.785687784671178,1.8637559500005694
1723528335.8365264,122.3150475025177,1723528335.8062387,0.030287742614746094,-52.80720661389972,-57.915075999524866,0.0,1.2711176595423346,-52.440615,-59.553692999999996,0.829775,1.1353504496,-0.36659161389972184,1.6386170004751293,-0.829775,0.1357672099423346,7.778888125962362,1.8729606606260347
1723528335.9365268,122.41504788398743,1723528335.9072452,0.0292816162109375,-52.77178339265737,-57.8151756039514,0.0,1.284349985280703,-52.386429,-59.453894,0.8333630000000001,1.1518643686,-0.38535439265736926,1.6387183960485956,-0.8333630000000001,0.1324856166807029,7.590866681992296,1.878400883532962
1723528336.0365257,122.51504683494568,1723528336.0152805,0.021245241165161133,-52.728667942099435,-57.7218049894342,0.0,1.2966998243108867,-52.331012,-59.341595,0.859576,1.1673339344,-0.39765594209943345,1.6197900105658007,-0.859576,0.1293658899108867,7.412119504847846,1.8763583949746234
1723528336.126526,122.60504722595215,1723528336.1361315,-0.00960540771484375,-52.70290002206929,-57.613894574568455,0.0,1.3120529781644734,-52.277435000000004,-59.226056,0.8431620000000001,1.1827257272,-0.4254650220692824,1.6121614254315446,-0.8431620000000001,0.1293272509644734,7.409905656293531,1.868423695230256
1723528336.2365253,122.71504640579224,1723528336.2301855,0.0063397884368896484,-52.64605874518817,-57.529569962352554,0.0,1.323555410591098,-52.208764,-59.11063,0.811446,1.1947728151,-0.4372947451881686,1.5810600376474468,-0.811446,0.12878259549109794,7.378699196380417,1.8301426577540154
1723528336.3365257,122.81504678726196,1723528336.3540852,-0.017559528350830078,-52.595081481853036,-57.440914998197584,0.0,1.329949914273308,-52.145844000000004,-59.012608,0.809701,1.20529065,-0.44923748185303225,1.5716930018024158,-0.809701,0.12465926427330798,7.142449720066514,1.8241844524108142
1723528336.4365246,122.91504573822021,1723528336.4535835,-0.017058849334716797,-52.542685659117915,-57.3527614930737,0.0,1.3409605239600761,-52.108263,-58.897636,0.81542,1.218288238,-0.43442265911791367,1.5448745069262984,-0.81542,0.12267228596007618,7.028604248734309,1.8000750165773238
1723528336.5365252,123.01504635810852,1723528336.5756807,-0.03915548324584961,-52.49438327463295,-57.27296348338383,0.0,1.3524589570384782,-52.069319,-58.806196,0.831468,1.2364019989000001,-0.4250642746329518,1.5332325166161667,-0.831468,0.11605695813847805,6.6495738844612635,1.795221608215092
1723528336.6365244,123.11504554748535,1723528336.6766307,-0.04010629653930664,-52.4573605106243,-57.18157090803498,0.0,1.3606803655366537,-52.024564000000005,-58.735802,0.82432,1.2488490697,-0.4327965106242928,1.554231091965022,-0.82432,0.11183129583665363,6.407461268919188,1.811753451559938
1723528336.7365248,123.21504592895508,1723528336.7708263,-0.0343015193939209,-52.40309204469817,-57.09714026916736,0.0,1.371890574007164,-51.961998,-58.645108,0.798282,1.2584334118,-0.4410940446981684,1.5479677308326387,-0.798282,0.11345716220716406,6.500616550001689,1.7966697535972875
1723528336.836524,123.31504511833191,1723528336.8627584,-0.02623438835144043,-52.40701712127712,-56.97626646126615,0.0,1.3864046782553048,-51.904498000000004,-58.549106,0.7907460000000001,1.2699280017,-0.5025191212771176,1.5728395387338523,-0.7907460000000001,0.11647667655530469,6.673621978329343,1.8307454542807537
1723528336.9365244,123.41504549980164,1723528336.9920392,-0.05551481246948242,-52.397313402073486,-56.86577999211598,0.0,1.3948348871767138,-51.837459,-58.453787,0.782578,1.2786877629,-0.5598544020734835,1.5880070078840163,-0.782578,0.11614712427671381,6.654740023637165,1.8567798832101248
1723528337.0365233,123.51504445075989,1723528336.9920392,0.04448413848876953,-52.34735205000522,-56.75850386885183,0.0,1.4018268564023035,-51.837459,-58.453787,0.782578,1.2786877629,-0.5098930500052177,1.695283131148166,-0.782578,0.12313909350230355,7.055350350748812,1.9355630042143173
1723528337.136524,123.6150450706482,1723528337.1004076,0.03611636161804199,-52.28410535782434,-56.67224270273917,0.0,1.4158366061184626,-51.790485000000004,-58.359732,0.80539,1.2914707189,-0.49362035782433367,1.6874892972608322,-0.80539,0.12436588721846253,7.125640453017892,1.9338909581795145
1723528337.236523,123.71504402160645,1723528337.2854533,-0.04893040657043457,-52.22362301451849,-56.58231476318221,0.0,1.4279273752816284,-51.695948,-58.155125,0.8491850000000001,1.3170951889,-0.5276750145184863,1.5728102368177872,-0.8491850000000001,0.1108321863816284,6.350216513874626,1.8636759713563162
1723528337.3365233,123.81504440307617,1723528337.2854533,0.05106997489929199,-52.17578037221556,-56.49447991008151,0.0,1.4394854556511492,-51.695948,-58.155125,0.8491850000000001,1.3170951889,-0.4798323722155615,1.6606450899184892,-0.8491850000000001,0.12239026675114917,7.012445738321173,1.9259014471985323
1723528337.4365225,123.915043592453,1723528337.406422,0.030100584030151367,-52.14710229156643,-56.398903128403816,0.0,1.449682241244096,-51.656225,-58.065758,0.840916,1.3323782204,-0.49087729156643434,1.6668548715961862,-0.840916,0.11730402084409586,6.721025314281329,1.9304158612577593
1723528337.5365229,124.01504397392273,1723528337.5109715,0.025551319122314453,-52.11498690049626,-56.29747763217172,0.0,1.4575242017811894,-51.611394000000004,-57.994068999999996,0.81084,1.3442367181000001,-0.5035929004962583,1.696591367828276,-0.81084,0.11328748368118924,6.49089468658933,1.9466611375428582
1723528337.6365218,124.11504292488098,1723528337.6239858,0.012536048889160156,-52.094952059842406,-56.16696359023052,0.0,1.466622192984144,-51.565567,-57.913061,0.803107,1.3502884756,-0.5293850598424044,1.746097409769476,-0.803107,0.11633371738414411,6.6654310211791525,1.9935108626333138
1723528337.7365222,124.21504330635071,1723528337.7444484,-0.007926225662231445,-52.06868688003561,-56.03978098454579,0.0,1.475856628383914,-51.520288,-57.815264,0.817272,1.3608772617,-0.5483988800356059,1.7754830154542063,-0.817272,0.11497936668391406,6.587832442075384,2.0300282736392288
1723528337.836521,124.31504201889038,1723528337.8338118,0.0027091503143310547,-52.04970620393831,-55.90411496489881,0.0,1.4838004225116006,-51.485374,-57.72516,0.827021,1.3724165636,-0.5643322039383065,1.8210450351011929,-0.827021,0.11138385891160052,6.381825021515333,2.07813367970147
1723528337.9365213,124.41504240036011,1723528337.956084,-0.019562721252441406,-52.02641338151723,-55.773538400195356,0.0,1.491745325431226,-51.46208,-57.627263,0.8380580000000001,1.3795109356,-0.5643333815172298,1.853724599804643,-0.8380580000000001,0.11223438983122613,6.430556853555261,2.111186459974475
1723528338.03652,124.51504111289978,1723528338.0542815,-0.0177614688873291,-51.98895277767908,-55.63245255012024,0.0,1.4986479104633144,-51.451208,-57.516293,0.852054,1.3898374304,-0.5377447776790802,1.8838404498797559,-0.852054,0.10881048006331427,6.234381274420294,2.1363567832738717
1723528338.1365206,124.61504173278809,1723528338.1748693,-0.03834867477416992,-51.95335631007234,-55.50039707985901,0.0,1.5051118868303899,-51.434808000000004,-57.406871,0.846118,1.4056666694,-0.5185483100723332,1.9064739201409893,-0.846118,0.09944521743038992,5.697791251522152,2.1492907732507076
1723528338.23652,124.7150411605835,1723528338.2962055,-0.059685468673706055,-51.90119746881665,-55.356476821311176,0.0,1.511066870762665,-51.4132,-57.318308,0.8369880000000001,1.4153404183,-0.4879974688166442,1.9618311786888256,-0.8369880000000001,0.09572645246266509,5.484721713870416,2.1880292537786232
1723528338.3365207,124.8150417804718,1723528338.2962055,0.04031515121459961,-51.8607413281046,-55.215861894366725,0.0,1.5165552481237006,-51.4132,-57.318308,0.8369880000000001,1.4153404183,-0.4475413281045988,2.102446105633277,-0.8369880000000001,0.10121482982370056,5.799182573032896,2.3067556826847007
1723528338.4365196,124.91504073143005,1723528338.4560668,-0.019547224044799805,-51.82491471778649,-55.06174897020609,0.0,1.5221767123685617,-51.332526,-57.107777,0.825584,1.4335603831000001,-0.49238871778648985,2.0460280297939093,-0.825584,0.08861632926856157,5.077341663030207,2.260589810019007
1723528338.53652,125.01504111289978,1723528338.5852485,-0.04872846603393555,-51.794470624226925,-54.90062978408282,0.0,1.5276260233130188,-51.286258000000004,-56.999674,0.7928540000000001,1.4467999275,-0.5082126242269212,2.099044215917182,-0.7928540000000001,0.0808260958130187,4.630994164605985,2.3006269052401764
1723528338.636519,125.11504006385803,1723528338.5852485,0.051270484924316406,-51.757046973044964,-54.7488842455368,0.0,1.5316282963575496,-51.286258000000004,-56.999674,0.7928540000000001,1.4467999275,-0.4707889730449608,2.2507897544631987,-0.7928540000000001,0.08482836885754952,4.860307518516576,2.4323474754346335
1723528338.7665195,125.24504065513611,1723528338.7157106,0.05080890655517578,-51.718772660077775,-54.587661299906564,0.0,1.5363725370136887,-51.247223000000005,-56.914561,0.768201,1.4572349271,-0.47154966007776977,2.326899700093435,-0.768201,0.07913760991368869,4.534251048807025,2.4953865577532026
1723528338.8665185,125.34503960609436,1723528338.8398063,0.02671217918395996,-51.68723866239912,-54.41277611887755,0.0,1.5403513351019527,-51.196222,-56.826176,0.76754,1.4681512689,-0.4910166623991188,2.4133998811224444,-0.76754,0.07220006620195263,4.136759073937025,2.5796732352287175
1723528338.966519,125.44504022598267,1723528338.9559166,0.010602474212646484,-51.65711208362831,-54.233086249851794,0.0,1.543107792456441,-51.162712,-56.713434,0.801284,1.4765448554,-0.4944000836283138,2.480347750148205,-0.801284,0.0665629370564409,3.8137753653290143,2.653038343675595
1723528339.0665183,125.5450394153595,1723528339.0566947,0.00982356071472168,-51.62939959299133,-54.05288891770213,0.0,1.545527481706106,-51.12953,-56.593517999999996,0.822524,1.4852367229,-0.49986959299132394,2.540629082297869,-0.822524,0.060290758806105904,3.4544060232310705,2.7168385072342858
1723528339.166519,125.6450400352478,1723528339.206305,-0.03978610038757324,-51.5933191777602,-53.873613478872784,0.0,1.5460327280625776,-51.115438000000005,-56.457761,0.8259230000000001,1.495719214,-0.4778811777601959,2.584147521127214,-0.8259230000000001,0.05031351406257767,2.882752008257817,2.7546937457609326
1723528339.266518,125.74503922462463,1723528339.206305,0.06021308898925781,-51.551077008967276,-53.70742312357676,0.0,1.5468858462315642,-51.115438000000005,-56.457761,0.8259230000000001,1.495719214,-0.4356390089672715,2.750337876423238,-0.8259230000000001,0.05116663223156426,2.931632078766677,2.904528977743426
1723528339.3665185,125.84503960609436,1723528339.3376644,0.0288541316986084,-51.497226353765676,-53.5309761953898,0.0,1.547497447589006,-51.091145000000004,-56.328339,0.8213400000000001,1.5035188866,-0.40608135376567134,2.797362804610202,-0.8213400000000001,0.04397856098900599,2.519785933728731,2.9435930632634695
1723528339.4665174,125.94503855705261,1723528339.442865,0.02365255355834961,-51.45786838761199,-53.354259638322475,0.0,1.548290856583141,-51.063445,-56.199968,0.815608,1.5116192792,-0.3944233876119867,2.8457083616775236,-0.815608,0.036671577383140974,2.101126612141382,2.9864430846879855
1723528339.566518,126.04503917694092,1723528339.5333638,0.03315424919128418,-51.42088897278185,-53.177439466103095,0.0,1.5483208565828956,-51.025857,-56.066103,0.816011,1.5182933283,-0.395031972781851,2.888663533896903,-0.816011,0.030027528282895677,1.7204506398196342,3.027590002577407
1723528339.666517,126.14503812789917,1723528339.634222,0.03229498863220215,-51.366433114070425,-52.982638281014026,0.0,1.548877448484805,-50.998117,-55.929117999999995,0.8098120000000001,1.5239490701,-0.3683161140704243,2.9464797189859695,-0.8098120000000001,0.024928378384804883,1.4282908715544678,3.0778555797216307
1723528339.7665174,126.2450385093689,1723528339.7497492,0.016768217086791992,-51.31634857427342,-52.7837331016191,0.0,1.5488383020954952,-50.959148,-55.778484,0.8042790000000001,1.5306560995,-0.35720057427342056,2.9947508983809,-0.8042790000000001,0.01818220259549519,1.0417634709736856,3.1213762835415197
1723528339.8665168,126.3450379371643,1723528339.8764045,-0.0098876953125,-51.26381986163822,-52.58733526234153,0.0,1.5488351782607062,-50.914583,-55.639345,0.8113910000000001,1.5355470277,-0.349236861638218,3.052009737658466,-0.8113910000000001,0.013288150560706091,0.7613549446628575,3.1772763775236816
1723528339.966517,126.44503808021545,1723528339.9785664,-0.012049436569213867,-51.21168965616881,-52.39188998064644,0.0,1.5487449893242273,-50.885706,-55.493956,0.808211,1.5415426163000001,-0.325983656168809,3.1020660193535576,-0.808211,0.0072023730242272155,0.4126655767670945,3.2221551720918424
1723528340.066516,126.5450370311737,1723528340.0845554,-0.018039464950561523,-51.16443845085305,-52.19097689559821,0.0,1.5494516263220497,-50.854548,-55.337061,0.8061670000000001,1.5467933376,-0.3098904508530467,3.146084104401787,-0.8061670000000001,0.002658288722049651,0.15230872450067018,3.262481036786038
1723528340.1665165,126.64503765106201,1723528340.1700842,-0.0035676956176757812,-51.1151760408815,-51.980539328443,0.0,1.5495895833810511,-50.815538000000004,-55.184455,0.806027,1.5509420201,-0.29963804088149715,3.2039156715569987,-0.806027,-0.001352436718948802,-0.07748891605428705,3.317308865740547
1723528340.2665155,126.74503660202026,1723528340.2561858,0.010329723358154297,-51.06901926747666,-51.77190900487495,0.0,1.5495875602512228,-50.779929,-55.014581,0.805748,1.5551842986,-0.28909026747665933,3.2426719951250504,-0.805748,-0.005596738348777164,-0.3206694864239488,3.353762765942457
1723528340.3665156,126.84503674507141,1723528340.3855395,-0.019023895263671875,-51.01906705182385,-51.56193882769122,0.0,1.5495000978148017,-50.745915000000004,-54.847794,0.806075,1.5588059262,-0.2731520518238497,3.2858551723087785,-0.806075,-0.009305828385198334,-0.5331846913449066,3.394291260694776
1723528340.4665146,126.94503569602966,1723528340.5209439,-0.05442929267883301,-50.970032676280965,-51.340950426424534,0.0,1.5498992690623918,-50.706092000000005,-54.669412,0.806208,1.5617160465,-0.26394067628095996,3.328461573575467,-0.806208,-0.011816777437608117,-0.6770514746203605,3.4348642573802133
1723528340.5665152,127.04503631591797,1723528340.5209439,0.045571327209472656,-50.91792103020629,-51.112640405619864,0.0,1.549499805203551,-50.706092000000005,-54.669412,0.806208,1.5617160465,-0.21182903020628174,3.5567715943801375,-0.806208,-0.012216241296449049,-0.6999390677999556,3.6531448167149847
1723528340.6665142,127.14503526687622,1723528340.624162,0.04235219955444336,-50.86438687397414,-50.889743388701135,0.0,1.5499307029827074,-50.671783000000005,-54.504411,0.804315,1.5635714657,-0.1926038739741358,3.614667611298863,-0.804315,-0.013640762717292532,-0.7815581330402666,3.708077778535379
1723528340.7665148,127.24503588676453,1723528340.7455113,0.02100348472595215,-50.815458184944724,-50.663684436817626,0.0,1.5501329714615437,-50.631107,-54.33336,0.798987,1.5643829004,-0.1843511849447239,3.6696755631823734,-0.798987,-0.014249928938456335,-0.8164607865348854,3.7601707839641265
1723528340.8665137,127.34503483772278,1723528340.871253,-0.004739284515380859,-50.75708939206782,-50.43086378078831,0.0,1.5495559131553973,-50.598063,-54.154241999999996,0.790813,1.5650833377,-0.15902639206781544,3.723378219211689,-0.790813,-0.015527424544602651,-0.8896558931135762,3.8097532672921375
1723528340.966514,127.4450352191925,1723528340.9766607,-0.010146617889404297,-50.69819048941595,-50.2007682774583,0.0,1.5488689845041357,-50.557551000000004,-53.975128999999995,0.795451,1.5666607534,-0.14063948941594617,3.7743607225416937,-0.795451,-0.017791768895864424,-1.0193932678051643,3.859834274065356
1723528341.0665133,127.54503440856934,1723528341.103664,-0.03715062141418457,-50.639229434338276,-49.96458839368595,0.0,1.5489764442363612,-50.518665000000006,-53.782829,0.798756,1.5667917024,-0.12056443433827013,3.818240606314049,-0.798756,-0.017815258163638825,-1.02073910371249,3.9027564948467877
1723528341.166514,127.64503502845764,1723528341.213139,-0.04662513732910156,-50.584595681543725,-49.71469396680592,0.0,1.5483769525245596,-50.483444,-53.600726,0.7969050000000001,1.5662205663,-0.10115168154372611,3.886032033194084,-0.7969050000000001,-0.0178436137754403,-1.022363760594226,3.9681902934101676
1723528341.2665129,127.7450339794159,1723528341.3012166,-0.034703731536865234,-50.530839082152085,-49.48060365575175,0.0,1.5473053308534634,-50.438033000000004,-53.415217,0.7880980000000001,1.5673070883,-0.0928060821520802,3.9346133442482483,-0.7880980000000001,-0.020001757446536542,-1.1460162845309103,4.013837763939246
1723528341.3665135,127.8450345993042,1723528341.4100125,-0.043498992919921875,-50.471588041191765,-49.24469710626487,0.0,1.547067458828496,-50.400641,-53.222773,0.788195,1.5666022987000001,-0.07094704119176498,3.9780758937351237,-0.788195,-0.01953483987150406,-1.1192638781010662,4.056029173587805
1723528341.4665124,127.94503355026245,1723528341.4100125,0.05649995803833008,-50.40286965650142,-49.00145384113436,0.0,1.545914402802733,-50.400641,-53.222773,0.788195,1.5666022987000001,-0.0022286565014226767,4.22131915886564,-0.788195,-0.02068789589726716,-1.1853291219194197,4.294274300267848
1723528341.5665114,128.0450325012207,1723528341.5436502,0.022861242294311523,-50.33574430630615,-48.74001318009296,0.0,1.5456342927117435,-50.362753000000005,-53.022942,0.792321,1.5666387239000001,0.027008693693858277,4.282928819907042,-0.792321,-0.021004431188256678,-1.2034652581600644,4.355683793960068
1723528341.6665103,128.14503145217896,1723528341.66586,0.0006504058837890625,-50.2654540435744,-48.478548339918795,0.0,1.5453362246959417,-50.31586,-52.817251999999996,0.79415,1.5675969509,0.05040595642559964,4.338703660081201,-0.79415,-0.02226072620405839,-1.2754456603888236,4.411072934439556
1723528341.766511,128.24503207206726,1723528341.7325149,0.0339961051940918,-50.202940391291264,-48.22220388303073,0.0,1.5444422050932742,-50.267233000000004,-52.617461999999996,0.78385,1.5681432121,0.06429260870874032,4.395258116969266,-0.78385,-0.023701007006725835,-1.3579676716953826,4.465069795290864
1723528341.86651,128.3450310230255,1723528341.854126,0.01238393783569336,-50.147040411064644,-47.96960850929426,0.0,1.545297925166231,-50.212284000000004,-52.415369,0.775485,1.5681412402000001,0.06524358893535975,4.445760490705737,-0.775485,-0.02284331503376902,-1.3088255415227084,4.5133601730686514
1723528341.9665103,128.44503140449524,1723528341.9596262,0.006884098052978516,-50.094495124266935,-47.70972070021816,0.0,1.5449818496431333,-50.16512,-52.193956,0.769883,1.5678859243,0.07062487573306697,4.484235299781837,-0.769883,-0.022904074656866724,-1.3123068114910126,4.550392722674693
1723528342.066509,128.5450301170349,1723528342.0739799,-0.007470846176147461,-50.028408231629186,-47.43854185408404,0.0,1.54505242079769,-50.115374,-51.989545,0.771117,1.568374121,0.08696576837081693,4.551003145915956,-0.771117,-0.02332170020231006,-1.3362349926617645,4.616688651695526
1723528342.1965096,128.675030708313,1723528342.1845,0.012009620666503906,-49.957106599015134,-47.18087656107409,0.0,1.5439643061098787,-50.069918,-51.776718,0.775927,1.5681048853000001,0.1128114009848673,4.595841438925909,-0.775927,-0.02414057919012147,-1.3831533025953031,4.662247060513819
1723528342.2665086,128.74502968788147,1723528342.2888749,-0.02236628532409668,-49.88610426921669,-46.91755056033417,0.0,1.5437501037109964,-50.029476,-51.555883,0.7752840000000001,1.5684295866,0.1433717307833149,4.638332439665831,-0.7752840000000001,-0.024679482889003568,-1.4140302101052364,4.704864350297486
1723528342.3965092,128.87503027915955,1723528342.377232,0.019277095794677734,-49.827775035433646,-46.65207702795339,0.0,1.543821557554347,-49.984481,-51.324581,0.777966,1.5682421903000001,0.15670596456635622,4.672503972046613,-0.777966,-0.02442063274565309,-1.3991991893648976,4.7394178150146296
1723528342.4965081,128.9750292301178,1723528342.4828253,0.013682842254638672,-49.757125371625904,-46.39826547969363,0.0,1.5445399218023323,-49.932626,-51.088115,0.7759250000000001,1.5692081587,0.1755006283740954,4.689849520306375,-0.7759250000000001,-0.024668236897667617,-1.4133858622652458,4.756842292876929
1723528342.6075087,129.0860297679901,1723528342.6103017,-0.0027930736541748047,-49.693774621061635,-46.14367087411222,0.0,1.5433862577379607,-49.877154000000004,-50.867687,0.766891,1.5683044095,0.1833793789383691,4.724016125887779,-0.766891,-0.024918151762039376,-1.4277049292313317,4.789371374214846
1723528342.6965075,129.17502856254578,1723528342.7239852,-0.027477741241455078,-49.62930730919508,-45.87984011066056,0.0,1.5426000379227771,-49.826542,-50.622769999999996,0.7601300000000001,1.5678414208,0.19723469080492606,4.742929889339436,-0.7601300000000001,-0.02524138287722288,-1.4462247079386537,4.807502789946804
1723528342.7965078,129.2750289440155,1723528342.8608437,-0.06433582305908203,-49.56730989552329,-45.60781064353376,0.0,1.5428638527838228,-49.767431,-50.383449,0.75865,1.5682706051,0.2001211044767146,4.775638356466239,-0.75865,-0.025406752316177172,-1.455699678851181,4.839661144203025
1723528342.8965068,129.37502789497375,1723528342.8608437,0.03566312789916992,-49.49936901901641,-45.33712585510453,0.0,1.5433395721348946,-49.767431,-50.383449,0.75865,1.5682706051,0.2680619809835889,5.046323144895467,-0.75865,-0.024931032965105352,-1.4284429678020634,5.1100669595276855
1723528342.9965072,129.47502827644348,1723528342.9459968,0.050510406494140625,-49.42854213052616,-45.075605438836284,0.0,1.5428630739161002,-49.713855,-50.133383,0.7563110000000001,1.5671718463,0.2853128694738416,5.057777561163718,-0.7563110000000001,-0.024308772383899724,-1.3927900627416232,5.121964820302811
1723528343.0965064,129.5750274658203,1723528343.0556698,0.04083657264709473,-49.365788505409995,-44.8184736209794,0.0,1.5418352669888755,-49.661956,-49.881785,0.7524270000000001,1.5668934477,0.2961674945900086,5.063311379020604,-0.7524270000000001,-0.025058180711124534,-1.4357279970235637,5.127473422271465
1723528343.2075067,129.68602776527405,1723528343.162755,0.044751644134521484,-49.302049368927506,-44.55427738081102,0.0,1.542219190492303,-49.612735,-49.64597,0.754156,1.5664174626,0.310685631072495,5.091692619188976,-0.754156,-0.024198272107696983,-1.3864588632801762,5.156608435977509
1723528343.2965057,129.7750267982483,1723528343.2756975,0.02080821990966797,-49.22930147469759,-44.28402027415949,0.0,1.54233287499199,-49.550175,-49.393461,0.757718,1.5652534378,0.3208735253024102,5.109440725840514,-0.757718,-0.022920562808010025,-1.3132515129634974,5.175275926715564
1723528343.396506,129.87502717971802,1723528343.383664,0.012842178344726562,-49.16039280003052,-44.01122485790351,0.0,1.5415166452074613,-49.496928000000004,-49.143371,0.749171,1.5650057069,0.33653519996948233,5.132146142096495,-0.749171,-0.023489061692538726,-1.3458240997048871,5.197445252419254
1723528343.496505,129.97502613067627,1723528343.5042534,-0.00774836540222168,-49.095687625643386,-43.73618637964483,0.0,1.541602415982102,-49.434634,-48.893775999999995,0.751244,1.5635577964,0.3389463743566168,5.157589620355168,-0.751244,-0.02195538041789802,-1.25795063554973,5.223024304387341
1723528343.5965054,130.075026512146,1723528343.6056635,-0.009158134460449219,-49.02561118215277,-43.46480855776046,0.0,1.541066054759658,-49.38526,-48.638483,0.74921,1.5628637247000001,0.3596488178472299,5.1736744422395375,-0.74921,-0.021797669940342157,-1.2489144908007865,5.2399971498619635
1723528343.6965044,130.17502546310425,1723528343.7129788,-0.016474485397338867,-48.962647055598474,-43.19021101075068,0.0,1.5411282805966129,-49.329995000000004,-48.375721999999996,0.747456,1.5630504646,0.36734794440152996,5.185510989249316,-0.747456,-0.021922184003387187,-1.2560486211032926,5.251967174670597
1723528343.796505,130.27502608299255,1723528343.8456016,-0.04909658432006836,-48.89665074281951,-42.92983680007887,0.0,1.5411122810309816,-49.277339000000005,-48.116852,0.740491,1.5637423579,0.3806882571804948,5.1870151999211345,-0.740491,-0.02263007686901841,-1.296607894651383,5.2534157606693395
1723528343.906504,130.38502502441406,1723528343.95602,-0.04951620101928711,-48.82909748325451,-42.6587473400049,0.0,1.540576727656024,-49.212843,-47.857213,0.7366320000000001,1.5632864083,0.38374551674549195,5.198465659995101,-0.7366320000000001,-0.022709680643975938,-1.3011688549897586,5.264402391838466
1723528343.9965029,130.47502398490906,1723528343.95602,0.04048275947570801,-48.755883288987214,-42.37935612581196,0.0,1.5400261407729827,-49.212843,-47.857213,0.7366320000000001,1.5632864083,0.4569597110127859,5.477856874188042,-0.7366320000000001,-0.023260267527017264,-1.3327151596432898,5.546021530340653
1723528344.0965018,130.5750229358673,1723528344.1283123,-0.03181052207946777,-48.68805899612556,-42.11705288746291,0.0,1.538298964365483,-49.08012,-47.339297,0.737931,1.5622831879,0.39206100387443854,5.222244112537091,-0.737931,-0.023984223534517124,-1.3741947834261732,5.28867540717412
1723528344.1965027,130.6750237941742,1723528344.2422752,-0.045772552490234375,-48.622033526823806,-41.85415263622636,0.0,1.5361009872638034,-49.031980000000004,-47.072744,0.7195550000000001,1.5634538905,0.40994647317619837,5.2185913637736405,-0.7195550000000001,-0.027352903236196546,-1.5672059128637932,5.283891684255784
1723528344.2965016,130.77502274513245,1723528344.3498878,-0.05338621139526367,-48.55133058163336,-41.58674458792196,0.0,1.5344284853802153,-48.975426,-46.813551,0.713968,1.5627419486,0.42409541836664033,5.226806412078034,-0.713968,-0.028313463219784785,-1.622241945892555,5.29236360223328
1723528344.3965006,130.8750216960907,1723528344.3498878,0.04661273956298828,-48.488340289105906,-41.329141828185676,0.0,1.5335910816412177,-48.975426,-46.813551,0.713968,1.5627419486,0.48708571089409247,5.48440917181432,-0.713968,-0.02915086695878233,-1.670221645885589,5.55209390758678
1723528344.4964995,130.97502064704895,1723528344.4780796,0.018419981002807617,-48.41353926736453,-41.0605489673062,0.0,1.5316424059308211,-48.918271000000004,-46.551288,0.7107220000000001,1.5621667917,0.5047317326354772,5.490739032693803,-0.7107220000000001,-0.03052438576917882,-1.7489184768031374,5.559504924753686
1723528344.5965002,131.07502126693726,1723528344.5593386,0.03716158866882324,-48.341350383044805,-40.7866664402523,0.0,1.527966387664102,-48.856771,-46.284211,0.715182,1.5606794112,0.5154206169551969,5.497544559747702,-0.715182,-0.03271302353589789,-1.874318183719078,5.567776925480944
1723528344.696499,131.1750202178955,1723528344.671518,0.024981021881103516,-48.27209800619205,-40.51338143691479,0.0,1.5256650106015954,-48.798058000000005,-46.019343,0.7122550000000001,1.5603096326,0.5259599938079518,5.505961563085208,-0.7122550000000001,-0.03464462199840468,-1.984990623334676,5.576697394899885
1723528344.7964995,131.27502059936523,1723528344.7521777,0.04432177543640137,-48.19596457017209,-40.24505405051001,0.0,1.5229186165873754,-48.731079,-45.744127999999996,0.7053470000000001,1.5617488712,0.5351144298279138,5.49907394948999,-0.7053470000000001,-0.03883025461262468,-2.224809706721792,5.5698901376399235
1723528344.8964984,131.3750195503235,1723528344.840839,0.05565953254699707,-48.124567595534266,-39.98663695951793,0.0,1.5200130118437318,-48.663398,-45.474222,0.697948,1.5626352818,0.5388304044657346,5.487585040482067,-0.697948,-0.04262226995626817,-2.442076181761414,5.557972579277742
1723528344.9964993,131.47502040863037,1723528344.9930093,0.003489971160888672,-48.05405388066073,-39.723904797170185,0.0,1.517775750637682,-48.601363,-45.204471999999996,0.689335,1.5612594898,0.5473091193392676,5.4805672028298105,-0.689335,-0.04348373916231796,-2.4914347314485528,5.550796958912359
1723528345.0964983,131.57501935958862,1723528345.1003175,-0.0038192272186279297,-47.970154787322656,-39.473154158335326,0.0,1.5133334151088444,-48.549685000000004,-44.934723,0.6843330000000001,1.5616393436,0.5795302126773478,5.461568841664672,-0.6843330000000001,-0.04830592849115556,-2.7677258280039703,5.5346997330060494
1723528345.1964986,131.67501974105835,1723528345.2035422,-0.007043600082397461,-47.88136215297122,-39.22045833475335,0.0,1.5091367754903624,-48.486183000000004,-44.66445,0.6957420000000001,1.5611103365,0.6048208470287832,5.443991665246649,-0.6957420000000001,-0.051973561009637674,-2.9778656921179323,5.521495308233052
1723528345.2964976,131.7750186920166,1723528345.303514,-0.007016420364379883,-47.81350684191525,-38.97097276262759,0.0,1.5061021002181942,-48.425772,-44.389964,0.699044,1.5600307063,0.6122651580847531,5.41899123737241,-0.699044,-0.05392860608180583,-3.0898815235110173,5.4980903201438505
1723528345.396498,131.87501907348633,1723528345.418478,-0.02198004722595215,-47.738633595799264,-38.71013882525642,0.0,1.5018918501412708,-48.365943,-44.119122,0.682322,1.5605024268,0.6273094042007372,5.408983174743575,-0.682322,-0.05861057665872926,-3.358138677373161,5.487821005184277
1723528345.496497,131.97501802444458,1723528345.5264077,-0.029910802841186523,-47.668689428553506,-38.45834505884664,0.0,1.4961983641746555,-48.309835,-43.848107999999996,0.668609,1.5599886952,0.6411455714464935,5.389762941153357,-0.668609,-0.06379033102534448,-3.654916741494672,5.4687887324796645
1723528345.5964975,132.07501864433289,1723528345.6298835,-0.0333859920501709,-47.59203515339244,-38.21124999530555,0.0,1.492177859883495,-48.237123000000004,-43.583985999999996,0.672357,1.5593454236,0.6450878466075665,5.3727360046944455,-0.672357,-0.06716756371650501,-3.8484179211317793,5.452934479840173
1723528345.6964962,132.17501735687256,1723528345.740612,-0.04411578178405762,-47.512675066441126,-37.958649977070166,0.0,1.4880591101409086,-48.175663,-43.316683,0.676416,1.5600838993000001,0.662987933558874,5.358033022929831,-0.676416,-0.0720247891590915,-4.126716439135548,5.441103700528712
1723528345.7964969,132.27501797676086,1723528345.740612,0.05588483810424805,-47.43397055668581,-37.702257971849654,0.0,1.4836161754734258,-48.175663,-43.316683,0.676416,1.5600838993000001,0.7416924433141929,5.614425028150343,-0.676416,-0.0764677238265743,-4.381277844234672,5.703456380322932
1723528345.8964958,132.37501692771912,1723528345.865632,0.03086376190185547,-47.35185503280753,-37.45588649862557,0.0,1.4801376172819882,-48.104241,-43.049517,0.676651,1.5599317128,0.752385967192474,5.5936305013744345,-0.676651,-0.07979409551801186,-4.571864903245838,5.684421114355935
1723528345.9964962,132.47501730918884,1723528345.9661613,0.030334949493408203,-47.26811428887451,-37.21518187922384,0.0,1.4759054424987477,-48.043902,-42.780231,0.6725140000000001,1.5585771122,0.7757877111254956,5.565049120776159,-0.6725140000000001,-0.08267166970125239,-4.736737759181326,5.658965750875406
1723528346.0964954,132.57501649856567,1723528346.082924,0.013571500778198242,-47.181530929837976,-36.97713705941078,0.0,1.4712803735744489,-47.975301,-42.51783,0.6663290000000001,1.5567673506,0.7937700701620258,5.540692940589217,-0.6663290000000001,-0.08548697702555108,-4.898042986895909,5.636784856850687
1723528346.196496,132.67501711845398,1723528346.1882415,0.008254528045654297,-47.09823964050668,-36.744920579689094,0.0,1.467119017123932,-47.918374,-42.250892,0.667784,1.5554780986,0.8201343594933235,5.505971420310907,-0.667784,-0.08835908147606819,-5.06260245023128,5.606627963362472
1723528346.3364954,132.81501650810242,1723528346.304462,0.032033443450927734,-47.01542599748722,-36.5033737150709,0.0,1.4620604404580204,-47.862356000000005,-41.979847,0.667289,1.5528996479000001,0.846930002512785,5.476473284929099,-0.667289,-0.09083920744197971,-5.204703200738816,5.581605922959755
1723528346.4364944,132.91501545906067,1723528346.3989666,0.03752779960632324,-46.935334950785474,-36.2662376288566,0.0,1.4578668171963711,-47.797450000000005,-41.718875,0.654057,1.5525970955000001,0.8621150492145304,5.452637371143396,-0.654057,-0.094730278303629,-5.427645138897653,5.558982570445849
1723528346.4964945,132.9750156402588,1723528346.4937587,0.0027358531951904297,-46.853880157684976,-36.0144659412079,0.0,1.4535575383316264,-47.720802,-41.450787,0.6423340000000001,1.5503754662,0.8669218423150227,5.436321058792096,-0.6423340000000001,-0.09681792786837362,-5.547258648059843,5.542358081404096
1723528346.6364934,133.11501455307007,1723528346.6299787,0.006514787673950195,-46.76633975034337,-35.78097988643764,0.0,1.449117716116552,-47.655517,-41.183839,0.6457280000000001,1.5468364214,0.8891772496566333,5.402859113562357,-0.6457280000000001,-0.09771870528344806,-5.598869392224312,5.513482332636493
1723528346.6964934,133.1750144958496,1723528346.758086,-0.06159257888793945,-46.68478191534874,-35.53588024515618,0.0,1.4450181024349034,-47.603851,-40.917664,0.6455270000000001,1.5453968716,0.9190690846512624,5.381783754843823,-0.6455270000000001,-0.10037876916509658,-5.75127982587796,5.497725845655783
1723528346.8364913,133.31501245498657,1723528346.8582537,-0.021762371063232422,-46.59481487445878,-35.30620230503459,0.0,1.441762077014977,-47.542434,-40.659796,0.641306,1.542724879,0.9476191255412232,5.3535936949654115,-0.641306,-0.10096280198502304,-5.784742441556871,5.474506447480076
1723528346.936492,133.41501307487488,1723528346.9528646,-0.0163726806640625,-46.501795005083416,-35.0802880810777,0.0,1.438224138507839,-47.478468,-40.388723999999996,0.637621,1.5394827501000001,0.9766729949165835,5.308435918922299,-0.637621,-0.1012586115921612,-5.801691083585309,5.435066014681401
1723528347.036491,133.51501202583313,1723528347.0537903,-0.017299413681030273,-46.40925211225278,-34.84304813872601,0.0,1.4350077397351342,-47.406489,-40.129515,0.6444000000000001,1.5367285403,0.9972368877472206,5.286466861273986,-0.6444000000000001,-0.10172080056486577,-5.828172561058769,5.418160633059137
1723528347.1364896,133.6150107383728,1723528347.1530118,-0.01652216911315918,-46.314963577956725,-34.60866204988826,0.0,1.4313768053754714,-47.325366,-39.877601999999996,0.64508,1.5329603285,1.0104024220432777,5.268939950111736,-0.64508,-0.10158352312452856,-5.820307143105088,5.403588572305852
1723528347.2364888,133.71500992774963,1723528347.2847805,-0.048291683197021484,-46.22191733223471,-34.38549395572372,0.0,1.427807998403482,-47.243983,-39.628323,0.633322,1.5280747125,1.0220656677652897,5.242829044276284,-0.633322,-0.1002667140965181,-5.744859543375364,5.378937755023336
1723528347.3364894,133.81501054763794,1723528347.2847805,0.05170893669128418,-46.13388115262099,-34.158071692892705,0.0,1.423356685634067,-47.243983,-39.628323,0.633322,1.5280747125,1.1101018473790134,5.470251307107297,-0.633322,-0.10471802686593312,-5.9999009783555355,5.617568177614526
1723528347.4364884,133.9150094985962,1723528347.3961117,0.04037666320800781,-46.047461834836305,-33.93281909056514,0.0,1.4202282645446147,-47.185471,-39.376321,0.6349400000000001,1.5245232272,1.1380091651636945,5.443501909434858,-0.6349400000000001,-0.10429496265538529,-5.975661184628111,5.597314240027758
1723528347.5364888,134.01500988006592,1723528347.4834418,0.05304694175720215,-45.96610841398644,-33.71657746817775,0.0,1.4168926125811137,-47.115342000000005,-39.101707,0.6304890000000001,1.5205187027,1.1492335860135654,5.385129531822244,-0.6304890000000001,-0.10362609011888635,-5.937337611254511,5.542370818417572
1723528347.6364877,134.11500883102417,1723528347.6128411,0.02364659309387207,-45.88021073478254,-33.48104942793399,0.0,1.4147106474835436,-47.045417,-38.835827,0.623642,1.5159001689,1.1652062652174635,5.354777572066013,-0.623642,-0.10118952141645643,-5.79773250811161,5.515458079884862
1723528347.7364883,134.21500945091248,1723528347.743893,-0.0074045658111572266,-45.787468602282324,-33.25604064474033,0.0,1.4114645512404627,-46.968698,-38.586576,0.6191530000000001,1.5111126431,1.1812293977176793,5.33053535525967,-0.6191530000000001,-0.09964809185953727,-5.709415100083421,5.494839442705747
1723528347.8364873,134.31500840187073,1723528347.8364353,5.1975250244140625e-05,-45.68632996917013,-33.031862957083476,0.0,1.40900026728828,-46.890446000000004,-38.347159,0.616576,1.507551066,1.2041160308298728,5.315296042916522,-0.616576,-0.09855079871172001,-5.646544833824867,5.484745518556127
1723528347.936488,134.41500902175903,1723528347.9511554,-0.014667510986328125,-45.588431169476486,-32.80192012611053,0.0,1.4059710107255112,-46.822941,-38.104526,0.628069,1.5037062624,1.234509830523514,5.302605873889469,-0.628069,-0.09773525167448871,-5.599817430597115,5.480521347848879
1723528348.0364869,134.51500797271729,1723528348.0740428,-0.03755593299865723,-45.499541838343426,-32.57335600233278,0.0,1.4033893571086102,-46.755444000000004,-37.852705,0.626962,1.4999830339,1.2559021616565786,5.2793489976672205,-0.626962,-0.09659367679138975,-5.534410007797404,5.4627737851999285
1723528348.1364872,134.615008354187,1723528348.1916153,-0.05512809753417969,-45.41357579891001,-32.35025107111364,0.0,1.401136641851629,-46.679647,-37.605962,0.6248630000000001,1.4960975804,1.2660712010899928,5.255710928886359,-0.6248630000000001,-0.09496093854837118,-5.440860997422835,5.4420480908398785
1723528348.2364862,134.71500730514526,1723528348.1916153,0.044870853424072266,-45.32783358315941,-32.12116166816262,0.0,1.3983785159377549,-46.679647,-37.605962,0.6248630000000001,1.4960975804,1.3518134168405922,5.484800331837377,-0.6248630000000001,-0.09771906446224521,-5.59888997165348,5.683387015050324
1723528348.3364851,134.81500625610352,1723528348.3229272,0.013557910919189453,-45.23768121050165,-31.877677672034075,0.0,1.3963219781791487,-46.604842000000005,-37.358173,0.6218440000000001,1.4907348529,1.3671607894983566,5.480495327965926,-0.6218440000000001,-0.09441287472085125,-5.409459253202157,5.682574031592911
1723528348.4364843,134.91500544548035,1723528348.4436398,-0.007155418395996094,-45.14952939065613,-31.657357197495337,0.0,1.3941459028345369,-46.520722,-37.125571,0.6183930000000001,1.4872750186,1.371192609343872,5.468213802504664,-0.6183930000000001,-0.09312911576546323,-5.3359052831463005,5.671326235041569
1723528348.5364835,135.01500463485718,1723528348.553043,-0.016559362411499023,-45.05615754838347,-31.441244230733734,0.0,1.3908605943890278,-46.44024,-36.887729,0.605576,1.4821061215,1.3840824516165355,5.446484769266267,-0.605576,-0.09124552711097224,-5.2279836029052404,5.652132594560946
1723528348.6364825,135.11500358581543,1723528348.653654,-0.017171621322631836,-44.95625891522789,-31.21577981080593,0.0,1.3885352595892222,-46.365322,-36.639776,0.606118,1.4761938759,1.4090630847721073,5.423996189194067,-0.606118,-0.08765861631077775,-5.022468752564204,5.636716461485645
1723528348.7364826,135.21500372886658,1723528348.7560747,-0.0195920467376709,-44.85290374691611,-30.994724915690153,0.0,1.3859717702315075,-46.289880000000004,-36.400774999999996,0.607869,1.4724729609,1.4369762530838912,5.406050084309843,-0.607869,-0.08650119066849249,-4.9561531481610395,5.626702674493694
1723528348.8364813,135.31500244140625,1723528348.8636122,-0.027130842208862305,-44.75317607380544,-30.760538182140664,0.0,1.3838357229750748,-46.206469000000006,-36.147227,0.604364,1.4690395701,1.453292926194564,5.386688817859337,-0.604364,-0.08520384712492525,-4.881820838536091,5.611927707506038
1723528348.9364803,135.4150013923645,1723528348.972125,-0.0356447696685791,-44.660738411394135,-30.54513813020169,0.0,1.3812531359688904,-46.129196,-35.916042,0.6034860000000001,1.4646394049,1.4684575886058653,5.370903869798308,-0.6034860000000001,-0.08338626893110956,-4.77768127909544,5.6006402687857575
1723528349.0364795,135.51500058174133,1723528348.972125,0.06435441970825195,-44.56503603929111,-30.31901384755072,0.0,1.378954617120562,-46.129196,-35.916042,0.6034860000000001,1.4646394049,1.564159960708892,5.597028152449276,-0.6034860000000001,-0.085684787779438,-4.90937670823593,5.842731884503224
1723528349.1364787,135.61499977111816,1723528349.1041036,0.03237509727478027,-44.47322876184493,-30.08219913153322,0.0,1.3764819347658346,-46.054802,-35.697179,0.6093780000000001,1.4607212939,1.5815732381550731,5.614979868466779,-0.6093780000000001,-0.08423935913416547,-4.826559747274502,5.865212219333546
1723528349.2364776,135.71499872207642,1723528349.2058036,0.030673980712890625,-44.380555363352514,-29.86008508838018,0.0,1.374088542648984,-45.96698,-35.466735,0.601537,1.4572397565,1.586424636647486,5.606649911619819,-0.601537,-0.08315121385101598,-4.764213615052968,5.857739591480456
1723528349.3364766,135.81499767303467,1723528349.31875,0.017726659774780273,-44.28030747532164,-29.63195312390367,0.0,1.3726074951027873,-45.873022,-35.234089,0.599465,1.4527382126000001,1.5927145246783567,5.602135876096327,-0.599465,-0.08013071749721278,-4.591151921945391,5.854914535464371
1723528349.4364755,135.91499662399292,1723528349.4198127,0.0166628360748291,-44.17905817224845,-29.40266029233192,0.0,1.3707271872972429,-45.787156,-34.997147999999996,0.599508,1.4497880096,1.6080978277515499,5.594487707668076,-0.599508,-0.07906082230275713,-4.529851442781754,5.851810076970412
1723528349.5364745,136.01499557495117,1723528349.5308654,0.005609035491943359,-44.07450056019285,-29.167770636623924,0.0,1.3684722282831743,-45.707131000000004,-34.764296,0.594771,1.4467152496,1.6326304398071514,5.596525363376077,-0.594771,-0.0782430213168257,-4.482994897806245,5.86006235788815
1723528349.6364734,136.11499452590942,1723528349.6627328,-0.026259422302246094,-43.96987162550332,-28.94420668293013,0.0,1.3658686879450892,-45.620828,-34.533063999999996,0.58643,1.4423324126000001,1.6509563744966798,5.588857317069866,-0.58643,-0.07646372465491091,-4.381048708576812,5.857037067148935
1723528349.736474,136.21499514579773,1723528349.763912,-0.027437925338745117,-43.87096221499845,-28.72464023460272,0.0,1.3647007759471776,-45.535989,-34.310204,0.58553,1.4397561742,1.665026785001551,5.5855637653972785,-0.58553,-0.07505539825282237,-4.300357549560295,5.857788162181322
1723528349.8364727,136.3149938583374,1723528349.8535988,-0.017126083374023438,-43.770784561297546,-28.5041516523109,0.0,1.3628987926425227,-45.459862,-34.064475,0.581655,1.4363308595,1.689077438702455,5.560323347689103,-0.581655,-0.07343206685747727,-4.207347511855938,5.840248356347116
1723528349.9364717,136.41499280929565,1723528349.962364,-0.025892257690429688,-43.66984335959066,-28.271991787906483,0.0,1.361115448134539,-45.372354,-33.832941,0.5894280000000001,1.4332030147,1.7025106404093435,5.560949212093515,-0.5894280000000001,-0.072087566565461,-4.130313319569299,5.845521703609911
1723528350.0364707,136.5149917602539,1723528350.0860982,-0.04962754249572754,-43.57320241883221,-28.04961337990017,0.0,1.3596079926325526,-45.283802,-33.61739,0.5845090000000001,1.4305018889,1.7105995811677914,5.567776620099831,-0.5845090000000001,-0.07089389626744746,-4.061921049363,5.853882317701879
1723528350.1364696,136.61499071121216,1723528350.0860982,0.050371408462524414,-43.46804245498876,-27.825071827563782,0.0,1.3570820206431407,-45.283802,-33.61739,0.5845090000000001,1.4305018889,1.8157595450112396,5.792318172436218,-0.5845090000000001,-0.07341986825685942,-4.2066485835245695,6.0983262709628185
1723528350.2664685,136.74498963356018,1723528350.202273,0.06419563293457031,-43.35521221079002,-27.591948878463946,0.0,1.3555350307879712,-45.198819,-33.39142,0.5772120000000001,1.4275921710000001,1.8436067892099786,5.799471121536051,-0.5772120000000001,-0.07205714021202891,-4.128570017931667,6.112767374577226
1723528350.3664675,136.84498858451843,1723528350.33145,0.03501749038696289,-43.25297036636363,-27.357654658937225,0.0,1.3534303339937228,-45.114269,-33.175512,0.5828340000000001,1.4251781172,1.8612986336363733,5.817857341062773,-0.5828340000000001,-0.07174778320627717,-4.110845167139288,6.136089317805815
1723528350.4664667,136.94498777389526,1723528350.4362872,0.030179500579833984,-43.14335587407313,-27.130219170044434,0.0,1.351284861494877,-45.026727,-32.943079,0.5802160000000001,1.4219126817,1.883371125926871,5.812859829955563,-0.5802160000000001,-0.07062782020512315,-4.046676013962356,6.137839750868547
1723528350.5664656,137.04498672485352,1723528350.5443892,0.02207636833190918,-43.03198677712362,-26.897499285284976,0.0,1.3491861900797952,-44.933692,-32.707937,0.569736,1.4194666459,1.9017052228763802,5.810437714715025,-0.569736,-0.07028045582020481,-4.026773500753378,6.1402172845098955
1723528350.6664646,137.14498567581177,1723528350.653341,0.013123512268066406,-42.922643857941814,-26.667351699501033,0.0,1.3473595523761492,-44.847708000000004,-32.481077,0.5695100000000001,1.4165973221000001,1.92506414205819,5.813725300498966,-0.5695100000000001,-0.06923776972385087,-3.9670319880753264,6.150578465542898
1723528350.7664635,137.24498462677002,1723528350.7906723,-0.024208784103393555,-42.818624253518855,-26.44472534241819,0.0,1.3454207170968218,-44.763247,-32.250261,0.5633870000000001,1.4160818382,1.9446227464811443,5.80553565758181,-0.5633870000000001,-0.07066112110317824,-4.048584014874908,6.148431247835071
1723528350.8664625,137.34498357772827,1723528350.895952,-0.029489517211914062,-42.705824219103924,-26.209177535348296,0.0,1.3434500754655945,-44.670205,-32.021308,0.554071,1.4123174787000001,1.9643807808960787,5.812130464651702,-0.554071,-0.06886740323440566,-3.9458115513570386,6.160084988336386
1723528350.966463,137.44498419761658,1723528350.9973845,-0.030921459197998047,-42.60117212900759,-25.974583988800326,0.0,1.3425182376990117,-44.581497,-31.797027999999997,0.553999,1.4104844604,1.980324870992412,5.822444011199671,-0.553999,-0.06796622270098829,-3.8941777102128756,6.1749053231792175
1723528351.066462,137.54498314857483,1723528351.1240015,-0.05753946304321289,-42.49551418848677,-25.74478346079818,0.0,1.340658676567112,-44.488006000000006,-31.561743,0.550547,1.4069515232,1.9924918115132328,5.816959539201822,-0.550547,-0.06629284663288804,-3.798300323972535,6.173341388491921
1723528351.1664624,137.64498353004456,1723528351.1240015,0.04246091842651367,-42.38476391199926,-25.517832555362777,0.0,1.3392547809680464,-44.488006000000006,-31.561743,0.550547,1.4069515232,2.103242088000748,6.043910444637223,-0.550547,-0.06769674223195365,-3.878737616675985,6.423050890561406
1723528351.2664614,137.7449824810028,1723528351.2463388,0.020122528076171875,-42.2732498626568,-25.288596061306542,0.0,1.3375134180429882,-44.398451,-31.349061,0.546958,1.4052569372000001,2.125201137343204,6.060464938693457,-0.546958,-0.06774351915701192,-3.8814177370604233,6.445531646114348
1723528351.3664603,137.84498143196106,1723528351.3665411,-8.082389831542969e-05,-42.15736130652548,-25.06553132082852,0.0,1.3369801061368933,-44.298149,-31.124872999999997,0.547176,1.4040387237,2.140787693474522,6.059341679171478,-0.547176,-0.06705861756310671,-3.842175766347872,6.449650774146813
1723528351.466459,137.94498014450073,1723528351.4568295,0.009629487991333008,-42.04743348196706,-24.835687818184713,0.0,1.335653060255897,-44.211854,-30.899293,0.5505880000000001,1.4009515516,2.1644205180329408,6.063605181815287,-0.5505880000000001,-0.06529849134410304,-3.741327962588642,6.461824132980036
1723528351.5664577,138.0449788570404,1723528351.552295,0.014162778854370117,-41.93007871087358,-24.6194507910153,0.0,1.334633647771092,-44.122469,-30.671184999999998,0.5543250000000001,1.3992473686,2.192390289126422,6.051734208984698,-0.5543250000000001,-0.06461372082890793,-3.7020935021329633,6.460444127277666
1723528351.6664565,138.14497756958008,1723528351.665692,0.0007643699645996094,-41.81513735568804,-24.400254518671424,0.0,1.334042845667903,-44.034696000000004,-30.433366,0.543307,1.3966047139,2.2195586443119666,6.033111481328575,-0.543307,-0.06256186823209696,-3.584531008152737,6.4513608810798715
1723528351.7664554,138.24497652053833,1723528351.8202555,-0.053800106048583984,-41.704998259542656,-24.165544843917868,0.0,1.3319823576244822,-43.936034,-30.221951999999998,0.5337780000000001,1.3934969255,2.2310357404573438,6.05640715608213,-0.5337780000000001,-0.06151456787551779,-3.524525117838204,6.4763035034442975
1723528351.8664541,138.344975233078,1723528351.8202555,0.04619860649108887,-41.600393969370096,-23.94479868835659,0.0,1.3313404443456633,-43.936034,-30.221951999999998,0.5337780000000001,1.3934969255,2.3356400306299037,6.277153311643406,-0.5337780000000001,-0.062156481154336696,-3.561304039527932,6.718838218311306
1723528351.966453,138.44497418403625,1723528351.9382322,0.02822089195251465,-41.49382636715597,-23.710431524445504,0.0,1.3308821262833181,-43.834321,-30.001754,0.509947,1.3931968215000001,2.3404946328440346,6.2913224755544945,-0.509947,-0.06231469521668198,-3.5703690375599364,6.7319164849690365
1723528352.066452,138.5449731349945,1723528352.0280666,0.03838539123535156,-41.38378738096457,-23.485670268211905,0.0,1.3293364048073535,-43.747229000000004,-29.767625,0.509954,1.3901709172,2.3634416190354344,6.281954731788094,-0.509954,-0.060834512392646596,-3.4855608088349537,6.731185974324261
1723528352.1664507,138.64497184753418,1723528352.1244705,0.04198026657104492,-41.27622775214623,-23.261595378380324,0.0,1.3277390870909143,-43.658562,-29.529736,0.50768,1.3870915516,2.382334247853777,6.268140621619676,-0.50768,-0.05935246450908571,-3.4006457200706186,6.724793104869153
1723528352.2664497,138.74497079849243,1723528352.2520208,0.014428853988647461,-41.15543922501209,-23.042914094618663,0.0,1.327522499361029,-43.562071,-29.289216,0.503345,1.3854788596,2.4066317749879147,6.246301905381337,-0.503345,-0.057956360238971,-3.3206548376328535,6.7127878100366765
1723528352.3664486,138.84496974945068,1723528352.3983479,-0.031899213790893555,-41.04155334375022,-22.81514267319513,0.0,1.3271041927546332,-43.46822,-29.064621,0.506872,1.3837419207000001,2.426666656249779,6.249478326804869,-0.506872,-0.05663772794536692,-3.2451027724796844,6.723214234437444
1723528352.4664478,138.94496893882751,1723528352.509343,-0.04289507865905762,-40.938328442084476,-22.58672365533002,0.0,1.3259772735684079,-43.361693,-28.832437,0.503204,1.3821470596,2.4233645579155265,6.24571334466998,-0.503204,-0.05616978603159217,-3.2182916757631164,6.718247184345466
1723528352.5664468,139.04496788978577,1723528352.6153913,-0.04894447326660156,-40.825648072896065,-22.362873668342544,0.0,1.324461560320664,-43.266719,-28.605045,0.500974,1.3808614111,2.4410709271039366,6.242171331657456,-0.500974,-0.05639985077933596,-3.231473414823577,6.721198193298148
1723528352.666446,139.1449670791626,1723528352.6153913,0.05105471611022949,-40.7203470137231,-22.1394931042838,0.0,1.3237147011434383,-43.266719,-28.605045,0.500974,1.3808614111,2.5463719862769025,6.4655518957161995,-0.500974,-0.05714670995656168,-3.2742652935692242,6.966946716989526
1723528352.7664452,139.24496626853943,1723528352.7396166,0.026828527450561523,-40.60947426551215,-21.918617977919936,0.0,1.3228883603465658,-43.166587,-28.373469999999998,0.49618199999999996,1.3790121512,2.557112734487852,6.454852022080061,-0.49618199999999996,-0.05612379085343422,-3.2156563461767136,6.960613244603883
1723528352.866444,139.34496521949768,1723528352.856564,0.00988006591796875,-40.49485342767282,-21.688666830568582,0.0,1.3217312492068505,-43.065558,-28.149853999999998,0.49571299999999996,1.3769204526,2.5707045723271804,6.461187169431415,-0.49571299999999996,-0.05518920339314959,-3.1621084291165538,6.971455587965688
1723528352.966443,139.44496417045593,1723528352.995281,-0.028837919235229492,-40.38592569743559,-21.469838759979805,0.0,1.321553909782278,-42.963138,-27.926482,0.48607,1.3751774505,2.577212302564412,6.456643240020195,-0.48607,-0.05362354071772213,-3.0724025656733995,6.9689690217626765
1723528353.0664418,139.5449628829956,1723528353.116548,-0.05010628700256348,-40.280930870024875,-21.248655029298217,0.0,1.3203919381709373,-42.858134,-27.695968,0.48324599999999995,1.3736317371,2.577203129975125,6.447312970701784,-0.48324599999999995,-0.05323979892906272,-3.050415780760414,6.960125516960814
1723528353.1664422,139.64496326446533,1723528353.116548,0.049894094467163086,-40.16539175576067,-21.02727566639433,0.0,1.3196654887410855,-42.858134,-27.695968,0.48324599999999995,1.3736317371,2.6927422442393265,6.668692333605669,-0.48324599999999995,-0.053966248358914504,-3.092038267120606,7.208040297523182
1723528353.266441,139.74496221542358,1723528353.2413685,0.025072574615478516,-40.061305086819075,-20.797574857995727,0.0,1.319547014525444,-42.756067,-27.461378,0.486199,1.3715221723,2.694761913180926,6.663803142004273,-0.486199,-0.05197515777455597,-2.9779571800086253,7.204471080635798
1723528353.3664403,139.84496140480042,1723528353.34751,0.01893019676208496,-39.952560024375224,-20.58800281282371,0.0,1.3182035055002466,-42.646702000000005,-27.224186,0.49438299999999996,1.3686829078,2.694141975624781,6.6361831871762895,-0.49438299999999996,-0.05047940229975346,-2.892256704118855,7.179257818832922
1723528353.4664392,139.94496035575867,1723528353.4696422,-0.0032029151916503906,-39.834330848128815,-20.353002431136396,0.0,1.3176522247996256,-42.538711,-26.998020999999998,0.48531399999999997,1.3663795331,2.7043801518711845,6.645018568863602,-0.48531399999999997,-0.04872730830037431,-2.7918691126442328,7.190651810856432
1723528353.5664382,140.04495930671692,1723528353.593529,-0.027090787887573242,-39.72007153307167,-20.138955407579104,0.0,1.3164565807847621,-42.444112000000004,-26.760537,0.48453599999999997,1.3641589516000001,2.7240404669283365,6.621581592420895,-0.48453599999999997,-0.04770237081523798,-2.7331445204811686,7.176385886074298
1723528353.6664371,140.14495825767517,1723528353.7162204,-0.04978322982788086,-39.60611659825564,-19.918934830889956,0.0,1.3158437865863608,-42.332604,-26.525599,0.47257099999999996,1.3629830207,2.7264874017443645,6.606664169110044,-0.47257099999999996,-0.047139234113639183,-2.7008791641906393,7.162755639089905
1723528353.7664359,140.24495697021484,1723528353.7162204,0.05021548271179199,-39.49070956441102,-19.68734601908512,0.0,1.3140197619199725,-42.332604,-26.525599,0.47257099999999996,1.3629830207,2.8418944355889835,6.838252980914881,-0.47257099999999996,-0.0489632587800275,-2.8053880793024475,7.420336324188
1723528353.8664348,140.3449559211731,1723528353.8264132,0.040021657943725586,-39.38304337693549,-19.448108312634158,0.0,1.313284989184018,-42.228327,-26.290809,0.463124,1.3625601408,2.8452836230645104,6.842700687365841,-0.463124,-0.04927515161598217,-2.8232582224630165,7.4251380749405635
1723528353.9664354,140.4449565410614,1723528353.9961634,-0.029727935791015625,-39.276620428856894,-19.222250121587507,0.0,1.314432268875365,-42.12346,-26.067134,0.46502,1.3611446567,2.846839571143107,6.844883878412492,-0.46502,-0.04671238782463516,-2.6764226733298875,7.427864730403853
1723528354.0664344,140.54495549201965,1723528353.9961634,0.07027101516723633,-39.16158638849035,-18.995890023633486,0.0,1.3114864916248195,-42.12346,-26.067134,0.46502,1.3611446567,2.9618736115096524,7.071243976366514,-0.46502,-0.049658165075180616,-2.8452032771717937,7.680587885328631
1723528354.1964347,140.67495584487915,1723528354.180105,0.01632976531982422,-39.04593096427979,-18.771896739492757,0.0,1.3112951424669301,-42.021965,-25.8356,0.462802,1.3588507099,2.976034035720211,7.063703260507243,-0.462802,-0.04755556743306988,-2.72473330626469,7.678988737162581
1723528354.2964337,140.7749547958374,1723528354.3269835,-0.03054976463317871,-38.92672142052202,-18.555952009533566,0.0,1.3114363810223095,-41.917412,-25.610321,0.467711,1.3576349343,2.9906905794779775,7.054368990466433,-0.467711,-0.046198553277690506,-2.646982122421942,7.6763992584644605
1723528354.3964324,140.87495350837708,1723528354.435628,-0.03919553756713867,-38.8134129029101,-18.33296465339019,0.0,1.3105307480842985,-41.814574,-25.379047,0.456893,1.3571745627,3.0011610970898985,7.046082346609811,-0.456893,-0.04664381461570155,-2.6724937178703225,7.672222336412134
1723528354.4964316,140.9749526977539,1723528354.435628,0.06080365180969238,-38.69363331272336,-18.11031853050056,0.0,1.309053917817019,-41.814574,-25.379047,0.456893,1.3571745627,3.1209406872766436,7.26872846949944,-0.456893,-0.048120644882980956,-2.75710985924261,7.923599911041665
1723528354.5964305,141.07495164871216,1723528354.584627,0.011803627014160156,-38.576368484188365,-17.89105888172791,0.0,1.3085938928594807,-41.704171,-25.134504,0.44944199999999995,1.3555960726,3.127802515811638,7.2434451182720885,-0.44944199999999995,-0.047002179740519345,-2.6930265270470612,7.902698518272183
1723528354.6964295,141.1749505996704,1723528354.7335439,-0.03711438179016113,-38.4668107796816,-17.68082240018408,0.0,1.306083741069708,-41.591356000000005,-24.889349,0.448163,1.3531503496000001,3.124545220318403,7.208526599815919,-0.448163,-0.04706660853029221,-2.696718024780182,7.869338514045334
1723528354.7964284,141.27494955062866,1723528354.7335439,0.06288456916809082,-38.354043585785064,-17.45883498308334,0.0,1.3052343193233114,-41.591356000000005,-24.889349,0.448163,1.3531503496000001,3.2373124142149408,7.430514016916661,-0.448163,-0.04791603027668878,-2.7453863058753374,8.117486082365287
1723528354.8964274,141.3749485015869,1723528354.897139,-0.0007116794586181641,-38.24352962271482,-17.24490069356691,0.0,1.3040593519820405,-41.479933,-24.660543999999998,0.444453,1.3528001146,3.2364033772851855,7.41564330643309,-0.444453,-0.048740762617959454,-2.79263998825809,8.103308641410486
1723528354.9964263,141.47494745254517,1723528355.013876,-0.017449617385864258,-38.12969140228319,-17.029676889871393,0.0,1.3023944188319847,-41.377594,-24.444608,0.441347,1.350254088,3.2479025977168092,7.414931110128606,-0.441347,-0.04785966916801532,-2.7421570522196697,8.107087135748428
1723528355.0964255,141.574946641922,1723528355.013876,0.0825495719909668,-38.014553864815824,-16.808955506318725,0.0,1.3013592928118083,-41.377594,-24.444608,0.441347,1.350254088,3.3630401351841783,7.635652493681274,-0.441347,-0.04889479518819173,-2.801465404439952,8.355119097267835
1723528355.1964245,141.67494559288025,1723528355.2104883,-0.014063835144042969,-37.900803376204664,-16.591961213743886,0.0,1.3003387156977342,-41.271326,-24.215864,0.433162,1.3499806846,3.3705226237953383,7.623902786256114,-0.433162,-0.049641968902265805,-2.844275304819511,8.34697225166371
1723528355.2964232,141.77494430541992,1723528355.359684,-0.06326079368591309,-37.781876037811934,-16.37186762114143,0.0,1.297779143731816,-41.173294000000006,-24.000446999999998,0.43881499999999996,1.3493985214,3.391417962188072,7.628579378858568,-0.43881499999999996,-0.05161937766818392,-2.9575724814787914,8.359993883850818
1723528355.3964224,141.87494349479675,1723528355.359684,0.03673839569091797,-37.66001890394238,-16.160620807165834,0.0,1.296563269905385,-41.173294000000006,-24.000446999999998,0.43881499999999996,1.3493985214,3.513275096057626,7.839826192834163,-0.43881499999999996,-0.05283525149461487,-3.027236920153707,8.602240129097323
1723528355.4964213,141.974942445755,1723528355.474817,0.021604299545288086,-37.548527303235716,-15.953610979171032,0.0,1.2949540034360112,-41.066281000000004,-23.775043999999998,0.43695199999999995,1.3485939855,3.517753696764288,7.821433020828966,-0.43695199999999995,-0.05363998206398879,-3.073344585423992,8.587219143629476
1723528355.6064203,142.0849413871765,1723528355.5780294,0.028390884399414062,-37.42918875953448,-15.734514704961162,0.0,1.292998718351966,-40.963866,-23.553895999999998,0.432237,1.3471832408,3.53467724046552,7.819381295038836,-0.432237,-0.054184522448033956,-3.1045444512042133,8.59206004725509
1723528355.6964192,142.1749403476715,1723528355.6920877,0.0043315887451171875,-37.3133493848322,-15.515747278851432,0.0,1.290286409970341,-40.855016,-23.341222,0.43330399999999997,1.3466628360000001,3.5416666151677987,7.8254747211485665,-0.43330399999999997,-0.05637642602965909,-3.230131275530942,8.600535412446446
1723528355.7964196,142.27494072914124,1723528355.8365808,-0.0401611328125,-37.19055709428154,-15.296222797379848,0.0,1.2860513698097644,-40.746205,-23.104173,0.424265,1.3457957987,3.555647905718466,7.807950202620152,-0.424265,-0.05974442889023557,-3.4231036248299627,8.589919626298094
1723528355.896419,142.37494015693665,1723528355.8365808,0.059838294982910156,-37.0694683121533,-15.080389551233509,0.0,1.2817866566557627,-40.746205,-23.104173,0.424265,1.3457957987,3.676736687846706,8.02378344876649,-0.424265,-0.06400914204423726,-3.6674536893881853,8.836260198448326
1723528355.9964194,142.47494053840637,1723528355.9696128,0.02680659294128418,-36.949599498884865,-14.85544669619213,0.0,1.2763925724345702,-40.643308000000005,-22.868485999999997,0.427629,1.3454328862,3.6937085011151396,8.013039303807867,-0.427629,-0.06904031376542985,-3.9557185950180913,8.833750502318985
1723528356.1064184,142.58493947982788,1723528356.1022437,0.004174709320068359,-36.82643979815384,-14.651561364016246,0.0,1.2714362859099433,-40.540439,-22.635984,0.43035799999999996,1.3439406111,3.713999201846157,7.984422635983755,-0.43035799999999996,-0.07250432519005678,-4.154191829834314,8.816462040381486
1723528356.1964173,142.67493844032288,1723528356.2131405,-0.016723155975341797,-36.692919977120575,-14.436750462427616,0.0,1.264921981561267,-40.427111000000004,-22.410928,0.424062,1.3427953964000001,3.734191022879429,7.974177537572382,-0.424062,-0.07787341483873321,-4.4618180065308515,8.815413692840584
1723528356.2964163,142.77493739128113,1723528356.3459644,-0.04954814910888672,-36.560746249973356,-14.225735301517753,0.0,1.2574515869102347,-40.317001000000005,-22.182329,0.415923,1.3427754195000001,3.756254750026649,7.956593698482246,-0.415923,-0.08532383258976539,-4.888695499274346,8.808508668994664
1723528356.4064155,142.88493657112122,1723528356.465664,-0.05924844741821289,-36.434273685760914,-14.02614769377004,0.0,1.2509675182317075,-40.212454,-21.957658,0.401951,1.340882368,3.778180314239087,7.931510306229958,-0.401951,-0.08991484976829246,-5.151741407276006,8.794604415841386
1723528356.4974144,142.97593545913696,1723528356.465664,0.03175044059753418,-36.29517158178111,-13.807267022613612,0.0,1.2419924837020133,-40.212454,-21.957658,0.401951,1.340882368,3.917282418218889,8.150390977386387,-0.401951,-0.09888988429798662,-5.665973006811663,9.051825188035243
1723528356.5964134,143.07493448257446,1723528356.5980978,-0.001684427261352539,-36.163906957776554,-13.593535615931936,0.0,1.2331063465611853,-40.109625,-21.749344,0.39946099999999996,1.3412883521,3.9457180422234472,8.155808384068065,-0.39946099999999996,-0.10818200553881474,-6.19837233663498,9.068928842861409
1723528356.696412,143.17493319511414,1723528356.712867,-0.01645493507385254,-36.02755125831294,-13.393163469145062,0.0,1.223688393932033,-40.005901,-21.522603999999998,0.405825,1.3404753152,3.9783497416870617,8.129440530854936,-0.405825,-0.11678692126796686,-6.691397690981134,9.05978829457474
1723528356.806411,143.28493213653564,1723528356.8416362,-0.03522515296936035,-35.89634951247068,-13.19513660344423,0.0,1.214105685164007,-39.901639,-21.295348999999998,0.40463099999999996,1.3395681721000001,4.005289487529325,8.100212396555769,-0.40463099999999996,-0.12546248693599305,-7.188470988647629,9.045413810013873
1723528356.89641,143.37493109703064,1723528356.9360137,-0.03960371017456055,-35.76605388038165,-12.996599126975877,0.0,1.2034711010660555,-39.797184,-21.069466,0.39157,1.3386245966,4.0311301196183535,8.072866873024122,-0.39157,-0.13515349553394462,-7.743724880535248,9.031861195554576
1723528357.006409,143.48493003845215,1723528357.0646083,-0.058199405670166016,-35.620942328000574,-12.804165727396075,0.0,1.1922366194738554,-39.693682,-20.858954999999998,0.39506399999999997,1.3379998304,4.072739671999429,8.054789272603923,-0.39506399999999997,-0.14576321092614464,-8.351616794343295,9.034540067210353
1723528357.096408,143.57492899894714,1723528357.0646083,0.0317995548248291,-35.479773370051696,-12.609717417024875,0.0,1.1803568045637993,-39.693682,-20.858954999999998,0.39506399999999997,1.3379998304,4.213908629948307,8.249237582975123,-0.39506399999999997,-0.1576430258362007,-9.032280050086095,9.271624572102672
1723528357.1964068,143.6749279499054,1723528357.208687,-0.01228022575378418,-35.335689679401995,-12.410869497673016,0.0,1.1681270018048782,-39.582814,-20.636385999999998,0.39428399999999997,1.3374322314,4.2471243205980045,8.225516502326983,-0.39428399999999997,-0.16930522959512184,-9.700475105293881,9.265670326388943
1723528357.2964058,143.77492690086365,1723528357.3160677,-0.019661903381347656,-35.18508155333343,-12.20403354953943,0.0,1.1556835735873658,-39.466141,-20.412194,0.390731,1.336438069,4.281059446666568,8.20816045046057,-0.390731,-0.1807544954126341,-10.356469715160735,9.265745446576823
1723528357.3964052,143.87492632865906,1723528357.453264,-0.05685877799987793,-35.035502893666454,-12.016315964130682,0.0,1.1442465400018662,-39.358701,-20.193738,0.38642299999999996,1.3350391394,4.32319810633355,8.177422035869318,-0.38642299999999996,-0.19079259939813387,-10.931610707843321,9.257947707470382
1723528357.4964042,143.9749252796173,1723528357.453264,0.04314017295837402,-34.87686044181604,-11.836720271190313,0.0,1.130750981063784,-39.358701,-20.193738,0.38642299999999996,1.3350391394,4.481840558183961,8.357017728809687,-0.38642299999999996,-0.2042881583362162,-11.704849277165494,9.490835729457714
1723528357.6364021,144.11492323875427,1723528357.5956922,0.0407099723815918,-34.71657924813742,-11.658344137723546,0.0,1.117429926958474,-39.25651,-19.969274,0.378158,1.3336294479,4.5399307518625776,8.310929862276453,-0.378158,-0.21619952094152595,-12.387320082699695,9.477633137041654
1723528357.7364013,144.2149224281311,1723528357.7055953,0.03080606460571289,-34.55395925905052,-11.470526050573122,0.0,1.1028705308441769,-39.154183,-19.724088,0.370728,1.3340444307000001,4.600223740949481,8.253561949426876,-0.370728,-0.23117389985582326,-13.245288795318624,9.456256266081542
1723528357.8364003,144.31492137908936,1723528357.849058,-0.012657642364501953,-34.39952572856347,-11.283342549520118,0.0,1.0873620314649732,-39.0356,-19.499309,0.392377,1.3337645823,4.636074271436534,8.215966450479883,-0.392377,-0.2464025508350267,-14.11782622410475,9.441888003774235
1723528357.9363992,144.4149203300476,1723528357.9706926,-0.034293413162231445,-34.23985547395138,-11.100242096314581,0.0,1.0714977336815117,-38.923566,-19.276384999999998,0.40667299999999995,1.3316207689000001,4.683710526048621,8.176142903685417,-0.40667299999999995,-0.26012303521848845,-14.903952072152261,9.431428311885377
1723528358.036398,144.51491904258728,1723528358.0948336,-0.058435678482055664,-34.08043575266698,-10.920748530231549,0.0,1.0556023737135183,-38.810746,-19.066561999999998,0.394304,1.3318665646,4.730310247333023,8.145813469768449,-0.394304,-0.2762641908864818,-15.828772168391948,9.42791534564778
1723528358.1363971,144.6149182319641,1723528358.0948336,0.04156351089477539,-33.911239437258565,-10.747514353377682,0.0,1.0387264490529438,-38.810746,-19.066561999999998,0.394304,1.3318665646,4.899506562741436,8.319047646622316,-0.394304,-0.2931401155470563,-16.795691426823616,9.66267012525703
1723528358.226396,144.7049171924591,1723528358.2337313,-0.007335186004638672,-33.7384988910778,-10.586824666623603,0.0,1.0216951999639399,-38.714602,-18.854045,0.378082,1.331252378,4.976103108922196,8.267220333376397,-0.378082,-0.3095571780360602,-17.736319819446074,9.656680598939849
1723528358.336395,144.81491613388062,1723528358.3411756,-0.00478053092956543,-33.56421488788792,-10.421478778119925,0.0,1.0060185437467837,-38.602773,-18.623967,0.35930399999999996,1.3312563366,5.038558112112078,8.202488221880076,-0.35930399999999996,-0.3252377928532164,-18.634752868639428,9.633118926060646
1723528358.4363942,144.91491532325745,1723528358.444702,-0.008307695388793945,-33.38514037749289,-10.261463974615594,0.0,0.990851282048653,-38.489940000000004,-18.405866,0.35920799999999997,1.3290350419,5.104799622507116,8.144402025384405,-0.35920799999999997,-0.338183759851347,-19.37650213934796,9.618695021898677
1723528358.5363932,145.0149142742157,1723528358.5712419,-0.034848690032958984,-33.21427658221154,-10.100541791428922,0.0,0.9747791726723013,-38.367247,-18.188439,0.354568,1.3284962412,5.15297041778846,8.087897208571077,-0.354568,-0.3537170685276988,-20.26649516837686,9.596504772553327
1723528358.636392,145.11491322517395,1723528358.5712419,0.06515026092529297,-33.034654364763455,-9.936930738090702,0.0,0.959095629836101,-38.367247,-18.188439,0.354568,1.3284962412,5.332592635236544,8.251508261909297,-0.354568,-0.3694006113638992,-21.16509598070378,9.831055450782506
1723528358.736391,145.2149121761322,1723528358.7123828,0.02400827407836914,-32.85450073229436,-9.77968499971973,0.0,0.9444500231403713,-38.253524,-17.961892,0.34501299999999996,1.3264070739,5.399023267705637,8.182207000280268,-0.34501299999999996,-0.3819570507596287,-21.88452696379088,9.80902633347629
1723528358.83639,145.31491112709045,1723528358.8188083,0.017581701278686523,-32.66921351749207,-9.62782309368743,0.0,0.9290503871167034,-38.152594,-17.747415,0.327071,1.3242954699,5.483380482507933,8.11959190631257,-0.327071,-0.3952450827832966,-22.645875116781735,9.8031734494523
1723528358.936389,145.4149100780487,1723528358.9438403,-0.007451295852661133,-32.48190840515926,-9.475020445193085,0.0,0.9138685257239976,-38.047836000000004,-17.524939999999997,0.328387,1.3242002336,5.565927594840744,8.049919554806912,-0.328387,-0.4103317078760025,-23.510275061689942,9.792272098529605
1723528359.036388,145.51490902900696,1723528359.0715163,-0.03512835502624512,-32.28594184364741,-9.333130477368487,0.0,0.9002541376570496,-37.946557000000006,-17.297629999999998,0.32355599999999995,1.3231338488,5.660615156352598,7.964499522631511,-0.32355599999999995,-0.42287971114295037,-24.229222690202427,9.776528273342349
1723528359.1363869,145.6149079799652,1723528359.1999156,-0.06352877616882324,-32.09710261138939,-9.193350507508516,0.0,0.884993999543191,-37.835100000000004,-17.078436,0.323677,1.3221988982000001,5.737997388610616,7.885085492491484,-0.323677,-0.4372048986568091,-25.04999547548004,9.75725135762787
1723528359.2363858,145.71490693092346,1723528359.1999156,0.03647017478942871,-31.90110239315237,-9.047468576496637,0.0,0.8700507422154402,-37.835100000000004,-17.078436,0.323677,1.3221988982000001,5.933997606847633,8.030967423503363,-0.323677,-0.45214815598455993,-25.9061810525381,9.99067225744968
1723528359.336385,145.8149061203003,1723528359.3536556,-0.017270565032958984,-31.709854945655096,-8.902935535448796,0.0,0.8555657079946877,-37.717723,-16.857709999999997,0.319229,1.3205617295,6.007868054344904,7.9547744645512015,-0.319229,-0.4649960215053124,-26.642309522628864,9.973706557480767
1723528359.436384,145.91490507125854,1723528359.5002868,-0.0639028549194336,-31.517611291530393,-8.766943835169302,0.0,0.8413751961445605,-37.604219,-16.645823,0.32122199999999995,1.3189704637,6.086607708469607,7.878879164830698,-0.32122199999999995,-0.47759526755543946,-27.36419314634802,9.961260656367191
1723528359.536383,146.0149040222168,1723528359.5002868,0.03609609603881836,-31.315666784433258,-8.622871096633208,0.0,0.8261543289282205,-37.604219,-16.645823,0.32122199999999995,1.3189704637,6.288552215566742,8.022951903366792,-0.32122199999999995,-0.49281613477177943,-28.236284598373338,10.198864141899833
1723528359.6363819,146.11490297317505,1723528359.6055307,0.030851125717163086,-31.115937764276463,-8.486451726688788,0.0,0.8127966872342834,-37.488496000000005,-16.431658,0.316449,1.3175327346,6.372558235723542,7.945206273311211,-0.316449,-0.5047360473657166,-28.919245282170778,10.189992206216488
1723528359.7363808,146.2149019241333,1723528359.7363284,5.245208740234375e-05,-30.91849309796412,-8.353310176894652,0.0,0.7977034699061128,-37.378509,-16.214026,0.296473,1.3160550382,6.460015902035881,7.860715823105348,-0.296473,-0.5183515682938872,-29.699357167226992,10.178927003663217
1723528359.8363798,146.31490087509155,1723528359.873713,-0.03733325004577637,-30.724349215545747,-8.229142667423266,0.0,0.7841964583021728,-37.266145,-15.983846000000002,0.2834,1.3145879507,6.541795784454255,7.754703332576735,-0.2834,-0.5303914923978272,-30.38919400404059,10.149425176914217
1723528359.9363787,146.4148998260498,1723528359.873713,0.06266570091247559,-30.522001301106787,-8.099675587573033,0.0,0.7699573140529239,-37.266145,-15.983846000000002,0.2834,1.3145879507,6.744143698893215,7.884170412426968,-0.2834,-0.5446306366470761,-31.205036873400527,10.379014061244444
1723528360.0363777,146.51489877700806,1723528360.005665,0.030712604522705078,-30.309753390172006,-7.9731699591485405,0.0,0.7569008541120597,-37.157458000000005,-15.779115000000001,0.285362,1.3110788349,6.847704609828,7.80594504085146,-0.285362,-0.5541779807879403,-31.752059398231,10.387746044031744
1723528360.1363766,146.6148977279663,1723528360.1084228,0.0279538631439209,-30.102570993802992,-7.8485268776576085,0.0,0.7430014410108581,-37.045802,-15.557124,0.29312299999999997,1.3074542367,6.94323100619701,7.7085971223423915,-0.29312299999999997,-0.5644527956891419,-32.340762927347974,10.378672723095663
1723528360.2363753,146.71489644050598,1723528360.215567,0.02080821990966797,-29.897068032964977,-7.7435360536446005,0.0,0.7293028639380252,-36.918800000000005,-15.321554,0.293481,1.3026143056000001,7.021731967035027,7.5780179463554,-0.293481,-0.5733114416619749,-32.84832595379187,10.335241018453663
1723528360.3363743,146.81489539146423,1723528360.342819,-0.006444692611694336,-29.677965921509,-7.630171419023875,0.0,0.7154177591260926,-36.799508,-15.113729000000001,0.28922499999999995,1.2975319824,7.121542078491004,7.483557580976126,-0.28922499999999995,-0.5821142232739074,-33.35268818813097,10.33458498170721
1723528360.4363735,146.91489458084106,1723528360.4830914,-0.04671788215637207,-29.47441257682261,-7.523328542763153,0.0,0.701905824756849,-36.679215,-14.900591,0.282097,1.2934119051,7.204802423177391,7.3772624572368475,-0.282097,-0.5915060803431509,-33.89080195998873,10.315655967382202
1723528360.5363724,147.01489353179932,1723528360.4830914,0.05328106880187988,-29.267430165840175,-7.413319823104858,0.0,0.6882764601897793,-36.679215,-14.900591,0.282097,1.2934119051,7.411784834159825,7.487271176895143,-0.282097,-0.6051354449102206,-34.67170702712698,10.539134823203248
1723528360.6363714,147.11489248275757,1723528360.6123393,0.024032115936279297,-29.049092622387235,-7.308972532588184,0.0,0.6747153578296549,-36.551049,-14.690891,0.275916,1.2854065978,7.501956377612764,7.381918467411817,-0.275916,-0.6106912399703451,-34.990030635911744,10.528447149992084
1723528360.7363703,147.21489143371582,1723528360.7364726,-0.00010228157043457031,-28.845123232325793,-7.200571964545074,0.0,0.6604301871063312,-36.432021,-14.480394,0.262379,1.2784421611,7.5868977676742055,7.279822035454926,-0.262379,-0.6180119739936689,-35.40947779838602,10.517873803420345
1723528360.8263693,147.30489039421082,1723528360.8633955,-0.037026166915893555,-28.635353473117874,-7.097624364277343,0.0,0.6471434030871893,-36.308569000000006,-14.260801,0.259704,1.2706858582,7.673215526882132,7.163176635722658,-0.259704,-0.6235424551128107,-35.726351025189636,10.500322957136317
1723528360.9363685,147.4148895740509,1723528360.9954581,-0.05908966064453125,-28.411451644087524,-7.000019762993735,0.0,0.6345996229482953,-36.184448,-14.047868000000001,0.260246,1.2630885641,7.772996355912479,7.047848237006266,-0.260246,-0.6284889411517047,-36.009763798638645,10.495683165064436
1723528361.0363677,147.51488876342773,1723528360.9954581,0.040909528732299805,-28.196455705992122,-6.915829107777878,0.0,0.6210266230112236,-36.184448,-14.047868000000001,0.260246,1.2630885641,7.987992294007881,7.132038892222123,-0.260246,-0.6420619410887765,-36.787439410364186,10.71175651468116
1723528361.166367,147.64488816261292,1723528361.2147636,-0.04839658737182617,-27.98338191046173,-6.8295947937562635,0.0,0.6069892899506799,-35.925110000000004,-13.619222,0.267958,1.2456943715,7.941728089538273,6.789627206243737,-0.267958,-0.63870508154932,-36.595105526335104,10.451884238628477
1723528361.2663662,147.74488735198975,1723528361.2147636,0.05160260200500488,-27.767217722142725,-6.752810571267149,0.0,0.5954769021146262,-35.925110000000004,-13.619222,0.267958,1.2456943715,8.157892277857279,6.866411428732851,-0.267958,-0.6502174693853737,-37.25471676145873,10.666330850649652
1723528361.3363655,147.8148865699768,1723528361.3495202,-0.013154745101928711,-27.553958113614176,-6.674687335471875,0.0,0.5845408778297115,-35.787909,-13.416805,0.262347,1.2351115746,8.233950886385824,6.742117664528125,-0.262347,-0.6505706967702886,-37.27495519982279,10.64532403218263
1723528361.4363644,147.91488552093506,1723528361.4551344,-0.01876997947692871,-27.341634572797673,-6.598611929771052,0.0,0.5719033975709885,-35.660874,-13.215166,0.25684799999999997,1.2244993995,8.319239427202326,6.616554070228948,-0.25684799999999997,-0.6525960019290115,-37.39099663764369,10.632709123571704
1723528361.5363636,148.0148847103119,1723528361.6060393,-0.06967568397521973,-27.110710637524058,-6.5204717261618805,0.0,0.5594536658436757,-35.531242,-13.02973,0.244148,1.2128319955,8.420531362475941,6.50925827383812,-0.244148,-0.6533783296563244,-37.43582071461478,10.645910010322037
1723528361.6363566,148.11487770080566,1723528361.6060393,0.030317306518554688,-26.883803230026253,-6.451892411983852,0.0,0.5488027486420473,-35.531242,-13.02973,0.244148,1.2128319955,8.647438769973746,6.577837588016148,-0.244148,-0.6640292468579527,-38.04607331821137,10.867647071039212
1723528361.7363558,148.2148768901825,1723528361.7343225,0.002033233642578125,-26.65890930635311,-6.3837885097923905,0.0,0.5381902836197324,-35.402173000000005,-12.830108000000001,0.240172,1.2011464882,8.743263693646895,6.44631949020761,-0.240172,-0.6629562045802676,-37.98459252446091,10.865421187236988
1723528361.866355,148.3448760509491,1723528361.8228288,0.04352617263793945,-26.408834249625283,-6.304972539464688,0.0,0.5262038580933623,-35.26977,-12.643349,0.241312,1.1891352591,8.860935750374718,6.338376460535312,-0.241312,-0.6629314010066377,-37.983171384375076,10.897221205843302
1723528361.9663541,148.44487524032593,1723528361.9452524,0.021101713180541992,-26.190992789257823,-6.243946755951123,0.0,0.517537078314822,-35.122407,-12.43335,0.231169,1.1769268553,8.93141421074218,6.1894032440488775,-0.231169,-0.6593897769851781,-37.78025127532329,10.868868912074113
1723528362.0663533,148.54487442970276,1723528362.1306982,-0.06434488296508789,-25.96636968065996,-6.18122367560682,0.0,0.5088304940760272,-34.970892,-12.236731,0.221576,1.1646806352,9.00452231934004,6.05550732439318,-0.221576,-0.6558501411239729,-37.577445079463075,10.853556425386492
1723528362.1363525,148.61487364768982,1723528362.1306982,0.005654335021972656,-25.749015319836378,-6.1209161534058945,0.0,0.5002864794783854,-34.970892,-12.236731,0.221576,1.1646806352,9.221876680163621,6.115814846594106,-0.221576,-0.6643941557216146,-38.066981056006114,11.067759333566235
1723528362.266352,148.744873046875,1723528362.2410388,0.025313138961791992,-25.53190962505242,-6.065935553657516,0.0,0.4946890117146894,-34.807553,-12.048849,0.221591,1.1510381578,9.275643374947578,5.982913446342485,-0.221591,-0.6563491460853106,-37.60603595770382,11.040014306916255
1723528362.3663511,148.84487223625183,1723528362.3728259,-0.006474733352661133,-25.29960330678316,-6.01139070149667,0.0,0.4879761839346087,-34.658635000000004,-11.86228,0.23084000000000002,1.1376770547000001,9.359031693216846,5.85088929850333,-0.23084000000000002,-0.6497008707653915,-37.225117840831466,11.039821870101807
1723528362.4663503,148.94487142562866,1723528362.5092585,-0.0429081916809082,-25.068346251131814,-5.9673992609599145,0.0,0.482763144136237,-34.505431,-11.673355,0.23379,1.1229008673,9.437084748868187,5.705955739040086,-0.23379,-0.640137723163763,-36.677189844397496,11.030464959252853
1723528362.5663493,149.0448703765869,1723528362.5092585,0.05709075927734375,-24.84189442768808,-5.907015684416231,0.0,0.4790527379968985,-34.505431,-11.673355,0.23379,1.1229008673,9.663536572311923,5.76633931558377,-0.23379,-0.6438481293031015,-36.889780456461025,11.255632632196077
1723528362.6663485,149.14486956596375,1723528362.6311278,0.03522062301635742,-24.611891552702705,-5.844701332994257,0.0,0.4746688069407017,-34.349887,-11.480075000000001,0.23826,1.1083808188,9.737995447297298,5.635373667005744,-0.23826,-0.6337120118592983,-36.30902370628216,11.253566524705164
1723528362.766348,149.24486899375916,1723528362.7812855,-0.014937639236450195,-24.367916272944377,-5.78287525831304,0.0,0.47204842690490967,-34.193284000000006,-11.294512000000001,0.23919500000000002,1.0929375103,9.825367727055628,5.511636741686961,-0.23919500000000002,-0.6208890833950904,-35.574324024284884,11.268238761767739
1723528362.8663473,149.34486842155457,1723528362.8985288,-0.032181501388549805,-24.1246220588987,-5.718182810952496,0.0,0.46811867051633455,-34.027114000000005,-11.109258,0.229612,1.0766381612,9.902491941101303,5.391075189047505,-0.229612,-0.6085194906836655,-34.86559856762445,11.277223062797146
1723528362.9663463,149.44486737251282,1723528363.0079057,-0.041559457778930664,-23.87088355828744,-5.664931321089741,0.0,0.4644935865238127,-33.858019,-10.932595000000001,0.222701,1.0598533243000001,9.98713544171256,5.26766367891026,-0.222701,-0.5953597377761874,-34.11160026659095,11.293394117829347
1723528363.0663455,149.54486656188965,1723528363.0079057,0.05843973159790039,-23.623266391649484,-5.619033324381167,0.0,0.46183513383431674,-33.858019,-10.932595000000001,0.222701,1.0598533243000001,10.234752608350515,5.313561675618834,-0.222701,-0.5980181904656835,-34.26391838573427,11.534023338373471
1723528363.1663446,149.64486575126648,1723528363.1260579,0.04028677940368652,-23.37604780494868,-5.564662381706531,0.0,0.4610448258476255,-33.694114,-10.760639000000001,0.21635000000000001,1.0432879674,10.318066195051319,5.195976618293471,-0.21635000000000001,-0.5822431415523744,-33.36007466138923,11.554543277248706
1723528363.2663376,149.74485874176025,1723528363.2646608,0.001676797866821289,-23.12468038577976,-5.503291041441097,0.0,0.458263578212418,-33.530851000000006,-10.59965,0.21365800000000001,1.0265275514,10.406170614220244,5.096358958558904,-0.21365800000000001,-0.568263973187582,-32.559127312983826,11.589085866784684
1723528363.3663366,149.8448576927185,1723528363.4156365,-0.04929995536804199,-22.876985868007186,-5.443475874263924,0.0,0.45484324539048293,-33.356807,-10.442033,0.216497,1.0119931259000001,10.479821131992818,4.998557125736077,-0.216497,-0.5571498805095172,-31.92233670941346,11.612884880546225
1723528363.4663355,149.94485664367676,1723528363.4156365,0.05069899559020996,-22.626274670443145,-5.379631102866317,0.0,0.4546111316326234,-33.356807,-10.442033,0.216497,1.0119931259000001,10.730532329556858,5.062401897133683,-0.216497,-0.5573819942673768,-31.935635848105736,11.866722715003357
1723528363.566335,150.04485607147217,1723528363.5364196,0.029915332794189453,-22.378827153360117,-5.320007377237131,0.0,0.45298813199971155,-33.178127,-10.281042000000001,0.21627100000000002,0.9956371256000001,10.799299846639887,4.96103462276287,-0.21627100000000002,-0.5426489936002885,-31.09149709031815,11.886274220769485
1723528363.6663342,150.144855260849,1723528363.6533425,0.012991666793823242,-22.127939501776805,-5.26131680288683,0.0,0.4507889096170223,-33.005529,-10.114068000000001,0.209685,0.9803750765,10.877589498223198,4.852751197113172,-0.209685,-0.5295861668829778,-30.343052250905515,11.912813071317954
1723528363.766335,150.24485611915588,1723528363.7837663,-0.017431259155273438,-21.883273035029934,-5.206464353525343,0.0,0.449884751837517,-32.824639000000005,-9.952253,0.207468,0.9643912394,10.941365964970071,4.745788646474658,-0.207468,-0.514506487562483,-29.479050269430456,11.92807788486633
1723528363.8663342,150.34485530853271,1723528363.9266348,-0.060300588607788086,-21.628995657773242,-5.145665639409632,0.0,0.4471443999438418,-32.634283,-9.785554000000001,0.207822,0.9487527491000001,11.005287342226762,4.639888360590369,-0.207822,-0.5016083491561583,-28.740041375172456,11.945212575228728
1723528363.9663332,150.44485425949097,1723528363.9266348,0.03969836235046387,-21.378503916665146,-5.08959501552461,0.0,0.4484014622117858,-32.634283,-9.785554000000001,0.207822,0.9487527491000001,11.255779083334858,4.695958984475391,-0.207822,-0.5003512868882143,-28.668017012634124,12.197859793439077
1723528364.0663323,150.5448534488678,1723528364.066206,0.00012636184692382812,-21.126497188805857,-5.0420612996716745,0.0,0.4451647190178,-32.45644,-9.624788,0.197467,0.9359262492,11.329942811194144,4.582726700328326,-0.197467,-0.4907615301821999,-28.11856442682222,12.223255758222562
1723528364.1663313,150.64485239982605,1723528364.1946867,-0.02835536003112793,-20.880844762271327,-4.976946491327202,0.0,0.4456712707332313,-32.253439,-9.480161,0.18771200000000002,0.9207771225000001,11.372594237728674,4.503214508672799,-0.18771200000000002,-0.4751058517667688,-27.221560128203958,12.233154801688917
1723528364.2663305,150.74485158920288,1723528364.1946867,0.07164382934570312,-20.62810752949332,-4.901575481857877,0.0,0.44428814639274705,-32.253439,-9.480161,0.18771200000000002,0.9207771225000001,11.62533147050668,4.578585518142123,-0.18771200000000002,-0.47648897610725305,-27.300807315455522,12.495879838612316
1723528364.3663297,150.8448507785797,1723528364.3634546,0.002875089645385742,-20.379426496438644,-4.84495070884165,0.0,0.44436722154529423,-32.06478,-9.342489,0.204173,0.9065021492,11.685353503561355,4.49753829115835,-0.204173,-0.4621349276547058,-26.478380920198276,12.522660412131211
1723528364.4663286,150.94484972953796,1723528364.4953592,-0.029030561447143555,-20.10628913679839,-4.778417836972425,0.0,0.4421996307395876,-31.889743,-9.204027,0.212969,0.8903231467000001,11.783453863201608,4.425609163027575,-0.212969,-0.4481235159604125,-25.675586165095023,12.588929946784022
1723528364.5663278,151.0448489189148,1723528364.6319523,-0.06562447547912598,-19.839456869738598,-4.71016053883989,0.0,0.44099746696251035,-31.701725999999997,-9.062722,0.19922800000000002,0.8754138140000001,11.8622691302614,4.352561461160111,-0.19922800000000002,-0.43441634703748977,-24.890223236738667,12.63716392185813
1723528364.666327,151.14484810829163,1723528364.6319523,0.03437471389770508,-19.571258124508862,-4.641916505801113,0.0,0.4398578788780671,-31.701725999999997,-9.062722,0.19922800000000002,0.8754138140000001,12.130467875491135,4.420805494198888,-0.19922800000000002,-0.435555935121933,-24.955516824360664,12.912453829224154
1723528364.7663262,151.24484729766846,1723528364.7251654,0.04116082191467285,-19.31406765310611,-4.582437950258293,0.0,0.4392234403790991,-31.503573,-8.911137,0.19808900000000002,0.8615016452,12.189505346893888,4.328699049741707,-0.19808900000000002,-0.42227820482090095,-24.19475891659856,12.936804679560964
1723528364.8663256,151.34484672546387,1723528364.8478498,0.018475770950317383,-19.047686731547724,-4.52722564098486,0.0,0.43790912589409686,-31.305926,-8.763913,0.18851300000000001,0.846841646,12.258239268452275,4.23668735901514,-0.18851300000000001,-0.40893252010590314,-23.43010750771693,12.971101992191452
1723528364.9663248,151.4448459148407,1723528364.9830167,-0.016691923141479492,-18.792149260598897,-4.469253738197281,0.0,0.43668826867847743,-31.103869999999997,-8.631350000000001,0.184477,0.833068134,12.3117207394011,4.16209626180272,-0.184477,-0.3963798653215226,-22.710893366887223,12.997520710544773
1723528365.066324,151.54484510421753,1723528365.0891147,-0.02279067039489746,-18.533052801292715,-4.418191595920591,0.0,0.43526245743081926,-30.905680999999998,-8.488424,0.189065,0.8194309147000001,12.372628198707282,4.070232404079409,-0.189065,-0.3841684572691808,-22.011231223575972,13.026299011649074
1723528365.1963232,151.67484426498413,1723528365.1755688,0.020754337310791016,-18.274228631866926,-4.3603970475991805,0.0,0.4337431637729377,-30.698432999999998,-8.355274000000001,0.184091,0.8046513055000001,12.424204368133072,3.994876952400821,-0.184091,-0.37090814172706243,-21.25147110800086,13.0519648153924
1723528365.2663224,151.7448434829712,1723528365.2952225,-0.028900146484375,-18.02102535360434,-4.299462199729535,0.0,0.43260054138173615,-30.494863,-8.218511000000001,0.166383,0.7917953969,12.473837646395658,3.919048800270466,-0.166383,-0.35919485551826386,-20.580349244007905,13.076056455607247
1723528365.3663216,151.84484267234802,1723528365.426586,-0.06026434898376465,-17.753481234358183,-4.238529510790234,0.0,0.43099381225460487,-30.285629999999998,-8.098682,0.193717,0.777899546,12.532148765641814,3.8601524892097663,-0.193717,-0.34690573374539513,-19.8762344325002,13.114612316047282
1723528365.4663208,151.94484186172485,1723528365.426586,0.039734840393066406,-17.485497049293805,-4.183777451527552,0.0,0.4298108845906166,-30.285629999999998,-8.098682,0.193717,0.777899546,12.800132950706193,3.914904548472448,-0.193717,-0.3480886614093834,-19.944011195115998,13.386837096771353
1723528365.5663197,152.0448408126831,1723528365.5793443,-0.013024568557739258,-17.210837880679662,-4.122722553917652,0.0,0.4288998637235402,-30.084318,-7.9739569999999995,0.187669,0.7642678803,12.873480119320337,3.8512344460823478,-0.187669,-0.3353680165764598,-19.21517193350458,13.438516167895479
1723528365.696312,152.1748330593109,1723528365.7316072,-0.03529524803161621,-16.93806327319531,-4.083443006905226,0.0,0.4268591232878754,-29.88185,-7.851107,0.16298500000000002,0.7507451784,12.943786726804689,3.767663993094774,-0.16298500000000002,-0.3238860551121246,-18.55730400106632,13.481968361633738
1723528365.7963111,152.27483224868774,1723528365.7316072,0.06470394134521484,-16.66101248438548,-4.024798648407056,0.0,0.4254154650212984,-29.88185,-7.851107,0.16298500000000002,0.7507451784,13.22083751561452,3.826308351592944,-0.16298500000000002,-0.3253297133787016,-18.640019526800355,13.764365017172976
1723528365.8963103,152.37483143806458,1723528365.8696485,0.02666187286376953,-16.409535523114872,-3.9583569271718235,0.0,0.4238956880678595,-29.671896,-7.7367989999999995,0.162128,0.7375164179,13.262360476885128,3.778442072828176,-0.162128,-0.3136207298321405,-17.96914418719428,13.791052005012046
1723528365.9963095,152.4748306274414,1723528366.0022485,-0.005939006805419922,-16.153800107543216,-3.897043853174576,0.0,0.4218387790672065,-29.464205,-7.62639,0.172098,0.7243408104000001,13.310404892456784,3.729346146825424,-0.172098,-0.3025020313327936,-17.33208968950326,13.824055801593943
1723528366.0963087,152.57482981681824,1723528366.1146655,-0.018356800079345703,-15.901713355352188,-3.8513510721794284,0.0,0.42018234144431466,-29.270905,-7.519038,0.176033,0.7110095764000001,13.369191644647811,3.6676869278205717,-0.176033,-0.2908272349556854,-16.66317313042034,13.864277848085553
1723528366.1963077,152.6748287677765,1723528366.2397056,-0.04339790344238281,-15.625313139985659,-3.7953904314359503,0.0,0.4186394076550659,-29.064633999999998,-7.410725,0.174646,0.6959077951,13.43932086001434,3.61533456856405,-0.174646,-0.2772683874449341,-15.886308392992827,13.918207156325371
1723528366.2963068,152.77482795715332,1723528366.2397056,0.05660128593444824,-15.340312991525046,-3.7492683186215694,0.0,0.4163245506162161,-29.064633999999998,-7.410725,0.174646,0.6959077951,13.724321008474952,3.661456681378431,-0.174646,-0.2795832444837839,-16.018939931495073,14.205412820421435
1723528366.396306,152.87482714653015,1723528366.3701596,0.026146411895751953,-15.067227437614756,-3.703496744481047,0.0,0.41625461802985736,-28.879489999999997,-7.300757,0.168845,0.6829266103,13.812262562385241,3.597260255518953,-0.168845,-0.26667199227014265,-15.279179671424487,14.274010896458998
1723528366.4963052,152.97482633590698,1723528366.4773362,0.018969058990478516,-14.781849554061676,-3.6458067812854402,0.0,0.41416398729034176,-28.641994999999998,-7.193513,0.161941,0.6689883008999999,13.860145445938322,3.54770621871456,-0.161941,-0.2548243136096582,-14.600357687151519,14.30790257460372
1723528366.5963044,153.0748255252838,1723528366.5898547,0.006449699401855469,-14.517990049288048,-3.587931486041639,0.0,0.412288784911285,-28.437993,-7.0823,0.164819,0.6560669334,13.92000295071195,3.494368513958361,-0.164819,-0.24377814848871499,-13.967459045916856,14.352848454642514
1723528366.6962974,153.1748185157776,1723528366.7477033,-0.051405906677246094,-14.247592391646585,-3.514705800516221,0.0,0.41170678071451533,-28.236178,-6.984357,0.16228800000000002,0.6425538766000001,13.988585608353414,3.469651199483779,-0.16228800000000002,-0.23084709588548474,-13.226564307090108,14.41337379530745
1723528366.7962928,153.27481389045715,1723528366.7477033,0.048589468002319336,-13.97674111582227,-3.450958594283637,0.0,0.41026995503832087,-28.236178,-6.984357,0.16228800000000002,0.6425538766000001,14.25943688417773,3.533398405716363,-0.16228800000000002,-0.23228392156167924,-13.308888354232081,14.691588816132557
1723528366.8962917,153.3748128414154,1723528366.8604348,0.03585696220397949,-13.720695249862148,-3.3935306588366982,0.0,0.4093237523918814,-28.00705,-6.883984,0.172244,0.6266863648000001,14.286354750137852,3.4904533411633016,-0.172244,-0.21736261240811866,-12.453960314923139,14.707578474009935
1723528366.9962907,153.47481179237366,1723528366.9735403,0.022750377655029297,-13.466425105710469,-3.3560433107539813,0.0,0.4079315271823409,-27.781108,-6.797141,0.18718,0.6159107249999999,14.31468289428953,3.4410976892460186,-0.18718,-0.20797919781765903,-11.916330261468325,14.723665848673678
1723528367.0962896,153.5748107433319,1723528367.1081922,-0.011902570724487305,-13.200475082029584,-3.312682477840167,0.0,0.40566829478309074,-27.563824999999998,-6.714123,0.181535,0.6039782256,14.363349917970414,3.4014405221598327,-0.181535,-0.19830993081690929,-11.362322071340245,14.761726641828748
1723528367.1962855,153.67480659484863,1723528367.2614634,-0.06517791748046875,-12.943550937975411,-3.258533901302601,0.0,0.40553902875001313,-27.352301999999998,-6.638504999999999,0.180677,0.5914810736,14.408751062024587,3.3799710986973985,-0.180677,-0.1859420448499869,-10.653694403936512,14.800978210029003
1723528367.296278,153.77479910850525,1723528367.2614634,0.03481459617614746,-12.676793427280815,-3.2085288297050587,0.0,0.40461903991967496,-27.352301999999998,-6.638504999999999,0.180677,0.5914810736,14.675508572719183,3.4299761702949407,-0.180677,-0.18686203368032508,-10.706405881114069,15.072091181222147
1723528367.3962772,153.87479829788208,1723528367.3860126,0.01026463508605957,-12.412368677133978,-3.1500668323115666,0.0,0.4019600717896971,-27.122024,-6.557989,0.195265,0.5797351361,14.709655322866022,3.4079221676884335,-0.195265,-0.17777506431030293,-10.185760887647147,15.100530508520816
1723528367.4962764,153.9747974872589,1723528367.5167787,-0.020502328872680664,-12.146617829560679,-3.0953474745686593,0.0,0.4015326373617212,-26.915003,-6.491341,0.19625800000000002,0.5700691478000001,14.76838517043932,3.395993525431341,-0.19625800000000002,-0.16853651043827889,-9.656430741975925,15.155081318481521
1723528367.5962727,154.0747938156128,1723528367.6364481,-0.040175437927246094,-11.871696187193717,-3.03860144958912,0.0,0.3980697926072257,-26.699876,-6.4123399999999995,0.19042,0.5597397520999999,14.828179812806283,3.3737385504108794,-0.19042,-0.16166995949277424,-9.263006352986944,15.20832956454601
1723528367.6962655,154.174786567688,1723528367.7389786,-0.042713165283203125,-11.60093332065325,-2.980214041226125,0.0,0.39583434025420816,-26.453153,-6.348151,0.20111600000000002,0.5479248777,14.852219679346751,3.367936958773875,-0.20111600000000002,-0.15209053744579182,-8.714145899520279,15.230622981588965
1723528367.7962646,154.27478575706482,1723528367.7389786,0.05728602409362793,-11.309441228154421,-2.9303595389502592,0.0,0.3934604757343916,-26.453153,-6.348151,0.20111600000000002,0.5479248777,15.14371177184558,3.4177914610497404,-0.20111600000000002,-0.15446440196560837,-8.850158317641617,15.525905846211193
1723528367.8962638,154.37478494644165,1723528367.8817575,0.014506340026855469,-11.02584138358796,-2.8768233852738705,0.0,0.3912124727787702,-26.218348,-6.271838,0.199934,0.5383193466,15.19250661641204,3.3950146147261293,-0.199934,-0.14710687382122983,-8.428603007320007,15.568505231019566
1723528367.996263,154.47478413581848,1723528368.0081747,-0.011911630630493164,-10.71838582559681,-2.8223125534094375,0.0,0.39132921466449666,-25.99457,-6.20496,0.206043,0.5301631843,15.27618417440319,3.3826474465905623,-0.206043,-0.13883396963550332,-7.954600513161764,15.647573626478358
1723528368.0962622,154.5747833251953,1723528368.1002982,-0.00403594970703125,-10.44810363527204,-2.7709105582376,0.0,0.3887638892817913,-25.778675,-6.142689,0.210736,0.5221406207,15.33057136472796,3.3717784417624,-0.210736,-0.13337673141820872,-7.641923795513287,15.69839857727681
1723528368.1962588,154.67477989196777,1723528368.2216966,-0.02543783187866211,-10.191227812715722,-2.7289449880881285,0.0,0.3856548919505318,-25.555241,-6.074638,0.202631,0.515272441,15.364013187284277,3.3456930119118717,-0.202631,-0.1296175490494682,-7.4265385113644635,15.725381466634191
1723528368.296251,154.7747721672058,1723528368.359859,-0.06360793113708496,-9.928467032291627,-2.694043258548825,0.0,0.38528878860135896,-25.339623,-6.016147,0.203887,0.5102368888000001,15.411155967708373,3.322103741451175,-0.203887,-0.12494810019864111,-7.158998799559859,15.76647301836293
1723528368.3962502,154.87477135658264,1723528368.359859,0.036391258239746094,-9.676921265004397,-2.6588803439155217,0.0,0.38335798183622666,-25.339623,-6.016147,0.203887,0.5102368888000001,15.662701734995602,3.3572666560844784,-0.203887,-0.1268789069637734,-7.269625878257247,16.019770127822056
1723528368.5062494,154.98477053642273,1723528368.4908328,0.015416622161865234,-9.413179173697694,-2.616616484115089,0.0,0.38101173860348325,-25.104889,-5.966372,0.222324,0.504902713,15.691709826302306,3.349755515884911,-0.222324,-0.12389097439651675,-7.098429952683751,16.046808008138246
1723528368.5962486,155.0747697353363,1723528368.6018136,-0.00556492805480957,-9.1451102275253,-2.5678942491097327,0.0,0.37875011841462936,-24.873058999999998,-5.905502,0.21898,0.5002047029,15.727948772474697,3.3376077508902675,-0.21898,-0.12145458448537062,-6.958835093526824,16.079675069129696
1723528368.697244,155.17576503753662,1723528368.7089899,-0.011745929718017578,-8.87983710611226,-2.5213951859680557,0.0,0.3770993548108077,-24.633799999999997,-5.830035,0.211228,0.49604488459999996,15.753962893887737,3.308639814031944,-0.211228,-0.11894552978919226,-6.815076848868325,16.099039149867703
1723528368.7962365,155.27475762367249,1723528368.8018699,-0.005633354187011719,-8.609501874470457,-2.482779370316527,0.0,0.37407558783944855,-24.378207,-5.754754,0.21243800000000002,0.4916415949,15.768705125529543,3.271974629683473,-0.21243800000000002,-0.11756600706055143,-6.7360360187748345,16.105992959673056
1723528368.8962357,155.37475681304932,1723528368.9191628,-0.022927045822143555,-8.334665001323458,-2.449432417290305,0.0,0.3704633300356366,-24.141823,-5.6957819999999995,0.225941,0.488028875,15.80715799867654,3.2463495827096946,-0.225941,-0.11756554496436339,-6.73600954261353,16.138651707740774
1723528368.996235,155.47475600242615,1723528369.0605946,-0.06435966491699219,-8.062437178740673,-2.4053696686554233,0.0,0.3691134837590307,-23.907550999999998,-5.628242,0.232757,0.4857599091,15.845113821259325,3.222872331344577,-0.232757,-0.11664642534096929,-6.683347867325395,16.171231056844704
1723528369.0962274,155.57474851608276,1723528369.0605946,0.03563284873962402,-7.799488834809091,-2.368062114691198,0.0,0.36706784437519735,-23.907550999999998,-5.628242,0.232757,0.4857599091,16.10806216519091,3.260179885308802,-0.232757,-0.11869206472480265,-6.800554370424789,16.436320008544367
1723528369.196224,155.67474508285522,1723528369.169814,0.02640986442565918,-7.52797976694521,-2.326241019004969,0.0,0.3648950544159026,-23.684407,-5.56856,0.245184,0.48484251379999993,16.156427233054792,3.2423189809950306,-0.245184,-0.11994745938409734,-6.872483186025638,16.480378894472395
1723528369.3362222,155.81474328041077,1723528369.3014002,0.03482198715209961,-7.239881024103958,-2.286542113674463,0.0,0.36174616777507573,-23.448514999999997,-5.508427,0.258914,0.4840357374999999,16.20863397589604,3.221884886325537,-0.258914,-0.12228956972492416,-7.006676223708962,16.527776439820947
1723528369.436215,155.91473603248596,1723528369.4082053,0.028009653091430664,-6.959808384135313,-2.2403922275543455,0.0,0.35941410266325935,-23.203272,-5.4361369999999996,0.235568,0.47946033779999997,16.243463615864684,3.195744772445654,-0.235568,-0.12004623513674062,-6.878142619770326,16.55652098640163
1723528369.5362108,156.01473188400269,1723528369.5067825,0.02942824363708496,-6.68670645452959,-2.2078660070538665,0.0,0.3569803730428398,-22.951583999999997,-5.372419,0.216774,0.4761922607,16.264877545470405,3.1645529929461333,-0.216774,-0.11921188765716018,-6.83033803054299,16.571289273360346
1723528369.5962107,156.07473182678223,1723528369.6347141,-0.038503408432006836,-6.422836634396632,-2.1745345641177276,0.0,0.35469768992824496,-22.703013,-5.311095,0.209908,0.47534983379999995,16.280176365603367,3.1365604358822723,-0.209908,-0.12065214387175499,-6.912858633056761,16.58089910805673
1723528369.7362065,156.21472764015198,1723528369.7433138,-0.007107257843017578,-6.1356224268705235,-2.1316611979400784,0.0,0.35307419996190154,-22.450651999999998,-5.248557,0.201909,0.47399765410000005,16.315029573129475,3.1168958020599216,-0.201909,-0.12092345413809852,-6.928403566256815,16.611321339895547
1723528369.836199,156.3147201538086,1723528369.8660412,-0.029842138290405273,-5.855550596453337,-2.0927643796017112,0.0,0.3496829164983994,-22.21221,-5.182493,0.202434,0.47256463359999995,16.35665940354666,3.0897286203982888,-0.202434,-0.12288171710160056,-7.040603769242264,16.647153189530506
1723528369.896199,156.37472009658813,1723528369.8660412,0.030157804489135742,-5.5815194122955605,-2.0485277025380255,0.0,0.3476325264564024,-22.21221,-5.182493,0.202434,0.47256463359999995,16.63069058770444,3.1339652974619745,-0.202434,-0.12493210714359754,-7.158082465004341,16.92461483857204
1723528370.036198,156.5147190093994,1723528370.0746348,-0.0384368896484375,-5.298325599295795,-2.0221669305179706,0.0,0.34496022035503415,-21.715951999999998,-5.04981,0.189162,0.46850653020000005,16.4176264007042,3.0276430694820293,-0.189162,-0.1235463098449659,-7.078682128532118,16.69553417688473
1723528370.106198,156.5847191810608,1723528370.0746348,0.03156328201293945,-5.033750751282684,-1.9861838717317888,0.0,0.3409724767443683,-21.715951999999998,-5.04981,0.189162,0.46850653020000005,16.682201248717313,3.0636261282682113,-0.189162,-0.12753405345563174,-7.30716300720353,16.962235283675238
1723528370.23619,156.71471118927002,1723528370.1958015,0.04038858413696289,-4.769211189310002,-1.948108137734906,0.0,0.3393192522069235,-21.463379,-4.990863,0.172163,0.4710550044,16.694167810689997,3.042754862265094,-0.172163,-0.13173575219307648,-7.547902611644561,16.97006883138324
1723528370.3361862,156.81470727920532,1723528370.300749,0.03543710708618164,-4.492787076672828,-1.9111242311365486,0.0,0.33610075928227706,-21.214561999999997,-4.915086,0.167152,0.467992103,16.721774923327168,3.003961768863451,-0.167152,-0.13189134371772293,-7.556817349334809,16.990276121544067
1723528370.436179,156.91470003128052,1723528370.4114847,0.024694204330444336,-4.212287803956491,-1.8843378147582177,0.0,0.3320185197824515,-20.961838,-4.843593,0.168169,0.46856867939999997,16.749550196043508,2.9592551852417825,-0.168169,-0.13655015961754846,-7.823747837923254,17.009788471163375
1723528370.536175,157.01469612121582,1723528370.5434883,-0.007313251495361328,-3.9194335573680963,-1.8530610966512233,0.0,0.32821216684168236,-20.699071,-4.778148,0.173163,0.4678168687,16.779637442631902,2.9250869033487765,-0.173163,-0.13960470185831764,-7.9987602166637615,17.03356543777274
1723528370.6361675,157.11468863487244,1723528370.6685412,-0.032373666763305664,-3.6441126259435928,-1.8102751351515103,0.0,0.3251239721436851,-20.44173,-4.724113,0.172292,0.4659887523,16.797617374056408,2.9138378648484897,-0.172292,-0.14086478015631484,-8.07095738499503,17.049342658328225
1723528370.7361667,157.21468782424927,1723528370.7740068,-0.03784012794494629,-3.368470439152873,-1.7804633763121003,0.0,0.320662572057711,-20.183293,-4.6434809999999995,0.17583200000000002,0.46451272439999997,16.814822560847126,2.8630176236878992,-0.17583200000000002,-0.14385015234228898,-8.242006611527092,17.057726828582553
1723528370.836166,157.3146870136261,1723528370.7740068,0.062159061431884766,-3.0877397743983215,-1.7586171479805595,0.0,0.3160221215456338,-20.183293,-4.6434809999999995,0.17583200000000002,0.46451272439999997,17.095553225601677,2.88486385201944,-0.17583200000000002,-0.14849060285436613,-8.507884840908435,17.338145703225944
1723528370.9361653,157.4146864414215,1723528370.9007766,0.03538870811462402,-2.827200758846838,-1.7264643373624415,0.0,0.31062755017202504,-19.916317999999997,-4.578167,0.175102,0.4633933292,17.089117241153158,2.851702662637558,-0.175102,-0.15276577902797495,-8.752834392331108,17.326303612380116
1723528371.0361645,157.51468563079834,1723528371.0025976,0.033566951751708984,-2.546945778270995,-1.6861256176644654,0.0,0.30652382563156655,-19.66623,-4.517271,0.167713,0.4622874439,17.119284221729004,2.8311453823355346,-0.167713,-0.15576361826843343,-8.924597928468083,17.35261951667899
1723528371.1361637,157.61468482017517,1723528371.1148582,0.021305561065673828,-2.2827066947346126,-1.6570555051044602,0.0,0.3014124901778983,-19.405935,-4.455596,0.161361,0.4623378936,17.123228305265386,2.7985404948955397,-0.161361,-0.1609254034221017,-9.220346432526563,17.35116174404852
1723528371.236163,157.714684009552,1723528371.2329195,0.0032434463500976562,-2.0173799067985265,-1.638832774956855,0.0,0.29558173828933837,-19.144962999999997,-4.39733,0.161897,0.46099438909999996,17.12758309320147,2.758497225043145,-0.161897,-0.1654126508106616,-9.477446769522144,17.34905242927407
1723528371.336162,157.81468319892883,1723528371.3402274,-0.004065275192260742,-1.745565409929383,-1.6218396240853092,0.0,0.2893616405917334,-18.873124999999998,-4.331035,0.16462100000000002,0.46004636899999996,17.127559590070614,2.7091953759146907,-0.16462100000000002,-0.17068472840826654,-9.779514565130379,17.341284184567716
1723528371.4361546,157.91467571258545,1723528371.460128,-0.023973464965820312,-1.472788868225859,-1.5940079040502773,0.0,0.28359135133987223,-18.590577,-4.262094,0.16786800000000002,0.45784878609999996,17.11778813177414,2.668086095949723,-0.16786800000000002,-0.17425743476012773,-9.984215560531606,17.32528596027009
1723528371.5361507,158.01467180252075,1723528371.5633554,-0.02720475196838379,-1.1945963574839402,-1.5686382535713688,0.0,0.2780434184756553,-18.328222,-4.194317,0.15539,0.4564193041,17.13362564251606,2.625678746428631,-0.15539,-0.17837588562434473,-10.220185413183247,17.334343442698685
1723528371.6361496,158.114670753479,1723528371.6840892,-0.04793953895568848,-0.9260010400527083,-1.5539078928095087,0.0,0.2724011181631303,-18.061004999999998,-4.12503,0.137523,0.4548742527,17.13500395994729,2.571122107190491,-0.137523,-0.1824731345368697,-10.454940483485494,17.327375513130143
1723528371.7361486,158.21466970443726,1723528371.6840892,0.05205941200256348,-0.6481268756400989,-1.5422019343086142,0.0,0.2663634089114999,-18.061004999999998,-4.12503,0.137523,0.4548742527,17.4128781243599,2.582828065691386,-0.137523,-0.18851084378850005,-10.800875741531003,17.60392677689451
1723528371.8361409,158.3146619796753,1723528371.8003588,0.0357820987701416,-0.38403624856091223,-1.5341197708559267,0.0,0.26156951038837173,-17.809119,-4.0564919999999995,0.136264,0.4543463755,17.42508275143909,2.522372229144073,-0.136264,-0.19277686511162828,-11.045300758659065,17.60722688087347
1723528371.93614,158.41466116905212,1723528371.9094446,0.02669548988342285,-0.10663339330230039,-1.5283383274832083,0.0,0.2569106741836005,-17.538961999999998,-3.988108,0.14752,0.452361022,17.4323286066977,2.4597696725167917,-0.14752,-0.1954503478163995,-11.198480034243676,17.605632895301557
1723528372.0361328,158.51465392112732,1723528371.9949474,0.04118537902832031,0.18429276103588643,-1.5187070006234276,0.0,0.25170068350465596,-17.271487999999998,-3.936085,0.151235,0.45069253299999995,17.455780761035886,2.4173779993765723,-0.151235,-0.198991849495344,-11.40139313358569,17.623021034840917
1723528372.136129,158.61465001106262,1723528372.105981,0.030147790908813477,0.46515478265909777,-1.5064489762081377,0.0,0.24744368887925017,-16.980200999999997,-3.872395,0.150035,0.44951367709999995,17.445355782659096,2.3659460237918624,-0.150035,-0.20206998822074979,-11.577757491307223,17.60569934629916
1723528372.2361217,158.71464276313782,1723528372.2147927,0.02132892608642578,0.7523001356173218,-1.4903380968692674,0.0,0.24286791194192725,-16.696468,-3.805895,0.13922,0.4473014101999999,17.44876813561732,2.315556903130733,-0.13922,-0.2044334982580727,-11.713176641282633,17.60229233453901
1723528372.336118,158.8146390914917,1723528372.3655014,-0.029383420944213867,1.0394002787578807,-1.4762726975705975,0.0,0.23956287017579925,-16.427515,-3.7221819999999997,0.138204,0.44638890659999997,17.46691527875788,2.245909302429402,-0.138204,-0.20682603642420072,-11.850258980525737,17.611256011303123
1723528372.436117,158.91463804244995,1723528372.4708376,-0.034720659255981445,1.3131145320328201,-1.468272131946181,0.0,0.23596646289153392,-16.163123,-3.661955,0.137817,0.4440217012,17.47623753203282,2.193682868053819,-0.137817,-0.2080552383084661,-11.920687060663672,17.613918255945052
1723528372.5361128,159.01463389396667,1723528372.4708376,0.06527519226074219,1.591035753990051,-1.481358020480056,0.0,0.2320089331732387,-16.163123,-3.661955,0.137817,0.4440217012,17.75415875399005,2.180596979519944,-0.137817,-0.2120127680267613,-12.147436810819585,17.888100787240163
1723528372.6361055,159.11462664604187,1723528372.6057,0.030405521392822266,1.881748398856486,-1.486185104118349,0.0,0.22925216008475502,-15.89211,-3.617708,0.13839400000000002,0.44210002719999997,17.773858398856486,2.131522895881651,-0.13839400000000002,-0.21284786711524495,-12.19528446406492,17.901748102839147
1723528372.766102,159.2446231842041,1723528372.801273,-0.0351710319519043,2.1577969510139368,-1.486966374682572,0.0,0.22682132542757394,-15.381771,-3.501741,0.134637,0.4404101668,17.539567951013936,2.014774625317428,-0.134637,-0.21358884137242606,-12.23773916172924,17.65542091882341
1723528372.8360946,159.31461572647095,1723528372.801273,0.034821510314941406,2.4327478722631755,-1.4898979968206087,0.0,0.22281258031821552,-15.381771,-3.501741,0.134637,0.4404101668,17.814518872263175,2.0118430031793912,-0.134637,-0.21759758648178448,-12.467423337639186,17.928266007660408
1723528372.936091,159.41461205482483,1723528372.9067035,0.029387474060058594,2.722707662944569,-1.4802948534595968,0.0,0.21973994797887597,-15.097173,-3.439024,0.127605,0.43910645579999996,17.81988066294457,1.958729146540403,-0.127605,-0.219366507821124,-12.56877506467397,17.92766158056085
1723528373.0360832,159.51460433006287,1723528373.0263486,0.009734630584716797,3.0156172937910313,-1.4667184953128594,0.0,0.21698789874411029,-14.809455,-3.378919,0.11173000000000001,0.43634873789999995,17.82507229379103,1.9122005046871404,-0.11173000000000001,-0.2193608391558897,-12.568450274080572,17.927693567269117
1723528373.136078,159.6145989894867,1723528373.1462371,-0.01015925407409668,3.3125325539533166,-1.4499565574968085,0.0,0.21440649426831548,-14.539558,-3.303759,0.104379,0.4358029636,17.852090553953317,1.8538024425031914,-0.104379,-0.2213964693316845,-12.685083291803087,17.94838754924857
1723528373.236077,159.71459817886353,1723528373.248988,-0.012910842895507812,3.5868416493342137,-1.4545299297945151,0.0,0.213017779801564,-14.280716,-3.228211,0.077183,0.43527094619999995,17.867557649334213,1.7736810702054848,-0.077183,-0.22225316639843593,-12.734168418049181,17.95554282405786
1723528373.3260736,159.80459475517273,1723528373.34342,-0.01734638214111328,3.8563012921514987,-1.4715674066638031,0.0,0.21136985613741732,-14.017798,-3.174892,0.077978,0.4332989482,17.8740992921515,1.7033245933361967,-0.077978,-0.22192909206258266,-12.715600326356284,17.95524493691018
1723528373.4360664,159.91458749771118,1723528373.4583468,-0.022280454635620117,4.114393625784102,-1.4772160307302893,0.0,0.20857811315226948,-13.760597,-3.1068219999999998,0.07878900000000001,0.4326057215,17.8749906257841,1.6296059692697105,-0.07878900000000001,-0.22402760834773053,-12.835836452734728,17.9492928326848
1723528373.5360625,160.01458358764648,1723528373.545247,-0.009184598922729492,4.392461772779773,-1.48446131528228,0.0,0.20531384635601221,-13.486983,-3.056788,0.089808,0.42988736889999996,17.879444772779774,1.57232668471772,-0.089808,-0.22457352254398774,-12.867115032156544,17.948671874632435
1723528373.6660552,160.14457631111145,1723528373.6560295,0.010025739669799805,4.673594678511211,-1.47652546949979,0.0,0.20229007370743268,-13.202232,-2.998135,0.09663200000000001,0.42772111519999995,17.87582667851121,1.52160953050021,-0.09663200000000001,-0.2254310414925673,-12.916247248762648,17.94073055220735
1723528373.7660544,160.24457550048828,1723528373.7623596,0.003694772720336914,4.9303147668669265,-1.4800070176282052,0.0,0.19974920192284798,-12.92172,-2.9433749999999996,0.105286,0.42783332789999995,17.85203476686693,1.4633679823717944,-0.105286,-0.22808412597715197,-13.068257792420992,17.91222142312484
1723528373.8360472,160.3145682811737,1723528373.8630927,-0.027045488357543945,5.213060374544965,-1.4797195727061407,0.0,0.1979272469724891,-12.658426,-2.900978,0.096209,0.42705536619999995,17.871486374544965,1.421258427293859,-0.096209,-0.22912811922751086,-13.1280741995067,17.928169369023184
1723528373.9660435,160.44456458091736,1723528373.9902377,-0.02419424057006836,5.471660702699141,-1.4890890847813947,0.0,0.1953091272414831,-12.378207,-2.835007,0.07574600000000001,0.4228044495,17.84986770269914,1.3459179152186054,-0.07574600000000001,-0.2274953222585169,-13.034521824381594,17.90069857561107
1723528374.0660362,160.54455733299255,1723528374.114043,-0.04800677299499512,5.731582754510003,-1.496839165559117,0.0,0.19208862618502562,-12.113337,-2.765106,0.059357,0.4224741294999999,17.844919754510002,1.268266834440883,-0.059357,-0.2303855033149743,-13.200117000945264,17.890030325901993
1723528374.1660323,160.64455342292786,1723528374.2152758,-0.04924345016479492,5.984545156793788,-1.5044211284036562,0.0,0.18795933683782273,-11.824014,-2.700909,0.06215,0.41989649209999996,17.808559156793788,1.1964878715963436,-0.06215,-0.23193715526217723,-13.289020108793249,17.84881578958114
1723528374.266025,160.74454617500305,1723528374.2152758,0.05074930191040039,6.26414814969044,-1.5047377183066033,0.0,0.18540875831276615,-11.824014,-2.700909,0.06215,0.41989649209999996,18.08816214969044,1.1961712816933965,-0.06215,-0.23448773378723384,-13.435157493595694,18.12777698205552
1723528374.3660214,160.84454250335693,1723528374.333992,0.03202939033508301,6.531973513656992,-1.5059384011571062,0.0,0.18349393073047396,-11.545224000000001,-2.625674,0.06011,0.4185455663,18.077197513656994,1.1197355988428939,-0.06011,-0.23505163556952605,-13.467466685780943,18.111943323983283
1723528374.4660141,160.94453525543213,1723528374.4442203,0.021793842315673828,6.819645680733383,-1.5081759114463196,0.0,0.18103925033532509,-11.274683,-2.5715429999999997,0.06535300000000001,0.4163083708,18.094328680733383,1.0633670885536801,-0.06535300000000001,-0.23526912046467488,-13.479927652380816,18.125665532223604
1723528374.5660107,161.0445318222046,1723528374.5363848,0.029625892639160156,7.097544087409113,-1.5185163289899584,0.0,0.1781015941492834,-10.981253,-2.515919,0.060065,0.4141680234,18.078797087409114,0.9974026710100414,-0.060065,-0.23606642925071658,-13.525610080789704,18.106389038681215
1723528374.6660035,161.14452457427979,1723528374.6522954,0.013708114624023438,7.379501790505856,-1.5328314717720963,0.0,0.17527552090729873,-10.687837,-2.4788319999999997,0.052014,0.41344589150000005,18.067338790505858,0.9460005282279034,-0.052014,-0.23817037059270132,-13.646157040028521,18.092162762547797
1723528374.7659998,161.24452090263367,1723528374.7499654,0.016034364700317383,7.650360025718327,-1.5425279084634445,0.0,0.17160600338340126,-10.399487,-2.4279889999999997,0.070466,0.410963961,18.04984702571833,0.8854610915365553,-0.070466,-0.23935795761659873,-13.714200764302344,18.071690138269133
1723528374.8659992,161.34452033042908,1723528374.8833418,-0.017342567443847656,7.927639273962292,-1.561750140988144,0.0,0.16972529647079737,-10.156492,-2.368848,0.080707,0.4079469275,18.084131273962292,0.8070978590118558,-0.080707,-0.23822163102920263,-13.649094046696044,18.10231268395758
1723528374.9659934,161.44451451301575,1723528375.0087602,-0.04276680946350098,8.185488745543237,-1.5679363714933738,0.0,0.1678254984625287,-9.900118,-2.314753,0.05099,0.4065647245,18.085606745543238,0.7468166285066262,-0.05099,-0.23873922603747127,-13.678750056166876,18.101091304425626
1723528375.0659864,161.54450750350952,1723528375.0087602,0.05722618103027344,8.421130389102093,-1.5734078975014616,0.0,0.16364015581824276,-9.900118,-2.314753,0.05099,0.4065647245,18.321248389102095,0.7413451024985385,-0.05099,-0.24292456868175719,-13.918552525500584,18.336311926782734
1723528375.1659827,161.6445038318634,1723528375.1541524,0.011830329895019531,8.67949529969992,-1.5898253343452198,0.0,0.16114081800563085,-9.620696,-2.252935,0.05202,0.40713170249999997,18.300191299699918,0.6631096656547801,-0.05202,-0.2459908844943691,-14.094239480217473,18.31227517581301
1723528375.2659822,161.7445032596588,1723528375.2833767,-0.017394542694091797,8.948542475528344,-1.5981820747068491,0.0,0.15873622321180927,-9.339225,-2.214345,0.055341999999999995,0.4042608665,18.287767475528344,0.6161629252931506,-0.055341999999999995,-0.2455246432881907,-14.067525826868362,18.298228294741055
1723528375.3659787,161.84449982643127,1723528375.399677,-0.033698320388793945,9.20655911162827,-1.6130636995397503,0.0,0.15650159581175951,-9.062776000000001,-2.166026,0.048612999999999996,0.40117226479999996,18.269335111628273,0.5529623004602497,-0.048612999999999996,-0.24467066898824044,-14.018596703668573,18.2777661641261
1723528375.4659717,161.94449281692505,1723528375.5106626,-0.044690847396850586,9.467486065115716,-1.636450632230842,0.0,0.15348988770612684,-8.79058,-2.111515,0.047134999999999996,0.3989477714,18.258066065115717,0.4750643677691577,-0.047134999999999996,-0.2454578836938731,-14.063700783871958,18.26430629123042
1723528375.5659683,162.0444893836975,1723528375.5106626,0.05530571937561035,9.733061768601255,-1.6515269971999798,0.0,0.15171291690566632,-8.79058,-2.111515,0.047134999999999996,0.3989477714,18.523641768601255,0.45998800280002006,-0.047134999999999996,-0.2472348544943337,-14.165513711056333,18.529412161275218
1723528375.6659615,162.14448261260986,1723528375.6350327,0.030928850173950195,9.993432218049374,-1.670432497616406,0.0,0.1501234987273423,-8.507606000000001,-2.060934,0.034099,0.3978954462,18.501038218049374,0.39050150238359405,-0.034099,-0.24777194747265774,-14.196286871920412,18.505190334359938
1723528375.7659578,162.24447894096375,1723528375.7424622,0.02349567413330078,10.264140213445021,-1.6955834344155654,0.0,0.1472691783976403,-8.214006000000001,-2.01063,0.036077,0.394808259,18.478146213445022,0.31504656558443456,-0.036077,-0.24753908060235968,-14.182944583063914,18.480866954065444
1723528375.8659508,162.34447193145752,1723528375.872554,-0.006603240966796875,10.5268268298266,-1.7148441908785153,0.0,0.14500656380291188,-7.916466000000001,-1.9703330000000001,0.036065,0.393332158,18.4432928298266,0.25548880912148486,-0.036065,-0.2483255941970881,-14.228008492571515,18.445097604039525
1723528375.9659472,162.4444682598114,1723528375.9608064,0.005140781402587891,10.78047072878997,-1.736428846098161,0.0,0.14270056591112423,-7.6361110000000005,-1.914031,0.044169,0.3910140405,18.41658172878997,0.1776021539018391,-0.044169,-0.24831347458887576,-14.227314090171596,18.41749103430845
1723528376.0659394,162.54446053504944,1723528376.0564308,0.009508609771728516,11.027483836189901,-1.7520758358325446,0.0,0.14089913054166514,-7.364793000000001,-1.868096,0.032685,0.3892540348,18.3922768361899,0.11602016416745542,-0.032685,-0.24835490425833487,-14.229687835378225,18.39267180718359
1723528376.1659358,162.64445686340332,1723528376.1448045,0.021131277084350586,11.275395644516943,-1.7624670313631556,0.0,0.13972780240145344,-7.092512,-1.827807,0.027853,0.38539186249999996,18.367907644516944,0.06533996863684433,-0.027853,-0.24566406009854652,-14.075513821694926,18.368044978674636
1723528376.2659285,162.74444961547852,1723528376.2760837,-0.010155200958251953,11.524669514740532,-1.773914218107676,0.0,0.1379025139688599,-6.840192,-1.768327,0.019712999999999998,0.3832128174999999,18.364861514740532,-0.005587218107675929,-0.019712999999999998,-0.24531030353113997,-14.055245063407495,18.364872944699975
1723528376.3659234,162.84444451332092,1723528376.3788888,-0.01296544075012207,11.776958684036224,-1.791302095829377,0.0,0.13732815458817615,-6.57685,-1.7213640000000001,0.007274,0.38120423789999996,18.353808684036224,-0.06993809582937693,-0.007274,-0.2438760833118238,-13.973070297948352,18.35394337624827
1723528376.465916,162.94443702697754,1723528376.5107572,-0.04484128952026367,12.02743052619681,-1.822206012019263,0.0,0.13697591625459538,-6.297014000000001,-1.689669,0.004277,0.3785269717,18.32444452619681,-0.13253701201926282,-0.004277,-0.2415510554454046,-13.839856013952225,18.324924325790498
1723528376.5659122,163.04443335533142,1723528376.614352,-0.048439741134643555,12.276160218369366,-1.8553158292362357,0.0,0.13676460014361688,-6.015494,-1.64405,0.0014849999999999998,0.3776675949999999,18.291654218369366,-0.2112658292362357,-0.0014849999999999998,-0.24090299485638303,-13.802724877332526,18.29287428208639
1723528376.655905,163.13442611694336,1723528376.614352,0.04155302047729492,12.531593927605835,-1.8837761734509255,0.0,0.13700476102572878,-6.015494,-1.64405,0.0014849999999999998,0.3776675949999999,18.547087927605837,-0.2397261734509255,-0.0014849999999999998,-0.2406628339742711,-13.788964672383374,18.54863718545933
1723528376.7959015,163.27442264556885,1723528376.8024113,-0.0065097808837890625,12.76937721293376,-1.897305022434668,0.0,0.1380006400282845,-5.4766900000000005,-1.562469,-0.002879,0.3712946733,18.24606721293376,-0.3348360224346678,0.002879,-0.23329403327171547,-13.3667634920539,18.249139491752953
1723528376.8658943,163.34441542625427,1723528376.9147155,-0.048821210861206055,13.038815575868842,-1.9192877272146571,0.0,0.13938114836572255,-5.212187,-1.520886,0.0037849999999999997,0.36877309049999996,18.251002575868842,-0.39840172721465716,-0.0037849999999999997,-0.2293919421342774,-13.143190138603297,18.25535081248355
1723528376.965891,163.44441199302673,1723528376.9147155,0.05117535591125488,13.292332667771404,-1.9322135532600926,0.0,0.14110158166828013,-5.212187,-1.520886,0.0037849999999999997,0.36877309049999996,18.504519667771405,-0.4113275532600926,-0.0037849999999999997,-0.22767150883171983,-13.044616571432995,18.509091085659357
1723528377.0658836,163.54440474510193,1723528377.0465686,0.019315004348754883,13.545879780240552,-1.9391948306569866,0.0,0.14436030302527184,-4.92271,-1.473535,0.011074,0.3660480993,18.468589780240553,-0.4656598306569866,-0.011074,-0.22168779627472815,-12.701775096097936,18.474462649348403
1723528377.1658785,163.64439964294434,1723528377.1408553,0.025023221969604492,13.794267005977716,-1.9478125620941804,0.0,0.14883050779583495,-4.635749000000001,-1.441847,0.006201,0.3635984397,18.430016005977716,-0.5059655620941803,-0.006201,-0.21476793190416502,-12.305296072861717,18.436960963863353
1723528377.2658715,163.7443926334381,1723528377.2531316,0.012739896774291992,14.037287554545099,-1.9716899849227667,0.0,0.15237232154619118,-4.373353000000001,-1.3936190000000002,-0.007678,0.3598581959,18.4106405545451,-0.5780709849227665,0.007678,-0.20748587435380883,-11.888064909054933,18.419715270436573
1723528377.3658679,163.844388961792,1723528377.341833,0.024034738540649414,14.282917622380406,-1.9725344847088528,0.0,0.1567826850726983,-4.093738,-1.361119,-0.0015049999999999998,0.3567264624,18.376655622380405,-0.6114154847088529,0.0015049999999999998,-0.19994377732730167,-11.455934580757905,18.38682416904921
1723528377.5058606,163.98438167572021,1723528377.4656875,0.04017305374145508,14.511741924459221,-1.9775354209443639,0.0,0.16146936715733817,-3.808445,-1.332757,0.0032159999999999997,0.35325877349999996,18.32018692445922,-0.6447784209443639,-0.0032159999999999997,-0.19178940634266178,-10.988723538754101,18.331530173498834
1723528377.6068568,164.08537793159485,1723528377.59106,0.015796899795532227,14.747081098078905,-1.9788273671105037,0.0,0.16618712853416315,-3.531626,-1.280616,0.013839,0.34930208599999996,18.278707098078904,-0.6982113671105037,-0.013839,-0.1831149574658368,-10.491714228510034,18.29204263630619
1723528377.69585,164.17437100410461,1723528377.7135885,-0.01773858070373535,14.98566678943584,-1.9954227047310158,0.0,0.17091417064062897,-3.246823,-1.240138,0.0051340000000000005,0.34545012129999997,18.23248978943584,-0.7552847047310158,-0.0051340000000000005,-0.174535950659371,-10.000173346085536,18.248127719441214
1723528377.7958465,164.27436757087708,1723528377.8235579,-0.02771139144897461,15.22734375131932,-2.0039973170037935,0.0,0.17646391545615137,-2.948071,-1.202307,-0.001703,0.34065004629999995,18.17541475131932,-0.8016903170037935,0.001703,-0.1641861308438486,-9.407172351935234,18.193086919131193
1723528377.8958397,164.37436079978943,1723528377.9519796,-0.05613994598388672,15.465062866313117,-2.023611480325324,0.0,0.18297454579039973,-2.656951,-1.163937,-0.0011810000000000002,0.3351329844,18.122013866313118,-0.8596744803253238,0.0011810000000000002,-0.15215843860960027,-8.718036349630529,18.142393121573807
1723528377.9958348,164.47435593605042,1723528377.9519796,0.04385519027709961,15.700978162669374,-2.034643131485445,0.0,0.18849179916381018,-2.656951,-1.163937,-0.0011810000000000002,0.3351329844,18.357929162669375,-0.8707061314854452,0.0011810000000000002,-0.14664118523618982,-8.401921016829794,18.37856614928798
1723528378.0958273,164.57434844970703,1723528378.0695374,0.026289939880371094,15.94951566263621,-2.0211478700013896,0.0,0.19615184213853573,-2.3538069999999998,-1.1245340000000001,-0.006196999999999999,0.3297574901,18.303322662636212,-0.8966138700013895,0.006196999999999999,-0.13360564796146426,-7.6550397473025535,18.325271493957743
1723528378.195824,164.6743450164795,1723528378.1728632,0.022960662841796875,16.19397081542922,-2.0119924163958847,0.0,0.20539205832333307,-2.062637,-1.09952,-0.015754,0.32459264919999997,18.25660781542922,-0.9124724163958846,0.015754,-0.11920059087666691,-6.82969077269864,18.2794032458828
1723528378.295817,164.77433800697327,1723528378.2741117,0.021705150604248047,16.430446808205737,-2.002352641316336,0.0,0.21494403434304485,-1.7896699999999999,-1.06812,-0.015042,0.31865930449999996,18.220116808205738,-0.9342326413163362,0.015042,-0.10371527015695511,-5.942447251052667,18.244058577918626
1723528378.3958132,164.87433433532715,1723528378.3800626,0.015750646591186523,16.667029049441396,-1.991235125446378,0.0,0.2250255605829894,-1.529593,-1.04179,-0.011967,0.3126395029,18.196622049441395,-0.949445125446378,0.011967,-0.08761394231701057,-5.019909121267351,18.221378742168213
1723528378.495806,164.97432708740234,1723528378.4836783,0.01212763786315918,16.910228219437517,-1.9776811108213965,0.0,0.2349898135012527,-1.255339,-1.0212860000000001,-0.017006,0.30685190399999995,18.165567219437516,-0.9563951108213964,0.017006,-0.07186209049874726,-4.117394492565391,18.190734268191097
1723528378.5958025,165.0743236541748,1723528378.566034,0.02976846694946289,17.146737687143197,-1.9786765889850781,0.0,0.24461473270860212,-0.9775119999999999,-0.985675,-0.013345,0.30072753869999996,18.124249687143198,-0.9930015889850782,0.013345,-0.05611280599139785,-3.2150269599434957,18.151436774169206
1723528378.6957955,165.17431664466858,1723528378.6960309,-0.0002353191375732422,17.370279487222657,-1.9741523680165614,0.0,0.25396454281042313,-0.693594,-0.951996,-0.01865,0.2953302585,18.063873487222658,-1.0221563680165615,0.01865,-0.041365715689576865,-2.3700809255508464,18.092779687642317
1723528378.7957907,165.27431178092957,1723528378.831957,-0.03616642951965332,17.588628114409204,-1.960536661380383,0.0,0.26357989003250326,-0.409804,-0.9388249999999999,-0.018637,0.2892909407,17.998432114409205,-1.0217116613803832,0.018637,-0.02571105066749674,-1.4731346900945814,18.02741802460259
1723528378.895784,165.37430500984192,1723528378.9326568,-0.03687286376953125,17.82453749419892,-1.9449768053018566,0.0,0.27372704320404084,-0.12673600000000002,-0.917573,-0.027628,0.2842978013,17.951273494198922,-1.0274038053018566,0.027628,-0.010570758095959143,-0.605659825152205,17.980671343113457
1723528378.9957802,165.4743013381958,1723528379.0293527,-0.03357243537902832,18.064512666760717,-1.9388622522277539,0.0,0.28317467220240994,0.153765,-0.9114949999999999,-0.026420000000000003,0.2799710954,17.910747666760717,-1.027367252227754,0.026420000000000003,0.0032035768024099576,0.1835514301241062,17.940208010770792
1723528379.095773,165.574294090271,1723528379.1128829,-0.01710987091064453,18.28867746940495,-1.9146223351598506,0.0,0.2938875421508365,0.435389,-0.899845,-0.031349,0.27475859799999997,17.853288469404948,-1.0147773351598506,0.031349,0.019128944150836547,1.0960077663843966,17.8821325621846
1723528379.2057695,165.6842906475067,1723528379.235698,-0.02992844581604004,18.509490944645236,-1.8864651345907801,0.0,0.30608408791178615,0.719786,-0.881751,-0.027214000000000002,0.27214451679999996,17.789704944645237,-1.0047141345907802,0.027214000000000002,0.0339395711117862,1.9445941831894804,17.818074899146026
1723528379.2957625,165.77428364753723,1723528379.353274,-0.05751156806945801,18.724887987671295,-1.8597627320671262,0.0,0.3183029751831028,0.988612,-0.869089,-0.022532,0.267415111,17.736275987671295,-0.9906737320671262,0.022532,0.050887864183102816,2.9156598461267382,17.763936164186056
1723528379.3957574,165.87427854537964,1723528379.353274,0.04248332977294922,18.94867250033169,-1.8380466729118088,0.0,0.3285779986924186,0.988612,-0.869089,-0.022532,0.267415111,17.96006050033169,-0.9689576729118088,0.022532,0.06116288769241863,3.5043753276082343,17.98619358948672
1723528379.5057504,165.98427152633667,1723528379.4549692,0.05078125,19.163756077255442,-1.8112157250507157,0.0,0.339841915194,1.266315,-0.859089,-0.037071,0.2647768902,17.897441077255444,-0.9521267250507157,0.037071,0.07506502499399997,4.300909121200236,17.92278763678874
1723528379.6057475,166.0842685699463,1723528379.6320426,-0.026295185089111328,19.396133286630537,-1.7897903857017763,0.0,0.3518455712400206,1.834903,-0.8471209999999999,-0.060614,0.25653973999999996,17.561230286630536,-0.9426693857017764,0.060614,0.09530583124002062,5.460621893039255,17.586617321355604
1723528379.6957405,166.1742615699768,1723528379.6320426,0.06369781494140625,19.598527741904867,-1.7581792973559875,0.0,0.3635673687762866,1.834903,-0.8471209999999999,-0.060614,0.25653973999999996,17.763624741904867,-0.9110582973559876,0.060614,0.10702762877628663,6.1322314201741435,17.787075792535205
1723528379.7957358,166.27425694465637,1723528379.7790818,0.016654014587402344,19.810223180827364,-1.731950944210667,0.0,0.37605085429310886,2.0923760000000002,-0.8487279999999999,-0.06415,0.2557530366,17.717847180827363,-0.8832229442106672,0.06415,0.12029781769310888,6.892557238449339,17.739963548858615
1723528379.8957293,166.3742504119873,1723528379.8923006,0.0034286975860595703,20.019200818901016,-1.7052933497253635,0.0,0.3870042472483802,2.361066,-0.8355969999999999,-0.062029,0.2519253964,17.658134818901015,-0.8696963497253636,0.062029,0.13507885084838017,7.739448055089324,17.679647751582923
1723528380.0067244,166.4852454662323,1723528379.994554,0.01217031478881836,20.245120756798144,-1.6609875843543958,0.0,0.3992732200782619,2.641054,-0.8165349999999999,-0.06286499999999999,0.249065035,17.604066756798144,-0.8444525843543959,0.06286499999999999,0.1502081850782619,8.606295053304356,17.624421084201696
1723528380.0957177,166.57423877716064,1723528380.0751145,0.020603179931640625,20.476292276507063,-1.61128581778246,0.0,0.41144328976810174,2.929538,-0.8010619999999999,-0.058980000000000005,0.245300613,17.546754276507063,-0.8102238177824601,0.058980000000000005,0.16614267676810174,9.519274175818461,17.56554943391811
1723528380.1957173,166.67423844337463,1723528380.1582813,0.03743600845336914,20.712856462092546,-1.545537693342125,0.0,0.4240796663931951,3.216633,-0.7977439999999999,-0.07112299999999999,0.24196277580000003,17.496223462092544,-0.7477936933421251,0.07112299999999999,0.18211689059319505,10.43452920903584,17.51234105779147
1723528380.2957103,166.7742314338684,1723528380.2635927,0.032117605209350586,20.928617156201998,-1.4905683612774154,0.0,0.4369946660754511,3.496195,-0.8039369999999999,-0.08520399999999999,0.2391435904,17.432422156201998,-0.6866313612774155,0.08520399999999999,0.19785107567545113,11.336031608326813,17.446147556980826
1723528380.3957067,166.8742277622223,1723528380.4054825,-0.009775876998901367,21.15413054662692,-1.4213956778259649,0.0,0.45018711739262507,3.752911,-0.798518,-0.096357,0.2371099046,17.40121954662692,-0.6228776778259649,0.096357,0.21307721279262506,12.20842500342837,17.412630558961894
1723528380.4957,166.97422099113464,1723528380.5155292,-0.019829273223876953,21.37424815179194,-1.3578311622570252,0.0,0.46534765288419955,4.023085,-0.797329,-0.091098,0.235417504,17.351163151791937,-0.5605021622570252,0.091098,0.22993014888419955,13.174027113879289,17.360452881177988
1723528380.5956962,167.07421731948853,1723528380.6018038,-0.0061075687408447266,21.60817152664271,-1.2918655681527405,0.0,0.47918238481690034,4.2948509999999995,-0.784516,-0.08233499999999999,0.2331601869,17.313320526642713,-0.5073495681527405,0.08233499999999999,0.24602219791690033,14.096033607170623,17.320948308184448
1723528380.6956894,167.17421054840088,1723528380.7045083,-0.008818864822387695,21.84077629618124,-1.230328813627341,0.0,0.49303049858723025,4.574624999999999,-0.7929229999999999,-0.088541,0.2301959387,17.266151296181242,-0.437405813627341,0.088541,0.26283455988723026,15.059310991716776,17.271917783995416
1723528380.8356774,167.31419849395752,1723528380.8072202,0.028457164764404297,22.071899040268107,-1.1746944019481824,0.0,0.5079678059697024,4.856209,-0.7941429999999999,-0.111021,0.2260443504,17.215690040268107,-0.3805514019481825,0.111021,0.28192345556970233,16.153024149887926,17.22025344164691
1723528380.9356725,167.4141936302185,1723528380.9117477,0.023924827575683594,22.305896831343773,-1.1085070184473662,0.0,0.5206564338934765,5.119930999999999,-0.779771,-0.122274,0.22376334690000002,17.185965831343772,-0.3287360184473662,0.122274,0.2968930869934765,17.010720851336597,17.189544492423767
1723528380.9956725,167.47419357299805,1723528381.055886,-0.060213565826416016,22.520432299620193,-1.0459141223871868,0.0,0.5347803762071881,5.408409,-0.7711579999999999,-0.11761999999999999,0.22164687930000002,17.112023299620194,-0.27475612238718694,0.11761999999999999,0.31313349690718806,17.941227796954692,17.114633118998892
1723528381.1356616,167.61418271064758,1723528381.1678607,-0.03219914436340332,22.72335673076615,-0.9693053865841708,0.0,0.5491482505959384,5.676247999999999,-0.7664639999999999,-0.116862,0.2189870223,17.047108730766148,-0.20284138658417084,0.116862,0.3301612282959384,18.916844940212524,17.048716005427472
1723528381.2356546,167.71417570114136,1723528381.2621436,-0.0264890193939209,22.90968423804245,-0.8763242762328852,0.0,0.5648708557628598,5.9434119999999995,-0.77487,-0.125035,0.2155956265,16.96627223804245,-0.10145427623288528,0.125035,0.3492752292628598,20.011996525226095,16.967036287365005
1723528381.3356514,167.8141725063324,1723528381.3623955,-0.02674412727355957,23.09000978946116,-0.7785582772493918,0.0,0.5801486016312953,6.2125129999999995,-0.777689,-0.12017599999999999,0.2132590218,16.877496789461162,-0.0008692772493917866,0.12017599999999999,0.36688957983129533,21.021224471661313,16.877924662259005
1723528381.4356446,167.91416573524475,1723528381.4666555,-0.031010866165161133,23.27779743072973,-0.6603568667969196,0.0,0.5960270102030698,6.478683999999999,-0.774223,-0.124776,0.21023220989999997,16.799113430729733,0.11386613320308037,0.124776,0.3857948003030698,22.10441381545831,16.79996269653569
1723528381.4956446,167.9741656780243,1723528381.4666555,0.028989076614379883,23.467109606425552,-0.5642675130449474,0.0,0.6137609935939672,6.478683999999999,-0.774223,-0.124776,0.21023220989999997,16.98842560642555,0.20995548695505262,0.124776,0.4035287836939672,23.120496217711835,16.990181133282064
1723528381.635633,168.1141541004181,1723528381.664603,-0.028970003128051758,23.656958538583357,-0.4737301689283534,0.0,0.6297934168473515,7.017732,-0.7702899999999999,-0.12784099999999998,0.2046826577,16.639226538583358,0.2965598310716465,0.12784099999999998,0.4251107591473515,24.3570523247457,16.64236013481811
1723528381.7356281,168.21414923667908,1723528381.7655253,-0.029897212982177734,23.847877129303754,-0.38450761045139736,0.0,0.6457898505356834,7.305498,-0.778103,-0.141409,0.20295329,16.542379129303754,0.3935953895486026,0.141409,0.44283656053568343,25.37266593278425,16.5476651251341
1723528381.8356216,168.31414270401,1723528381.8743265,-0.038704872131347656,24.0479256685114,-0.296229662305175,0.0,0.6618184904041584,7.594685999999999,-0.7829699999999999,-0.128128,0.1998672663,16.4532396685114,0.48674033769482494,0.128128,0.4619512241041584,26.46785548207034,16.460936441472594
1723528381.9356167,168.414137840271,1723528381.9809895,-0.045372724533081055,24.234502972937182,-0.17978802586556444,0.0,0.6781890491923068,7.84404,-0.7923349999999999,-0.12094099999999999,0.1957560116,16.390462972937183,0.6125469741344355,0.12094099999999999,0.4824330375923068,27.64137695171537,16.402350959183472
1723528382.0356097,168.51413083076477,1723528381.9809895,0.05462026596069336,24.423496834905368,-0.0668547931415754,0.0,0.6952764735989478,7.84404,-0.7923349999999999,-0.12094099999999999,0.1957560116,16.57945683490537,0.7254802068584245,0.12094099999999999,0.4995204619989479,28.620414252964736,16.595762627746716
1723528382.1356049,168.61412596702576,1723528382.1098208,0.025784015655517578,24.611198609662747,0.044104139672157705,0.0,0.7106507624667544,8.102946,-0.804944,-0.11755099999999999,0.19376787410000004,16.508252609662748,0.8490481396721576,0.11755099999999999,0.5168828883667543,29.6152080059467,16.53049016833798
1723528382.2355978,168.71411895751953,1723528382.214335,0.02126288414001465,24.811705891148208,0.16570800517052994,0.0,0.7280069600450467,8.352057,-0.8105749999999999,-0.139522,0.1917137088,16.459648891148206,0.9762830051705299,0.139522,0.5362932512450467,30.727339877690255,16.489167247455075
1723528382.335595,168.81411600112915,1723528382.3078954,0.02769947052001953,25.01828239346035,0.2947911066803734,0.0,0.7436383241674703,8.598511,-0.815278,-0.134524,0.18852438400000002,16.41977139346035,1.1100691066803734,0.134524,0.5551139401674703,31.80568592047375,16.457801880618234
1723528382.4355881,168.9141092300415,1723528382.4238832,0.01170492172241211,25.205294462642446,0.4180250530926018,0.0,0.7610292454697206,8.854098,-0.813334,-0.13636399999999999,0.1857600498,16.351196462642445,1.2313590530926017,0.13636399999999999,0.5752691956697207,32.96049699576053,16.3980628739513
1723528382.5355837,169.01410484313965,1723528382.5267806,0.008803129196166992,25.396885042094347,0.5439021293286148,0.0,0.7778398166514244,9.116762,-0.81775,-0.14096899999999998,0.1828035864,16.280123042094345,1.3616521293286148,0.14096899999999998,0.5950362302514245,34.0930646507813,16.337575555938447
1723528382.635577,169.114098072052,1723528382.5783036,0.05727338790893555,25.59361338641236,0.6759039252120598,0.0,0.79417594738758,9.385625,-0.827375,-0.12947799999999998,0.1803920146,16.20798838641236,1.5032789252120597,0.12947799999999998,0.61378393278758,35.16722888166973,16.27806805531752
1723528382.7355726,169.21409368515015,1723528382.7610471,-0.02547454833984375,25.789048769463694,0.8041547802928259,0.0,0.8104943502869782,9.651651,-0.8504339999999999,-0.12260099999999999,0.17797981200000002,16.137397769463696,1.6545887802928259,0.12260099999999999,0.6325145382869782,36.24041352450977,16.22246287734892
1723528382.835566,169.31408715248108,1723528382.866162,-0.030596017837524414,25.969273064176342,0.9378787865774727,0.0,0.8265006844810411,9.910123,-0.8680049999999999,-0.1286,0.17658969030000005,16.059150064176343,1.8058837865774726,0.1286,0.649910994181041,37.237157025725054,16.160880390447744
1723528382.9355612,169.41408228874207,1723528382.962583,-0.02702188491821289,26.140416716787385,1.0691586936217383,0.0,0.8423978243258592,10.179808,-0.879861,-0.114135,0.1739534935,15.960608716787386,1.9490196936217383,0.114135,0.6684443308258592,38.299038995768285,16.079575093103045
1723528383.0355542,169.51407527923584,1723528383.0921373,-0.05658316612243652,26.30102953114315,1.2057358742754167,0.0,0.8584846875196687,10.435186999999999,-0.8867529999999999,-0.12178499999999999,0.17182649390000002,15.865842531143151,2.092488874275417,0.12178499999999999,0.6866581936196686,39.342616462483925,16.003696463574354
1723528383.1355507,169.6140718460083,1723528383.0921373,0.043413400650024414,26.467539387437903,1.3498585409244719,0.0,0.8751636329557559,10.435186999999999,-0.8867529999999999,-0.12178499999999999,0.17182649390000002,16.032352387437903,2.236611540924472,0.12178499999999999,0.7033371390557559,40.29824964270071,16.18806924392799
1723528383.2355442,169.71406531333923,1723528383.2018492,0.03369498252868652,26.625120598651677,1.489540284490494,0.0,0.8907112882974495,10.674726,-0.898955,-0.129472,0.1692113831,15.950394598651677,2.388495284490494,0.129472,0.7214999051974496,41.33889948690287,16.12875570450225
1723528383.335539,169.81406021118164,1723528383.2756643,0.059874773025512695,26.7871685527138,1.6271624121080344,0.0,0.9075259180354777,10.922085,-0.91394,-0.122211,0.1668422543,15.865083552713802,2.5411024121080343,0.122211,0.7406836637354777,42.43804788632994,16.067763165168085
1723528383.4255323,169.90405344963074,1723528383.406318,0.019214391708374023,26.953363103411466,1.7721564335188373,0.0,0.923393214094717,11.175682,-0.9225589999999999,-0.121324,0.164647922,15.777681103411465,2.6947154335188372,0.121324,0.758745292094717,43.472902962448146,16.006605879497624
1723528383.5355275,170.01404857635498,1723528383.5210235,0.014503955841064453,27.11898682429505,1.940814532230365,0.0,0.940448552049105,11.431559,-0.940639,-0.12038399999999999,0.163156557,15.68742782429505,2.881453532230365,0.12038399999999999,0.7772919950491051,44.5355507656174,15.950318445357928
1723528383.6355207,170.11404180526733,1723528383.631188,0.004332780838012695,27.277199738482206,2.101375966345359,0.0,0.9563369357961591,11.677496999999999,-0.943325,-0.11318299999999999,0.16274304820000002,15.599702738482208,3.044700966345359,0.11318299999999999,0.7935938875961589,45.46958040663936,15.894456262954158
1723528383.7355158,170.21403694152832,1723528383.7305837,0.0049321651458740234,27.437344486491504,2.2546461685741286,0.0,0.972399680437352,11.941614999999999,-0.964364,-0.11032199999999999,0.1614713443,15.495729486491506,3.219010168574129,0.11032199999999999,0.810928336137352,46.46277114823643,15.826933680520366
1723528383.8355088,170.3140299320221,1723528383.853336,-0.017827272415161133,27.606344744662493,2.4239343427368287,0.0,0.9884042062970311,12.200243,-0.987629,-0.107666,0.161077632,15.406101744662493,3.411563342736829,0.107666,0.827326574297031,47.40232098623641,15.779680838849512
1723528383.9355037,170.4140248298645,1723528384.0025475,-0.06704378128051758,27.77036972640946,2.6006345363926835,0.0,1.0033482546123365,12.445713999999999,-1.0125300000000002,-0.104891,0.1605068583,15.32465572640946,3.6131645363926834,0.104891,0.8428413963123365,48.291254807610066,15.745190796617901
1723528384.0354972,170.51401829719543,1723528384.0025475,0.03294968605041504,27.93466065571593,2.779479956626344,0.0,1.0185153648631768,12.445713999999999,-1.0125300000000002,-0.104891,0.1605068583,15.488946655715932,3.7920099566263445,0.104891,0.8580085065631768,49.16026621239283,15.946717848405298
1723528384.1354926,170.614013671875,1723528384.111952,0.023540496826171875,28.075294420931474,2.9460687867348665,0.0,1.0326714010158549,12.697428,-1.030153,-0.095982,0.1608029873,15.377866420931474,3.9762217867348664,0.095982,0.8718684137158549,49.95438039668446,15.883901532735614
1723528384.2354856,170.71400666236877,1723528384.21531,0.020175457000732422,28.225280975253007,3.1236717575285726,0.0,1.047839337212651,12.953543999999999,-1.0379720000000001,-0.103946,0.1621600064,15.271736975253008,4.161643757528573,0.103946,0.8856793308126512,50.74568765753596,15.828961866679775
1723528384.3354826,170.8140037059784,1723528384.3207238,0.014758825302124023,28.374692726234045,3.293518587275059,0.0,1.0616038512915535,13.209704,-1.056286,-0.106442,0.1639013065,15.164988726234045,4.3498045872750595,0.106442,0.8977025447915535,51.43456707470976,15.776850538483554
1723528384.435476,170.91399717330933,1723528384.4218955,0.013580560684204102,28.52179293368165,3.4521226544689627,0.0,1.075896767570734,13.45499,-1.066799,-0.097287,0.1653150336,15.066802933681648,4.518921654468963,0.097287,0.910581733970734,52.17249025822736,15.730183353095267
1723528384.5354717,171.01399278640747,1723528384.5460212,-0.010549545288085938,28.662170276254585,3.626679648413133,0.0,1.0911950451379029,13.705491,-1.068936,-0.093931,0.16832587940000002,14.956679276254585,4.695615648413133,0.093931,0.9228691657379029,52.87650823954111,15.676730664367703
1723528384.6354651,171.1139862537384,1723528384.651353,-0.015887737274169922,28.809350828218825,3.7800493490667333,0.0,1.1048203797378688,13.939732,-1.0735210000000002,-0.103352,0.1729039842,14.869618828218826,4.853570349066733,0.103352,0.9319163955378689,53.39487632336415,15.642039216987136
1723528384.7354605,171.21398162841797,1723528384.7720718,-0.036611318588256836,28.947351644862234,3.9549080108389765,0.0,1.12094800720603,14.179929,-1.0818,-0.096091,0.17555500400000001,14.767422644862235,5.036708010838977,0.096091,0.94539300320603,54.167029064903424,15.603026393578922
1723528384.835454,171.3139750957489,1723528384.8845482,-0.049094200134277344,29.067072709363952,4.127731834060895,0.0,1.1353540540500369,14.414757,-1.0958240000000001,-0.092802,0.1802976503,14.652315709363952,5.223555834060895,0.092802,0.9550564037500369,54.72070113181944,15.555851098851173
1723528384.9254494,171.4039704799652,1723528384.8845482,0.04090118408203125,29.17699328616889,4.320788703883533,0.0,1.1487796779480464,14.414757,-1.0958240000000001,-0.092802,0.1802976503,14.762236286168891,5.416612703883533,0.092802,0.9684820276480464,55.489932718505365,15.724882370426748
1723528385.035443,171.51396417617798,1723528385.0122795,0.023163557052612305,29.286630965834302,4.502795522269029,0.0,1.1633584054094914,14.6548,-1.100621,-0.087849,0.1845267464,14.631830965834302,5.603416522269029,0.087849,0.9788316590094914,56.0829229150324,15.668327019231699
1723528385.1654384,171.64395952224731,1723528385.1338289,0.031609535217285156,29.402952495125124,4.691775427170936,0.0,1.1758196663074745,14.887743,-1.094324,-0.09380699999999999,0.189198119,14.515209495125124,5.786099427170936,0.09380699999999999,0.9866215473074744,56.529250637385175,15.626229648310158
1723528385.2654316,171.74395275115967,1723528385.223644,0.04178762435913086,29.516536831840117,4.881315279391372,0.0,1.1866058835125024,15.126916,-1.104366,-0.083117,0.1943770675,14.389620831840118,5.985681279391372,0.083117,0.9922288160125023,56.85052346877906,15.585136396524492
1723528385.335427,171.81394815444946,1723528385.3244517,0.010975360870361328,29.635375687443762,5.0651752961436,0.0,1.1962868913647444,15.372951,-1.097066,-0.08380699999999999,0.1997636512,14.262424687443762,6.1622412961436,0.08380699999999999,0.9965232401647444,57.096575848141576,15.536955923544092
1723528385.4354203,171.91394138336182,1723528385.4489224,-0.013502120971679688,29.75412446837876,5.244634721298814,0.0,1.2045165543854912,15.604856,-1.1011650000000002,-0.091261,0.20682252610000001,14.149268468378759,6.345799721298814,0.091261,0.9976940282854911,57.16365706616442,15.507395037955746
1723528385.5654156,172.04393672943115,1723528385.5865538,-0.02113819122314453,29.870544122623794,5.424881977408607,0.0,1.2102345721869447,15.852668,-1.105018,-0.073962,0.2129087233,14.017876122623795,6.529899977408607,0.073962,0.9973258488869448,57.14256194052405,15.464343344663272
1723528385.6654088,172.1439299583435,1723528385.6959875,-0.03057861328125,29.977847334589477,5.623306742267378,0.0,1.2133842354523188,16.093787000000003,-1.098306,-0.085919,0.22094332120000001,13.884060334589474,6.721612742267378,0.085919,0.9924409142523187,56.862675802762695,15.425776846113552
1723528385.7654042,172.24392533302307,1723528385.7937365,-0.028332233428955078,30.093294081224485,5.812593577512815,0.0,1.213336088148302,16.338869000000003,-1.087496,-0.098076,0.2298946688,13.754425081224483,6.900089577512815,0.098076,0.983441419348302,56.34704272701304,15.388471801790265
1723528385.8653975,172.34391856193542,1723528385.8837266,-0.018329143524169922,30.220409779689096,5.985391214516154,0.0,1.2105694754555267,16.576339,-1.070527,-0.094328,0.2393715971,13.644070779689095,7.055918214516154,0.094328,0.9711978783555267,55.64553950183161,15.360844607725534
1723528385.965393,172.44391417503357,1723528385.9904633,-0.0250701904296875,30.34998185717816,6.164518645870425,0.0,1.208958060567511,16.806056,-1.050329,-0.09534799999999999,0.24819884150000002,13.54392585717816,7.2148476458704245,0.09534799999999999,0.9607592190675109,55.04744838085327,15.346043314775478
1723528386.0653868,172.54390788078308,1723528386.0606947,0.00469207763671875,30.47282553041938,6.340164318071614,0.0,1.2090996065148305,17.283879000000002,-1.017111,-0.08594299999999999,0.26894267829999996,13.18894653041938,7.357275318071614,0.08594299999999999,0.9401569282148305,53.867024066693695,15.102489757898072
1723528386.1653821,172.64390325546265,1723528386.0606947,0.10468745231628418,30.59960749706516,6.5188333619742425,0.0,1.2065706574612207,17.283879000000002,-1.017111,-0.08594299999999999,0.26894267829999996,13.315728497065159,7.535944361974242,0.08594299999999999,0.9376279791612208,53.72212595931825,15.300538194245767
1723528386.2653754,172.743896484375,1723528386.3058817,-0.04050636291503906,30.709716923935414,6.707511366430784,0.0,1.2068160711155995,17.531944000000003,-0.9918739999999999,-0.082786,0.2789507198999999,13.17777292393541,7.699385366430784,0.082786,0.9278653512155997,53.162768581077685,15.262407666466313
1723528386.3653712,172.84389233589172,1723528386.3058817,0.05948948860168457,30.817095198956583,6.885768490331513,0.0,1.2063035863724767,17.531944000000003,-0.9918739999999999,-0.082786,0.2789507198999999,13.28515119895658,7.877642490331513,0.082786,0.9273528664724768,53.133405368231905,15.445366525479734
1723528386.4653647,172.94388580322266,1723528386.4257162,0.03964853286743164,30.92407077432088,7.075508292980398,0.0,1.2054204802099013,17.763732,-0.976691,-0.076137,0.28808913669999997,13.16033877432088,8.052199292980399,0.076137,0.9173313435099013,52.55921439818289,15.428487513412863
1723528386.56536,173.04388117790222,1723528386.5103323,0.05502772331237793,31.027231114034166,7.272118518508786,0.0,1.2050523016088217,17.991932000000002,-0.9581069999999999,-0.080595,0.29886076619999996,13.035299114034164,8.230225518508785,0.080595,0.9061915354088217,51.92095040940538,15.416294322303205
1723528386.6653538,173.14387488365173,1723528386.646309,0.019044876098632812,31.140747665851414,7.451678336753422,0.0,1.2044213273618514,18.219351,-0.9450419999999999,-0.066758,0.308119315,12.921396665851415,8.396720336753422,0.066758,0.8963020123618514,51.35432247741662,15.410122025489887
1723528386.7553492,173.23387026786804,1723528386.7341373,0.021211862564086914,31.26528442024238,7.62354851879821,0.0,1.2047681956888772,18.433324000000002,-0.9100459999999999,-0.070019,0.3188019015,12.831960420242378,8.53359451879821,0.070019,0.8859662941888772,50.76212944786854,15.410592016476553
1723528386.8653424,173.34386348724365,1723528386.8499613,0.015381097793579102,31.394014303377837,7.799150555593885,0.0,1.204372970289481,18.664577,-0.8740939999999999,-0.068391,0.33089068099999996,12.729437303377836,8.673244555593884,0.068391,0.873482289289481,50.046848655712495,15.403519809142557
1723528386.9653385,173.44385957717896,1723528386.9526248,0.01271367073059082,31.526053375500748,7.9636447960651955,0.0,1.2043902094302572,18.884955,-0.846444,-0.071573,0.34224546679999995,12.641098375500746,8.810088796065195,0.071573,0.8621447426302573,49.39725508210633,15.408444289673442
1723528387.0653317,173.5438528060913,1723528387.0703635,-0.0050318241119384766,31.648962689456237,8.131540404337137,0.0,1.2043293616289334,19.106399,-0.8140139999999999,-0.07536699999999999,0.3542255503999999,12.542563689456237,8.945554404337138,0.07536699999999999,0.8501038112289335,48.70736053140393,15.40598999382093
1723528387.165327,173.64384818077087,1723528387.1764147,-0.011087656021118164,31.76987127569196,8.310841281148843,0.0,1.2049320533439554,19.319534,-0.7840729999999999,-0.06547599999999999,0.3644030033,12.450337275691957,9.094914281148842,0.06547599999999999,0.8405290500439554,48.158767125659004,15.418581360375077
1723528387.2653208,173.74384188652039,1723528387.2934372,-0.028116464614868164,31.883680276837435,8.498997880677203,0.0,1.2040729270312287,19.544320000000003,-0.732497,-0.060493,0.3765274131,12.339360276837432,9.231494880677204,0.060493,0.8275455139312287,47.41486530324407,15.410514890055165
1723528387.3653166,173.8438377380371,1723528387.4267097,-0.061393022537231445,31.994050496337174,8.686195437023953,0.0,1.204770918577406,19.751273,-0.6810769999999999,-0.06438899999999999,0.3876808556,12.242777496337172,9.367272437023953,0.06438899999999999,0.817090062977406,46.815812090684005,15.415431868020097
1723528387.4653099,173.94383096694946,1723528387.4267097,0.03860020637512207,32.11229229489905,8.873140543590251,0.0,1.2056871810421432,19.751273,-0.6810769999999999,-0.06438899999999999,0.3876808556,12.361019294899048,9.554217543590251,0.06438899999999999,0.8180063254421432,46.868310062839704,15.623124425749008
1723528387.565305,174.04382610321045,1723528387.545056,0.020248889923095703,32.220070920195944,9.049562570897677,0.0,1.2057927202109742,19.96618,-0.642021,-0.062432,0.4003161802,12.253890920195943,9.691583570897677,0.062432,0.8054765400109742,46.15040623942921,15.623332952682611
1723528387.6652987,174.14381980895996,1723528387.6358268,0.029471874237060547,32.33510338414157,9.232711354392878,0.0,1.207431010124158,20.180220000000002,-0.610178,-0.059029,0.4121543257,12.154883384141566,9.842889354392877,0.059029,0.7952766844241581,45.565997562661714,15.640560902593693
1723528387.7652943,174.2438154220581,1723528387.7530425,0.012251853942871094,32.44687612200591,9.414948635996554,0.0,1.2091902854360512,20.404492,-0.5631999999999999,-0.064395,0.424381205,12.04238412200591,9.978148635996554,0.064395,0.7848090804360512,44.96624803252888,15.63926508055941
1723528387.8652883,174.3438093662262,1723528387.856195,0.009093284606933594,32.570978207770196,9.599123678923318,0.0,1.213067325318949,20.623581,-0.501177,-0.07338399999999999,0.43674815759999996,11.947397207770194,10.100300678923318,0.07338399999999999,0.776319167718949,44.47981186540448,15.644863663718834
1723528387.9652839,174.44380497932434,1723528387.971771,-0.006487131118774414,32.68521691419289,9.770601842348757,0.0,1.2153675895505351,20.837526,-0.433575,-0.085723,0.449400614,11.847690914192892,10.204176842348756,0.085723,0.7659669755505352,43.88667494544598,15.636507073541216
1723528388.0652778,174.54379892349243,1723528388.0961814,-0.03090357780456543,32.81928758325962,9.951204010045187,0.0,1.2180261871636278,21.059961,-0.38369400000000004,-0.07700399999999999,0.4623579952,11.759326583259622,10.334898010045187,0.07700399999999999,0.7556681919636278,43.296598111797586,15.655599898624402
1723528388.1652734,174.64379453659058,1723528388.2045643,-0.0392909049987793,32.96143647029687,10.148716819953874,0.0,1.221492054714325,21.277977,-0.305222,-0.082437,0.4755751634,11.683459470296867,10.453938819953875,0.082437,0.745916891314325,42.737889739829356,15.677846086257423
1723528388.2652671,174.7437882423401,1723528388.2045643,0.06070280075073242,33.078936047190844,10.325713189269498,0.0,1.2242167940732676,21.277977,-0.305222,-0.082437,0.4755751634,11.800959047190844,10.630935189269499,0.082437,0.7486416306732676,42.89400580536995,15.883520179446776
1723528388.3652625,174.84378361701965,1723528388.335843,0.029419422149658203,33.17143611980659,10.497014032648035,0.0,1.2284671616929046,21.497166,-0.23533500000000002,-0.09090899999999999,0.4916721783,11.674270119806593,10.732349032648035,0.09090899999999999,0.7367949833929045,42.215242914825005,15.858126088383559
1723528388.4652565,174.94377756118774,1723528388.420339,0.04491734504699707,33.26714683735155,10.671442353370859,0.0,1.232144540127684,21.704153,-0.169401,-0.09894199999999999,0.5049058277,11.562993837351545,10.84084335337086,0.09894199999999999,0.727238712427684,41.66770892063447,15.850441653604449
1723528388.565252,175.0437731742859,1723528388.545237,0.02001500129699707,33.36672392675862,10.845631506679034,0.0,1.236583301256755,21.904009000000002,-0.114503,-0.083978,0.5188916433,11.462714926758615,10.960134506679033,0.083978,0.717691657956755,41.12070299266873,15.859553404844513
1723528388.6652458,175.1437668800354,1723528388.635773,0.029472827911376953,33.46619149749386,11.022338602333223,0.0,1.2406984899049929,22.119343,-0.035782,-0.088777,0.5329106817,11.346848497493859,11.058120602333222,0.088777,0.7077878082049929,40.55325420096107,15.844269735035255
1723528388.7652411,175.24376225471497,1723528388.727914,0.03732705116271973,33.5800537521655,11.203488840287706,0.0,1.2465237462561998,22.321093,0.051178,-0.08766399999999999,0.5468245702000001,11.258960752165496,11.152310840287706,0.08766399999999999,0.6996991760561997,40.08980971680139,15.847584020099017
1723528388.8652346,175.3437557220459,1723528388.8152177,0.05001688003540039,33.68734516287118,11.382457150215606,0.0,1.2512704005428414,22.529564,0.1213,-0.09951299999999999,0.5609695246000002,11.157781162871181,11.261157150215606,0.09951299999999999,0.6903008759428413,39.551326785708625,15.853064173135238
1723528388.9652307,175.4437518119812,1723528388.9270632,0.038167476654052734,33.780633876116994,11.575104211027247,0.0,1.2561959359540493,22.725159,0.19533599999999998,-0.101962,0.5754690593,11.055474876116993,11.379768211027248,0.101962,0.6807268766540493,39.002777033399596,15.866097362697746
1723528389.0652242,175.54374527931213,1723528389.0278769,0.03734731674194336,33.8789155644208,11.75958651123045,0.0,1.2606983171993313,22.928678,0.286165,-0.10328799999999999,0.5909959735,10.9502375644208,11.47342151123045,0.10328799999999999,0.6697023436993313,38.37111782399136,15.860572886959726
1723528389.19522,175.67374110221863,1723528389.2358534,-0.040633440017700195,33.968992009956985,11.940308006301175,0.0,1.266175726160517,23.335182,0.492975,-0.11136599999999999,0.6227154156,10.633810009956985,11.447333006301175,0.11136599999999999,0.6434603105605171,36.86756007929487,15.62471601889038
1723528389.2952137,175.77373480796814,1723528389.340579,-0.045365333557128906,34.080047565094596,12.122010483223654,0.0,1.269977696452438,23.544467,0.573044,-0.119014,0.639195234,10.535580565094595,11.548966483223655,0.119014,0.6307824624524382,36.14117288939403,15.633017911024675
1723528389.3952093,175.87373042106628,1723528389.340579,0.054630279541015625,34.179109094967735,12.299284339567631,0.0,1.2750721388535788,23.544467,0.573044,-0.119014,0.639195234,10.634642094967734,11.726240339567632,0.119014,0.6358769048535788,36.43306293795188,15.830808233364428
1723528389.4952033,175.97372436523438,1723528389.4523926,0.042810678482055664,34.2775230833756,12.496547680274473,0.0,1.2805428155322032,23.745098000000002,0.660528,-0.11906499999999999,0.6550572344000001,10.532425083375596,11.836019680274473,0.11906499999999999,0.6254855811322031,35.83768394516287,15.844163483219589
1723528389.5951989,176.07371997833252,1723528389.5387084,0.056490421295166016,34.39162748077083,12.689654849949287,0.0,1.2845833280032715,23.938629000000002,0.763175,-0.116071,0.6710343577000001,10.452998480770827,11.926479849949287,0.116071,0.6135489703032714,35.153766522974934,15.859368566474663
1723528389.6951923,176.17371344566345,1723528389.6805217,0.014670610427856445,34.496713484600555,12.861467471104891,0.0,1.2885720317139988,24.136656000000002,0.883139,-0.119491,0.6874210092,10.360057484600553,11.978328471104891,0.119491,0.6011510225139988,34.44341644002606,15.837468931145247
1723528389.7951882,176.27370929718018,1723528389.7695537,0.0256345272064209,34.601014444290676,13.036877392587616,0.0,1.2926036909075946,24.326947,0.999348,-0.12328,0.7033541608,10.274067444290676,12.037529392587617,0.12328,0.5892495301075946,33.76151115523211,15.826363248884576
1723528389.8951814,176.37370252609253,1723528389.8758001,0.019381284713745117,34.688035896785856,13.222482227782262,0.0,1.2973400701122433,24.50298,1.115696,-0.13178,0.7200532052,10.185055896785855,12.106786227782262,0.13178,0.5772868649122432,33.07610092781043,15.821725644008321
1723528389.9951768,176.4736979007721,1723528389.9635432,0.031633615493774414,34.7767085322494,13.411965152842768,0.0,1.301794135348132,24.690517,1.241789,-0.147821,0.7363756281,10.086191532249401,12.170176152842767,0.147821,0.5654185072481319,32.39609412390511,15.807159715283555
1723528390.0951705,176.5736916065216,1723528390.0743182,0.020852327346801758,34.86210134403328,13.6032631359393,0.0,1.3045473341261726,24.878167,1.366217,-0.149064,0.7530791616,9.983934344033276,12.2370461359393,0.149064,0.5514681725261726,31.59679882154203,15.793874230066862
1723528390.195166,176.67368721961975,1723528390.180398,0.014768123626708984,34.95234828287211,13.78586864633609,0.0,1.3097975725620943,25.077399,1.4975349999999998,-0.161906,0.7698275460000001,9.874949282872109,12.28833364633609,0.161906,0.5399700265620941,30.93800358557495,15.765277691680792
1723528390.29516,176.77368116378784,1723528390.2792304,0.015929698944091797,35.05562614370775,13.970607420425198,0.0,1.3143252266144003,25.274554000000002,1.627707,-0.16096,0.7874467823,9.781072143707746,12.342900420425199,0.16096,0.5268784443144003,30.187911175633705,15.749364151944299
1723528390.395156,176.87367701530457,1723528390.3925073,0.002648591995239258,35.14893399392612,14.148722798741574,0.0,1.3173713151983515,25.446728,1.748983,-0.158625,0.8039023214000001,9.702205993926121,12.399739798741575,0.158625,0.5134689937983514,29.419606255474577,15.74520594072039
1723528390.4951494,176.9736704826355,1723528390.48212,0.013029336929321289,35.237734928098035,14.337253005261307,0.0,1.3237428619340106,25.632147,1.872465,-0.152028,0.8202399161,9.605587928098036,12.464788005261306,0.152028,0.5035029458340106,28.8485937686929,15.737260624813736
1723528390.5951452,177.07366633415222,1723528390.577397,0.017748117446899414,35.31434304281237,14.515377229549042,0.0,1.3280910219974391,25.808988000000003,2.014097,-0.159695,0.8369194261,9.505355042812365,12.501280229549042,0.159695,0.4911715958974391,28.14205946162844,15.705390296349124
1723528390.695139,177.17366003990173,1723528390.7163079,-0.021168947219848633,35.39741582252384,14.699548381990159,0.0,1.3345116405974284,25.975249,2.154866,-0.16965,0.8520749723000001,9.422166822523838,12.544682381990159,0.16965,0.4824366682974284,27.64158497579549,15.689967011405194
1723528390.7951365,177.2736575603485,1723528390.8536289,-0.058492422103881836,35.47756685095359,14.880709167854935,0.0,1.3388598077133196,26.157359000000003,2.292246,-0.169425,0.8683585384,9.32020785095359,12.588463167854934,0.169425,0.4705012693133196,26.957736987201326,15.664111342302258
1723528390.8951302,177.37365126609802,1723528390.8536289,0.04150128364562988,35.58578437065565,15.067855158647765,0.0,1.3456341507534848,26.157359000000003,2.292246,-0.169425,0.8683585384,9.42842537065565,12.775609158647764,0.169425,0.4772756123534848,27.345878252376615,15.878919962490293
1723528390.9951262,177.47364735603333,1723528390.9635127,0.03161358833312988,35.676440226996874,15.257156898311843,0.0,1.3521301879948595,26.329289000000003,2.437475,-0.17030199999999998,0.8847220207000001,9.347151226996871,12.819681898311842,0.17030199999999998,0.46740816729485946,26.780515295940162,15.866394763948659
1723528391.0951197,177.57364082336426,1723528391.0867531,0.008366584777832031,35.76157576632062,15.448376632628433,0.0,1.3585205318853326,26.491018,2.5730530000000003,-0.18104699999999999,0.9010141016000001,9.270557766320618,12.875323632628433,0.18104699999999999,0.45750643028533255,26.21318755544578,15.866630958077293
1723528391.2051156,177.68363666534424,1723528391.2141917,-0.009076118469238281,35.82578802946842,15.635842595066965,0.0,1.3654785904761804,26.666463,2.724507,-0.190461,0.9166160249,9.15932502946842,12.911335595066966,0.190461,0.4488625655761803,25.71793058892928,15.831364351704211
1723528391.3051097,177.7836308479309,1723528391.3150005,-0.00989079475402832,35.9043524487321,15.823371879082986,0.0,1.3731914751298768,26.831471,2.874139,-0.182732,0.9338384657000001,9.072881448732097,12.949232879082986,0.182732,0.43935300942987676,25.1730731567034,15.812438171366708
1723528391.3951056,177.87362670898438,1723528391.4311433,-0.03603768348693848,35.96172889963307,16.004748878464934,0.0,1.3798888367110953,26.997747,3.0250380000000003,-0.18753,0.9499560655,8.963981899633072,12.979710878464934,0.18753,0.42993277121109524,24.63333326475938,15.775329901031872
1723528391.4950995,177.97362065315247,1723528391.540861,-0.0457613468170166,36.02109377048332,16.192619319513256,0.0,1.3875475368038017,27.169118,3.1913720000000003,-0.181894,0.966733724,8.851975770483318,13.001247319513254,0.181894,0.4208138128038017,24.11085543446612,15.7296850677822
1723528391.6050954,178.08361649513245,1723528391.6657934,-0.06069803237915039,36.107593948584125,16.379968642191702,0.0,1.3964226577533774,27.333329000000003,3.3407910000000003,-0.179272,0.9832300469,8.774264948584122,13.039177642191703,0.179272,0.41319261085337733,23.674192727889935,15.71750671775164
1723528391.695089,178.1736102104187,1723528391.6657934,0.029295682907104492,36.185289212903875,16.575633681353477,0.0,1.404486956807351,27.333329000000003,3.3407910000000003,-0.179272,0.9832300469,8.851960212903872,13.234842681353477,0.179272,0.421256909907351,24.136243028413965,15.923265960882299
1723528391.795085,178.27360606193542,1723528391.7685559,0.02652907371520996,36.26774100283435,16.767204944070578,0.0,1.4161647703392735,27.485718000000002,3.5116780000000003,-0.178617,0.9985764385,8.782023002834347,13.255526944070578,0.178617,0.41758833183927346,23.926048988298867,15.901724014080413
1723528391.8950791,178.3736002445221,1723528391.964988,-0.06990885734558105,36.33468178698768,16.96929922366122,0.0,1.4272280515834188,27.641730000000003,3.675252,-0.180866,1.0158194440000001,8.692951786987678,13.29404722366122,0.180866,0.4114086075834187,23.571976869883766,15.884955614221365
1723528391.995075,178.47359609603882,1723528391.964988,0.030086994171142578,36.402717320165465,17.176442168357166,0.0,1.4399210845225887,27.641730000000003,3.675252,-0.180866,1.0158194440000001,8.760987320165462,13.501190168357166,0.180866,0.42410164052258864,24.299234086518737,16.095643736620172
1723528392.0950685,178.57358956336975,1723528392.081525,0.013543367385864258,36.47634978858706,17.37031806992085,0.0,1.4511141726054602,27.796848,3.850727,-0.187893,1.0309490279,8.679501788587057,13.51959106992085,0.187893,0.4201651447054602,24.073689490126377,16.06699716111939
1723528392.1950645,178.67358565330505,1723528392.1918848,0.003179788589477539,36.530543601665094,17.562637520046145,0.0,1.4617859930766448,27.945986,4.017197,-0.182424,1.0455234199,8.584557601665093,13.545440520046146,0.182424,0.4162625731766447,23.850088612277332,16.037670236483535
1723528392.2950583,178.77357935905457,1723528392.3016386,-0.006580352783203125,36.58340708981244,17.76464263129178,0.0,1.4750945409672926,28.084499,4.179754,-0.188573,1.0601700277000001,8.498908089812439,13.58488863129178,0.188573,0.4149245132672925,23.773423426735793,16.025485877813782
1723528392.3950546,178.87357568740845,1723528392.4433646,-0.048310041427612305,36.63321119945819,17.968724205315425,0.0,1.4880420495186906,28.214833000000002,4.35644,-0.187365,1.0742579882,8.418378199458186,13.612284205315426,0.187365,0.4137840613186905,23.708080343343426,16.006201249472582
1723528392.4950483,178.97356939315796,1723528392.4433646,0.051683664321899414,36.68847003089665,18.171685941163542,0.0,1.5026135704616819,28.214833000000002,4.35644,-0.187365,1.0742579882,8.47363703089665,13.815245941163543,0.187365,0.4283555822616818,24.542966994463317,16.207981076909107
1723528392.5950441,179.07356524467468,1723528392.5549433,0.040100812911987305,36.74274464991343,18.365329054041553,0.0,1.5182032144923208,28.359992000000002,4.533448,-0.193606,1.0899543121,8.382752649913431,13.831881054041553,0.193606,0.42824890239232083,24.536854688189926,16.174948493458032
1723528392.695038,179.17355918884277,1723528392.6812367,0.013801336288452148,36.78850741946278,18.56957890440679,0.0,1.5351225274719587,28.507178,4.721687,-0.191186,1.1028265506000001,8.281329419462782,13.84789190440679,0.191186,0.43229597687195853,24.76873497524827,16.136327935326268
1723528392.835028,179.31354904174805,1723528392.791877,0.043150901794433594,36.83929396388715,18.770070197014274,0.0,1.5543290151933,28.639625000000002,4.884964,-0.19658899999999999,1.1182431747000001,8.199668963887149,13.885106197014274,0.19658899999999999,0.4360858404932999,24.9858781656813,16.12666712171549
1723528392.9350238,179.41354489326477,1723528392.9021719,0.0328519344329834,36.8937224808511,18.965362879301143,0.0,1.572623088501387,28.769117,5.054991,-0.197122,1.1322965344,8.124605480851102,13.910371879301142,0.197122,0.440326554101387,25.228853157548382,16.1104474525946
1723528392.9950237,179.4735448360443,1723528393.044557,-0.04953336715698242,36.921952908515905,19.158951955033352,0.0,1.5934128765091824,28.894424,5.226612,-0.189394,1.1473036195,8.027528908515905,13.932339955033353,0.189394,0.44610925700918247,25.560177628343094,16.08064635165245
1723528393.1350136,179.61353468894958,1723528393.145527,-0.0105133056640625,36.954113188676196,19.363774978604464,0.0,1.6173265961904948,29.016774,5.417054,-0.200542,1.1624495511,7.937339188676194,13.946720978604464,0.200542,0.45487704509049487,26.0625348810674,16.048445299931853
1723528393.2350073,179.7135283946991,1723528393.2496529,-0.014645576477050781,36.95118918120429,19.566510677262603,0.0,1.6414413135582737,29.142954000000003,5.587977,-0.206099,1.1770226799,7.808235181204289,13.978533677262602,0.206099,0.4644186336582736,26.609227635851397,16.012820401452146
1723528393.3350034,179.8135244846344,1723528393.3591073,-0.024103879928588867,36.97450475845139,19.775990512463736,0.0,1.6667576899325025,29.257900000000003,5.777237,-0.219003,1.1904017054,7.7166047584513855,13.998753512463736,0.219003,0.47635598453250244,27.293187459511515,15.986214411638528
1723528393.4349973,179.9135184288025,1723528393.4700613,-0.035063982009887695,36.98728640372531,19.97279777470492,0.0,1.691455643190201,29.377689,5.981739,-0.220003,1.2032814013,7.6095974037253065,13.991058774704918,0.220003,0.4881742418902011,27.97032372730708,15.928091524223465
1723528393.5349932,180.0135142803192,1723528393.4700613,0.06493186950683594,36.99703176553519,20.168381209546077,0.0,1.7174951203449635,29.377689,5.981739,-0.220003,1.2032814013,7.61934276553519,14.186642209546076,0.220003,0.5142137190449636,29.462275869002294,16.104769563095175
1723528393.634987,180.1135082244873,1723528393.6052327,0.0297544002532959,36.99418201725775,20.35784639990527,0.0,1.7436222475122758,29.493619000000002,6.1743120000000005,-0.226791,1.2134973515,7.500563017257747,14.18353439990527,0.226791,0.5301248960122757,30.373919156315047,16.046262113240946
1723528393.734983,180.21350407600403,1723528393.729761,0.0052220821380615234,37.01831917894044,20.554867943803753,0.0,1.7696583782785282,29.589831,6.361651,-0.224426,1.2219342233000001,7.428488178940437,14.193216943803753,0.224426,0.547724154978528,31.382282417639072,16.02124248827199
1723528393.8349767,180.31349778175354,1723528393.8939462,-0.05896949768066406,37.01155721039903,20.75982078349052,0.0,1.7969683768297653,29.706529,6.536903000000001,-0.222236,1.2295255127,7.305028210399033,14.222917783490521,0.222236,0.5674428641297653,32.51208122945096,15.990754086982658
1723528393.9349728,180.41349387168884,1723528393.8939462,0.04102659225463867,36.97510301664223,20.981218172381514,0.0,1.826447795649439,29.706529,6.536903000000001,-0.222236,1.2295255127,7.26857401664223,14.444315172381513,0.222236,0.5969222829494389,34.201127510316795,16.17157375997133
1723528394.034967,180.5134880542755,1723528394.0126483,0.022318601608276367,36.90979151258372,21.17835622422226,0.0,1.8535299909119347,29.801930000000002,6.724087,-0.221469,1.2354180199,7.107861512583721,14.454269224222259,0.221469,0.6181119710119347,35.41520720549654,16.10889948464291
1723528394.134963,180.61348414421082,1723528394.1333396,0.001623392105102539,36.87124520191134,21.36588197522656,0.0,1.8791310918469082,29.907134000000003,6.919948,-0.23246899999999998,1.2381030552,6.96411120191134,14.445933975226561,0.23246899999999998,0.6410280366469082,36.72820104942531,16.038637569480553
1723528394.2349575,180.71347856521606,1723528394.2342448,0.0007126331329345703,36.84499766594579,21.53950377424403,0.0,1.9083492875138113,30.017724,7.108312,-0.230767,1.2379649912000001,6.827273665945789,14.431191774244029,0.230767,0.6703842963138111,38.41019083062897,15.966346330423075
1723528394.3349538,180.81347489356995,1723528394.3460548,-0.011101007461547852,36.81576344405121,21.71956885934255,0.0,1.9367106176798565,30.139611000000002,7.28265,-0.23185799999999998,1.2370913218000001,6.676152444051205,14.436918859342551,0.23185799999999998,0.6996192958798564,40.085232919830155,15.90752638657612
1723528394.4349482,180.9134693145752,1723528394.4574432,-0.022495031356811523,36.78989026020648,21.901333755379056,0.0,1.9638612078089146,30.257087000000002,7.4778080000000005,-0.224389,1.2352266374,6.5328032602064745,14.423525755379057,0.224389,0.7286345704089146,41.747685691758626,15.835591686955317
1723528394.5349443,181.0134654045105,1723528394.5801225,-0.04517817497253418,36.75962731717753,22.08534204194542,0.0,1.9904948094446795,30.368866,7.6693690000000005,-0.233446,1.2354847877000001,6.390761317177532,14.41597304194542,0.233446,0.7550100217446793,43.25888773605064,15.770751598898064
1723528394.6349382,181.1134593486786,1723528394.5801225,0.05481576919555664,36.705905706478596,22.26131318834917,0.0,2.01852072861076,30.368866,7.6693690000000005,-0.233446,1.2354847877000001,6.3370397064785955,14.59194418834917,0.233446,0.7830359409107597,44.86465462124185,15.910292406876106
1723528394.7349343,181.2134554386139,1723528394.6934621,0.04147219657897949,36.68089416573558,22.43557092424448,0.0,2.0496258139418195,30.484138,7.856382,-0.23505399999999999,1.2331829351,6.196756165735579,14.57918892424448,0.23505399999999999,0.8164428788418194,46.77873117114707,15.843225272945874
1723528394.8249283,181.30344939231873,1723528394.8102832,0.014645099639892578,36.628922617782976,22.610848419022563,0.0,2.0731375195709614,30.593733,8.035654,-0.244964,1.2327749846,6.035189617782976,14.575194419022564,0.244964,0.8403625349709614,48.149226514751135,15.777192824967246
1723528394.9349244,181.41344547271729,1723528394.946682,-0.011757612228393555,36.57281275528674,22.77264980856958,0.0,2.097714333469961,30.701125,8.23184,-0.243339,1.2321982271,5.8716877552867395,14.540809808569579,0.243339,0.8655161063699608,49.59041999559478,15.683465205543655
1723528395.0349183,181.51343941688538,1723528395.0494912,-0.014572858810424805,36.475179729654165,22.92496999173089,0.0,2.1245220010842303,30.802314000000003,8.418406999999998,-0.247309,1.2319332047,5.672865729654163,14.506562991730892,0.247309,0.8925887963842303,51.14157087347839,15.578284153308475
1723528395.1349146,181.61343574523926,1723528395.1799886,-0.0450739860534668,36.38286318979417,23.079407188563305,0.0,2.149510815102092,30.922377,8.602872,-0.25506900000000005,1.2314168659,5.460486189794171,14.476535188563306,0.25506900000000005,0.9180939492020919,52.60290848577806,15.47423796797133
1723528395.2349088,181.71342992782593,1723528395.1799886,0.054920196533203125,36.293231748114884,23.23161942987876,0.0,2.172296060127234,30.922377,8.602872,-0.25506900000000005,1.2314168659,5.370854748114883,14.628747429878759,0.25506900000000005,0.9408791942272341,53.90840686089016,15.585614915276638
1723528395.3349051,181.8134262561798,1723528395.3111908,0.023714303970336914,36.201779596982306,23.391277560078485,0.0,2.2004021379118406,31.037264,8.783347,-0.26374600000000004,1.232276289,5.164515596982305,14.607930560078486,0.26374600000000004,0.9681258489118405,55.46952518016846,15.496238851800925
1723528395.4348996,181.91342067718506,1723528395.4488726,-0.013972997665405273,36.131244289033766,23.552600649881924,0.0,2.2267388616070107,31.144462,8.943741999999999,-0.25811900000000004,1.2308385851,4.986782289033766,14.608858649881926,0.25811900000000004,0.9959002765070106,57.0608826597634,15.438697291825234
1723528395.5348957,182.01341676712036,1723528395.5682783,-0.03338265419006348,36.063653472854305,23.72831311459296,0.0,2.2530364855686953,31.255319,9.112471,-0.25031600000000004,1.2300902284,4.808334472854305,14.615842114592962,0.25031600000000004,1.0229462571686954,58.610503204470376,15.388488529462675
1723528395.6348903,182.1134114265442,1723528395.5682783,0.06661200523376465,35.978820250765274,23.896849649072273,0.0,2.2802053638671236,31.255319,9.112471,-0.25031600000000004,1.2300902284,4.723501250765274,14.784378649072274,0.25031600000000004,1.0501151354671237,60.16716526507489,15.522627812486558
1723528395.7248871,182.20340824127197,1723528395.7020245,0.022862672805786133,35.8964110626542,24.06370712965871,0.0,2.3086278287763093,31.375551,9.293519,-0.24267,1.2302445622,4.520860062654201,14.77018812965871,0.24267,1.0783832665763093,61.7868098723537,15.448479595756755
1723528395.8348818,182.31340289115906,1723528395.821748,0.013133764266967773,35.80904658553826,24.201717865216445,0.0,2.3321182325584298,31.498597,9.476130999999999,-0.259824,1.2305668857,4.310449585538262,14.725586865216446,0.259824,1.1015513468584297,63.11424309193946,15.345696226156639
1723528395.9348779,182.41339898109436,1723528395.9466183,-0.011740446090698242,35.69377201629674,24.34879266140205,0.0,2.3599533302193967,31.611951,9.659305999999999,-0.25312900000000005,1.2297765536,4.08182101629674,14.689486661402052,0.25312900000000005,1.1301767766193966,64.75435940399105,15.248159084795502
1723528396.0348725,182.5133936405182,1723528396.072781,-0.03790855407714844,35.5574858975198,24.47356602753532,0.0,2.383318033664473,31.722089,9.848792,-0.25014200000000003,1.2295155341000001,3.8353968975197965,14.62477402753532,0.25014200000000003,1.153802499564473,66.1080136166893,15.121403894418671
1723528396.1348689,182.61338996887207,1723528396.1918855,-0.057016611099243164,35.4385509225501,24.618242054627395,0.0,2.4089023453385057,31.823917,10.031198999999999,-0.254454,1.2314019521000001,3.614633922550098,14.587043054627395,0.254454,1.1775003932385055,67.46580290756114,15.030374257140748
1723528396.2248633,182.70338439941406,1723528396.1918855,0.03297781944274902,35.323359664416394,24.751723486522426,0.0,2.4332483565575806,31.823917,10.031198999999999,-0.254454,1.2314019521000001,3.4994426644163923,14.720524486522427,0.254454,1.2018464044575805,68.86072659839229,15.132900811079153
1723528396.3348594,182.81338047981262,1723528396.3388765,-0.0040171146392822266,35.20652734680937,24.896991194550985,0.0,2.459082480051677,31.928492000000002,10.208295999999999,-0.273971,1.2318481804,3.2780353468093644,14.688695194550986,0.273971,1.227234299651677,70.31534584373449,15.052519468919408
1723528396.4348567,182.91337776184082,1723528396.4550796,-0.020222902297973633,35.0974225157037,25.02422230812427,0.0,2.4833052960640156,32.032539,10.390751,-0.27225900000000003,1.2314781264,3.0648835157036984,14.63347130812427,0.27225900000000003,1.2518271696640155,71.72441350155533,14.95346509855189
1723528396.534853,183.0133740901947,1723528396.5655122,-0.030659198760986328,34.981262192447545,25.162983082398885,0.0,2.5095010499422132,32.147391,10.579199999999998,-0.27061,1.2323966872,2.833871192447546,14.583783082398886,0.27061,1.2771043627422132,73.17268998287335,14.859030409214057
1723528396.6348472,183.11336827278137,1723528396.679788,-0.044940948486328125,34.85979743543762,25.273115406912247,0.0,2.533415141577361,32.260132999999996,10.765243,-0.260008,1.2356470211000001,2.5996644354376244,14.507872406912247,0.260008,1.297768120477361,74.35663608997814,14.741242183486065
1723528396.7348437,183.21336483955383,1723528396.7840745,-0.04923081398010254,34.71800330639476,25.386710548319193,0.0,2.5605228401407487,32.368376,10.945786,-0.26608000000000004,1.2386913179,2.3496273063947655,14.440924548319193,0.26608000000000004,1.3218315222407486,75.7353674517479,14.633244645518772
1723528396.864838,183.34335899353027,1723528396.9027913,-0.03795337677001953,34.580504725792316,25.497042956857694,0.0,2.584350117218385,32.473237999999995,11.125363,-0.25622500000000004,1.2404835214,2.1072667257923214,14.371679956857694,0.25622500000000004,1.3438665958183849,76.9978841690067,14.527608512298286
1723528396.9648342,183.44335532188416,1723528396.9027913,0.062042951583862305,34.445838221445854,25.61839431661797,0.0,2.6110024238453935,32.473237999999995,11.125363,-0.25622500000000004,1.2404835214,1.972600221445859,14.49303131661797,0.25622500000000004,1.3705189024453934,78.52494885302285,14.628901518184557
1723528397.0648286,183.5433497428894,1723528397.043923,0.020905733108520508,34.30992222060788,25.716764990424622,0.0,2.633346743036329,32.592158,11.307646,-0.252012,1.2437038125,1.717764220607883,14.409118990424622,0.252012,1.389642930536329,79.62067494992307,14.513336420201941
1723528397.1648252,183.64334630966187,1723528397.1412349,0.0235903263092041,34.17099254529943,25.810066024816944,0.0,2.6562305723511006,32.715714999999996,11.495026999999999,-0.246532,1.2476529896,1.455277545299431,14.315039024816945,0.246532,1.4085775827511007,80.70555060837754,14.390933015024038
1723528397.2648196,183.74334073066711,1723528397.2642715,0.0005481243133544922,34.03685931243279,25.90151997659804,0.0,2.6793280814438205,32.827925,11.676091,-0.25305,1.2498787764000001,1.2089343124327883,14.225428976598039,0.25305,1.4294493050438204,81.90141220691949,14.278949052451742
1723528397.364816,183.843337059021,1723528397.357434,0.007381916046142578,33.891154424600956,25.994552258804706,0.0,2.7029304504484184,32.929162,11.861606,-0.260025,1.2545179875,0.9619924246009575,14.132946258804706,0.260025,1.4484124629484183,82.9879211210931,14.168034880669817
1723528397.4648106,183.94333171844482,1723528397.5120437,-0.04723310470581055,33.75055158646465,26.072152833596842,0.0,2.723883807318094,33.022656,12.034621,-0.278287,1.2579385775,0.7278955864646548,14.037531833596843,0.278287,1.465945229818094,83.9924746659123,14.059145621921997
1723528397.564807,184.0433280467987,1723528397.5120437,0.05276322364807129,33.61082894209567,26.16995935633064,0.0,2.743912226511007,33.022656,12.034621,-0.278287,1.2579385775,0.5881729420956745,14.13533835633064,0.278287,1.4859736490110071,85.14001855598505,14.150306763888008
1723528397.6648014,184.14332246780396,1723528397.6515143,0.013287067413330078,33.46265462544573,26.25039037476941,0.0,2.7627522840427385,33.116845999999995,12.224369,-0.262662,1.261694094,0.3458086254457342,14.02602137476941,0.262662,1.5010581900427384,86.00429909299517,14.032742089027542
1723528397.7647977,184.24331879615784,1723528397.772705,-0.007907390594482422,33.32427741550118,26.350548400054763,0.0,2.7832900127341382,33.2241,12.395529,-0.262207,1.2665569493,0.10017741550117876,13.955019400054763,0.262207,1.5167330634341383,86.90240318272429,13.957842042426554
1723528397.8647923,184.34331345558167,1723528397.8724139,-0.0076215267181396484,33.169556481885486,26.42870536859966,0.0,2.7977204369977517,33.335190999999995,12.581002,-0.267956,1.2719002964000001,-0.16563451811450847,13.847703368599658,0.267956,1.5258201405977516,87.42305435230905,13.85128599792284
1723528397.9647887,184.44330978393555,1723528397.991497,-0.026708364486694336,33.02637562128079,26.50723083829735,0.0,2.813762184590173,33.436617,12.746585,-0.287175,1.2768264569,-0.4102413787192063,13.76064583829735,0.287175,1.536935727690173,88.05993057951488,13.769754585920863
1723528398.0647826,184.54330372810364,1723528398.122482,-0.05769944190979004,32.8650012007059,26.578646857498626,0.0,2.8253675956282507,33.53612,12.948388999999999,-0.295734,1.2807015381,-0.6711187992940992,13.630257857498627,0.295734,1.5446660575282507,88.50284585348079,13.649973930503494
1723528398.164779,184.64330005645752,1723528398.122482,0.0422968864440918,32.713574798440455,26.656674679717423,0.0,2.8385514591889267,33.53612,12.948388999999999,-0.295734,1.2807015381,-0.8225452015595422,13.708285679717424,0.295734,1.5578499210889267,89.25822559318384,13.736125199054877
1723528398.2647731,184.7432942390442,1723528398.2371478,0.027625322341918945,32.558581044944546,26.73231267262621,0.0,2.8523864707327666,33.628068999999996,13.146142999999999,-0.293485,1.2858370328,-1.0694879550554504,13.586169672626212,0.293485,1.5665494379327667,89.75667119213884,13.631358857598237
1723528398.3647697,184.84329080581665,1723528398.3605764,0.004193305969238281,32.4198574685345,26.811172031946242,0.0,2.8658209669706505,33.74021,13.345016,-0.28273200000000004,1.2923964695,-1.3203525314654954,13.466156031946243,0.28273200000000004,1.5734244974706504,90.15058308756073,13.53368488135783
1723528398.464764,184.9432852268219,1723528398.4720693,-0.007305145263671875,32.27171728163256,26.882847381746114,0.0,2.87806046894341,33.836704,13.536966999999999,-0.28382500000000005,1.2962535308,-1.564986718367436,13.345880381746115,0.28382500000000005,1.58180693814341,90.63086156012866,13.440322288664335
1723528398.564761,185.04328203201294,1723528398.632584,-0.06782317161560059,32.13033984102668,26.95587434360056,0.0,2.8916280279733257,33.928270999999995,13.721299,-0.28901000000000004,1.3018161173,-1.797931158973313,13.234575343600559,0.28901000000000004,1.5898119106733257,91.089512701211,13.359268982917701
1723528398.6647549,185.14327597618103,1723528398.632584,0.032170772552490234,31.978873444742227,27.028490158313176,0.0,2.9052849812154564,33.928270999999995,13.721299,-0.28901000000000004,1.3018161173,-1.949397555257768,13.307191158313175,0.28901000000000004,1.6034688639154564,91.8719984829926,13.45232374470795
1723528398.7647514,185.2432725429535,1723528398.7850556,-0.020304203033447266,31.82874802951891,27.0963279732803,0.0,2.9197320669307247,34.013936,13.915545999999999,-0.289704,1.3073482776,-2.185187970481092,13.1807819732803,0.289704,1.6123837893307247,92.38278608396138,13.363831348124018
1723528398.864746,185.34326720237732,1723528398.8981218,-0.03337574005126953,31.67804069626166,27.171927939269427,0.0,2.9343811287323343,34.121235,14.104372999999999,-0.289602,1.3101386761,-2.4431943037383377,13.067554939269428,0.289602,1.6242424526323342,93.06223744181028,13.2971447993563
1723528398.964743,185.44326400756836,1723528399.0219848,-0.05724191665649414,31.516788453302425,27.247377052890847,0.0,2.9495612079196114,34.223918,14.275490999999999,-0.27715900000000004,1.3146289256,-2.7071295466975727,12.971886052890849,0.27715900000000004,1.6349322823196113,93.6747195666049,13.254251969200983
1723528399.0647378,185.54325890541077,1723528399.0219848,0.042752981185913086,31.34351406395431,27.296129076633353,0.0,2.962043848863674,34.223918,14.275490999999999,-0.27715900000000004,1.3146289256,-2.8804039360456883,13.020638076633354,0.27715900000000004,1.647414923263674,94.3899222098769,13.338311732327403
1723528399.1647341,185.64325523376465,1723528399.1535342,0.011199951171875,31.174225540785365,27.350726309389316,0.0,2.977544102347421,34.313804,14.45656,-0.27927100000000005,1.3186512921,-3.1395784592146327,12.894166309389316,0.27927100000000005,1.6588928102474212,95.04755669177375,13.273826502075279
1723528399.2647288,185.74324989318848,1723528399.254632,0.01009678840637207,31.01869078923238,27.412388910629307,0.0,2.992459634980035,34.395832,14.64501,-0.284677,1.3238450245,-3.3771412107676184,12.767378910629308,0.284677,1.668614610480035,95.60457481437183,13.209545336588082
1723528399.3647249,185.84324598312378,1723528399.4134462,-0.0487213134765625,30.84372927957942,27.481561781657817,0.0,3.0089178780291927,34.480537,14.838382,-0.30031800000000003,1.3295343299,-3.6368077204205775,12.643179781657818,0.30031800000000003,1.6793835481291928,96.2215894915081,13.159276434810378
1723528399.4647195,185.9432406425476,1723528399.4134462,0.051273345947265625,30.673226207957217,27.52299283350978,0.0,3.021091492692374,34.480537,14.838382,-0.30031800000000003,1.3295343299,-3.807310792042781,12.68461083350978,0.30031800000000003,1.6915571627923742,96.91908623312698,13.247081126267895
1723528399.5647163,186.04323744773865,1723528399.5343575,0.03035879135131836,30.491847897755672,27.565322658630766,0.0,3.0341571700713885,34.568652,15.021491,-0.300841,1.3315697088,-4.076804102244328,12.543831658630767,0.300841,1.7025874612713885,97.55107578274406,13.193125091327857
1723528399.6647108,186.1432318687439,1723528399.6157653,0.04894542694091797,30.311400703541796,27.611856861700804,0.0,3.0480642595361225,34.653681,15.190942,-0.304862,1.3363518923,-4.342280296458203,12.420914861700805,0.304862,1.7117123672361225,98.07389438297707,13.161590519905756
1723528399.7647073,186.24322843551636,1723528399.785692,-0.020984649658203125,30.118239584198225,27.664804810496683,0.0,3.0608295262472147,34.747066,15.378464,-0.30470400000000003,1.3404561242,-4.628826415801772,12.286340810496684,0.30470400000000003,1.7203734020472148,98.57013512386855,13.132899490474927
1723528399.864702,186.34322309494019,1723528399.919926,-0.055223941802978516,29.92860714622617,27.702452909136785,0.0,3.07205001315924,34.823178999999996,15.573125999999998,-0.314325,1.3451960309,-4.894571853773826,12.129326909136786,0.314325,1.72685398225924,98.94144501881358,13.083432466523824
1723528399.9646988,186.44321990013123,1723528399.919926,0.04477286338806152,29.754026027455307,27.75916908436726,0.0,3.0828984935943824,34.823178999999996,15.573125999999998,-0.314325,1.3451960309,-5.069152972544689,12.186043084367263,0.314325,1.7377024626943824,99.5630171618775,13.202074008228362
1723528400.0646935,186.54321455955505,1723528400.042247,0.022446393966674805,29.57906041796529,27.794315803943594,0.0,3.090936257892835,34.898271,15.751178999999999,-0.294209,1.3510499689,-5.31921058203471,12.043136803943595,0.294209,1.7398862889928353,99.68814119196853,13.168815597091934
1723528400.16469,186.64321112632751,1723528400.1587534,0.005936622619628906,29.392019434007597,27.84048702497672,0.0,3.099527180026106,34.983844,15.935763,-0.30090300000000003,1.3551954269,-5.5918245659924,11.904724024976721,0.30090300000000003,1.7443317531261062,99.94284752478173,13.15604418900693
1723528400.2646844,186.74320554733276,1723528400.2537515,0.01093292236328125,29.204930325929592,27.870658220185305,0.0,3.1026074636658194,35.068236,16.117255,-0.32173300000000005,1.3616400242,-5.863305674070407,11.753403220185305,0.32173300000000005,1.7409674394658194,99.75008655108908,13.13865871415867
1723528400.3646812,186.8432023525238,1723528400.395691,-0.031009674072265625,29.0037539063772,27.92360487558281,0.0,3.1099313516436897,35.136654,16.309362,-0.32061700000000004,1.3659681731,-6.132900093622801,11.61424287558281,0.32061700000000004,1.7439631785436898,99.92172975677347,13.137956324789394
1723528400.4646761,186.9431972503662,1723528400.395691,0.0689852237701416,28.815674088233767,27.962801592278865,0.0,3.1092808025513357,35.136654,16.309362,-0.32061700000000004,1.3659681731,-6.3209799117662335,11.653439592278865,0.32061700000000004,1.7433126294513357,99.88445603941551,13.26123058530142
1723528400.564673,187.04319405555725,1723528400.5423799,0.0222930908203125,28.627363476307746,28.00828596279628,0.0,3.1086140025901567,35.222102,16.496761,-0.31111500000000003,1.3726792587,-6.5947385236922536,11.51152496279628,0.31111500000000003,1.7359347438901567,99.46173433502945,13.270364565759962
1723528400.6646678,187.14318895339966,1723528400.6651387,-0.00047087669372558594,28.440213922038485,28.052094427607674,0.0,3.107466591948109,35.302737,16.685216,-0.31592600000000004,1.3784428899,-6.862523077961516,11.366878427607674,0.31592600000000004,1.7290237020481087,99.06576080544178,13.28156456977276
1723528400.7946646,187.27318572998047,1723528400.7741947,0.02046990394592285,28.246960589490183,28.113891454184575,0.0,3.1071193650787334,35.370055,16.886549000000002,-0.322794,1.3856648615,-7.123094410509818,11.227342454184573,0.322794,1.7214545035787334,98.6320776788497,13.30022137150384
1723528400.8646595,187.3431806564331,1723528400.9213316,-0.056672096252441406,28.044897076171136,28.172613256442045,0.0,3.105514236617773,35.435995999999996,17.075568,-0.319954,1.3931611768,-7.39109892382886,11.097045256442044,0.319954,1.7123530598177727,98.11060336387098,13.33698344032349
1723528400.994656,187.47317719459534,1723528400.9213316,0.07332444190979004,27.84725536002217,28.223421742103213,0.0,3.1061356836669027,35.435995999999996,17.075568,-0.319954,1.3931611768,-7.588740639977825,11.147853742103212,0.319954,1.7129745068669027,98.14620965697698,13.489477310789015
1723528401.0946512,187.57317233085632,1723528401.0786505,0.016000747680664062,27.64218110616557,28.2705325895777,0.0,3.103848035059409,35.513794,17.252791000000002,-0.33130600000000004,1.4008219557000001,-7.871612893834428,11.0177415895777,0.33130600000000004,1.7030260793594088,97.57620674800572,13.544839716686445
1723528401.194648,187.67316913604736,1723528401.1847377,0.009910345077514648,27.450727291894616,28.32675624594951,0.0,3.1030253021442107,35.582319999999996,17.448943,-0.33782500000000004,1.4078483236000001,-8.13159270810538,10.877813245949511,0.33782500000000004,1.6951769785442106,97.12648639832217,13.585424053554318
1723528401.294643,187.77316403388977,1723528401.2884476,0.0061953067779541016,27.245141217288495,28.370992314873742,0.0,3.1016918621075877,35.655193999999995,17.642957000000003,-0.35286500000000004,1.4161499951,-8.4100527827115,10.72803531487374,0.35286500000000004,1.6855418670075877,96.57443517213588,13.636137401529677
1723528401.3946397,187.8731608390808,1723528401.4043033,-0.009663581848144531,27.031521850904916,28.42922973369387,0.0,3.1023687671698283,35.71261,17.840608,-0.35295200000000004,1.4245149212000001,-8.681088149095082,10.58862173369387,0.35295200000000004,1.6778538459698282,96.13394401386446,13.696889310566734
1723528401.5046346,187.98315572738647,1723528401.5391808,-0.0345461368560791,26.819826020968897,28.490886953115595,0.0,3.1010445843628833,35.773196999999996,18.022235000000002,-0.35332800000000003,1.4323486159,-8.9533709790311,10.468651953115593,0.35332800000000003,1.6686959684628833,95.60923628341874,13.779708497613846
1723528401.5946314,188.07315254211426,1723528401.5391808,0.0554506778717041,26.611993380035372,28.53895864812808,0.0,3.0997705841196748,35.773196999999996,18.022235000000002,-0.35332800000000003,1.4323486159,-9.161203619964624,10.516723648128078,0.35332800000000003,1.6674219682196747,95.53624144638424,13.951844635500112
1723528401.6946263,188.17314743995667,1723528401.6740947,0.020531654357910156,26.395530453820847,28.59960683794726,0.0,3.1009731998770462,35.846171999999996,18.215721000000002,-0.36570600000000003,1.4439546956,-9.450641546179149,10.383885837947258,0.36570600000000003,1.6570185042770462,94.9401668701551,14.045406779738528
1723528401.7946236,188.27314472198486,1723528401.7801573,0.014466285705566406,26.185340283553742,28.665640575346064,0.0,3.1006380604639574,35.913855,18.404432,-0.36803,1.4547724578,-9.728514716446256,10.261208575346064,0.36803,1.6458656026639573,94.30115267840046,14.144675538723643
1723528401.8946185,188.37313961982727,1723528401.9118757,-0.017257213592529297,25.97766522127518,28.720025033528472,0.0,3.1013088190862375,35.971968,18.596063,-0.370363,1.4669142598,-9.994302778724816,10.123962033528471,0.370363,1.6343945592862374,93.64391030624562,14.230877135332225
1723528401.9946158,188.47313690185547,1723528402.038006,-0.04339027404785156,25.7612433433186,28.771919768577256,0.0,3.1025223079771127,36.031514,18.799237,-0.376637,1.4770453222,-10.2702706566814,9.972682768577254,0.376637,1.6254769857771127,93.1329709806751,14.320430035230705
1723528402.094611,188.57313203811646,1723528402.038006,0.056604862213134766,25.550273007761678,28.826511293706982,0.0,3.1042381919755595,36.031514,18.799237,-0.376637,1.4770453222,-10.481240992238323,10.02727429370698,0.376637,1.6271928697755595,93.23128389192014,14.51015154739546
1723528402.1946075,188.67312860488892,1723528402.1644044,0.03020310401916504,25.31839040536413,28.888924477963297,0.0,3.105961266277996,36.086434,19.009462000000003,-0.39639800000000003,1.4890886049,-10.768043594635866,9.879462477963294,0.39639800000000003,1.6168726613779958,92.63997950704426,14.618880705576167
1723528402.2946024,188.77312350273132,1723528402.2938108,0.0007915496826171875,25.089829382167814,28.941441546055607,0.0,3.10558064447698,36.132461,19.209368,-0.394816,1.5024447912,-11.042631617832185,9.732073546055606,0.394816,1.60313585327698,91.85291837887493,14.724430319263234
1723528402.3945992,188.87312030792236,1723528402.400036,-0.005436897277832031,24.84966910741445,29.002423413378356,0.0,3.108347777619402,36.187241,19.396602,-0.40104700000000004,1.5162130574000001,-11.33757189258555,9.605821413378354,0.40104700000000004,1.5921347202194018,91.22259988481386,14.865166670490884
1723528402.4945939,188.9731149673462,1723528402.5142863,-0.019692420959472656,24.614313931758417,29.062645637947522,0.0,3.110365758314062,36.230641,19.600457000000002,-0.396492,1.5308825526,-11.616327068241581,9.46218863794752,0.396492,1.579483205714062,90.49772149920935,14.987637381606522
1723528402.5945911,189.0731122493744,1723528402.6597993,-0.06520819664001465,24.386887812170382,29.112789580514228,0.0,3.111161618326398,36.26707,19.804466,-0.40279000000000004,1.5455460601,-11.880182187829615,9.308323580514227,0.40279000000000004,1.5656155582263982,89.703163826391,15.097875892975184
1723528402.7045858,189.18310689926147,1723528402.6597993,0.04478645324707031,24.152265209084703,29.16969923790945,0.0,3.1138341178237408,36.26707,19.804466,-0.40279000000000004,1.5455460601,-12.114804790915294,9.36523323790945,0.40279000000000004,1.5682880577237408,89.85628676833957,15.317908751083747
1723528402.7945824,189.27310347557068,1723528402.7840865,0.010495901107788086,23.92507541788618,29.22787816889448,0.0,3.1175291050291207,36.315369,20.001757,-0.39386200000000005,1.5622703682,-12.390293582113816,9.22612116889448,0.39386200000000005,1.5552587368291206,89.10976167115622,15.453019580300081
1723528402.894577,189.3730981349945,1723528402.9008787,-0.0063016414642333984,23.697777195106106,29.279871423352123,0.0,3.119882482677456,36.349647999999995,20.201607000000003,-0.40273200000000003,1.5806892661,-12.651870804893889,9.07826442335212,0.40273200000000003,1.5391932165774558,88.18927516505387,15.577127876083292
1723528403.0045745,189.48309564590454,1723528403.0510404,-0.04646587371826172,23.455840185359946,29.319542153079603,0.0,3.1235295470494364,36.376909,20.395215,-0.412387,1.5988716758000001,-12.921068814640051,8.924327153079602,0.412387,1.5246578712494363,87.35646122399316,15.708841379478837
1723528403.0945694,189.5730905532837,1723528403.0510404,0.04352903366088867,23.236701718399406,29.369860161212696,0.0,3.1270677577202672,36.376909,20.395215,-0.412387,1.5988716758000001,-13.140207281600592,8.974645161212695,0.412387,1.5281960819202671,87.55918576245992,15.917894528199282
1723528403.1945665,189.6730875968933,1723528403.1617684,0.032798051834106445,23.0086299453022,29.418143419528043,0.0,3.1310610340347793,36.397692,20.608900000000002,-0.423402,1.6196864801,-13.3890620546978,8.809243419528041,0.423402,1.5113745539347794,86.59538320393027,16.032748410133884
1723528403.2945616,189.7730827331543,1723528403.2973459,-0.002784252166748047,22.752571332217304,29.475913060438497,0.0,3.135429181242964,36.433276,20.814551,-0.43963800000000003,1.6422276792000001,-13.680704667782695,8.661362060438496,0.43963800000000003,1.4932015020429639,85.554144029657,16.19796760461443
1723528403.3945591,189.87308025360107,1723528403.4396162,-0.045057058334350586,22.497948274316737,29.538213498269965,0.0,3.1400468197485445,36.439316999999996,21.005004,-0.445794,1.6658981634,-13.941368725683258,8.533209498269965,0.445794,1.4741486563485444,84.46249638365276,16.35164085274808
1723528403.4945545,189.97307562828064,1723528403.4396162,0.054938316345214844,22.253568137596627,29.58072355179586,0.0,-3.1413024679990134,36.439316999999996,21.005004,-0.445794,1.6658981634,-14.185748862403369,8.57571955179586,0.445794,1.4759846757805735,84.56769254821204,16.58243555418408
1723528403.5945516,190.07307267189026,1723528403.5540056,0.04054594039916992,21.999863088916516,29.63286367708845,0.0,-3.136304978042572,36.444756999999996,21.205454,-0.433767,1.6904372511,-14.44489391108348,8.427409677088452,0.433767,1.4564430780370146,83.44804147256374,16.7291466542149
1723528403.6945472,190.1730682849884,1723528403.6558454,0.038701772689819336,21.74342643032718,29.67570562829229,0.0,-3.133817121953422,36.46655,21.404213000000002,-0.449421,1.7155326825000001,-14.723123569672818,8.27149262829229,0.449421,1.4338355027261642,82.15272282222786,16.893488011153586
1723528403.7945442,190.27306532859802,1723528403.8319411,-0.037396907806396484,21.48689040701638,29.732705634801682,0.0,-3.129991565027455,36.469873,21.622969,-0.460063,1.740821839,-14.982982592983621,8.109736634801681,0.460063,1.4123719031521313,80.92294915347698,17.043158557951156
1723528403.8945396,190.3730607032776,1723528403.9531453,-0.05860567092895508,21.22404124000315,29.797893392677455,0.0,-3.127249408753616,36.458304,21.821683,-0.48460000000000003,1.7676847951,-15.234262759996849,7.976210392677455,0.48460000000000003,1.3882511033259706,79.54092912495807,17.202834976505546
1723528403.9945366,190.4730577468872,1723528403.9531453,0.04139137268066406,20.976161816524364,29.856401378942966,0.0,-3.1227022110211813,36.458304,21.821683,-0.48460000000000003,1.7676847951,-15.482142183475634,8.034718378942966,0.48460000000000003,1.392798301058405,79.80146436363803,17.449592063377285
1723528404.0945318,190.5730528831482,1723528404.0807712,0.013760566711425781,20.71753385703027,29.898468723843568,0.0,-3.121136241604576,36.450737,22.022711,-0.494892,1.7938196739,-15.733203142969728,7.8757577238435665,0.494892,1.3682293916750103,78.39376954873015,17.601311285080385
1723528404.1945288,190.6730499267578,1723528404.1612635,0.03326535224914551,20.466533410012616,29.9491165550403,0.0,-3.1183291253210355,36.431892,22.214486,-0.48199800000000004,1.8186705671,-15.965358589987382,7.734630555040297,0.48199800000000004,1.3461856147585511,77.13075416688913,17.74681680758132
1723528404.294524,190.7730450630188,1723528404.3035438,-0.009019851684570312,20.20486801388696,30.00326020027434,0.0,-3.1166292580216384,36.396677999999994,22.412085,-0.48141700000000004,1.8490078082,-16.191809986113036,7.591175200274339,0.48141700000000004,1.3175482409579475,75.48995351177602,17.889449792420642
1723528404.3945208,190.87304186820984,1723528404.4358819,-0.041361093521118164,19.94223100499538,30.05341635887394,0.0,-3.1151758217821977,36.367542,22.609280000000002,-0.46197900000000003,1.8776511426,-16.42531099500462,7.444136358873937,0.46197900000000003,1.2903583427973884,73.93208710178546,18.039385577357383
1723528404.5345125,191.01303362846375,1723528404.5828812,-0.04836869239807129,19.67677485261988,30.08682299546422,0.0,-3.1129037842271483,36.32863,22.791779000000002,-0.480101,1.9068577837,-16.651855147380118,7.295043995464219,0.480101,1.2634237392524386,72.38884799580173,18.18605080041539
1723528404.6345077,191.11302876472473,1723528404.5828812,0.05162644386291504,19.39722537810052,30.129232498669854,0.0,-3.1108210477242926,36.32863,22.791779000000002,-0.480101,1.9068577837,-16.93140462189948,7.337453498669852,0.480101,1.2655064757552934,72.50818000725315,18.459176126951668
1723528404.6945076,191.17302870750427,1723528404.7115235,-0.017015933990478516,19.129783571510107,30.175492821577844,0.0,-3.1086126042427855,36.297221,22.971925000000002,-0.5027889999999999,1.9340630894,-17.167437428489894,7.203567821577842,0.5027889999999999,1.2405096135368014,71.07596530106353,18.62431459140734
1723528404.8345003,191.3130214214325,1723528404.792593,0.041907310485839844,18.86019745252836,30.228094768459215,0.0,-3.1077379263857567,36.260194999999996,23.156653000000002,-0.502254,1.9619103805,-17.399997547471635,7.071441768459213,0.502254,1.2135370002938297,69.53054839980258,18.78875893765324
1723528404.9045002,191.3830213546753,1723528404.9218078,-0.017307519912719727,18.589476742522418,30.27549720887102,0.0,-3.10779165318908,36.210913999999995,23.333914,-0.5034259999999999,1.9875797964,-17.621437257477577,6.94158320887102,0.5034259999999999,1.1878138575905066,68.05672088708943,18.94608313616234
1723528404.9944973,191.47301840782166,1723528405.0533957,-0.0588984489440918,18.314479936098614,30.326081802919724,0.0,-3.1074009155878013,36.162651,23.523175000000002,-0.49891800000000003,2.0147246458,-17.848171063901383,6.802906802919722,0.49891800000000003,1.1610597457917857,66.52382319640157,19.10721514156948
1723528405.094493,191.5730140209198,1723528405.0533957,0.041097164154052734,18.038959161188693,30.38093874054177,0.0,-3.1068879220146255,36.162651,23.523175000000002,-0.49891800000000003,2.0147246458,-18.123691838811304,6.857763740541767,0.49891800000000003,1.161572739364961,66.55321556306185,19.38417005084326
1723528405.1944902,191.673011302948,1723528405.16995,0.024540185928344727,17.750881846348367,30.435698601419947,0.0,-3.108324453994444,36.113496,23.698921000000002,-0.49834100000000003,2.0419372021999997,-18.36261415365163,6.736777601419945,0.49834100000000003,1.1329236509851432,64.911743712001,19.565738288118894
1723528405.3344834,191.81300449371338,1723528405.291064,0.04341936111450195,17.463771720504475,30.489506937224494,0.0,-3.1089758107987677,36.061485,23.861137,-0.508987,2.0711502361,-18.597713279495522,6.628369937224495,0.508987,1.1030592602808194,63.20064016691351,19.75017202500258
1723528405.4344788,191.91299986839294,1723528405.3942993,0.04017949104309082,17.182130262473333,30.534753215913724,0.0,-3.1101424885668885,36.001684999999995,24.026752000000002,-0.511774,2.0966114487999996,-18.819554737526662,6.508001215913723,0.511774,1.0764313698126984,61.67497442575355,19.919629338222453
1723528405.5344758,192.01299691200256,1723528405.5574493,-0.02297353744506836,16.898419985881105,30.582727418831226,0.0,-3.1118695137170835,35.936208,24.183866000000002,-0.5058199999999999,2.120946166,-19.037788014118895,6.398861418831224,0.5058199999999999,1.0503696274625034,60.181746582330014,20.09076040871365
1723528405.6344717,192.1129927635193,1723528405.6881516,-0.0536799430847168,16.61365817150845,30.639037099599758,0.0,-3.112109179159401,35.850254,24.343618,-0.49750900000000003,2.1459764614999997,-19.23659582849155,6.2954190995997585,0.49750900000000003,1.025099666520186,58.73388447187479,20.24664011418746
1723528405.734469,192.21299004554749,1723528405.6881516,0.046317338943481445,16.32956869631643,30.69377043829309,0.0,-3.1121211647032894,35.850254,24.343618,-0.49750900000000003,2.1459764614999997,-19.52068530368357,6.35015243829309,0.49750900000000003,1.025087680976297,58.73319775079479,20.53360917910167
1723528405.8344643,192.31298542022705,1723528405.8157094,0.018754959106445312,16.04352879540403,30.743633244085885,0.0,-3.113206937599965,35.75778,24.497846000000003,-0.517702,2.1730151081,-19.714251204595968,6.245787244085882,0.517702,0.9969632614796213,57.12178721237982,20.686458716201365
1723528405.9344616,192.41298270225525,1723528405.9199107,0.014550924301147461,15.75697548299307,30.796356577571686,0.0,-3.11395456937205,35.680583,24.666407,-0.524821,2.1977849126,-19.92360751700693,6.129949577571686,0.524821,0.9714458252075364,55.659745809995314,20.851902920293565
1723528406.034457,192.51297807693481,1723528406.024768,0.009688854217529297,15.476363832117555,30.839447156195142,0.0,-3.1152461978794945,35.604113999999996,24.829688,-0.531204,2.2239169402999996,-20.12775016788244,6.009759156195141,0.531204,0.9440221690000927,54.08848605049105,21.012513167771697
1723528406.1344545,192.6129755973816,1723528406.192343,-0.05788850784301758,15.204827289536748,30.89572647649211,0.0,-3.1155229256969927,35.509204,25.001291000000002,-0.533925,2.2505600874,-20.30437671046325,5.894435476492109,0.533925,0.9171022940825939,52.54609083269828,21.149400915689224
1723528406.23445,192.71297121047974,1723528406.192343,0.04210710525512695,14.927687207589273,30.95972252635871,0.0,-3.1157052915699928,35.509204,25.001291000000002,-0.533925,2.2505600874,-20.581516792410724,5.958431526358709,0.533925,0.9169199282095939,52.53564203784816,21.433310888339555
1723528406.3344474,192.81296849250793,1723528406.2939653,0.0404820442199707,14.65571503769069,31.006394660729654,0.0,-3.1160496376229303,35.415907999999995,25.170282,-0.538566,2.2754084712,-20.760192962309304,5.836112660729654,0.538566,0.8917271983566561,51.0922049428616,21.5716451889373
1723528406.4344423,192.91296339035034,1723528406.404976,0.02946639060974121,14.370407083661453,31.05390175176977,0.0,-3.1161912627562627,35.335865999999996,25.318712,-0.531107,2.3036674150999996,-20.96545891633854,5.73518975176977,0.531107,0.8633266293233243,49.464972201481736,21.742238700440513
1723528406.5344398,193.01296091079712,1723528406.5261152,0.008324623107910156,14.0912244413259,31.10351411685834,0.0,-3.117188651538887,35.252162999999996,25.471033000000002,-0.527384,2.3299425719999998,-21.160938558674097,5.632481116858337,0.527384,0.8360540836406998,47.90237043728962,21.904070354598524
1723528406.6344354,193.11295652389526,1723528406.6428921,-0.008456707000732422,13.803736761452136,31.161840658674258,0.0,-3.1171776957798043,35.148359,25.623025000000002,-0.5121669999999999,2.3553703045999996,-21.344622238547863,5.538815658674256,0.5121669999999999,0.8106373067997821,46.44609639547918,22.057508754230977
1723528406.7344332,193.21295428276062,1723528406.7808833,-0.046450138092041016,13.521029009927242,31.219107577580065,0.0,-3.117368232997258,35.036950999999995,25.772658,-0.502594,2.381031989,-21.515921990072755,5.446449577580065,0.502594,0.7847850851823285,44.964873205762224,22.20025479162017
1723528406.8344288,193.31294989585876,1723528406.7808833,0.053545475006103516,13.226433459465806,31.275078586072993,0.0,-3.117383933556423,35.036950999999995,25.772658,-0.502594,2.381031989,-21.81051754053419,5.502420586072994,0.502594,0.7847693846231636,44.96397362998608,22.499509070662526
1723528406.9344263,193.41294741630554,1723528406.8883953,0.04603099822998047,12.941721645685838,31.327441468632944,0.0,-3.117930756380251,34.916353,25.907911000000002,-0.506208,2.4074385596999996,-21.974631354314162,5.419530468632942,0.506208,0.7578159910993352,43.41965793751547,22.638727442100446
1723528407.0344217,193.5129427909851,1723528407.0015953,0.03282642364501953,12.65065473147525,31.375254749302787,0.0,-3.1186170985193162,34.789924,26.048655,-0.513936,2.4330501231999997,-22.13926926852475,5.326599749302787,0.513936,0.7315180854602705,41.912898934363774,22.77683118534299
1723528407.1244192,193.60294032096863,1723528407.1064584,0.017960786819458008,12.350429919402783,31.432078423833865,0.0,-3.1194207036184576,34.664307,26.175765000000002,-0.519457,2.4575801703,-22.313877080597216,5.256313423833863,0.519457,0.7061844332611289,40.46138758370064,22.930498833484343
1723528407.2344146,193.71293568611145,1723528407.2365558,-0.002141237258911133,12.056136270474166,31.49288902237569,0.0,-3.119681132240472,34.558355999999996,26.297092000000003,-0.519084,2.4824233272,-22.50221972952583,5.195797022375686,0.519084,0.6810808477391145,39.023058082643495,23.100122243240307
1723528407.3344119,193.81293296813965,1723528407.3868134,-0.05240154266357422,11.769307993900286,31.554177573476792,0.0,-3.1196367104379967,34.454983,26.423684,-0.5207309999999999,2.5079735517999997,-22.685675006099714,5.130493573476791,0.5207309999999999,0.65557504494159,37.561683229252374,23.264414361084288
1723528407.4344072,193.9129283428192,1723528407.3868134,0.04759383201599121,11.475429678015143,31.61646240884633,0.0,-3.1197111274432454,34.454983,26.423684,-0.5207309999999999,2.5079735517999997,-22.979553321984856,5.19277840884633,0.5207309999999999,0.6555006279363413,37.557419448927625,23.56471895134094
1723528407.524405,194.0029261112213,1723528407.5460017,-0.021596670150756836,11.189756975671312,31.674790850978667,0.0,-3.1201569999716314,34.32221,26.538001,-0.509563,2.532393016,-23.132453024328687,5.136789850978666,0.509563,0.6306352912079556,36.132740598219485,23.701406020463423
1723528407.6344006,194.11292171478271,1723528407.6487546,-0.01435399055480957,10.901822381814519,31.723072276540154,0.0,-3.1196587125701267,34.194537999999994,26.659499,-0.503799,2.5574430953,-23.292715618185476,5.063573276540154,0.503799,0.6060834993094597,34.726026542952184,23.842067624871678
1723528407.7343986,194.21291971206665,1723528407.7647688,-0.030370235443115234,10.617689669465468,31.776688103648244,0.0,-3.118949705162711,34.062929,26.771274000000002,-0.5106229999999999,2.5824397202,-23.445239330534527,5.005414103648242,0.5106229999999999,0.5817958818168754,33.33444856619899,23.97903570753363
1723528407.8343942,194.3129153251648,1723528407.7647688,0.0696253776550293,10.325630728742821,31.831172960428805,0.0,-3.1185712494076636,34.062929,26.771274000000002,-0.5106229999999999,2.5824397202,-23.737298271257174,5.059898960428804,0.5106229999999999,0.5821743375719228,33.356132483695646,24.275968416450585
1723528407.9343922,194.41291332244873,1723528407.9130147,0.0213775634765625,10.031857683920633,31.89067930245724,0.0,-3.1180047489063387,33.923722,26.877782,-0.508595,2.6079263884999997,-23.891864316079364,5.01289730245724,0.508595,0.5572541697732485,31.928312044073788,24.417391112421377
1723528408.0343878,194.51290893554688,1723528408.0253127,0.009075164794921875,9.734475101403333,31.94862183928196,0.0,-3.1175194981197154,33.790831999999995,26.987189,-0.5038389999999999,2.632285284,-24.05635689859666,4.961432839281958,0.5038389999999999,0.5333805250598707,30.56045296040243,24.567824014130466
1723528408.1643858,194.64290690422058,1723528408.1325457,0.03184008598327637,9.421019496726263,32.00167651961015,0.0,-3.117257870400072,33.645759999999996,27.088232,-0.501902,2.6568743479999997,-24.224740503273733,4.913444519610149,0.501902,0.5090530887795154,29.166593535164633,24.72310447973397
1723528408.2343817,194.71290278434753,1723528408.2382584,-0.0038766860961914062,9.119535263440328,32.05725264552867,0.0,-3.1172159011420217,33.507608999999995,27.18737,-0.49495100000000003,2.6795860553999997,-24.38807373655967,4.869882645528669,0.49495100000000003,0.48638335063756544,27.86771321696416,24.874462286720764
1723528408.3643794,194.84290051460266,1723528408.39118,-0.02680063247680664,8.82584662337257,32.10208837694358,0.0,-3.1155530185085047,33.367926999999995,27.278791000000002,-0.49016600000000005,2.7018656949,-24.542080376627425,4.823297376943575,0.49016600000000005,0.4657665937710818,26.686460061267287,25.01635803842813
1723528408.4343753,194.91289639472961,1723528408.39118,0.043195247650146484,8.517645007672416,32.15946426750759,0.0,-3.1143245596297433,33.367926999999995,27.278791000000002,-0.49016600000000005,2.7018656949,-24.85028199232758,4.880673267507586,0.49016600000000005,0.46699505264984276,26.756845570325662,25.329779891462135
1723528408.534373,195.01289415359497,1723528408.4935756,0.04079747200012207,8.216861732383418,32.21536870223594,0.0,-3.1116271329509964,33.225592,27.373944,-0.48458300000000004,2.7268352277999997,-25.00873026761658,4.8414247022359405,0.48458300000000004,0.44472294642859045,25.48074788298084,25.477653020435596
1723528408.6343687,195.11288976669312,1723528408.6375148,-0.0031461715698242188,7.919096229437296,32.26994156764475,0.0,-3.1086357388691352,33.082093,27.452938,-0.491508,2.7470725719,-25.162996770562703,4.8170035676447505,0.491508,0.42747699641045167,24.49262773324792,25.6246270208976
1723528408.7643666,195.24288773536682,1723528408.7771204,-0.012753725051879883,7.611361827347688,32.31613630001104,0.0,-3.106399152779297,32.946298999999996,27.547594,-0.493576,2.7679207679999998,-25.33493717265231,4.768542300011038,0.493576,0.40886538640029024,23.426261029722237,25.78452354566612
1723528408.834362,195.31288313865662,1723528408.8841105,-0.04974842071533203,7.311456068950272,32.37066941919966,0.0,-3.102591759676784,32.797311,27.612762,-0.48507300000000003,2.7868687859,-25.48585493104973,4.7579074191996575,0.48507300000000003,0.39372476160280306,22.558767129635104,25.93071114318919
1723528408.9343598,195.41288089752197,1723528408.8841105,0.050249338150024414,7.001654653154989,32.43410892068013,0.0,-3.0992964384522184,32.797311,27.612762,-0.48507300000000003,2.7868687859,-25.79565634684501,4.821346920680131,0.48507300000000003,0.39702008282736784,22.74757512794255,26.24683920607215
1723528409.0643551,195.5428762435913,1723528409.0344763,0.029878854751586914,6.715320648065358,32.48050066976689,0.0,-3.094371573950532,32.638411,27.685801,-0.47688800000000003,2.8051785790999997,-25.92309035193464,4.794699669766889,0.47688800000000003,0.3836351541290546,21.980675204445664,26.367085172282003
1723528409.1643505,195.64287161827087,1723528409.1483364,0.01601409912109375,6.421440101291784,32.5165452243024,0.0,-3.0912218222434236,32.483446,27.766609000000003,-0.470484,2.8212292362999998,-26.062005898708215,4.749936224302395,0.470484,0.37073424863616317,21.241507767805846,26.495497745720836
1723528409.264346,195.74286699295044,1723528409.2712471,-0.006901264190673828,6.134401553727569,32.55962973021112,0.0,-3.0889720521537023,32.334582,27.842199,-0.466596,2.8362641388,-26.200180446272427,4.71743073021112,0.466596,0.3579491162258839,20.50897364018092,26.625576424535716
1723528409.3643436,195.8428647518158,1723528409.364263,8.058547973632812e-05,5.842299750173426,32.60561527070043,0.0,-3.0855484321199333,32.194741,27.91452,-0.471549,2.8504957901999997,-26.352441249826576,4.691095270700433,0.471549,0.34714108485965345,19.889719058050904,26.77087770551706
1723528409.4643393,195.94286036491394,1723528409.4831786,-0.018839359283447266,5.553424711292679,32.65618763632441,0.0,-3.08288606800036,32.040549999999996,27.974578,-0.4681,2.8628781862999997,-26.48712528870732,4.68160963632441,0.4681,0.33742105287922747,19.33280224884031,26.901754449414714
1723528409.5643373,196.04285836219788,1723528409.6327136,-0.06837630271911621,5.236119966941866,32.704304435279134,0.0,-3.0792936711839984,31.893335,28.05874,-0.46247200000000005,2.8762473368999997,-26.657215033058137,4.645564435279134,0.46247200000000005,0.3276442990955888,18.772635519699254,27.062931522505377
1723528409.6643329,196.14285397529602,1723528409.6327136,0.03161931037902832,4.929788896587843,32.75616800180154,0.0,-3.0769440494570257,31.893335,28.05874,-0.46247200000000005,2.8762473368999997,-26.963546103412156,4.697428001801541,0.46247200000000005,0.32999392082256157,18.907258928107034,27.373573545551668
1723528409.7643304,196.2428514957428,1723528409.7411613,0.02316904067993164,4.60836462652494,32.80341638221544,0.0,-3.0761456316570883,31.744126,28.126318,-0.46079200000000003,2.8882605269,-27.135761373475063,4.677098382215437,0.46079200000000003,0.3187791486224987,18.264699812842785,27.539737178527457
1723528409.8643265,196.3428475856781,1723528409.8739665,-0.009639978408813477,4.292421023041093,32.849437800064564,0.0,-3.074714627416968,31.601676,28.196614,-0.455872,2.9014307206999996,-27.309254976958908,4.652823800064564,0.455872,0.3070399590626194,17.592093796157663,27.70653345316563
1723528409.964324,196.44284510612488,1723528409.9691188,-0.0047948360443115234,3.986455504554389,32.89851913474147,0.0,-3.072762713735609,31.443627000000003,28.251439,-0.45677,2.9158946773,-27.457171495445614,4.6470801347414685,0.45677,0.29452791614397733,16.875206543832924,27.8513959998762
1723528410.0643203,196.54284143447876,1723528410.094758,-0.030437707901000977,3.6834421702252613,32.935109193561296,0.0,-3.0705265881375756,31.296795000000003,28.319504000000002,-0.458071,2.9292650529,-27.61335282977474,4.615605193561294,0.458071,0.28339366614201134,16.237261010676743,28.000194550136605
1723528410.1643183,196.6428394317627,1723528410.094758,0.06956028938293457,3.37603813166704,32.990082394230775,0.0,-3.068769521444306,31.296795000000003,28.319504000000002,-0.458071,2.9292650529,-27.920756868332962,4.670578394230773,0.458071,0.28515073283528053,16.337933516524078,28.31241416195833
1723528410.2643142,196.74283528327942,1723528410.2357285,0.02858567237854004,3.0803286843948396,33.03761528113023,0.0,-3.0668064348023023,31.132326000000003,28.371556,-0.45161900000000005,2.9434856657,-28.051997315605163,4.666059281130227,0.45161900000000005,0.2728932066772843,15.635629000399685,28.441002484633024
1723528410.3643117,196.8428328037262,1723528410.3287888,0.0355229377746582,2.773348553559572,33.08670272539002,0.0,-3.0656449234369605,30.973459000000002,28.431619,-0.443498,2.9570570282,-28.20011044644043,4.655083725390018,0.443498,0.2604833555426256,14.924596905998106,28.585183647439347
1723528410.4643075,196.94282865524292,1723528410.4350982,0.029209375381469727,2.4658068636741493,33.13066363872307,0.0,-3.0645379529457264,30.820344000000002,28.493099,-0.434898,2.9707583322,-28.354537136325852,4.63756463872307,0.434898,0.24788902203386012,14.202994750165656,28.73457705037644
1723528410.5643053,197.04282641410828,1723528410.5399919,0.02431344985961914,2.1456177792900757,33.17521762756951,0.0,-3.064237958787302,30.66977,28.541557,-0.440618,2.9852610227999996,-28.524152220709922,4.633660627569508,0.440618,0.23368632559228453,13.3892401863579,28.901422368866946
1723528410.664304,197.14282512664795,1723528410.6632133,0.0010907649993896484,1.8383953733639007,33.216687624449065,0.0,-3.062254300791159,30.500164,28.597529,-0.44350500000000004,3.0006870499,-28.6617686266361,4.619158624449064,0.44350500000000004,0.22024395648842823,12.61904917004988,29.034984137926934
1723528410.764302,197.24282312393188,1723528410.8062322,-0.041930198669433594,1.5296512801457531,33.26447481261516,0.0,-3.0608883329461833,30.329506000000002,28.654791,-0.436819,3.0132838991999997,-28.79985471985425,4.609683812615163,0.436819,0.2090130750334034,11.975567062465213,29.169703933632206
1723528410.8642976,197.34281873703003,1723528410.8062322,0.05806541442871094,1.214684444407429,33.30734071750583,0.0,-3.060756545037123,30.329506000000002,28.654791,-0.436819,3.0132838991999997,-29.114821555592574,4.652549717505831,0.436819,0.20914486294246373,11.983117953445223,29.487452652384583
1723528410.9642956,197.44281673431396,1723528410.959864,0.004431724548339844,0.8973310301874519,33.34615066966269,0.0,-3.059706904560436,30.159666,28.703196000000002,-0.429136,3.0281307825,-29.26233496981255,4.642954669662689,0.429136,0.19534762011915088,11.192594170752233,29.631493949116926
1723528411.0642915,197.5428125858307,1723528411.0945444,-0.030252933502197266,0.5800075235159293,33.38708730166261,0.0,-3.0584991848017435,29.988234000000002,28.74297,-0.43212300000000003,3.0436618421999997,-29.408226476484074,4.644117301662611,0.43212300000000003,0.18102428017784278,10.37192724358412,29.77580125355
1723528411.1642895,197.64281058311462,1723528411.2255268,-0.061237335205078125,0.268203266533053,33.433160771501186,0.0,-3.057736567034969,29.799426,28.783289,-0.42026,3.0558550678999996,-29.531222733466947,4.649871771501186,0.42026,0.16959367224461833,9.717001651741601,29.898010671157348
1723528411.2642858,197.7428069114685,1723528411.2255268,0.03875899314880371,-0.05245443260751685,33.484317929495056,0.0,-3.0575057706026265,29.799426,28.783289,-0.42026,3.0558550678999996,-29.851880432607516,4.701028929495056,0.42026,0.1698244686769608,9.730225313241501,30.222691091731804
1723528411.3642836,197.84280467033386,1723528411.3562908,0.007992744445800781,-0.365390530400896,33.52624761203462,0.0,-3.057052521816128,29.615116,28.822501000000003,-0.41789000000000004,3.0688274611999997,-29.980506530400895,4.703746612034614,0.41789000000000004,0.15730532416345813,9.012931169503439,30.350134036964942
1723528411.46428,197.94280099868774,1723528411.4891002,-0.024820327758789062,-0.6926499755548218,33.5596624178406,0.0,-3.05693943880869,29.425272,28.863513,-0.417435,3.0828210903,-30.11792197555482,4.696149417840598,0.417435,0.1434247780708964,8.217634461062845,30.484705927063125
1723528411.5642776,198.0427987575531,1723528411.5931442,-0.02886652946472168,-1.005839033101319,33.59712212034447,0.0,-3.0571293763203875,29.256681,28.908350000000002,-0.417213,3.0926206141,-30.262520033101318,4.6887721203444706,0.417213,0.1334353167591991,7.64528048829337,30.626439059050714
1723528411.664274,198.14279508590698,1723528411.695525,-0.031250953674316406,-1.324793319884243,33.640029167269006,0.0,-3.057462758388035,29.08625,28.955442,-0.3997,3.1034767577999998,-30.411043319884243,4.6845871672690045,0.3997,0.12224579099155111,7.004167887054257,30.772336161260448
1723528411.7642713,198.24279236793518,1723528411.7678127,-0.0035414695739746094,-1.6483694190982379,33.686914676564605,0.0,-3.059775886473149,28.900253000000003,28.988332,-0.402158,3.1118066278999996,-30.54862241909824,4.698582676564605,0.402158,0.11160279280643806,6.394369009681885,30.910463308240928
1723528411.8642676,198.34278869628906,1723528411.9429233,-0.07865571975708008,-1.964741692013209,33.74120790296357,0.0,-3.0607850497264057,28.708309,29.038251000000002,-0.40344100000000005,3.1187445292,-30.67305069201321,4.702956902963571,0.40344100000000005,0.1036557282531805,5.9390357512622085,31.034120045949837
1723528411.9642656,198.442786693573,1723528411.9429233,0.02134227752685547,-2.281143104392276,33.78747072497407,0.0,-3.062090233405987,28.708309,29.038251000000002,-0.40344100000000005,3.1187445292,-30.989452104392274,4.749219724974068,0.40344100000000005,0.10235054457360017,5.8642542349329,31.353851348231313
1723528412.0642614,198.54278254508972,1723528412.0668192,-0.0025577545166015625,-2.604831527461199,33.83028194641435,0.0,-3.063842550769003,28.508569,29.075873,-0.390981,3.1252348651,-31.113400527461202,4.754408946414351,0.390981,0.09410789131058397,5.391984990972335,31.47699100858163
1723528412.1642594,198.64278054237366,1723528412.1958854,-0.031625986099243164,-2.924492877041096,33.88180178953282,0.0,-3.0647201669785455,28.313732,29.120330000000003,-0.382618,3.1305517729999996,-31.238224877041098,4.76147178953282,0.382618,0.08791336720104173,5.037064903403531,31.60134021849438
1723528412.2642553,198.74277639389038,1723528412.3030145,-0.03875923156738281,-3.254772648350066,33.94768541668479,0.0,-3.0691816383135655,28.125443,29.167901,-0.391484,3.1304559724999996,-31.380215648350067,4.779784416684791,0.391484,0.08354769636602134,4.7869303898135085,31.74456698285855
1723528412.3942535,198.87277460098267,1723528412.4251652,-0.030911684036254883,-3.5387521039274943,33.98757897855545,0.0,-3.0703170435466114,27.931604,29.219292,-0.39959300000000003,3.1301259511999997,-31.470356103927493,4.768286978555448,0.39959300000000003,0.08274231243297538,4.740785289562328,31.832052220733694
1723528412.4642491,198.94277024269104,1723528412.4251652,0.03908395767211914,-3.8287424410701196,34.024545939810565,0.0,-3.0695203460078555,27.931604,29.219292,-0.39959300000000003,3.1301259511999997,-31.76034644107012,4.805253939810566,0.39959300000000003,0.08353900997173126,4.7864326960815,32.12428592277982
1723528412.5942473,199.07276844978333,1723528412.6603813,-0.06613397598266602,-4.117144974799607,34.05806807429174,0.0,-3.072263657531967,27.544716,29.29885,-0.389608,3.1274376062,-31.66186097479961,4.759218074291738,0.389608,0.08348404344761942,4.783283346235387,32.01992179034589
1723528412.694243,199.17276406288147,1723528412.6603813,0.033861637115478516,-4.41840547041258,34.08431785418823,0.0,-3.0739844224436523,27.544716,29.29885,-0.389608,3.1274376062,-31.96312147041258,4.7854678541882265,0.389608,0.0817632785359346,4.684690779261645,32.321720732496324
1723528412.794241,199.2727620601654,1723528412.7811172,0.013123750686645508,-4.723091269535484,34.126001017263654,0.0,-3.0747343343145626,27.348139,29.354662,-0.376626,3.1274649603999998,-32.071230269535484,4.771339017263653,0.376626,0.08098601246502414,4.64015671383976,32.42639872331042
1723528412.8942368,199.37275791168213,1723528412.865501,0.028735876083374023,-5.043278821586232,34.19197383758173,0.0,-3.0738866897768036,27.143339,29.395804000000002,-0.36981,3.1269737368999997,-32.18661782158623,4.796169837581726,0.36981,0.08232488050278366,4.716868201728342,32.544098871222126
1723528412.9942353,199.47275638580322,1723528413.061615,-0.06737971305847168,-5.352907713915879,34.26022696972433,0.0,-3.0763564608704073,26.932858000000003,29.448106000000003,-0.372803,3.1259861894,-32.28576571391588,4.812120969724326,0.372803,0.08084265690917938,4.631943045520103,32.644542546005084
1723528413.0942316,199.5727527141571,1723528413.061615,0.032616615295410156,-5.648440898616726,34.30951686460307,0.0,-3.0799863484877315,26.932858000000003,29.448106000000003,-0.372803,3.1259861894,-32.58129889861673,4.861410864603066,0.372803,0.07721276929185475,4.423965804940603,32.94409409275498
1723528413.2042298,199.68275094032288,1723528413.175807,0.028422832489013672,-5.94177609468821,34.346473331111824,0.0,-3.0797491602497375,26.728112000000003,29.491522,-0.36813500000000005,3.1240576626,-32.66988809468821,4.854951331111824,0.36813500000000005,0.07937848432984954,4.548052136245719,33.03070789318842
1723528413.2942264,199.77274751663208,1723528413.3037634,-0.009536981582641602,-6.23557762942233,34.37621820624669,0.0,-3.0816638782724635,26.525153000000003,29.530697,-0.37286400000000003,3.1231876472,-32.76073062942233,4.845521206246691,0.37286400000000003,0.07833378170712303,4.488195085117242,33.11923270089832
1723528413.394224,199.87274503707886,1723528413.3895109,0.0047130584716796875,-6.539051049655061,34.409180349207354,0.0,-3.081914339735315,26.309569,29.578635000000002,-0.377313,3.1220658963999997,-32.84862004965506,4.830545349207352,0.377313,0.07920507104427202,4.538116286870631,33.20404151059504
1723528413.4942203,199.97274136543274,1723528413.512033,-0.017812728881835938,-6.8465695728997105,34.458376532550844,0.0,-3.0828849219287453,26.107805000000003,29.630874000000002,-0.372572,3.1210733201,-32.95437457289971,4.827502532550842,0.372572,0.07922706515084091,4.539376456351189,33.30817308241249
1723528413.5942178,200.07273888587952,1723528413.659069,-0.06485128402709961,-7.150968822052627,34.505945707930564,0.0,-3.0857582639031116,25.884981,29.678700000000003,-0.37087000000000003,3.1206883849,-33.03594982205263,4.827245707930562,0.37087000000000003,0.07673865837647512,4.3968012504682665,33.388827866919996
1723528413.7042139,200.18273496627808,1723528413.659069,0.04514479637145996,-7.446365951494665,34.55981117099451,0.0,-3.0872300630128375,25.884981,29.678700000000003,-0.37087000000000003,3.1206883849,-33.331346951494666,4.8811111709945045,0.37087000000000003,0.07526685926674961,4.312473373189883,33.68889253777007
1723528413.7942119,200.27273297309875,1723528413.7624626,0.03174924850463867,-7.727281168274365,34.60945195884218,0.0,-3.088529921717663,25.685665,29.7391,-0.365423,3.1200770279,-33.41294616827437,4.870351958842178,0.365423,0.07457835756192413,4.273025131315821,33.76801495225811
1723528413.904208,200.38272905349731,1723528413.8881683,0.016039609909057617,-8.015803673134545,34.66110022911061,0.0,-3.0898724185907214,25.480738000000002,29.790660000000003,-0.36025,3.1208899881999996,-33.496541673134544,4.870440229110606,0.36025,0.07242290038886548,4.149526532378361,33.85069086662602
1723528413.9942062,200.47272729873657,1723528414.0000174,-0.005811214447021484,-8.295868275683887,34.70991488867677,0.0,-3.0906949167938063,25.268926,29.845548,-0.35941,3.1206346795999997,-33.56479427568389,4.86436688867677,0.35941,0.07185571078578003,4.117028961937864,33.91735036149989
1723528414.0942023,200.57272338867188,1723528414.123929,-0.029726743698120117,-8.571882718247519,34.749060042934715,0.0,-3.092965359579977,25.059874,29.896607,-0.35009300000000004,3.1214176675,-33.631756718247516,4.852453042934716,0.35009300000000004,0.06880228009960934,3.9420802705845484,33.981817573489536
1723528414.1942008,200.67272186279297,1723528414.2605095,-0.06630873680114746,-8.861384820722977,34.79382824834691,0.0,-3.0945429720543203,24.839182,29.941065000000002,-0.34585000000000005,3.1232269144,-33.700566820722976,4.8527632483469105,0.34585000000000005,0.06541542072526621,3.7480275226303683,34.04992110717763
1723528414.2941968,200.77271795272827,1723528414.2605095,0.03368735313415527,-9.158343978761703,34.83671559567599,0.0,-3.094333895950628,24.839182,29.941065000000002,-0.34585000000000005,3.1232269144,-33.9975259787617,4.895650595675988,0.34585000000000005,0.06562449682895834,3.760006700968967,34.34994584644959
1723528414.394195,200.8727161884308,1723528414.3666694,0.027525663375854492,-9.438025563037437,34.88684851484288,0.0,-3.0970119850297992,24.605063,29.994009000000002,-0.34500200000000003,3.1242310346999997,-34.043088563037436,4.89283951484288,0.34500200000000003,0.061942287449787053,3.5490316442589656,34.394633066930986
1723528414.494191,200.9727120399475,1723528414.4914377,0.0027532577514648438,-9.739455418639494,34.95220021183202,0.0,-3.0996964521558397,24.382741000000003,30.049665,-0.34986900000000004,3.1252069769,-34.1221964186395,4.902535211832021,0.34986900000000004,0.05828187812374732,3.3393056385865627,34.4743607374035
1723528414.5941892,201.07271027565002,1723528414.6004777,-0.0062885284423828125,-10.01412216397705,35.01396587521246,0.0,-3.0997131545191356,24.145825000000002,30.092257,-0.345883,3.1268286899,-34.15994716397705,4.921708875212463,0.345883,0.056643462760450874,3.2454313531802828,34.51441501094489
1723528414.6941855,201.1727066040039,1723528414.722526,-0.028340578079223633,-10.289871132602034,35.068813106728,0.0,-3.100272182520423,23.926143,30.154099000000002,-0.34240600000000004,3.1284639898999997,-34.216014132602034,4.914714106727999,0.34240600000000004,0.05444913475916405,3.11970561983917,34.568877328344485
1723528414.8041837,201.28270483016968,1723528414.845265,-0.04108119010925293,-10.562970027839924,35.13310108924633,0.0,-3.102810340633533,23.698081000000002,30.200075000000002,-0.34118400000000004,3.129880148,-34.261051027839926,4.933026089246329,0.34118400000000004,0.05049481854605389,2.893139989967804,34.616047874523346
1723528414.90418,201.38270115852356,1723528414.845265,0.058915138244628906,-10.838146329769417,35.194376268952084,0.0,-3.1059978030199074,23.698081000000002,30.200075000000002,-0.34118400000000004,3.129880148,-34.53622732976942,4.994301268952082,0.34118400000000004,0.047307356159679764,2.7105118478718686,34.89714099837442
1723528414.9941778,201.47269892692566,1723528414.9722087,0.021969079971313477,-11.117676397036554,35.24513333217237,0.0,-3.106866243238481,23.462634,30.264954,-0.346549,3.1338207524999997,-34.580310397036556,4.980179332172373,0.346549,0.04249831144110618,2.434973882007924,34.938805783045765
1723528415.1041741,201.5826952457428,1723528415.075518,0.0286562442779541,-11.412136266831249,35.301806116661446,0.0,-3.1091162881917005,23.234104000000002,30.305406,-0.33676100000000003,3.1357102094,-34.64624026683125,4.9964001166614445,0.33676100000000003,0.03835880958788553,2.1977978965317977,35.00627639044025
1723528415.1941721,201.67269325256348,1723528415.2114441,-0.017271995544433594,-11.714896630582226,35.35749971240503,0.0,-3.110090425527028,23.009856000000003,30.361963,-0.33692900000000003,3.1381516422,-34.72475263058223,4.9955367124050305,0.33692900000000003,0.03494323945255864,2.002100143146639,35.08386172374921
1723528415.2941682,201.77268934249878,1723528415.3515327,-0.057364463806152344,-11.99726425758695,35.41756157472569,0.0,-3.1133261211579155,22.774019000000003,30.397831,-0.326305,-3.1407425526000003,-34.77128325758695,5.019730574725688,0.326305,0.02741643144208483,1.57084581094123,35.13326499736692
1723528415.3941665,201.8726875782013,1723528415.3515327,0.042633771896362305,-12.282648585481773,35.465452484920284,0.0,-3.1133587422652402,22.774019000000003,30.397831,-0.326305,-3.1407425526000003,-35.056667585481776,5.067621484920284,0.326305,0.027383810334760117,1.5689767591684807,35.42255220430086
1723528415.5041625,201.98268365859985,1723528415.4542813,0.0498812198638916,-12.566251632174538,35.514787964338495,0.0,-3.1137860883691015,22.533634000000003,30.451150000000002,-0.328129,-3.1370664442000002,-35.09988563217454,5.0636379643384934,0.328129,0.023280355830898714,1.3338661346732732,35.464772231980625
1723528415.594161,202.0726821422577,1723528415.5751023,0.019058704376220703,-12.854948768844373,35.58160964550852,0.0,-3.1165254710776766,22.285342,30.500431000000003,-0.33274200000000004,-3.1335933738,-35.14029076884437,5.081178645508519,0.33274200000000004,0.017067902722323502,0.9779187911289849,35.50731092303478
1723528415.6941571,202.172678232193,1723528415.7026114,-0.008454322814941406,-13.135636278861833,35.63036865830535,0.0,-3.1192529468228236,22.048035000000002,30.552807,-0.334378,-3.1293301467,-35.18367127886184,5.077561658305349,0.334378,0.01007719987717648,0.5773810222719639,35.54974213267635
1723528415.7941556,202.2726767063141,1723528415.8479517,-0.05379605293273926,-13.439275811823942,35.67762284065965,0.0,-3.1192456822267647,21.812263,30.598775,-0.33372100000000005,-3.125522966,-35.25153881182394,5.078847840659652,0.33372100000000005,0.006277283773235442,0.3596618670123473,35.61708934901817
1723528415.9341502,202.41267132759094,1723528415.9640086,-0.02985835075378418,-13.725831776990796,35.72193146692685,0.0,-3.118400420344013,21.562713000000002,30.641147,-0.32904900000000004,-3.1227550012000003,-35.2885447769908,5.080784466926847,0.32904900000000004,0.004354580855987056,0.24949910459652364,35.653948400162506
1723528416.0041504,202.48267149925232,1723528415.9640086,0.04014182090759277,-14.01025247557873,35.77346288593021,0.0,-3.118626566092164,21.562713000000002,30.641147,-0.32904900000000004,-3.1227550012000003,-35.572965475578734,5.132315885930208,0.32904900000000004,0.004128435107836115,0.23654190767264627,35.942799172074636
1723528416.1341455,202.61266660690308,1723528416.085862,0.04828357696533203,-14.289241689759747,35.830739952982036,0.0,-3.120817349197674,21.301858000000003,30.680811000000002,-0.31727700000000003,-3.1187256796000002,-35.59109968975975,5.149928952982034,0.31727700000000003,-0.0020916695976738175,-0.11984384008253667,35.963159066493425
1723528416.234142,202.71266317367554,1723528416.19118,0.042962074279785156,-14.577217518198527,35.891267893959906,0.0,-3.1213976562668564,21.056816,30.72362,-0.308309,-3.1147831874,-35.63403351819853,5.167647893959906,0.308309,-0.006614468866856349,-0.37898114979154884,36.00810997499765
1723528416.294142,202.77266311645508,1723528416.3168797,-0.022737741470336914,-14.857330049810896,35.94536961871025,0.0,-3.122799480046629,20.799238000000003,30.778734,-0.30656700000000003,-3.1114917126000003,-35.6565680498109,5.166635618710252,0.30656700000000003,-0.011307767446628869,-0.6478873504072575,36.030250513045424
1723528416.4041405,202.88266158103943,1723528416.450362,-0.04622149467468262,-15.140934534539186,35.98865006693815,0.0,-3.124884187747225,20.555502,30.825381,-0.30117900000000003,-3.1091105378000004,-35.69643653453919,5.163269066938149,0.30117900000000003,-0.015773649947224747,-0.9037635694927317,36.06917849788134
1723528416.5341356,203.01265668869019,1723528416.5915253,-0.05738973617553711,-15.427835204189906,36.026231311281734,0.0,-3.128645978761256,20.305653000000003,30.872815000000003,-0.29454400000000003,-3.1065613611000003,-35.73348820418991,5.153416311281731,0.29454400000000003,-0.022084617661255915,-1.2653553841500427,36.104385261132755
1723528416.6341321,203.11265325546265,1723528416.5915253,0.04260683059692383,-15.727278945490374,36.06512381859942,0.0,-3.131638521919851,20.305653000000003,30.872815000000003,-0.29454400000000003,-3.1065613611000003,-36.032931945490375,5.192308818599415,0.29454400000000003,-0.025077160819850786,-1.4368154771482773,36.40630455874342
1723528416.7341306,203.21265172958374,1723528416.6985893,0.03554129600524902,-16.02888352982468,36.12450654391888,0.0,-3.1331547879961783,20.048727000000003,30.918002,-0.29317000000000004,-3.1038870966000003,-36.07761052982468,5.206504543918882,0.29317000000000004,-0.02926769139617802,-1.6769151930923523,36.452539277209
1723528416.7941306,203.27265167236328,1723528416.8011208,-0.006990194320678711,-16.31763269719226,36.19690028892111,0.0,-3.137509101268138,19.787126,30.958022,-0.29776800000000003,-3.1024457744,-36.10475869719226,5.238878288921107,0.29776800000000003,-0.03506332686813795,-2.008980645231967,36.484080255509156
1723528416.9341254,203.41264653205872,1723528416.9357083,-0.0015828609466552734,-16.614041875249704,36.27274572987222,0.0,3.1406374952280025,19.527081000000003,30.994462000000002,-0.296773,-3.1003414705,-36.14112287524971,5.278283729872218,0.296773,-0.04220634145158388,-2.418245233863817,36.525732244959315
1723528417.0341215,203.51264262199402,1723528417.0628788,-0.028757333755493164,-16.906993416088746,36.352023590219105,0.0,3.135789692550154,19.267770000000002,31.044949000000003,-0.28839200000000004,-3.098461967,-36.17476341608875,5.307074590219102,0.28839200000000004,-0.04893364762943289,-2.8036914853468504,36.56311965439774
1723528417.1051216,203.58364272117615,1723528417.0628788,0.04224276542663574,-17.196670925898513,36.4169233281771,0.0,3.130238753261227,19.267770000000002,31.044949000000003,-0.28839200000000004,-3.098461967,-36.464440925898515,5.371974328177096,0.28839200000000004,-0.05448458691835992,-3.121736878935719,36.85914717090725
1723528417.2051198,203.68364095687866,1723528417.1848354,0.020284414291381836,-17.484279498136498,36.474492886227864,0.0,3.1253450056372376,19.000275000000002,31.102337000000002,-0.29613300000000004,-3.095636985,-36.484554498136504,5.372155886227862,0.29613300000000004,-0.06220331654234836,-3.563987509592858,36.87913326729784
1723528417.3341148,203.8126358985901,1723528417.3286004,0.005514383316040039,-17.7796370897355,36.53321195075672,0.0,3.1195294466444228,18.742291,31.149371000000002,-0.29187300000000005,-3.0930228948000003,-36.521928089735496,5.383840950756721,0.29187300000000005,-0.07063296573516299,-4.046970831116997,36.917775726917576
1723528417.434111,203.91263222694397,1723528417.454882,-0.020770788192749023,-18.084537805543313,36.59369195638797,0.0,3.117149945604435,18.487139000000003,31.186673000000003,-0.28951000000000005,-3.0914584460000003,-36.57167680554332,5.407018956387969,0.28951000000000005,-0.07457691557515059,-4.272942511559583,36.970355886898815
1723528417.5341098,204.01263093948364,1723528417.5856478,-0.05153799057006836,-18.36788138470381,36.67007932687286,0.0,3.1124107472167344,18.220901,31.22532,-0.28300600000000004,-3.0911232749,-36.58878238470381,5.444759326872859,0.28300600000000004,-0.07965128506285193,-4.563682466894832,36.99276271000608
1723528417.6241064,204.10262751579285,1723528417.5856478,0.03845858573913574,-18.65402144543615,36.76306388739624,0.0,3.1080351935378383,18.220901,31.22532,-0.28300600000000004,-3.0911232749,-36.874922445436155,5.537743887396243,0.28300600000000004,-0.08402683874174802,-4.814383225728518,37.28949724943153
1723528417.734105,204.21262621879578,1723528417.7158782,0.01822686195373535,-18.945492099063095,36.860902382220694,0.0,3.104478076590799,17.939197,31.283253000000002,-0.280528,-3.0900736611000004,-36.884689099063095,5.577649382220692,0.280528,-0.08863356948878678,-5.078329454886989,37.3050822077142
1723528417.834102,204.31262302398682,1723528417.8212183,0.012883663177490234,-19.25244997887163,36.94267364073738,0.0,3.1015392333703335,17.660205,31.327208000000002,-0.28209,-3.0887815266,-36.91265497887163,5.61546564073738,0.28209,-0.09286454720925287,-5.320746621483577,37.33841355386726
1723528417.9341004,204.4126214981079,1723528417.9457052,-0.011604785919189453,-19.547576720066157,37.01556468903987,0.0,3.0954426210402435,17.384778,31.368009,-0.284322,-3.0888629373,-36.93235472006616,5.647555689039869,0.284322,-0.09887974883934295,-5.6653922878079515,37.36274279853239
1723528418.0340967,204.5126178264618,1723528418.0557191,-0.021622419357299805,-19.849672928705356,37.090045043591864,0.0,3.0885561476401566,17.106188000000003,31.407551,-0.279239,-3.090501751,-36.95586092870536,5.682494043591863,0.279239,-0.10412740853943017,-5.966061040943837,37.391233865123915
1723528418.1340952,204.61261630058289,1723528418.0557191,0.07837605476379395,-20.1457223458411,37.16961961900294,0.0,3.0803650260041264,17.106188000000003,31.407551,-0.279239,-3.090501751,-37.251910345841104,5.762068619002935,0.279239,-0.11231853017545947,-6.435377740166609,37.69594452462761
1723528418.2340913,204.7126123905182,1723528418.2148108,0.019280433654785156,-20.451649056213785,37.2579394240904,0.0,3.0686301444610464,16.817845000000002,31.452178,-0.277449,-3.0902719431000003,-37.26949405621379,5.805761424090402,0.277449,-0.12428321961853975,-7.120903948439841,37.720008362501886
1723528418.3340898,204.81261086463928,1723528418.3341413,-5.14984130859375e-05,-20.761537853389292,37.36865607004927,0.0,3.058147083772771,16.542402000000003,31.493602000000003,-0.268832,-3.0911535779,-37.303939853389295,5.875054070049266,0.268832,-0.13388464550681548,-7.671025129145687,37.76469858949642
1723528418.4340863,204.91260743141174,1723528418.4354124,-0.0013260841369628906,-21.05907085057004,37.466155211212055,0.0,3.0464749549083674,16.245701,31.544161000000003,-0.273422,-3.0934292688,-37.30477185057004,5.921994211212052,0.273422,-0.1432810834712195,-8.209401366962537,37.77288416113861
1723528418.534085,205.01260614395142,1723528418.5627341,-0.028649091720581055,-21.33470741941856,37.57088344841842,0.0,3.0357886787994026,15.972116,31.594936,-0.280409,-3.0936753127000003,-37.30682341941856,5.97594744841842,0.280409,-0.15372131568018357,-8.807582609672723,37.78345736908174
1723528418.6340811,205.11260223388672,1723528418.679218,-0.04513692855834961,-21.634767333034333,37.675410098331845,0.0,3.025597802348317,15.69062,31.639027000000002,-0.27182700000000004,-3.0937555032,-37.32538733303433,6.036383098331843,0.27182700000000004,-0.1638320016312689,-9.386882242652126,37.81132568938564
1723528418.7340796,205.2126007080078,1723528418.679218,0.05486154556274414,-21.936193473753615,37.7908461498618,0.0,3.0163296543713125,15.69062,31.639027000000002,-0.27182700000000004,-3.0937555032,-37.626813473753614,6.151819149861797,0.27182700000000004,-0.17310014960827427,-9.917908005637246,38.127363677012625
1723528418.834076,205.3125970363617,1723528418.8048398,0.0292360782623291,-22.2269144568828,37.904067804256414,0.0,3.0100842228740143,15.404102,31.686474,-0.27487,-3.094733843,-37.6310164568828,6.217593804256413,0.27487,-0.17836724130557194,-10.2196901302008,38.142200065148465
1723528418.9340744,205.4125955104828,1723528418.9155085,0.018565893173217773,-22.521148685754067,38.02017705549713,0.0,3.0072149744921894,15.118445,31.74096,-0.27402800000000005,-3.0955106204000002,-37.639593685754065,6.279217055497128,0.27402800000000005,-0.18045971228739635,-10.339579886212935,38.16074777835842
1723528419.0340705,205.5125916004181,1723528419.0364017,-0.002331256866455078,-22.828122410931314,38.1311225274097,0.0,3.0046588402471954,14.841332999999999,31.786453,-0.27829200000000004,-3.0961069897,-37.66945541093131,6.3446695274097,0.27829200000000004,-0.18241947723239105,-10.451866146398817,38.2010490537295
1723528419.134069,205.61259007453918,1723528419.1430826,-0.009013652801513672,-23.1169855118638,38.231599937492355,0.0,3.0043584336010376,14.563312999999999,31.832498,-0.278924,-3.0974063146,-37.680298511863796,6.399101937492354,0.278924,-0.18142055897854828,-10.39463234637505,38.22082155249099
1723528419.2340655,205.71258664131165,1723528419.252763,-0.018697500228881836,-23.413234620330453,38.33320499964826,0.0,3.0006413933018434,14.2796,31.880953,-0.275401,-3.0977083067,-37.69283462033045,6.452251999648258,0.275401,-0.18483560717774264,-10.590300195022639,38.24208654471337
1723528419.3340645,205.8125855922699,1723528419.3849874,-0.05092287063598633,-23.699407067095823,38.4380341603239,0.0,3.0002046701579097,13.992923,31.921628000000002,-0.27894800000000003,-3.0976568001,-37.692330067095824,6.5164061603239,0.27894800000000003,-0.18532383692167656,-10.618273698782804,38.252491515192936
1723528419.4340615,205.91258263587952,1723528419.3849874,0.04907417297363281,-23.99477982748245,38.55033643116174,0.0,2.9994540407893204,13.992923,31.921628000000002,-0.27894800000000003,-3.0976568001,-37.98770282748245,6.628708431161737,0.27894800000000003,-0.18607446629026583,-10.66128159358154,38.562717144428206
1723528419.5340602,206.0125813484192,1723528419.5103717,0.023688554763793945,-24.279892175137903,38.654161456805376,0.0,2.9989177870766213,13.694301,31.964762,-0.26982700000000004,-3.0985574506,-37.9741931751379,6.689399456805376,0.26982700000000004,-0.18571006950296567,-10.640403195601115,38.559826490861276
1723528419.6340568,206.11257791519165,1723528419.6342487,-0.0001919269561767578,-24.560473262188975,38.765113732195374,0.0,2.999136003330256,13.408106,32.015773,-0.268855,-3.0985249709000002,-37.968579262188975,6.749340732195371,0.268855,-0.1855243329493297,-10.629761274976468,38.564736411901265
1723528419.7340555,206.21257662773132,1723528419.7564454,-0.022389888763427734,-24.826280896842523,38.86973365817849,0.0,3.002273675501552,13.127462,32.075289,-0.270118,-3.0989571033,-37.95374289684252,6.794444658178492,0.270118,-0.1819545283780342,-10.425226539354728,38.55806065956376
1723528419.834052,206.31257319450378,1723528419.8864179,-0.052365779876708984,-25.11640983914192,38.97691069434731,0.0,3.0045850141507042,12.849643,32.118914000000004,-0.27294,-3.0982476987000003,-37.96605283914192,6.857996694347307,0.27294,-0.1803525943288824,-10.333442479280027,38.581443507051354
1723528419.9340508,206.41257190704346,1723528419.8864179,0.04763293266296387,-25.403249036564052,39.08803786451417,0.0,3.0106627674876663,12.849643,32.118914000000004,-0.27294,-3.0982476987000003,-38.25289203656405,6.969123864514167,0.27294,-0.1742748409919204,-9.985212864150553,38.88350463684525
1723528420.0340471,206.51256823539734,1723528420.015846,0.018201112747192383,-25.684796405100517,39.1863994896784,0.0,3.0158815220137303,12.555420999999999,32.172324,-0.27131900000000003,-3.0991398367,-38.240217405100516,7.0140754896783974,0.27131900000000003,-0.16816394846585617,-9.635084513349033,38.87910873674988
1723528420.1340458,206.612566947937,1723528420.1243856,0.00966024398803711,-25.956592986055586,39.283774040559834,0.0,3.0251603258020943,12.263008,32.225799,-0.257809,-3.0995723705000002,-38.21960098605558,7.057975040559832,0.257809,-0.15845261087749152,-9.078665856108984,38.86668723581864
1723528420.2340424,206.71256351470947,1723528420.24924,-0.015197515487670898,-26.243032658710913,39.37510030243631,0.0,3.032668706315638,11.973032,32.268911,-0.256987,-3.1002980212,-38.21606465871091,7.106189302436306,0.256987,-0.15021857966394792,-8.606890619193951,38.87198948753463
1723528420.3640416,206.84256267547607,1723528420.3711789,-0.007137298583984375,-26.52059722958178,39.458820246625294,0.0,3.044049446704479,11.671748,32.316588,-0.25726400000000005,-3.1012894524,-38.19234522958178,7.142232246625291,0.25726400000000005,-0.13784640807510787,-7.898017403741751,38.85528149899301
1723528420.4640384,206.94255948066711,1723528420.4815304,-0.017492055892944336,-26.819234567815734,39.543756293850386,0.0,3.0550904684482507,11.373472,32.37345,-0.281783,-3.1013884656000004,-38.19270656781573,7.170306293850388,0.281783,-0.1267063731313354,-7.2597404178353315,38.86097694322666
1723528420.564037,207.0425581932068,1723528420.6255076,-0.06147050857543945,-27.105553450474783,39.62009718206403,0.0,3.0663883771169234,11.083586,32.432794,-0.27342,-3.1009673457,-38.189139450474784,7.187303182064028,0.27342,-0.11582958436266313,-6.6365463267351155,38.86055143066188
1723528420.6340342,207.11255526542664,1723528420.6255076,0.00852656364440918,-27.38710289027358,39.69011364278284,0.0,3.0761300589327707,11.083586,32.432794,-0.27342,-3.1009673457,-38.47068889027358,7.257319642782839,0.27342,-0.10608790254681578,-6.078389073327722,39.150189662198834
1723528420.7640328,207.24255394935608,1723528420.7316918,0.03234100341796875,-27.657968312037656,39.76286931286948,0.0,3.087807580685599,10.787168,32.489135000000005,-0.260261,-3.1014589825,-38.445136312037654,7.273734312869479,0.260261,-0.09391874399398706,-5.381147648025107,39.12803921350381
1723528420.8640296,207.34255075454712,1723528420.8573024,0.0067272186279296875,-27.921919977210468,39.839276133150896,0.0,3.098051060922913,10.505782,32.540294,-0.26219400000000004,-3.1011503163,-38.42770197721047,7.2989821331508935,0.26219400000000004,-0.08398392995667361,-4.811924733439721,39.115625587774986
1723528420.9640284,207.4425494670868,1723528420.951024,0.013004302978515625,-28.18917964572121,39.901531077521355,0.0,3.1079280946489085,10.209209999999999,32.581404,-0.267251,-3.1014398603,-38.39838964572121,7.320127077521356,0.267251,-0.07381735223067779,-4.22942273764845,39.090817475625805
1723528421.0640252,207.54254627227783,1723528421.1238022,-0.059777021408081055,-28.45825742480408,39.965739177189,0.0,3.11719358412142,9.919305999999999,32.632272,-0.260898,-3.1013145349,-38.37756342480408,7.333467177189,0.260898,-0.06467718815816628,-3.705729912236434,39.072818979824994
1723528421.1640236,207.64254474639893,1723528421.1238022,0.040221452713012695,-28.727846508610874,40.02984305146808,0.0,3.1275261257774867,9.919305999999999,32.632272,-0.260898,-3.1013145349,-38.64715250861087,7.397571051468077,0.260898,-0.0543446465020996,-3.1137188837006993,39.34964449968704
1723528421.2640202,207.7425413131714,1723528421.245063,0.018957138061523438,-29.000433889146557,40.08515705421526,0.0,3.137764980072987,9.621502999999999,32.681512,-0.25772100000000003,-3.1004191966000003,-38.62193688914655,7.403645054215261,0.25772100000000003,-0.04500113050659873,-2.5783748513455236,39.32600144016509
1723528421.3640187,207.84253978729248,1723528421.3462834,0.01773524284362793,-29.27034861869535,40.14349667957772,0.0,-3.1357206694702624,9.329056999999999,32.741746,-0.264487,-3.0998690691000004,-38.59940561869535,7.401750679577724,0.264487,-0.03585160037026203,-2.0541453900056736,39.30356193288807
1723528421.4640157,207.9425368309021,1723528421.497425,-0.03340935707092285,-29.54193336296841,40.18859713459555,0.0,-3.126252962880071,9.032604,32.796269,-0.265407,-3.0994858354000003,-38.574537362968414,7.3923281345955445,0.265407,-0.02676712748007048,-1.5336434342966851,39.277371206487686
1723528421.5640144,208.04253554344177,1723528421.6209488,-0.056934356689453125,-29.806793783632067,40.235239674668314,0.0,-3.117256716241184,8.74265,32.845693000000004,-0.251892,-3.0986869871000002,-38.549443783632064,7.38954667466831,0.251892,-0.01856972914118371,-1.0639671064909215,39.25211415534422
1723528421.664011,208.14253211021423,1723528421.6209488,0.04306221008300781,-30.073654625709995,40.28347729282243,0.0,-3.108088579349295,8.74265,32.845693000000004,-0.251892,-3.0986869871000002,-38.816304625709996,7.437784292822428,0.251892,-0.009401592249294932,-0.5386715565875061,39.52327908413136
1723528421.7640102,208.24253129959106,1723528421.7612689,0.0027413368225097656,-30.34018072027455,40.33154119010829,0.0,-3.0953416935435825,8.446985,32.896082,-0.260763,-3.0988311727,-38.78716572027455,7.43545919010829,0.260763,0.0034894791564177292,0.1999324283616067,39.49428155216874
1723528421.8640072,208.34252834320068,1723528421.8856163,-0.021609067916870117,-30.599305915110808,40.36752595318466,0.0,-3.085970082712494,8.162386,32.93557,-0.269349,-3.0977771193000003,-38.76169191511081,7.431955953184662,0.269349,0.011807036587506481,0.6764933650206673,39.468661977521414
1723528421.9640062,208.44252729415894,1723528421.9688885,-0.004882335662841797,-30.873883673427503,40.41166986501064,0.0,-3.0739179433075634,7.875672,32.984064000000004,-0.269303,-3.0958563972000004,-38.7495556734275,7.427605865010634,0.269303,0.021938453892436982,1.256980817078992,39.455923736237715
1723528422.0640032,208.54252433776855,1723528422.1051006,-0.041097402572631836,-31.138329289029347,40.44505903490897,0.0,-3.062878132444038,7.57219,33.044765,-0.26664000000000004,-3.0927725478,-38.71051928902935,7.400294034908974,0.26664000000000004,0.029894415355962156,1.7128238309077102,39.41243144388611
1723528422.1640024,208.64252352714539,1723528422.1051006,0.05890178680419922,-31.402753384312014,40.47743972521709,0.0,-3.051208604762347,7.57219,33.044765,-0.26664000000000004,-3.0927725478,-38.97494338431201,7.43267472521709,0.26664000000000004,0.04156394303765332,2.3814385159796974,39.67823033189368
1723528422.2639995,208.742520570755,1723528422.2291238,0.03487563133239746,-31.68965468758153,40.50676395566312,0.0,-3.038597074206302,7.261488,33.086503,-0.27485600000000004,-3.0911123697000003,-38.95114268758153,7.420260955663117,0.27485600000000004,0.052515295493698044,3.0089047916712888,39.65258295671558
1723528422.3639984,208.84251952171326,1723528422.3363857,0.027612686157226562,-31.95167232763368,40.53693721216451,0.0,-3.026897313675846,6.952421999999999,33.132686,-0.274928,-3.0872618805000003,-38.90409432763368,7.40425121216451,0.274928,0.06036456682415414,3.45863491115946,39.603372039151445
1723528422.4639957,208.94251680374146,1723528422.4535067,0.01048898696899414,-32.22605854683891,40.55991157432311,0.0,-3.015390641444736,6.6399479999999995,33.164875,-0.27631900000000004,-3.0837263506,-38.8660065468389,7.3950365743231075,0.27631900000000004,0.06833570915526412,3.915347724630134,39.56424374386881
1723528422.5639946,209.0425157546997,1723528422.5542245,0.00977015495300293,-32.5035105523661,40.57839323547793,0.0,-3.003311519288836,6.351324999999999,33.219477,-0.276291,-3.0805890007000003,-38.8548355523661,7.358916235477935,0.276291,0.0772774814111643,4.427673536260388,39.54653247351624
1723528422.6639915,209.14251255989075,1723528422.6584873,0.005504131317138672,-32.77577715604356,40.580677846364964,0.0,-2.991227134683986,6.0532889999999995,33.264006,-0.26872500000000005,-3.0769715597,-38.82906615604356,7.316671846364962,0.26872500000000005,0.08574442501601398,4.912793670193557,39.51331773697853
1723528422.7639906,209.24251174926758,1723528422.8021126,-0.038121938705444336,-33.047700217439846,40.58034788567036,0.0,-2.979096212848759,5.7445889999999995,33.304886,-0.281229,-3.0734236601,-38.792289217439844,7.27546188567036,0.281229,0.0943274472512412,5.404564619739019,39.46964831525336
1723528422.8639874,209.34250855445862,1723528422.902789,-0.03880167007446289,-33.304627385088395,40.584876070869846,0.0,-2.966093201260751,5.437104,33.358246,-0.29452,-3.0709047184,-38.74173138508839,7.226630070869845,0.29452,0.10481151713924897,6.005257576442058,39.41107299891673
1723528422.9639862,209.4425072669983,1723528422.902789,0.06119704246520996,-33.57787508541442,40.58804622831729,0.0,-2.9523649516498334,5.437104,33.358246,-0.29452,-3.0709047184,-39.01497908541442,7.229800228317288,0.29452,0.11853976675016664,6.791828339249755,39.680289142181174
1723528423.0639832,209.5425043106079,1723528423.0307496,0.033233642578125,-33.858331347945395,40.59984519741678,0.0,-2.940958115254591,5.129903,33.394956,-0.290404,-3.0666473882000003,-38.988234347945394,7.204889197416783,0.290404,0.12568927294540932,7.201464869839796,39.64942850030222
1723528423.1639822,209.64250326156616,1723528423.141778,0.022204160690307617,-34.13604581039184,40.60050437255877,0.0,-2.9309716679129467,4.838551,33.440123,-0.282625,-3.0639379190000002,-38.974596810391844,7.160381372558767,0.282625,0.1329662510870535,7.618405004964961,39.62789591719093
1723528423.263979,209.7425000667572,1723528423.2798586,-0.01587963104248047,-34.38805336218019,40.5864225940243,0.0,-2.9207024625347993,4.537615,33.480618,-0.286582,-3.061065627,-38.92566836218019,7.105804594024299,0.286582,0.1403631644652008,8.042216922956657,39.56996645959681
1723528423.3639781,209.84249925613403,1723528423.3922703,-0.028292179107666016,-34.657066769219036,40.56736564131707,0.0,-2.911263684032389,4.229356999999999,33.512385,-0.274077,-3.0598452476,-38.886423769219036,7.054980641317066,0.274077,0.14858156356761132,8.513096505878883,39.52216876147577
1723528423.463975,209.94249606132507,1723528423.523655,-0.05967998504638672,-34.92547460966909,40.544759809327005,0.0,-2.902899971864493,3.9235160000000002,33.543978,-0.25879,-3.0583194253,-38.84899060966909,7.000781809327002,0.25879,0.15541945343550712,8.90487873608458,39.47558726093965
1723528423.5639744,210.04249548912048,1723528423.523655,0.04031944274902344,-35.201807794955904,40.52945056260796,0.0,-2.8944439420106796,3.9235160000000002,33.543978,-0.25879,-3.0583194253,-39.125323794955904,6.98547256260796,0.25879,0.16387548328932056,9.389373558144717,39.744870879739835
1723528423.6639717,210.14249277114868,1723528423.6283665,0.03560519218444824,-35.47134155864462,40.51699255535425,0.0,-2.8889355751646457,3.5970400000000002,33.586876000000004,-0.252168,-3.0569898373,-39.06838155864462,6.930116555354246,0.252168,0.16805426213535446,9.628799949541008,39.67906931598651
1723528423.7639709,210.2424919605255,1723528423.741021,0.022949934005737305,-35.75546625884229,40.510861632445334,0.0,-2.8852413060575075,3.3005970000000002,33.639339,-0.28235000000000005,-3.0546796995000003,-39.05606325884229,6.871522632445334,0.28235000000000005,0.16943839344249279,9.70810483173196,39.65694922821723
1723528423.8639684,210.3424894809723,1723528423.8746886,-0.010720252990722656,-36.01956014904621,40.50485699139444,0.0,-2.8822528540941943,2.9917540000000002,33.670383,-0.25799,-3.0531680571,-39.01131414904621,6.8344739913944395,0.25799,0.17091520300580587,9.792719786854358,39.606302847081295
1723528423.9639676,210.44248867034912,1723528423.9898,-0.025832414627075195,-36.29363232532582,40.48521242746085,0.0,-2.882173404134421,2.676914,33.719022,-0.236381,-3.0510110008,-38.97054632532581,6.766190427460849,0.236381,0.16883759666557907,9.673681712069742,39.55427524013288
1723528424.0639648,210.54248595237732,1723528424.1334448,-0.06947994232177734,-36.552050116114444,40.46436705342729,0.0,-2.880105772069441,2.363306,33.753804,-0.25176800000000005,-3.0502689160000003,-38.915356116114445,6.710563053427286,0.25176800000000005,0.1701631439305591,9.749629975898205,39.490505001377905
1723528424.2039645,210.68248558044434,1723528424.232424,-0.028459548950195312,-36.81694624453636,40.442877222613696,0.0,-2.8746873835518594,2.052549,33.790403,-0.25927700000000004,-3.0488219883000003,-38.86949524453636,6.652474222613698,0.25927700000000004,0.1741346047481409,9.97717791924722,39.43552077011667
1723528424.2639616,210.74248266220093,1723528424.232424,0.031537532806396484,-37.08069415455594,40.43286123194032,0.0,-2.8724916837326884,2.052549,33.790403,-0.25927700000000004,-3.0488219883000003,-39.13324315455594,6.642458231940324,0.25927700000000004,0.1763303045673119,10.102982251963356,39.693830700996855
1723528424.3939607,210.87248182296753,1723528424.3687477,0.025213003158569336,-37.35298718765931,40.41708369558013,0.0,-2.867505032110221,1.74872,33.825134,-0.24679199999999998,-3.0477402374,-39.10170718765931,6.5919496955801336,0.24679199999999998,0.18023520528977907,10.32671658277831,39.65423321752383
1723528424.493958,210.97247910499573,1723528424.4932613,0.0006966590881347656,-37.618744741684836,40.40358513165196,0.0,-2.8618992333407003,1.443365,33.869727000000005,-0.240205,-3.0469882514,-39.062109741684836,6.533858131651954,0.240205,0.1850890180592999,10.60481956901856,39.60552256943479
1723528424.593957,211.07247805595398,1723528424.6148348,-0.020877838134765625,-37.89898531576178,40.3856734986544,0.0,-2.8576508031849306,1.146441,33.905024000000004,-0.19945,-3.0457920356000003,-39.04542631576178,6.480649498654394,0.19945,0.18814123241506975,10.779698569773412,39.58009492669885
1723528424.7039542,211.18247532844543,1723528424.7303388,-0.026384592056274414,-38.166929780896176,40.36814106338745,0.0,-2.852009657569036,0.827191,33.939525,-0.230233,-3.0438284473,-38.994120780896175,6.4286160633874445,0.230233,0.1918187897309642,10.990407082891624,39.52115341434067
1723528424.8039534,211.28247451782227,1723528424.8196363,-0.01568293571472168,-38.43453168566271,40.34356241918903,0.0,-2.844695422069039,0.5155080000000001,33.972358,-0.233871,-3.0439116565,-38.95003968566271,6.371204419189027,0.233871,0.19921623443096112,11.414249443382868,39.46837383159375
1723528424.8639503,211.34247136116028,1723528424.8196363,0.044313907623291016,-38.717817115325225,40.324162108517385,0.0,-2.8409192424337713,0.5155080000000001,33.972358,-0.233871,-3.0439116565,-39.23332511532522,6.351804108517385,0.233871,0.20299241406622892,11.630608599166964,39.74486017942984
1723528424.99395,211.47247099876404,1723528424.933307,0.06064295768737793,-38.97998628696361,40.294469572778496,0.0,-2.8349321574745625,0.200298,34.004852,-0.242097,-3.0429351039,-39.180284286963605,6.289617572778496,0.242097,0.20800294642543762,11.91769095646335,39.68264831102506
1723528425.104947,211.58346819877625,1723528425.0703375,0.03460955619812012,-39.24717213927716,40.25854509144669,0.0,-2.828978446500312,-0.116974,34.0343,-0.232129,-3.0417353842000003,-39.13019813927716,6.22424509144669,0.232129,0.2127569376996883,12.190074592319933,39.62281561487181
1723528425.2039464,211.68246746063232,1723528425.1876383,0.016308069229125977,-39.51415750572784,40.22683392513163,0.0,-2.823147902808154,-0.428826,34.083973,-0.226736,-3.0394244469,-39.08533150572784,6.142860925131629,0.226736,0.21627654409184593,12.391733184137832,39.565759040764604
1723528425.2939434,211.7724645137787,1723528425.3350465,-0.04110312461853027,-39.79727067843726,40.19262662537989,0.0,-2.8165783883846967,-0.7463040000000001,34.130306000000004,-0.223818,-3.0392702928000004,-39.050966678437256,6.062320625379883,0.223818,0.22269190441530373,12.759306254727646,39.519360121115916
1723528425.3939426,211.87246370315552,1723528425.3350465,0.05889606475830078,-40.06671398699278,40.164397965950144,0.0,-2.810960788826042,-0.7463040000000001,34.130306000000004,-0.223818,-3.0392702928000004,-39.32040998699278,6.0340919659501395,0.223818,0.2283095039739584,13.081171000433114,39.78133987054571
1723528425.49394,211.9724612236023,1723528425.4644666,0.029473543167114258,-40.342125457070175,40.13367238978565,0.0,-2.8050171389481906,-1.059292,34.164112,-0.22758399999999998,-3.0390686625,-39.282833457070176,5.969560389785649,0.22758399999999998,0.23405152355180947,13.41016448812547,39.73447432822367
1723528425.5939395,212.0724606513977,1723528425.5651088,0.028830766677856445,-40.61542118857265,40.09468607722822,0.0,-2.7978209274285106,-1.372753,34.19467,-0.233503,-3.0391169396000004,-39.242668188572644,5.900016077228216,0.233503,0.24129601217148974,13.825243110763704,39.68440146859937
1723528425.703937,212.18245816230774,1723528425.6545782,0.04935884475708008,-40.87756337612749,40.05097792972178,0.0,-2.7911753596871973,-1.6849619999999998,34.226217,-0.24328,-3.0393228889,-39.19260137612749,5.8247609297217835,0.24328,0.2481475292128028,14.217806120492904,39.62381894359558
1723528425.7939363,212.2724573612213,1723528425.7763736,0.0175626277923584,-41.156888291933356,40.00542965815883,0.0,-2.785781721869201,-1.996827,34.25776,-0.22883399999999998,-3.0398118252,-39.16006129193335,5.747669658158834,0.22883399999999998,0.25403010333079923,14.554852790126992,39.580278825279294
1723528425.8939333,212.37245440483093,1723528425.9050305,-0.011097192764282227,-41.43182709990785,39.95990675011406,0.0,-2.7797976007288883,-2.331972,34.295982,-0.223577,-3.0425968069000002,-39.09985509990785,5.663924750114056,0.223577,0.26279920617111197,15.057285372993094,39.50859019357276
1723528425.9939325,212.47245359420776,1723528425.986974,0.006958484649658203,-41.70652497015577,39.91675441691705,0.0,-2.772295522180703,-2.661208,34.325068,-0.234752,-3.0438697305,-39.04531697015577,5.5916864169170495,0.234752,0.27157420831929713,15.560055961302336,39.44437656734573
1723528426.0939293,212.5724503993988,1723528426.150855,-0.05692577362060547,-41.9806057433792,39.87017765438765,0.0,-2.766705636592241,-2.979752,34.368141,-0.240811,-3.0447251578000003,-39.0008537433792,5.502036654387652,0.240811,0.2780195212077592,15.929345187452485,39.38777716495819
1723528426.1939282,212.67244935035706,1723528426.150855,0.043073177337646484,-42.24359813183114,39.81804993490732,0.0,-2.760331645269738,-2.979752,34.368141,-0.240811,-3.0447251578000003,-39.263846131831144,5.44990893490732,0.240811,0.28439351253026235,16.294547988884926,39.64100289347654
1723528426.2939255,212.77244663238525,1723528426.2797365,0.014189004898071289,-42.52412408103901,39.763981604284965,0.0,-2.753542253230787,-3.296906,34.411482,-0.240941,-3.046315648,-39.22721808103901,5.352499604284965,0.240941,0.29277339476921327,16.774679873993453,39.59143774803771
1723528426.3939247,212.87244582176208,1723528426.3664782,0.027446508407592773,-42.800509674864294,39.721857809413734,0.0,-2.7488478288504945,-3.602251,34.446698,-0.23065,-3.0465564922,-39.19825867486429,5.275159809413736,0.23065,0.29770866334950563,17.057449934407728,39.552294416113554
1723528426.493922,212.97244310379028,1723528426.472639,0.02128291130065918,-43.076914900349,39.66925330181792,0.0,-2.7428876542996163,-3.939772,34.496137000000004,-0.199076,-3.0508734211000004,-39.137142900349005,5.173116301817913,0.199076,0.30798576680038403,17.646284587762395,39.47805362385852
1723528426.6039214,213.08244252204895,1723528426.6032069,0.0007145404815673828,-43.34686956521099,39.614974768128235,0.0,-2.7356701415926037,-4.242147,34.514499,-0.210334,-3.0531368942,-39.104722565210984,5.100475768128234,0.210334,0.31746675260739643,18.18950506012764,39.4365112599345
1723528426.693919,213.17244005203247,1723528426.6915283,0.002390623092651367,-43.62054598206242,39.55995940146561,0.0,-2.7292556493029694,-4.532821,34.546016,-0.23455499999999999,-3.0528983234,-39.08772498206242,5.01394340146561,0.23455499999999999,0.3236426740970306,18.543359296087825,39.40869052321419
1723528426.8039184,213.28243947029114,1723528426.8247938,-0.02087545394897461,-43.8972511214179,39.50717176560225,0.0,-2.724146438217005,-4.8382130000000005,34.577434000000004,-0.231127,-3.0559887245,-39.0590381214179,4.929737765602248,0.231127,0.33184228628299506,19.013162467987627,39.36958461932397
1723528426.9049158,213.38343691825867,1723528426.9509013,-0.04598546028137207,-44.179072376161436,39.44598748870142,0.0,-2.7179744604776275,-5.14093,34.61743,-0.223389,-3.0576457463000004,-39.03814237616144,4.828557488701421,0.223389,0.33967128582237294,19.461731099403845,39.3362610100206
1723528426.9939153,213.47243642807007,1723528426.9509013,0.0430140495300293,-44.45851836498459,39.379006488107976,0.0,-2.712620166076874,-5.14093,34.61743,-0.223389,-3.0576457463000004,-39.317588364984594,4.761576488107977,0.223389,0.3450255802231266,19.76850957083756,39.605495428485625
1723528427.0939126,213.57243371009827,1723528427.0655756,0.02833700180053711,-44.72838283078202,39.311753058014894,0.0,-2.7059921065957537,-5.4426380000000005,34.656305,-0.207737,-3.0580622941000004,-39.285744830782015,4.6554480580148905,0.207737,0.3520701875042467,20.17213583637287,39.5611690700788
1723528427.193912,213.67243313789368,1723528427.1772609,0.016651153564453125,-45.00030512345218,39.242340094268855,0.0,-2.6988894282642444,-5.741247,34.720337,-0.175338,-3.0574614132,-39.25905812345218,4.522003094268854,0.175338,0.3585719849357556,20.544661388447327,39.519019473405685
1723528427.2939093,213.77243041992188,1723528427.2947867,-0.00087738037109375,-45.2617167586384,39.170939667936985,0.0,-2.6925965811464865,-6.051613000000001,34.776199,-0.15819,-3.0609868854,-39.2101037586384,4.394740667936986,0.15819,0.3683903042535137,21.107209647266636,39.455937530081684
1723528427.3939085,213.8724296092987,1723528427.4421237,-0.04821515083312988,-45.524401119123084,39.10265403345013,0.0,-2.6867545426234423,-6.35249,34.801102,-0.175498,-3.0650791482,-39.17191111912308,4.301552033450129,0.175498,0.3783246055765579,21.676403185488297,39.40777550394036
1723528427.4939058,213.9724268913269,1723528427.4421237,0.05178213119506836,-45.78954687804058,39.035386885324804,0.0,-2.680632968495341,-6.35249,34.801102,-0.175498,-3.0650791482,-39.43705687804058,4.234284885324804,0.175498,0.3844461797046592,22.02714354700498,39.66410749329805
1723528427.593905,214.07242608070374,1723528427.5576732,0.03623175621032715,-46.06452419363414,38.96871018969415,0.0,-2.6725375022579168,-6.654463000000001,34.833857,-0.139585,-3.0634384427000003,-39.41006119363414,4.134853189694148,0.139585,0.3909009404420836,22.39697409502615,39.62662511694046
1723528427.7339013,214.21242237091064,1723528427.6678026,0.06609869003295898,-46.34273617441536,38.896849348015536,0.0,-2.6671793022249024,-6.952799000000001,34.867074,-0.134465,-3.0648989416,-39.38993717441536,4.029775348015534,0.134465,0.3977196393750977,22.787656765658213,39.59576139937314
1723528427.8338983,214.31241941452026,1723528427.8022556,0.03164267539978027,-46.60899444883228,38.828108525254265,0.0,-2.6615678319428873,-7.240728000000001,34.911546,-0.128019,-3.0653982223000003,-39.36826644883227,3.916562525254264,0.128019,0.403830390357113,23.13777700658311,39.56281403116871
1723528427.9038985,214.38241958618164,1723528427.9148626,-0.010964155197143555,-46.88129860518981,38.74477816563715,0.0,-2.6542733462167374,-7.540154,34.957952,-0.106708,-3.0660738431000003,-39.34114460518981,3.7868261656371516,0.106708,0.4118004968832629,23.594430472801175,39.5231210540422
1723528428.033895,214.51241612434387,1723528428.0554953,-0.02160024642944336,-47.155906136978146,38.658811004990525,0.0,-2.6467734634584805,-7.830509,34.997445,-0.10481599999999999,-3.0686171027,-39.32539713697815,3.6613660049905263,0.10481599999999999,0.4218436392415197,24.169860142978354,39.4956130145793
1723528428.1338947,214.61241579055786,1723528428.181548,-0.0476534366607666,-47.42458876076202,38.57612509061204,0.0,-2.6387867090910646,-8.127047000000001,35.055737,-0.08496899999999999,-3.0700283893,-39.297541760762016,3.5203880906120375,0.08496899999999999,0.4312416802089354,24.708328226102317,39.45500146341803
1723528428.2338922,214.71241331100464,1723528428.2795494,-0.04565715789794922,-47.695045623530625,38.48275048562528,0.0,-2.6300846647145812,-8.408262,35.091364,-0.07865699999999999,-3.0722421908000004,-39.286783623530624,3.391386485625283,0.07865699999999999,0.4421575260854191,25.33376012464012,39.43296915907607
1723528428.3338919,214.81241297721863,1723528428.2795494,0.05434250831604004,-47.94707591811092,38.4085181936033,0.0,-2.6217634942922654,-8.408262,35.091364,-0.07865699999999999,-3.0722421908000004,-39.53881391811092,3.317154193603301,0.07865699999999999,0.450478696507735,25.810528070447912,39.677796119729116
1723528428.4338896,214.91241073608398,1723528428.421367,0.012522697448730469,-48.22043122864197,38.32637139302403,0.0,-2.6124509371585134,-8.69858,35.132334,-0.08002999999999999,-3.0725374405,-39.52185122864197,3.1940373930240327,0.08002999999999999,0.4600865033414867,26.361014852398835,39.650788191508184
1723528428.5338893,215.01241040229797,1723528428.5442696,-0.010380268096923828,-48.47885276555647,38.2453127761193,0.0,-2.6019900149636395,-8.992034,35.174662,-0.072224,-3.0734558595,-39.486818765556464,3.070650776119301,0.072224,0.47146584453636065,27.013003076504468,39.60609762042911
1723528428.6338873,215.1124083995819,1723528428.6592767,-0.025389432907104492,-48.738679078199375,38.14977248252314,0.0,-2.5908471641772484,-9.266431,35.21761,-0.058535000000000004,-3.0756410627000004,-39.47224807819937,2.9321624825231396,0.058535000000000004,0.484793898522752,27.776644319047204,39.581048135655216
1723528428.7338872,215.21240830421448,1723528428.77236,-0.038472890853881836,-49.00538205835723,38.040490266815816,0.0,-2.5778517555270386,-9.549556,35.251497,-0.061329,-3.0779586756,-39.455826058357225,2.7889932668158153,0.061329,0.5001069200729615,28.654015825467088,39.554322831214364
1723528428.833885,215.31240606307983,1723528428.8932645,-0.05937957763671875,-49.26569038932302,37.92388554587439,0.0,-2.5646743010815753,-9.845867,35.286753000000004,-0.052429,-3.0782444950000003,-39.41982338932302,2.637132545874387,0.052429,0.513570193918425,29.42540459524101,39.50796999226826
1723528428.8938851,215.37240624427795,1723528428.8932645,0.0006206035614013672,-49.52501962798209,37.8146415263922,0.0,-2.5499571595559827,-9.845867,35.286753000000004,-0.052429,-3.0782444950000003,-39.67915262798209,2.5278885263921964,0.052429,0.5282873354440176,30.268634691154194,39.75962930507029
1723528429.0338824,215.51240348815918,1723528429.005418,0.028464317321777344,-49.7800059079324,37.712304488411604,0.0,-2.5351597259010323,-10.136185000000001,35.347746,-0.055196,-3.0801081759000004,-39.643820907932394,2.3645584884116033,0.055196,0.5449484499989681,31.22324623713684,39.71431378764781
1723528429.1338823,215.61240339279175,1723528429.138708,-0.0048258304595947266,-50.02996467131201,37.59970887638787,0.0,-2.5188208527497684,-10.428199000000001,35.40858,-0.028847,-3.0813248331,-39.60176567131201,2.1911288763878716,0.028847,0.5625039803502316,32.229104033378064,39.66234640295322
1723528429.23388,215.7124011516571,1723528429.2880478,-0.054167747497558594,-50.28386288665135,37.48762785092034,0.0,-2.502740089029332,-10.709828,35.44836,-0.020254,-3.0832137157000004,-39.57403488665135,2.0392678509203392,0.020254,0.5804736266706683,33.258688926881874,39.626547424702686
1723528429.3338797,215.8124008178711,1723528429.3717542,-0.037874460220336914,-50.535976975867236,37.36845791775314,0.0,-2.486364272049865,-10.989341,35.488724,-0.02755,-3.0839211539,-39.54663597586723,1.8797339177531427,0.02755,0.5975568818501351,34.23748734901032,39.59129418965498
1723528429.4338775,215.91239857673645,1723528429.3717542,0.06212329864501953,-50.793521835276366,37.234435219261925,0.0,-2.463189243003813,-10.989341,35.488724,-0.02755,-3.0839211539,-39.80418083527637,1.7457112192619277,0.02755,0.6207319108961871,35.565318703442195,39.842453220540264
1723528429.5338767,216.01239776611328,1723528429.5022063,0.031670331954956055,-51.042250207877345,37.07781969384209,0.0,-2.444889135617685,-11.263742,35.544339,-0.01802,-3.0858310895,-39.778508207877344,1.5334806938420869,0.01802,0.6409419538823151,36.723268870325306,39.80805952320399
1723528429.6338744,216.11239552497864,1723528429.6177983,0.016076087951660156,-51.27746814190114,36.92831311377983,0.0,-2.4257504012351654,-11.547781,35.597436,0.002095,-3.0891941918000003,-39.72968714190114,1.3308771137798274,-0.002095,0.6634437905648349,38.01252914352635,39.75197200988087
1723528429.7338738,216.21239495277405,1723528429.7320046,0.00186920166015625,-51.49751312856311,36.77727496411388,0.0,-2.4046806882068212,-11.837738,35.645082,0.012184,-3.0894773856000004,-39.659775128563105,1.1321929641138766,-0.012184,0.6847966973931792,39.23596058512655,39.675934426375356
1723528429.8338716,216.3123927116394,1723528429.8649323,-0.03106069564819336,-51.74247718954989,36.635295125346715,0.0,-2.3840857154698027,-12.139403,35.694365,0.019528,-3.0908979774,-39.603074189549886,0.9409301253467177,-0.019528,0.7068122619301973,40.497359516695575,39.614255213326445
1723528429.9338713,216.4123923778534,1723528429.994975,-0.06110382080078125,-51.98296403606986,36.48568168938738,0.0,-2.3619266891745943,-12.434825,35.743030000000005,0.021449999999999997,-3.0930117455,-39.548139036069855,0.7426516893873725,-0.021449999999999997,0.7310850563254059,41.88808819252983,39.555117151268334
1723528430.0338693,216.51239037513733,1723528429.994975,0.0388941764831543,-52.209686032241876,36.328015037928445,0.0,-2.339503455115668,-12.434825,35.743030000000005,0.021449999999999997,-3.0930117455,-39.77486103224187,0.5849850379284405,-0.021449999999999997,0.7535082903843321,43.1728448671403,39.77916838913621
1723528430.133869,216.61239004135132,1723528430.137943,-0.0040740966796875,-52.425100809365496,36.16630947187158,0.0,-2.317978685639659,-12.717094000000001,35.79707,0.018768999999999997,-3.0959088734,-39.70800680936549,0.36923947187158035,-0.018768999999999997,0.7779301877603411,44.572116514487234,39.70972796224579
1723528430.233867,216.71238803863525,1723528430.2449863,-0.011119365692138672,-52.64246621940033,35.97880487147502,0.0,-2.2937378882675072,-12.994878,35.842446,0.009853,-3.0960791297,-39.64758821940033,0.1363588714750179,-0.009853,0.8023412414324929,45.970766863368866,39.64782393068466
1723528430.3338666,216.81238770484924,1723528430.35363,-0.019763469696044922,-52.85737362389637,35.79172069486587,0.0,-2.268816898076109,-13.283872,35.894614000000004,0.018269999999999998,-3.0956069404,-39.57350162389637,-0.1028933051341312,-0.018269999999999998,0.826790042323891,47.37157996860166,39.57363960519262
1723528430.4338644,216.9123854637146,1723528430.46761,-0.033745527267456055,-53.06187129439641,35.61000802468357,0.0,-2.2484273916845097,-13.574599000000001,35.958476000000005,0.030317,-3.0987558451000004,-39.48727229439641,-0.3484679753164315,-0.030317,0.8503284534154907,48.720231580594245,39.488821485353505
1723528430.5338638,217.01238489151,1723528430.5965443,-0.06268048286437988,-53.26666260059582,35.442126184655805,0.0,-2.2261700791909105,-13.869435000000001,36.003032000000005,0.049844,-3.0993107088,-39.39722760059582,-0.5609058153441993,-0.049844,0.8731406296090896,50.02727299799628,39.401251786855354
1723528430.6338613,217.1123824119568,1723528430.5965443,0.03731703758239746,-53.46408163271257,35.27470807320586,0.0,-2.204506803179462,-13.869435000000001,36.003032000000005,0.049844,-3.0993107088,-39.59464663271257,-0.7283239267941468,-0.049844,0.8948039056205381,51.268487283879274,39.60137601316466
1723528430.733861,217.21238207817078,1723528430.7038498,0.03001117706298828,-53.67001483976165,35.08585722179515,0.0,-2.1824974417704706,-14.16156,36.049411,0.069873,-3.0991136964000003,-39.50845483976165,-0.9635537782048473,-0.069873,0.9166162546295297,52.51824282336086,39.52026469983605
1723528430.8338587,217.31237983703613,1723528430.8324118,0.0014469623565673828,-53.858097396097335,34.88796072406865,0.0,-2.159384113326573,-14.438941,36.088372,0.072396,-3.1009857003000003,-39.419156396097335,-1.2004112759313514,-0.072396,0.9416015869734271,53.94979691639789,39.43749636313366
1723528430.9338584,217.41237950325012,1723528430.9662998,-0.03244137763977051,-54.05632659436602,34.68492028748775,0.0,-2.136896020438539,-14.725965,36.133893,0.07274,-3.100693879,-39.33036159436602,-1.4489727125122513,-0.07274,0.963797858561461,55.22154959931837,39.35711061768618
1723528431.033856,217.5123770236969,1723528430.9662998,0.06755614280700684,-54.2426461982282,34.48499429554047,0.0,-2.114509706333093,-14.725965,36.133893,0.07274,-3.100693879,-39.5166811982282,-1.6488987044595333,-0.07274,0.9861841726669072,56.50419091641462,39.55113463565325
1723528431.1338556,217.6123766899109,1723528431.1029038,0.030951738357543945,-54.41856669266339,34.27753098374137,0.0,-2.0918090849899684,-15.009555,36.189799,0.062585,-3.1023086865000002,-39.40901169266339,-1.9122680162586292,-0.062585,1.0104996015100318,57.89736236617633,39.455429137708165
1723528431.233853,217.71237421035767,1723528431.264678,-0.030824899673461914,-54.58700961164171,34.060354425393946,0.0,-2.07010775295362,-15.298437,36.239476,0.075703,-3.1033868936,-39.28857261164171,-2.1791215746060573,-0.075703,1.0332791406463802,59.202533817942175,39.349030987323765
1723528431.3338528,217.81237387657166,1723528431.389128,-0.05527520179748535,-54.742760295224485,33.84640447677826,0.0,-2.050496377184171,-15.577853000000001,36.287558000000004,0.09456400000000001,-3.1047668717000003,-39.16490729522448,-2.441153523221743,-0.09456400000000001,1.0542704945158294,60.40524980092723,39.24102618838557
1723528431.4338505,217.912371635437,1723528431.4764326,-0.042582035064697266,-54.91342148559641,33.623616680309176,0.0,-2.030766158818091,-15.860872,36.333365,0.09202700000000001,-3.1069025591000003,-39.05254948559641,-2.7097483196908243,-0.09202700000000001,1.0761364002819094,61.65807391655438,39.14655573929528
1723528431.5338502,218.012371301651,1723528431.4764326,0.05741763114929199,-55.06133055327607,33.39346270826053,0.0,-2.0131027381333255,-15.860872,36.333365,0.09202700000000001,-3.1069025591000003,-39.20045855327607,-2.9399022917394717,-0.09202700000000001,1.0937998209666748,62.67011337355552,39.310653075735324
1723528431.633848,218.11236906051636,1723528431.594509,0.03933906555175781,-55.225443951332196,33.15737881305518,0.0,-1.9951840005588202,-16.155873,36.377377,0.088648,-3.1096291814000003,-39.069570951332196,-3.219998186944821,-0.088648,1.1144451808411802,63.85300536089341,39.202137966098384
1723528431.7338476,218.21236872673035,1723528431.7166996,0.01714801788330078,-55.39418428540873,32.929377057627185,0.0,-1.9808428963903295,-16.447491,36.40187,0.120663,-3.1111654534000004,-38.94669328540873,-3.472492942372817,-0.120663,1.1303225570096709,64.76271200508953,39.10137701746704
1723528431.8338456,218.31236672401428,1723528431.8141408,0.019704818725585938,-55.55970672808954,32.70319087684235,0.0,-1.965675699952902,-16.741207,36.461546,0.09470600000000001,-3.1135736783000003,-38.818499728089535,-3.7583551231576493,-0.09470600000000001,1.1478979783470984,65.7697094708883,39.000129789500555
1723528431.9338453,218.41236639022827,1723528431.9236963,0.010149002075195312,-55.705170364591076,32.46741906273113,0.0,-1.9521759588175576,-17.030531,36.5344,0.08313000000000001,-3.1184271272000004,-38.67463936459107,-4.066980937268866,-0.08313000000000001,1.1662511683824428,66.82126980051508,38.887979820533054
1723528432.0338416,218.51236271858215,1723528432.0544465,-0.020604848861694336,-55.839543137888775,32.24081784122268,0.0,-1.940252516566199,-17.333554999999997,36.605604,0.074657,-3.1230973410000002,-38.50598813788878,-4.364786158777321,-0.074657,1.1828448244338012,67.77201625894965,38.75265222348961
1723528432.1338413,218.61236238479614,1723528432.1367786,-0.00293731689453125,-55.9778669766003,32.002338650467166,0.0,-1.9299811558604711,-17.628587999999997,36.670496,0.09363300000000001,-3.1284263115,-38.3492789766003,-4.668157349532834,-0.09363300000000001,1.198445155639529,68.66584939604408,38.63246896334487
1723528432.2638388,218.7423598766327,1723528432.2455525,0.01828622817993164,-56.11246398667583,31.757568139866855,0.0,-1.9208932400191665,-17.925516,36.730417,0.09932300000000001,-3.1318822358,-38.18694798667583,-4.972848860133148,-0.09932300000000001,1.2109889957808335,69.38455849502762,38.50950645465535
1723528432.3638384,218.84235954284668,1723528432.3822558,-0.0184173583984375,-56.24503382590836,31.505503678140954,0.0,-1.9139377446330792,-18.219019,36.786363,0.112254,-3.1369314589000004,-38.02601482590836,-5.280859321859047,-0.112254,1.2229937142669212,70.07237819852311,38.39111719757559
1723528432.433836,218.9123570919037,1723528432.3822558,0.051580190658569336,-56.37264804050841,31.262139897569377,0.0,-1.910461047762122,-18.219019,36.786363,0.112254,-3.1369314589000004,-38.153629040508406,-5.524223102430625,-0.112254,1.2264704111378784,70.2715782558753,38.551641350358494
1723528432.5638356,219.04235672950745,1723528432.6030366,-0.03920102119445801,-56.51361443467837,31.018229590362658,0.0,-1.9074748312840015,-18.803714999999997,36.902857000000004,0.119095,3.1383513934,-37.70989943467837,-5.884627409637346,-0.119095,1.2373590824955853,70.8954531691769,38.166471394967026
1723528432.6638331,219.14235424995422,1723528432.7044547,-0.04062151908874512,-56.654349042570175,30.77728111434291,0.0,-1.905071053438745,-19.083130999999998,36.971119,0.09864200000000001,3.1347374782,-37.57121804257018,-6.193837885657093,-0.09864200000000001,1.243376775540842,71.24024158307533,38.07846876123456
1723528432.7638328,219.2423539161682,1723528432.7985876,-0.03475475311279297,-56.815098177195416,30.53787240888953,0.0,-1.9003296135284624,-19.365423,37.052336000000004,0.072689,3.1293207364,-37.44967517719542,-6.514463591110474,-0.072689,1.253534957251124,71.82226252260148,38.01212557129726
1723528432.8638306,219.34235167503357,1723528432.8849483,-0.021117687225341797,-56.97333201622634,30.30318461153911,0.0,-1.8964117915243288,-19.671429999999997,37.135191,0.06194,3.1253060284,-37.301902016226336,-6.83200638846089,-0.06194,1.2614674872552583,72.27676301269926,37.92244773064788
1723528432.9638302,219.44235134124756,1723528433.0246978,-0.0608675479888916,-57.127196901967324,30.07087034957074,0.0,-1.8930649221342928,-19.984015,37.213606,0.08307300000000001,3.123216973,-37.143181901967324,-7.142735650429259,-0.08307300000000001,1.2669034120452933,72.5882185609188,37.82382232797044
1723528433.063828,219.54234910011292,1723528433.0246978,0.039130210876464844,-57.28430107190102,29.82138406330933,0.0,-1.889260063234297,-19.984015,37.213606,0.08307300000000001,3.123216973,-37.30028607190102,-7.392221936690667,-0.08307300000000001,1.2707082709452895,72.80622091753138,38.02582263844233
1723528433.1638277,219.6423487663269,1723528433.2035422,-0.03971457481384277,-57.422294839146474,29.576658611823515,0.0,-1.8852045756891673,-20.585604999999997,37.360752,0.09080300000000001,3.110073603,-36.83668983914647,-7.784093388176483,-0.09080300000000001,1.287907128490419,73.79164286731404,37.65025993756403
1723528433.2638257,219.74234676361084,1723528433.2035422,0.06028342247009277,-57.55674628235294,29.32047699220901,0.0,-1.8808034971972356,-20.585604999999997,37.360752,0.09080300000000001,3.110073603,-36.971141282352946,-8.040275007790989,-0.09080300000000001,1.2923082069823508,74.04380609020753,37.8354272488817
1723528433.363825,219.84234619140625,1723528433.3300035,0.03382158279418945,-57.71025144837146,29.059644469622654,0.0,-1.8756883026966147,-20.888391,37.436758,0.08854100000000001,3.1017402581,-36.82186044837146,-8.377113530377343,-0.08854100000000001,1.3057567463829722,74.81435063847853,37.762855790960174
1723528433.463823,219.94234418869019,1723528433.434402,0.029421091079711914,-57.86610070673677,28.80816923886405,0.0,-1.8701705416475127,-21.196163,37.525982,0.07123600000000001,3.0924306073,-36.669937706736775,-8.71781276113595,-0.07123600000000001,1.320584158232074,75.66389875853433,37.69203716067727
1723528433.5638227,220.04234385490417,1723528433.5728114,-0.008988618850708008,-58.02106739644667,28.551206052180873,0.0,-1.8655009639586155,-21.487326,37.623314,0.055467999999999996,3.0825495492,-36.53374139644667,-9.072107947819127,-0.055467999999999996,1.335134794020971,76.49758877847013,37.64333247387043
1723528433.663819,220.14234018325806,1723528433.671926,-0.00810694694519043,-58.16746096883251,28.290393923137778,0.0,-1.8606753423542703,-21.783012999999997,37.712895,0.05795,3.0705494466,-36.38444796883251,-9.422501076862225,-0.05795,1.3519605182253163,77.46163176263023,37.584770037112776
1723528433.7638185,220.24233961105347,1723528433.7798674,-0.016048908233642578,-58.30963300872525,28.034669886036564,0.0,-1.856875307667139,-22.075694,37.809615,0.058175,3.0595677452,-36.23393900872525,-9.774945113963437,-0.058175,1.3667422543124472,78.30856285429907,37.529338821775745
1723528433.8638163,220.34233736991882,1723528433.885505,-0.02168869972229004,-58.455541023902086,27.76383647878165,0.0,-1.8520083684698145,-22.369618,37.905875,0.056192,3.0491061009,-36.08592302390208,-10.142038521218353,-0.056192,1.3820708378097717,79.18682599460963,37.48410254219417
1723528433.963816,220.4423370361328,1723528433.9939911,-0.030175209045410156,-58.59794871211698,27.489459613854322,0.0,-1.84711728386682,-22.664074,38.009596,0.045695,3.0413984179,-35.93387471211698,-10.52013638614568,-0.045695,1.3946696054127667,79.90868220532741,37.442204922283246
1723528434.0638134,220.5423345565796,1723528434.099187,-0.03537344932556152,-58.720841208041975,27.218511773185362,0.0,-1.8430064142630695,-22.971183999999997,38.124059,0.029397,3.0350721787999997,-35.74965720804198,-10.90554722681464,-0.029397,1.4051067141165172,80.50668448437156,37.37605938287772
1723528434.163813,220.64233422279358,1723528434.099187,0.06462621688842773,-58.856998985319265,26.943228103232745,0.0,-1.837157527219603,-22.971183999999997,38.124059,0.029397,3.0350721787999997,-35.88581498531927,-11.180830896767258,-0.029397,1.4109556011599838,80.84180102681096,37.58727924293377
1723528434.2638109,220.74233198165894,1723528434.2344465,0.029364347457885742,-58.988469816347646,26.67606171090918,0.0,-1.8326912770806632,-23.283417,38.232738,0.025856999999999998,3.0314015587,-35.705052816347646,-11.556676289090817,-0.025856999999999998,1.4190924713989237,81.30800934994781,37.528765394740304
1723528434.3638113,220.84233236312866,1723528434.352663,0.011148214340209961,-59.125077888384055,26.401632704961454,0.0,-1.8283525304733044,-23.58103,38.33285,0.021394999999999997,3.0285122372999997,-35.54404788838406,-11.931217295038547,-0.021394999999999997,1.4263205394062821,81.72214714080299,37.49311595718861
1723528434.4638097,220.94233083724976,1723528434.4356458,0.028163909912109375,-59.2610219167051,26.122765502681307,0.0,-1.8246503968343275,-23.867544,38.43226,0.022801,3.0268707896,-35.393477916705095,-12.309494497318692,-0.022801,1.431664120745259,82.02831179901122,37.47295629791452
1723528434.5638103,221.04233145713806,1723528434.5423174,0.021492958068847656,-59.38484656231714,25.835234535802165,0.0,-1.8213076106349897,-24.149161999999997,38.529924,0.033389,3.0237793383,-35.23568456231715,-12.694689464197836,-0.033389,1.438098358244597,82.3969664521081,37.452766546583064
1723528434.6638086,221.14232969284058,1723528434.6530206,0.0107879638671875,-59.519551788169814,25.55494470616044,0.0,-1.8184526380681898,-24.441323999999998,38.628294000000004,0.026653999999999997,3.0228443372,-35.07822778816981,-13.073349293839563,-0.026653999999999997,1.4418883319113969,82.61411594768146,37.43521386279475
1723528434.763809,221.2423300743103,1723528434.7555034,0.008305549621582031,-59.6539483797188,25.26433272051142,0.0,-1.8167159794387915,-24.722271,38.728124,0.01755,3.0237106739999997,-34.9316773797188,-13.463791279488582,-0.01755,1.4427586537407955,82.6639817153241,37.43656058161448
1723528434.8638074,221.3423285484314,1723528434.845563,0.018244504928588867,-59.78547756111259,24.977085160690333,0.0,-1.8168072525259351,-25.003771999999998,38.832561,0.006237,3.0223108153,-34.781705561112595,-13.855475839309666,-0.006237,1.4440672393536513,82.73895814807229,37.439835621618236
1723528434.9638078,221.44232892990112,1723528434.933914,0.029893875122070312,-59.92968094718149,24.69033053590492,0.0,-1.8185232349208786,-25.306179999999998,38.93471,0.005022,3.0213014380999996,-34.62350094718149,-14.244379464095083,-0.005022,1.4433606341587082,82.69847265262003,37.43913980551764
1723528435.0638063,221.54232740402222,1723528435.1026003,-0.03879404067993164,-60.08000822595732,24.394025596025465,0.0,-1.819818252850783,-25.878556,39.146636,0.012727,3.0273857440999996,-34.201452225957325,-14.752610403974536,-0.012727,1.4359813102288037,82.2756685357766,37.24753696652207
1723528435.1638062,221.64232730865479,1723528435.2127528,-0.04894661903381348,-60.22988158715044,24.096733533721217,0.0,-1.8216156767098646,-26.175718,39.258321,0.004784,3.0322959056,-34.05416358715044,-15.161587466278785,-0.004784,1.429273724869722,81.89135220397748,37.27679995660412
1723528435.2638028,221.74232387542725,1723528435.2998202,-0.036017417907714844,-60.37872388295614,23.797040208745365,0.0,-1.822362311388682,-26.464855,39.358192,-7.300000000000001e-05,3.0385140260999997,-33.91386888295614,-15.561151791254638,7.300000000000001e-05,1.4223089696909048,81.49230112688937,37.31353571676285
1723528435.3638034,221.84232449531555,1723528435.4029706,-0.039167165756225586,-60.52290072664293,23.499072061722988,0.0,-1.824628210744999,-26.735049999999998,39.443827,-0.0039369999999999995,3.0458380928,-33.78785072664293,-15.944754938277011,0.0039369999999999995,1.4127190036345871,80.94283654618864,37.36113063422443
1723528435.4638,221.942321062088,1723528435.5042558,-0.04045581817626953,-60.67632571303432,23.18673329031595,0.0,-1.825177500607441,-27.010513,39.527116,-0.009337,3.0552093126999997,-33.66581271303433,-16.34038270968405,0.009337,1.4027984938721458,80.37443320618243,37.42185377433371
1723528435.5638,222.04232120513916,1723528435.584745,-0.020944833755493164,-60.83463634182573,22.885328037484584,0.0,-1.827267592156418,-27.295906,39.604716,-0.008565,3.065384579,-33.538730341825726,-16.71938796251542,0.008565,1.3905331360231685,79.67167996721838,37.47511761345162
1723528435.6637967,222.14231777191162,1723528435.6706634,-0.0068666934967041016,-60.97895984368188,22.592397692406724,0.0,-1.8312914433172,-27.593853,39.683543,-0.006715,3.0776201778999996,-33.38510684368188,-17.091145307593276,0.006715,1.3742736859623863,78.74008210153183,37.505634936373866
1723528435.763797,222.24231815338135,1723528435.8026443,-0.03884720802307129,-61.12239431865104,22.2866403952312,0.0,-1.8322391298355636,-27.873388,39.760307000000005,-0.014103,3.0879530913999997,-33.24900631865104,-17.473666604768805,0.014103,1.3629930859440231,78.09375133010441,37.56095904908338
1723528435.8637948,222.3423159122467,1723528435.920598,-0.056803226470947266,-61.24497146124345,22.000488284456985,0.0,-1.8348702318837633,-28.14396,39.832358,-0.015853000000000003,3.0984983194,-33.10101146124345,-17.831869715543014,0.015853000000000003,1.3498167558958232,77.33880322887114,37.598574289819545
1723528436.0037951,222.48231625556946,1723528436.023671,-0.019875764846801758,-61.391512901310655,21.710460636051923,0.0,-1.8359254657007122,-28.417264999999997,39.894449,-0.027156000000000003,3.1090932374999998,-32.97424790131066,-18.183988363948078,0.027156000000000003,1.3381666039788744,76.67129869334374,37.65579895481738
1723528436.0637932,222.54231429100037,1723528436.023671,0.040122270584106445,-61.560111802778046,21.40943065591445,0.0,-1.8379723039719784,-28.417264999999997,39.894449,-0.027156000000000003,3.1090932374999998,-33.14284680277805,-18.485018344085553,0.027156000000000003,1.3361197657076078,76.55402349905431,37.949241557927486
1723528436.1937933,222.67231440544128,1723528436.215541,-0.021747589111328125,-61.72221968532893,21.10967799925521,0.0,-1.838669192625125,-28.959208999999998,40.012895,-0.026916000000000002,3.1291793352,-32.763010685328936,-18.90321700074479,0.026916000000000002,1.3153367793544615,75.36324609534104,37.8252191879344
1723528436.2937918,222.77231287956238,1723528436.3690333,-0.0752415657043457,-61.882633242180475,20.808956329153638,0.0,-1.8395933741706971,-29.225237,40.068027,-0.020782000000000002,3.1387184552,-32.657396242180475,-19.259070670846363,0.020782000000000002,1.3048734778088893,74.76374307700704,37.91329271264845
1723528436.4037921,222.88231325149536,1723528436.3690333,0.034758806228637695,-62.03091092249818,20.51377821450528,0.0,-1.8429174169891214,-29.225237,40.068027,-0.020782000000000002,3.1387184552,-32.80567392249818,-19.55424878549472,0.020782000000000002,1.3015494349904648,74.57328945259054,38.191377547370855
1723528436.4937906,222.9723117351532,1723528436.4737284,0.02006220817565918,-62.18562090528258,20.215089260897262,0.0,-1.8440368488624241,-29.494996999999998,40.124745000000004,-0.024063,-3.1348244859000003,-32.690623905282585,-19.909655739102742,0.024063,1.2907876370375762,73.9566838499175,38.276257157592994
1723528436.6037905,223.08231163024902,1723528436.6139722,-0.010181665420532227,-62.3569171321841,19.902937076119432,0.0,-1.8454948267287428,-29.757845999999997,40.168614,-0.031802000000000004,-3.1249977018000004,-32.59907113218411,-20.265676923880566,0.031802000000000004,1.2795028750712576,73.31011461643769,38.38486825861864
1723528436.6937888,223.17230987548828,1723528436.721161,-0.027372121810913086,-62.518220315690535,19.599066970876386,0.0,-1.8455936680510914,-30.030638,40.216783,-0.036982,-3.1152784228000003,-32.48758231569053,-20.617716029123613,0.036982,1.269684754748909,72.74757775921549,38.477715455113405
1723528436.7937891,223.272310256958,1723528436.8022008,-0.008411645889282227,-62.678751336443085,19.31351273557944,0.0,-1.847760277780091,-30.307066,40.253055,-0.038956000000000005,-3.1052448175,-32.371685336443086,-20.939542264420563,0.038956000000000005,1.257484539719909,72.04855692890172,38.55375415358503
1723528436.8937857,223.37230682373047,1723528436.9372041,-0.04341840744018555,-62.826696932861886,19.00653719962506,0.0,-1.8493286102048452,-30.573210999999997,40.30031,-0.037047000000000004,-3.0962988435,-32.25348593286189,-21.293772800374942,0.037047000000000004,1.2469702332951549,71.44613154625603,38.648589720396224
1723528436.9937856,223.47230672836304,1723528436.9372041,0.05658149719238281,-62.98575371973381,18.69196917982568,0.0,-1.8501684510889471,-30.573210999999997,40.30031,-0.037047000000000004,-3.0962988435,-32.41254271973381,-21.608340820174323,0.037047000000000004,1.246130392411053,71.39801220813445,38.95503421946373
1723528437.1037822,223.58230328559875,1723528437.090641,0.013141155242919922,-63.160709604127625,18.384390468566817,0.0,-1.8525246388078962,-30.84562,40.34358,-0.036238,-3.0859071683000003,-32.31508960412762,-21.959189531433186,0.036238,1.2333825294921041,70.66761346506735,39.070095139285826
1723528437.193782,223.67230319976807,1723528437.195604,-0.0018219947814941406,-63.332704749610556,18.07967792864981,0.0,-1.8521585416806368,-31.121976999999998,40.376478,-0.033507,-3.0750587266,-32.210727749610555,-22.296800071350187,0.033507,1.2229001849193633,70.06701936164744,39.17498434333245
1723528437.3037803,223.78230142593384,1723528437.2845106,0.019269704818725586,-63.49687925114435,17.77994078026457,0.0,-1.8537722893460256,-31.386212999999998,40.410417,-0.040499,-3.0645833391000004,-32.11066625114435,-22.63047621973543,0.040499,1.2108110497539748,69.37436293870749,39.284029594650704
1723528437.403781,223.88230204582214,1723528437.4064064,-0.0026254653930664062,-63.669172909012936,17.462153689116946,0.0,-1.8548293827622568,-31.661237,40.455713,-0.041395,-3.0537657758,-32.007935909012936,-22.993559310883057,0.041395,1.1989363930377432,68.69399522570075,39.41082902559399
1723528437.504779,223.9833002090454,1723528437.4996355,0.005143642425537109,-63.83601641035362,17.14806568155854,0.0,-1.8544501520221288,-31.917567,40.483126,-0.056789,-3.0422605078,-31.918449410353624,-23.33506031844146,0.056789,1.1878103557778712,68.05652024800477,39.53878700487821
1723528437.6037796,224.08230066299438,1723528437.660511,-0.056731462478637695,-63.99914065412849,16.851406294607067,0.0,-1.855238956362865,-32.187169000000004,40.505637,-0.056503000000000005,-3.0310491615000004,-31.811971654128484,-23.654230705392933,0.056503000000000005,1.1758102051371353,67.3689622627694,39.64249441415155
1723528437.6937778,224.17229890823364,1723528437.660511,0.03326678276062012,-64.18871997623523,16.531640224306212,0.0,-1.8556503249755227,-32.187169000000004,40.505637,-0.056503000000000005,-3.0310491615000004,-32.00155097623523,-23.973996775693788,0.056503000000000005,1.1753988365244776,67.34539257743997,39.98568467432522
1723528437.793778,224.2722990512848,1723528437.7863653,0.00741267204284668,-64.35442532145812,16.230835048245336,0.0,-1.857074996475372,-32.468831,40.525891,-0.053202,-3.0181965745,-31.88559432145812,-24.295055951754666,0.053202,1.161121578024628,66.52736592238129,40.08670227624488
1723528437.9047763,224.3832974433899,1723528437.8942683,0.010508060455322266,-64.52169532941726,15.932882693209232,0.0,-1.8582027849712555,-32.734660000000005,40.550505,-0.049832,-3.0064845969,-31.78703532941725,-24.61762230679077,0.049832,1.1482818119287446,65.79170151515201,40.20504229946347
1723528437.9937763,224.47229743003845,1723528438.024653,-0.030876636505126953,-64.67503026825973,15.634057015470146,0.0,-1.858238207895429,-33.005971,40.572289,-0.070878,-2.9953724408,-31.66905926825973,-24.93823198452985,0.070878,1.1371342329045713,65.15299228527832,40.309425115494506
1723528438.1047747,224.58329582214355,1723528438.1356397,-0.030864953994750977,-64.8364822257029,15.339832326611791,0.0,-1.8594824584137613,-33.268568,40.589106,-0.067604,-2.9848874706000004,-31.567914225702893,-25.24927367338821,0.067604,1.1254050121862391,64.48095744114048,40.42355253927846
1723528438.203775,224.68229603767395,1723528438.2554078,-0.05163288116455078,-65.00198428843768,15.043919634632537,0.0,-1.8584388130569365,-33.544024,40.579555,-0.07733599999999999,-2.9714434204,-31.457960288437683,-25.53563536536746,0.07733599999999999,1.1130046073430635,63.770466579372936,40.517624805494506
1723528438.3037732,224.78229427337646,1723528438.2554078,0.04836535453796387,-65.15407558678704,14.763264632822484,0.0,-1.8583587590084174,-33.544024,40.579555,-0.07733599999999999,-2.9714434204,-31.610051586787044,-25.816290367177515,0.07733599999999999,1.1130846613915826,63.77505333848601,40.81276994396064
1723528438.3937736,224.87229466438293,1723528438.3821213,0.011652231216430664,-65.30867333802011,14.472173619638935,0.0,-1.8590946669956028,-33.807454,40.576079,-0.064609,-2.9588788291,-31.501219338020114,-26.103905380361063,0.064609,1.0997841621043973,63.01299086391354,40.91142713486999
1723528438.49377,224.97229099273682,1723528438.4837263,0.010043621063232422,-65.46046901706093,14.181241705792027,0.0,-1.8576670405436064,-34.075657,40.571411,-0.067011,-2.9460042957000003,-31.38481201706093,-26.390169294207972,0.067011,1.088337255156394,62.357131407313965,41.005511229557065
1723528438.59377,225.07229113578796,1723528438.5851934,0.008576631546020508,-65.61597628213636,13.892350693735336,0.0,-1.85524331114397,-34.343309000000005,40.569201,-0.068016,-2.9324202897,-31.272667282136354,-26.67685030626466,0.068016,1.0771769785560301,61.71769465991451,41.10521484408408
1723528438.6937668,225.172287940979,1723528438.6902947,0.0034720897674560547,-65.76629329671633,13.599740457803295,0.0,-1.854398483863008,-34.624990000000004,40.569666,-0.057512,-2.9214909669,-31.141303296716323,-26.969925542196705,0.057512,1.067092483036992,61.139895628155024,41.19661348217658
1723528438.8047671,225.28328824043274,1723528438.8203793,-0.015612125396728516,-65.91424778256997,13.33029873569643,0.0,-1.8541880538219908,-34.902260000000005,40.566119,-0.057826,-2.9108325443000003,-31.011987782569967,-27.23582026430357,0.057826,1.0566444904780095,60.54126975014125,41.27392197916251
1723528438.9037638,225.38228487968445,1723528438.956267,-0.052503347396850586,-66.06234942662692,13.064550561753178,0.0,-1.8542044609127566,-35.164984000000004,40.547543000000005,-0.080484,-2.9005401525,-30.89736542662692,-27.482992438246825,0.080484,1.0463356915872435,59.95061908185121,41.35176587936129
1723528439.003764,225.4822850227356,1723528438.956267,0.047496795654296875,-66.20073541205711,12.794095021377824,0.0,-1.8523286347413115,-35.164984000000004,40.547543000000005,-0.080484,-2.9005401525,-31.03575141205711,-27.75344797862218,0.080484,1.0482115177586886,60.0580960045752,41.63505996257659
1723528439.0937622,225.57228326797485,1723528439.055526,0.038236141204833984,-66.34025975026923,12.526059291089354,0.0,-1.8513977603790168,-35.424253,40.525526,-0.085327,-2.8920622137,-30.916006750269226,-27.999466708910646,0.085327,1.0406644533209832,59.62568106458141,41.71063281782017
1723528439.1937625,225.67228364944458,1723528439.162077,0.031685590744018555,-66.48011678271091,12.261968709909553,0.0,-1.8512143140749284,-35.691361,40.501656000000004,-0.074164,-2.8834915717,-30.788755782710908,-28.23968729009045,0.074164,1.0322772576250716,59.14513014925538,41.77837863283359
1723528439.3037605,225.78228163719177,1723528439.3110979,-0.007337331771850586,-66.61426938776384,12.010424836429921,0.0,-1.850967903814325,-35.966032000000006,40.484971,-0.06683299999999999,-2.8755259633000003,-30.648237387763835,-28.474546163570082,0.06683299999999999,1.0245580594856754,58.702852674642735,41.83442004914013
1723528439.4337595,225.9122805595398,1723528439.414241,0.019518375396728516,-66.74834059800331,11.756404626283967,0.0,-1.8506445766647257,-36.237906,40.455265000000004,-0.067025,-2.8690728046,-30.510434598003307,-28.698860373716037,0.067025,1.0184282279352743,58.35163919767862,41.88693947353651
1723528439.5047593,225.98328042030334,1723528439.5454879,-0.04072856903076172,-66.8753037664475,11.505420452690196,0.0,-1.8492132069700693,-36.507162,40.437631,-0.065547,-2.8655246794,-30.3681417664475,-28.932210547309808,0.065547,1.0163114724299307,58.230358040961356,41.944023864075405
1723528439.5937598,226.07228088378906,1723528439.5454879,0.048271894454956055,-66.99842014668806,11.269991731286932,0.0,-1.8487774163031845,-36.507162,40.437631,-0.065547,-2.8655246794,-30.49125814668806,-29.16763926871307,0.065547,1.0167472630968155,58.25532700692504,42.19564314342125
1723528439.7337575,226.21227860450745,1723528439.7799714,-0.04621386528015137,-67.13134728538012,11.038297259109337,0.0,-1.8495443729252925,-37.055582,40.409346,-0.064603,-2.8625539378,-30.075765285380115,-29.371048740890664,0.064603,1.0130095648747075,58.04117267370471,42.038248479077474
1723528439.8337545,226.31227564811707,1723528439.7799714,0.05378317832946777,-67.24665660026903,10.794705098396792,0.0,-1.8479349580069173,-37.055582,40.409346,-0.064603,-2.8625539378,-30.191074600269033,-29.61464090160321,0.064603,1.0146189797930827,58.133385356012994,42.291040597241505
1723528439.9337544,226.41227555274963,1723528439.9035575,0.0301969051361084,-67.36544691269073,10.562223547706278,0.0,-1.8465217486168282,-37.324868,40.386923,-0.085312,-2.8598246327,-30.040578912690727,-29.824699452293725,0.085312,1.013302884083172,58.05797862639984,42.331505489016
1723528439.9937544,226.47227549552917,1723528440.035527,-0.04177260398864746,-67.49295041121123,10.33620197239317,0.0,-1.845645963222755,-37.594204000000005,40.369382,-0.07728099999999999,-2.8551115424,-29.89874641121122,-30.033180027606832,0.07728099999999999,1.0094655791772449,57.83811725058537,42.378448672474065
1723528440.1337516,226.6122727394104,1723528440.144444,-0.010692358016967773,-67.6130603693845,10.107563948686348,0.0,-1.8439819631674632,-37.866534,40.336721000000004,-0.077692,-2.8517764576,-29.746526369384497,-30.229157051313656,0.077692,1.007794494432537,57.74237114750491,42.41065671649447
1723528440.2037516,226.6822726726532,1723528440.144444,0.05930757522583008,-67.72851128004753,9.8823461498227,0.0,-1.8405687371561192,-37.866534,40.336721000000004,-0.077692,-2.8517764576,-29.861977280047526,-30.454374850177302,0.077692,1.011207720443881,57.937934592479195,42.65222937474723
1723528440.333749,226.81227016448975,1723528440.2854345,0.048314571380615234,-67.84680294839632,9.653061830737993,0.0,-1.8380682642570683,-38.131866,40.313652,-0.077565,-2.8476248024000004,-29.714936948396314,-30.660590169262004,0.077565,1.0095565381429321,57.84332881542812,42.69725147715997
1723528440.4337459,226.9122669696808,1723528440.4019265,0.03181934356689453,-67.94977126697027,9.423769962107214,0.0,-1.8358042889638988,-38.408294000000005,40.296162,-0.079248,-2.8410728301000003,-29.54147726697027,-30.872392037892787,0.079248,1.0052685411361015,57.597644684372,42.729495076606874
1723528440.533746,227.01226711273193,1723528440.5556316,-0.02188563346862793,-68.05790983795293,9.19503187970875,0.0,-1.8332938583941703,-38.683814000000005,40.27915,-0.080604,-2.8376952771000004,-29.37409583795293,-31.08411812029125,0.080604,1.00440141870583,57.54796222879632,42.76758588719123
1723528440.633743,227.11226415634155,1723528440.6901531,-0.05641007423400879,-68.16789928909647,8.974832553770263,0.0,-1.8313871483166129,-38.952762,40.252183,-0.085933,-2.8323652801000003,-29.215137289096468,-31.27735044622974,0.085933,1.0009781317833875,57.35182233607803,42.799582734385524
1723528440.7337437,227.21226477622986,1723528440.6901531,0.043590545654296875,-68.2846716731386,8.747342795283929,0.0,-1.828864168345141,-38.952762,40.252183,-0.085933,-2.8323652801000003,-29.331909673138604,-31.504840204716075,0.085933,1.0035011117548593,57.496378440239404,43.045595197166755
1723528440.833741,227.31226205825806,1723528440.8349187,-0.0011777877807617188,-68.40342385039662,8.51385200059376,0.0,-1.824437915397586,-39.222543,40.228604000000004,-0.09092,-2.8262033878,-29.18088085039662,-31.714751999406246,0.09092,1.001765472402414,57.39693363058747,43.09707145543983
1723528440.933741,227.4122622013092,1723528440.9429934,-0.009252309799194336,-68.53292073611296,8.284754027456069,0.0,-1.8216903047241184,-39.495118000000005,40.192331,-0.08673399999999999,-2.8215691263,-29.03780273611295,-31.907576972543936,0.08673399999999999,0.9998788215758816,57.288836500812295,43.14272799426319
1723528441.0337384,227.5122594833374,1723528441.0990531,-0.06531476974487305,-68.64786376212754,8.057218577349598,0.0,-1.8201733524803516,-39.766040000000004,40.153732,-0.08315199999999999,-2.8154719506,-28.88182376212754,-32.0965134226504,0.08315199999999999,0.9952985981196485,57.02640902754331,43.17815225287062
1723528441.1337392,227.6122603416443,1723528441.0990531,0.03468608856201172,-68.75302986052809,7.819356865126696,0.0,-1.81679385066594,-39.766040000000004,40.153732,-0.08315199999999999,-2.8154719506,-28.986989860528084,-32.334375134873305,0.08315199999999999,0.9986780999340601,57.2200402183659,43.42538786000852
1723528441.2337363,227.7122573852539,1723528441.2456665,-0.011930227279663086,-68.85527770510734,7.587690183178919,0.0,-1.8135687804585574,-40.043130000000005,40.121063,-0.09254799999999999,-2.8094901412000004,-28.812147705107336,-32.53337281682108,0.09254799999999999,0.995921360741443,57.06209069741064,43.45766638179619
1723528441.333737,227.8122580051422,1723528441.338405,-0.004667997360229492,-68.97172578404376,7.362042350170378,0.0,-1.812875232242439,-40.317468000000005,40.088004,-0.09440599999999999,-2.8030746034000003,-28.65425778404375,-32.72596164982962,0.09440599999999999,0.9901993711575612,56.73424484383639,43.49786164345768
1723528441.4337337,227.91225481033325,1723528441.4495852,-0.015851497650146484,-69.07603944162796,7.126041261841757,0.0,-1.8101219536202835,-40.592200000000005,40.049184000000004,-0.101403,-2.7969323912000004,-28.48383944162795,-32.92314273815825,0.101403,0.9868104375797169,56.54007325277574,43.5347300400725
1723528441.5337343,228.01225543022156,1723528441.6014516,-0.06771731376647949,-69.1839187677896,6.9010896871996845,0.0,-1.8065716999032975,-40.867684000000004,40.00982,-0.107834,-2.7912233396,-28.316234767789602,-33.10873031280031,0.107834,0.9846516396967027,56.41638324525725,43.56614284650266
1723528441.6337311,228.1122522354126,1723528441.6014516,0.03227949142456055,-69.29990187924732,6.664556050929722,0.0,-1.8040365002371204,-40.867684000000004,40.00982,-0.107834,-2.7912233396,-28.43221787924731,-33.34526394907027,0.107834,0.9871868393628799,56.561639486352185,43.82133349794039
1723528441.7337317,228.2122528553009,1723528441.738076,-0.00434422492980957,-69.41852504206443,6.4242190909458765,0.0,-1.8027701603780133,-41.143149,39.969134000000004,-0.100769,-2.784673413,-28.27537604206443,-33.54491490905413,0.100769,0.9819032526219869,56.25891226540773,43.87218208577269
1723528441.8337283,228.31224942207336,1723528441.8440177,-0.010289430618286133,-69.52939878395914,6.181208304046129,0.0,-1.7998282139634163,-41.418791,39.929230000000004,-0.10742399999999999,-2.7780252674000003,-28.11060778395914,-33.748021695953874,0.10742399999999999,0.978197053436584,56.04656269404933,43.922053438903944
1723528441.933729,228.41225004196167,1723528442.0068312,-0.07310223579406738,-69.6430831934319,5.936618123922296,0.0,-1.7975313055444504,-41.695649,39.881931,-0.11076799999999999,-2.7724211861000003,-27.947434193431903,-33.94531287607771,0.11076799999999999,0.9748898805555499,55.85707564584595,43.96993988852882
1723528442.0337257,228.5122468471527,1723528442.0068312,0.026894569396972656,-69.75561131306003,5.671625972215125,0.0,-1.7951987236492417,-41.695649,39.881931,-0.11076799999999999,-2.7724211861000003,-28.059962313060026,-34.21030502778488,0.11076799999999999,0.9772224624507586,55.99072274381003,44.24611536230335
1723528442.1337264,228.61224746704102,1723528442.1068945,0.026831865310668945,-69.86687049532947,5.409351094671883,0.0,-1.7918459092427548,-41.969574,39.828573,-0.11687499999999999,-2.7671902801000003,-27.897296495329464,-34.419221905328115,0.11687499999999999,0.9753443708572456,55.883116021962735,44.3052553099761
1723528442.2337232,228.71224427223206,1723528442.278005,-0.044281721115112305,-69.98764991890278,5.152818201079655,0.0,-1.7890594949785477,-42.240011,39.781784,-0.11370599999999999,-2.7609746584000003,-27.747638918902773,-34.62896579892035,0.11370599999999999,0.9719151634214526,55.68663690881692,44.374651175316735
1723528442.333724,228.81224513053894,1723528442.278005,0.05571913719177246,-70.11106576786395,4.88526191298469,0.0,-1.7858011078435878,-42.240011,39.781784,-0.11370599999999999,-2.7609746584000003,-27.871054767863946,-34.89652208701531,0.11370599999999999,0.9751735505564126,55.87332873966986,44.6606748347722
1723528442.4337215,228.91224265098572,1723528442.4251592,0.008562326431274414,-70.22372652166597,4.620365536887986,0.0,-1.7827437975267015,-42.517336,39.729207,-0.11265599999999999,-2.7540024587,-27.706390521665966,-35.108841463112014,0.11265599999999999,0.9712586611732985,55.649022100756845,44.724573961026515
1723528442.5337224,229.0122435092926,1723528442.5364563,-0.002733945846557617,-70.34978074014862,4.3477554986571505,0.0,-1.7789215315468674,-42.801105,39.666428,-0.11553799999999999,-2.747588903,-27.548675740148617,-35.31867250134285,0.11553799999999999,0.9686673714531326,55.5005521362957,44.792315315491436
1723528442.63372,229.11224102973938,1723528442.6724625,-0.0387425422668457,-70.46810511492872,4.087515482602332,0.0,-1.7763599903508536,-43.0707,39.617054,-0.12533,-2.7413608899,-27.397405114928716,-35.52953851739767,0.12533,0.9650008995491466,55.290478770494005,44.86626373902408
1723528442.7337208,229.21224188804626,1723528442.6724625,0.06125831604003906,-70.58477868860884,3.8209670199867705,0.0,-1.7726166958329541,-43.0707,39.617054,-0.12533,-2.7413608899,-27.514078688608834,-35.796086980013236,0.12533,0.968744194067046,55.504953747844105,45.14864424069157
1723528442.8337178,229.31223893165588,1723528442.8296535,0.004064321517944336,-70.70580039936937,3.534493862743089,0.0,-1.7683022205002372,-43.345557,39.558013,-0.133745,-2.7339147658000003,-27.360243399369367,-36.02351913725691,0.133745,0.965612545299763,55.32552349056144,45.23598940699844
1723528442.9337187,229.41223978996277,1723528442.9837558,-0.05003714561462402,-70.81910381261804,3.259531974843945,0.0,-1.7650442480391355,-43.624781,39.508182,-0.141293,-2.7299070162000003,-27.19432281261804,-36.24865002515605,0.141293,0.9648627681608648,55.28256442492717,45.31573441526655
1723528443.0337157,229.5122368335724,1723528442.9837558,0.04995989799499512,-70.94199086151595,2.980302072599876,0.0,-1.762339005323386,-43.624781,39.508182,-0.141293,-2.7299070162000003,-27.31720986151595,-36.52787992740012,0.141293,0.9675680108766143,55.43756341509813,45.612892150361546
1723528443.1637166,229.64223766326904,1723528443.1039696,0.05974698066711426,-71.05588232480812,2.6844792659477905,0.0,-1.7578288416789027,-43.891264,39.453602000000004,-0.142044,-2.7234747721000003,-27.164618324808124,-36.76912273405221,0.142044,0.9656459304210976,55.32743631711244,45.71547934630274
1723528443.2637136,229.74223470687866,1723528443.231791,0.03192257881164551,-71.18646522395862,2.3882223221841423,0.0,-1.7535418498660922,-44.154909,39.391961,-0.131295,-2.7163588961,-27.031556223958617,-37.00373867781586,0.131295,0.9628170462339078,55.16535319245517,45.82574545386192
1723528443.3637142,229.84223532676697,1723528443.3619287,0.0017855167388916016,-71.31670452200603,2.1169212024479056,0.0,-1.752107955978946,-44.435957,39.329683,-0.12822999999999998,-2.7109166284,-26.880747522006033,-37.2127617975521,0.12822999999999998,0.958808672421054,54.935690290267885,45.906216037439705
1723528443.4337115,229.9122326374054,1723528443.4953682,-0.06165671348571777,-71.45091831664105,1.838963307541671,0.0,-1.7478272416125153,-44.724675000000005,39.263463,-0.130992,-2.7046180918,-26.726243316641046,-37.42449969245833,0.130992,0.9567908501874848,54.82007759247671,45.98806821290908
1723528443.5337126,230.01223373413086,1723528443.4953682,0.038344383239746094,-71.58014707918201,1.5621669021088287,0.0,-1.7462580520519297,-44.724675000000005,39.263463,-0.130992,-2.7046180918,-26.855472079182007,-37.70129609789117,0.130992,0.9583600397480703,54.90998553155425,46.288457167642264
1723528443.6337097,230.11223077774048,1723528443.6222417,0.011467933654785156,-71.69572387695548,1.2926417292101637,0.0,-1.7421613306545227,-45.000544000000005,39.193545,-0.14245,-2.6986905753,-26.69517987695548,-37.90090327078984,0.14245,0.9565292446454774,54.805088699022456,46.358725062357756
1723528443.7337108,230.21223187446594,1723528443.7375255,-0.003814697265625,-71.795549610411,1.0177980953385846,0.0,-1.7401471493161484,-45.278409,39.120943000000004,-0.138205,-2.6920780184,-26.517140610410998,-38.10314490466142,0.138205,0.9519308690838516,54.541621186725195,46.42227373147462
1723528443.8637094,230.34223055839539,1723528443.852887,0.010822534561157227,-71.90260127563106,0.711685281082501,0.0,-1.730826040936037,-45.545382000000004,39.055219,-0.134228,-2.6857118262000004,-26.357219275631053,-38.3435337189175,0.134228,0.9548857852639634,54.71092541266052,46.528997444104085
1723528443.9637103,230.44223141670227,1723528444.0124786,-0.04876828193664551,-72.02750672690811,0.43710903553289693,0.0,-1.7266512416619821,-45.820494000000004,38.983813,-0.13758299999999998,-2.6779419462000003,-26.20701272690811,-38.5467039644671,0.13758299999999998,0.9512907045380181,54.50494246005503,46.61196017841854
1723528444.0337093,230.51223039627075,1723528444.0124786,0.021230697631835938,-72.15813244025512,0.14457882837672134,0.0,-1.7204185502596432,-45.820494000000004,38.983813,-0.13758299999999998,-2.6779419462000003,-26.337638440255112,-38.839234171623275,0.13758299999999998,0.9575233959403571,54.86204937241652,46.9273506468209
1723528444.1637099,230.64223098754883,1723528444.1540382,0.009671688079833984,-72.279800977949,-0.12329427112454056,0.0,-1.7165930760616204,-46.098652,38.912917,-0.141431,-2.6723263189,-26.181148977948993,-39.03621127112454,0.141431,0.9557332428383798,54.75948115499097,47.003173881528376
1723528444.2637072,230.74222826957703,1723528444.26346,0.0002472400665283203,-72.38797851483412,-0.3970773253255656,0.0,-1.7134276131284973,-46.370332000000005,38.841147,-0.132553,-2.6670660788,-26.017646514834112,-39.23822432532557,0.132553,0.9536384656715027,54.63945926430854,47.080502850683736
1723528444.3637083,230.8422293663025,1723528444.4054978,-0.04178953170776367,-72.48785831483028,-0.6706150195712083,0.0,-1.7104511350392861,-46.629588000000005,38.758647,-0.134287,-2.6598607713,-25.85827031483027,-39.42926201957121,0.134287,0.9494096362607138,54.39716518678955,47.15225212098784
1723528444.4637055,230.9422266483307,1723528444.4054978,0.05820775032043457,-72.56830551255008,-0.941962997562984,0.0,-1.709018499297746,-46.629588000000005,38.758647,-0.134287,-2.6598607713,-25.938717512550078,-39.700609997562985,0.134287,0.950842272002254,54.479249168359395,47.423343759933665
1723528444.5637062,231.042227268219,1723528444.5519252,0.011780977249145508,-72.65540924092751,-1.2269231062788086,0.0,-1.7056424043287464,-46.898975,38.684605,-0.13851,-2.6535605625,-25.75643424092751,-39.91152810627881,0.13851,0.9479181581712537,54.31170978702725,47.500980680461815
1723528444.6637034,231.1422245502472,1723528444.7119715,-0.04826807975769043,-72.73875988656397,-1.5058253311398628,0.0,-1.7018819425545726,-47.165711,38.614403,-0.152714,-2.6490929277000004,-25.573048886563967,-40.12022833113986,0.152714,0.9472109851454278,54.271191757261924,47.5776930111495
1723528444.763704,231.2422251701355,1723528444.7119715,0.051732540130615234,-72.83443223206791,-1.7791651771674175,0.0,-1.7006791243456132,-47.165711,38.614403,-0.152714,-2.6490929277000004,-25.66872123206791,-40.393568177167424,0.152714,0.9484138033543872,54.34010816415678,47.859658600316855
1723528444.8637013,231.3422224521637,1723528444.8479874,0.015713930130004883,-72.94073524725114,-2.0485199476400204,0.0,-1.698292265290574,-47.432365000000004,38.532874,-0.143562,-2.6414271037000003,-25.508370247251136,-40.581393947640024,0.143562,0.9431348384094262,54.03764575261301,47.93273513427171
1723528444.963702,231.442223072052,1723528445.0302694,-0.06656742095947266,-73.04414312275244,-2.330036628160711,0.0,-1.6944121897156241,-47.706139,38.444322,-0.148982,-2.6334179433,-25.338004122752444,-40.77435862816071,0.148982,0.9390057535843759,53.80106661888611,48.006093051807575
1723528445.063699,231.54222011566162,1723528445.0302694,0.033429622650146484,-73.14739882327412,-2.6018019853024574,0.0,-1.692471409858116,-47.706139,38.444322,-0.148982,-2.6334179433,-25.441259823274116,-41.04612398530246,0.148982,0.9409465334418841,53.91226511368533,48.2914504984939
1723528445.1636996,231.64222073554993,1723528445.1836298,-0.019930124282836914,-73.22375756096598,-2.8637829871862572,0.0,-1.6910282973220345,-47.98888,38.335255000000004,-0.15637299999999998,-2.6260702334,-25.234877560965977,-41.19903798718626,0.15637299999999998,0.9350419360779656,53.57395660500873,48.31339595910941
1723528445.263698,231.74221920967102,1723528445.3051224,-0.04142427444458008,-73.31266790413548,-3.130873672681939,0.0,-1.6901771599821362,-48.251635,38.23322,-0.161599,-2.6171578624,-25.06103290413548,-41.36409367268194,0.161599,0.9269807024178638,53.1120819386161,48.36393004938048
1723528445.3636992,231.84222030639648,1723528445.3051224,0.05857682228088379,-73.40449050863687,-3.404665033638284,0.0,-1.687001023795343,-48.251635,38.23322,-0.161599,-2.6171578624,-25.15285550863687,-41.637885033638284,0.161599,0.930156838604657,53.29406113727813,48.64571640493789
1723528445.4636967,231.94221782684326,1723528445.4325435,0.031153202056884766,-73.49092340856596,-3.679033553957887,0.0,-1.6843296329131403,-48.522142,38.146079,-0.173562,-2.6096987466000003,-24.96878140856596,-41.82511255395789,0.173562,0.92536911368686,53.01974470601874,48.71149976081458
1723528445.5636973,232.04221844673157,1723528445.564177,-0.00047969818115234375,-73.58264443370632,-3.9497527035471665,0.0,-1.6811521982627153,-48.788312000000005,38.052642,-0.161972,-2.6008626099,-24.794332433706316,-42.00239470354717,0.161972,0.9197104116372847,52.69552496105605,48.774853322121764
1723528445.6636949,232.14221596717834,1723528445.7246711,-0.060976266860961914,-73.68080510850301,-4.221889107954135,0.0,-1.6776175585346613,-49.042786,37.966303,-0.15474,-2.5912040859000003,-24.63801910850301,-42.18819210795414,0.15474,0.913586527365339,52.34465223804701,48.855905307303466
1723528445.7636957,232.24221682548523,1723528445.7246711,0.03902459144592285,-73.77064977157033,-4.491881841780861,0.0,-1.676039677078634,-49.042786,37.966303,-0.15474,-2.5912040859000003,-24.727863771570334,-42.45818484178086,0.15474,0.9151644088213663,52.43505818604933,49.13439377087877
1723528445.863693,232.34221410751343,1723528445.868115,-0.00442194938659668,-73.86030339442168,-4.755502988668934,0.0,-1.6732868488188908,-49.306604,37.872123,-0.158919,-2.5804272993,-24.553699394421677,-42.62762598866894,0.158919,0.9071404504811094,51.97531923816381,49.193738490076434
1723528445.9636936,232.44221472740173,1723528446.0052269,-0.04153323173522949,-73.94111920187416,-5.030746983133746,0.0,-1.670933266155173,-49.567384000000004,37.769938,-0.155888,-2.5701504709000003,-24.373735201874155,-42.80068498313375,0.155888,0.8992172047448272,51.521350697429824,49.25446075011962
1723528446.0636907,232.54221177101135,1723528446.0052269,0.05846381187438965,-74.02346789058454,-5.308272383491222,0.0,-1.6684485096218005,-49.567384000000004,37.769938,-0.155888,-2.5701504709000003,-24.456083890584537,-43.078210383491225,0.155888,0.9017019612781998,51.66371675990963,49.53641640425944
1723528446.1636915,232.64221262931824,1723528446.138911,0.0247805118560791,-74.10699089099883,-5.584261451797938,0.0,-1.6654240646651155,-49.822579000000005,37.665693000000005,-0.154674,-2.5567193612000003,-24.284411890998825,-43.24995445179794,0.154674,0.8912952965348848,51.06745879131009,49.601563937244535
1723528446.263689,232.74221014976501,1723528446.2779436,-0.014254570007324219,-74.20200964667383,-5.859530869498401,0.0,-1.6607368447900834,-50.077781,37.558569,-0.162391,-2.5433592222000003,-24.124228646673828,-43.4180998694984,0.162391,0.8826223774099169,50.57053712939113,49.67027456046137
1723528446.3636892,232.84221029281616,1723528446.3997428,-0.03605365753173828,-74.28681958529415,-6.13208611141122,0.0,-1.659582847616744,-50.343276,37.430345,-0.171733,-2.5289658167,-23.94354358529415,-43.56243111141122,0.171733,0.8693829690832561,49.81197490902311,49.70923632465719
1723528446.4636867,232.94220781326294,1723528446.5155246,-0.051837921142578125,-74.36897524867436,-6.410782146174955,0.0,-1.6577986098327782,-50.606109000000004,37.308618,-0.170907,-2.5132291676,-23.762866248674356,-43.719400146174955,0.170907,0.8554305577672219,49.01256062658378,49.760315219021656
1723528446.5636876,233.04220867156982,1723528446.5155246,0.04816293716430664,-74.45481205936038,-6.687746710954748,0.0,-1.6553521342439639,-50.606109000000004,37.308618,-0.170907,-2.5132291676,-23.848703059360375,-43.99636471095475,0.170907,0.8578770333560362,49.15273335250462,50.04467958330374
1723528446.6636848,233.14220595359802,1723528446.6850247,-0.021339893341064453,-74.53677677498868,-6.980286872767539,0.0,-1.651751061289295,-50.860739,37.185689,-0.167517,-2.4960128348,-23.67603777498868,-44.16597587276754,0.167517,0.8442617735107052,48.372636426393214,50.11203699174345
1723528446.763686,233.2422070503235,1723528446.6850247,0.07866120338439941,-74.62392706626572,-7.27551525701435,0.0,-1.6486076042567486,-50.860739,37.185689,-0.167517,-2.4960128348,-23.76318806626572,-44.46120425701435,0.167517,0.8474052305432516,48.55274324743883,50.41344912820342
1723528446.863683,233.3422040939331,1723528446.8440554,0.01962757110595703,-74.70243906862648,-7.557049188999863,0.0,-1.6463710589659308,-51.112208,37.077889,-0.162319,-2.4813840340000004,-23.590231068626473,-44.63493818899986,0.162319,0.8350129750340696,47.842719308114965,50.485671793735584
1723528446.9636843,233.44220542907715,1723528446.9745545,-0.010870218276977539,-74.78811446567644,-7.849221130517562,0.0,-1.643396540199578,-51.361702,36.965423,-0.158099,-2.4652150526,-23.426412465676442,-44.814644130517564,0.158099,0.821818512400422,47.08673228626389,50.56850922116188
1723528447.0636818,233.54220294952393,1723528447.0755305,-0.011848688125610352,-74.86819425753598,-8.137526252258699,0.0,-1.6416930190931436,-51.600182000000004,36.818941,-0.159976,-2.4433830719,-23.268012257535972,-44.956467252258705,0.159976,0.8016900528068565,45.93345650345297,50.621239954596426
1723528447.1636827,233.6422038078308,1723528447.2142696,-0.05058693885803223,-74.95295471922397,-8.432974520008182,0.0,-1.6391798340729908,-51.867378,36.656471,-0.160683,-2.4228298713000003,-23.085576719223965,-45.089445520008184,0.160683,0.7836500372270094,44.89983974837749,50.65597466032463
1723528447.2636805,233.74220156669617,1723528447.2142696,0.04941082000732422,-75.03046984565728,-8.718528482421723,0.0,-1.635837103418433,-51.867378,36.656471,-0.160683,-2.4228298713000003,-23.163091845657277,-45.37499948242173,0.160683,0.7869927678815674,45.09136410693266,50.945512274454714
1723528447.3636816,233.84220266342163,1723528447.369114,-0.0054323673248291016,-75.11078215981199,-9.014591190581504,0.0,-1.633315829279028,-52.125307,36.512308000000004,-0.1592,-2.4022182262,-22.98547515981199,-45.52689919058151,0.1592,0.7689023969209721,44.05486220106452,51.000548652653784
1723528447.4636807,233.94220185279846,1723528447.5108204,-0.047139644622802734,-75.19038415175747,-9.30913251954367,0.0,-1.6302242706577792,-52.371682,36.362607000000004,-0.160943,-2.3798405633,-22.81870215175747,-45.67173951954368,0.160943,0.7496162926422211,42.949849822642896,51.05513550350168
1723528447.5636818,234.04220294952393,1723528447.615832,-0.05215024948120117,-75.2729033417306,-9.598583796923215,0.0,-1.627295790341857,-52.607274000000004,36.208475,-0.16182,-2.3577583708,-22.665629341730593,-45.807058796923215,0.16182,0.730462580458143,41.85242295248692,51.10815565830858
1723528447.6636791,234.14220023155212,1723528447.615832,0.04784703254699707,-75.33977996401829,-9.89048211093349,0.0,-1.6240050305920002,-52.607274000000004,36.208475,-0.16182,-2.3577583708,-22.732505964018287,-46.09895711093349,0.16182,0.7337533402079999,42.04096959754524,51.3994830696984
1723528447.79368,234.27220106124878,1723528447.8434944,-0.049814462661743164,-75.41564142817687,-10.17537474285457,0.0,-1.6218413549024575,-53.049031,35.902541,-0.153491,-2.3167317613000002,-22.36661042817687,-46.07791574285457,0.153491,0.6948904063975427,39.814287510709775,51.21975342324986
1723528447.9036775,234.3821985721588,1723528447.8434944,0.060183048248291016,-75.4878882623871,-10.461620812897895,0.0,-1.6198919243557006,-53.049031,35.902541,-0.153491,-2.3167317613000002,-22.438857262387103,-46.36416181289789,0.153491,0.6968398369442996,39.925981653492826,51.50884754429517
1723528448.0036786,234.48219966888428,1723528447.99944,0.004238605499267578,-75.5589723051829,-10.749772542816617,0.0,-1.6209672221351032,-53.246403,35.7369,-0.14068,-2.2946512869,-22.312569305182905,-46.48667254281661,0.14068,0.673684064764897,38.59925363624661,51.564341011633715
1723528448.0936759,234.57219696044922,1723528448.1386502,-0.044974327087402344,-75.64173119248808,-11.034121368301886,0.0,-1.6221490135937653,-53.466684,35.549198000000004,-0.14945899999999998,-2.2710987561000002,-22.17504719248808,-46.583319368301886,0.14945899999999998,0.6489497425062349,37.18208136170878,51.592254257310415
1723528448.1936767,234.6721978187561,1723528448.1386502,0.05502653121948242,-75.71719235575203,-11.329228814810087,0.0,-1.6236774262691918,-53.466684,35.549198000000004,-0.14945899999999998,-2.2710987561000002,-22.250508355752032,-46.87842681481009,0.14945899999999998,0.6474213298308085,37.094509766052546,51.89117806249515
1723528448.2636738,234.74219489097595,1723528448.2515,0.012173891067504883,-75.79936681366641,-11.61620837647834,0.0,-1.624359492612226,-53.688417,35.36202,-0.155744,-2.2463077534,-22.11094981366641,-46.97822837647834,0.155744,0.621948260787774,35.63501041864132,51.921790216137246
1723528448.4036748,234.88219594955444,1723528448.368188,0.03548693656921387,-75.8839864204542,-11.912923006405599,0.0,-1.625406876993994,-53.906293000000005,35.178966,-0.159774,-2.2235708364,-21.9776934204542,-47.0918890064056,0.159774,0.598163959406006,34.27227033079885,51.968168584299534
1723528448.4936752,234.9721963405609,1723528448.5383155,-0.044640302658081055,-75.97098426472809,-12.200094407485665,0.0,-1.6255795009661296,-54.127277,34.978782,-0.161946,-2.2007346546,-21.84370726472809,-47.17887640748567,0.161946,0.5751551536338706,32.95396286841924,51.99057753715435
1723528448.5936763,235.07219743728638,1723528448.6352344,-0.041558027267456055,-76.0470265780188,-12.494871246161217,0.0,-1.6278772382145892,-54.345774,34.780792,-0.164824,-2.1772189046,-21.701252578018803,-47.275663246161216,0.164824,0.5493416663854108,31.474958994567725,52.01884144971303
1723528448.6936736,235.17219471931458,1723528448.6352344,0.05843925476074219,-76.11436900128449,-12.78366723976336,0.0,-1.6294306355189774,-54.345774,34.780792,-0.164824,-2.1772189046,-21.76859500128449,-47.56445923976336,0.164824,0.5477882690810227,31.38595588511929,52.30943201805994
1723528448.7936747,235.27219581604004,1723528448.7745934,0.01908135414123535,-76.19452106818132,-13.069460336644719,0.0,-1.6307518789216073,-54.544445,34.579325000000004,-0.15917299999999998,-2.1538773497,-21.650076068181313,-47.64878533664472,0.15917299999999998,0.5231254707783928,29.97288163139618,52.336964698572416
1723528448.893674,235.37219500541687,1723528448.8922374,0.001436471939086914,-76.2741249397846,-13.35713262878625,0.0,-1.6311417537349153,-54.713061,34.382646,-0.15591,-2.1321581055000003,-21.561063939784596,-47.739778628786254,0.15591,0.501016351765085,28.706122423181203,52.38311034741156
1723528449.003675,235.4821960926056,1723528449.0352137,-0.03153872489929199,-76.3513896394464,-13.647099693090505,0.0,-1.6308060121987134,-54.890387000000004,34.191358,-0.151473,-2.1108128207,-21.46100263944639,-47.838457693090504,0.151473,0.4800068085012867,27.502364264668053,52.432009429485575
1723528449.0936725,235.5721936225891,1723528449.0352137,0.058458805084228516,-76.4319005163898,-13.95350923248908,0.0,-1.6314549162669145,-54.890387000000004,34.191358,-0.151473,-2.1108128207,-21.5415135163898,-48.144867232489084,0.151473,0.4793579044330856,27.46518480025126,52.744554121544475
1723528449.1936736,235.67219471931458,1723528449.1599429,0.03373074531555176,-76.5160503253186,-14.247781825550055,0.0,-1.6328674976478004,-55.060445,33.991639,-0.144563,-2.0896418048000003,-21.4556053253186,-48.239420825550056,0.144563,0.4567743071521999,26.17123998983339,52.7958863920412
1723528449.3036711,235.7821922302246,1723528449.2596705,0.04400062561035156,-76.59745543280603,-14.541593798773611,0.0,-1.633512009134877,-55.255721,33.760884000000004,-0.13888599999999998,-2.0658950359,-21.341734432806028,-48.302477798773616,0.13888599999999998,0.4323830267651232,24.77372256673367,52.807369555985574
1723528449.393672,235.87219309806824,1723528449.3497283,0.04394364356994629,-76.68015317602391,-14.841843310698945,0.0,-1.6342379975648043,-55.441566,33.533941,-0.140401,-2.0415390604000003,-21.238587176023906,-48.37578431069895,0.140401,0.40730106283519607,23.336631891649482,52.832885642842136
1723528449.4936695,235.97219061851501,1723528449.465147,0.028522491455078125,-76.76801779989702,-15.130183362118048,0.0,-1.637173007238756,-55.604692,33.32348,-0.138851,-2.0220206486000003,-21.163325799897024,-48.45366336211805,0.138851,0.3848476413612443,22.050145605563632,52.87403078754493
1723528449.5936704,236.0721914768219,1723528449.5992398,-0.0055694580078125,-76.85804171664043,-15.419913948849235,0.0,-1.638721815603375,-55.760289,33.097656,-0.13175699999999999,-2.0021405451,-21.09775271664043,-48.517569948849236,0.13175699999999999,0.36341872949662507,20.822359396163137,52.90639964447624
1723528449.6936677,236.1721887588501,1723528449.7533689,-0.05970120429992676,-76.94924907761771,-15.718242113124754,0.0,-1.6387033349420894,-55.906419,32.868777,-0.132081,-1.9842966708,-21.042830077617708,-48.587019113124754,0.132081,0.34559333585791063,19.801039572505456,52.94824425195989
1723528449.8036687,236.28218984603882,1723528449.8374302,-0.03376150131225586,-77.03244361645926,-16.004048562487228,0.0,-1.6409929830166476,-56.066702,32.636507,-0.136036,-1.9679959617,-20.965741616459262,-48.64055556248723,0.136036,0.32700297868335243,18.73589056676252,52.96682426527793
1723528449.9046664,236.38318753242493,1723528449.8374302,0.06723618507385254,-77.11219846633414,-16.300278312025995,0.0,-1.6408658215591303,-56.066702,32.636507,-0.136036,-1.9679959617,-21.045496466334136,-48.936785312026,0.136036,0.3271301401408698,18.743176381594996,53.270445689735894
1723528449.9936676,236.47218871116638,1723528449.9832075,0.010460138320922852,-77.1905649178168,-16.590854662020774,0.0,-1.6416421536306494,-56.212447000000004,32.411855,-0.143803,-1.9530787208,-20.978117917816796,-49.00270966202078,0.143803,0.31143656716935064,17.844000884846366,53.304480720638665
1723528450.0936654,236.57218647003174,1723528450.104753,-0.011087656021118164,-77.2797629240106,-16.886436607418815,0.0,-1.641597099088363,-56.360205,32.177152,-0.140927,-1.9387934847,-20.919557924010597,-49.063588607418815,0.140927,0.29719638561163686,17.02809858208934,53.33744923778602
1723528450.1936665,236.6721875667572,1723528450.2385516,-0.04488515853881836,-77.37277793212552,-17.189157852619832,0.0,-1.6410815141163775,-56.499453,31.950673000000002,-0.137964,-1.9258909733,-20.873324932125513,-49.13983085261984,0.137964,0.28480945918362255,16.318379976625057,53.389490576437204
1723528450.294664,236.77318501472473,1723528450.2385516,0.05611228942871094,-77.46552754848007,-17.489535993780045,0.0,-1.6410837749606892,-56.499453,31.950673000000002,-0.137964,-1.9258909733,-20.966074548480066,-49.44020899378005,0.137964,0.2848071983393108,16.318250439787857,53.702230692834064
1723528450.4036615,236.882182598114,1723528450.3656485,0.03801298141479492,-77.54661647487438,-17.796808353439843,0.0,-1.6414895693716987,-56.634893000000005,31.718453,-0.138407,-1.9132859451,-20.91172347487438,-49.51526135343984,0.138407,0.2717963757283013,15.57278521618363,53.75016690287309
1723528450.5046592,236.98318028450012,1723528450.455541,0.0491182804107666,-77.628169724492,-18.096960389893304,0.0,-1.641320949812017,-56.768486,31.484852,-0.133777,-1.902327604,-20.859683724491994,-49.5818123898933,0.133777,0.2610066541879829,14.954579709801994,53.79126714661165
1723528450.60366,237.08218121528625,1723528450.554887,0.04877305030822754,-77.70853506576663,-18.396097158497856,0.0,-1.6389594490200714,-56.892402000000004,31.255325000000003,-0.133215,-1.893959021,-20.81613306576662,-49.65142215849786,0.133215,0.2549995719799285,14.61039925209235,53.838581560153486
1723528450.7036576,237.18217873573303,1723528450.7173269,-0.013669252395629883,-77.79377202787656,-18.6988778304512,0.0,-1.638783810386321,-57.006859,31.022123,-0.123025,-1.8884436687,-20.786913027876558,-49.7210008304512,0.123025,0.24965985831367885,14.304456195207916,53.89145397890893
1723528450.8036587,237.2821798324585,1723528450.8335936,-0.02993488311767578,-77.87949723681642,-18.995342363604,0.0,-1.637947243862606,-57.125889,30.793327,-0.12768,-1.8848578957,-20.75360823681642,-49.788669363604,0.12768,0.24691065183739402,14.146938267106762,53.941080393591804
1723528450.8936563,237.37217736244202,1723528450.9375508,-0.04389452934265137,-77.96588634594428,-19.28660894411328,0.0,-1.6359471716536722,-57.264012,30.549341000000002,-0.125303,-1.8822706679999999,-20.701874345944283,-49.83594994411328,0.125303,0.24632349634632764,14.113296735550728,53.964851608331514
1723528451.003657,237.48217821121216,1723528451.03136,-0.027702808380126953,-78.05395311191701,-19.587850847088898,0.0,-1.6347274649019188,-57.407542,30.2907,-0.11516299999999999,-1.8787018344,-20.64641111191701,-49.8785508470889,0.11516299999999999,0.24397436949808116,13.978701681605335,53.982936090254405
1723528451.0936546,237.57217574119568,1723528451.1414783,-0.04782366752624512,-78.13620096500036,-19.885323802713305,0.0,-1.6347524921327645,-57.559904,30.040022,-0.100328,-1.8749669026,-20.576296965000353,-49.92534580271331,0.100328,0.2402144104672355,13.763271897995779,53.99939088563842
1723528451.2036557,237.6821768283844,1723528451.2639818,-0.06032609939575195,-78.21362461561142,-20.186656203709244,0.0,-1.6315361661747803,-57.705361,29.800726,-0.102014,-1.8723906518,-20.50826361561142,-49.987382203709245,0.102014,0.2408544856252197,13.799945503119442,54.03089544846832
1723528451.303653,237.7821741104126,1723528451.2639818,0.03967118263244629,-78.29607339390697,-20.49676022803989,0.0,-1.6304372587779716,-57.705361,29.800726,-0.102014,-1.8723906518,-20.590712393906962,-50.29748622803989,0.102014,0.24195339302202834,13.862908259032286,54.349102702847375
1723528451.4046538,237.88317489624023,1723528451.3821461,0.022507667541503906,-78.37909237419174,-20.797433579738946,0.0,-1.6283470531426987,-57.8425,29.560819000000002,-0.102992,-1.8696582827,-20.53659237419174,-50.358252579738945,0.102992,0.24131122955730122,13.826115002745924,54.38488610432644
1723528451.533652,238.01217317581177,1723528451.5160666,0.01758551597595215,-78.46851409271201,-21.110339744335267,0.0,-1.6278067275870798,-57.977901,29.321567,-0.10493799999999999,-1.8649826563,-20.49061309271201,-50.431906744335265,0.10493799999999999,0.23717592871292026,13.58917971734601,54.43577366739995
1723528451.6336496,238.11217069625854,1723528451.7349622,-0.10131263732910156,-78.5443197197431,-21.418870704681165,0.0,-1.626780921458751,-58.097734,29.086468,-0.103529,-1.8615143574,-20.446585719743098,-50.505338704681165,0.103529,0.23473343594124896,13.449235190038033,54.48727212407691
1723528451.7036495,238.18217062950134,1723528451.7349622,-0.03131270408630371,-78.6196486031245,-21.723004385602078,0.0,-1.6238516790769533,-58.097734,29.086468,-0.103529,-1.8615143574,-20.5219146031245,-50.80947238560208,0.103529,0.23766267832304666,13.61706841568589,54.79746509953755
1723528451.8336444,238.31216549873352,1723528451.7349622,0.09868216514587402,-78.6959265180223,-22.03225480571922,0.0,-1.6222734488962671,-58.097734,29.086468,-0.103529,-1.8615143574,-20.5981925180223,-51.118722805719216,0.103529,0.2392409085037328,13.707494344139377,55.11279410945619
1723528451.9336455,238.41216659545898,1723528451.9494965,-0.01585102081298828,-78.78248868500701,-22.347402383682205,0.0,-1.6196020054734668,-58.242192,28.836631,-0.10216299999999999,-1.8569935298,-20.540296685007007,-51.184033383682205,0.10216299999999999,0.2373915243265332,13.601532436087565,55.15178599654388
1723528452.0336432,238.51216435432434,1723528451.9494965,0.08414673805236816,-78.86235738362899,-22.658586132334687,0.0,-1.6188486506200916,-58.242192,28.836631,-0.10216299999999999,-1.8569935298,-20.620165383628986,-51.49521713233469,0.10216299999999999,0.23814487917990834,13.644696489661657,55.47034383554041
1723528452.133644,238.61216521263123,1723528452.1324828,0.001161336898803711,-78.94786730588375,-22.95397332647114,0.0,-1.6167144905082667,-58.382778,28.582574,-0.095985,-1.8526994272,-20.565089305883745,-51.53654732647114,0.095985,0.23598493669173323,13.520940901098237,55.488267423057984
1723528452.2336419,238.71216297149658,1723528452.313252,-0.07961010932922363,-79.03116483555652,-23.25337134328229,0.0,-1.6149424948002655,-58.529999000000004,28.320383,-0.09111699999999999,-1.8467204029,-20.50116583555652,-51.57375434328229,0.09111699999999999,0.23177790809973442,13.27989591848584,55.499173327049725
1723528452.333643,238.81216406822205,1723528452.313252,0.020390987396240234,-79.11481564158406,-23.55926490112506,0.0,-1.6143342034395993,-58.529999000000004,28.320383,-0.09111699999999999,-1.8467204029,-20.584816641584055,-51.87964790112506,0.09111699999999999,0.23238619946040062,13.314748446166284,55.81434264434219
1723528452.4336405,238.91216158866882,1723528452.4696133,-0.03597283363342285,-79.19062187890638,-23.84779011212226,0.0,-1.6129969591009907,-58.672131,28.049513,-0.081534,-1.8427260155,-20.518490878906384,-51.89730311212226,0.081534,0.2297290563990093,13.16250536318609,55.80631851369892
1723528452.5336416,239.0121626853943,1723528452.4696133,0.06402826309204102,-79.26207943658076,-24.138311509906003,0.0,-1.6105697122002183,-58.672131,28.049513,-0.081534,-1.8427260155,-20.589948436580762,-52.18782450990601,0.081534,0.23215630329978176,13.301576366436562,56.10277757376151
1723528452.6336386,239.1121597290039,1723528452.6789014,-0.045262813568115234,-79.33448807351287,-24.428692065417565,0.0,-1.6075742339912362,-58.810821000000004,27.782156,-0.07876699999999999,-1.8383242386,-20.52366707351287,-52.210848065417565,0.07876699999999999,0.23075000460876383,13.221001386706462,56.099908824300265
1723528452.7336397,239.21216082572937,1723528452.6789014,0.05473828315734863,-79.40202697259966,-24.74286054363852,0.0,-1.6053048178889087,-58.810821000000004,27.782156,-0.07876699999999999,-1.8383242386,-20.591205972599653,-52.52501654363852,0.07876699999999999,0.23301942071109139,13.35102935132886,56.41703050104475
1723528452.8336372,239.31215834617615,1723528452.8058393,0.027797937393188477,-79.48189954390654,-25.02491196524197,0.0,-1.6049501864193272,-58.946742,27.524859,-0.086195,-1.8350297204,-20.535157543906536,-52.54977096524197,0.086195,0.2300795339806727,13.182586249429356,56.41966459870596
1723528452.9336386,239.4121596813202,1723528452.9300518,0.0035867691040039062,-79.55518304940159,-25.30638415864394,0.0,-1.6022534718631574,-59.075680000000006,27.257546,-0.087323,-1.8304517458,-20.479503049401586,-52.56393015864394,0.087323,0.22819827393684264,13.074797988751296,56.41262646056799
1723528453.0236363,239.5021574497223,1723528452.9300518,0.09358453750610352,-79.63225315266736,-25.594316207907934,0.0,-1.598915481896554,-59.075680000000006,27.257546,-0.087323,-1.8304517458,-20.556573152667355,-52.851862207907935,0.087323,0.23153626390344595,13.266050725894681,56.708902863051236
1723528453.1336374,239.612158536911,1723528453.1412878,-0.0076503753662109375,-79.71309949354028,-25.88853053258747,0.0,-1.5947683015607543,-59.209643,26.986253,-0.07693499999999999,-1.8255492917,-20.503456493540284,-52.87478353258747,0.07693499999999999,0.2307809901392457,13.222776726829046,56.71102521375105
1723528453.2336357,239.71215677261353,1723528453.2935126,-0.05987691879272461,-79.77709886106918,-26.18157025667566,0.0,-1.588122496378872,-59.34124,26.723954000000003,-0.07789499999999999,-1.8199785957999999,-20.43585886106918,-52.90552425667566,0.07789499999999999,0.23185609942112784,13.284375951196235,56.715296806895594
1723528453.3336372,239.81215834617615,1723528453.2935126,0.04012465476989746,-79.8364564711903,-26.450936041932426,0.0,-1.5823598750746273,-59.34124,26.723954000000003,-0.07789499999999999,-1.8199785957999999,-20.495216471190304,-53.17489004193243,0.07789499999999999,0.2376187207253726,13.614549830861634,56.98797150981582
1723528453.4336355,239.91215658187866,1723528453.424046,0.009589433670043945,-79.89980149122222,-26.7485459096987,0.0,-1.5791149376842073,-59.482303,26.431672000000002,-0.07571399999999999,-1.8140435292,-20.41749849122222,-53.1802179096987,0.07571399999999999,0.2349285915157926,13.460416780807835,56.96503799851182
1723528453.533637,240.01215815544128,1723528453.5456517,-0.012014627456665039,-79.95885824401799,-27.034217172160314,0.0,-1.5749769133084115,-59.614134,26.1412,-0.07610199999999999,-1.8093689976,-20.34472424401799,-53.175417172160316,0.07610199999999999,0.23439208429158853,13.429677181182663,56.93451139258876
1723528453.6336353,240.1121563911438,1723528453.646715,-0.013079643249511719,-80.02279288843086,-27.311589863347095,0.0,-1.5704601990627467,-59.735156,25.862981,-0.063814,-1.8053319685,-20.287636888430853,-53.1745708633471,0.063814,0.2348717694372533,13.457161115524372,56.9133312084659
1723528453.7336366,240.21215772628784,1723528453.646715,0.08692169189453125,-80.08263317784642,-27.60809226162013,0.0,-1.5642322044311376,-59.735156,25.862981,-0.063814,-1.8053319685,-20.347477177846415,-53.471073261620134,0.063814,0.24109976406886238,13.813998922745707,57.21170837756136
1723528453.8336346,240.31215572357178,1723528453.8532636,-0.01962900161743164,-80.13987264406573,-27.88537329790084,0.0,-1.5562211502859777,-59.863561000000004,25.593134000000003,-0.067257,-1.801982046,-20.27631164406573,-53.47850729790085,0.067257,0.24576089571402226,14.081062093768239,57.19339192776521
1723528453.9336362,240.4121572971344,1723528453.8532636,0.08037257194519043,-80.19016963239989,-28.172577778196075,0.0,-1.5479279207921344,-59.863561000000004,25.593134000000003,-0.067257,-1.801982046,-20.326608632399882,-53.76571177819608,0.067257,0.25405412520786563,14.556229142298879,57.47979910381433
1723528454.0336342,240.51215529441833,1723528454.0448997,-0.01126551628112793,-80.23989834289124,-28.44793735964961,0.0,-1.5411971301454674,-60.003525,25.320128,-0.057908,-1.7980308502,-20.236373342891234,-53.76806535964961,0.057908,0.25683372005453253,14.715488195769206,57.450143706773225
1723528454.1336355,240.61215662956238,1723528454.2118063,-0.0781707763671875,-80.28330702336947,-28.72681690411945,0.0,-1.5331623141905895,-60.12856,25.043081,-0.058666,-1.7946956082,-20.154747023369474,-53.769897904119446,0.058666,0.2615332940094106,14.984753948893324,57.423159003097396
1723528454.2336335,240.7121546268463,1723528454.2118063,0.021827220916748047,-80.33068869459989,-29.006496224264488,0.0,-1.5258735476380278,-60.12856,25.043081,-0.058666,-1.7946956082,-20.202128694599885,-54.04957722426449,0.058666,0.2688220605619722,15.402369510211223,57.70170052619301
1723528454.3336349,240.81215596199036,1723528454.3868024,-0.05316758155822754,-80.38323989320855,-29.286196857201052,0.0,-1.5184445463437608,-60.253136000000005,24.744145,-0.059066,-1.7927506613,-20.13010389320855,-54.03034185720105,0.059066,0.27430611495623913,15.71658268162289,57.65849818326643
1723528454.4336329,240.9121539592743,1723528454.3868024,0.04683041572570801,-80.42890855118465,-29.564504037558397,0.0,-1.509984397177049,-60.253136000000005,24.744145,-0.059066,-1.7927506613,-20.175772551184643,-54.308649037558396,0.059066,0.2827662641229509,16.201313522926597,57.93526255325149
1723528454.5336344,241.0121555328369,1723528454.504577,0.02905750274658203,-80.46831031164304,-29.849545635570156,0.0,-1.5018680975235001,-60.376959,24.456368,-0.055246,-1.7953207373,-20.091351311643038,-54.30591363557016,0.055246,0.2934526397764999,16.81359774616631,57.903347964020014
1723528454.6336322,241.11215329170227,1723528454.6256135,0.008018732070922852,-80.50376875032656,-30.119509180142234,0.0,-1.4950248403607416,-60.512052000000004,24.148695,-0.050207,-1.7960244451,-19.991716750326553,-54.268204180142234,0.050207,0.30099960473925846,17.24600698666548,57.83346128588314
1723528454.733633,241.21215415000916,1723528454.761458,-0.027824878692626953,-80.52930856565658,-30.3893776098993,0.0,-1.4869818249024152,-60.658213,23.852888,-0.050691,-1.7976307284,-19.871095565656574,-54.2422656098993,0.050691,0.3106489034975848,17.798871080778405,57.767520173985325
1723528454.8336313,241.31215238571167,1723528454.8950346,-0.06140327453613281,-80.55332965736102,-30.660450449696054,0.0,-1.4806556928357943,-60.804005000000004,23.559327,-0.042460000000000005,-1.7995996736,-19.749324657361015,-54.21977744969605,0.042460000000000005,0.3189439807642056,18.274143998890693,57.70460894909536
1723528454.9336329,241.4121539592743,1723528454.8950346,0.03859829902648926,-80.58172839658766,-30.93560198004428,0.0,-1.4725048275027175,-60.804005000000004,23.559327,-0.042460000000000005,-1.7995996736,-19.77772339658766,-54.49492898004428,0.042460000000000005,0.32709484609728245,18.741154181855492,57.97290255061929
1723528455.033631,241.5121521949768,1723528455.0431814,-0.009550333023071289,-80.61214002345355,-31.203791077094472,0.0,-1.4644774615234868,-60.940378,23.268471,-0.045110000000000004,-1.8014430398999999,-19.671762023453546,-54.47226207709447,0.045110000000000004,0.3369655783765131,19.306705482158954,57.91552116501373
1723528455.1336327,241.61215376853943,1723528455.190362,-0.05672931671142578,-80.64103949949909,-31.467275491687115,0.0,-1.4563681399592976,-61.08214,22.966826,-0.037139,-1.8025254021,-19.558899499499084,-54.434101491687116,0.037139,0.3461572621407023,19.83335016846592,57.84136352251838
1723528455.233631,241.71215200424194,1723528455.190362,0.04326891899108887,-80.66964898172485,-31.74347868705667,0.0,-1.447793622904909,-61.08214,22.966826,-0.037139,-1.8025254021,-19.587508981724845,-54.71030468705667,0.037139,0.3547317791950908,20.324633807045327,58.11100865038437
1723528455.3336325,241.81215357780457,1723528455.323327,0.010305404663085938,-80.68260077944345,-32.00844580362078,0.0,-1.4408821816528834,-61.214188,22.651467,-0.037289,-1.8034543512999999,-19.468412779443447,-54.659912803620784,0.037289,0.36257216964711647,20.773855089681064,58.02350001783541
1723528455.4336307,241.91215181350708,1723528455.472857,-0.03922629356384277,-80.69523978160014,-32.27136912451992,0.0,-1.4341404002727556,-61.357937,22.356105,-0.030292000000000003,-1.8057848861999999,-19.337302781600137,-54.62747412451992,0.030292000000000003,0.3716444859272443,21.293660522940215,57.94905629686853
1723528455.533632,242.01215314865112,1723528455.5739164,-0.04028439521789551,-80.71554398036221,-32.54627168151862,0.0,-1.4263568470706534,-61.505379000000005,22.086091,-0.019589000000000002,-1.8095726696999999,-19.210164980362208,-54.632362681518615,0.019589000000000002,0.38321582262934645,21.956649279295497,57.911362222509005
1723528455.6336303,242.11215138435364,1723528455.6798759,-0.046245574951171875,-80.72861920606724,-32.79835044411339,0.0,-1.4186552519665483,-61.649079,21.796413,-0.023664,-1.8104894946999999,-19.079540206067236,-54.59476344411339,0.023664,0.39183424273345163,22.450448377331423,57.83266905459691
1723528455.7336283,242.21214938163757,1723528455.7836356,-0.05000734329223633,-80.73365391069918,-33.08779377369305,0.0,-1.4107633475904244,-61.78944,21.498549,-0.020673,-1.8129511996,-18.944213910699176,-54.58634277369305,0.020673,0.4021878520095756,23.043666491580826,57.78020842359751
1723528455.8336291,242.31215023994446,1723528455.7836356,0.04999351501464844,-80.73945855827616,-33.36301754463501,0.0,-1.4028749347943106,-61.78944,21.498549,-0.020673,-1.8129511996,-18.950018558276156,-54.86156654463501,0.020673,0.4100762648056894,23.495639251855142,58.0421839222419
1723528455.9636307,242.44215178489685,1723528456.0044212,-0.040790557861328125,-80.74615205862979,-33.64001373236213,0.0,-1.3950179672701428,-62.089146,20.891787,-0.014861,-1.8158617859,-18.65700605862979,-54.53180073236213,0.014861,0.42084381862985704,24.112574641659897,57.63507080793014
1723528456.0636284,242.5421495437622,1723528456.0044212,0.05920720100402832,-80.75195136449143,-33.91941718564788,0.0,-1.3881856502541645,-62.089146,20.891787,-0.014861,-1.8158617859,-18.662805364491433,-54.81120418564788,0.014861,0.4276761356458354,24.504037570970873,57.90136983874385
1723528456.1636302,242.6421513557434,1723528456.1320016,0.03162860870361328,-80.75354469587771,-34.19150780063948,0.0,-1.3792602802656295,-62.234849000000004,20.594919,-0.015995000000000002,-1.8167180627,-18.518695695877703,-54.786426800639475,0.015995000000000002,0.4374577824343704,25.064484648641624,57.831608206052614
1723528456.2636282,242.74214935302734,1723528456.2643244,-0.0006961822509765625,-80.74702913513299,-34.46735832140459,0.0,-1.3712631132513202,-62.38487,20.303916,-0.018139000000000002,-1.8191415689,-18.36215913513299,-54.77127432140459,0.018139000000000002,0.4478784556486797,25.66154524350657,57.76730656623886
1723528456.3636298,242.84215092658997,1723528456.365721,-0.0020911693572998047,-80.74453265757289,-34.74293160490517,0.0,-1.3637578140395739,-62.542873,19.990076000000002,-0.023343000000000003,-1.8208368808,-18.20165965757289,-54.733007604905175,0.023343000000000003,0.4570790667604261,26.188701429150807,57.68017927039039
1723528456.4636278,242.9421489238739,1723528456.4915392,-0.02791142463684082,-80.74506936754314,-35.03211048521317,0.0,-1.3571601883274758,-62.689635,19.676268,-0.023266000000000002,-1.8232973988999999,-18.055434367543135,-54.70837848521317,0.023266000000000002,0.4661372105725241,26.707694839806567,57.610814331935536
1723528456.5636296,243.0421507358551,1723528456.59458,-0.030950307846069336,-80.74511904960667,-35.331515369724535,0.0,-1.3490119661718287,-62.840459,19.360518000000003,-0.022394,-1.8226072636,-17.90466004960667,-54.69203336972454,0.022394,0.4735952974281712,27.13501173987714,57.54820472524125
1723528456.6636279,243.14214897155762,1723528456.59458,0.06904792785644531,-80.74110633656764,-35.61418462565242,0.0,-1.3411604021991843,-62.840459,19.360518000000003,-0.022394,-1.8226072636,-17.900647336567637,-54.97470262565243,0.022394,0.4814468614008156,27.584873218086635,57.81566920254679
1723528456.7636292,243.24215030670166,1723528456.7436814,0.01994776725769043,-80.73165956959706,-35.90592299113038,0.0,-1.3338940099031555,-63.005786,19.05636,-0.027182,-1.8234848789,-17.725873569597056,-54.96228299113038,0.027182,0.48959086899684445,28.05149048166157,57.74997735292685
1723528456.8636272,243.3421483039856,1723528456.8551123,0.008514881134033203,-80.72370840773412,-36.19706968556537,0.0,-1.3259946255048876,-63.164234,18.757149000000002,-0.021622000000000002,-1.8258929355,-17.559474407734122,-54.954218685565365,0.021622000000000002,0.4998983099951124,28.642063348442438,57.691435762404936
1723528456.9636288,243.44214987754822,1723528456.965668,-0.002039194107055664,-80.7014693492783,-36.48746533559172,0.0,-1.3156224916832657,-63.311345,18.445220000000003,-0.025463000000000003,-1.8273504617,-17.390124349278295,-54.93268533559173,0.025463000000000003,0.5117279700167343,29.31985294075601,57.6195886086222
1723528457.0636268,243.54214787483215,1723528457.0518858,0.011740922927856445,-80.68641704078105,-36.771706994054014,0.0,-1.3099078952466867,-63.473040000000005,18.116416,-0.025962000000000002,-1.8285340512,-17.213377040781047,-54.888122994054015,0.025962000000000002,0.5186261559533132,29.71508988121848,57.52396951692341
1723528457.1636283,243.64214944839478,1723528457.213534,-0.04990577697753906,-80.67000220434637,-37.063626804682016,0.0,-1.3012122140984759,-63.629512000000005,17.810869,-0.028542,-1.8293472388,-17.04049020434637,-54.87449580468201,0.028542,0.5281350247015242,30.259907928434817,57.45945884593982
1723528457.263626,243.74214720726013,1723528457.213534,0.05009198188781738,-80.65182349791382,-37.3502460838945,0.0,-1.2935013050880264,-63.629512000000005,17.810869,-0.028542,-1.8293472388,-17.02231149791382,-55.1611150838945,0.028542,0.5358459337119736,30.701710470942967,57.7278833898873
1723528457.3636272,243.8421483039856,1723528457.3352473,0.02837991714477539,-80.62693221220749,-37.64946103695958,0.0,-1.2855089314549104,-63.787824,17.501362,-0.023831,-1.8306790206999999,-16.839108212207492,-55.15082303695958,0.023831,0.5451700892450894,31.23594523051405,57.66428196858976
1723528457.463625,243.94214606285095,1723528457.445245,0.018379926681518555,-80.59527048861123,-37.93957292579951,0.0,-1.277426882078364,-63.951477000000004,17.193566,-0.01905,-1.8320457729,-16.64379348861123,-55.133138925799514,0.01905,0.5546188908216358,31.777321682306724,57.59061757270491
1723528457.5636265,244.04214763641357,1723528457.6036904,-0.04006385803222656,-80.56482170515375,-38.23611680046308,0.0,-1.267892351307968,-64.12132100000001,16.880020000000002,-0.009637,-1.8327918559,-16.44350070515374,-55.11613680046308,0.009637,0.564899504592032,32.3663574621545,57.51675707234824
1723528457.6636243,244.14214539527893,1723528457.6036904,0.05993390083312988,-80.53699302000472,-38.52916947177254,0.0,-1.260452147481553,-64.12132100000001,16.880020000000002,-0.009637,-1.8327918559,-16.415672020004706,-55.40918947177254,0.009637,0.572339708418447,32.792649740125164,57.78972796837621
1723528457.7636256,244.24214673042297,1723528457.7244554,0.039170265197753906,-80.50344176177414,-38.82240544031963,0.0,-1.2528782980991324,-64.285381,16.562796000000002,-0.015662,-1.8329598141999999,-16.21806076177414,-55.38520144031963,0.015662,0.5800815161008674,33.23622264612982,57.71088527094023
1723528457.8636236,244.3421447277069,1723528457.825114,0.03850960731506348,-80.4610422862695,-39.11750804013877,0.0,-1.2452617279452307,-64.4515,16.251517,-0.014418,-1.8333408775,-16.009542286269507,-55.36902504013877,0.014418,0.5880791495547693,33.694453289131026,57.637093837129655
1723528457.9636254,244.4421465396881,1723528457.9519928,0.011632680892944336,-80.41689537239618,-39.42393310006489,0.0,-1.2370626622061325,-64.620141,15.927161,-0.009064,-1.8339830382,-15.79675437239618,-55.35109410006489,0.009064,0.5969203759938674,34.20101824981082,57.561107954348415
1723528458.0636237,244.54214477539062,1723528458.0546205,0.009003162384033203,-80.37500568322751,-39.71427731407645,0.0,-1.2272463010391454,-64.777807,15.637099999999998,0.007463,-1.8362006672,-15.597198683227518,-55.351377314076444,-0.007463,0.6089543661608545,34.89051509708112,57.50693552108041
1723528458.1636252,244.64214634895325,1723528458.1518164,0.01180887222290039,-80.32595684203615,-40.018500278909116,0.0,-1.2185969146497742,-64.929913,15.325994,0.012231,-1.8354602574,-15.39604384203615,-55.34449427890912,-0.012231,0.6168633427502258,35.34366607591987,57.44607351744299
1723528458.2636235,244.74214458465576,1723528458.2525609,0.0110626220703125,-80.27634883169733,-40.30657841488772,0.0,-1.2103368200249796,-65.085567,15.026871,0.019847,-1.8351781817,-15.190781831697336,-55.33344941488772,-0.019847,0.6248413616750204,35.80077288918609,57.38075348678834
1723528458.3636253,244.84214639663696,1723528458.3235116,0.04011368751525879,-80.23202775836643,-40.59784273007189,0.0,-1.2024748978877282,-65.241258,14.728598,0.029089,-1.8363820428,-14.990769758366426,-55.32644073007189,-0.029089,0.6339071449122717,36.320204006661044,57.32136659201725
1723528458.4636235,244.94214463233948,1723528458.4243667,0.03925681114196777,-80.17981045598944,-40.90030254089597,0.0,-1.19322859639317,-65.400631,14.411807,0.031881,-1.8353005051,-14.779179455989436,-55.312109540895975,-0.031881,0.6420719087068301,36.78801051281046,57.25255124144754
1723528458.5636249,245.04214596748352,1723528458.5864267,-0.022801876068115234,-80.12046451979253,-41.20266592923009,0.0,-1.184557368935692,-65.707502,13.803139999999999,0.047352,-1.833679106,-14.41296251979253,-55.00580592923009,-0.047352,0.6491217370643079,37.19193592398558,56.86276828235654
1723528458.6636229,245.14214396476746,1723528458.6808646,-0.017241716384887695,-80.05962772134714,-41.49681829173816,0.0,-1.176537719595804,-65.845101,13.52137,0.07271000000000001,-1.8329631945,-14.214526721347141,-55.018188291738156,-0.07271000000000001,0.656425474904196,37.61040927688117,56.82481059855057
1723528458.7636244,245.24214553833008,1723528458.78346,-0.019835472106933594,-79.99476384849812,-41.791467288742204,0.0,-1.1666193225269395,-65.99072,13.240784999999999,0.097764,-1.8314603902,-14.004043848498128,-55.0322522887422,-0.097764,0.6648410676730605,38.09258722463792,56.786191929747545
1723528458.8636224,245.342143535614,1723528458.8746212,-0.010998725891113281,-79.92756533993473,-42.098524789480706,0.0,-1.1588156254099284,-66.131533,12.964792999999998,0.11793000000000001,-1.8312636446,-13.796032339934726,-55.063317789480706,-0.11793000000000001,0.6724480191900714,38.528433441523276,56.76542417523864
1723528458.9636238,245.44214487075806,1723528458.9850843,-0.021460533142089844,-79.86133274277263,-42.41412394277346,0.0,-1.1473280581176581,-66.28174,12.688692999999999,0.13889100000000001,-1.8302716705,-13.579592742772633,-55.10281694277346,-0.13889100000000001,0.6829436123823418,39.12978663492662,56.751608477630356
1723528459.063622,245.54214310646057,1723528459.0656369,-0.0020148754119873047,-79.78963043714309,-42.72036475368674,0.0,-1.1402480642929298,-66.43347800000001,12.403307,0.152056,-1.8293606675,-13.35615243714308,-55.123671753686736,-0.152056,0.6891126032070702,39.48324377303848,56.71886032493548
1723528459.1636236,245.6421446800232,1723528459.174164,-0.010540485382080078,-79.71514353046759,-43.01722369496774,0.0,-1.1317355283781438,-66.569484,12.125309999999999,0.163126,-1.8272038867,-13.145659530467583,-55.14253369496774,-0.163126,0.6954683583218562,39.8474017167344,56.68804103938944
1723528459.2636213,245.74214243888855,1723528459.2547483,0.00887298583984375,-79.6476256068689,-43.30484748482587,0.0,-1.1248308545167978,-66.693952,11.858982,0.195004,-1.8271177657,-12.953673606868904,-55.16382948482587,-0.195004,0.7022869111832022,40.238076018076384,56.66466067933569
1723528459.3636231,245.84214425086975,1723528459.35653,0.007093191146850586,-79.57485507136177,-43.61139730937479,0.0,-1.1155578915175601,-66.814057,11.602856,0.221174,-1.8273212459,-12.760798071361762,-55.21425330937478,-0.221174,0.7117633543824398,40.78103621818815,56.67010370440617
1723528459.504621,245.98314213752747,1723528459.524275,-0.019654035568237305,-79.49737196360408,-43.90263056186892,0.0,-1.109451299502914,-67.069862,11.091821,0.286149,-1.8272665146,-12.42750996360408,-54.994451561868914,-0.286149,0.717815215097086,41.1277822953384,56.38186399664724
1723528459.593623,246.07214403152466,1723528459.6187596,-0.025136709213256836,-79.42213452596143,-44.20436250065447,0.0,-1.1018900212860734,-67.19641,10.844771,0.301695,-1.8256113192999999,-12.225724525961425,-55.04913350065447,-0.301695,0.7237212980139264,41.46617591992767,56.391191326576866
1723528459.7036211,246.18214225769043,1723528459.7040904,-0.000469207763671875,-79.34410097257273,-44.49126393934537,0.0,-1.096153485557883,-67.328245,10.595984,0.31419899999999995,-1.8239526195,-12.015855972572737,-55.087247939345374,-0.31419899999999995,0.727799133942117,41.6998187081598,56.383369900140984
1723528459.804623,246.28314399719238,1723528459.8183374,-0.01371455192565918,-79.26375493820741,-44.78387784783553,0.0,-1.088849933544844,-67.447687,10.351064,0.330437,-1.8241593349,-11.81606793820741,-55.13494184783553,-0.330437,0.735309401355156,42.13012533394157,56.38785740472417
1723528459.8936214,246.37214255332947,1723528459.919888,-0.02626657485961914,-79.17502094951628,-45.07506570399894,0.0,-1.0852017553972324,-67.570986,10.107327999999999,0.351547,-1.8230800649999999,-11.604034949516276,-55.18239370399894,-0.351547,0.7378783096027673,42.277312934486055,56.39036963264159
1723528459.9936233,246.47214436531067,1723528460.034851,-0.04122781753540039,-79.08743697717418,-45.37158628238154,0.0,-1.0818765302316848,-67.6922,9.88233,0.37541399999999997,-1.8218279186,-11.395236977174179,-55.25391628238154,-0.37541399999999997,0.7399513883683151,42.39609159835013,56.41797254401988
1723528460.1036217,246.58214282989502,1723528460.1258368,-0.02221512794494629,-78.9992041966451,-45.674362997262925,0.0,-1.0815795495431177,-67.816311,9.641380999999999,0.39737799999999995,-1.8202351684,-11.182893196645097,-55.31574399726293,-0.39737799999999995,0.7386556188568822,42.3218494741233,56.436216594427954
1723528460.2036228,246.68214392662048,1723528460.2315135,-0.027890682220458984,-78.91868428345832,-45.962442873844,0.0,-1.0812899456642822,-67.925745,9.413138,0.418913,-1.8189301248,-10.992939283458313,-55.375580873844,-0.418913,0.7376401791357179,42.26366906375064,56.45772895987765
1723528460.303621,246.782142162323,1723528460.3547065,-0.051085472106933594,-78.84057360625258,-46.25637884732686,0.0,-1.081447441473192,-68.025936,9.189214,0.444374,-1.8163828102,-10.814637606252575,-55.44559284732686,-0.444374,0.7349353687268079,42.10869484293704,56.492190796587025
1723528460.3936226,246.87214374542236,1723528460.3547065,0.03891611099243164,-78.76287344319229,-46.55459643525046,0.0,-1.082447296729678,-68.025936,9.189214,0.444374,-1.8163828102,-10.73693744319229,-55.74381043525046,-0.444374,0.7339355134703218,42.05140735661642,56.77016554275704
1723528460.4936206,246.9721417427063,1723528460.4934971,0.00012350082397460938,-78.68288832702487,-46.84542708370122,0.0,-1.0825806206341109,-68.141915,8.964747999999998,0.466757,-1.8132593887,-10.540973327024872,-55.81017508370122,-0.466757,0.730678768065889,41.8648095899938,56.7988170972907
1723528460.5936222,247.07214331626892,1723528460.5857162,0.007905960083007812,-78.59584955530042,-47.13038678999065,0.0,-1.0830729231155543,-68.25215,8.745087999999999,0.48109599999999997,-1.8113925723,-10.343699555300418,-55.87547478999065,-0.48109599999999997,0.7283196491844457,41.729642034717465,56.82686210638784
1723528460.7036202,247.1821413040161,1723528460.673805,0.029815196990966797,-78.52140149115397,-47.404997524811264,0.0,-1.085803475781237,-68.354532,8.521954,0.48751799999999995,-1.8086810388999999,-10.16686949115396,-55.926951524811265,-0.48751799999999995,0.722877563118763,41.417833471406894,56.845640254192496
1723528460.7936218,247.27214288711548,1723528460.7585933,0.03502845764160156,-78.45644381753472,-47.68698623442252,0.0,-1.0861202978076152,-68.461079,8.292349,0.49886899999999995,-1.8061005437,-9.995364817534721,-55.97933523442252,-0.49886899999999995,0.7199802458923847,41.25182942242487,56.86688105921258
1723528460.89362,247.372141122818,1723528460.8452623,0.04835772514343262,-78.3842948482347,-47.95085640193506,0.0,-1.0889006749399166,-68.56737100000001,8.062315,0.503494,-1.8043348906,-9.816923848234694,-56.01317140193506,-0.503494,0.7154342156600835,40.99136107657513,56.86915570458763
1723528460.9936218,247.4721429347992,1723528460.9486067,0.04501509666442871,-78.30900415709365,-48.215504205046436,0.0,-1.0901706740258832,-68.68011,7.834093,0.502762,-1.8013550237,-9.628894157093654,-56.04959720504644,-0.502762,0.7111843496741168,40.747861692083035,56.87289089860921
1723528461.0936227,247.57214379310608,1723528461.0407789,0.05284380912780762,-78.23014635531514,-48.47649010408101,0.0,-1.0913719774410326,-68.79622,7.5942870000000005,0.514618,-1.7986253043,-9.433926355315137,-56.07077710408101,-0.514618,0.7072533268589674,40.522630675605335,56.86119804593435
1723528461.1936245,247.67214560508728,1723528461.1541862,0.03943824768066406,-78.15462625416502,-48.73505216880699,0.0,-1.092783385771539,-68.90873,7.368632,0.5358280000000001,-1.7968584859999999,-9.245896254165018,-56.103684168806986,-0.5358280000000001,0.7040751002284609,40.340531703341235,56.862967619546644
1723528461.3046227,247.7831437587738,1723528461.3236558,-0.019033193588256836,-78.0798095628558,-49.00941939732632,0.0,-1.093438324649657,-69.114632,6.902591,0.578246,-1.7915857844,-8.9651775628558,-55.91201039732632,-0.578246,0.698147459750343,40.000902921474164,56.62915930720476
1723528461.3936245,247.872145652771,1723528461.4105108,-0.016886234283447266,-78.01173722377132,-49.26825377239911,0.0,-1.0940239643460279,-69.225469,6.659836,0.594113,-1.7897879829,-8.786268223771316,-55.92808977239911,-0.594113,0.6957640185539722,39.86434180020451,56.61715910522495
1723528461.493623,247.9721441268921,1723528461.5119472,-0.01832413673400879,-77.94478622390317,-49.534535287126374,0.0,-1.0952290537897786,-69.327405,6.424262000000001,0.602692,-1.7881116609,-8.617381223903166,-55.95879728712637,-0.602692,0.6928826071102214,39.69924908543689,56.62163447505419
1723528461.593625,248.07214617729187,1723528461.6048481,-0.011223077774047852,-77.86622970596238,-49.79391874261259,0.0,-1.097040104836004,-69.425073,6.192595,0.604554,-1.7847668943,-8.441156705962385,-55.98651374261259,-0.604554,0.687726789463996,39.4038424943691,56.62250730164885
1723528461.693623,248.1721441745758,1723528461.7333272,-0.039704084396362305,-77.7951247086095,-50.056984688188464,0.0,-1.0989677715480177,-69.530334,5.966659,0.612444,-1.7828770286,-8.26479070860951,-56.023643688188464,-0.612444,0.6839092570519822,39.18511399900632,56.63329855492574
1723528461.7936249,248.272145986557,1723528461.7333272,0.06029772758483887,-77.73121253171826,-50.31450200140105,0.0,-1.1003672157164217,-69.530334,5.966659,0.612444,-1.7828770286,-8.20087853171826,-56.28116100140105,-0.612444,0.6825098128835783,39.104931754492576,56.87880607054582
1723528461.893623,248.37214422225952,1723528461.8571522,0.036470890045166016,-77.67023574178006,-50.5647597365442,0.0,-1.1019870212276457,-69.640867,5.730336,0.6085090000000001,-1.7811614881,-8.029368741780061,-56.2950957365442,-0.6085090000000001,0.6791744668723543,38.91383050483365,56.868082872391895
1723528462.003625,248.48214602470398,1723528461.94921,0.054414987564086914,-77.60423012271863,-50.81240404895889,0.0,-1.1026433381033016,-69.747457,5.481382,0.613692,-1.7778346412,-7.856773122718636,-56.29378604895889,-0.613692,0.6751913030966983,38.685612031379165,56.842729082079586
1723528462.1036232,248.5821442604065,1723528462.0603588,0.04326438903808594,-77.53725430925361,-51.06031087945606,0.0,-1.1026600743461443,-69.855593,5.226599,0.623124,-1.7753663103,-7.681661309253613,-56.28690987945606,-0.623124,0.6727062359538556,38.54322817228764,56.812079945795574
1723528462.2046247,248.68314576148987,1723528462.2070186,-0.002393960952758789,-77.47647884540804,-51.2942430334006,0.0,-1.1038720747570654,-69.96719,4.962414,0.629271,-1.7720101878999999,-7.509288845408037,-56.2566570334006,-0.629271,0.6681381131429345,38.28149401492443,56.75911258581191
1723528462.293623,248.77214407920837,1723528462.3163593,-0.022736310958862305,-77.4168048997481,-51.538620643608446,0.0,-1.1039539442700597,-70.08859,4.706842,0.625471,-1.7697866517,-7.3282148997481045,-56.24546264360845,-0.625471,0.6658327074299404,38.149403997504514,56.72429828197335
1723528462.3936248,248.87214589118958,1723528462.4029958,-0.009371042251586914,-77.35223460930304,-51.78404319683586,0.0,-1.1033113857270194,-70.199623,4.438334,0.620639,-1.7668828331,-7.152611609303037,-56.22237719683586,-0.620639,0.6635714473729806,38.01984333985921,56.678926800576825
1723528462.493623,248.9721441268921,1723528462.5057206,-0.012097597122192383,-77.29975383535205,-52.01408853012345,0.0,-1.103693307424902,-70.315094,4.172379,0.611333,-1.7632335823,-6.984659835352048,-56.18646753012345,-0.611333,0.659540274875098,37.788874169241325,56.62224240142813
1723528462.6036248,249.08214592933655,1723528462.6104002,-0.006775379180908203,-77.23646881761428,-52.25080472244115,0.0,-1.1016805830386016,-70.442021,3.894495,0.6216050000000001,-1.7596405549,-6.794447817614284,-56.14529972244115,-0.6216050000000001,0.6579599718613984,37.698329476204535,56.558337978100624
1723528462.6936226,249.17214369773865,1723528462.7131004,-0.01947784423828125,-77.16085104500084,-52.48966033067883,0.0,-1.0994243070632477,-70.562779,3.6188200000000004,0.62643,-1.7562785973,-6.598072045000833,-56.10848033067883,-0.62643,0.6568542902367522,37.63497858562714,56.498571081701655
1723528462.7936244,249.27214550971985,1723528462.8341472,-0.04052281379699707,-77.08866006045656,-52.72503793858089,0.0,-1.0955759850329652,-70.672116,3.350651,0.6184080000000001,-1.7538608102,-6.416544060456559,-56.07568893858089,-0.6184080000000001,0.6582848251670348,37.71694219957837,56.44499407450343
1723528462.933625,249.41214609146118,1723528462.9344492,-0.0008242130279541016,-77.04224994913437,-52.9652128909487,0.0,-1.091897524017268,-70.788869,3.084534,0.612759,-1.7498492133999999,-6.2533809491343675,-56.0497468909487,-0.612759,0.657951689382732,37.697854925133036,56.40083663764653
1723528462.993625,249.47214603424072,1723528463.026986,-0.033360958099365234,-76.97654036866894,-53.209121946246114,0.0,-1.0870784828077955,-70.90723200000001,2.8063100000000003,0.610348,-1.7459959982,-6.069308368668928,-56.01543194624612,-0.610348,0.6589175153922044,37.75319267921977,56.34658503298695
1723528463.1336248,249.61214590072632,1723528463.123538,0.010086774826049805,-76.90993855556263,-53.43343019355758,0.0,-1.083867851308761,-71.02614200000001,2.5111440000000003,0.6044860000000001,-1.7417465824,-5.8837965555626255,-55.94457419355758,-0.6044860000000001,0.6578787310912391,37.69367472295001,56.25637605578513
1723528463.2036247,249.68214583396912,1723528463.2072198,-0.003595113754272461,-76.83016811798214,-53.66011305940204,0.0,-1.0774667130040398,-71.140786,2.2250430000000003,0.601928,-1.7390781068999999,-5.6893821179821344,-55.88515605940204,-0.601928,0.66161139389596,37.90754054800598,56.177237863616256
1723528463.3336246,249.81214570999146,1723528463.3231242,0.010500431060791016,-76.75592609539314,-53.88115767390054,0.0,-1.071600574878878,-71.253562,1.930941,0.602619,-1.7350547463,-5.502364095393133,-55.812098673900536,-0.602619,0.6634541714211218,38.01312392277932,56.085911944824815
1723528463.4036248,249.88214588165283,1723528463.449826,-0.046201229095458984,-76.67162147398072,-54.09113603830395,0.0,-1.0634920639016978,-71.371377,1.6459139999999999,0.5982740000000001,-1.7311560071,-5.300244473980726,-55.73705003830395,-0.5982740000000001,0.6676639431983021,38.254326078325036,55.99168929613963
1723528463.4936225,249.97214365005493,1723528463.449826,0.043796539306640625,-76.60928568535866,-54.30760072915956,0.0,-1.0573838053633366,-71.371377,1.6459139999999999,0.5982740000000001,-1.7311560071,-5.237908685358661,-55.95351472915956,-0.5982740000000001,0.6737722017366634,38.60430351274789,56.20132943019682
1723528463.5936244,250.07214546203613,1723528463.5507383,0.04288601875305176,-76.54922900639181,-54.52401069728292,0.0,-1.049584995387037,-71.507803,1.360725,0.5920270000000001,-1.7275937994,-5.041426006391816,-55.88473569728292,-0.5920270000000001,0.6780088040129628,38.847042942655364,56.11479444943036
1723528463.6936226,250.17214369773865,1723528463.6568105,0.03681206703186035,-76.49739654721675,-54.72822900443057,0.0,-1.0439232268247292,-71.621093,1.0836729999999999,0.608043,-1.724178824,-4.87630354721675,-55.811902004430564,-0.608043,0.6802555971752707,38.97577470829446,56.027818607604274
1723528463.7936244,250.27214550971985,1723528463.7400014,0.05362296104431152,-76.43317056291086,-54.93667511557313,0.0,-1.0342957503147505,-71.728793,0.807004,0.611093,-1.7218255345,-4.704377562910864,-55.74367911557313,-0.611093,0.6875297841852495,39.39255492335513,55.945172841354704
1723528463.8936224,250.37214350700378,1723528463.8544214,0.03920102119445801,-76.35303104092063,-55.14259901305385,0.0,-1.0219716571935549,-71.83428,0.5141840000000001,0.62165,-1.7181560185,-4.51875104092062,-55.65678301305385,-0.62165,0.6961843613064451,39.88842566587012,55.843379688683605
1723528464.033622,250.5121431350708,1723528463.9891686,0.04445338249206543,-76.2767619529324,-55.34868024390103,0.0,-1.0139588999129776,-71.93563900000001,0.22361699999999998,0.5833940000000001,-1.7148519035,-4.341122952932395,-55.572297243901026,-0.5833940000000001,0.7008930035870224,40.15821099578405,55.744649232156824
1723528464.133624,250.61214518547058,1723528464.0935302,0.04009389877319336,-76.18897605801037,-55.55100383029424,0.0,-1.0071757381624789,-72.055862,-0.06396099999999999,0.603508,-1.7064705228,-4.133114058010364,-55.48704283029424,-0.603508,0.699294784637521,40.066639795239794,55.64403630015974
1723528464.2336226,250.71214365959167,1723528464.2024012,0.031221389770507812,-76.1082792143564,-55.75571333921628,0.0,-0.9987446109395476,-72.176439,-0.339359,0.6435430000000001,-1.7019477508,-3.9318402143563986,-55.41635433921628,-0.6435430000000001,0.7032031398604525,40.29057205435168,55.559390235257744
1723528464.3336246,250.81214570999146,1723528464.2835398,0.050084829330444336,-76.01358173372253,-55.95560267380638,0.0,-0.9901828740794913,-72.296066,-0.628509,0.6385120000000001,-1.6967119008,-3.7175157337225357,-55.32709367380638,-0.6385120000000001,0.7065290267205087,40.48113133457091,55.45552195403776
1723528464.4336233,250.91214442253113,1723528464.404235,0.029388427734375,-75.93268533552379,-56.15718142733503,0.0,-0.9807460994236442,-72.401477,-0.90565,0.646,-1.6922011893,-3.531208335523786,-55.25153142733503,-0.646,0.7114550898763558,40.763373963015844,55.36802753733117
1723528464.5336254,251.0121464729309,1723528464.532645,0.000980377197265625,-75.860744207402,-56.35389695620892,0.0,-0.9718494516923214,-72.49316400000001,-1.183521,0.652593,-1.6889419754,-3.367580207402,-55.17037595620892,-0.652593,0.7170925237076785,41.08637512883491,55.27691070624669
1723528464.633624,251.11214518547058,1723528464.6417878,-0.008163690567016602,-75.78420719757784,-56.55920429833835,0.0,-0.959417030985525,-72.579841,-1.4552230000000002,0.6671790000000001,-1.6863157877,-3.2043661975778406,-55.103981298338354,-0.6671790000000001,0.7268987567144749,41.648230893046225,55.201103661737086
1723528464.7336261,251.21214723587036,1723528464.745115,-0.011488914489746094,-75.70934955970964,-56.754947320112,0.0,-0.947603701426075,-72.666693,-1.7300280000000001,0.678044,-1.684063291,-3.0426565597096413,-55.024919320112005,-0.678044,0.736459589573925,42.19602626452271,55.113149508906815
1723528464.8336246,251.31214570999146,1723528464.8291872,0.004437446594238281,-75.62045794842919,-56.939270488072445,0.0,-0.9345594886346902,-72.755347,-2.013521,0.6788230000000001,-1.6798494151,-2.865110948429191,-54.92574948807245,-0.6788230000000001,0.7452899264653098,42.701967300077726,55.0046145176805
1723528464.9336267,251.41214776039124,1723528464.9316642,0.001962423324584961,-75.51822816132228,-57.1250126060151,0.0,-0.9197218968810219,-72.836505,-2.2943149999999997,0.680847,-1.6778276347999999,-2.6817231613222816,-54.8306976060151,-0.680847,0.758105737918978,43.436259207408334,54.9004607604859
1723528465.033625,251.51214599609375,1723528465.0243347,0.009290218353271484,-75.40736522197086,-57.30513280079473,0.0,-0.9048706895819119,-72.921611,-2.573321,0.681255,-1.6767874195999999,-2.485754221970865,-54.73181180079473,-0.681255,0.771916730018088,44.22757076557587,54.79246577244616
1723528465.1336267,251.61214780807495,1723528465.1600208,-0.026394128799438477,-75.29934728577294,-57.485347976824116,0.0,-0.8894498365464685,-73.01298200000001,-2.84521,0.6915600000000001,-1.6736103188,-2.2863652857729306,-54.640137976824114,-0.6915600000000001,0.7841604822535315,44.92908609407065,54.69232486903409
1723528465.233628,251.712149143219,1723528465.2517915,-0.018163442611694336,-75.20290227551914,-57.67111906260352,0.0,-0.8741463485485594,-73.104523,-3.118997,0.689552,-1.670797073,-2.098379275519136,-54.55212206260352,-0.689552,0.7966507244514405,45.644724257107036,54.596819495991035
1723528465.3336287,251.8121497631073,1723528465.336256,-0.0026273727416992188,-75.10602673139503,-57.84567623276221,0.0,-0.8601844451732114,-73.20349,-3.391607,0.688874,-1.668457578,-1.9025367313950312,-54.45406923276221,-0.688874,0.8082731328267886,46.31063920479198,54.49164935481989
1723528465.433627,251.91214799880981,1723528465.4425578,-0.00893092155456543,-75.00264880165446,-58.02952990641173,0.0,-0.845935844158713,-73.281381,-3.662795,0.6940660000000001,-1.6659977395999999,-1.721267801654463,-54.36673490641173,-0.6940660000000001,0.8200618954412868,46.986085548284336,54.398403973291494
1723528465.533629,252.0121500492096,1723528465.5656013,-0.031972408294677734,-74.90332374907116,-58.19246619112006,0.0,-0.8307234681433089,-73.371319,-3.937029,0.711418,-1.6646611346,-1.532004749071163,-54.25543719112006,-0.711418,0.8339376664566911,47.78110866495696,54.28172453894104
1723528465.6336274,252.1121485233307,1723528465.6836972,-0.05006980895996094,-74.79509135246153,-58.36380822175908,0.0,-0.8162322028852178,-73.458562,-4.230593,0.7236980000000001,-1.6620850613,-1.3365293524615254,-54.13321522175908,-0.7236980000000001,0.8458528584147822,48.4637988762438,54.15454772916568
1723528465.7336295,252.21215057373047,1723528465.6836972,0.049932241439819336,-74.69249482660581,-58.533735562723905,0.0,-0.8008941513936101,-73.458562,-4.230593,0.7236980000000001,-1.6620850613,-1.233932826605809,-54.303142562723906,-0.7236980000000001,0.8611909099063899,49.34260449266726,54.321981013244496
1723528465.833628,252.31214904785156,1723528465.8006356,0.03299236297607422,-74.57129366249387,-58.701699805479,0.0,-0.7849917543620282,-73.54272,-4.5122219999999995,0.726481,-1.6591668994,-1.0285736624938693,-54.189477805479,-0.726481,0.8741751450379718,50.08654636591239,54.204107254460325
1723528465.93363,252.41215109825134,1723528465.9139926,0.019637346267700195,-74.44513551156481,-58.872570876988284,0.0,-0.7684074926471807,-73.619129,-4.780248,0.7220270000000001,-1.6561045132,-0.8260065115648132,-54.092322876988284,-0.7220270000000001,0.8876970205528194,50.86129276401445,54.10344724667945
1723528466.0336287,252.51214981079102,1723528466.0215614,0.012067317962646484,-74.32434796866865,-59.02690089751805,0.0,-0.75282739054976,-73.703072,-5.049326,0.7239610000000001,-1.654553716,-0.6212759686686411,-53.977574897518046,-0.7239610000000001,0.9017263254502399,51.66511272413886,53.98600462319782
1723528466.1336308,252.6121518611908,1723528466.123359,0.010271787643432617,-74.20451962092507,-59.185504663318795,0.0,-0.7361166341131526,-73.786663,-5.312176,0.725144,-1.652935357,-0.4178566209250647,-53.873328663318794,-0.725144,0.9168187228868474,52.52984339999053,53.879829057285924
1723528466.2336295,252.71215057373047,1723528466.240737,-0.00710749626159668,-74.08450851541721,-59.34306580527263,0.0,-0.7179232697965574,-73.862897,-5.589846,0.7247830000000001,-1.649587848,-0.2216115154172087,-53.75321980527263,-0.7247830000000001,0.9316645782034425,53.38044825289329,53.758562680700535
1723528466.3336315,252.81215262413025,1723528466.3639524,-0.03032088279724121,-73.95834971995141,-59.498403563915744,0.0,-0.7007050205609371,-73.934797,-5.863436,0.737483,-1.6480830415,-0.02355271995141095,-53.634967563915744,-0.737483,0.9473780209390629,54.280762203264835,53.64004270587599
1723528466.43363,252.91215109825134,1723528466.4653986,-0.0317685604095459,-73.82844020654271,-59.65403363920725,0.0,-0.6847975399335002,-74.01178300000001,-6.134488,0.7403150000000001,-1.6452002866,0.18334279345729954,-53.51954563920725,-0.7403150000000001,0.9604027466664997,55.027024016762425,53.52497964788334
1723528466.533632,253.01215314865112,1723528466.5481982,-0.014566183090209961,-73.69010754652507,-59.80794336846061,0.0,-0.6672624921891028,-74.09795,-6.408726,0.744232,-1.6429292324,0.4078424534749274,-53.39921736846061,-0.744232,0.9756667402108972,55.901586425371335,53.405960643928
1723528466.6336303,253.11215138435364,1723528466.6741016,-0.04047131538391113,-73.5548977774508,-59.96322328162943,0.0,-0.6509075128031503,-74.173141,-6.684391,0.7571840000000001,-1.6381345679,0.6182432225491965,-53.278832281629434,-0.7571840000000001,0.9872270550968496,56.56394367817867,53.28779899363533
1723528466.7336323,253.21215343475342,1723528466.6741016,0.05953073501586914,-73.42166103394072,-60.11245720778002,0.0,-0.634737414452302,-74.173141,-6.684391,0.7571840000000001,-1.6381345679,0.7514799660592786,-53.42806620778002,-0.7571840000000001,1.0033971534476978,57.49042206799372,53.438715445378826
1723528466.8336308,253.3121519088745,1723528466.8162978,0.017333030700683594,-73.2908048860448,-60.2641689372964,0.0,-0.616993364284478,-74.250568,-6.963573,0.75349,-1.6368470125999999,0.959763113955205,-53.30059593729639,-0.75349,1.0198536483155218,58.43330976949874,53.314561047484446
1723528466.9336314,253.41215252876282,1723528466.9301667,0.0034646987915039062,-73.16730321878693,-60.40423309619834,0.0,-0.600807224871363,-74.33128500000001,-7.249051,0.752568,-1.6345606195,1.1639817812130815,-53.15518209619834,-0.752568,1.033753394628637,59.22970656954277,53.173250755070676
1723528467.03363,253.5121510028839,1723528467.031826,0.0018038749694824219,-73.04096786300433,-60.54618827485031,0.0,-0.5861464764727394,-74.418609,-7.553387,0.746924,-1.6331479758,1.3776411369956776,-52.99280127485031,-0.746924,1.0470014993272607,59.98876705532134,53.01596719404348
1723528467.133632,253.6121530532837,1723528467.1419647,-0.00833272933959961,-72.90188995758474,-60.66729629908863,0.0,-0.5694731988374048,-74.496484,-7.859821,0.759677,-1.6288047198,1.5945940424152525,-52.80747529908864,-0.759677,1.059331520962595,60.69522525633099,52.83700679228804
1723528467.2336302,253.7121512889862,1723528467.270973,-0.03734278678894043,-72.75321649968203,-60.77410834146963,0.0,-0.5525477715093124,-74.573203,-8.162732,0.7541800000000001,-1.6258686304999999,1.819986500317981,-52.61137634146963,-0.7541800000000001,1.0733208589906873,61.49675528352254,52.648248393251315
1723528467.3336318,253.81215286254883,1723528467.270973,0.06265878677368164,-72.60500635137986,-60.87954185865449,0.0,-0.5367296708917132,-74.573203,-8.162732,0.7541800000000001,-1.6258686304999999,1.9681966486201503,-52.71680985865449,-0.7541800000000001,1.0891389596082868,62.40306568882427,52.75892935981141
1723528467.4336302,253.91215133666992,1723528467.405958,0.027672290802001953,-72.45148324782488,-60.97509184095451,0.0,-0.5199568501816918,-74.649257,-8.468518000000001,0.743271,-1.6233120117,2.1977737521751237,-52.50657384095451,-0.743271,1.1033551615183081,63.21759405897432,52.55780586897439
1723528467.563632,254.0421531200409,1723528467.6112857,-0.0476536750793457,-72.30322481199292,-61.086375034640746,0.0,-0.5045435558396889,-74.795973,-9.028759,0.764717,-1.6185020326,2.4927481880070843,-52.057616034640745,-0.764717,1.113958476760311,63.825119271187816,52.122873796721784
1723528467.663631,254.14215207099915,1723528467.711822,-0.048191070556640625,-72.15433550912567,-61.20514555545158,0.0,-0.48807827402868004,-74.87478,-9.312108,0.7618050000000001,-1.6151273797999999,2.7204444908743284,-51.89303755545158,-0.7618050000000001,1.12704910577132,64.57515706469015,51.96988081396244
1723528467.763633,254.24215412139893,1723528467.711822,0.05181097984313965,-72.00922965714861,-61.32004912797685,0.0,-0.47222303721483133,-74.87478,-9.312108,0.7618050000000001,-1.6151273797999999,2.8655503428513924,-52.00794112797685,-0.7618050000000001,1.1429043425851686,65.48359521730413,52.09239547185891
1723528467.8636317,254.3421528339386,1723528467.8413007,0.02233099937438965,-71.87478722295165,-61.42948335113368,0.0,-0.45637913428068755,-74.941629,-9.588897000000001,0.7662110000000001,-1.6131668287,3.066841777048353,-51.84058635113368,-0.7662110000000001,1.1567876944193125,66.27905268289578,51.93687506012773
1723528467.9636338,254.44215488433838,1723528467.9512877,0.012346029281616211,-71.71679697170043,-61.54659433524579,0.0,-0.4407265549489425,-75.023548,-9.877534,0.761372,-1.6099933364999999,3.3067510282995727,-51.66906033524579,-0.761372,1.1692667815510573,66.99405170772077,51.780363899965145
1723528468.063632,254.5421531200409,1723528468.0535538,0.010078191757202148,-71.59166350765202,-61.65968158362272,0.0,-0.42457917247905824,-75.09688200000001,-10.169740000000001,0.765594,-1.6065132908,3.5052184923479928,-51.48994158362272,-0.765594,1.1819341183209418,67.71983664230603,51.6147922124735
1723528468.163634,254.64215517044067,1723528468.1347628,0.02887129783630371,-71.46419281597298,-61.774329205608176,0.0,-0.4132919269018718,-75.168709,-10.445399,0.765208,-1.6041346965,3.704516184027028,-51.328930205608174,-0.765208,1.1908427695981283,68.23026476164266,51.468126636717386
1723528468.2636323,254.7421534061432,1723528468.2247443,0.038887977600097656,-71.30079657895105,-61.86924118531277,0.0,-0.39712168766691264,-75.232732,-10.726976,0.7714000000000001,-1.6017706622999999,3.931935421048948,-51.142265185312766,-0.7714000000000001,1.2046489746330873,69.02130204123807,51.2989908516742
1723528468.3636343,254.84215545654297,1723528468.3290787,0.034555673599243164,-71.09036527205534,-61.93030786130485,0.0,-0.38100446516966935,-75.292938,-11.022727000000001,0.769729,-1.5991224085,4.20257272794467,-50.907580861304844,-0.769729,1.2181179433303306,69.79301710198393,51.086552921658324
1723528468.4636357,254.942156791687,1723528468.4436805,0.019955158233642578,-70.91501834969255,-61.998613637015715,0.0,-0.37116426204203146,-75.363176,-11.310534,0.7835150000000001,-1.5978696649,4.448157650307451,-50.68807963701572,-0.7835150000000001,1.2267054028579685,70.28504228965699,50.888912540215095
1723528468.5636365,255.0421576499939,1723528468.5684555,-0.004818916320800781,-70.75413834361825,-62.09453742645653,0.0,-0.3556093389164743,-75.446456,-11.603816,0.782764,-1.5979612649,4.692317656381746,-50.49072142645653,-0.782764,1.2423519259835256,71.18152202880525,50.714332438001435
1723528468.663635,255.142156124115,1723528468.6596277,0.0040073394775390625,-70.61816945953666,-62.192130401561236,0.0,-0.3395340618277247,-75.512337,-11.889122,0.786558,-1.5986708749,4.894167540463343,-50.303008401561236,-0.786558,1.2591368130722753,72.14322521859424,50.54665373344737
1723528468.7636373,255.24215841293335,1723528468.763511,0.00012636184692382812,-70.46655479325932,-62.293461317890376,0.0,-0.3264961175335781,-75.58125700000001,-12.186669,0.7860790000000001,-1.5995136768,5.114702206740688,-50.106792317890374,-0.7860790000000001,1.273017559266422,72.93853339201112,50.37329386933196
1723528468.8636358,255.34215688705444,1723528468.8494103,0.014225482940673828,-70.31428172909126,-62.39830542399035,0.0,-0.3119942241440765,-75.653583,-12.476725,0.788805,-1.6004961014999999,5.339301270908734,-49.92158042399035,-0.788805,1.2885018773559234,73.82571946717762,50.21249389761963
1723528468.9636376,255.44215869903564,1723528468.9746773,-0.01103973388671875,-70.15827476275435,-62.4864526606286,0.0,-0.2950766148596342,-75.727221,-12.766910000000001,0.7839,-1.6011285363,5.568946237245655,-49.7195426606286,-0.7839,1.3060519214403659,74.83126292348472,50.03659244778165
1723528469.063636,255.54215717315674,1723528469.08232,-0.018683910369873047,-69.9830985019889,-62.556548051109885,0.0,-0.28065460292406996,-75.808356,-13.062925,0.782965,-1.6012284298,5.825257498011098,-49.493623051109886,-0.782965,1.32057382687593,75.66330681543063,49.841402285998285
1723528469.163638,255.64215922355652,1723528469.1835737,-0.01993560791015625,-69.8163543547537,-62.64833470964012,0.0,-0.25940175121949244,-75.887101,-13.355067,0.794052,-1.6030549869,6.070746645246302,-49.29326770964012,-0.794052,1.3436532356805075,76.98565953359,49.67203161643101
1723528469.2636368,255.7421579360962,1723528469.304358,-0.04072117805480957,-69.64649790701138,-62.72517604613838,0.0,-0.24599324046907833,-75.96037100000001,-13.637563,0.795844,-1.6044310513,6.313873092988629,-49.08761304613838,-0.795844,1.3584378108309216,77.83275329160271,49.49840518313814
1723528469.363637,255.84215807914734,1723528469.4156566,-0.052019596099853516,-69.48671843577264,-62.77393189569552,0.0,-0.23469830833246252,-76.02325,-13.932919,0.8132790000000001,-1.6058464934,6.53653156422736,-48.84101289569552,-0.8132790000000001,1.3711481850675376,78.56100409139263,49.28318382876128
1723528469.4636354,255.94215655326843,1723528469.4156566,0.047978878021240234,-69.3281656247633,-62.82316224751725,0.0,-0.2148349382733659,-76.02325,-13.932919,0.8132790000000001,-1.6058464934,6.6950843752367035,-48.890243247517255,-0.8132790000000001,1.3910115551266342,79.6990913626854,49.353231528693094
1723528469.5636375,256.0421586036682,1723528469.5429997,0.02063775062561035,-69.14054441633438,-62.87769057578581,0.0,-0.19496256200313988,-76.09320600000001,-14.218335000000002,0.8103370000000001,-1.6071670159,6.9526615836656305,-48.65935557578581,-0.8103370000000001,1.4122044538968601,80.91335501786733,49.16023834565193
1723528469.663636,256.1421570777893,1723528469.6501365,0.01349949836730957,-68.95372106683125,-62.95288359519565,0.0,-0.1784063893473129,-76.162077,-14.520104,0.7892640000000001,-1.6064027625,7.208355933168747,-48.432779595195655,-0.7892640000000001,1.427996373152687,81.81816534163758,48.97261961788185
1723528469.763638,256.2421591281891,1723528469.7738,-0.010161876678466797,-68.77307735812789,-63.02114047981349,0.0,-0.16247547989099512,-76.234921,-14.818942000000002,0.802161,-1.6065721992,7.4618436418721075,-48.20219847981349,-0.802161,1.4440967193090049,82.74064722509428,48.78293257987882
1723528469.863637,256.34215807914734,1723528469.858111,0.005526065826416016,-68.59136422964151,-63.09378481419393,0.0,-0.14609427581700676,-76.311421,-15.105210000000001,0.8164680000000001,-1.6079683339,7.720056770358482,-47.98857481419393,-0.8164680000000001,1.4618740580829932,83.75921370781808,48.61243883236131
1723528469.9636378,256.4421589374542,1723528469.948303,0.015334844589233398,-68.39848984501519,-63.16274938880582,0.0,-0.1308757783679764,-76.387173,-15.401261,0.8308500000000001,-1.6088020645,7.9886831549848125,-47.76148838880582,-0.8308500000000001,1.4779262861320237,84.67893862680904,48.432108599433
1723528470.0636365,256.5421576499939,1723528470.08029,-0.01665353775024414,-68.19502245298345,-63.234777246537725,0.0,-0.11654675263512136,-76.46175600000001,-15.713161000000001,0.823515,-1.6101661242,8.266733547016557,-47.521616246537725,-0.823515,1.4936193715648787,85.57808618964987,48.24231618792564
1723528470.1636372,256.6421582698822,1723528470.1822424,-0.01860523223876953,-68.00027068939156,-63.289061289831885,0.0,-0.09836006610107129,-76.55323,-15.999388999999999,0.810903,-1.6118232102999999,8.552959310608443,-47.289672289831884,-0.810903,1.5134631441989286,86.71505061119812,48.063747064955585
1723528470.2636356,256.7421567440033,1723528470.3031197,-0.03948402404785156,-67.78211768480321,-63.332713317983924,0.0,-0.08048592100677032,-76.62765,-16.292476,0.8166490000000001,-1.612933818,8.845532315196792,-47.04023731798392,-0.8166490000000001,1.5324478969932296,87.80279682141078,47.87164384539807
1723528470.3636382,256.84215927124023,1723528470.409844,-0.046205759048461914,-67.56708174496785,-63.36477023247584,0.0,-0.06095881324840802,-76.70952700000001,-16.589261999999998,0.821489,-1.6133987736,9.142445255032158,-46.77550823247584,-0.821489,1.552439960351592,88.94825767560307,47.66767583829525
1723528470.4636369,256.9421579837799,1723528470.512941,-0.04930400848388672,-67.35901219046747,-63.41358524639089,0.0,-0.04518454495651536,-76.791448,-16.883215,0.824793,-1.6156128199,9.432435809532535,-46.53037024639089,-0.824793,1.5704282749434846,89.97891218227211,47.48396028197331
1723528470.5636394,257.04216051101685,1723528470.59472,-0.03108048439025879,-67.15104333589711,-63.46924354223415,0.0,-0.02799276619515556,-76.861591,-17.175051999999997,0.8184640000000001,-1.6160208305,9.71054766410289,-46.29419154223416,-0.8184640000000001,1.5880280643048443,90.98730583299728,47.30873904264597
1723528470.6636384,257.1421594619751,1723528470.7026098,-0.0389714241027832,-66.93365209842992,-63.52062782934748,0.0,-0.008734187305708296,-76.939227,-17.473338,0.82752,-1.6166323539,10.005574901570085,-46.047289829347484,-0.82752,1.6078981665942917,92.12577883267585,47.12906978807514
1723528470.7636409,257.24216198921204,1723528470.7933493,-0.029708385467529297,-66.72779301773296,-63.57289465113937,0.0,0.00959545645965676,-77.018445,-17.775933,0.839779,-1.6163711476,10.290651982267036,-45.79696165113937,-0.839779,1.6259666040596568,93.16102404183732,46.94639968586417
1723528470.8936396,257.3721606731415,1723528470.9120836,-0.018444061279296875,-66.51315578825226,-63.607870318160806,0.0,0.02869466869022963,-77.101768,-18.072665,0.8316760000000001,-1.6153111853,10.588612211747744,-45.535205318160806,-0.8316760000000001,1.6440058539902296,94.1945969284408,46.75751615416295
1723528470.9636416,257.4421627521515,1723528471.003512,-0.039870262145996094,-66.29970285801419,-63.627241540962515,0.0,0.04764728274896246,-77.186021,-18.372348,0.830812,-1.6160055721,10.88631814198581,-45.25489354096251,-0.830812,1.6636528548489624,95.3202871577361,46.553276583627536
1723528471.06364,257.5421612262726,1723528471.0914154,-0.027775287628173828,-66.0577314323244,-63.640130944997736,0.0,0.06624260214994093,-77.251265,-18.677052999999997,0.8432280000000001,-1.6154233706,11.193533567675601,-44.963077944997735,-0.8432280000000001,1.681665972749941,96.35236278933372,46.34311821056721
1723528471.163642,257.6421630382538,1723528471.1927423,-0.029100418090820312,-65.81073581557105,-63.662366871391974,0.0,0.0856548999628668,-77.327185,-18.982329,0.851493,-1.6156915172,11.51644918442895,-44.680037871391974,-0.851493,1.7013464171628667,97.47996919313618,46.148233187583735
1723528471.2936401,257.77216124534607,1723528471.3136363,-0.019996166229248047,-65.57012371474977,-63.66884901854143,0.0,0.10454313413504267,-77.420624,-19.289772,0.8678250000000001,-1.6143619441,11.850500285250234,-44.37907701854143,-0.8678250000000001,1.7189050782350426,98.48600636647252,45.94224585562805
1723528471.3636417,257.8421628475189,1723528471.3136363,0.050005435943603516,-65.32249032251939,-63.687577900368325,0.0,0.12277785664509278,-77.420624,-19.289772,0.8678250000000001,-1.6143619441,12.098133677480618,-44.397805900368326,-0.8678250000000001,1.7371398007450927,99.53077900689058,46.02480991243306
1723528471.4936404,257.97216153144836,1723528471.5432615,-0.0496211051940918,-65.08637021016806,-63.688442562625795,0.0,0.14009991715156464,-77.577427,-19.884771,0.8451120000000001,-1.6128615759,12.491056789831944,-43.803671562625794,-0.8451120000000001,1.7529614930515647,100.43729520080603,45.557681639716286
1723528471.6036417,258.08216285705566,1723528471.6443405,-0.04069876670837402,-64.84140760950551,-63.69902566759582,0.0,0.15781960503704973,-77.652473,-20.177267999999998,0.855237,-1.6112541296,12.811065390494491,-43.52175766759582,-0.855237,1.7690737346370498,101.36045864214951,45.376185573961926
1723528471.7036402,258.18216133117676,1723528471.7452419,-0.04160165786743164,-64.60246564788689,-63.711982075285164,0.0,0.1754171881600888,-77.723515,-20.476955999999998,0.864581,-1.6096871608,13.121049352113118,-43.23502607528516,-0.864581,1.7851043489600888,102.27894518586162,45.190451603593615
1723528471.7936409,258.2721619606018,1723528471.8291962,-0.035555362701416016,-64.35498157914735,-63.72534641780581,0.0,0.19241402409371355,-77.789823,-20.783196,0.8743620000000001,-1.6094663634,13.43484142085265,-42.942150417805806,-0.8743620000000001,1.8018803874937135,103.24014139078714,45.003197168823036
1723528471.8936396,258.3721606731415,1723528471.947241,-0.05360150337219238,-64.09987100120942,-63.719618651060834,0.0,0.2116291500422669,-77.860955,-21.084,0.906713,-1.6076026165,13.761083998790582,-42.63561865106084,-0.906713,1.8192317665422668,104.23430217900098,44.810551648521646
1723528471.9936404,258.47216153144836,1723528471.947241,0.04639935493469238,-63.84581003699466,-63.70458518115449,0.0,0.22968877944240962,-77.860955,-21.084,0.906713,-1.6076026165,14.01514496300534,-42.620585181154496,-0.906713,1.8372913959424095,105.26904272319953,44.874945102835156
1723528472.093639,258.57216000556946,1723528472.0562866,0.03735232353210449,-63.59652274707974,-63.694708088670055,0.0,0.2481050418914452,-77.943594,-21.391088999999997,0.8976540000000001,-1.605335073,14.347071252920266,-42.30361908867006,-0.8976540000000001,1.8534401148914452,106.19429616352221,44.6793064431329
1723528472.1936412,258.6721622943878,1723528472.1634042,0.03023695945739746,-63.34216374155728,-63.68384996279746,0.0,0.26806699688208463,-78.021745,-21.694098999999998,0.8820870000000001,-1.6035875468,14.679581258442717,-41.98975096279746,-0.8820870000000001,1.8716545436820846,107.23790605946743,44.49053123212334
1723528472.30364,258.78216099739075,1723528472.264633,0.039006948471069336,-63.08483742508452,-63.66195932190075,0.0,0.2869863828216887,-78.096777,-22.002509999999997,0.8833150000000001,-1.6025271568,15.01193957491548,-41.65944932190075,-0.8833150000000001,1.8895135396216887,108.26115115314802,44.29049890206878
1723528472.3936422,258.87216329574585,1723528472.3658712,0.02777099609375,-62.8328155100367,-63.62318078906455,0.0,0.30711723865667073,-78.166291,-22.306296,0.884872,-1.6010492007,15.333475489963298,-41.316884789064545,-0.884872,1.9081664393566706,109.32988358364317,44.07928581239177
1723528472.503641,258.9821619987488,1723528472.4696953,0.033945560455322266,-62.57613457315961,-63.58602452640816,0.0,0.3273234129855407,-78.237108,-22.617037999999997,0.895092,-1.5983429949999999,15.6609734268404,-40.96898652640816,-0.895092,1.9256664079855406,110.33255792768877,43.86941001843629
1723528472.593643,259.0721640586853,1723528472.57338,0.020262956619262695,-62.304311722439444,-63.563331628956014,0.0,0.34538037322275184,-78.310311,-22.924239999999998,0.885787,-1.5970831137,16.005999277560555,-40.63909162895602,-0.885787,1.9424634869227517,111.29495965893905,43.68652423699236
1723528472.6936414,259.1721625328064,1723528472.6836889,0.009952545166015625,-62.04937968100598,-63.524780278889054,0.0,0.36183247019852643,-78.389908,-23.22523,0.8920060000000001,-1.5947167548999999,16.340528318994025,-40.29955027888906,-0.8920060000000001,1.9565492250985264,112.10201300773724,43.49554337088558
1723528472.8036416,259.2821626663208,1723528472.7642553,0.03938627243041992,-61.7870978969168,-63.48604424218322,0.0,0.38300578411344643,-78.464528,-23.530717,0.889333,-1.5932577467,16.677430103083204,-39.955327242183216,-0.889333,1.9762635308134464,113.2315595212328,43.30537799232404
1723528472.89364,259.37216114997864,1723528472.8648717,0.028768301010131836,-61.52950044363614,-63.45244911954562,0.0,0.3996915064435749,-78.537847,-23.830209999999997,0.9004880000000001,-1.5920648271,17.00834655636386,-39.622239119545625,-0.9004880000000001,1.9917563335435748,114.11923173049792,43.12790934030967
1723528473.0046403,259.4831614494324,1723528472.9519494,0.052690982818603516,-61.271000360394034,-63.37427827670715,0.0,0.4151105347895414,-78.614833,-24.138177,0.9016730000000001,-1.590099583,17.34383263960597,-39.23610127670715,-0.9016730000000001,2.0052101177895416,114.89007678627141,42.90796182791267
1723528473.103639,259.5821599960327,1723528473.0616565,0.041982412338256836,-61.00863766940073,-63.29290773820736,0.0,0.43535062213956754,-78.688778,-24.428476,0.9117470000000001,-1.5896408528,17.680140330599272,-38.86443173820736,-0.9117470000000001,2.0249914749395677,116.02346506400883,42.70670555118331
1723528473.1936412,259.6721622943878,1723528473.1617446,0.03189659118652344,-60.7703170723115,-63.202062921579376,0.0,0.4555646196716454,-78.750493,-24.730418,0.926346,-1.5896722511999999,17.980175927688506,-38.471644921579376,-0.926346,2.045236870871645,117.1834408054882,42.47602036766662
1723528473.2936392,259.77216029167175,1723528473.2640214,0.029617786407470703,-60.531795592464,-63.13283700143959,0.0,0.47254979351035953,-78.819986,-25.025308,0.906082,-1.585874293,18.288190407536,-38.10752900143959,-0.906082,2.0584240865103594,117.93901260511544,42.2783947137137
1723528473.40464,259.88316106796265,1723528473.4442735,-0.03963351249694824,-60.2886722193567,-63.061653910100794,0.0,0.4928087404988019,-78.952906,-25.616941999999998,0.9183410000000001,-1.5800620912,18.6642337806433,-37.44471191010079,-0.9183410000000001,2.072870831698802,118.76675013211413,41.84857730964377
1723528473.5036387,259.98215985298157,1723528473.545504,-0.04186534881591797,-60.043386362731944,-62.9882632018062,0.0,0.5094923516459184,-79.026779,-25.917365,0.916097,-1.5798502882,18.98339263726806,-37.0708982018062,-0.916097,2.0893426398459187,119.71051521989313,41.658851679118214
1723528473.6036398,260.08216094970703,1723528473.6393764,-0.0357365608215332,-59.802734452880415,-62.915145370885874,0.0,0.5282726887116677,-79.09261000000001,-26.215804,0.909926,-1.5765359265999999,19.289875547119593,-36.699341370885875,-0.909926,2.1048086153116676,120.59665034013342,41.470096708419355
1723528473.7046382,260.1831593513489,1723528473.7446008,-0.0399625301361084,-59.56741346362377,-62.82978694534534,0.0,0.5458816968595546,-79.159762,-26.50209,0.9131370000000001,-1.5734303943999999,19.592348536376228,-36.32769694534534,-0.9131370000000001,2.1193120912595544,121.42763830021683,41.284325181652974
1723528473.793639,260.2721600532532,1723528473.8346803,-0.04104137420654297,-59.33873116237613,-62.72476189298276,0.0,0.5646169780593082,-79.231159,-26.78632,0.906684,-1.5692680868,19.892427837623877,-35.938441892982766,-0.906684,2.1338850648593084,122.2626081824383,41.08652293448824
1723528473.8936374,260.37215852737427,1723528473.9189858,-0.025348424911499023,-59.10296971395363,-62.63187105457275,0.0,0.5847208724957351,-79.292713,-27.078374999999998,0.918899,-1.5628754094,20.18974328604638,-35.55349605457275,-0.918899,2.1475962818957353,123.04820305061344,40.89646917560458
1723528474.0046382,260.48315930366516,1723528474.0042057,0.0004324913024902344,-58.86468421480736,-62.539176300903534,0.0,0.6018518705956746,-79.347308,-27.369778,0.917591,-1.5566653656,20.482623785192636,-35.16939830090354,-0.917591,2.1585172361956744,123.6739276402552,40.70953730044861
1723528474.0936372,260.5721583366394,1723528474.0857124,0.007924795150756836,-58.64095321524376,-62.44292481005057,0.0,0.6188401760675345,-79.398881,-27.653855999999998,0.9196230000000001,-1.5537501248999999,20.75792778475624,-34.78906881005057,-0.9196230000000001,2.1725903009675345,124.48025485649703,40.52180377339732
1723528474.2036395,260.682160615921,1723528474.1936705,0.009968996047973633,-58.41542062354231,-62.33059107451351,0.0,0.6361936244445704,-79.452789,-27.934089999999998,0.921818,-1.5502164098,21.037368376457685,-34.39650107451351,-0.921818,2.1864100342445703,125.27206724726767,40.3303843621768
1723528474.2936382,260.77215933799744,1723528474.27779,0.015848159790039062,-58.19534085934098,-62.226608029849416,0.0,0.6530177734573885,-79.515208,-28.226843,0.934127,-1.5443207797,21.31986714065902,-33.999765029849414,-0.934127,2.1973385531573886,125.89822525730105,40.14216424450048
1723528474.3936388,260.87215995788574,1723528474.3603892,0.033249616622924805,-57.98001716675226,-62.11682448479786,0.0,0.6701862547004338,-79.575072,-28.516827,0.934467,-1.5370698099,21.595054833247744,-33.59999748479786,-0.934467,2.2072560646004336,126.46645680626024,39.95221461700826
1723528474.4936376,260.9721586704254,1723528474.516213,-0.02257537841796875,-57.783274359319414,-61.98888172010948,0.0,0.6857931253288302,-79.657099,-29.075405,0.930355,-1.5228767347,21.87382464068059,-32.913476720109486,-0.930355,2.2086698600288304,126.54746131740227,39.530073547142045
1723528474.5936363,261.0721573829651,1723528474.583925,0.009711265563964844,-57.59531982270556,-61.8747682980401,0.0,0.6999801955845323,-79.704946,-29.358999999999998,0.9399730000000001,-1.5154808564,22.109626177294444,-32.5157682980401,-0.9399730000000001,2.215461051984532,126.93656795432717,39.33184850667792
1723528474.693635,261.17215609550476,1723528474.668912,0.024723052978515625,-57.423442360800756,-61.775063377847985,0.0,0.7147308112574234,-79.749475,-29.640393,0.937758,-1.5080447773999999,22.326032639199248,-32.13467037784798,-0.937758,2.222775588657423,127.35566003477749,39.140364890558885
1723528474.793637,261.27215814590454,1723528474.777584,0.016052961349487305,-57.26106913215399,-61.68258796996627,0.0,0.7263646718348854,-79.790909,-29.921830999999997,0.9396960000000001,-1.4998490823,22.529839867846007,-31.760756969966273,-0.9396960000000001,2.226213754134885,127.55265240590364,38.951539075477626
1723528474.9046357,261.3831567764282,1723528474.9405217,-0.03588604927062988,-57.107728177247985,-61.59023891288175,0.0,0.7404893281525676,-79.873005,-30.47496,0.9509380000000001,-1.4846319666,22.76527682275202,-31.115278912881752,-0.9509380000000001,2.225121294752568,127.49005909400739,38.56582287107068
1723528475.003638,261.48215913772583,1723528475.0210598,-0.017421722412109375,-56.95174461214423,-61.50199375688541,0.0,0.7534860316730777,-79.90604400000001,-30.756864,0.948461,-1.4773542376,22.954299387855777,-30.74512975688541,-0.948461,2.2308402692730778,127.81773219717546,38.38049559898306
1723528475.0936368,261.57215785980225,1723528475.1014974,-0.007860660552978516,-56.802021708142085,-61.408743607531626,0.0,0.7659379545992047,-79.926805,-31.022233,0.954144,-1.470116201,23.124783291857916,-30.386510607531626,-0.954144,2.236054155599205,128.1164658785235,38.19693731138348
1723528475.2336364,261.71215748786926,1723528475.1846693,0.04896712303161621,-56.657357987639934,-61.30296738504133,0.0,0.7792281544923072,-79.94368,-31.283953,0.969545,-1.4620218313,23.286322012360067,-30.019014385041327,-0.969545,2.241249985792307,128.41416501965492,38.004394943475525
1723528475.2936366,261.7721576690674,1723528475.3112824,-0.017645835876464844,-56.5119543011704,-61.196578339026175,0.0,0.7925573355738615,-79.967463,-31.566848999999998,0.962296,-1.455090054,23.455508698829597,-29.629729339026177,-0.962296,2.247647389573862,128.78070925617902,37.802219017095226
1723528475.4036374,261.8821585178375,1723528475.4413054,-0.03766798973083496,-56.36411199662498,-61.0955231699206,0.0,0.8046113686597796,-79.997257,-31.847471,0.9678800000000001,-1.4466145352,23.633145003375027,-29.248052169920598,-0.9678800000000001,2.2512259038597797,128.98574302168942,37.61530127726411
1723528475.4936364,261.9721574783325,1723528475.5444765,-0.050840139389038086,-56.217163292325644,-60.99178426026112,0.0,0.8166050250384614,-80.020115,-32.127246,0.9760460000000001,-1.4391851719,23.80295170767436,-28.86453826026112,-0.9760460000000001,2.2557901969384613,129.24725775155864,37.42585663375084
1723528475.6336365,262.1121575832367,1723528475.6251855,0.008450984954833984,-56.067500424188204,-60.88500771098752,0.0,0.8287012502045883,-80.03383000000001,-32.386598,0.9841270000000001,-1.4317216530999999,23.966329575811805,-28.498409710987524,-0.9841270000000001,2.260422903304588,129.5126922740611,37.24933308589388
1723528475.7336383,262.2121593952179,1723528475.73015,0.003488302230834961,-55.92307162022117,-60.773965708926305,0.0,0.84155129498357,-80.05548,-32.644743999999996,0.96968,-1.4236182031,24.13240837977883,-28.12922170892631,-0.96968,2.26516949808357,129.7846521219556,37.075147032220265
1723528475.7936382,262.27215933799744,1723528475.8317544,-0.0381162166595459,-55.793978996090566,-60.652869031782686,0.0,0.8552067227785868,-80.060619,-32.911474999999996,0.981688,-1.4159658586,24.266640003909437,-27.74139403178269,-0.981688,2.2711725813785866,130.12860345882552,36.87029252983098
1723528475.9336393,262.4121603965759,1723528475.9543102,-0.02067089080810547,-55.65193399119603,-60.54689249325342,0.0,0.8680378725495874,-80.072557,-33.17368,0.9763860000000001,-1.4096871683999999,24.42062300880397,-27.37321249325342,-0.9763860000000001,2.277725040949587,130.50403173767396,36.69622487341071
1723528476.033638,262.5121591091156,1723528476.0638435,-0.030205488204956055,-55.51065888540833,-60.444149047702965,0.0,0.8808484713443105,-80.083277,-33.436841,0.979846,-1.4013399156,24.572618114591663,-27.007308047702963,-0.979846,2.2821883869443105,130.7597626256782,36.526269275314654
1723528476.1336389,262.6121599674225,1723528476.148693,-0.01505422592163086,-55.37368355174109,-60.33721615421384,0.0,0.893034134724183,-80.09222100000001,-33.711026,0.982379,-1.3929466354,24.71853744825892,-26.626190154213845,-0.982379,2.285980770124183,130.9770501761813,36.34453417240306
1723528476.2336373,262.7121584415436,1723528476.2346938,-0.0010564327239990234,-55.24161434874977,-60.227322685828746,0.0,0.9056126453537682,-80.095422,-33.986619,0.986776,-1.3849647713,24.85380765125023,-26.24070368582875,-0.986776,2.2905774166537682,131.24041862224,36.15605082924554
1723528476.333638,262.8121590614319,1723528476.3248167,0.008821249008178711,-55.11341998965193,-60.11676368967057,0.0,0.9168072661283854,-80.095349,-34.257825,0.99209,-1.3779751128,24.98192901034807,-25.858938689670573,-0.99209,2.294782378928385,131.4813452135873,35.96895508354826
1723528476.4336367,262.91215777397156,1723528476.4303052,0.003331422805786133,-54.99161402143902,-59.99240193133888,0.0,0.9278480531493027,-80.093082,-34.529292,1.002406,-1.3692801631,25.101467978560976,-25.463109931338884,-1.002406,2.2971282162493027,131.61575179150014,35.76951886513162
1723528476.5336375,263.01215863227844,1723528476.5333588,0.00027871131896972656,-54.859787387087266,-59.869808647356884,0.0,0.9410640115955067,-80.093601,-34.808881,1.004452,-1.3632119698,25.23381361291274,-25.060927647356884,-1.004452,2.3042759813955067,132.02528856732835,35.57814452465981
1723528476.6336362,263.1121573448181,1723528476.643458,-0.009821653366088867,-54.7279600074823,-59.7357269545741,0.0,0.955474623319425,-80.08474100000001,-35.080543999999996,1.012416,-1.3537369711,25.356780992517706,-24.6551829545741,-1.012416,2.309211594419425,132.30807836290867,35.381766137137426
1723528476.7336385,263.2121596336365,1723528476.7459066,-0.01226806640625,-54.60525743013783,-59.60558185406985,0.0,0.967734716275567,-80.07083,-35.359034,1.0168249999999999,-1.3459061759,25.465572569862168,-24.246547854069846,-1.0168249999999999,2.3136408921755667,132.56185843054234,35.1770436823682
1723528476.8336372,263.31215834617615,1723528476.8315117,0.0021255016326904297,-54.46982706112215,-59.49224251298319,0.0,0.9795820291393885,-80.064617,-35.637031,1.0149329999999999,-1.3385741795,25.594789938877845,-23.85521151298319,-1.0149329999999999,2.3181562086393885,132.82056700708526,35.002778137441275
1723528476.9336395,263.4121606349945,1723528476.933894,-0.0002543926239013672,-54.345383820890824,-59.38710520202081,0.0,0.9893242180227881,-80.060255,-35.926607,1.0228199999999998,-1.3316549665,25.714871179109174,-23.460498202020815,-1.0228199999999998,2.320979184522788,132.98231161087128,34.82378119041069
1723528477.0336385,263.51215958595276,1723528477.0428975,-0.00925898551940918,-54.20000980087539,-59.303237783946344,0.0,1.002062907717436,-80.043726,-36.211327,1.03134,-1.3250707676,25.843716199124614,-23.091910783946346,-1.03134,2.3271336753174356,133.3349379584567,34.67272231640074
1723528477.1236393,263.6021604537964,1723528477.1537912,-0.030151844024658203,-54.07913067023981,-59.202724480603734,0.0,1.014905580961159,-80.029792,-36.499409,1.029598,-1.317753505,25.950661329760187,-22.703315480603734,-1.029598,2.3326590859611587,133.6515206684187,34.495469692487674
1723528477.233638,263.7121591567993,1723528477.2616982,-0.028060197830200195,-53.982970666975774,-59.06075210811804,0.0,1.0275583900775,-80.01310000000001,-36.781404,1.0216509999999999,-1.3098722380999999,26.030129333024234,-22.279348108118036,-1.0216509999999999,2.3374306281774997,133.92490989918352,34.277992298010574
1723528477.3336387,263.8121597766876,1723528477.365544,-0.031905412673950195,-53.90384809687402,-58.90818084578897,0.0,1.0383708273516215,-79.993661,-37.060121,1.0236319999999999,-1.3020151301,26.08981290312598,-21.848059845788967,-1.0236319999999999,2.3403859574516215,134.09423779366216,34.04502722596531
1723528477.4336371,263.9121582508087,1723528477.4528499,-0.019212722778320312,-53.82611605183733,-58.75477906184174,0.0,1.0468255330172411,-79.975133,-37.354177,1.037702,-1.2919568549,26.149016948162668,-21.400602061841738,-1.037702,2.338782387917241,134.00236002718643,33.80582318780904
1723528477.533638,264.0121591091156,1723528477.5637474,-0.030109405517578125,-53.71866176449774,-58.64191125977182,0.0,1.0568780506820952,-79.950227,-37.664515,1.036532,-1.2842481961999999,26.23156523550226,-20.977396259771815,-1.036532,2.3411262468820953,134.13665325364647,33.60387726335941
1723528477.6336367,264.1121578216553,1723528477.6885169,-0.05488014221191406,-53.633966745241985,-58.54024386349175,0.0,1.0641290399858008,-79.923913,-37.969775999999996,1.0345959999999998,-1.2769003873,26.289946254758014,-20.570467863491757,-1.0345959999999998,2.3410294272858008,134.13110589940462,33.397242567077726
1723528477.7336373,264.2121584415436,1723528477.769082,-0.03544473648071289,-53.54934973670085,-58.43851388106302,0.0,1.0767821229375623,-79.902199,-38.23753,1.024258,-1.2687914778,26.35284926329915,-20.200983881063017,-1.024258,2.3455736007375623,134.39146785956595,33.220498468681924
1723528477.8336358,264.3121569156647,1723528477.8511024,-0.01746654510498047,-53.471573217780964,-58.33209373402783,0.0,1.0932198277079326,-79.8691,-38.521141,1.035923,-1.2604122797,26.39752678221904,-19.81095273402783,-1.035923,2.3536321074079325,134.85318628095618,33.02084803438254
1723528477.9336364,264.412157535553,1723528477.9317014,0.0019350051879882812,-53.38741278683234,-58.20626751976781,0.0,1.1040030044409948,-79.840413,-38.824038,1.039774,-1.252150604,26.453000213167655,-19.38222951976781,-1.039774,2.3561536084409944,134.99765764818852,32.810260154498664
1723528478.0336351,264.51215624809265,1723528478.0323675,0.0012676715850830078,-53.27208466434859,-58.10025024813066,0.0,1.113169542034547,-79.800466,-39.109178,1.0478539999999998,-1.2441270601,26.52838133565141,-18.991072248130664,-1.0478539999999998,2.3572966021345474,135.06314636283918,32.642209475290926
1723528478.133636,264.61215710639954,1723528478.11382,0.019815921783447266,-53.1247835941936,-57.975003901737075,0.0,1.1310654113307148,-79.766875,-39.406545,1.0396489999999998,-1.2347929507,26.642091405806397,-18.568458901737074,-1.0396489999999998,2.365858362030715,135.55369907009393,32.49106908835169
1723528478.2336347,264.7121558189392,1723528478.2387407,-0.0051059722900390625,-53.01050835078563,-57.85356552001799,0.0,1.1431013727521169,-79.721402,-39.700417,1.023474,-1.2272316711,26.71089364921437,-18.153148520017986,-1.023474,2.370333043852117,135.8100794531242,32.31185757207635
1723528478.3336356,264.8121566772461,1723528478.299074,0.0345616340637207,-52.91820916753831,-57.762954790443025,0.0,1.1492246471587644,-79.668362,-39.988489,1.021771,-1.2201249412,26.750152832461694,-17.774465790443024,-1.021771,2.369349588358764,135.7537316040161,32.13325888658243
1723528478.4336348,264.9121558666229,1723528478.3836353,0.04999947547912598,-52.85595777425966,-57.676077513277654,0.0,1.1604342451459575,-79.615469,-40.286856,1.014103,-1.2115484824,26.759511225740347,-17.389221513277654,-1.014103,2.3719827275459577,135.90459936631282,31.929373165988885
1723528478.5336359,265.0121569633484,1723528478.574564,-0.04092812538146973,-52.828827401506246,-57.564321516611315,0.0,1.1707321984915389,-79.511885,-40.881394,1.027347,-1.1941941936,26.68305759849376,-16.682927516611315,-1.027347,2.364926392091539,135.5003011259461,31.485886920768987
1723528478.6336353,265.1121563911438,1723528478.6548738,-0.02123856544494629,-52.80193948607105,-57.46356822659628,0.0,1.1787145449731122,-79.448725,-41.163275999999996,1.0379909999999999,-1.1866361595,26.646785513928947,-16.300292226596284,-1.0379909999999999,2.365350704473112,135.5246124346054,31.254249794449553
1723528478.733636,265.2121570110321,1723528478.764583,-0.030947208404541016,-52.75171120632776,-57.354177411436844,0.0,1.194183315951543,-79.394315,-41.463407,1.029396,-1.1775348273,26.642603793672244,-15.890770411436847,-1.029396,2.3717181432515426,135.8894398029174,31.038759274500833
1723528478.8336349,265.31215596199036,1723528478.8532343,-0.019599437713623047,-52.69711710596186,-57.217944883828984,0.0,1.2110647847689222,-79.333001,-41.77111,1.0372439999999998,-1.1681485708,26.635883894038137,-15.446834883828984,-1.0372439999999998,2.379213355568922,136.31888383525768,30.808292615146527
1723528478.9336371,265.4121582508087,1723528478.9337702,-0.00013303756713867188,-52.64458661220125,-57.07634072910846,0.0,1.2159134975757881,-79.26758,-42.077835,1.042762,-1.1600739576999999,26.622993387798743,-14.998505729108459,-1.042762,2.375987455275788,136.1340533633311,30.574929331423135
1723528479.0336363,265.51215744018555,1723528479.0142179,0.01941847801208496,-52.55905911594131,-56.942451263273554,0.0,1.2246093535375788,-79.20615000000001,-42.377259,1.032131,-1.1508897246,26.6470908840587,-14.565192263273552,-1.032131,2.3754990781375787,136.10607141450103,30.385482926071276
1723528479.1336372,265.61215829849243,1723528479.0946941,0.03894305229187012,-52.48775908327785,-56.793377301772814,0.0,1.2385114504463646,-79.138093,-42.668354,1.0289199999999998,-1.1418322289,26.650333916722147,-14.125023301772814,-1.0289199999999998,2.380343679346365,136.38364661718845,30.17971599460167
1723528479.263639,265.7421600818634,1723528479.2096548,0.05398416519165039,-52.42596919530351,-56.68440994269085,0.0,1.2553740187956812,-79.066236,-42.961681999999996,1.031532,-1.1332308778,26.640266804696495,-13.722727942690852,-1.031532,2.388604896595681,136.85697949921496,29.984681687180643
1723528479.36364,265.84216117858887,1723528479.3179264,0.04571366310119629,-52.32956433658182,-56.60057451309259,0.0,1.2759213970936585,-78.993495,-43.266352,1.0381429999999998,-1.1244425006,26.663930663418178,-13.334222513092591,-1.0381429999999998,2.4003638976936585,137.53072063341875,29.830260296227493
1723528479.4636388,265.94215989112854,1723528479.422999,0.04063987731933594,-52.24557381269061,-56.51466834182198,0.0,1.2939557267259447,-78.912098,-43.577766,1.047818,-1.1161712763,26.666524187309392,-12.936902341821984,-1.047818,2.410127003025945,138.09010536390045,29.657459044822435
1723528479.56364,266.0421612262726,1723528479.523891,0.0397491455078125,-52.158134657737776,-56.378225909744636,0.0,1.3096899371249708,-78.836941,-43.875116,1.0479319999999999,-1.1067930458,26.67880634226222,-12.503109909744637,-1.0479319999999999,2.416482982924971,138.45427618678463,29.481937296244787
1723528479.6636388,266.14215993881226,1723528479.6286361,0.035002708435058594,-52.079691313730564,-56.215929961955645,0.0,1.328507848868159,-78.755457,-44.157678,1.045231,-1.0996303089,26.675765686269443,-12.058251961955648,-1.045231,2.428138157768159,139.12206851478635,29.293180489153418
1723528479.76364,266.2421610355377,1723528479.7339385,0.02970147132873535,-52.016983825510025,-56.05506661364316,0.0,1.34778847019197,-78.667959,-44.462778,1.048987,-1.0922982979,26.65097517448997,-11.592288613643163,-1.048987,2.44008676809197,139.80667345738715,29.081884512174426
1723528479.8636389,266.342159986496,1723528479.8452246,0.01841425895690918,-51.96750447594501,-55.87489667674848,0.0,1.367995010866621,-78.58881600000001,-44.756285999999996,1.0483,-1.0854811923,26.621311524054995,-11.118610676748482,-1.0483,2.453476203166621,140.5738315772291,28.868956744778444
1723528479.9636414,266.4421625137329,1723528479.9805176,-0.016876220703125,-51.91629059835081,-55.69307252827888,0.0,1.3891391667340025,-78.499377,-45.052467,1.0547259999999998,-1.0783213269,26.583086401649183,-10.640605528278883,-1.0547259999999998,2.4674604936340025,141.37507240049507,28.65301756501505
1723528480.0636404,266.54216146469116,1723528480.0826309,-0.018990516662597656,-51.857905682528845,-55.50676852982884,0.0,1.410015407012624,-78.41033300000001,-45.339624,1.031817,-1.0717595352,26.552427317471164,-10.167144529828839,-1.031817,2.481774942212624,142.19522989010713,28.45113127208664
1723528480.1636407,266.6421618461609,1723528480.1921713,-0.028530597686767578,-51.79064508620294,-55.31588581500882,0.0,1.4310420241702886,-78.323702,-45.632478,1.052076,-1.0650447753999999,26.533056913797054,-9.68340781500882,-1.052076,2.4960867995702882,143.01523891369453,28.264436311597365
1723528480.26364,266.7421610355377,1723528480.2793722,-0.015732288360595703,-51.728173209957006,-55.125682858905535,0.0,1.4517207394076133,-78.233202,-45.921155,1.04599,-1.0608659639,26.505028790043,-9.204527858905536,-1.04599,2.5125867033076132,143.9606137602154,28.077285825849984
1723528480.3636405,266.842161655426,1723528480.4046435,-0.04100298881530762,-51.67258431508652,-54.92025170691657,0.0,1.4734881859988223,-78.136919,-46.232481,1.042287,-1.0554223942,26.46433468491349,-8.687770706916567,-1.042287,2.528910580198822,144.8959030113728,27.87336959108894
1723528480.4636393,266.9421603679657,1723528480.4046435,0.058995723724365234,-51.625899706950754,-54.703638181873444,0.0,1.4926573007829107,-78.136919,-46.232481,1.042287,-1.0554223942,26.51101929304925,-8.471157181873444,-1.042287,2.5480796949829108,145.99421238550292,27.85105043165885
1723528480.5636404,267.04216146469116,1723528480.532114,0.03152632713317871,-51.58301263855484,-54.491700236138605,0.0,1.5117424683453589,-78.052561,-46.528656,1.048547,-1.055286942,26.469548361445156,-7.963044236138607,-1.048547,2.567029410345359,147.0799510987454,27.661281871540105
1723528480.663639,267.14216017723083,1723528480.6337054,0.029933691024780273,-51.552167504620506,-54.26399844544343,0.0,1.5276839776611464,-77.964318,-46.806644999999996,1.046187,-1.0551914248,26.4121504953795,-7.457353445443431,-1.046187,2.5828754024611467,147.98785956917763,27.46467406396463
1723528480.76364,267.2421610355377,1723528480.7343845,0.029255390167236328,-51.522804690954985,-54.04449655099595,0.0,1.5404241073461122,-77.881783,-47.087709,1.0472789999999998,-1.0563500907999999,26.358978309045014,-6.956787550995955,-1.0472789999999998,2.596774198146112,148.78420190224077,27.28166827432367
1723528480.8636386,267.3421597480774,1723528480.8301983,0.033440351486206055,-51.493941184086175,-53.796001236818014,0.0,1.552180309128678,-77.791197,-47.381623,1.0425119999999999,-1.0582881186,26.29725581591382,-6.414378236818017,-1.0425119999999999,2.6104684277286783,149.56882346100502,27.088313769644685
1723528480.9636397,267.44216084480286,1723528480.9399588,0.023680925369262695,-51.44869195926915,-53.5663431758049,0.0,1.5619293997699675,-77.702459,-47.658212,1.0454789999999998,-1.0587483854,26.253767040730857,-5.908131175804904,-1.0454789999999998,2.6206777851699674,150.15377655393138,26.930639133873612
1723528481.0636382,267.54215931892395,1723528481.0501742,0.013463973999023438,-51.399968090195856,-53.31653453884375,0.0,1.5700711798905616,-77.616195,-47.936895,1.061975,-1.0592259706,26.21622690980415,-5.3796395388437475,-1.061975,2.6292971504905616,150.64762980888284,26.783555885185507
1723528481.1636393,267.6421604156494,1723528481.1639235,-0.0002841949462890625,-51.354852540594635,-53.0764585456366,0.0,1.5769640117472257,-77.53203,-48.212106999999996,1.06452,-1.0608950771999999,26.17717745940537,-4.864351545636602,-1.06452,2.6378590889472253,151.13819274690044,26.646570858764132
1723528481.2636385,267.74215960502625,1723528481.266884,-0.0032455921173095703,-51.31533807728011,-52.81701183606775,0.0,1.582991100954338,-77.452027,-48.489129999999996,1.0732949999999999,-1.0623012713,26.13668892271989,-4.327881836067753,-1.0732949999999999,2.645292372254338,151.56408850832304,26.51431747541352
1723528481.3636398,267.8421609401703,1723528481.372067,-0.008427143096923828,-51.276461775014944,-52.57342587118213,0.0,1.5884959885974776,-77.373468,-48.763092,1.062654,-1.0639550693,26.09700622498506,-3.810333871182131,-1.062654,2.6524510578974776,151.97425098253584,26.39510582741624
1723528481.4636385,267.94215965270996,1723528481.4535365,0.010102033615112305,-51.230748127137176,-52.315123499161764,0.0,1.5924902462475705,-77.28845100000001,-49.027147,1.054741,-1.0647323738,26.057702872862833,-3.287976499161765,-1.054741,2.6572226200475706,152.24764135542054,26.285493091181017
1723528481.5636399,268.042160987854,1723528481.5733418,-0.009701967239379883,-51.18492475247256,-52.053475715305765,0.0,1.5978364160119067,-77.206755,-49.288796,1.049845,-1.0667402017,26.02183024752744,-2.7646797153057676,-1.049845,2.664576617711907,152.66899438413606,26.189335193612344
1723528481.6636388,268.14215993881226,1723528481.694446,-0.0308072566986084,-51.151075285019665,-51.8143834838214,0.0,1.602205163437031,-77.128033,-49.561837,1.04941,-1.0677641423,25.976957714980337,-2.252546483821405,-1.04941,2.669969305737031,152.97797264820642,26.09554672996434
1723528481.76364,268.2421610355377,1723528481.778669,-0.015029191970825195,-51.11930761586687,-51.55735206568037,0.0,1.6061369011695223,-77.04390000000001,-49.830342,1.06213,-1.068619089,25.924592384133135,-1.7270100656803677,-1.06213,2.6747559901695226,153.25222946404915,26.003753078879114
1723528481.8636389,268.342159986496,1723528481.8638334,-0.000194549560546875,-51.08308288019949,-51.28625774995887,0.0,1.6076157355270198,-76.97051,-50.095513,1.0615489999999999,-1.0690152522,25.887427119800513,-1.1907447499588741,-1.0615489999999999,2.6766309877270196,153.35965891069108,25.936531036781666
1723528481.9636397,268.44216084480286,1723528481.9647195,-0.0010797977447509766,-51.04594596801379,-51.02670290117335,0.0,1.6092511910837368,-76.899849,-50.355384,1.0530899999999999,-1.0698036952999999,25.853903031986214,-0.6713189011733505,-1.0530899999999999,2.679054886383737,153.4985380736884,25.884048555095056
1723528482.0636382,268.54215931892395,1723528482.0730982,-0.009459972381591797,-51.00773561450129,-50.77406065920535,0.0,1.6085061371427187,-76.818871,-50.609691,1.037513,-1.0728848194,25.81113538549871,-0.16436965920534874,-1.037513,2.6813909565427188,153.63238503444452,25.832502017779458
1723528482.163639,268.64216017723083,1723528482.190268,-0.026628971099853516,-50.95845054293052,-50.52489828281394,0.0,1.6056496837347938,-76.74795400000001,-50.870937,1.050783,-1.0748161682,25.789503457069486,0.3460387171860546,-1.050783,2.6804658519347937,153.5793804448023,25.81322095882418
1723528482.2636378,268.7421588897705,1723528482.190268,0.07336974143981934,-50.89950623176508,-50.27373164166147,0.0,1.6029072177489558,-76.74795400000001,-50.870937,1.050783,-1.0748161682,25.848447768234927,0.5972053583385275,-1.050783,2.6777233859489558,153.4222487183556,25.87668933964093
1723528482.3636389,268.842159986496,1723528482.3416002,0.022038698196411133,-50.836863518217356,-50.02094352247578,0.0,1.6011170795508676,-76.681377,-51.122575,1.062871,-1.0761273894999999,25.84451348178264,1.101631477524215,-1.062871,2.6772444690508674,153.39480880135764,25.889808106375718
1723528482.4636376,268.94215869903564,1723528482.4649272,-0.0012896060943603516,-50.779871944595,-49.76021084864796,0.0,1.597605627045472,-76.604731,-51.365681,1.0623509999999998,-1.0766419193999999,25.824859055405,1.6054701513520442,-1.0623509999999998,2.674247546445472,153.22309778454112,25.89651461655829
1723528482.5636384,269.04215955734253,1723528482.5461888,0.017449617385864258,-50.72447857038781,-49.51699775723121,0.0,1.595607428630091,-76.519901,-51.609704,1.0534089999999998,-1.0779214579,25.795422429612195,2.0927062427687915,-1.0534089999999998,2.6735288865300912,153.1819216044846,25.901600496145882
1723528482.6636372,269.1421582698822,1723528482.6535244,0.010112762451171875,-50.66942062175975,-49.2582479531948,0.0,1.5937411031035564,-76.44789300000001,-51.853018,1.054587,-1.0782775241,25.77847237824026,2.594770046805202,-1.054587,2.672018627203556,153.09539011910388,25.93018749434841
1723528482.7636383,269.24215936660767,1723528482.7628808,0.0007574558258056641,-50.62168876203247,-49.0003291560416,0.0,1.5909881658383913,-76.390852,-52.096695,1.0509439999999999,-1.0787882439,25.769163237967526,3.096365843958395,-1.0509439999999999,2.6697764097383914,152.9669205215994,25.975791397295005
1723528482.86364,269.34216117858887,1723528482.8637729,-0.0001327991485595703,-50.56381459340252,-48.74175323303171,0.0,1.588719047990316,-76.322211,-52.336245,1.0473649999999999,-1.0799843834,25.758396406597477,3.5944917669682894,-1.0473649999999999,2.668703431390316,152.90544339074577,26.029067020264893
1723528482.9636412,269.44216227531433,1723528482.9721315,-0.008490324020385742,-50.51300838882014,-48.491297895392,0.0,1.5872736360004405,-76.258315,-52.569328999999996,1.0540019999999999,-1.0796412254,25.745306611179856,4.0780311046079945,-1.0540019999999999,2.6669148614004405,152.80296587896214,26.087584602830052
1723528483.1036398,269.58216094970703,1723528483.0804696,0.02317023277282715,-50.45743969580927,-48.21339931858847,0.0,1.5849036815667095,-76.19013,-52.817219,1.050276,-1.0787365646,25.732690304190726,4.6038196814115295,-1.050276,2.6636402461667092,152.6153442465401,26.16236964853374
1723528483.2036405,269.68216156959534,1723528483.1618888,0.04175162315368652,-50.38862681956678,-47.932813101559056,0.0,1.582252882789195,-76.12120300000001,-53.057851,1.068431,-1.077411603,25.732576180433227,5.125037898440944,-1.068431,2.659664485789195,152.3875499565532,26.25972267835318
1723528483.3036397,269.78216075897217,1723528483.2665284,0.03711128234863281,-50.33326997310105,-47.66138002473436,0.0,1.5797625386215046,-76.047636,-53.28709,1.064574,-1.0752415074,25.714366026898944,5.625709975265636,-1.064574,2.6550040460215047,152.12052642718962,26.34407999328528
1723528483.4036405,269.88216161727905,1723528483.3767586,0.026881933212280273,-50.28265903740001,-47.40210371274707,0.0,1.5780188643152548,-75.978312,-53.508879,1.0540209999999999,-1.0713115257999999,25.695652962599993,6.10677528725293,-1.0540209999999999,2.6493303901152547,151.795449889352,26.432371173464894
1723528483.4936395,269.97216057777405,1723528483.523188,-0.02954864501953125,-50.2226749868516,-47.13495805096217,0.0,1.576104717104165,-75.924554,-53.743065,1.049831,-1.0678794534,25.7018790131484,6.608106949037833,-1.049831,2.643984170504165,151.4891340692865,26.55853549021484
1723528483.6036403,270.0821614265442,1723528483.6103497,-0.00670933723449707,-50.1630911811783,-46.86209643456079,0.0,1.5740622787670828,-75.855473,-53.975418,1.0590359999999999,-1.0640726049,25.6923818188217,7.1133215654392075,-1.0590359999999999,2.6381348836670826,151.15399462036024,26.679943486948364
1723528483.693639,270.1721601486206,1723528483.712822,-0.019182920455932617,-50.09306082889158,-46.5887228769282,0.0,1.5720667533777206,-75.770354,-54.199208999999996,1.071642,-1.0601491527,25.677293171108417,7.610486123071794,-1.071642,2.632215906077721,150.8148621854573,26.802822616297025
1723528483.79364,270.2721610069275,1723528483.7983534,-0.004713535308837891,-50.02635571922698,-46.31825946646308,0.0,1.5693652289510336,-75.692502,-54.426878,1.085122,-1.0541387360999999,25.666146280773027,8.10861853353692,-1.085122,2.6235039650510332,150.31570473326124,26.938415862543618
1723528483.8936384,270.3721594810486,1723528483.913516,-0.01987767219543457,-49.967571892068776,-46.03969053493862,0.0,1.5663230333051192,-75.630472,-54.650724,1.086579,-1.0482664248,25.662900107931222,8.611033465061375,-1.086579,2.6145894581051192,149.80494110882032,27.090865493913338
1723528483.993641,270.4721620082855,1723528484.044402,-0.05076098442077637,-49.91511073475113,-45.787501743042284,0.0,1.564749737757701,-75.55468400000001,-54.861833,1.072409,-1.0406892044,25.639573265248877,9.074331256957713,-1.072409,2.605438942157701,149.2806551646661,27.219134189910335
1723528484.1036396,270.58216071128845,1723528484.1455188,-0.04187917709350586,-49.85714020689089,-45.513314295914114,0.0,1.562204148396372,-75.480723,-55.07208,1.0658189999999998,-1.0338141444,25.623582793109108,9.558765704085886,-1.0658189999999998,2.596018292796372,148.7408917159893,27.36921568261843
1723528484.1936402,270.6721613407135,1723528484.2244844,-0.03084421157836914,-49.8031473561609,-45.24690746451448,0.0,1.5601211345219586,-75.414025,-55.289257,1.0488499999999998,-1.0264545228,25.610877643839096,10.04234953548552,-1.0488499999999998,2.5865756573219585,148.1998685558249,27.52936476206931
1723528484.303639,270.78216004371643,1723528484.3259265,-0.022287607192993164,-49.7207212788152,-44.96287510551933,0.0,1.5569371911052794,-75.338941,-55.491851,1.0498079999999999,-1.0199456897999999,25.618219721184808,10.528975894480666,-1.0498079999999999,2.5768828809052793,147.64451337538526,27.7174062983231
1723528484.4036403,270.8821613788605,1723528484.4572208,-0.053580522537231445,-49.64512301503703,-44.67465947733431,0.0,1.5541777749796244,-75.256609,-55.707104,1.0783399999999999,-1.0103635352,25.611485984962968,11.032444522665692,-1.0783399999999999,2.5645413101796244,146.93739346024302,27.907451758611906
1723528484.5046391,270.9831602573395,1723528484.4572208,0.04741835594177246,-49.57888965536341,-44.41203822789148,0.0,1.5515206687764238,-75.256609,-55.707104,1.0783399999999999,-1.0103635352,25.677719344636586,11.295065772108522,-1.0783399999999999,2.561884203976424,146.7851524890816,28.072880128226625
1723528484.593638,271.07215905189514,1723528484.563701,0.029937028884887695,-49.512183018991166,-44.14510055383497,0.0,1.5487435585525926,-75.182062,-55.912086,1.073041,-0.9983203839,25.669878981008836,11.76698544616503,-1.073041,2.5470639424525925,145.93601405248594,28.258734054758712
1723528484.6936367,271.1721577644348,1723528484.7364404,-0.04280376434326172,-49.445484828691434,-43.85662142150259,0.0,1.546658151595506,-75.023827,-56.321448,1.059953,-0.9818376021999999,25.578342171308563,12.464826578497409,-1.059953,2.528495753795506,144.8721352092322,28.47361919789556
1723528484.803638,271.2821590900421,1723528484.8223038,-0.018665790557861328,-49.37303298306733,-43.564160882088004,0.0,1.5437463898760926,-74.932561,-56.532112,1.084682,-0.973530591,25.559528016932674,12.967951117911994,-1.084682,2.5172769808760926,144.22934686963416,28.681592767593038
1723528484.9046373,271.3831584453583,1723528484.9252021,-0.020564794540405273,-49.30689803152875,-43.267236978475204,0.0,1.5397516982873058,-74.837616,-56.718902,1.0672709999999999,-0.9651263918999999,25.530717968471244,13.451665021524796,-1.0672709999999999,2.504878090187306,143.5189427625226,28.87739460589156
1723528485.0036385,271.482159614563,1723528485.0325043,-0.028865814208984375,-49.22443338663289,-42.984686066160805,0.0,1.5369335790656058,-74.752937,-56.916855,1.071489,-0.9561759781,25.528503613367114,13.932168933839193,-1.071489,2.4931095571656057,142.84465548931885,29.10254141163367
1723528485.1036377,271.5821588039398,1723528485.1305082,-0.0268704891204834,-49.15608827767215,-42.70618086162756,0.0,1.532871024289415,-74.660078,-57.117722,1.0656219999999998,-0.9459995076,25.50398972232785,14.411541138372442,-1.0656219999999998,2.478870531889415,142.02881943661302,29.313504737347426
1723528485.1936388,271.672159910202,1723528485.2342243,-0.04058551788330078,-49.085203473950116,-42.432679905735164,0.0,1.5292797921432524,-74.573995,-57.312405999999996,1.069612,-0.9333771613999999,25.48879152604988,14.879726094264832,-1.069612,2.4626569535432523,141.0998498265732,29.533520141177245
1723528485.3036377,271.78215885162354,1723528485.3324673,-0.028829574584960938,-49.01418507640421,-42.155659322943826,0.0,1.5264513728883502,-74.4939,-57.497752999999996,1.0614359999999998,-0.9221718533,25.479714923595786,15.34209367705617,-1.0614359999999998,2.4486232261883503,140.2957764783,29.761087973482635
1723528485.393639,271.8721601963043,1723528485.413883,-0.02024388313293457,-48.94277441185243,-41.889099425009896,0.0,1.5221256023531788,-74.388908,-57.679531,1.0800669999999999,-0.9102175351999999,25.446133588147568,15.790431574990102,-1.0800669999999999,2.432343137553179,139.3629961094058,29.96681478960994
1723528485.493638,271.9721591472626,1723528485.5248528,-0.03121471405029297,-48.86803976219618,-41.620412791031036,0.0,1.518541516847531,-74.293177,-57.863457,1.080014,-0.8942469619,25.425137237803817,16.24304420896896,-1.080014,2.412788478747531,138.24259669002384,30.190073185997317
1723528485.593639,272.07216000556946,1723528485.6331408,-0.03950190544128418,-48.78180740013151,-41.34285336370294,0.0,1.5151842868127012,-74.199861,-58.04264,1.073323,-0.8794987843,25.418053599868486,16.699786636297056,-1.073323,2.394683071112701,137.20523324618415,30.43209399246069
1723528485.6936376,272.17215871810913,1723528485.7374585,-0.043820858001708984,-48.69881070826502,-41.08009645274669,0.0,1.5101243042125905,-74.09807500000001,-58.219643,1.0673009999999998,-0.8641191417999999,25.399264291734987,17.13954654725331,-1.0673009999999998,2.3742434460125903,136.03412899311814,30.659840407795144
1723528485.7936385,272.272159576416,1723528485.8388612,-0.04522275924682617,-48.6113444497411,-40.79839952611626,0.0,1.5032144179920426,-73.995707,-58.397357,1.069618,-0.8493612264,25.3843625502589,17.598957473883736,-1.069618,2.3525756443920427,134.79265540893405,30.906847929164158
1723528485.9036372,272.38215827941895,1723528485.920447,-0.016809940338134766,-48.53119020513141,-40.50871131954141,0.0,1.4980310110521105,-73.889315,-58.576827,1.069883,-0.8348157612,25.358124794868587,18.06811568045859,-1.069883,2.3328467722521102,133.66227430076268,31.155030845567328
1723528485.9936385,272.47215962409973,1723528486.0214481,-0.027809619903564453,-48.437157458460455,-40.21512229834985,0.0,1.492301068887441,-73.776877,-58.750929,1.0760109999999998,-0.8210958200999999,25.339719541539544,18.535806701650152,-1.0760109999999998,2.313396888987441,132.547878077675,31.413935063868404
1723528486.0936377,272.57215881347656,1723528486.103425,-0.009787321090698242,-48.34257997374731,-39.95121819860252,0.0,1.4860953598267237,-73.671989,-58.923587,1.072137,-0.8052154075,25.329409026252684,18.97236880139748,-1.072137,2.2913107673267237,131.28243652070344,31.665110410390493
1723528486.2036388,272.6821599006653,1723528486.2260964,-0.022457599639892578,-48.249878174890405,-39.665542703957385,0.0,1.481719279518538,-73.560912,-59.098328,1.064871,-0.7890567102,25.311033825109597,19.432785296042617,-1.064871,2.2707759897185382,130.10588043051465,31.928287268573822
1723528486.2936378,272.7721588611603,1723528486.3129478,-0.01930999755859375,-48.157049645847074,-39.40623047076389,0.0,1.4740368374394086,-73.442722,-59.251146,1.060098,-0.7754390636999999,25.28567235415293,19.84491552923611,-1.060098,2.2494759011394088,128.88547525167573,32.160685728598736
1723528486.433638,272.91215920448303,1723528486.3936822,0.039955854415893555,-48.07450302484103,-39.12435256147907,0.0,1.46892106923483,-73.33062,-59.417116,1.0630499999999998,-0.7589132290999999,25.256116975158967,20.29276343852093,-1.0630499999999998,2.22783429833483,127.64550274907488,32.41601098126024
1723528486.493638,272.9721591472626,1723528486.4828002,0.010837793350219727,-47.980376018169686,-38.840308568263936,0.0,1.4634765663742566,-73.21474500000001,-59.579107,1.065902,-0.7430653825999999,25.234368981830322,20.738798431736065,-1.065902,2.2065419489742566,126.42554099479595,32.68038074100335
1723528486.6336377,273.1121587753296,1723528486.687372,-0.05373430252075195,-47.8808768024234,-38.566988047529314,0.0,1.4574399175468695,-72.962925,-59.900777,1.060657,-0.7092073992,25.082048197576597,21.333788952470684,-1.060657,2.1666473167468694,124.13974694294006,32.94487344224841
1723528486.7336361,273.2121572494507,1723528486.687372,0.0462641716003418,-47.78451603205364,-38.27243352034724,0.0,1.4503359499518513,-72.962925,-59.900777,1.060657,-0.7092073992,25.17840896794636,21.628343479652756,-1.060657,2.159543349151851,123.73271958194782,33.209373873992995
1723528486.8036363,273.28215742111206,1723528486.8028998,0.0007364749908447266,-47.68217534520302,-37.98569434867305,0.0,1.4447962704060628,-72.84075200000001,-60.058481,1.064806,-0.6930779785,25.15857665479699,22.07278665132695,-1.064806,2.137874248906063,122.49117159201826,33.485753712107616
1723528486.9336362,273.4121572971344,1723528486.9063647,0.027271509170532227,-47.57380451471024,-37.70908713780357,0.0,1.438503145411012,-72.706318,-60.218795,1.063326,-0.6753038149999999,25.132513485289756,22.50970786219643,-1.063326,2.113806960411012,121.11221753692807,33.75590088135666
1723528487.0036361,273.4821572303772,1723528486.9798632,0.0237729549407959,-47.47581086463061,-37.44450237907544,0.0,1.4327457644172226,-72.57377,-60.365359,1.060782,-0.6590411549999999,25.097959135369386,22.92085662092456,-1.060782,2.0917869194172223,119.85056212327886,34.005859486993955
1723528487.1036353,273.582156419754,1723528487.08466,0.018975257873535156,-47.366904267649495,-37.18478274231409,0.0,1.4251549084016057,-72.444897,-60.516505,1.059904,-0.6425973396999999,25.077992732350502,23.33172225768591,-1.059904,2.0677522481016055,118.47347689490988,34.269496341248384
1723528487.2036362,273.6821572780609,1723528487.166554,0.03708219528198242,-47.24803868608519,-36.91526873489095,0.0,1.4191897773236608,-72.308064,-60.670051,1.062014,-0.6261112769,25.060025313914814,23.75478226510905,-1.062014,2.045301054223661,117.18711824067371,34.5459465485169
1723528487.333636,273.81215715408325,1723528487.37308,-0.0394439697265625,-47.13973215131811,-36.64419494081972,0.0,1.4132381526083329,-72.04864500000001,-60.945418,1.0606559999999998,-0.5941539358,24.9089128486819,24.301223059180273,-1.0606559999999998,2.007392088408333,115.0150944937497,34.81563402590281
1723528487.433635,273.9121561050415,1723528487.4736624,-0.04002737998962402,-47.035291108587366,-36.35992104217089,0.0,1.4077917753464622,-71.917582,-61.080857,1.0589849999999998,-0.5767705109,24.88229089141263,24.720935957829113,-1.0589849999999998,1.984562286246462,113.70704318275585,35.090946465807804
1723528487.5336363,274.01215744018555,1723528487.57203,-0.03839373588562012,-46.92104030978963,-36.08552439971389,0.0,1.3999906272060445,-71.771566,-61.219538,1.051293,-0.5602826008999999,24.850525690210375,25.13401360028611,-1.051293,1.9602732281060444,112.31538266296205,35.36060638211712
1723528487.6336353,274.1121563911438,1723528487.6539342,-0.02029895782470703,-46.805936716961874,-35.79744408395064,0.0,1.394613381957159,-71.622046,-61.343545999999996,1.044803,-0.5446765545,24.816109283038124,25.54610191604936,-1.044803,1.939289936457159,111.11312861118881,35.63052366106455
1723528487.7336361,274.2121572494507,1723528487.7344787,-0.0008425712585449219,-46.675835915764516,-35.50788979214829,0.0,1.3887120374398252,-71.467644,-61.453458,1.045578,-0.5293281997,24.79180808423549,25.945568207851707,-1.045578,1.918040237139825,109.89561052438356,35.90124637206811
1723528487.8336356,274.3121566772461,1723528487.8358555,-0.0022199153900146484,-46.5350687320621,-35.234509394600856,0.0,1.3837668381640018,-71.31551,-61.569883,1.045264,-0.5125041483,24.780441267937903,26.33537360539914,-1.045264,1.896270986464002,108.64832433749658,36.17616272076641
1723528487.9336364,274.412157535553,1723528487.961314,-0.027677536010742188,-46.41254419202986,-34.96492299756547,0.0,1.378909784015529,-71.172022,-61.67798,1.042255,-0.49582473390000004,24.759477807970136,26.713057002434525,-1.042255,1.8747345179155293,107.41437558405285,36.43769272640224
1723528488.0336356,274.5121567249298,1723528488.0487661,-0.01513051986694336,-46.29909558749153,-34.688589017802244,0.0,1.3739957963376168,-71.020456,-61.785864,1.0471519999999999,-0.48057353259999996,24.721360412508467,27.097274982197753,-1.0471519999999999,1.8545693289376168,106.25899536253473,36.694747572603426
1723528488.1336367,274.6121578216553,1723528488.131752,0.0018846988677978516,-46.17608115448458,-34.41337629702298,0.0,1.3703779648298013,-70.861874,-61.902425,1.046336,-0.4637921884000001,24.685792845515422,27.489048702977023,-1.046336,1.8341701532298014,105.09020868893111,36.96120920683249
1723528488.2336357,274.7121567726135,1723528488.2132788,0.02035689353942871,-46.054644122911924,-34.13412065797651,0.0,1.3663506319840586,-70.71780100000001,-62.01535,1.045714,-0.4471817846,24.663156877088085,27.881229342023488,-1.045714,1.8135324165840587,103.90775348042759,37.2387939457787
1723528488.3336365,274.8121576309204,1723528488.3351154,-0.0014789104461669922,-45.92939815680682,-33.8493189200577,0.0,1.3614215895382618,-70.561756,-62.122912,1.0543989999999999,-0.4332894014,24.632357843193184,28.2735930799423,-1.0543989999999999,1.7947109909382617,102.82936522650412,37.513475922879806
1723528488.4336352,274.9121563434601,1723528488.4202318,0.01340341567993164,-45.803085326559646,-33.56871061838235,0.0,1.3566117872029286,-70.421355,-62.230481,1.060203,-0.41768964960000005,24.61826967344036,28.66177038161765,-1.060203,1.7743014368029286,101.65998391280577,37.79788768600723
1723528488.5336359,275.0121569633484,1723528488.525007,0.00862884521484375,-45.677363281897826,-33.289511558502944,0.0,1.3536098401954886,-70.285698,-62.334351999999996,1.0288819999999999,-0.40042108590000003,24.60833471810217,29.04484044149705,-1.0288819999999999,1.7540309260954885,100.4985692006947,38.081905047411944
1723528488.633635,275.1121561527252,1723528488.6336262,8.821487426757812e-06,-45.54060631565853,-33.018546143041114,0.0,1.350258958678932,-70.144374,-62.422034,1.0341239999999998,-0.38892787630000003,24.60376768434147,29.403487856958883,-1.0341239999999998,1.739186834978932,99.64806542900837,38.353355718460286
1723528488.7336357,275.2121567726135,1723528488.7149103,0.01872539520263672,-45.40734735571662,-32.73419886034844,0.0,1.3471679370563383,-69.986197,-62.505689,1.059251,-0.3716272734,24.578849644283387,29.771490139651554,-1.059251,1.7187952104563382,98.47971140644829,38.62102390735725
1723528488.8336344,275.3121554851532,1723528488.8227162,0.010918140411376953,-45.273533048125486,-32.44042807847281,0.0,1.3435260702592142,-69.792694,-62.570422,1.0616729999999999,-0.3562370247,24.51916095187451,30.129993921527188,-1.0616729999999999,1.6997630949592142,97.38925151325755,38.86042893553958
1723528488.9336355,275.41215658187866,1723528488.9238052,0.009830236434936523,-45.136819285525355,-32.15311713914635,0.0,1.3414642333662812,-69.619079,-62.661145,1.058204,-0.3475521869,24.482259714474644,30.508027860853645,-1.058204,1.6890164202662812,96.77351240955244,39.13106950226669
1723528489.0336344,275.5121555328369,1723528489.0198321,0.013802289962768555,-45.00086925003198,-31.87369980731924,0.0,1.3394304346019439,-69.474928,-62.765647,1.053262,-0.3324580944,24.474058749968023,30.89194719268076,-1.053262,1.6718885290019438,95.79215652814692,39.4258964881321
1723528489.1336355,275.6121566295624,1723528489.1437905,-0.010154962539672852,-44.86606909737084,-31.597447152617274,0.0,1.336729999248929,-69.32430000000001,-62.84619,1.0511359999999998,-0.3156308786,24.458230902629168,31.248742847382726,-1.0511359999999998,1.652360877848929,94.67330453327538,39.69627029481074
1723528489.2336345,275.71215558052063,1723528489.2257087,0.007925748825073242,-44.71804853985437,-31.30121965329628,0.0,1.3353457701162634,-69.17138200000001,-62.939776,1.0647659999999999,-0.3047392045,24.453333460145636,31.638556346703723,-1.0647659999999999,1.6400849746162636,93.96994708833266,40.001218627079105
1723528489.3336358,275.8121569156647,1723528489.333216,0.00041985511779785156,-44.5783238128913,-31.01828298040438,0.0,1.3325451143368294,-69.009891,-63.020404,1.0709579999999999,-0.288551388,24.431567187108698,32.00212101959562,-1.0709579999999999,1.6210965023368296,92.88198776731993,40.27634760015876
1723528489.433635,275.9121561050415,1723528489.4155293,0.018105745315551758,-44.43603330744675,-30.734568198757454,0.0,1.3294163613017522,-68.842738,-63.096744,1.0708369999999998,-0.27295784759999997,24.406704692553248,32.36217580124254,-1.0708369999999998,1.602374208901752,91.80927937068451,40.548049871980254
1723528489.5336359,276.0121569633484,1723528489.5312095,0.0024263858795166016,-44.303648160626466,-30.452400295697327,0.0,1.326666729328702,-68.680345,-63.165293999999996,1.06001,-0.2568524206,24.376696839373537,32.71289370430267,-1.06001,1.583519149928702,90.72896406905846,40.81029753025367
1723528489.6336355,276.1121566295624,1723528489.6329625,0.0006730556488037109,-44.16524830095406,-30.158049755978634,0.0,1.3247936427917175,-68.506091,-63.253862999999996,1.124023,-0.2356101649,24.340842699045936,33.09581324402136,-1.124023,1.5604038076917175,89.40455251687875,41.09833214727048
1723528489.7336366,276.21215772628784,1723528489.7372391,-0.0036025047302246094,-44.028709897513544,-29.862275435232384,0.0,1.3215687930063345,-68.342004,-63.341041,1.0895819999999998,-0.22215411,24.31329410248646,33.47876556476761,-1.0895819999999998,1.5437229030063344,88.4488070799463,41.39023076511408
1723528489.833636,276.31215715408325,1723528489.8442705,-0.010634422302246094,-43.876066609846454,-29.581578800881026,0.0,1.3203589059590912,-68.188872,-63.401441999999996,0.999939,-0.21101258369999998,24.31280539015355,33.81986319911897,-0.999939,1.531371489659091,87.7411232241277,41.6640796220236
1723528489.933635,276.4121561050415,1723528489.94479,-0.011154890060424805,-43.73058013806533,-29.30588366493186,0.0,1.31815824594063,-68.02225800000001,-63.442463,0.994635,-0.1896043113,24.29167786193468,34.136579335068134,-0.994635,1.5077625572406301,86.3884310377403,41.90919900010776
1723528490.033634,276.51215505599976,1723528490.025848,0.0077860355377197266,-43.579257837453476,-29.03319404280484,0.0,1.3151868550227501,-67.829555,-63.495566,1.0476999999999999,-0.1713009768,24.250297162546524,34.46237195719516,-1.0476999999999999,1.4864878318227501,85.16947906099608,42.15245744530066
1723528490.1336353,276.6121563911438,1723528490.132815,0.0008203983306884766,-43.43357705304331,-28.742257733769584,0.0,1.3136402425900773,-67.637815,-63.549453,1.096773,-0.1558381884,24.204237946956695,34.807195266230416,-1.096773,1.4694784309900772,84.19491218123763,42.40977349512634
1723528490.2336345,276.71215558052063,1723528490.2583733,-0.024738788604736328,-43.29201405654258,-28.46796220087957,0.0,1.3102980064336567,-67.44540500000001,-63.609697,1.089392,-0.1388744538,24.15339094345743,35.14173479912043,-1.089392,1.4491724602336566,83.03146575797865,42.65576858631042
1723528490.3336358,276.8121569156647,1723528490.3712528,-0.03761696815490723,-43.149371817126664,-28.180860698945555,0.0,1.3089767264798216,-67.255616,-63.681208,1.079524,-0.1229726201,24.10624418287334,35.50034730105445,-1.079524,1.4319493465798216,82.04465403553976,42.92494658315109
1723528490.4336348,276.9121558666229,1723528490.4739358,-0.04030108451843262,-42.99889121259213,-27.896671148492253,0.0,1.3062532667505078,-67.060122,-63.749649,1.064862,-0.1087569392,24.06123078740788,35.852977851507745,-1.064862,1.4150102059505079,81.0741127689015,43.19158226905624
1723528490.5336363,277.01215744018555,1723528490.576523,-0.04288673400878906,-42.84180711950898,-27.617541084091464,0.0,1.3036308276537039,-66.857944,-63.815001,1.051785,-0.09206680639999999,24.016136880491025,36.19745991590854,-1.051785,1.395697634053704,79.96758390767168,43.45270056869322
1723528490.6336358,277.11215686798096,1723528490.6815302,-0.04789447784423828,-42.68865234306179,-27.31879086762494,0.0,1.3015473528669368,-66.654105,-63.860355,1.0534729999999999,-0.07437698329999999,23.96545265693821,36.54156413237506,-1.0534729999999999,1.3759243361669369,78.83465739170498,43.71199647298388
1723528490.733637,277.212158203125,1723528490.6815302,0.05210685729980469,-42.540104948978254,-27.035174107243613,0.0,1.2992430827175143,-66.654105,-63.860355,1.0534729999999999,-0.07437698329999999,24.114000051021748,36.825180892756386,-1.0534729999999999,1.3736200660175144,78.70263243728509,44.03054339440562
1723528490.8636365,277.3421576023102,1723528490.9217443,-0.058107852935791016,-42.38576213254574,-26.75313918875414,0.0,1.2988041262389238,-66.24275,-63.953233,1.050269,-0.03881796590000001,23.856987867454258,37.20009381124586,-1.050269,1.337622092138924,76.64010046301968,44.205270213467905
1723528490.9636378,277.4421589374542,1723528490.9217443,0.04189348220825195,-42.219787729617416,-26.45954609955382,0.0,1.2976004026787518,-66.24275,-63.953233,1.050269,-0.03881796590000001,24.022962270382585,37.49368690044618,-1.050269,1.3364183685787518,76.57113218332135,44.541916647190604
1723528491.0636373,277.54215836524963,1723528491.022438,0.0411992073059082,-42.06326647526374,-26.174006608216523,0.0,1.2963983852373417,-66.02899000000001,-63.987958,1.0619189999999998,-0.0208883676,23.96572352473627,37.813951391783476,-1.0619189999999998,1.3172867528373418,75.47497134607251,44.78145258795009
1723528491.1636388,277.64215993881226,1723528491.123365,0.04027390480041504,-41.905589516486366,-25.884519063608057,0.0,1.2976442702945505,-65.812211,-64.02857,1.0721399999999999,-0.0033428871,23.90662148351364,38.14405093639195,-1.0721399999999999,1.3009871573945506,74.5410733194299,45.02937548727119
1723528491.2636383,277.74215936660767,1723528491.224499,0.0391392707824707,-41.75835264336617,-25.609019519301704,0.0,1.2983224193971834,-65.609868,-64.062116,1.059439,0.01373488,23.851515356633833,38.4530964806983,-1.059439,1.2845875393971835,73.60144442255398,45.26210141781259
1723528491.3636396,277.8421607017517,1723528491.3640554,-0.000415802001953125,-41.60039481933552,-25.304899825732356,0.0,1.2984529455434715,-65.406098,-64.093283,1.054439,0.0333904846,23.80570318066448,38.78838317426764,-1.054439,1.2650624609434715,72.48273983249446,45.5232030376206
1723528491.4636385,277.94215965270996,1723528491.464741,-0.001102447509765625,-41.45520315613703,-25.015698816519926,0.0,1.2997615428384925,-65.177374,-64.132948,1.0371709999999998,0.051700683899999995,23.72217084386297,39.11724918348007,-1.0371709999999998,1.2480608589384925,71.508619792648,45.75998576170162
1723528491.5636399,278.042160987854,1723528491.592192,-0.02855205535888672,-41.2990111241582,-24.723622034872278,0.0,1.3011795841138376,-64.956277,-64.153439,1.029556,0.07232816430000001,23.6572658758418,39.42981696512773,-1.029556,1.2288514198138376,70.4080000039918,45.993876550915765
1723528491.6636388,278.14215993881226,1723528491.673035,-0.009396076202392578,-41.14090916352487,-24.418533238608642,0.0,1.3017542087556224,-64.706815,-64.177667,1.0066169999999999,0.09008530699999999,23.56590583647514,39.759133761391354,-1.0066169999999999,1.2116689017556224,69.42351423784875,46.22936202387517
1723528491.7636402,278.2421612739563,1723528491.7816486,-0.01800847053527832,-40.98126507398927,-24.125903300309915,0.0,1.3040337443727354,-64.462841,-64.18849900000001,1.033258,0.10940496790000001,23.481575926010727,40.06259569969009,-1.033258,1.1946287764727355,68.44718697676515,46.44850486571551
1723528491.8636389,278.342159986496,1723528491.9143703,-0.05073142051696777,-40.817008545345175,-23.823853401380642,0.0,1.3060619046209503,-64.227467,-64.19434600000001,1.0093509999999999,0.12856124000000002,23.41045845465483,40.370492598619364,-1.0093509999999999,1.1775006646209503,67.46581845662986,46.67810008080343
1723528491.96364,278.44216108322144,1723528491.9143703,0.049269676208496094,-40.667219366051285,-23.522591018089827,0.0,1.3078855549482675,-64.227467,-64.19434600000001,1.0093509999999999,0.12856124000000002,23.56024763394872,40.67175498191018,-1.0093509999999999,1.1793243149482675,67.57030592369279,47.01378214229018
1723528492.063639,278.5421600341797,1723528492.029945,0.03369402885437012,-40.51290561826039,-23.241549136731056,0.0,1.3099356790118062,-63.984638000000004,-64.20219900000001,1.0050919999999999,0.1474806489,23.471732381739614,40.960649863268955,-1.0050919999999999,1.1624550301118062,66.60376709915951,47.21977623993768
1723528492.1636405,278.6421616077423,1723528492.15167,0.01197052001953125,-40.366089911519474,-22.952200219504107,0.0,1.3132522333099121,-63.75184,-64.208025,1.0104769999999998,0.1633816575,23.385750088480528,41.2558247804959,-1.0104769999999998,1.1498705758099121,65.88273098018574,47.433716376511924
1723528492.2636395,278.74216055870056,1723528492.2526302,0.01100921630859375,-40.22180450786572,-22.659797992717404,0.0,1.3160472250111193,-63.502055000000006,-64.201801,1.0104259999999998,0.1824537302,23.280250492134286,41.5420030072826,-1.0104259999999998,1.1335934948111193,64.95012293616232,47.63117715882184
1723528492.3636408,278.8421618938446,1723528492.3733554,-0.009714603424072266,-40.0807293041264,-22.36342714186128,0.0,1.3191952703405345,-63.251893,-64.20274900000001,1.02619,0.1993236355,23.171163695873602,41.83932185813873,-1.02619,1.1198716348405344,64.1639182727783,47.83810977124824
1723528492.46364,278.94216108322144,1723528492.4828792,-0.019239187240600586,-39.93965469474639,-22.07514818987173,0.0,1.3216892918991103,-63.007558,-64.209117,1.015831,0.2151479321,23.067903305253616,42.13396881012828,-1.015831,1.1065413597991103,63.400149773156116,48.046138275765244
1723528492.563641,279.0421621799469,1723528492.6043448,-0.040703773498535156,-39.79380534408169,-21.78830650595563,0.0,1.3256857170396612,-62.766956,-64.182907,0.98575,0.23532640140000002,22.97315065591831,42.39460049404437,-0.98575,1.0903593156396612,62.47298693892536,48.22903176688961
1723528492.6636403,279.14216136932373,1723528492.7132976,-0.049657344818115234,-39.64903025045555,-21.497512315954133,0.0,1.3297755472121515,-62.506532,-64.160492,0.979442,0.2537043992,22.857501749544447,42.66297968404587,-0.979442,1.0760711480121516,61.654335236893616,48.41027296331949
1723528492.7636414,279.2421624660492,1723528492.8138216,-0.05018019676208496,-39.507317003192306,-21.204427275192312,0.0,1.3322676818275332,-62.253672,-64.15066700000001,0.9932840000000001,0.2712278602,22.746354996807696,42.9462397248077,-0.9932840000000001,1.0610398216275332,60.79310367457134,48.60825840581109
1723528492.8636405,279.342161655426,1723528492.8138216,0.049818992614746094,-39.36482733015717,-20.915077363990743,0.0,1.3340205486782544,-62.253672,-64.15066700000001,0.9932840000000001,0.2712278602,22.888844669842833,43.235589636009266,-0.9932840000000001,1.0627926884782544,60.89353554716605,48.93058383667868
1723528492.9636414,279.4421625137329,1723528492.917351,0.04629039764404297,-39.21991060619027,-20.61297435924587,0.0,1.3374949054200727,-62.00271,-64.135795,0.997587,0.2907382054,22.782799393809732,43.522820640754134,-0.997587,1.0467567000200726,59.974741088191735,49.135395028109826
1723528493.0636404,279.54216146469116,1723528493.065045,-0.0014047622680664062,-39.07977161315534,-20.306418059045015,0.0,1.3390514000793186,-61.754784,-64.108141,0.9431930000000001,0.3105489334,22.675012386844664,43.80172294095499,-0.9431930000000001,1.0285024666793185,58.92885055951953,49.331903798404035
1723528493.1636415,279.6421625614166,1723528493.202618,-0.038976430892944336,-38.948263405618285,-20.008514531556106,0.0,1.342502476897903,-61.502229,-64.068852,0.983935,0.3302274354,22.553965594381715,44.060337468443905,-0.983935,1.0122750414979031,57.99908758426012,49.50719977892045
1723528493.2636404,279.7421615123749,1723528493.302479,-0.03883862495422363,-38.80077131512322,-19.69319681255381,0.0,1.3459796704562246,-61.245751000000006,-64.03657600000001,0.978435,0.35042658720000003,22.444979684876785,44.3433791874462,-0.978435,0.9955530832562245,57.04098995181793,49.70985541988021
1723528493.3636413,279.84216237068176,1723528493.302479,0.06116223335266113,-38.65401587294416,-19.381949789437382,0.0,1.347398405187641,-61.245751000000006,-64.03657600000001,0.978435,0.35042658720000003,22.59173512705585,44.654626210562625,-0.978435,0.996971817987641,57.12227746417672,50.05376582341573
1723528493.4636402,279.94216132164,1723528493.4320872,0.031553030014038086,-38.527674065076006,-19.09177169004658,0.0,1.3493564505491733,-60.973048000000006,-63.999546,0.9457920000000001,0.36864153769999997,22.445373934924,44.907774309953425,-0.9457920000000001,0.9807149128491733,56.19082541179798,50.21351936540141
1723528493.5636413,280.0421624183655,1723528493.5555065,0.008134841918945312,-38.397687177797785,-18.802751719066833,0.0,1.3527435223139763,-60.716041000000004,-63.94276,0.967541,0.38491712809999995,22.31835382220222,45.140008280933166,-0.967541,0.9678263942139764,55.452367689825486,50.365319422420065
1723528493.6636398,280.1421608924866,1723528493.6891406,-0.025500774383544922,-38.258008609733565,-18.50252825603113,0.0,1.3558340040998962,-60.453928000000005,-63.894824,0.942543,0.4054714198,22.19591939026644,45.39229574396887,-0.942543,0.9503625842998962,54.451765087529964,50.53719162947214
1723528493.763641,280.2421622276306,1723528493.8146803,-0.05103921890258789,-38.128869872772725,-18.21377281569713,0.0,1.3574397499235016,-60.194922000000005,-63.855019,0.9316380000000001,0.422233639,22.06605212722728,45.64124618430287,-0.9316380000000001,0.9352061109235016,53.583363130760155,50.70406255026018
1723528493.8636403,280.34216141700745,1723528493.8146803,0.048959970474243164,-38.002171864672356,-17.908108554407217,0.0,1.3592464512678415,-60.194922000000005,-63.855019,0.9316380000000001,0.422233639,22.19275013532765,45.94691044559278,-0.9316380000000001,0.9370128122678415,53.68687949263145,51.034348114063846
1723528493.9636414,280.4421625137329,1723528493.936966,0.02667546272277832,-37.86893382271066,-17.605913187451275,0.0,1.3599645173806802,-59.945974,-63.776692,0.944063,0.4378147817,22.07704017728934,46.17077881254872,-0.944063,0.9221497356806803,52.8352879336074,51.186206873482185
1723528494.0636406,280.54216170310974,1723528494.0409799,0.02266073226928711,-37.746137715505135,-17.313001191676424,0.0,1.3581106188192338,-59.681314,-63.703855,0.948702,0.45716369679999996,21.935176284494865,46.39085380832357,-0.948702,0.9009469220192339,51.620456197004195,51.324100685564076
1723528494.163642,280.6421630382538,1723528494.2039232,-0.04028129577636719,-37.60944879322687,-17.024407885261684,0.0,1.3580017357367566,-59.433787,-63.621339,0.94976,0.4769383134,21.824338206773135,46.59693111473831,-0.94976,0.8810634223367566,50.481215583248535,51.46336339118233
1723528494.263641,280.7421622276306,1723528494.2039232,0.05971789360046387,-37.47142428852039,-16.728942772097643,0.0,1.355430017468645,-59.433787,-63.621339,0.94976,0.4769383134,21.962362711479614,46.89239622790235,-0.94976,0.8784917040686451,50.333866980389054,51.789422123854415
1723528494.3636422,280.8421633243561,1723528494.3248188,0.03882336616516113,-37.341684479177076,-16.437622756439783,0.0,1.354898690097695,-59.199186000000005,-63.53976,0.943376,0.495319949,21.85750152082293,47.10213724356022,-0.943376,0.8595787410976949,49.2502340240664,51.9350716175624
1723528494.4636412,280.94216227531433,1723528494.4526591,0.010982036590576172,-37.203939569593004,-16.1339736312282,0.0,1.3509017595635455,-58.966018000000005,-63.46234,0.933662,0.5134892767,21.762078430407,47.328366368771796,-0.933662,0.8374124828635455,47.98020097965254,52.100230762234816
1723528494.563642,281.0421631336212,1723528494.553281,0.010360956192016602,-37.06756754825715,-15.854443698519953,0.0,1.349846667025825,-58.727061,-63.386146,0.924158,0.5310325077,21.659493451742847,47.531702301480045,-0.924158,0.8188141593258249,46.91459553492233,52.24222859212247
1723528494.6636407,281.1421618461609,1723528494.6853194,-0.021678686141967773,-36.93444334572081,-15.570412549227987,0.0,1.3479233641616268,-58.486199,-63.291117,0.909837,0.5508535114,21.55175565427919,47.72070445077201,-0.909837,0.7970698527616268,45.66873854035516,52.369567579141375
1723528494.7936418,281.2721629142761,1723528494.793912,-0.0002701282501220703,-36.818582042241275,-15.288938371524898,0.0,1.3465917941817702,-58.244355,-63.201328,0.91725,0.5689756078,21.425772957758724,47.9123896284751,-0.91725,0.7776161863817702,44.55412556073384,52.492877367417506
1723528494.8636405,281.342161655426,1723528494.9147463,-0.05110573768615723,-36.68189107919185,-15.013513843594929,0.0,1.3424240518445336,-58.009109,-63.101293999999996,0.926559,0.5862483579000001,21.327217920808152,48.08778015640507,-0.926559,0.7561756939445335,43.325675833398016,52.613147940347254
1723528495.0036416,281.4821627140045,1723528495.032691,-0.029049396514892578,-36.55029444467206,-14.737648621964508,0.0,1.337895088563929,-57.782166000000004,-62.994295,0.897642,0.6067832404,21.231871555327942,48.25664637803549,-0.897642,0.7311118481639289,41.8896232518026,52.72856958572718
1723528495.1036406,281.58216166496277,1723528495.1332972,-0.029656648635864258,-36.42824262960775,-14.476264893924464,0.0,1.3314103872450478,-57.547309000000006,-62.902256,0.9027120000000001,0.6234764136000001,21.119066370392254,48.425991106075536,-0.9027120000000001,0.7079339736450477,40.561628863786886,52.83849418669767
1723528495.193642,281.67216300964355,1723528495.1332972,0.060344696044921875,-36.2827020875927,-14.202622102386119,0.0,1.3227026179185284,-57.547309000000006,-62.902256,0.9027120000000001,0.6234764136000001,21.264606912407302,48.69963389761388,-0.9027120000000001,0.6992262043185283,40.06271043240385,53.147462195816715
1723528495.2636409,281.74216198921204,1723528495.2573214,0.006319522857666016,-36.14769373567688,-13.945740846975442,0.0,1.3146966295371367,-57.316874000000006,-62.796197,0.894981,0.6404094994,21.169180264323124,48.85045615302456,-0.894981,0.6742871301371367,38.63380673684643,53.24755628582727
1723528495.4046419,281.8831629753113,1723528495.3962126,0.008429288864135742,-36.016167878418806,-13.686799014984553,0.0,1.3053448842368398,-57.104007,-62.680678,0.893891,0.6575363093000001,21.087839121581197,48.99387898501545,-0.893891,0.6478085749368397,37.116697276265235,53.34694159870752
1723528495.4936407,281.97216176986694,1723528495.5188863,-0.02524566650390625,-35.87089394153373,-13.447257429888785,0.0,1.2935655945330593,-56.890289,-62.567707999999996,0.880725,0.6747819713000001,21.019395058466273,49.12045057011121,-0.880725,0.6187836232330592,35.45369004306757,53.436030067364094
1723528495.5936415,282.0721626281738,1723528495.6221611,-0.028519630432128906,-35.71936056209136,-13.210949589533726,0.0,1.2802376517178846,-56.676970000000004,-62.458588999999996,0.883897,0.6922455632000001,20.957609437908644,49.24763941046627,-0.883897,0.5879920885178846,33.689465059157506,53.52880210467853
1723528495.693641,282.17216205596924,1723528495.7433531,-0.049712181091308594,-35.56657315225083,-12.972021600079504,0.0,1.26726232791515,-56.487583,-62.349042,0.881294,0.7067778922,20.92100984774917,49.3770203999205,-0.881294,0.56048443571515,32.1133926492496,53.63352939848559
1723528495.803642,282.28216314315796,1723528495.7433531,0.06028890609741211,-35.43194332284414,-12.73296511142682,0.0,1.253398872304273,-56.487583,-62.349042,0.881294,0.7067778922,21.05563967715586,49.616076888573176,-0.881294,0.5466209801042731,31.31907515327939,53.90613812119601
1723528495.9036415,282.38216257095337,1723528495.889637,0.01400446891784668,-35.283072272890024,-12.503799975180518,0.0,1.2377336292340788,-56.309327,-62.23917,0.886846,0.7216643778,21.02625472710998,49.73537002481948,-0.886846,0.5160692514340788,29.56859004364842,54.00460087050679
1723528495.9936423,282.472163438797,1723528496.011651,-0.018008708953857422,-35.134681138769416,-12.272924590309955,0.0,1.2221935345309127,-56.136651,-62.134557,0.89203,0.7356939614,21.001969861230585,49.861632409690046,-0.89203,0.48649957313091274,27.874372275317445,54.11155922843095
1723528496.1036413,282.5821623802185,1723528496.094071,0.00957036018371582,-34.96140399587366,-12.039733309300134,0.0,1.2044858599193864,-55.975421000000004,-62.021346,0.878231,0.7481887391,21.014017004126345,49.98161269069987,-0.878231,0.45629712081938634,26.143899226921846,54.22657842333593
1723528496.2036424,282.68216347694397,1723528496.2111764,-0.007534027099609375,-34.797605816807746,-11.822774158297774,0.0,1.186465430225912,-55.82287,-61.926639,0.8746130000000001,0.7618799559,21.025264183192256,50.103864841702226,-0.8746130000000001,0.4245854743259121,24.326955721434935,54.343573253406525
1723528496.3036413,282.7821624279022,1723528496.3127348,-0.009093523025512695,-34.61711195045004,-11.611820848797805,0.0,1.165919439427972,-55.670493,-61.823347999999996,0.87982,0.7744743740000001,21.053381049549962,50.21152715120219,-0.87982,0.39144506542797186,22.42815016024516,54.45380056254902
1723528496.404642,282.88316321372986,1723528496.4433992,-0.0387570858001709,-34.444500630767074,-11.407486284077216,0.0,1.1455342852299628,-55.51784,-61.723059,0.878047,0.7865339712,21.073339369232926,50.315572715922784,-0.878047,0.3590003140299628,20.569202837788062,54.55743264154193
1723528496.504641,282.9831621646881,1723528496.5644445,-0.05980348587036133,-34.27883474489881,-11.205887313269576,0.0,1.1250790628532314,-55.370244,-61.620374,0.866715,0.8000545176,21.09140925510119,50.41448668673042,-0.866715,0.32502454525323143,18.622534681168997,54.655459079070155
1723528496.604642,283.083163022995,1723528496.5644445,0.04019737243652344,-34.11683944588152,-11.012521372353604,0.0,1.1026888888434296,-55.370244,-61.620374,0.866715,0.8000545176,21.253404554118482,50.607852627646395,-0.866715,0.3026343712434296,17.339672207843844,54.8963855605615
1723528496.693641,283.17216205596924,1723528496.668348,0.02529287338256836,-33.94400787152034,-10.824503122885519,0.0,1.0808992837781135,-55.217133000000004,-61.510851,0.8615940000000001,0.8135990012000001,21.273125128479663,50.686347877114486,-0.8615940000000001,0.26730028257811345,15.315178054380189,54.97630451451477
1723528496.7936416,283.27216267585754,1723528496.769331,0.024310588836669922,-33.77813421791827,-10.64359921012727,0.0,1.0599356973356642,-55.069448,-61.405583,0.8563930000000001,0.8256903669000001,21.29131378208173,50.76198378987273,-0.8563930000000001,0.2342453304356641,13.421268804610921,55.05299673787808
1723528496.8936408,283.3721618652344,1723528496.8739097,0.01973104476928711,-33.59928157068107,-10.470433959457308,0.0,1.0391884727679628,-54.93396,-61.303891,0.875374,0.8372339117,21.334678429318927,50.83345704054269,-0.875374,0.20195456106796272,11.571144002611312,55.13596954815451
1723528496.993642,283.4721632003784,1723528496.9784808,0.015161275863647461,-33.412737905896584,-10.294342069182743,0.0,1.0173692216455041,-54.797178,-61.194232,0.869695,0.8500096958000001,21.384440094103418,50.89988993081725,-0.869695,0.16735952584550406,9.588994492258003,55.216387445219866
1723528497.0936413,283.57216238975525,1723528497.0992188,-0.005577564239501953,-33.237466240507636,-10.126951849228755,0.0,0.9965155580800475,-54.658229,-61.070555999999996,0.852836,0.8631458473,21.420762759492362,50.94360415077124,-0.852836,0.13336971078004756,7.641521542577164,55.27049131599816
1723528497.2036424,283.68216347694397,1723528497.2039907,-0.0003483295440673828,-33.053754611142644,-9.96078804608349,0.0,0.9758933264669958,-54.518894,-60.961137,0.8516980000000001,0.8762323350000001,21.46513938885736,51.000348953916514,-0.8516980000000001,0.0996609914669957,5.710154193148164,55.33997824256469
1723528497.2936413,283.77216243743896,1723528497.3303635,-0.03672218322753906,-32.86783467598212,-9.79771097821286,0.0,0.9556080619383618,-54.381682000000005,-60.850094999999996,0.841373,0.8889521921,21.51384732401789,51.052384021787134,-0.841373,0.0666558698383618,3.8191000215114923,55.406673330153176
1723528497.3936427,283.872163772583,1723528497.4312541,-0.03761148452758789,-32.675495376250836,-9.650505688927579,0.0,0.9356330967028246,-54.246641000000004,-60.738779,0.8478260000000001,0.901334438,21.571145623749167,51.08827331107242,-0.8478260000000001,0.03429865870282456,1.965168386631498,55.46210239753
1723528497.4936419,283.97216296195984,1723528497.4312541,0.062387704849243164,-32.492562324240836,-9.503286240693825,0.0,0.9154061040551139,-54.246641000000004,-60.738779,0.8478260000000001,0.901334438,21.754078675759168,51.235492759306176,-0.8478260000000001,0.014071666055113894,0.8062470756755307,55.66897220396934
1723528497.6036427,284.08216381073,1723528497.5609043,0.04273843765258789,-32.288770335353576,-9.363583073927941,0.0,0.8938258779689079,-54.114244,-60.623007,0.8459840000000001,0.9131847919,21.825473664646424,51.25942392607206,-0.8459840000000001,-0.019358913931092122,-1.109184064208592,55.7188974302902
1723528497.6936417,284.172162771225,1723528497.691987,0.0016546249389648438,-32.095553569349555,-9.219828170583481,0.0,0.8743512125466069,-53.981501,-60.506275,0.846225,0.9260506008,21.885947430650447,51.28644682941652,-0.846225,-0.05169938825339315,-2.9621567503276522,55.767467398783566
1723528497.7936425,284.27216362953186,1723528497.792717,0.0009255409240722656,-31.912409436145676,-9.084410219913238,0.0,0.854360855399805,-53.854653,-60.384867,0.845219,0.9379572619000001,21.942243563854323,51.30045678008676,-0.845219,-0.08359640650019506,-4.789721274921178,55.802448993023745
1723528497.8936412,284.37216234207153,1723528497.9148858,-0.021244525909423828,-31.723351178503293,-8.951023846800052,0.0,0.8350301465393182,-53.726737,-60.256473,0.848974,0.9489653921000002,22.003385821496707,51.305449153199945,-0.848974,-0.11393524556068203,-6.528008708413729,55.83116385383618
1723528497.9936423,284.472163438797,1723528498.0040188,-0.010376453399658203,-31.531223099153273,-8.822953528140271,0.0,0.8172461683802807,-53.596734000000005,-60.133818999999995,0.838429,0.9614743846,22.065510900846732,51.31086547185973,-0.838429,-0.14422821621971926,-8.263668076090198,55.86049274733185
1723528498.1036413,284.5821623802185,1723528498.1318185,-0.028177261352539062,-31.343675306675674,-8.703204083550208,0.0,0.7987717041211617,-53.479099000000005,-60.019386,0.834126,0.973064381,22.13542369332433,51.31618191644979,-0.834126,-0.17429267687883832,-9.98623478519482,55.89296265854073
1723528498.2336411,284.71216225624084,1723528498.263094,-0.029452800750732422,-31.15283420096683,-8.582003645735004,0.0,0.7791601271254969,-53.374048,-59.905403,0.832523,0.9849624886999999,22.221213799033173,51.32339935426499,-0.832523,-0.20580236157450305,-11.791606732044372,55.93359239781797
1723528498.3336425,284.8121635913849,1723528498.378356,-0.044713497161865234,-30.958195989758924,-8.45826928042179,0.0,0.7600158893040209,-53.250333000000005,-59.7844,0.832431,0.9966169845,22.29213701024108,51.32613071957821,-0.832431,-0.23660109519597916,-13.556244182902622,55.96431013151463
1723528498.4336414,284.91216254234314,1723528498.4594994,-0.025857925415039062,-30.76092573910579,-8.35809438569324,0.0,0.741920032335646,-53.120055,-59.669523999999996,0.814832,1.0057417142,22.35912926089421,51.31142961430675,-0.814832,-0.26382168186435406,-15.11586891487058,55.97729380344816
1723528498.5336423,285.01216340065,1723528498.5635033,-0.029860973358154297,-30.56284258158808,-8.24831330388503,0.0,0.7237398795840972,-53.004494,-59.560423,0.817071,1.0158916969,22.441651418411922,51.31210969611497,-0.817071,-0.2921518173159028,-16.739066109278273,56.010962541905016
1723528498.6046424,285.08316349983215,1723528498.5635033,0.04113912582397461,-30.36078840517085,-8.159332059485262,0.0,0.7062563057679943,-53.004494,-59.560423,0.817071,1.0158916969,22.64370559482915,51.401090940514734,-0.817071,-0.3096353911320058,-17.74080109974641,56.17363401062284
1723528498.7036414,285.18216252326965,1723528498.6712577,0.03238368034362793,-30.164257066144973,-8.069205142473884,0.0,0.6888270751042596,-52.889515,-59.448659,0.83221,1.029130147,22.72525793385503,51.379453857526116,-0.83221,-0.3403030718957405,-19.497929774962948,56.186993159823
1723528498.7936425,285.27216362953186,1723528498.7962384,-0.0025959014892578125,-29.978323320229116,-7.976095870421403,0.0,0.6691445365608928,-52.762304,-59.318011999999996,0.866333,1.0449504256,22.783980679770885,51.34191612957859,-0.866333,-0.37580588903910717,-21.532091358102566,56.176976247745344
1723528498.8936417,285.3721628189087,1723528498.9155252,-0.021883487701416016,-29.78336434322467,-7.888289791885845,0.0,0.6532172970699857,-52.676964000000005,-59.185083999999996,0.86041,1.0567608649,22.893599656775336,51.29679420811415,-0.86041,-0.4035435678300143,-23.12134328631108,56.180230567722106
1723528499.033642,285.51216316223145,1723528499.0235415,0.010100603103637695,-29.59047321132778,-7.801177121444272,0.0,0.6368446445858903,-52.589586000000004,-59.061821,0.854549,1.0660705945,22.999112788672225,51.26064387855573,-0.854549,-0.4292259499141097,-24.592835387572144,56.19023984557799
1723528499.1336432,285.6121642589569,1723528499.134847,-0.001203775405883789,-29.40542920892711,-7.718066211458845,0.0,0.6208012460839957,-52.473465000000004,-58.927254,0.7940740000000001,1.0760626474000001,23.068035791072894,51.20918778854115,-0.7940740000000001,-0.45526140131600445,-26.084556870618677,56.17068401522068
1723528499.233642,285.71216320991516,1723528499.2621498,-0.028507709503173828,-29.199144200752183,-7.628687922706934,0.0,0.6052582258404913,-52.377121,-58.811386,0.7907540000000001,1.0841897145000001,23.17797679924782,51.18269807729307,-0.7907540000000001,-0.47893148865950885,-27.440752976107508,56.191747462294906
1723528499.3336432,285.8121643066406,1723528499.3923795,-0.058736324310302734,-28.99287093584188,-7.5405875425297415,0.0,0.593980091239505,-52.292047000000004,-58.703089,0.817899,1.0959113811,23.299176064158125,51.162501457470256,-0.817899,-0.5019312898604951,-28.758544514563937,56.22385720873734
1723528499.433642,285.9121630191803,1723528499.3923795,0.04126238822937012,-28.789498921147143,-7.471621364376686,0.0,0.5846206796758011,-52.292047000000004,-58.703089,0.817899,1.0959113811,23.50254807885286,51.23146763562331,-0.817899,-0.511290701424199,-29.294799295890112,56.371109631378644
1723528499.5336428,286.0121638774872,1723528499.522032,0.011610746383666992,-28.59952954836882,-7.40183152096233,0.0,0.5762559968240925,-52.229049,-58.589742,0.840211,1.1117091912000001,23.629519451631182,51.18791047903767,-0.840211,-0.5354531943759075,-30.67920816453761,56.38494766557394
1723528499.6336415,286.11216259002686,1723528499.61531,0.018331527709960938,-28.42010821758956,-7.335762385220029,0.0,0.5704472435214218,-52.147158000000005,-58.463107,0.835646,1.123208374,23.727049782410443,51.12734461477997,-0.835646,-0.5527611304785782,-31.670879855302747,56.37088400027775
1723528499.7336428,286.2121639251709,1723528499.7218237,0.011819124221801758,-28.23241458387432,-7.269366574936681,0.0,0.5657184608711615,-52.045968,-58.357849,0.8277,1.1323655154,23.813553416125682,51.08848242506332,-0.8277,-0.5666470545288387,-32.46648469802188,56.37200945583432
1723528499.8336418,286.31216287612915,1723528499.8261244,0.007517337799072266,-28.046299264219826,-7.1984545029589535,0.0,0.5595703296294201,-51.926362000000005,-58.256595,0.819832,1.1495561632,23.88006273578018,51.058140497041045,-0.819832,-0.5899858335705799,-33.80369823610203,56.37253969610207
1723528499.9336429,286.4121639728546,1723528499.9536493,-0.020006418228149414,-27.85031931796936,-7.126864809339251,0.0,0.5560148204879498,-51.838849,-58.150527,0.814959,1.1619420538,23.988529682030645,51.023662190660744,-0.814959,-0.6059272333120502,-34.71707316081922,56.38730192006006
1723528500.033642,286.51216316223145,1723528500.0615315,-0.027889490127563477,-27.64623362124691,-7.058138830949115,0.0,0.5505100700286478,-51.771019,-58.0516,0.824241,1.1685207137,24.124785378753092,50.99346116905089,-0.824241,-0.6180106436713522,-35.40940157653188,56.41823929188575
1723528500.1336432,286.6121642589569,1723528500.1649487,-0.031305551528930664,-27.43943224394329,-6.993852907904589,0.0,0.5441420855621955,-51.697479,-57.957874,0.8286530000000001,1.1793264218000001,24.25804675605671,50.96402109209541,-0.8286530000000001,-0.6351843362378047,-36.393381679244804,56.44883474518307
1723528500.2336423,286.71216344833374,1723528500.301408,-0.06776571273803711,-27.227683713732766,-6.923832815698605,0.0,0.5397338422598814,-51.652865000000006,-57.847741,0.822902,1.1881700414,24.42518128626724,50.923908184301396,-0.822902,-0.6484361991401186,-37.15265749423338,56.48460917216107
1723528500.3336434,286.8121645450592,1723528500.301408,0.03223538398742676,-27.033480229071383,-6.871283934008486,0.0,0.535274188902113,-51.652865000000006,-57.847741,0.822902,1.1881700414,24.619384770928622,50.97645706599151,-0.822902,-0.6528958524978871,-37.40817680972486,56.61616773680034
1723528500.4336426,286.91216373443604,1723528500.4325056,0.0011370182037353516,-26.831243265066238,-6.808363930432502,0.0,0.5307181173271038,-51.606779,-57.729929999999996,0.802112,1.1971603528,24.775535734933765,50.9215660695675,-0.802112,-0.6664422354728963,-38.184327381860754,56.634587008213025
1723528500.5336435,287.0121645927429,1723528500.5339675,-0.00032401084899902344,-26.633956491812384,-6.746063480367022,0.0,0.5253324723852081,-51.533606,-57.608835,0.8069930000000001,1.2121627237,24.899649508187615,50.86277151963298,-0.8069930000000001,-0.686830251314792,-39.352474642247245,56.63625437818981
1723528500.6336427,287.11216378211975,1723528500.6215107,0.012131929397583008,-26.437689166647125,-6.687661380374539,0.0,0.5206328958977267,-51.474417,-57.476735,0.820758,1.2287093077,25.036727833352877,50.789073619625455,-0.820758,-0.7080764118022733,-40.56978996903754,56.6307459198242
1723528500.7336435,287.21216464042664,1723528500.7314463,0.002197265625,-26.24036448280341,-6.634971374230909,0.0,0.5161379559950632,-51.417582,-57.340326,0.826559,1.2341138656000001,25.177217517196592,50.70535462576909,-0.826559,-0.717975909604937,-41.136989412429195,56.618093127671784
1723528500.8336425,287.3121635913849,1723528500.836849,-0.003206491470336914,-26.03378856847978,-6.574281673584346,0.0,0.5101618377645875,-51.346486,-57.226642,0.8444090000000001,1.2432132159,25.31269743152022,50.65236032641565,-0.8444090000000001,-0.7330513781354125,-42.000750133407735,56.63132776525744
1723528500.933643,287.4121642112732,1723528500.9647112,-0.031068086624145508,-25.81545587947113,-6.512185266162,0.0,0.5052603536904066,-51.275988000000005,-57.105326,0.841724,1.2574879448,25.460532120528875,50.593140733838,-0.841724,-0.7522275911095935,-43.09946620387231,56.644620966748434
1723528501.0336418,287.51216292381287,1723528501.0897963,-0.056154489517211914,-25.596253670679445,-6.451972809079468,0.0,0.5003567023977228,-51.20621,-56.994742,0.801733,1.2745009339,25.609956329320553,50.54276919092054,-0.801733,-0.7741442315022772,-44.35519719947903,56.66642883118418
1723528501.133643,287.61216402053833,1723528501.0897963,0.04384660720825195,-25.384905848815475,-6.3946501738281,0.0,0.49498820967789564,-51.20621,-56.994742,0.801733,1.2745009339,25.821304151184524,50.600091826171905,-0.801733,-0.7795127242221043,-44.66278917467183,56.81330668679915
1723528501.2336416,287.712162733078,1723528501.2153635,0.018278121948242188,-25.16454332898172,-6.327305543823351,0.0,0.49000058169981653,-51.121446,-56.873912,0.778849,1.2958536684,25.95690267101828,50.54660645617665,-0.778849,-0.8058530867001834,-46.17198077551052,56.82716626995504
1723528501.3336427,287.81216382980347,1723528501.301984,0.03165864944458008,-24.94247223963729,-6.268038470497443,0.0,0.48553753115030496,-51.046202,-56.739238,0.8029080000000001,1.3125536435,26.10372976036271,50.471199529502556,-0.8029080000000001,-0.8270161123496951,-47.38453282695465,56.82773399147083
1723528501.4336414,287.91216254234314,1723528501.4097836,0.023857831954956055,-24.708316750569477,-6.206642049567215,0.0,0.4817963746671298,-50.985284,-56.59274,0.8195870000000001,1.3271905208,26.276967249430523,50.386097950432784,-0.8195870000000001,-0.8453941461328702,-48.43751659847943,56.83229361330422
1723528501.5336423,288.01216340065,1723528501.5331767,0.00046563148498535156,-24.47192314374822,-6.151581981502492,0.0,0.4768679573880359,-50.913993000000005,-56.437540999999996,0.808636,1.346196389,26.442069856251784,50.28595901849751,-0.808636,-0.869328431611964,-49.80885014209276,56.820019578256094
1723528501.6336412,288.1121623516083,1723528501.6617954,-0.02815413475036621,-24.225474982878417,-6.095910407883186,0.0,0.47399227678001304,-50.854036,-56.283236,0.800767,1.3657474585,26.628561017121584,50.187325592116814,-0.800767,-0.8917551817199869,-51.09380827147703,56.819795315717215
1723528501.7336423,288.21216344833374,1723528501.7654145,-0.03177213668823242,-23.991992242293385,-6.032074578071097,0.0,0.4714083189579111,-50.803329000000005,-56.122954,0.8030470000000001,1.3854341817,26.81133675770662,50.0908794219289,-0.8030470000000001,-0.914025862742089,-52.36982430092558,56.820672861922176
1723528501.8336415,288.31216263771057,1723528501.8763332,-0.042691707611083984,-23.743018833038484,-5.98099405188287,0.0,0.46820295607603457,-50.742046,-55.939676999999996,0.825914,1.405879139,26.99902716696152,49.95868294811713,-0.825914,-0.9376761829239655,-53.724887831480174,56.79348205391364
1723528501.9336429,288.4121639728546,1723528501.960666,-0.0270230770111084,-23.50868915324803,-5.929728961008029,0.0,0.46568833787745983,-50.686387,-55.754137,0.810478,1.4280660198000001,27.177697846751972,49.82440803899197,-0.810478,-0.9623776819225403,-55.140179471745135,56.76051242962662
1723528502.033642,288.51216316223145,1723528502.0730987,-0.03945660591125488,-23.270007507519633,-5.865085808928949,0.0,0.46396934834427483,-50.634051,-55.583379,0.8068620000000001,1.4481025756,27.364043492480366,49.718293191071055,-0.8068620000000001,-0.9841332272557253,-56.38668040034217,56.75694301474229
1723528502.1336432,288.6121642589569,1723528502.0730987,0.060544490814208984,-23.023295557707794,-5.8034147108375045,0.0,0.4615926773366956,-50.634051,-55.583379,0.8068620000000001,1.4481025756,27.610755442292206,49.77996428916249,-0.8068620000000001,-0.9865098982633045,-56.52285361836757,56.930217696855905
1723528502.2336423,288.71216344833374,1723528502.1947775,0.038864850997924805,-22.77494210901761,-5.7407117324236445,0.0,0.4595346296086377,-50.578725000000006,-55.393336,0.804811,1.4693640789,27.803782890982397,49.65262426757636,-0.804811,-1.0098294492913622,-57.858965472415235,56.91292612800469
1723528502.3336434,288.8121645450592,1723528502.3208857,0.01275777816772461,-22.531582356653782,-5.679850999545591,0.0,0.45809555592799217,-50.528468000000004,-55.195719,0.804725,1.4897998878,27.99688564334622,49.515868000454404,-0.804725,-1.0317043318720078,-59.11230392163047,56.888437945602405
1723528502.4336421,288.9121632575989,1723528502.4221,0.011542081832885742,-22.27344401203444,-5.614619476592347,0.0,0.4559632519238371,-50.481017,-54.981677,0.8071240000000001,1.509203289,28.207572987965563,49.36705752340765,-0.8071240000000001,-1.053240037076163,-60.346208938666486,56.863212989965845
1723528502.563643,289.04216408729553,1723528502.603518,-0.039875030517578125,-22.01203697993602,-5.552573903530351,0.0,0.45396653751009813,-50.399814,-54.557409,0.807362,1.5434877368,28.38777702006398,49.00483509646965,-0.807362,-1.0895211992899019,-62.42496640934324,56.63913470712719
1723528502.6336443,289.1121654510498,1723528502.603518,0.030126333236694336,-21.75572786456972,-5.492641064928231,0.0,0.45089172898731267,-50.399814,-54.557409,0.807362,1.5434877368,28.64408613543028,49.06476793507177,-0.807362,-1.0925960078126873,-62.6011399605097,56.81977610353142
1723528502.7636454,289.24216651916504,1723528502.810971,-0.04732561111450195,-21.489918280966233,-5.438432739142917,0.0,0.44840051162201044,-50.330327000000004,-54.111942,0.7890170000000001,1.5671770151,28.84040871903377,48.67350926085708,-0.7890170000000001,-1.1187765034779895,-64.10117186769206,56.58181887032219
1723528502.8636441,289.3421652317047,1723528502.810971,0.0526731014251709,-21.223322993595545,-5.375797757255856,0.0,0.4459962186736388,-50.330327000000004,-54.111942,0.7890170000000001,1.5671770151,29.10700400640446,48.736144242744146,-0.7890170000000001,-1.1211807964263611,-64.23892770634683,56.77192955770217
1723528502.9636455,289.44216656684875,1723528502.9176116,0.04603385925292969,-20.957531381455354,-5.3160078781977385,0.0,0.4438573214354111,-50.283037,-53.889846,0.7949860000000001,1.5767837971,29.325505618544646,48.57383812180226,-0.7949860000000001,-1.132926475664589,-64.91190555421171,56.74535251812733
1723528503.0636442,289.5421652793884,1723528503.012516,0.05112814903259277,-20.67731776510716,-5.25069164979541,0.0,0.44150360830473767,-50.240319,-53.651616,0.792342,1.5847865173,29.56300123489284,48.40092435020459,-0.792342,-1.1432829089952623,-65.50528547486792,56.72079271143402
1723528503.1636455,289.64216661453247,1723528503.1148853,0.048760175704956055,-20.4033228494488,-5.178717440086039,0.0,0.43961600883889457,-50.205679,-53.415912999999996,0.788216,1.5911584202,29.802356150551205,48.23719555991396,-0.788216,-1.1515424113611055,-65.97852010130904,56.70651419433517
1723528503.2636447,289.7421658039093,1723528503.225438,0.03820657730102539,-20.12002623770285,-5.108987053745969,0.0,0.4365881568581571,-50.156537,-53.172303,0.7864920000000001,1.5975155563,30.03651076229715,48.06331594625403,-0.7864920000000001,-1.160927399441843,-66.51624030911589,56.682386048834374
1723528503.3636458,289.84216690063477,1723528503.3238673,0.03977847099304199,-19.833216608748547,-5.042841893687179,0.0,0.4341032110342122,-50.116992,-52.920284,0.791265,1.6035654422,30.283775391251456,47.87744210631283,-0.791265,-1.1694622311657878,-67.00525014575229,56.65670847208941
1723528503.463645,289.9421660900116,1723528503.4257927,0.03785228729248047,-19.546647618507976,-4.976264728565171,0.0,0.43224726389876533,-50.078703000000004,-52.654497,0.785197,1.6081006394000001,30.53205538149203,47.67823227143483,-0.785197,-1.1758533755012348,-67.37143574243234,56.62187538996033
1723528503.5636458,290.0421669483185,1723528503.513807,0.04983878135681152,-19.263966401106266,-4.917865966999578,0.0,0.42965498920118156,-50.035634,-52.393476,0.7768780000000001,1.6139572182,30.771667598893735,47.47561003300042,-0.7768780000000001,-1.1843022289988183,-67.85551938956823,56.58120371863098
1723528503.6636453,290.1421663761139,1723528503.7038279,-0.04018259048461914,-18.963679128020257,-4.857710752631535,0.0,0.42666598185365334,-49.962751000000004,-51.890595,0.7695660000000001,1.6217957238,30.999071871979748,47.032884247368465,-0.7695660000000001,-1.1951297419463467,-68.47589018408486,56.33495264379729
1723528503.7636464,290.24216747283936,1723528503.8008366,-0.03719019889831543,-18.664137758219375,-4.798267118172169,0.0,0.42442433069520247,-49.918522,-51.616749,0.7759980000000001,1.6239725216,31.254384241780627,46.81848188182783,-0.7759980000000001,-1.1995481909047976,-68.72904866139807,56.297503967297786
1723528503.8636456,290.3421666622162,1723528503.9129686,-0.049323081970214844,-18.372522604914646,-4.731068447344292,0.0,0.4218110793795016,-49.872727000000005,-51.367131,0.76122,1.625164556,31.50020439508536,46.63606255265571,-0.76122,-1.2033534766204985,-68.94707547274915,56.28289849710808
1723528503.9636462,290.4421672821045,1723528504.0138054,-0.05015921592712402,-18.079518535210735,-4.675705185737404,0.0,0.41909287559227915,-49.83688,-51.101417,0.7586550000000001,1.6239099872,31.757361464789266,46.42571181426259,-0.7586550000000001,-1.2048171116077209,-69.03093558026467,56.25346462285918
1723528504.0636451,290.54216623306274,1723528504.0138054,0.04983973503112793,-17.776062535087526,-4.617971771957555,0.0,0.41729175204656593,-49.83688,-51.101417,0.7586550000000001,1.6239099872,32.060817464912475,46.48344522804244,-0.7586550000000001,-1.206618235153434,-69.13413235781567,56.4728452815677
1723528504.1636462,290.6421673297882,1723528504.203444,-0.03979778289794922,-17.461339729591536,-4.558851690976924,0.0,0.4142693978366463,-49.744231,-50.596942999999996,0.7616550000000001,1.6184528636,32.28289127040846,46.03809130902307,-0.7616550000000001,-1.2041834657633537,-68.99463034767643,56.234073643067916
1723528504.2636452,290.74216628074646,1723528504.2840154,-0.0203702449798584,-17.149516027379107,-4.494748249340426,0.0,0.41030687560441503,-49.707503,-50.338938999999996,0.764356,1.6163761552,32.557986972620895,45.84419075065957,-0.764356,-1.206069279595585,-69.10267952121067,56.234300754850224
1723528504.3636463,290.8421673774719,1723528504.390012,-0.02636575698852539,-16.834347283389768,-4.426760773002911,0.0,0.4086303896325427,-49.665984,-50.071681999999996,0.764383,1.6135917407,32.831636716610234,45.644921226997084,-0.764383,-1.2049613510674573,-69.03919989254682,56.23130342327952
1723528504.463645,290.9421660900116,1723528504.4935226,-0.029877662658691406,-16.523709966221304,-4.361462125749842,0.0,0.406524290318107,-49.618181,-49.823101,0.75295,1.6121879350000001,33.094471033778696,45.461638874250156,-0.75295,-1.2056636446818931,-69.07943835263298,56.236745601437946
1723528504.5636456,291.0421667098999,1723528504.5823,-0.018654346466064453,-16.220855515484047,-4.315173758240429,0.0,0.4041880892944913,-49.572398,-49.560618999999996,0.751653,1.6095945551,33.35154248451595,45.24544524175957,-0.751653,-1.2054064658055086,-69.06470308843623,56.214239152139605
1723528504.663645,291.1421661376953,1723528504.7007136,-0.03706860542297363,-15.893940194607595,-4.255910011090174,0.0,0.40229295899373874,-49.51842,-49.298615999999996,0.7495930000000001,1.6075765643,33.624479805392404,45.04270598890982,-0.7495930000000001,-1.2052836053062612,-69.05766370036048,56.213991982888594
1723528504.7636461,291.2421672344208,1723528504.791128,-0.027481794357299805,-15.57269556070051,-4.214814355158302,0.0,0.40078411233442607,-49.476159,-49.037309,0.740309,1.6047322883000001,33.90346343929949,44.8224946448417,-0.740309,-1.2039481759655741,-68.98114923530117,56.20541714801395
1723528504.8636456,291.3421666622162,1723528504.8720894,-0.008443832397460938,-15.247644654622086,-4.171411653447774,0.0,0.3994589465952787,-49.425748,-48.776151999999996,0.7437050000000001,1.602621228,34.17810334537791,44.60474034655222,-0.7437050000000001,-1.2031622814047214,-68.93612079382203,56.19856498877619
1723528504.9636467,291.44216775894165,1723528504.9814365,-0.017789840698242188,-14.917244251222488,-4.10034834625132,0.0,0.39972818074536104,-49.372963000000006,-48.50505,0.746098,1.6003828104,34.455718748777514,44.404701653748674,-0.746098,-1.200654629654639,-68.7924429320537,56.20970330538041
1723528505.0636463,291.54216742515564,1723528505.0627494,0.0008969306945800781,-14.597177708632836,-4.025121289717434,0.0,0.4004109606766875,-49.321507000000004,-48.239307,0.734368,1.5986755547,34.72432929136717,44.214185710282564,-0.734368,-1.1982645940233125,-68.65550397749281,56.2246614851355
1723528505.1636472,291.6421682834625,1723528505.1899767,-0.026329517364501953,-14.268725478384017,-3.9397125010189122,0.0,0.4021427618220778,-49.268048,-47.97276,0.727645,1.5962800564,34.99932252161598,44.03304749898109,-0.727645,-1.194137294577922,-68.41902713848526,56.2529227353179
1723528505.2636466,291.74216771125793,1723528505.2937903,-0.03014373779296875,-13.941498421759242,-3.867611884459451,0.0,0.4020035938237454,-49.219367000000005,-47.700126,0.735784,1.5945022133,35.27786857824076,43.83251411554055,-0.735784,-1.1924986194762546,-68.32513797116654,56.27040681572637
1723528505.363648,291.842169046402,1723528505.3743598,-0.010711908340454102,-13.63259774026806,-3.8104298066903755,0.0,0.40184248713637016,-49.167343,-47.430012,0.733441,1.5922195727000001,35.53474525973194,43.619582193309625,-0.733441,-1.19037708556363,-68.20358303187928,56.26654429670812
1723528505.4636471,291.9421682357788,1723528505.4617097,0.0019373893737792969,-13.317549369732028,-3.749855204719104,0.0,0.4017377888551011,-49.105687,-47.166928,0.7220850000000001,1.589826776,35.788137630267975,43.417072795280895,-0.7220850000000001,-1.188088987144899,-68.07248464937543,56.27036886231463
1723528505.5636485,292.04216957092285,1723528505.5623727,0.001275777816772461,-13.009100152410939,-3.688826393584817,0.0,0.40281849744540604,-49.051156,-46.897422,0.717341,1.5880199044,36.04205584758906,43.20859560641518,-0.717341,-1.185201406954594,-67.90703849146537,56.27190330982
1723528505.6636477,292.1421687602997,1723528505.6919649,-0.02831721305847168,-12.694618409771032,-3.6337895172938515,0.0,0.4034418370845061,-48.996663000000005,-46.621855,0.7164980000000001,1.5849150308,36.302044590228974,42.98806548270615,-0.7164980000000001,-1.1814731937154939,-67.69342760774013,56.270112713237104
1723528505.763649,292.2421700954437,1723528505.7925107,-0.02886176109313965,-12.385580358315675,-3.563525743414938,0.0,0.40187780395517425,-48.943485,-46.35112,0.7189340000000001,1.582375938,36.55790464168433,42.787594256585066,-0.7189340000000001,-1.1804981340448257,-67.63756080383743,56.282994591199504
1723528505.8936481,292.3721692562103,1723528505.8775132,0.016134977340698242,-12.046274685297075,-3.4900125400375246,0.0,0.39944240236173556,-48.88599,-46.077199,0.708859,1.5798956321,36.83971531470293,42.587186459962474,-0.708859,-1.1804532297382644,-67.63498797658951,56.31461227892677
1723528505.9936495,292.47217059135437,1723528505.9824233,0.011226177215576172,-11.710512266193415,-3.418197850608592,0.0,0.3980803371025869,-48.831088,-45.803817,0.697647,1.577352138,37.12057573380659,42.38561914939141,-0.697647,-1.179271800897413,-67.5672970902137,56.34682391069736
1723528506.0636485,292.54216957092285,1723528506.0874798,-0.02383136749267578,-11.375200205495021,-3.35019649802345,0.0,0.3948402466901113,-48.763974000000005,-45.522796,0.6962170000000001,1.5760833045,37.388773794504985,42.17259950197655,-0.6962170000000001,-1.1812430578098887,-67.68024179163454,56.36429075861653
1723528506.1936498,292.67217087745667,1723528506.214627,-0.020977258682250977,-11.039793536555715,-3.3148452824688968,0.0,0.39164579067088834,-48.697562000000005,-45.248157,0.6937730000000001,1.5729993068,37.65776846344429,41.933311717531105,-0.6937730000000001,-1.1813535161291118,-67.68657058713814,56.36480708936685
1723528506.2636516,292.7421727180481,1723528506.214627,0.04902458190917969,-10.705230888100925,-3.280954812425642,0.0,0.3894872448183579,-48.697562000000005,-45.248157,0.6937730000000001,1.5729993068,37.99233111189908,41.96720218757436,-0.6937730000000001,-1.1835120619816422,-67.81024615437359,56.61399653570175
1723528506.363653,292.84217405319214,1723528506.3197353,0.04391765594482422,-10.398507777186357,-3.243352380810653,0.0,0.3860113490861776,-48.628912,-44.964629,0.684331,1.5696400481000001,38.23040422281365,41.72127661918935,-0.684331,-1.1836286990138225,-67.81692896405245,56.592376153437876
1723528506.503652,292.982173204422,1723528506.5560017,-0.05234956741333008,-10.084549841005984,-3.198826555047892,0.0,0.3847581832025826,-48.511782000000004,-44.40639,0.6845950000000001,1.5646492701,38.427232158994016,41.20756344495211,-0.6845950000000001,-1.1798910868974175,-67.60277956432549,56.34877218524821
1723528506.6036532,293.08217430114746,1723528506.64239,-0.038736820220947266,-9.782213073641463,-3.1398126954131786,0.0,0.3848238049775894,-48.451074000000006,-44.121001,0.675374,1.5617107000000001,38.66886092635854,40.98118830458682,-0.675374,-1.1768868950224107,-67.4306520490401,56.34886627287135
1723528506.6936524,293.17217350006104,1723528506.64239,0.05126237869262695,-9.473578586134998,-3.077470520521845,0.0,0.3825368644833609,-48.451074000000006,-44.121001,0.675374,1.5617107000000001,38.97749541386501,41.04353047947816,-0.675374,-1.1791738355166392,-67.56168408735697,56.606295347757886
1723528506.793654,293.27217507362366,1723528506.7594995,0.034154415130615234,-9.157445320110224,-3.020770996121759,0.0,0.37947271232096824,-48.384269,-43.837406,0.668115,1.5595934558,39.226823679889776,40.81663500387824,-0.668115,-1.1801207434790317,-67.61593791718938,56.614377738399675
1723528506.8636534,293.3421745300293,1723528506.8722286,-0.008575201034545898,-8.845826050856628,-2.977339670139215,0.0,0.37697584127237077,-48.315924,-43.562008,0.674698,1.5569353255,39.47009794914337,40.58466832986078,-0.674698,-1.1799594842276293,-67.60669844267659,56.616774483813366
1723528506.9636548,293.44217586517334,1723528507.0033748,-0.03972005844116211,-8.53476617668846,-2.9280991424157685,0.0,0.37247338661978047,-48.245028000000005,-43.278635,0.674408,1.5528808916,39.71026182331154,40.350535857584234,-0.674408,-1.1804075049802196,-67.63236814093429,56.61736009582758
1723528507.063654,293.54217505455017,1723528507.1039345,-0.04028058052062988,-8.222458994762233,-2.8767664435362996,0.0,0.3708168043402447,-48.176616,-43.001549,0.668756,1.5490216374,39.95415700523777,40.1247825564637,-0.668756,-1.1782048330597554,-67.5061643362397,56.62843871934154
1723528507.1636548,293.64217591285706,1723528507.1039345,0.05972027778625488,-7.925722878030773,-2.8262457885149144,0.0,0.3664518842134008,-48.176616,-43.001549,0.668756,1.5490216374,40.25089312196923,40.17530321148508,-0.668756,-1.1825697531865993,-67.75625583741957,56.87386587738246
1723528507.303654,293.7821750640869,1723528507.3711302,-0.06747627258300781,-7.61116408330194,-2.774226186019035,0.0,0.36237106790483503,-48.037319000000004,-42.447013999999996,0.6547540000000001,1.5421804916,40.42615491669807,39.67278781398096,-0.6547540000000001,-1.1798094236951648,-67.59810060749489,56.64479496902203
1723528507.393655,293.8721761703491,1723528507.3711302,0.02252483367919922,-7.296018690727566,-2.729346032817029,0.0,0.35758991926852696,-48.037319000000004,-42.447013999999996,0.6547540000000001,1.5421804916,40.74130030927244,39.71766796718297,-0.6547540000000001,-1.184590572331473,-67.87204024558007,56.90145342996285
1723528507.5036545,293.9821755886078,1723528507.4731562,0.030498266220092773,-6.984637596941695,-2.6871451777629787,0.0,0.35227785737777134,-47.969342000000005,-42.18398,0.6538090000000001,1.5384353895,40.98470440305831,39.49683482223702,-0.6538090000000001,-1.1861575321222286,-67.96182042825707,56.92252122130241
1723528507.6046557,294.0831768512726,1723528507.5739496,0.030706167221069336,-6.67889461587761,-2.650888104682504,0.0,0.34758648160103217,-47.892823,-41.897272,0.6571750000000001,1.534452831,41.21392838412239,39.2463838953175,-0.6571750000000001,-1.186866349398968,-68.0024326666602,56.91483480333428
1723528507.693655,294.1721761226654,1723528507.677878,0.015777111053466797,-6.365266248165952,-2.616939107889701,0.0,0.34236480568521666,-47.816717000000004,-41.613188,0.6524920000000001,1.5307917313000001,41.45145075183405,38.9962488921103,-0.6524920000000001,-1.1884269256147835,-68.09184709743492,56.915340136884026
1723528507.7936563,294.27217745780945,1723528507.7639565,0.02969980239868164,-6.050832323307822,-2.570524916094705,0.0,0.33804317679363644,-47.732922,-41.332681,0.6418820000000001,1.5259096997000001,41.68208967669218,38.762156083905296,-0.6418820000000001,-1.1878665229063636,-68.05973838741477,56.9237503735547
1723528507.8936558,294.37217688560486,1723528507.8647523,0.028903484344482422,-5.744165736316846,-2.5346347864832257,0.0,0.332882885381907,-47.666311,-41.056882,0.6426820000000001,1.5188180667,41.922145263683156,38.52224721351678,-0.6426820000000001,-1.185935181318093,-67.94908066560876,56.93718322890391
1723528508.0036569,294.4821779727936,1723528507.988313,0.015343904495239258,-5.462917402098718,-2.5063704083708167,0.0,0.32852476467585845,-47.584889000000004,-40.777808,0.647262,1.5143779858,42.121971597901286,38.27143759162918,-0.647262,-1.1858532211241415,-67.94438469240727,56.91557233939595
1723528508.0936558,294.5721769332886,1723528508.0759726,0.01768326759338379,-5.174790640426929,-2.467444194476665,0.0,0.3243594498937092,-47.505599000000004,-40.502947,0.642486,1.5086875808,42.330808359573076,38.035502805523336,-0.642486,-1.1843281309062907,-67.85700345954773,56.91229742598757
1723528508.2036572,294.6821782588959,1723528508.1806417,0.023015499114990234,-4.880706722456295,-2.435167855139201,0.0,0.31906198893463295,-47.422250000000005,-40.222463,0.639278,1.5026514305,42.54154327754371,37.7872951448608,-0.639278,-1.1835894415653672,-67.81467967794151,56.9040530644455
1723528508.2936566,294.772177696228,1723528508.2615929,0.03206372261047363,-4.588386423353371,-2.393430872261741,0.0,0.31350684954361624,-47.337267000000004,-39.940706,0.636995,1.4969492198,42.748880576646634,37.54727512773826,-0.636995,-1.1834423702563839,-67.8062531126493,56.90053095274677
1723528508.403658,294.8821790218353,1723528508.3897505,0.013907432556152344,-4.29842880736894,-2.3734918188605914,0.0,0.3080912589179552,-47.245206,-39.660151,0.6444840000000001,1.4901611281,42.94677719263106,37.286659181139406,-0.6444840000000001,-1.1820698691820448,-67.7276145937125,56.87825580791133
1723528508.503657,294.98217821121216,1723528508.4929757,0.010681390762329102,-4.015862486814654,-2.3479117627823056,0.0,0.30368268898147965,-47.161631,-39.381149,0.6431020000000001,1.4848640074000001,43.145768513185345,37.0332372372177,-0.6431020000000001,-1.1811813184185205,-67.67670438507943,56.86327093162886
1723528508.6036584,295.0821795463562,1723528508.6137645,-0.010106086730957031,-3.7190180515569584,-2.3179695521228716,0.0,0.298108341911973,-47.074463,-39.098779,0.627209,1.4795773826,43.35544494844304,36.78080944787713,-0.627209,-1.181469040688027,-67.69318965679409,56.85873672047422
1723528508.7036574,295.18217849731445,1723528508.735258,-0.0316007137298584,-3.4164038029970194,-2.2864939108572404,0.0,0.2925209345991799,-46.981388,-38.82438,0.616901,1.4722561314,43.564984197002985,36.53788608914276,-0.616901,-1.17973519680082,-67.59384771972258,56.862162593345786
1723528508.8036587,295.2821798324585,1723528508.8197718,-0.0161130428314209,-3.1190115596746173,-2.2576373413590107,0.0,0.28817548391886166,-46.889705,-38.544408,0.619413,1.4665389436,43.77069344032538,36.28677065864099,-0.619413,-1.1783634596811383,-67.51525297216337,56.85936159986604
1723528508.8936577,295.3721787929535,1723528508.9423149,-0.04865717887878418,-2.817738637712058,-2.2226895899325445,0.0,0.28215540943048634,-46.791403,-38.258159,0.615954,1.4607909601,43.97366436228794,36.035469410067456,-0.615954,-1.1786355506695136,-67.53084263744083,56.856113236671185
1723528509.0046587,295.48317980766296,1723528509.043968,-0.03930926322937012,-2.5432605097496066,-2.207214890804637,0.0,0.27759447386435004,-46.699711,-37.981075,0.6159100000000001,1.4551892325,44.15645049025039,35.77386010919536,-0.6159100000000001,-1.1775947586356499,-67.4712096465496,56.83256577120474
1723528509.093658,295.5721790790558,1723528509.043968,0.04969000816345215,-2.2880637714335452,-2.195225287324491,0.0,0.2717688474635213,-46.699711,-37.981075,0.6159100000000001,1.4551892325,44.41164722856646,35.78584971267551,-0.6159100000000001,-1.1834203850364786,-67.80499345233707,57.03859039580951
1723528509.2036593,295.6821804046631,1723528509.1573687,0.04629063606262207,-2.010578542951191,-2.181903775250059,0.0,0.26686596556343645,-46.592397000000005,-37.711899,0.623788,1.4491195104,44.58181845704881,35.529995224749946,-0.623788,-1.1822535448365636,-67.73813843351574,57.011474363297744
1723528509.3036585,295.7821795940399,1723528509.2637863,0.039872169494628906,-1.7422042741464945,-2.169004129641977,0.0,0.26190112872227145,-46.489725,-37.441621,0.608757,1.4417486574,44.747520725853505,35.27261687035802,-0.608757,-1.1798475286777286,-67.60028386217421,56.98130129330852
1723528509.4036596,295.8821806907654,1723528509.4540212,-0.05036163330078125,-1.4725951592132767,-2.1609910133008867,0.0,0.2563326378110071,-46.281146,-36.868551,0.5992770000000001,1.4306489525000001,44.80855084078672,34.70755998669911,-0.5992770000000001,-1.174316314688993,-67.28336864503594,56.68139096391702
1723528509.503659,295.9821801185608,1723528509.4540212,0.049637794494628906,-1.2085352490494172,-2.151210990468589,0.0,0.25130471072000393,-46.281146,-36.868551,0.5992770000000001,1.4306489525000001,45.07261075095058,34.717340009531405,-0.5992770000000001,-1.1793442417799962,-67.57144764704991,56.896336175248095
1723528509.5936606,296.07218170166016,1723528509.5685718,0.025088787078857422,-0.9461619082057882,-2.15101736686544,0.0,0.24638686889533457,-46.178879,-36.583406,0.6039680000000001,1.4243764464,45.232717091794214,34.43238863313456,-0.6039680000000001,-1.1779895775046654,-67.4938311014163,56.85026701638727
1723528509.70366,296.1821811199188,1723528509.6903012,0.013358831405639648,-0.6638278409594994,-2.143052996312216,0.0,0.24142399779058366,-46.066273,-36.307249,0.601553,1.4169643508,45.402445159040504,34.164196003687785,-0.601553,-1.1755403530094164,-67.35350087475848,56.82372903118807
1723528509.8046613,296.2831823825836,1723528509.8125255,-0.007864236831665039,-0.3777605802188501,-2.1244151631235426,0.0,0.23627368231431234,-45.950375,-36.026922,0.6069260000000001,1.4112717023,45.572614419781154,33.902506836876455,-0.6069260000000001,-1.1749980199856878,-67.32242748140827,56.8032702759971
1723528509.8936608,296.372181892395,1723528509.9138448,-0.020184040069580078,-0.11323285225018433,-2.112834730355618,0.0,0.23226457020809962,-45.82943,-35.75663,0.603464,1.4054654851000001,45.71619714774982,33.643795269644386,-0.603464,-1.1732009148919005,-67.21946094419279,56.76477614328247
1723528509.993662,296.47218322753906,1723528510.000629,-0.006966829299926758,0.1625819806407189,-2.1032457583329154,0.0,0.22867726968004165,-45.711701000000005,-35.475837,0.600782,1.3994594906,45.87428298064072,33.37259124166708,-0.600782,-1.1707822209199583,-67.08087998766678,56.73218331937192
1723528510.1036615,296.58218264579773,1723528510.1019444,0.0017170906066894531,0.4222214786635704,-2.0976072649210367,0.0,0.2264504808934142,-45.591144,-35.189517,0.59877,1.3953475103,46.01336547866357,33.091909735078964,-0.59877,-1.1688970294065857,-66.97286647037664,56.68035654528456
1723528510.2336621,296.7121832370758,1723528510.2101188,0.023543357849121094,0.688385038154073,-2.096204525085572,0.0,0.22480558511780568,-45.473881,-34.908738,0.60014,1.3908124329,46.16226603815407,32.812533474914424,-0.60014,-1.1660068477821943,-66.80727126127275,56.63900887938711
1723528510.293662,296.77218317985535,1723528510.3373036,-0.04364156723022461,0.952422101138335,-2.1037707998838586,0.0,0.2228176938834987,-45.354079,-34.626557,0.589802,1.3867170494,46.30650110113833,32.52278620011614,-0.589802,-1.1638993555165014,-66.68652084909208,56.58950019966066
1723528510.4036632,296.88218426704407,1723528510.441711,-0.03804779052734375,1.21355487155156,-2.106762622567205,0.0,0.21953533114174784,-45.235313000000005,-34.348121,0.580585,1.3814035395,46.44886787155156,32.241358377432796,-0.580585,-1.161868208358252,-66.57014468935441,56.54502272979591
1723528510.4936624,296.97218346595764,1723528510.542664,-0.04900169372558594,1.477981649904831,-2.1115367148713915,0.0,0.21811805397526474,-45.104600000000005,-34.068905,0.574099,1.3774610705,46.58258164990484,31.95736828512861,-0.574099,-1.1593430165247354,-66.42546185483299,56.49371549600182
1723528510.6336622,297.11218333244324,1723528510.6624799,-0.02881765365600586,1.73000709575596,-2.111084875007125,0.0,0.215830552777998,-44.977629,-33.784344,0.574546,1.3731099723,46.70763609575596,31.67325912499287,-0.574546,-1.157279419522002,-66.30722645596052,56.43694460509556
1723528510.7036624,297.1821835041046,1723528510.6624799,0.041182518005371094,1.9944912469925102,-2.1043933487314166,0.0,0.21362479409910587,-44.977629,-33.784344,0.574546,1.3731099723,46.97212024699251,31.67995065126858,-0.574546,-1.1594851782008941,-66.43360711888539,56.65976929771998
1723528510.8236625,297.3021836280823,1723528510.7836607,0.040001869201660156,2.262064904135216,-2.091336597955867,0.0,0.21138745084862087,-44.850092000000004,-33.50109,0.579377,1.3702872004,47.11215690413522,31.40975340204413,-0.579377,-1.158899749551379,-66.40006452806215,56.62564449651066
1723528510.9336638,297.4121849536896,1723528510.8903644,0.04329943656921387,2.5265568181042366,-2.0788990294734955,0.0,0.20925066414264837,-44.724144,-33.209813,0.5735180000000001,1.3671178866,47.25070081810424,31.1309139705265,-0.5735180000000001,-1.1578672224573516,-66.34090508334145,56.58702550354315
1723528511.033663,297.5121841430664,1723528510.9925098,0.0411531925201416,2.7810134594916986,-2.0815948145142453,0.0,0.20732652804072194,-44.599004,-32.923218,0.5655840000000001,1.3640093309,47.3800174594917,30.84162318548575,-0.5655840000000001,-1.1566828028592782,-66.27304283919926,56.53663998185854
1723528511.1336644,297.61218547821045,1723528511.104117,0.029547452926635742,3.022032917949187,-2.096212066328082,0.0,0.20674339792931118,-44.471167,-32.640644,0.560782,1.3605988844,47.49319991794919,30.54443193367192,-0.560782,-1.153855486470689,-66.11104954278494,56.47017652751344
1723528511.2336638,297.71218490600586,1723528511.1846862,0.04897761344909668,3.268912828370775,-2.1205755736328915,0.0,0.20396052206357718,-44.344379,-32.349254,0.5555880000000001,1.3577545105,47.61329182837078,30.22867842636711,-0.5555880000000001,-1.1537939884364228,-66.10752596497314,56.40130527003835
1723528511.3336651,297.8121862411499,1723528511.3140464,0.019618749618530273,3.5239377143563018,-2.129148742125053,0.0,0.20144845539371656,-44.211811000000004,-32.055955,0.555185,1.3558814343,47.735748714356305,29.926806257874944,-0.555185,-1.1544329789062835,-66.14413742204523,56.343798846907525
1723528511.4336643,297.91218543052673,1723528511.462114,-0.02844977378845215,3.783860504622076,-2.120980105109025,0.0,0.20044329016500573,-44.079269000000004,-31.768092,0.556915,1.3533280789,47.86312950462208,29.647111894890976,-0.556915,-1.1528847887349942,-66.05543265934672,56.304001314308344
1723528511.5336657,298.0121867656708,1723528511.5827222,-0.0490565299987793,4.035395277752234,-2.1196794842570257,0.0,0.19870622508997207,-43.941169,-31.47653,0.543598,1.3514576478,47.97656427775224,29.356850515742973,-0.543598,-1.152751422710028,-66.04779134898573,56.24829678209443
1723528511.6336648,298.1121859550476,1723528511.5827222,0.05094265937805176,4.260241420204232,-2.1213227774441905,0.0,0.19660334800035928,-43.941169,-31.47653,0.543598,1.3514576478,48.20141042020423,29.35520722255581,-0.543598,-1.1548542997996407,-66.16827733105528,56.439344932075265
1723528511.7336662,298.21218729019165,1723528511.6846476,0.04901862144470215,4.475563973582648,-2.1262944618566046,0.0,0.19586506887327862,-43.803544,-31.187855,0.5308160000000001,1.348692126,48.27910797358265,29.061560538143393,-0.5308160000000001,-1.1528270571267214,-66.05212488184819,56.353600889942086
1723528511.8336654,298.3121864795685,1723528511.820509,0.013156414031982422,4.683895342739449,-2.1351632154149707,0.0,0.19400105003684853,-43.662694,-30.90278,0.532692,1.3464307569,48.34658934273945,28.76761678458503,-0.532692,-1.1524297068631515,-66.02935838875722,56.260574448783316
1723528511.9336667,298.4121878147125,1723528511.9527962,-0.019129514694213867,4.890309484468222,-2.1508917641736716,0.0,0.19189125670549556,-43.529883000000005,-30.630297,0.5343490000000001,1.3431959054,48.42019248446823,28.479405235826327,-0.5343490000000001,-1.1513046486945044,-65.96489730398703,56.177193697025906
1723528512.0336657,298.5121867656708,1723528512.0945709,-0.06090521812438965,5.07682743898546,-2.169266181609577,0.0,0.1902933089354475,-43.404529000000004,-30.336168,0.530271,1.3418614208,48.481356438985465,28.166901818390425,-0.530271,-1.1515681118645524,-65.97999263168792,56.07225220681121
1723528512.133667,298.6121881008148,1723528512.0945709,0.03909611701965332,5.247426597980411,-2.1755581094679983,0.0,0.18881080198279146,-43.404529000000004,-30.336168,0.530271,1.3418614208,48.65195559798042,28.160609890532,-0.530271,-1.1530506188172085,-66.0649340231739,56.21666941617965
1723528512.233666,298.71218705177307,1723528512.2003744,0.03329157829284668,5.406662763950678,-2.1687178967408847,0.0,0.18752687857073672,-43.264817,-30.044362,0.520584,1.3388751043,48.67147976395068,27.875644103259116,-0.520584,-1.1513482257292633,-65.96739408416241,56.091313804236044
1723528512.3336673,298.8121883869171,1723528512.324297,0.00937032699584961,5.5570693908685564,-2.1591374124143248,0.0,0.18629803994747984,-43.114598,-29.753722,0.500835,1.3364657974,48.671667390868556,27.594584587585675,-0.500835,-1.1501677574525202,-65.89975823405595,55.95215045792238
1723528512.4336665,298.91218757629395,1723528512.4380403,-0.004373788833618164,5.69800172789264,-2.15215241198683,0.0,0.18577852074176124,-42.976401,-29.464491,0.49620899999999996,1.3346096024,48.67440272789264,27.31233858801317,-0.49620899999999996,-1.1488310816582388,-65.82317235246632,55.81583595571275
1723528512.5336678,299.012188911438,1723528512.5710826,-0.0374147891998291,5.832277396263072,-2.1499362700526308,0.0,0.18492335336148535,-42.836397000000005,-29.178124,0.49615499999999996,1.3333526972,48.66867439626308,27.02818772994737,-0.49615499999999996,-1.1484293438385147,-65.80015447092535,55.67233576237641
1723528512.633667,299.1121881008148,1723528512.5710826,0.06258440017700195,5.9646221808087745,-2.156043946886719,0.0,0.18365491018498495,-42.836397000000005,-29.178124,0.49615499999999996,1.3333526972,48.80101918080878,27.02208005311328,-0.49615499999999996,-1.1496977870150151,-65.872830911491,55.785109601636115
1723528512.7336683,299.21218943595886,1723528512.7199295,0.013738870620727539,6.0783305925909,-2.162612390760251,0.0,0.18243172492692095,-42.685108,-28.887401,0.5014040000000001,1.3299816748,48.7634385925909,26.72478860923975,-0.5014040000000001,-1.147549949873079,-65.7497689081766,55.60880034268992
1723528512.8336678,299.3121888637543,1723528512.8336997,-3.1948089599609375e-05,6.172688583620448,-2.1645035783954727,0.0,0.18166488163374783,-42.543291,-28.583717,0.48973,1.3269404237,48.71597958362045,26.41921342160453,-0.48973,-1.1452755420662522,-65.61945493995383,55.42076632527661
1723528512.933669,299.4121901988983,1723528512.970163,-0.03649401664733887,6.266698754356471,-2.173196669033317,0.0,0.18101652191455164,-42.386132,-28.295858,0.485106,1.3254643868,48.65283075435647,26.122661330966682,-0.485106,-1.1444478648854484,-65.57203253069447,55.22433071804196
1723528513.0336683,299.51218938827515,1723528512.970163,0.06350517272949219,6.338528050406497,-2.178611624439094,0.0,0.1804804256944741,-42.386132,-28.295858,0.485106,1.3254643868,48.7246600504065,26.117246375560907,-0.485106,-1.144983961105526,-65.60274858151784,55.28506473814302
1723528513.1336696,299.6121907234192,1723528513.1136556,0.020014047622680664,6.396280114723463,-2.1812026741030834,0.0,0.17972931597522512,-42.246084,-28.008961,0.487102,1.3227243365,48.64236411472346,25.827758325896916,-0.487102,-1.142995020524775,-65.48879068053851,55.07621950686774
1723528513.2336688,299.712189912796,1723528513.2715166,-0.03784775733947754,6.453567159305644,-2.1871554105232645,0.0,0.1792220355349503,-42.100950000000005,-27.718436999999998,0.484203,1.3198509683,48.55451715930565,25.531281589476734,-0.484203,-1.1406289327650496,-65.35322383794869,54.860021224199954
1723528513.33367,299.8121910095215,1723528513.393228,-0.05955815315246582,6.490108379003593,-2.1948591523439442,0.0,0.17892841589465067,-41.955786,-27.428845,0.47758199999999995,1.3173976208,48.4458943790036,25.233985847656054,-0.47758199999999995,-1.1384692049053493,-65.22948054669104,54.62588039114795
1723528513.433669,299.9121901988983,1723528513.393228,0.040441036224365234,6.515031679545265,-2.200289805684716,0.0,0.17883260097095552,-41.955786,-27.428845,0.47758199999999995,1.3173976208,48.47081767954527,25.228555194315284,-0.47758199999999995,-1.1385650198290445,-65.23497033743314,54.64547783927829
1723528513.5336697,300.0121908187866,1723528513.510013,0.023656606674194336,6.5284748509981,-2.20285693847247,0.0,0.17891974793392995,-41.807605,-27.145059999999997,0.47961299999999996,1.3152485408,48.336079850998104,24.94220306152753,-0.47961299999999996,-1.1363287928660701,-65.10684397042135,54.39411859341327
1723528513.6336718,300.1121928691864,1723528513.655929,-0.022257328033447266,6.517839311871333,-2.1934054453042555,0.0,0.17855183685844886,-41.661721,-26.857778,0.472593,1.3151188103,48.179560311871334,24.664372554695746,-0.472593,-1.136566973441551,-65.1204907121584,54.127854654565105
1723528513.7336733,300.212194442749,1723528513.794526,-0.060852766036987305,6.496423232789293,-2.192153776224225,0.0,0.17842668364462536,-41.505065,-26.566098999999998,0.470574,1.3133128177,48.00148823278929,24.373945223775774,-0.470574,-1.1348861340553746,-65.02418570929113,53.837287433745274
1723528513.8336723,300.3121933937073,1723528513.794526,0.03914618492126465,6.477181429858991,-2.1937595237379464,0.0,0.17861986554329778,-41.505065,-26.566098999999998,0.470574,1.3133128177,47.98224642985899,24.372339476262052,-0.470574,-1.1346929521567022,-65.01311720181887,53.81940490094027
1723528513.9336736,300.4121947288513,1723528513.9060059,0.027667760848999023,6.473960526655638,-2.1957282730166976,0.0,0.17857083931278692,-41.349526000000004,-26.262231999999997,0.463794,1.3119039495,47.82348652665564,24.0665037269833,-0.463794,-1.133333110187213,-64.93520399616239,53.53968220003319
1723528514.033673,300.51219415664673,1723528514.0330958,0.0005772113800048828,6.4754440652947345,-2.2007810491415256,0.0,0.17871572321512733,-41.192757,-25.97749,0.45543,1.3130081385,47.66820106529474,23.776708950858474,-0.45543,-1.1342924152848728,-64.99016812952368,53.27097425258994
1723528514.1336746,300.61219573020935,1723528514.17014,-0.03646540641784668,6.4738246983351715,-2.2007793507840394,0.0,0.17866429572809128,-41.042819,-25.683338,0.44532,1.3137925764,47.51664369833517,23.48255864921596,-0.44532,-1.1351282806719087,-65.0380596884419,53.0043422652409
1723528514.2336738,300.7121949195862,1723528514.17014,0.06353378295898438,6.471737839992147,-2.2002384316462122,0.0,0.1783798602605686,-41.042819,-25.683338,0.44532,1.3137925764,47.514556839992146,23.483099568353786,-0.44532,-1.1354127161394314,-65.05435664027479,53.00271112820987
1723528514.333675,300.81219601631165,1723528514.3127801,0.020894765853881836,6.474436505637598,-2.1986216395280587,0.0,0.17878633914179876,-40.899771,-25.391889,0.44062599999999996,1.3146412166,47.3742075056376,23.19326736047194,-0.44062599999999996,-1.1358548774582014,-65.07969061770424,52.74881362564867
1723528514.4336743,300.91219544410706,1723528514.4347398,-0.0010654926300048828,6.472152907063887,-2.1984576192450236,0.0,0.1783590662382184,-40.750559,-25.100845,0.44361199999999995,1.3159555132,47.22271190706389,22.902387380754977,-0.44361199999999995,-1.1375964469617816,-65.17947519998809,52.48524229916694
1723528514.533676,301.0121970176697,1723528514.5629168,-0.029240846633911133,6.4816692747751175,-2.1982914602651995,0.0,0.178735632912618,-40.602551000000005,-24.809226,0.44259699999999996,1.3173371881,47.08422027477512,22.6109345397348,-0.44259699999999996,-1.138601555187382,-65.23706365926887,52.23384010149096
1723528514.6636753,301.14219641685486,1723528514.690217,-0.026541709899902344,6.48042475309303,-2.1921641322410377,0.0,0.17883532746886563,-40.445597,-24.512912,0.442057,1.3182777433000001,46.92602175309303,22.32074786775896,-0.442057,-1.1394424158311345,-65.28524142531454,51.96597653599012
1723528514.7636766,301.2421977519989,1723528514.8341298,-0.07045316696166992,6.484692733776885,-2.1910918887799093,0.0,0.17855159511596505,-40.298776000000004,-24.215255,0.44538,1.3195609139,46.783468733776886,22.02416311122009,-0.44538,-1.1410093187840349,-65.37501835142233,51.71029946595076
1723528514.8636758,301.34219694137573,1723528514.8341298,0.029546022415161133,6.485871292348455,-2.1925790228604596,0.0,0.17876757674921293,-40.298776000000004,-24.215255,0.44538,1.3195609139,46.78464729234846,22.02267597713954,-0.44538,-1.140793337150787,-65.36264351538487,51.710732375474315
1723528514.963677,301.4421980381012,1723528514.9828937,-0.01921677589416504,6.485611334518975,-2.1936553818729574,0.0,0.1786616815205737,-40.148941,-23.917457,0.44498899999999997,1.3226759364,46.63455233451897,21.72380161812704,-0.44498899999999997,-1.1440142548794263,-65.54718850739478,51.448061609693795
1723528515.0636759,301.54219698905945,1723528515.110544,-0.046868085861206055,6.4888464490663615,-2.197399213053885,0.0,0.178686328970644,-40.007901000000004,-23.606111,0.434411,1.3237384613,46.49674744906636,21.408711786946114,-0.434411,-1.145052132329356,-65.60665450492755,51.19051842515082
1723528515.1636772,301.6421983242035,1723528515.110544,0.053133249282836914,6.486006764129305,-2.1955980843799363,0.0,0.17854530872686292,-40.007901000000004,-23.606111,0.434411,1.3237384613,46.49390776412931,21.41051291562006,-0.434411,-1.1451931525731371,-65.61473436972211,51.18869245650076
1723528515.2636793,301.74220037460327,1723528515.2351859,0.028493404388427734,6.486399437426804,-2.198001940272199,0.0,0.17856174926527887,-39.859972,-23.314501,0.42163599999999996,1.326223572,46.346371437426804,21.1164990597278,-0.42163599999999996,-1.147661822734721,-65.75617875099074,50.93201797368637
1723528515.3636806,301.8422017097473,1723528515.4302664,-0.06658577919006348,6.487889515197481,-2.2003366790906016,0.0,0.17859553904681572,-39.712825,-23.023224,0.409474,1.3296355166,46.20071451519748,20.8228873209094,-0.409474,-1.1510399775531843,-65.94973276463047,50.67806554171879
1723528515.4636798,301.94220089912415,1723528515.4302664,0.03341341018676758,6.48418963640422,-2.1985801011919532,0.0,0.1783513606153595,-39.712825,-23.023224,0.409474,1.3296355166,46.19701463640422,20.824643898808045,-0.409474,-1.1512841559846405,-65.96372315820103,50.675414391842764
1723528515.5636811,302.0422022342682,1723528515.584213,-0.020531892776489258,6.483898982580062,-2.195209224415129,0.0,0.17840914664980678,-39.570377,-22.739881999999998,0.415576,1.3320865235000001,46.054275982580066,20.544672775584868,-0.415576,-1.1536773768501933,-66.10084461323986,50.4306714128147
1723528515.6636832,302.14220428466797,1723528515.7077487,-0.04406547546386719,6.488018240053455,-2.1971316235872247,0.0,0.1785430547812612,-39.427959,-22.427795,0.42455499999999996,1.335124727,45.91597724005346,20.230663376412775,-0.42455499999999996,-1.1565816722187388,-66.26724848031691,50.177056046632124
1723528515.7636843,302.24220538139343,1723528515.810989,-0.047304630279541016,6.491881137914074,-2.196591470846301,0.0,0.1783774824383717,-39.289287,-22.126597999999998,0.40557,1.3385427998000001,45.78116813791408,19.930006529153697,-0.40557,-1.1601653173616284,-66.47257622227704,49.932804881650384
1723528515.863684,302.3422050476074,1723528515.810989,0.05269503593444824,6.494677026724335,-2.194698149477222,0.0,0.17843485740653175,-39.289287,-22.126597999999998,0.40557,1.3385427998000001,45.783964026724334,19.931899850522775,-0.40557,-1.1601079423934684,-66.46928887875177,49.93612400533864
1723528515.963685,302.4422061443329,1723528515.9618545,0.0018305778503417969,6.496696663153706,-2.1994004868636012,0.0,0.1787233855695849,-39.154025000000004,-21.847112,0.40858799999999995,1.3410145261,45.65072166315371,19.647711513136397,-0.40858799999999995,-1.162291140530415,-66.59437691783964,49.70098490195047
1723528516.0636847,302.5422058105469,1723528516.084017,-0.02033233642578125,6.494884926095233,-2.19711892332128,0.0,0.1783445926425928,-39.023375,-21.566912,0.393501,1.3450865811000001,45.51825992609523,19.369793076678718,-0.393501,-1.1667419884574073,-66.84939171931084,49.469745436679965
1723528516.1636858,302.64220690727234,1723528516.194232,-0.030546188354492188,6.493502539467923,-2.1974332560034724,0.0,0.1783179671821804,-38.882918000000004,-21.272392,0.39955799999999997,1.348364503,45.37642053946793,19.07495874399653,-0.39955799999999997,-1.1700465358178196,-67.03872833626357,49.22431552246491
1723528516.2636855,302.7422065734863,1723528516.3010163,-0.03733086585998535,6.496478169643338,-2.200574860283525,0.0,0.17848893688666445,-38.743032,-20.973733,0.40023699999999995,1.3502446264,45.23951016964334,18.773158139716475,-0.40023699999999995,-1.1717556895133356,-67.13665562955583,48.98167960150239
1723528516.3636866,302.8422076702118,1723528516.4022987,-0.03861212730407715,6.495217879954286,-2.1969282728842354,0.0,0.17828867886348657,-38.609965,-20.661989,0.39391699999999996,1.3529700344,45.105182879954285,18.465060727115763,-0.39391699999999996,-1.1746813555365134,-67.30428394494874,48.74003652945987
1723528516.4636862,302.9422073364258,1723528516.4022987,0.06138753890991211,6.491868258250413,-2.1947884758740024,0.0,0.17847576212617436,-38.609965,-20.661989,0.39391699999999996,1.3529700344,45.101833258250416,18.467200524125996,-0.39391699999999996,-1.1744942722738256,-67.29356486357919,48.737747476224136
1723528516.563687,303.04220819473267,1723528516.529566,0.034121036529541016,6.494786416842171,-2.195364524510558,0.0,0.17815472161199034,-38.473935000000004,-20.35014,0.389727,1.3549443463,44.96872141684217,18.15477547548944,-0.389727,-1.1767896246880096,-67.4250788694071,48.496738710613535
1723528516.663686,303.1422071456909,1723528516.6676607,-0.0039746761322021484,6.496471057504997,-2.197599079904654,0.0,0.17846823162108325,-38.329581000000005,-20.060277,0.388856,1.3589877272,44.826052057505,17.862677920095344,-0.388856,-1.1805194955789167,-67.63878472958477,48.25558428335467
1723528516.7636871,303.2422082424164,1723528516.7505467,0.013140439987182617,6.496915882679498,-2.1952371816819594,0.0,0.17826955115668408,-38.190694,-19.753705999999998,0.39391699999999996,1.3621435943,44.687609882679496,17.558468818318037,-0.39391699999999996,-1.183874043143316,-67.83098614720073,48.014971361787666
1723528516.8636863,303.3422074317932,1723528516.8722003,-0.008513927459716797,6.497949208731121,-2.197001005708093,0.0,0.17830739096867762,-38.059795,-19.449063,0.399178,1.3637979171,44.55774420873112,17.252061994291907,-0.399178,-1.1854905261313224,-67.92360380006821,47.782690957095404
1723528516.9636877,303.44220876693726,1723528516.9753323,-0.011644601821899414,6.498538788854616,-2.199294763931699,0.0,0.17842753869786906,-37.942946,-19.155365999999997,0.377374,1.3673396985,44.441484788854616,16.956071236068297,-0.377374,-1.1889121598021308,-68.11964896844539,47.567807739441754
1723528517.0636866,303.5422077178955,1723528517.103152,-0.03946542739868164,6.502143702915814,-2.199344887265212,0.0,0.1785316854940535,-37.806035,-18.869215,0.363471,1.3694933869,44.30817870291582,16.669870112734788,-0.363471,-1.1909617014059466,-68.2370790522805,47.34164531058054
1723528517.153688,303.6322090625763,1723528517.103152,0.05053591728210449,6.502313918999307,-2.1988536734155053,0.0,0.1784794139563863,-37.806035,-18.869215,0.363471,1.3694933869,44.30834891899931,16.670361326584494,-0.363471,-1.1910139729436138,-68.24007399077749,47.34197758706866
1723528517.2636871,303.7422082424164,1723528517.2313616,0.03232550621032715,6.501366891047644,-2.1995601834734257,0.0,0.17851994826255257,-37.680218,-18.582628,0.36091799999999996,1.372751732,44.18158489104765,16.383067816526573,-0.36091799999999996,-1.1942317837374474,-68.4244409685358,47.12268685430068
1723528517.3636885,303.8422095775604,1723528517.3443274,0.019361019134521484,6.500767927868717,-2.1988817613681175,0.0,0.1783030638100147,-37.557005000000004,-18.275287,0.36034299999999997,1.3743336467,44.05777292786872,16.07640523863188,-0.36034299999999997,-1.1960305828899853,-68.52750456816793,46.900618416370605
1723528517.463688,303.94220900535583,1723528517.4592848,0.004403114318847656,6.499029002879115,-2.2006623105373673,0.0,0.1784277655919051,-37.423888000000005,-17.966798,0.35366499999999995,1.3769223665,43.92291700287912,15.766135689462633,-0.35366499999999995,-1.198494600908095,-68.66868240124981,46.66817707552524
1723528517.5636892,304.0422103404999,1723528517.5916128,-0.027923583984375,6.499850553807279,-2.1990452028462526,0.0,0.1782751512914924,-37.302440000000004,-17.669014999999998,0.342437,1.3770737206,43.80229055380728,15.469969797153745,-0.342437,-1.1987985693085077,-68.6860985076988,46.45511690205905
1723528517.6636887,304.1422097682953,1723528517.724694,-0.061005353927612305,6.5006635887967095,-2.1963783778341655,0.0,0.17834108961713202,-37.173252000000005,-17.371463,0.331026,1.3753860129,43.67391558879672,15.175084622165834,-0.331026,-1.197044923282868,-68.58562199166974,46.23638907137874
1723528517.7636898,304.24221086502075,1723528517.724694,0.03899574279785156,6.501555202340993,-2.197081286713315,0.0,0.17840779709300536,-37.173252000000005,-17.371463,0.331026,1.3753860129,43.674807202341,15.174381713286683,-0.331026,-1.1969782158069946,-68.58179993484023,46.23700058129704
1723528517.863689,304.3422100543976,1723528517.8466299,0.0170590877532959,6.498527045517758,-2.193514764984095,0.0,0.1782701323695699,-37.034238,-17.071627,0.32622399999999996,1.3749035693,43.53276504551776,14.878112235015905,-0.32622399999999996,-1.1966334369304301,-68.56204556034783,46.006154786986485
1723528517.96369,304.44221115112305,1723528517.9500628,0.013627290725708008,6.495718165961682,-2.1949518015707437,0.0,0.1781974546170377,-36.908965,-16.772968,0.33044599999999996,1.3726062498,43.404683165961686,14.578016198429255,-0.33044599999999996,-1.1944087951829623,-68.43458297728931,45.788582327673126
1723528518.0636895,304.54221057891846,1723528518.052372,0.01131749153137207,6.491894850009233,-2.1947519437452843,0.0,0.1784694933203732,-36.785361,-16.486674,0.31689999999999996,1.3713685953,43.27725585000923,14.291922056254716,-0.31689999999999996,-1.192899101979627,-68.34808392837861,45.5771909575307
1723528518.1636908,304.6422119140625,1723528518.1810029,-0.017312049865722656,6.495913387535736,-2.194072309962052,0.0,0.17831358552602206,-36.655774,-16.189867,0.307395,1.3692364736,43.15168738753574,13.995794690037947,-0.307395,-1.190922888073978,-68.23485521216986,45.365679594637726
1723528518.2636902,304.7422113418579,1723528518.3314912,-0.06780099868774414,6.497252526644097,-2.1933844432546583,0.0,0.1780763806757748,-36.532905,-15.914538,0.307295,1.3678121294,43.030157526644096,13.721153556745342,-0.307295,-1.1897357487242253,-68.16683713773513,45.16590463959087
1723528518.3936918,304.8722128868103,1723528518.4327323,-0.039040565490722656,6.49661665004945,-2.1932112432750253,0.0,0.17811194588746826,-36.405947000000005,-15.641522,0.29898199999999997,1.3659878645,42.90256365004946,13.448310756724975,-0.29898199999999997,-1.1878759186125318,-68.06027672172375,44.96194413270309
1723528518.5036907,304.9822118282318,1723528518.5356717,-0.03198099136352539,6.49933220129693,-2.1925566922205717,0.0,0.17831421470842113,-36.274151,-15.357999000000001,0.293985,1.3633396325,42.77348320129693,13.16544230777943,-0.293985,-1.1850254177915789,-67.89695505518456,44.75473342017941
1723528518.6036918,305.0822129249573,1723528518.6415358,-0.037843942642211914,6.500472576252615,-2.1926542555099013,0.0,0.17820271490085426,-36.145809,-15.083935,0.276155,1.3598405034,42.64628157625261,12.8912807444901,-0.276155,-1.1816377884991458,-67.70285819417326,44.552965255954724
1723528518.7036905,305.18221163749695,1723528518.6415358,0.06215476989746094,6.497681428788331,-2.1942626633101767,0.0,0.17829516047158697,-36.145809,-15.083935,0.276155,1.3598405034,42.64349042878833,12.889672336689824,-0.276155,-1.181545342928413,-67.69756145313559,44.549828175666555
1723528518.8036919,305.282212972641,1723528518.76982,0.03387188911437988,6.498445316804171,-2.192600306254333,0.0,0.1784933407735232,-36.015142000000004,-14.816777,0.270738,1.3547367669000001,42.51358731680418,12.624176693745667,-0.270738,-1.176243426126477,-67.39378399705515,44.349162819641684
1723528518.9046907,305.38321185112,1723528518.9077644,-0.0030736923217773438,6.4978102434084475,-2.1917891642225715,0.0,0.17813433973057388,-35.885846,-14.546009000000002,0.267677,1.3481562144,42.383656243408446,12.35421983577743,-0.267677,-1.1700218746694262,-67.03731535654268,44.148303651289496
1723528519.0036922,305.4822132587433,1723528519.0204437,-0.016751527786254883,6.498136663836526,-2.189889079164272,0.0,0.17851207372325595,-35.7597,-14.278066,0.26631499999999997,1.3407819570000001,42.25783666383653,12.088176920835728,-0.26631499999999997,-1.1622698832767442,-66.59315896692026,43.95360854874304
1723528519.1036918,305.5822129249573,1723528519.1213915,-0.017699718475341797,6.499512248324177,-2.189425758289627,0.0,0.17824386570880746,-35.63066,-14.010044,0.274088,1.3327466811,42.13017224832418,11.820618241710374,-0.274088,-1.1545028153911925,-66.14813875788654,43.75789704180795
1723528519.2036932,305.6822142601013,1723528519.2486126,-0.044919490814208984,6.50323594996887,-2.188572212696674,0.0,0.1784177518384249,-35.511646,-13.759428000000002,0.26582799999999995,1.3226393238,42.01488194996887,11.570855787303328,-0.26582799999999995,-1.1442215719615751,-65.55906690122286,43.57987693243264
1723528519.3036926,305.78221368789673,1723528519.2486126,0.05507993698120117,6.5051007542908055,-2.1947048801553555,0.0,0.17856191830671445,-35.511646,-13.759428000000002,0.26582799999999995,1.3226393238,42.01674675429081,11.564723119844647,-0.26582799999999995,-1.1440774054932856,-65.55080677104257,43.580046961636704
1723528519.4036942,305.88221526145935,1723528519.364575,0.03911924362182617,6.500408370766253,-2.1911404944645003,0.0,0.1784102272150161,-35.372409000000005,-13.509188,0.266555,1.3110230806,41.872817370766256,11.3180475055355,-0.266555,-1.132612853384984,-64.89393632122908,43.37628482790023
1723528519.5036936,305.98221468925476,1723528519.5094788,-0.005785226821899414,6.505114261989867,-2.1938856879180872,0.0,0.1785413964573701,-35.227528,-13.275394,0.25815899999999997,1.2980935164,41.73264226198987,11.081508312081914,-0.25815899999999997,-1.11955211994263,-64.14561141763681,43.179623698073655
1723528519.6046948,306.08321595191956,1723528519.6105053,-0.00581049919128418,6.501234261445675,-2.1908745669950327,0.0,0.17820061880707527,-35.084626,-13.0305,0.253142,1.2845342417,41.585860261445674,10.839625433004967,-0.253142,-1.1063336228929248,-63.38824732518258,42.97610189494271
1723528519.7036943,306.1822154521942,1723528519.752302,-0.048607587814331055,6.5022790418646155,-2.1917118109797498,0.0,0.17812485071798578,-34.943341000000004,-12.776518000000001,0.24790900000000002,1.2699803995,41.44562004186462,10.584806189020252,-0.24790900000000002,-1.0918555487820143,-62.55871478314979,42.776617463118946
1723528519.8036954,306.2822165489197,1723528519.752302,0.05139350891113281,6.500223324841462,-2.193450156036614,0.0,0.17853261436264223,-34.943341000000004,-12.776518000000001,0.24790900000000002,1.2699803995,41.44356432484147,10.583067843963388,-0.24790900000000002,-1.0914477851373579,-62.53535164727211,42.77419558342957
1723528519.9036944,306.38221549987793,1723528519.884092,0.019602298736572266,6.4962520548609,-2.195417946616497,0.0,0.17821328416582724,-34.796404,-12.542335000000001,0.241574,1.2549488101,41.2926560548609,10.346917053383503,-0.241574,-1.0767355259341727,-61.69240128782709,42.56994825662952
1723528520.003696,306.48221707344055,1723528519.991951,0.011744976043701172,6.498103078410891,-2.192648160639513,0.0,0.17827672785202298,-34.649095,-12.312722,0.23451,1.2390012995,41.147198078410895,10.120073839360488,-0.23451,-1.060724571647977,-60.77504118125118,42.37408169103125
1723528520.1036954,306.58221650123596,1723528520.1004484,0.0032470226287841797,6.501391840248057,-2.1959596809159394,0.0,0.17832927460999626,-34.491249,-12.088849000000002,0.229347,1.2219130572,40.99264084024806,9.892889319084063,-0.229347,-1.0435837825900038,-59.7929463107053,42.17011337646164
1723528520.203697,306.6822180747986,1723528520.201094,0.0026030540466308594,6.499668105659143,-2.1921437920281748,0.0,0.17836776020800205,-34.331511,-11.861692000000001,0.22975700000000002,1.2036762054,40.831179105659146,9.669548207971827,-0.22975700000000002,-1.025308445191998,-58.745846608621974,41.96115034152134
1723528520.3036964,306.782217502594,1723528520.322556,-0.0188596248626709,6.495709477908294,-2.1943180426580122,0.0,0.17819034083557025,-34.17452,-11.647867000000002,0.224725,1.1840052384,40.67022947790829,9.45354895734199,-0.224725,-1.0058148975644297,-57.628948601825044,41.75509136620596
1723528520.4046981,306.88321924209595,1723528520.423836,-0.019137859344482422,6.49797414500678,-2.1956845287233393,0.0,0.17823046504371698,-34.00493,-11.435491,0.231523,1.1629279435,40.50290414500678,9.239806471276662,-0.231523,-0.9846974784562829,-56.419009612719314,41.54410753290751
1723528520.5046976,306.98321866989136,1723528520.5412188,-0.036521196365356445,6.494988548226182,-2.194406483900461,0.0,0.1781897351372335,-33.829354,-11.225801,0.23497400000000002,1.1415630514000001,40.324342548226184,9.031394516099539,-0.23497400000000002,-0.9633733162627667,-55.1972251173784,41.32401119969833
1723528520.6046991,307.083220243454,1723528520.5412188,0.06348037719726562,6.497413482284842,-2.196845315984084,0.0,0.1784665162052841,-33.829354,-11.225801,0.23497400000000002,1.1415630514000001,40.32676748228484,9.028955684015916,-0.23497400000000002,-0.963096535194716,-55.181366730329984,41.32584456602025
1723528520.7046988,307.18321990966797,1723528520.6705072,0.03419160842895508,6.50395680571429,-2.1971029625973095,0.0,0.1786745620382133,-33.659136000000004,-11.026171000000001,0.237198,1.1203216102,40.16309280571429,8.829068037402692,-0.237198,-0.9416470481617867,-53.95240165062254,41.1227762805566
1723528520.7937,307.2722210884094,1723528520.7920933,0.0016067028045654297,6.498419460764729,-2.1954750810469994,0.0,0.1781910714738579,-33.489995,-10.83341,0.230127,1.0981627665,39.98841446076473,8.637934918953,-0.230127,-0.9199716950261421,-52.71049539649445,40.91136968113014
1723528520.8936996,307.3722207546234,1723528520.9028807,-0.009181022644042969,6.500151888017999,-2.1958071646698403,0.0,0.17831866216160328,-33.322389,-10.648288,0.22731600000000002,1.0759183954,39.822540888018,8.45248083533016,-0.22731600000000002,-0.8975997332383967,-51.42867640662869,40.71032875835498
1723528521.0037012,307.4822223186493,1723528521.0331128,-0.02941155433654785,6.497338874695756,-2.1937916724660194,0.0,0.17841087988759916,-33.144452,-10.479709000000001,0.219284,1.0549573199,39.64179087469576,8.285917327533982,-0.219284,-0.8765464400124008,-50.22241155992776,40.499087584592516
1723528521.1037006,307.5822217464447,1723528521.1543515,-0.050650835037231445,6.499223327094239,-2.1911728868072697,0.0,0.17852028682527532,-32.973808000000005,-10.302968,0.21526700000000001,1.0343819461000001,39.47303132709425,8.11179511319273,-0.21526700000000001,-0.8558616592747248,-49.03726092350542,40.298483370835065
1723528521.203702,307.68222308158875,1723528521.1543515,0.04935050010681152,6.497958599306759,-2.1908836168742534,0.0,0.17843122026322075,-32.973808000000005,-10.302968,0.21526700000000001,1.0343819461000001,39.47176659930676,8.112084383125747,-0.21526700000000001,-0.8559507258367793,-49.04236406160688,40.29730278058806
1723528521.2937014,307.7722225189209,1723528521.262428,0.03127336502075195,6.497656490744078,-2.1930783388457553,0.0,0.1780866164417536,-32.796272,-10.126893,0.21426,1.0135267102,39.29392849074408,7.933814661154246,-0.21426,-0.8354400937582465,-47.867191408361315,40.08745612608582
1723528521.393703,307.8722240924835,1723528521.3645873,0.029115676879882812,6.500983880898316,-2.193642167508327,0.0,0.1784086332938348,-32.606163,-9.955644000000001,0.21682,0.9927321413,39.10714688089832,7.762001832491674,-0.21682,-0.8143235080061652,-46.657300167040965,39.870598447028094
1723528521.5037026,307.98222374916077,1723528521.4732847,0.030417919158935547,6.496668631318315,-2.1955974266174163,0.0,0.17814066897925462,-32.421002,-9.790426,0.21452300000000002,0.9710267689000001,38.917670631318316,7.594828573382584,-0.21452300000000002,-0.7928860999207454,-45.42902716004679,39.65239625223643
1723528521.5937037,308.072224855423,1723528521.5965636,-0.002859830856323242,6.493587292634555,-2.1965527175688537,0.0,0.17829890074316565,-32.244825,-9.63807,0.20467000000000002,0.9514067913,38.73841229263455,7.441517282431147,-0.20467000000000002,-0.7731078905568344,-44.29581923716856,39.44721354199509
