timestamp_s,x_m,y_m,z_m,qx,qy,qz,qw,frame_id,child_frame_id
1723528220.6820433,1.0852218866348267,-0.12713195383548737,-0.022808270528912544,-0.009069030823705117,0.011068682406897786,0.050508602433496495,0.9986211083438548,odom,base_link
1723528220.8839364,1.2263236045837402,-0.14424817264080048,-0.023838281631469727,-0.009166073925564053,0.010966802374051614,0.053352684184866626,0.9984734365143368,odom,base_link
1723528221.0857654,1.3906878232955933,-0.16506944596767426,-0.03171262517571449,-0.00911430189252912,0.010810568797836912,0.05572185860398661,0.9983462002617111,odom,base_link
1723528221.2873702,1.5577113628387451,-0.18441420793533325,-0.033043719828128815,-0.009110715108878845,0.010754686033358227,0.057906970534421766,0.9982224773877086,odom,base_link
1723528221.4892945,1.7336485385894775,-0.19926437735557556,-0.03636009246110916,-0.008987732338465879,0.01078255329892613,0.06022938085814649,0.9980858574758047,odom,base_link
1723528221.691069,1.9191639423370361,-0.21102207899093628,-0.0443953312933445,-0.008804070267341816,0.010733668187842481,0.06240905613158213,0.997954100360696,odom,base_link
1723528221.8920772,2.127484083175659,-0.21863014996051788,-0.04978691413998604,-0.008958061432761079,0.010516579491415979,0.06446161651241333,0.9978245610766324,odom,base_link
1723528222.0937858,2.332212209701538,-0.24103789031505585,-0.052757374942302704,-0.008841127710752133,0.010384306342759777,0.06588413027873614,0.9977340737992245,odom,base_link
1723528222.2956777,2.5651190280914307,-0.2419644147157669,-0.06845861673355103,-0.00818010251479242,0.010067543682959243,0.06643562950554618,0.9977063884827244,odom,base_link
1723528222.4978886,2.8129048347473145,-0.24945493042469025,-0.07508126646280289,-0.008990648703637572,0.009817451046293923,0.06615070355992174,0.9977208378646648,odom,base_link
1723528222.6990762,3.073127269744873,-0.2754441499710083,-0.07893387228250504,-0.008929808241877129,0.00972811648508285,0.0655093849012182,0.9977645728147898,odom,base_link
1723528222.9011688,3.349853992462158,-0.2900437116622925,-0.08431200683116913,-0.008964576477399582,0.009777245170826938,0.0648500496587611,0.9978068515021866,odom,base_link
1723528223.102804,3.5949196815490723,-0.3305470645427704,-0.08101121336221695,-0.00941259212238052,0.009531694285405224,0.06411313156271566,0.9978527227375839,odom,base_link
1723528223.3041267,3.8466665744781494,-0.3495917320251465,-0.08321620523929596,-0.009127638408814646,0.009722556109086003,0.06372800874666856,0.9978781984896594,odom,base_link
1723528223.5062027,4.114158630371094,-0.37178099155426025,-0.09357324987649918,-0.00855990658113396,0.009305087823042697,0.06302550715949869,0.9979318257211841,odom,base_link
1723528223.707798,4.418273448944092,-0.373894602060318,-0.11154522746801376,-0.008355165591956194,0.008720944052839342,0.0626300030995051,0.9979637363424155,odom,base_link
1723528223.9096665,4.712540149688721,-0.40676555037498474,-0.10712406784296036,-0.009493723116482198,0.009589636317209587,0.06139989964480967,0.998022024015652,odom,base_link
1723528224.1113346,5.0446062088012695,-0.4406990110874176,-0.12703479826450348,-0.009319657518612126,0.00888365045443395,0.06085592678142507,0.9980635154707906,odom,base_link
1723528224.313096,5.383468151092529,-0.47391676902770996,-0.13320226967334747,-0.009325397698879034,0.008281079000480716,0.059908785164741206,0.9981259430294508,odom,base_link
1723528224.5150003,5.725550174713135,-0.5093398690223694,-0.14322017133235931,-0.009401663494407181,0.008339161344387561,0.05922877923606825,0.9981653263972934,odom,base_link
1723528224.7168612,6.061648368835449,-0.5385321974754333,-0.15026186406612396,-0.009162507117295028,0.007855602757163696,0.05870322233199053,0.9982025193599183,odom,base_link
1723528224.9183235,6.425195217132568,-0.5639195442199707,-0.1660638004541397,-0.008994711068275842,0.006934618003907845,0.05801915258937563,0.9982508623481119,odom,base_link
1723528225.1202328,6.794149398803711,-0.6016074419021606,-0.17013230919837952,-0.009850066703861134,0.006210620388123347,0.05834351371049441,0.99822865055469,odom,base_link
1723528225.3212004,7.167076587677002,-0.6494795680046082,-0.1775124967098236,-0.00967519891293201,0.006244006542488564,0.05836694687694532,0.9982287826047476,odom,base_link
1723528225.5234652,7.543332099914551,-0.6902954578399658,-0.1852411925792694,-0.009538253705315095,0.005907310129645178,0.059615911208708065,0.9981583384083113,odom,base_link
1723528225.7252207,7.926022052764893,-0.7263489365577698,-0.18735109269618988,-0.009604622814765432,0.005946763484547415,0.06154228414608823,0.9980405475163457,odom,base_link
1723528225.9266717,8.27054214477539,-0.7468228340148926,-0.19792453944683075,-0.009083565533743142,0.006527201247913205,0.0649934097578852,0.9978230009220609,odom,base_link
1723528226.1286287,8.611572265625,-0.7648517489433289,-0.20594249665737152,-0.009707096927837625,0.0051907691993411794,0.06838408216236339,0.9975983387572195,odom,base_link
1723528226.3305588,8.968667984008789,-0.790575385093689,-0.21269695460796356,-0.00940033507423713,0.004353873674707578,0.07182694939073996,0.9973633073387735,odom,base_link
1723528226.5316749,9.324801445007324,-0.8025991320610046,-0.21633993089199066,-0.009818166655260576,0.004518500390301466,0.07543542086299582,0.9970921141183372,odom,base_link
1723528226.7337203,9.68297290802002,-0.8181995749473572,-0.22595307230949402,-0.009509492856458059,0.004178775241220519,0.0785876725235323,0.9968530910372052,odom,base_link
1723528226.9354384,10.035517692565918,-0.8298950791358948,-0.22529472410678864,-0.009340240104018188,0.004066542056430849,0.08163344878975354,0.9966103567539288,odom,base_link
1723528227.1372037,10.392512321472168,-0.8540005683898926,-0.21974991261959076,-0.009686069313693695,0.004397720306809672,0.08443446337917668,0.996372250472294,odom,base_link
1723528227.3386729,10.72525691986084,-0.8742898106575012,-0.2360256463289261,-0.009717610638256177,0.0044731590080694964,0.08793448611579094,0.9960688154156436,odom,base_link
1723528227.5402641,11.06129264831543,-0.8799940943717957,-0.24773350358009338,-0.00902680971250468,0.003448299409907561,0.09122497300891985,0.9957834253677432,odom,base_link
1723528227.7425537,11.403934478759766,-0.8756827712059021,-0.2595141530036926,-0.00897620575016762,0.002660301492262747,0.09444248600085665,0.9954862969244123,odom,base_link
1723528227.9438868,11.75650405883789,-0.8783756494522095,-0.25868675112724304,-0.009308725493026674,0.0027507691857360074,0.09741642231965697,0.9951963733660913,odom,base_link
1723528228.1457646,12.110613822937012,-0.8779606223106384,-0.25633856654167175,-0.009786180175029413,0.0027038744835236788,0.10058334391757663,0.9948768319077079,odom,base_link
1723528228.3477333,12.461210250854492,-0.90086829662323,-0.25323763489723206,-0.00937196493978103,0.0024447103656289474,0.10359557221953627,0.9945723438146179,odom,base_link
1723528228.5492759,12.821688652038574,-0.8968629837036133,-0.25538870692253113,-0.009366793208596408,0.0021239205491193976,0.10647798380121991,0.9942686714928293,odom,base_link
1723528228.750771,13.203936576843262,-0.8859347701072693,-0.25797539949417114,-0.009276231356444621,0.002265514687629671,0.10922819317849543,0.9939708349795697,odom,base_link
1723528228.9527943,13.57110595703125,-0.8830490708351135,-0.2572198808193207,-0.009653139184122621,0.002170298354627719,0.1116057820382963,0.993703303871213,odom,base_link
1723528229.1544724,13.958843231201172,-0.8782061338424683,-0.25922179222106934,-0.009426130513162947,0.0021839763727521146,0.11431847078827097,0.9933970331883337,odom,base_link
1723528229.3562312,14.351425170898438,-0.8599842190742493,-0.26809942722320557,-0.009423909060494015,0.00238776341574942,0.1170624251375989,0.9930769744308817,odom,base_link
1723528229.55796,14.729222297668457,-0.8404144048690796,-0.2729179561138153,-0.009473964984536617,0.002256618546283962,0.11952805241972424,0.9927830560323619,odom,base_link
1723528229.7596455,15.12303638458252,-0.826915442943573,-0.2769356667995453,-0.009595401704171926,0.0022532967157334076,0.12197111471506422,0.9924847092500777,odom,base_link
1723528229.9611464,15.520469665527344,-0.8088589310646057,-0.28140729665756226,-0.009493153670609,0.002325596083047089,0.1245898217795879,0.9921601926832054,odom,base_link
1723528230.16263,15.905353546142578,-0.8174956440925598,-0.27385571599006653,-0.009629223383595613,0.0021264230336599573,0.12690163665413587,0.9918662868535317,odom,base_link
1723528230.3649154,16.29206085205078,-0.769295871257782,-0.29855984449386597,-0.009167855275501069,0.001804981419306132,0.12983547220339714,0.9914915242347987,odom,base_link
1723528230.566399,16.69314193725586,-0.7297912240028381,-0.30042794346809387,-0.009565648924810646,0.0013242876615936411,0.13137936457996333,0.9912851291053456,odom,base_link
1723528230.7680042,17.091405868530273,-0.7304028272628784,-0.30521926283836365,-0.009909373370843228,0.0009442556471167834,0.13264037156791403,0.9911142439350753,odom,base_link
1723528230.9693978,17.517189025878906,-0.7201896905899048,-0.3027186393737793,-0.009239356685113852,0.0010933741316413326,0.1342863540540071,0.9908988918834936,odom,base_link
1723528231.1718116,17.954051971435547,-0.6951782703399658,-0.3101962208747864,-0.009194039843405845,0.0004778301627604854,0.13583418604896377,0.9906888084611176,odom,base_link
1723528231.3727994,18.39113998413086,-0.6565843820571899,-0.3071066737174988,-0.0093717601237235,0.0010703690480063574,0.13781827173010988,0.9904126152264066,odom,base_link
1723528231.5748365,18.824642181396484,-0.6274014115333557,-0.3104972839355469,-0.00934446677226708,0.0008864090362597391,0.14063949412994606,0.9900163775971766,odom,base_link
1723528231.776999,19.261198043823242,-0.6009635925292969,-0.3224530518054962,-0.009210481106997738,0.0009954775248576064,0.14443938049921928,0.9894702832441594,odom,base_link
1723528231.9780726,19.688831329345703,-0.5996341109275818,-0.31418293714523315,-0.00895192815329264,0.00021257735129792929,0.150277685298054,0.9886032748755524,odom,base_link
1723528232.1801963,20.10251808166504,-0.5595377087593079,-0.3145698308944702,-0.008742132555744969,-0.00030204255577819206,0.1584628724930496,0.9873261882123475,odom,base_link
1723528232.3818188,20.525535583496094,-0.5093252658843994,-0.30134886503219604,-0.008548687592027766,-0.00015931301765637965,0.16815866477879884,0.9857228606558883,odom,base_link
1723528232.5835733,20.955062866210938,-0.4115999639034271,-0.29715606570243835,-0.008859978883684677,0.0017853882230998647,0.17952681788808061,0.9837115607849963,odom,base_link
1723528232.7855873,21.371389389038086,-0.3367779850959778,-0.29599493741989136,-0.009138784535125876,0.002707811262143021,0.19046953838539168,0.9816468332973142,odom,base_link
1723528232.987306,21.76176643371582,-0.20150843262672424,-0.40271490812301636,0.00068026401291805,0.011922590494892136,0.20325437387801615,0.9790531387908521,odom,base_link
1723528233.1889148,22.17728614807129,-0.11527824401855469,-0.3837279975414276,-0.0005469420208906323,0.013589549033215157,0.21824410160009805,0.9757994348882693,odom,base_link
1723528233.390222,22.579301834106445,-0.018914075568318367,-0.39057978987693787,0.0013622283947348928,0.01479323316471391,0.23533173591066328,0.97180156341694,odom,base_link
1723528233.5922499,22.962512969970703,0.12759070098400116,-0.41385480761528015,0.00014972602256978023,0.016313080909433897,0.2529468222503048,0.9673426311741011,odom,base_link
1723528233.7940724,23.346874237060547,0.291647344827652,-0.43399906158447266,-3.471754808741325e-05,0.015777973048081883,0.2702905596601448,0.9626495040874387,odom,base_link
1723528233.9957976,23.724634170532227,0.46767765283584595,-0.461637407541275,0.00024347566836730998,0.015306193835649205,0.2880917262839231,0.9574804532712998,odom,base_link
1723528234.1969275,24.101289749145508,0.642666757106781,-0.48113250732421875,0.0013577973208463976,0.014236394971874941,0.3058692475645555,0.9519661153838055,odom,base_link
1723528234.3987472,24.45937728881836,0.8365453481674194,-0.5058704614639282,0.001770596311023299,0.012764652603758352,0.32461225510172065,0.9457593840244908,odom,base_link
1723528234.600218,24.82463836669922,1.063133955001831,-0.5307006239891052,0.002386345577714513,0.012115478215730892,0.3428430673253447,0.9393115307124347,odom,base_link
1723528234.802438,25.19260025024414,1.3065295219421387,-0.5467310547828674,0.0028625495273791987,0.011904542196379687,0.36072775776070476,0.9325907851068614,odom,base_link
1723528235.0044224,25.566221237182617,1.5516332387924194,-0.5447319746017456,0.001924334335493765,0.012256496197268986,0.37944334173083827,0.9251317882628755,odom,base_link
1723528235.206069,25.93104362487793,1.816292643547058,-0.5639269948005676,0.003358953748208227,0.012636938199368147,0.39721613283268725,0.9176319354948953,odom,base_link
1723528235.4079065,26.276123046875,2.102405071258545,-0.5906853675842285,0.0032114790220229565,0.012448645334315212,0.41503875874567814,0.9097128922746331,odom,base_link
1723528235.6091166,26.60753631591797,2.3958795070648193,-0.5931907892227173,0.0024757740989911057,0.011351338420290855,0.4318204025567146,0.9018847806646012,odom,base_link
1723528235.8113105,26.94561767578125,2.704587697982788,-0.6037523746490479,0.00360277552022159,0.011010645402398623,0.4479973612895751,0.8939598145185003,odom,base_link
1723528236.0126646,27.256629943847656,3.0303118228912354,-0.6396897435188293,0.00398735059913308,0.01015674125579098,0.4643976607242479,0.8855595713198006,odom,base_link
1723528236.2145486,27.579063415527344,3.356316089630127,-0.6442797780036926,0.004900741402645099,0.009426185906281888,0.48004134142398697,0.8771815321111268,odom,base_link
1723528236.4165688,27.88640594482422,3.718618869781494,-0.6538958549499512,0.004632328940399839,0.010228497491420126,0.49642075806778785,0.8680094183400655,odom,base_link
1723528236.6182227,28.1835994720459,4.0972185134887695,-0.6749444603919983,0.0034733764866205397,0.010930272219685969,0.5120787346536341,0.8588619413622417,odom,base_link
1723528236.8196316,28.47049903869629,4.465925693511963,-0.6980947852134705,0.002530775198479496,0.012219769816953578,0.5267918575537877,0.8499027069127062,odom,base_link
1723528237.0213518,28.737146377563477,4.834948539733887,-0.706269383430481,0.0021809293705297196,0.013041040178312624,0.5389354035978835,0.8422433173180627,odom,base_link
1723528237.2233534,28.996910095214844,5.2015557289123535,-0.7307600378990173,0.0023927633113671946,0.013438746230172115,0.5481556761398865,0.8362649278184042,odom,base_link
1723528237.4249961,29.24498748779297,5.573974609375,-0.7319520711898804,0.002000003820145483,0.013220282217693596,0.5560682930420207,0.8310290473841077,odom,base_link
1723528237.6267748,29.477724075317383,5.952568531036377,-0.753612220287323,0.0024912694279852323,0.011771779739844269,0.56383993668898,0.8257964304675582,odom,base_link
1723528237.8284955,29.71577262878418,6.335235118865967,-0.7566271424293518,0.0021646690483414625,0.011465602092063763,0.5700590936731513,0.821520835948257,odom,base_link
1723528238.0300865,29.934551239013672,6.729955196380615,-0.7815514802932739,0.0007243133580261907,0.01031613873178503,0.5749534279564238,0.818120778573056,odom,base_link
1723528238.2318177,30.187925338745117,7.1137261390686035,-0.7835065126419067,-0.0020958648955625822,0.010452478920767139,0.5754226291488197,0.8177867392530955,odom,base_link
1723528238.4332075,30.447824478149414,7.498208045959473,-0.8152258396148682,0.001062135726183607,0.011180279826646801,0.5744394592823118,0.8184700243931614,odom,base_link
1723528238.6353498,30.699018478393555,7.895023822784424,-0.8193573951721191,0.0014652387799500553,0.01174019699318432,0.5741382223767578,0.818672903213448,odom,base_link
1723528238.8365293,30.93390464782715,8.286328315734863,-0.8400135040283203,-0.0002473492606176649,0.012184145350572355,0.573727260437327,0.8189557473096449,odom,base_link
1723528239.0384836,31.17014503479004,8.66598129272461,-0.8517638444900513,-0.0053671510476158675,0.011273096838898702,0.5740835070122565,0.8187015560958715,odom,base_link
1723528239.2399104,31.427898406982422,9.046063423156738,-0.8625853061676025,-0.004788438666047013,0.011350525879907616,0.5746604695372259,0.8182992002737423,odom,base_link
1723528239.4415452,31.67977523803711,9.439663887023926,-0.8660885691642761,0.0006777141728065612,0.010584208784490531,0.574711263375812,0.818287528303398,odom,base_link
1723528239.6433997,31.918781280517578,9.822635650634766,-0.8869024515151978,0.0029734305964184858,0.009609314235283752,0.5757165447723848,0.817587475360137,odom,base_link
1723528239.8453193,32.144039154052734,10.199601173400879,-0.9062986373901367,0.0012401430955179522,0.010267295162318094,0.5765056952263433,0.8170276788865498,odom,base_link
1723528240.0469537,32.38510513305664,10.581427574157715,-0.9145955443382263,-0.0025928415244932746,0.00987339530014533,0.5771251493695913,0.816591914730487,odom,base_link
1723528240.248712,32.615211486816406,10.968761444091797,-0.9278455972671509,-0.004250537933933553,0.010315545041754371,0.5783256175961026,0.8157297361809549,odom,base_link
1723528240.450725,32.85945129394531,11.353535652160645,-0.9319446086883545,-0.0034754514949237665,0.011860356738310875,0.5801209316924769,0.8144365891751174,odom,base_link
1723528240.652419,33.08222579956055,11.735570907592773,-0.9384644031524658,-0.0008444721789302494,0.015495798324074831,0.581476380856925,0.8134152602493827,odom,base_link
1723528240.8540268,33.31403732299805,12.127833366394043,-0.9612254500389099,-0.0024082490479460307,0.01195889285066476,0.5843330090503899,0.8114222820162301,odom,base_link
1723528241.0557792,33.54246520996094,12.494333267211914,-0.9687058925628662,-0.0016705634905088659,0.01143005959002782,0.5859924085055797,0.8102342007896375,odom,base_link
1723528241.2574732,33.75548553466797,12.875604629516602,-0.9849687814712524,-0.0014818102822835365,0.01120330410406977,0.5887401779465735,0.8082433377930659,odom,base_link
1723528241.458734,33.955142974853516,13.267207145690918,-0.9990795850753784,-0.002577293640682049,0.00832859617778909,0.5908585763115821,0.8067280426774858,odom,base_link
1723528241.6610656,34.182979583740234,13.641337394714355,-1.0083552598953247,-0.0014937510614455324,0.00953249294679775,0.5930854783815929,0.8050816825756645,odom,base_link
1723528241.8626323,34.406490325927734,14.03508186340332,-1.0207030773162842,-0.0017158543206008184,0.01013960819568784,0.5957521131799745,0.8031025238605488,odom,base_link
1723528242.0646167,34.627296447753906,14.420472145080566,-1.0290062427520752,0.00028717115790999044,0.010036921617095114,0.5985017986316968,0.8010585339235843,odom,base_link
1723528242.2662282,34.82349395751953,14.818413734436035,-1.0395721197128296,-0.0011015737455926885,0.010352155773959185,0.6007708582120054,0.7993534858429813,odom,base_link
1723528242.4674056,35.02058792114258,15.21023178100586,-1.0579982995986938,-0.0024281162718143598,0.010671562537437465,0.6024937480868738,0.7980485608787292,odom,base_link
1723528242.6690726,35.222999572753906,15.604928016662598,-1.0731847286224365,-0.0026550260152923776,0.013908173547095552,0.6061857320350502,0.7951970647723572,odom,base_link
1723528242.871285,35.43598556518555,16.000831604003906,-1.088201880455017,-0.0016344115132039725,0.013765616832956873,0.6108559005189499,0.7916204300631691,odom,base_link
1723528243.0729804,35.61515426635742,16.409875869750977,-1.0930888652801514,-0.0029002544243666396,0.013614143003257403,0.6165327675686708,0.7872061929054396,odom,base_link
1723528243.274672,35.80240249633789,16.818220138549805,-1.1233285665512085,-0.0031741790161714475,0.015231682795766206,0.6221780019383021,0.7827211855640837,odom,base_link
1723528243.4763398,35.97184753417969,17.227638244628906,-1.1345973014831543,-0.004145208902776109,0.01490264982964714,0.6289816539568723,0.7772662396224891,odom,base_link
1723528243.6778183,36.14754867553711,17.648813247680664,-1.1581361293792725,-0.0035621730198217402,0.014007466027974877,0.6351600248845006,0.7722453266984349,odom,base_link
1723528243.879552,36.327308654785156,18.075998306274414,-1.1773087978363037,-0.004108084428880574,0.018953115220686288,0.6421870784299726,0.766302589949514,odom,base_link
1723528244.0812347,36.48676300048828,18.49555015563965,-1.1989914178848267,-0.005198563326639121,0.019865339895670187,0.6510220382138531,0.7587810283408837,odom,base_link
1723528244.2832568,36.64036178588867,18.949668884277344,-1.2178981304168701,-0.0035687449759834026,0.021397332133101774,0.6620025589159585,0.7491875801330432,odom,base_link
1723528244.4851007,36.76681137084961,19.402063369750977,-1.2305681705474854,-0.005190521451680695,0.023606129463741323,0.6742239694334283,0.7381313217715615,odom,base_link
1723528244.68649,36.88910675048828,19.851682662963867,-1.2597864866256714,-0.005176121753489974,0.023588345552124447,0.6881421408986763,0.725173904409896,odom,base_link
1723528244.8887005,36.974491119384766,20.299165725708008,-1.2822933197021484,0.0027200166608139786,0.026443347517006194,0.7032627487572174,0.710432865999246,odom,base_link
1723528245.0903707,37.03555679321289,20.752458572387695,-1.2949329614639282,0.00505341747478756,0.025358116790000128,0.7199759985608,0.6935171161413893,odom,base_link
1723528245.2921233,37.07567596435547,21.209875106811523,-1.3227578401565552,0.005649727527926761,0.023287645068668504,0.7381210318034478,0.6742426184804914,odom,base_link
1723528245.4938726,37.10637664794922,21.689306259155273,-1.3468916416168213,0.008369204525007744,0.024285523099995897,0.7563425701876999,0.6536712371714409,odom,base_link
1723528245.6953673,37.09233093261719,22.167722702026367,-1.3610254526138306,0.009561471308103723,0.030393895648133645,0.7733667207773509,0.6331577248741751,odom,base_link
1723528245.8969429,37.024837493896484,22.639921188354492,-1.4037628173828125,0.0033890996840038306,0.03159164180943847,0.7910083207592457,0.6109798021708692,odom,base_link
1723528246.0988984,36.987518310546875,23.092525482177734,-1.395133137702942,0.007827271336993317,0.029091504908682925,0.808363731168999,0.5879119800583243,odom,base_link
1723528246.3005543,36.891998291015625,23.53557777404785,-1.4187482595443726,0.01256252248127255,0.029534699130719117,0.8275031361122771,0.5605429905908302,odom,base_link
1723528246.5017767,36.77300262451172,23.957841873168945,-1.4119277000427246,0.018942050939734188,0.031435375217651086,0.847310197502827,0.5298286941067294,odom,base_link
1723528246.7035017,36.61841583251953,24.362651824951172,-1.4420080184936523,0.018911378446454276,0.02933726143166318,0.8669071259547643,0.4972461360591915,odom,base_link
1723528246.9054258,36.414039611816406,24.726877212524414,-1.4359252452850342,0.018939706756355038,0.028073810504101647,0.8860596779112662,0.46233255980035226,odom,base_link
1723528247.1071088,36.20351028442383,25.073209762573242,-1.4434616565704346,0.019549854327961472,0.025027892248284625,0.902807961408821,0.42886966857334724,odom,base_link
1723528247.3086357,35.98072052001953,25.407047271728516,-1.440316915512085,0.021269136870075735,0.025830354029376924,0.9174811785560668,0.3963694029852581,odom,base_link
1723528247.5106406,35.74286651611328,25.70560073852539,-1.4477907419204712,0.021593779249753756,0.024514993574445483,0.9303078927703394,0.36532170540082665,odom,base_link
1723528247.7120488,35.49583053588867,25.98143768310547,-1.4416680335998535,0.023043251222847335,0.026632862823702676,0.9417338291028934,0.33451023050737483,odom,base_link
1723528247.914098,35.228458404541016,26.23777198791504,-1.4483097791671753,0.02317685123941693,0.024654362701249745,0.9513960392004931,0.30610549253490243,odom,base_link
1723528248.1161976,34.96105194091797,26.474903106689453,-1.440812110900879,0.023557822759796714,0.024228352946544473,0.9594904648952205,0.27970710336970256,odom,base_link
1723528248.317739,34.67890167236328,26.703073501586914,-1.431959867477417,0.02349481281471231,0.024501668566981806,0.9664522543147931,0.2545932091358488,odom,base_link
1723528248.5194008,34.379268646240234,26.910627365112305,-1.4423325061798096,0.023461955827919944,0.02456075477964717,0.9720091783751961,0.23247465046270982,odom,base_link
1723528248.7208538,34.07988357543945,27.104726791381836,-1.4340479373931885,0.02321140584820181,0.02225899195797803,0.976881443162488,0.21134903340289815,odom,base_link
1723528248.9226162,33.791812896728516,27.28795051574707,-1.4289122819900513,0.023128600877189598,0.022603613904108494,0.98110465664343,0.19075585750512342,odom,base_link
1723528249.1247864,33.48762893676758,27.463294982910156,-1.4257010221481323,0.024192086741550208,0.0225568640582977,0.9849493317656439,0.16964888646070253,odom,base_link
1723528249.3263512,33.17524337768555,27.62775421142578,-1.4080647230148315,0.024947705064916042,0.023078899289084354,0.9883753304151318,0.148186310590342,odom,base_link
1723528249.5280404,32.851158142089844,27.77237319946289,-1.4071581363677979,0.025276825637190057,0.02348668112842853,0.991253520955669,0.12738098401357928,odom,base_link
1723528249.7298288,32.499168395996094,27.899444580078125,-1.396774172782898,0.025104108929410375,0.021114590556371732,0.9937710056311241,0.1065042071816949,odom,base_link
1723528249.931003,32.1542854309082,28.018619537353516,-1.3869409561157227,0.02572333229545124,0.01966284212063769,0.9956270780590015,0.08762650427268837,odom,base_link
1723528250.1331205,31.81022071838379,28.124242782592773,-1.384306788444519,0.02611489951157919,0.019049956751909153,0.9968959375523517,0.0717885844885392,odom,base_link
1723528250.334702,31.460796356201172,28.236862182617188,-1.3758962154388428,0.026129212903802233,0.017709193146858423,0.9977666801766115,0.058866804231744875,odom,base_link
1723528250.5368037,31.096349716186523,28.348058700561523,-1.3746016025543213,0.026287780647051083,0.018144582787107098,0.9982806387561777,0.049147665139785454,odom,base_link
1723528250.7379622,30.72854232788086,28.459548950195312,-1.357883334159851,0.025266489704513166,0.016731586569801053,0.998571511775398,0.044006753793765424,odom,base_link
1723528250.9395435,30.381912231445312,28.56984519958496,-1.348288893699646,0.025620245171190312,0.0177733878707922,0.9987163852933754,0.03991605525971675,odom,base_link
1723528251.1419024,29.997844696044922,28.67730140686035,-1.3424711227416992,0.024271442331205567,0.018274430911323643,0.998924909957098,0.035013804838007145,odom,base_link
1723528251.343103,29.614622116088867,28.78168296813965,-1.3299912214279175,0.022641078594147233,0.017308374936427798,0.9991138948246416,0.03097138817503421,odom,base_link
1723528251.545213,29.23870277404785,28.887203216552734,-1.3131225109100342,0.0212144094665552,0.01618593419178216,0.9992688625970767,0.027380734271917333,odom,base_link
1723528251.7465944,28.856473922729492,28.985225677490234,-1.3045402765274048,0.02131371252641926,0.014787476858208904,0.9993246316101946,0.026025695834270227,odom,base_link
1723528251.9483342,28.456241607666016,29.094636917114258,-1.2951546907424927,0.020164490488179632,0.015027596658669325,0.9993753059384958,0.024830677444531178,odom,base_link
1723528252.1502047,28.065059661865234,29.1967716217041,-1.2847061157226562,0.01989909656797579,0.01459375585051838,0.9993993343572086,0.024331435064998335,odom,base_link
1723528252.3521156,27.654895782470703,29.306394577026367,-1.2760041952133179,0.020111025744960803,0.013970017089262484,0.9994223317090448,0.02356667450590543,odom,base_link
1723528252.5539403,27.233516693115234,29.41659164428711,-1.2699370384216309,0.019572516015366404,0.014076502077842867,0.9994705796521812,0.02184786295759081,odom,base_link
1723528252.755521,26.804182052612305,29.52568817138672,-1.257642149925232,0.019507592137443117,0.014246931431703915,0.9995056118000661,0.020124879476783056,odom,base_link
1723528252.9571621,26.382369995117188,29.640413284301758,-1.24019193649292,0.018002170590457677,0.011500037434691513,0.9996009046114241,0.018485196592283412,odom,base_link
1723528253.1591792,25.962648391723633,29.745054244995117,-1.2356456518173218,0.018061166156337714,0.012072529207449357,0.9996233242929199,0.016770743727704845,odom,base_link
1723528253.3609524,25.528045654296875,29.856428146362305,-1.2317352294921875,0.01884698654081191,0.012238643502246464,0.9996478907679547,0.014110321992594807,odom,base_link
1723528253.5625892,25.086027145385742,29.954893112182617,-1.2262027263641357,0.019054219372249197,0.01180274092787335,0.9996926317040659,0.010595949570606642,odom,base_link
1723528253.7643268,24.638877868652344,30.044342041015625,-1.2175400257110596,0.019599038925436008,0.011095905962507915,0.9997180618426226,0.007520330424960091,odom,base_link
1723528253.966075,24.17829704284668,30.14883041381836,-1.2091021537780762,0.019038297839916736,0.01051666489763502,0.9997562400850196,0.0037951792914656937,odom,base_link
1723528254.1676426,23.71456527709961,30.246601104736328,-1.1966222524642944,0.018949668510632865,0.011255697637326992,0.9997570608750169,0.00019637867034606927,odom,base_link
1723528254.3693027,23.2662353515625,30.34878158569336,-1.1866039037704468,0.01882066047039851,0.010650032352535305,0.9997617306057273,-0.0029734771882713334,odom,base_link
1723528254.5712266,22.785581588745117,30.432607650756836,-1.1760201454162598,0.019919445482681323,0.01019688620868476,0.9997290585888539,-0.006406919412157692,odom,base_link
1723528254.772289,22.306385040283203,30.525609970092773,-1.1683300733566284,0.020810318972247333,0.009979569268271425,0.9996863990339108,-0.009718148388745799,odom,base_link
1723528254.974545,21.821054458618164,30.6202335357666,-1.152843713760376,0.01971251294323686,0.01035540884808365,0.9996670424481316,-0.013037890322330943,odom,base_link
1723528255.1758149,21.328866958618164,30.70827293395996,-1.1380243301391602,0.019290351628132505,0.010705237995784732,0.9996229336020366,-0.016348419812781744,odom,base_link
1723528255.3774638,20.830692291259766,30.79950714111328,-1.110582947731018,0.017981344748820825,0.010571357507622425,0.9996061194512111,-0.01877561176529544,odom,base_link
1723528255.5796337,20.328563690185547,30.87816047668457,-1.1065000295639038,0.016732416667566495,0.011052928006607135,0.9995646005803418,-0.021644128109153112,odom,base_link
1723528255.7808995,19.82062530517578,30.969179153442383,-1.0965269804000854,0.017588073560946892,0.010063608295549125,0.9994992401492201,-0.02430334128510449,odom,base_link
1723528255.9827566,19.309526443481445,31.04807472229004,-1.0862257480621338,0.017343721030970257,0.010447641400037443,0.9994392354475196,-0.02666939778198703,odom,base_link
1723528256.1843438,18.78922462463379,31.116361618041992,-1.078835368156433,0.01729398507672243,0.01009390355762424,0.9993780173725512,-0.029027738176516,odom,base_link
1723528256.386561,18.263282775878906,31.19205665588379,-1.0611075162887573,0.016415779022290036,0.008594483447702804,0.9993676443006728,-0.03034746411617217,odom,base_link
1723528256.5880988,17.720542907714844,31.276132583618164,-1.0620406866073608,0.01597879176293146,0.008848886666757028,0.9993714478478166,-0.030382308093931,odom,base_link
1723528256.7896967,17.173982620239258,31.365808486938477,-1.0463435649871826,0.015273285947046003,0.008735059886452873,0.9994236036320129,-0.029032498486374625,odom,base_link
1723528256.9916413,16.624784469604492,31.46107292175293,-1.0311214923858643,0.013971744800389381,0.0069542592200581965,0.9995002068313944,-0.027491183494587273,odom,base_link
1723528257.1933486,16.073041915893555,31.550424575805664,-1.0325837135314941,0.012705624850182578,0.007290287411771369,0.9995617175888131,-0.025725309279425197,odom,base_link
1723528257.395276,15.50477123260498,31.65324592590332,-1.0229660272598267,0.012080852636059316,0.0072349494993200585,0.9996089202825422,-0.024160194471448675,odom,base_link
1723528257.5966845,14.936256408691406,31.751108169555664,-1.026206135749817,0.012071078701039439,0.0065753220567121,0.9996454968862958,-0.022802077839418563,odom,base_link
1723528257.7983465,14.36889362335205,31.851667404174805,-1.0185896158218384,0.013575635138032753,0.007619789946660596,0.9996660107904897,-0.020627840458865888,odom,base_link
1723528258.000309,13.797428131103516,31.944068908691406,-1.0104764699935913,0.014563172229699703,0.006775577854407739,0.9996861977379813,-0.01922268481572786,odom,base_link
1723528258.2018795,13.224135398864746,32.04056167602539,-1.0027602910995483,0.016182643885704767,0.006334276953893264,0.9996938434407235,-0.01761301675052062,odom,base_link
1723528258.4037328,12.632941246032715,32.137054443359375,-0.9948094487190247,0.016108705348588246,0.0062687196408602935,0.9997260551247477,-0.015780604258604655,odom,base_link
1723528258.6055431,12.041014671325684,32.250057220458984,-0.9891304969787598,0.016107086178030222,0.005444082650583733,0.9997585870272875,-0.01391730592280255,odom,base_link
1723528258.8067455,11.466277122497559,32.36640548706055,-0.9710251688957214,0.015145148426271217,0.006014635969545935,0.9997907436007216,-0.012365987369243018,odom,base_link
1723528259.0083818,10.896675109863281,32.47091293334961,-0.9537947773933411,0.014992640378088602,0.006141387605765976,0.9997988010422489,-0.011826306576898756,odom,base_link
1723528259.210071,10.323381423950195,32.57406997680664,-0.9466950297355652,0.015817347652721192,0.005795872047399198,0.9997814226975285,-0.012382496087180386,odom,base_link
1723528259.4117796,9.744599342346191,32.6799430847168,-0.9407040476799011,0.014614404485665602,0.005332023214493597,0.9997814819330018,-0.013963419846885762,odom,base_link
1723528259.6135693,9.168774604797363,32.790130615234375,-0.9249652624130249,0.014458758041068382,0.00510961711713512,0.999758804799337,-0.01572158882007413,odom,base_link
1723528259.8152428,8.586584091186523,32.88248825073242,-0.9256319403648376,0.010838847404108475,0.0035026161470977173,0.9997793522006317,-0.0176493053790177,odom,base_link
1723528260.0170925,8.011609077453613,32.98320388793945,-0.8918155431747437,0.01059965828576251,0.0038119307065188593,0.999754972541418,-0.019055479716407527,odom,base_link
1723528260.2193723,7.44990348815918,33.076416015625,-0.9086849689483643,0.00968599337669203,0.0018694709872113322,0.9997079683854044,-0.022060475000822765,odom,base_link
1723528260.4204752,6.878011226654053,33.16477966308594,-0.9006312489509583,0.008762145712045874,0.00011948917643852669,0.9996604985794897,-0.024537687435121247,odom,base_link
1723528260.6227598,6.301591873168945,33.25332260131836,-0.895248532295227,0.007912706556550395,-0.00020309328197991652,0.9996006567346567,-0.027127013910710346,odom,base_link
1723528260.8243494,5.7453999519348145,33.337562561035156,-0.8970335721969604,0.011373093856606667,0.00019185204414528674,0.9994614783103628,-0.03077936488276216,odom,base_link
1723528261.0261264,5.180057048797607,33.422489166259766,-0.8863673806190491,0.014435269979499479,0.0005606866228794554,0.9993498710804662,-0.03303246558441396,odom,base_link
1723528261.2279637,4.619548320770264,33.50758361816406,-0.8860865235328674,0.015210178282260258,0.00036179623820877085,0.9992364494862586,-0.03598663082590431,odom,base_link
1723528261.4294598,4.038183212280273,33.58474349975586,-0.8695480227470398,0.015090085058396168,0.0020514036728883065,0.9991310056715389,-0.03879838375087983,odom,base_link
1723528261.6314044,3.4827487468719482,33.66090774536133,-0.8500627279281616,0.013760238231261305,-0.0008505913662708523,0.9990359295716774,-0.04167905664720693,odom,base_link
1723528261.832889,2.913224935531616,33.72706985473633,-0.8409515619277954,0.016972843559798775,-0.0014554474868679669,0.9989144739322332,-0.04335525369315147,odom,base_link
1723528262.0347447,2.357684373855591,33.81116485595703,-0.8287365436553955,0.01720454171989403,0.0008415124646607448,0.9988124038091136,-0.04557496679143531,odom,base_link
1723528262.2364602,1.8019428253173828,33.88067626953125,-0.8242272734642029,0.01825062935104984,0.004394012476247716,0.9987470803215457,-0.046388325382979205,odom,base_link
1723528262.4382405,1.2425017356872559,33.93971252441406,-0.7439431548118591,0.015784979585304622,0.00404328951947433,0.9987745224823471,-0.04673263816127689,odom,base_link
1723528262.6395507,0.6768295168876648,34.011993408203125,-0.8001257181167603,0.014960843622402721,0.003451743380119373,0.9987751486134854,-0.04703680620380236,odom,base_link
1723528262.8410778,0.13270896673202515,34.087059020996094,-0.7686227560043335,0.013641005298631376,0.0031658564659179274,0.998858367089081,-0.04567124722858531,odom,base_link
1723528263.0426645,-0.42526111006736755,34.16293716430664,-0.7637655735015869,0.013692692493421255,0.004981191101461155,0.9989227126338177,-0.044058053654088825,odom,base_link
1723528263.2445524,-0.9770863652229309,34.240386962890625,-0.7551285028457642,0.01350139276583453,0.007549634967354594,0.9989637643015215,-0.042803189341177134,odom,base_link
1723528263.4460843,-1.5340837240219116,34.31163787841797,-0.7472999095916748,0.013583649442341864,0.008009097573494873,0.9990229636565504,-0.04128506885992276,odom,base_link
1723528263.6481757,-2.0834598541259766,34.38294982910156,-0.7474958896636963,0.012833519257703825,0.008548213513813189,0.999067681652639,-0.04032364450797541,odom,base_link
1723528263.8496356,-2.6404247283935547,34.458377838134766,-0.7415834069252014,0.012848326989669144,0.008165276905309202,0.9991332873054226,-0.038741746797042766,odom,base_link
1723528264.0515494,-3.205556869506836,34.540191650390625,-0.7351421117782593,0.012435830468892118,0.008968098009559985,0.9991756793691517,-0.037588363835552537,odom,base_link
1723528264.253354,-3.7503647804260254,34.63759231567383,-0.7220417857170105,0.014454160436998978,0.006762338741528524,0.9992350477994578,-0.0357024826870861,odom,base_link
1723528264.4555168,-4.294801235198975,34.71147155761719,-0.6679408550262451,0.023215413321326834,0.01582066399963961,0.9990372874403721,-0.03369346344194723,odom,base_link
1723528264.6571107,-4.821805953979492,34.77781295776367,-0.6893580555915833,0.03175333175433145,0.008301964987116136,0.9989592296197103,-0.03167429332198064,odom,base_link
1723528264.8585954,-5.354301929473877,34.865394592285156,-0.6636112332344055,0.038698807279809073,0.004201533692817632,0.9988010593892869,-0.029684898392728306,odom,base_link
1723528265.060627,-5.897881984710693,34.98087692260742,-0.6427363753318787,0.04203650053430194,0.014906741323096209,0.9985660056634199,-0.02960834374562054,odom,base_link
1723528265.2620773,-6.445916175842285,35.052249908447266,-0.6225141882896423,0.0356577488459689,0.01342726953522022,0.9989028289519715,-0.02722814154170039,odom,base_link
1723528265.464086,-6.973252773284912,35.123939514160156,-0.5809812545776367,0.034204253022663125,0.00235932876523612,0.9990795134164596,-0.025780390114762963,odom,base_link
1723528265.6655154,-7.504456043243408,35.21587371826172,-0.5599520802497864,0.029538104474290623,0.007409195462623426,0.9992426018084325,-0.024224511094700134,odom,base_link
1723528265.8672705,-8.025113105773926,35.308021545410156,-0.5132818222045898,0.02814086994788804,0.010842750316049005,0.9993024173126712,-0.022027368367821012,odom,base_link
1723528266.0692186,-8.548849105834961,35.4077033996582,-0.5054317712783813,0.026670828243704574,0.010288243527502476,0.9993734247286951,-0.020870479437547673,odom,base_link
1723528266.2704663,-9.07831859588623,35.495357513427734,-0.4510484039783478,0.022337079211421553,0.011364399111743152,0.999509806754103,-0.01876303620172947,odom,base_link
1723528266.4725597,-9.59637451171875,35.57654571533203,-0.42852500081062317,0.026649372982600592,0.004829114700269693,0.9995019313434814,-0.016198142223608766,odom,base_link
1723528266.6735928,-10.113152503967285,35.6965446472168,-0.45063316822052,0.021758177842423194,0.004407370936347049,0.9996461751622256,-0.014652005389702998,odom,base_link
1723528266.875492,-10.630899429321289,35.79790115356445,-0.4050193130970001,0.02633333391056781,0.014011833918918797,0.999479701116756,-0.012269926281092686,odom,base_link
1723528267.077166,-11.12609577178955,35.898712158203125,-0.39856457710266113,0.027574004490600865,0.0059837647043426674,0.9995391915684477,-0.011192558019026041,odom,base_link
1723528267.279462,-11.640166282653809,35.99258041381836,-0.39734214544296265,0.028203538072134545,0.014254983909955594,0.9994674794887586,-0.008131009674618949,odom,base_link
1723528267.480886,-12.139175415039062,36.106178283691406,-0.3846060335636139,0.028533923098699444,0.01546997786596285,0.9994534257307259,-0.0062725443434566664,odom,base_link
1723528267.682534,-12.647603034973145,36.21661376953125,-0.3459383249282837,0.02240333150158938,0.01759350477046475,0.9995847597288511,-0.004343667268158235,odom,base_link
1723528267.883937,-13.150059700012207,36.327823638916016,-0.32813331484794617,0.020905622256561875,0.01607638802710139,0.9996479869329241,-0.002899470127540338,odom,base_link
1723528268.0860257,-13.63730239868164,36.43817901611328,-0.31367960572242737,0.0223073980183551,0.015757040781414405,0.9996263605216443,-0.001111309909505937,odom,base_link
1723528268.2876012,-14.12088394165039,36.537227630615234,-0.3073941767215729,0.023936019022544622,0.014614968982073772,0.9996063727525392,0.0007544716808874655,odom,base_link
1723528268.4895234,-14.589471817016602,36.63357162475586,-0.30008596181869507,0.025658596210197032,0.00812601801642972,0.999633659888224,0.002854871309408835,odom,base_link
1723528268.6910443,-15.075934410095215,36.750640869140625,-0.26853325963020325,0.026611825059871405,0.008557358271391981,0.9995962364278229,0.005093771267919447,odom,base_link
1723528268.892704,-15.542105674743652,36.86384963989258,-0.24347104132175446,0.025767261793074668,0.005441659462261833,0.9996322471996062,0.006465827143478742,odom,base_link
1723528269.0949507,-16.016048431396484,36.96340560913086,-0.23883476853370667,0.023889904937983555,0.011271520148699388,0.9996136209420733,0.008650670648499358,odom,base_link
1723528269.2963958,-16.48743438720703,37.05109786987305,-0.21564988791942596,0.01876101183675915,0.0036678031881392683,0.9997519486011595,0.011428601087571637,odom,base_link
1723528269.498273,-16.947181701660156,37.16901397705078,-0.21264074742794037,0.016140019334184148,-0.003938089045171395,0.9997861856420855,0.012311548635886158,odom,base_link
1723528269.6998296,-17.40159034729004,37.29188537597656,-0.19912540912628174,0.014049980561940113,0.007598117437337938,0.9997668512341882,0.014529619089788677,odom,base_link
1723528269.9015346,-17.853822708129883,37.41901779174805,-0.20393995940685272,0.010228663838718831,0.012825697777517624,0.9997163797753484,0.017263716907593988,odom,base_link
1723528270.103314,-18.303804397583008,37.51538848876953,-0.19210214912891388,0.007771116580592639,0.00803705356401498,0.9997567820527213,0.019010319741851883,odom,base_link
1723528270.305328,-18.76121711730957,37.61716842651367,-0.180947944521904,0.00347161467046198,0.0028008486035049143,0.9997824648882917,0.020374642096783212,odom,base_link
1723528270.5067418,-19.198999404907227,37.7556037902832,-0.18587559461593628,0.005278360901080368,0.00805087039928212,0.9996849212653977,0.023181470760235728,odom,base_link
1723528270.708457,-19.650381088256836,37.87962341308594,-0.19443681836128235,0.005483632575085572,0.0097193676686115,0.9996380286616069,0.024480100478557205,odom,base_link
1723528270.9103293,-20.10794448852539,38.006141662597656,-0.2044462263584137,0.004139782531859145,0.010197014237946818,0.9995917151026467,0.02636828017465907,odom,base_link
1723528271.1118112,-20.565317153930664,38.129608154296875,-0.19580982625484467,0.004516209400166282,0.008128709996225754,0.9995323968192542,0.029129291704535886,odom,base_link
1723528271.3139153,-21.0245361328125,38.27394104003906,-0.1922309845685959,0.0024782475576865717,0.011507448997641723,0.9994598733325354,0.030682218054141834,odom,base_link
1723528271.5155113,-21.48640251159668,38.40144348144531,-0.20822039246559143,0.0037185141702808055,0.010694636985165228,0.9993971126379712,0.032820856829272216,odom,base_link
1723528271.7168841,-21.960514068603516,38.539466857910156,-0.20656155049800873,0.004312257791199403,0.008016357759456276,0.9993738885834285,0.03419025092993563,odom,base_link
1723528271.918838,-22.42807388305664,38.69217300415039,-0.2204345464706421,0.005390185895581192,0.009578794464301642,0.9992650578061466,0.03672242966227041,odom,base_link
1723528272.1201825,-22.92336654663086,38.83699417114258,-0.22679443657398224,0.006346393045579026,0.010333047028499704,0.999171075788251,0.03886016910111267,odom,base_link
1723528274.8913338,-22.92336654663086,38.83699417114258,-0.22679443657398224,0.006346393045579026,0.010333047028499704,0.999171075788251,0.03886016910111267,odom,base_link
1723528275.024381,-22.94153091208983,38.84148586694996,-0.225595762799261,0.006267835285663328,0.010275167691866281,0.9991837911284791,0.038560170070370485,odom,base_link
1723528275.190674,-23.06595712224891,38.86924740176898,-0.21346413110691195,0.005953591096305683,0.010458339573266731,0.999255132026955,0.03666550155419808,odom,base_link
1723528275.3236973,-23.45515523341973,38.97226110900138,-0.18580393917976645,0.006018617167290069,0.011254536056239592,0.999460464356857,0.030263705211497106,odom,base_link
1723528275.4900525,-23.70222940758663,39.03292133891972,-0.1707382080486493,0.006982208081772356,0.01152254942240283,0.9995667094517873,0.02617007796773861,odom,base_link
1723528275.657388,-24.179695729531375,39.14407504610142,-0.13906316992081,0.006699009813615268,0.012047209115485834,0.9997358413735365,0.01839117976617549,odom,base_link
1723528275.8247697,-24.851973991476314,39.28471728960826,-0.07781776180964842,0.005344033426665748,0.013223204743677129,0.9998641315951183,0.00826477541021458,odom,base_link
1723528275.9587076,-25.380196233876525,39.4031185121774,-0.0439847195497642,0.005803845344563956,0.015647705201556075,0.9998606628557605,0.0003457958663178316,odom,base_link
1723528276.1596687,-26.088282329293303,39.5164926311045,-0.01802810582024872,0.006248663626254084,0.01642960288560962,0.999798240613386,-0.009721132561866158,odom,base_link
1723528276.2936795,-26.421280003085744,39.57327373948965,0.009062184411237517,0.005264983380098767,0.014556848162626156,0.9997698233722917,-0.014855248086605115,odom,base_link
1723528276.427719,-26.77170268049273,39.604339580552555,0.031226928174252988,0.006057037218276303,0.01291652510887436,0.9996991521813701,-0.01995196248738718,odom,base_link
1723528276.5613525,-27.087129351539442,39.635315518450795,0.05795693863565421,0.006924090546666827,0.012808644583605606,0.9996144568799514,-0.023641767925266496,odom,base_link
1723528276.6945584,-27.421468862480715,39.68836321878191,0.07453521580264288,0.007982899336584253,0.013823787987973703,0.9994584942050788,-0.028773157024592794,odom,base_link
1723528276.8610563,-27.861202372026053,39.76087447793954,0.10502673054511869,0.008475504516501971,0.01448911135949979,0.999280489798996,-0.034010795084526216,odom,base_link
1723528277.027546,-28.262832912051007,39.796615564124274,0.1417781004607972,0.007927808883959813,0.010423374923055057,0.9991478114252912,-0.03914273911677474,odom,base_link
1723528277.1940248,-28.666974264622233,39.83445938939338,0.16130163254046348,0.008716098578356002,0.009647391966747522,0.9989546876471824,-0.043823389662745134,odom,base_link
1723528277.3272014,-29.062793836702273,39.86277765493992,0.1883530200506769,0.008646076764020603,0.009800802998270356,0.9987744976706492,-0.04773565145593008,odom,base_link
1723528277.460372,-29.39581626187545,39.8968242331897,0.21438881253948638,0.0075415858614281475,0.010289318458777263,0.9985651955514677,-0.05200773636304337,odom,base_link
1723528277.7601068,-30.13700175694305,39.959996260241965,0.2623992749863193,0.007180771729957485,0.009491810741253019,0.9980920572059957,-0.0605853727274004,odom,base_link
1723528277.893319,-30.481334017441633,40.00320051375849,0.2912023943889368,0.006238273443503728,0.00882486723531646,0.9977897992895961,-0.06556464059499474,odom,base_link
1723528278.0265255,-30.812621278450244,40.01272289338016,0.3086946412785474,0.0061556100599911385,0.007725610501504808,0.9975508934909123,-0.06924332677342449,odom,base_link
1723528278.159726,-31.15442458959104,40.021984249823966,0.3338548192777313,0.006004242949053317,0.007852821895662115,0.9972697687426388,-0.07317985109910662,odom,base_link
1723528278.3262181,-31.55165754354483,40.08284105261356,0.35626568340725884,0.004677495109685216,0.009872967298139385,0.9967661586700561,-0.0796107435360897,odom,base_link
1723528278.4594057,-31.898087971696615,40.10854009814071,0.3668564739290965,0.005748679615219996,0.010936745480705497,0.9963414477456154,-0.08456393903516515,odom,base_link
1723528278.6259174,-32.298228474701276,40.106242742853034,0.40244120007438866,0.006339454162748371,0.009428525424122945,0.9958781378889263,-0.0899869362970523,odom,base_link
1723528278.759126,-32.63949889921936,40.10291303789337,0.39587171565344237,0.00908416678022952,0.007592849844893995,0.9954389656246417,-0.0946630459117242,odom,base_link
1723528278.925628,-33.05442059881108,40.1120984824621,0.4243865371502207,0.008196197239479213,0.007452162168740901,0.9948131409316325,-0.1011143029425712,odom,base_link
1723528279.0588233,-33.43264341193482,40.04782192537317,0.46438844516728905,0.007414072575643662,0.007210047707716017,0.9946159150905386,-0.10311269654366592,odom,base_link
1723528279.258605,-33.93617053612522,40.03236091829396,0.4991690425649129,0.006520178123961124,0.006800605298101717,0.9939216423051973,-0.1096859517082793,odom,base_link
1723528279.4583735,-34.43402900262544,39.998627763624725,0.5459080397770191,0.005362541905083446,0.006715138287054603,0.99322596688227,-0.11588066608749731,odom,base_link
1723528279.6248987,-34.927916285037725,39.986142068440074,0.5909421420213115,0.005795306561945404,0.006681231678281541,0.9925554854800969,-0.12147174078148121,odom,base_link
1723528279.758124,-35.24053237429561,39.947283258208145,0.6268301423317644,0.00634608436774384,0.006466208057309863,0.9921238127993018,-0.12493300381857808,odom,base_link
1723528279.8913443,-35.55368463922035,39.89957322736022,0.6252793296405479,0.007596666222499208,0.005408812312671396,0.9916498369406206,-0.1286220677306624,odom,base_link
1723528280.0245595,-35.88915751307198,39.88925093742016,0.6796518710127588,0.006961184552218647,0.004904559581751622,0.9910093403157139,-0.1335214387727781,odom,base_link
1723528280.15777,-36.300529956397455,39.89942280671409,0.7113716975320907,0.006268085611551639,0.005041002677247094,0.9902877378742363,-0.1388002003265931,odom,base_link
1723528280.290975,-36.62118949289909,39.851638434796406,0.7316068771245126,0.006720857695084785,0.004690467614862194,0.9896999227136883,-0.1429226803761941,odom,base_link
1723528280.4241753,-36.95631259117127,39.82142778033968,0.7568257664117166,0.00703051564845847,0.005166402563059896,0.9890449751779269,-0.14735642914229133,odom,base_link
1723528280.5907106,-37.48985956301047,39.76210685631696,0.7655637455734163,0.00730400297112095,0.0045572334135865694,0.9882894654942616,-0.15234767985525322,odom,base_link
1723528280.7905757,-38.00613498034673,39.7025820908915,0.8004074421555119,0.005791001676038532,0.002676387010430799,0.9872362117463425,-0.15913504789608499,odom,base_link
1723528281.090353,-38.74930201072472,39.60568361678006,0.8441721281381895,0.00572950289810255,0.0012286757510779833,0.9854051448094397,-0.1701245535939089,odom,base_link
1723528281.223579,-39.09307593301398,39.544831957159325,0.868421176333529,0.006788973100613387,0.0008761856085884121,0.9844412382050047,-0.1755807240684914,odom,base_link
1723528281.3568,-39.40876797358408,39.45531239907956,0.8527122201512809,0.008959701797597744,0.0010953445777030116,0.9836267255517386,-0.17999163520652545,odom,base_link
1723528281.4900167,-39.74998476372541,39.392589894503516,0.8724671866033462,0.009469027258792477,0.001544955119148418,0.9827020388614275,-0.18494500115992762,odom,base_link
1723528281.6232498,-40.08875022778666,39.35020986408353,0.9369898673795369,0.008020657092016612,0.0018261459542821374,0.9814856748328212,-0.19135883660998707,odom,base_link
1723528281.7564774,-40.41456188310222,39.27790934592689,0.9609126203026996,0.008229151527954996,0.00043284024363238877,0.9804757396294987,-0.196467345155476,odom,base_link
1723528281.8896995,-40.72611649009859,39.210413793332044,0.9905589080670094,0.007314212647484058,0.0005037562640417168,0.9793696580404807,-0.20194385713025742,odom,base_link
1723528282.0229158,-41.10226350234697,39.105067689833156,1.0057939147190458,0.007318565573532028,5.281324297881542e-05,0.9784293249647081,-0.20645215391904453,odom,base_link
1723528282.189428,-41.48458298288472,39.00453933263242,1.0409634186436805,0.007607036952600076,0.001683302660912531,0.9765411681834508,-0.21518979140250746,odom,base_link
1723528282.3559325,-41.90801095597922,38.90240105203847,1.0827376169651404,0.006864579425077283,0.002514865841647208,0.9743264893199873,-0.22502098837331622,odom,base_link
1723528282.5224373,-42.30260802859715,38.77770038575137,1.110220955515315,0.007463819245456117,0.00011795798998197271,0.9718623346200168,-0.23543126392880387,odom,base_link
1723528282.655665,-42.5850112358455,38.67283637629594,1.1236819428084608,0.0076300649149620755,-0.0010405114305026854,0.9697634244770852,-0.24392539841482982,odom,base_link
1723528282.8221922,-42.962728665290754,38.53562294973554,1.1538036550018853,0.008172800101717457,0.0003250474906128264,0.9670350204812613,-0.2545120210234338,odom,base_link
1723528282.955407,-43.263426693498516,38.429573639096084,1.170075038754485,0.009158884279559031,0.0010087290803741861,0.964703856007754,-0.26317592501626524,odom,base_link
1723528283.121917,-43.6931579879043,38.26359256771583,1.1973114849382454,0.011220832604636787,-0.0018978039633555032,0.9617418321339428,-0.2737209154950025,odom,base_link
1723528283.255119,-44.00147649619872,38.132617547047104,1.2261590999122738,0.011285612227630703,-0.0037853834693865594,0.9590006841289678,-0.28315365734669395,odom,base_link
1723528283.3883157,-44.27493728778444,37.99822573522733,1.2542323100788815,0.012481517268454865,-0.004657602793544401,0.9559863128161831,-0.2931086627362182,odom,base_link
1723528283.5548778,-44.65360105559465,37.81872926514954,1.282012059742881,0.01333317893794868,-0.004048712240734579,0.9519929042474939,-0.30580278699027935,odom,base_link
1723528283.7548764,-45.153599728176616,37.574571230166306,1.3171433724563946,0.01275152682539004,-0.004418949380766866,0.9467653273175093,-0.3216415496159678,odom,base_link
1723528283.9215367,-45.50796360269861,37.37236207166778,1.3513507367997406,0.011597088473461973,-0.005241208717009256,0.9421848835882413,-0.3348517319769094,odom,base_link
1723528284.0548623,-45.72980938555868,37.22360074109258,1.377839643499365,0.011806596190773847,-0.006807483017582486,0.9382865548626992,-0.34559022472465917,odom,base_link
1723528284.221516,-46.06681184920461,37.00760472946471,1.4137638525660654,0.011948385054700956,-0.006748364369696412,0.9330079233858997,-0.35959409140313975,odom,base_link
1723528284.3881643,-46.3987013019657,36.77513995347731,1.438128954022355,0.013255316641550488,-0.007610625447486062,0.9272541056432025,-0.37412056683488404,odom,base_link
1723528284.554757,-46.723207335480396,36.537741375941486,1.4689378067606798,0.0122456978766671,-0.006989634970104742,0.9214971542021629,-0.38812907992549744,odom,base_link
1723528284.6879623,-46.96711595122885,36.33969875016437,1.4877342980561965,0.01332364008143181,-0.007288292898896107,0.9168969555912421,-0.39883497117117533,odom,base_link
1723528284.8544593,-47.27971435034874,36.08362352863456,1.5187088880484907,0.014641858490148584,-0.008625727501428038,0.9115051245633347,-0.41093749001497215,odom,base_link
1723528284.9876502,-47.522996901293794,35.87223692980103,1.544990926589991,0.014743930112023363,-0.010002056898483856,0.907237624226268,-0.42024096488910756,odom,base_link
1723528285.120835,-47.76630708304681,35.655984405323174,1.5712614000428402,0.014817227913125007,-0.0122400154184362,0.9036225652250075,-0.4278982255112821,odom,base_link
1723528285.2540135,-48.0065016485639,35.43546732299627,1.5925106892401601,0.015126342224697388,-0.014054879751682509,0.9007439912486329,-0.43385932784204356,odom,base_link
1723528285.3871856,-48.2336244886403,35.21531305322061,1.6098844253101168,0.01588035341030744,-0.014542766327653433,0.8984938711499725,-0.43845762147445877,odom,base_link
1723528285.553679,-48.527702026975305,34.95778482396962,1.643208875471972,0.014917037432821864,-0.01376187816063302,0.8960066503843863,-0.44357657193620104,odom,base_link
1723528285.7202153,-48.82319827210351,34.67450826724975,1.670102929058608,0.013869834494247037,-0.013144064491654554,0.892947152895523,-0.44975575971355936,odom,base_link
1723528285.886745,-49.12282533771159,34.42280332363576,1.7049352476358741,0.014521311522652612,-0.01356492850530831,0.88942985429847,-0.4566395279746494,odom,base_link
1723528286.0199618,-49.34476327379109,34.18758235962871,1.7285585018498628,0.015032314710591617,-0.013751557300693934,0.8861398863798786,-0.4629697894602878,odom,base_link
1723528286.153174,-49.57713691786769,33.95823234370387,1.7554578538434022,0.01476701021060141,-0.014257840326426885,0.8823171294734485,-0.47020754187528724,odom,base_link
1723528286.2863803,-49.79422963737447,33.71017345993587,1.7698063824043244,0.014732011735233584,-0.014693092786514367,0.8787227315740331,-0.4768788545004587,odom,base_link
1723528286.4528809,-50.035748661278035,33.40567898540398,1.7932361561029293,0.015081191045858259,-0.015717446306636573,0.8741309898075511,-0.4852015377307736,odom,base_link
1723528286.5861235,-50.24105926151263,33.1460225846462,1.8117138689024161,0.015743699343180696,-0.016505668138120707,0.870008068741409,-0.49250955236944344,odom,base_link
1723528286.75269,-50.48732989081351,32.83723716131343,1.841571825435523,-0.016013921000039753,0.017713699713925113,-0.8654891085109788,0.5003582538796782,odom,base_link
1723528286.8859375,-50.68338390531201,32.570288789640415,1.8562131256033132,-0.015730655872142778,0.018094029012562168,-0.8622665706163358,0.505886858672439,odom,base_link
1723528287.0524898,-50.91468036179245,32.26412953591409,1.8786568329430169,-0.016621663699610628,0.01924125661708229,-0.8590664898043686,0.5112321003564363,odom,base_link
1723528287.1857266,-51.16867118678894,32.008279680817225,1.910214677920543,-0.017270265304180514,0.019185862748325042,-0.8565748403748882,0.5153767393312008,odom,base_link
1723528287.3522666,-51.41449885591703,31.69152510123824,1.9401148864708826,-0.016947999386068398,0.019494497441353266,-0.8541788104130863,0.5193373563759918,odom,base_link
1723528287.4854932,-51.61574856153828,31.419174461534567,1.953238851218605,-0.016841625253737388,0.01931279800400212,-0.8524184681383196,0.5222318744281987,odom,base_link
1723528287.619123,-51.81592953143205,31.16194860928973,1.975992620442341,-0.01621525988001693,0.01946079436328042,-0.8509349825171325,0.5246598882689062,odom,base_link
1723528287.7527683,-52.010310223291455,30.901318562884207,1.9980490721665023,-0.01673945759195881,0.019813046726402418,-0.8501144402976826,0.5259588122051977,odom,base_link
1723528287.8864288,-52.21188940324349,30.636445446961865,2.0181373187348948,-0.01749355806084591,0.02053461258700548,-0.849126230142488,0.527500663882312,odom,base_link
1723528288.053525,-52.46585413057238,30.318259936133778,2.046173395785968,-0.017225331197801785,0.020733428033193283,-0.8484873878853477,0.5285286799470945,odom,base_link
1723528288.1872196,-52.73579421401594,29.9960758065181,2.087247323938657,-0.015615312499979328,0.020201676131066434,-0.8482912641872322,0.5289139678630647,odom,base_link
1723528288.3209293,-52.962279965133064,29.713046186353814,2.1100138308735783,-0.015413086712598978,0.019383965653428026,-0.8480092290340516,0.5294025369287628,odom,base_link
1723528288.4880867,-53.22087035619086,29.379623412206342,2.140323346646838,-0.01628841901744859,0.0189924209779648,-0.8477412477413593,0.5298195468546165,odom,base_link
1723528288.6218834,-53.43776934476439,29.102639818782833,2.1639927385293927,-0.016697778194614262,0.01946037410317717,-0.8474627542757053,0.5302351913618745,odom,base_link
1723528288.7891607,-53.679935026606614,28.775171431455973,2.1994936938217355,-0.016972011418434043,0.01904168770482662,-0.8472558470283966,0.5305722331916349,odom,base_link
1723528288.9230087,-53.8873288050454,28.48143084494204,2.214920529256961,-0.017896226480721367,0.018571296410485768,-0.8473228200786488,0.5304515723431787,odom,base_link
1723528289.056879,-54.09917205814861,28.19875444573144,2.233986308057199,-0.018695783354795225,0.018824650148985166,-0.8471548941170713,0.5306832252907685,odom,base_link
1723528289.1907723,-54.306725956245714,27.91064205565136,2.257907979560555,-0.018684145321234354,0.01912561289390466,-0.8470435697718158,0.530850548227339,odom,base_link
1723528289.3581715,-54.568255485642595,27.562281892212432,2.2868721810012467,-0.01900874996313751,0.019253141605048214,-0.8469507807292836,0.5309824469652756,odom,base_link
1723528289.4921136,-54.77853156583106,27.28532303214353,2.314882731666226,-0.018952402649972697,0.019844658030572282,-0.8468615219413853,0.5311050354087818,odom,base_link
1723528289.625504,-54.99262561331619,26.997712931573602,2.3364094545702843,-0.01909335304313206,0.020522056951044504,-0.8468784941091217,0.5310471780016675,odom,base_link
1723528289.7588916,-55.24469270844146,26.663423822521853,2.366978786437442,-0.018718757511015836,0.020847007668662706,-0.8464366918296776,0.5317517626796718,odom,base_link
1723528289.9256253,-55.50804246242505,26.29556786828555,2.3976505801905637,-0.018355077087275046,0.021511043685093375,-0.8464811110982439,0.5316672781905811,odom,base_link
1723528290.0590124,-55.7334830165689,26.015223293424654,2.4278049242459474,-0.017367033205100628,0.020959861313942903,-0.8464685325774408,0.5317425069782812,odom,base_link
1723528290.1923995,-55.94317813560835,25.729612790826106,2.451143182449554,-0.01703244966443275,0.02138542803180574,-0.8464947808416522,0.5316945976161207,odom,base_link
1723528290.3257859,-56.24605159516503,25.38606661308377,2.4736492079279078,-0.017763610035225596,0.02098736061545212,-0.8460903036874462,0.532329956755205,odom,base_link
1723528290.4591722,-56.47019460177549,25.084589754937415,2.4994113157523508,-0.018249230253623665,0.02192557388765956,-0.8461352999480855,0.5322041797906237,odom,base_link
1723528290.5925512,-56.6972070507729,24.77880410685454,2.520658321575227,-0.0174079128977208,0.021985148058958917,-0.8461425056742559,0.5322184494403244,odom,base_link
1723528290.725923,-56.93051635945942,24.46560856623622,2.542609929724115,-0.016776324319396456,0.021740943111650632,-0.8461750844391693,0.5321969680572327,odom,base_link
1723528290.8926375,-57.220045127053325,24.086401968600377,2.5756215239632185,-0.01652363933365304,0.022543141466888246,-0.8459593270143368,0.5325144065219508,odom,base_link
1723528291.026008,-57.449453548122875,23.780582270861466,2.608981875796416,-0.016095206271764393,0.022758936065099364,-0.8458417790851354,0.5327050402599426,odom,base_link
1723528291.1927195,-57.747263017814916,23.393369846025497,2.638950651385419,-0.015296167167209418,0.023406117815266036,-0.8457020733297895,0.5329223058612821,odom,base_link
1723528291.3260884,-57.971161436552634,23.074460580468887,2.668263592136624,-0.014216741285724234,0.02302262889145917,-0.8457326480315285,0.53292037949371,odom,base_link
1723528291.459457,-58.20980343202466,22.730882286327823,2.7071796949392626,-0.015286640450666862,0.02315853350523308,-0.8457864816686365,0.532799426028415,odom,base_link
1723528291.626166,-58.500097410525214,22.33101961665327,2.7365500842168693,-0.014325847197725127,0.024117927974899814,-0.8455951215214345,0.5330872218609404,odom,base_link
1723528291.7595317,-58.74517336859357,22.00573787121714,2.7589410509140384,-0.013733203380561304,0.024486087974583085,-0.8454474138379614,0.533320261245822,odom,base_link
1723528291.9595792,-59.10198052371733,21.515837219115994,2.789771387849054,-0.013646716719377554,0.024636922491182826,-0.8451284827356759,0.5338207909419032,odom,base_link
1723528292.1596253,-59.45899600088414,21.0487886426489,2.8324248959240252,-0.014339624461580052,0.023355474202127805,-0.84472606235143,0.5344967507659357,odom,base_link
1723528292.3263288,-59.763632653632854,20.641796067166368,2.8602457588232086,-0.015796929094741233,0.021789989233499,-0.8443691680515156,0.5350853777149691,odom,base_link
1723528292.5263724,-60.1198532721928,20.173213894875285,2.905185000905668,-0.019262839904594615,0.01913314345471161,-0.8441173396195033,0.5354706180305727,odom,base_link
1723528292.6930761,-60.40577350080622,19.77807971181081,2.952470829886879,-0.026375634206644863,0.01691588562675711,-0.8436912119022995,0.535913535649632,odom,base_link
1723528292.8597777,-60.704436721112415,19.38966882836543,3.004355558235983,-0.03239714159560741,0.013403571198682785,-0.8433614646891696,0.5362016499162369,odom,base_link
1723528293.0264785,-60.99868771408592,19.030762304587324,3.0568605374457665,-0.037992700261031014,0.010141631059158355,-0.842701695614922,0.5369427848980473,odom,base_link
1723528293.159838,-61.21516798353592,18.738771570434775,3.095545280256924,-0.04128881261360024,0.008624994251928982,-0.8420324395882645,0.5377752449752119,odom,base_link
1723528293.2931962,-61.44884742684913,18.437306804530934,3.147850350571362,-0.04597967194789904,0.008279295547002928,-0.8415043805450702,0.538226439852472,odom,base_link
1723528293.4265535,-61.681426480746396,18.126525179657108,3.2031935837670122,-0.04748151356876553,0.0077412728258707585,-0.841010567284824,0.5388754997951877,odom,base_link
1723528293.5932562,-61.940429884466866,17.7629731335752,3.2643634410623656,-0.04829443155746302,0.008464278713848746,-0.8403753002015778,0.5397826957929498,odom,base_link
1723528293.7266262,-62.15307907280345,17.478273934118988,3.2997445072511233,-0.050007265044369004,0.008397612741966314,-0.839906113000957,0.5403577286267329,odom,base_link
1723528293.893339,-62.4062935872024,17.148704213147166,3.3531837259176047,-0.05080390867131733,0.008101373520470925,-0.8395121821721903,0.5408998304633542,odom,base_link
1723528294.0600495,-62.64116145225144,16.814030874106653,3.4028885614194095,-0.048326586460709337,0.009828337178634905,-0.8394525928730776,0.5411906218219472,odom,base_link
1723528294.193418,-62.82799155626196,16.554760516294298,3.4397251043037294,-0.047138702484492846,0.010942417295760863,-0.8394906545737079,0.5412149731070007,odom,base_link
1723528294.326786,-63.01005460222861,16.29322774919229,3.4874159725935856,-0.047007110937110755,0.011971555923521783,-0.8393659785676785,0.5413979750546172,odom,base_link
1723528294.4934955,-63.227409387674754,15.97432036322127,3.5329410737608296,-0.04828215342116577,0.01236651387178927,-0.8392412999167677,0.541470168623986,odom,base_link
1723528294.6602168,-63.4490202657927,15.667510376154027,3.579795140918085,-0.04792713987951461,0.012016763633610587,-0.8389323210436027,0.5419881431942374,odom,base_link
1723528294.7935963,-63.62154660337461,15.438590540186773,3.628923391133543,-0.04656906693557969,0.01237162191078637,-0.8389098626444788,0.5421332929583537,odom,base_link
1723528294.9603202,-63.84197698015693,15.146023284604432,3.676116427310782,-0.046242320176557106,0.012503793633264709,-0.838229083695278,0.5432101860392902,odom,base_link
1723528295.1270428,-64.04831555216202,14.847469957889025,3.726685620156174,-0.046640079680102656,0.011820988151566686,-0.8382449304137051,0.5431670128443711,odom,base_link
1723528295.2604208,-64.21028554194827,14.620716740314148,3.756032003054295,-0.04675472561486939,0.010913980085144208,-0.8380151575378192,0.5435305662133858,odom,base_link
1723528295.4271426,-64.39850663943005,14.343899070476045,3.804414120277216,-0.04738768147325218,0.012098339573627524,-0.8378602373050518,0.5436894891086944,odom,base_link
1723528295.5605159,-64.54176535653977,14.119359090012054,3.831367357755405,-0.04795352904014236,0.013052162457833048,-0.8380173887117379,0.543375520542222,odom,base_link
1723528295.7272177,-64.73961799493557,13.837115055527047,3.8769159638915083,-0.04583725737506436,0.014225883683055053,-0.8374334807613465,0.5444278973102903,odom,base_link
1723528295.8939185,-64.92591202699688,13.562017109073011,3.917734658746686,-0.0436463998635651,0.014848329033061481,-0.8375337264270776,0.544437118500428,odom,base_link
1723528296.027278,-65.08291008294843,13.344797380216825,3.9508181309131345,-0.039346608528401834,0.0164776322454687,-0.8371300726171209,0.5453380360409035,odom,base_link
1723528296.193975,-65.29133447704412,13.07018027812957,3.9707960659298758,-0.03327916079680346,0.01654764296444392,-0.8367842260518226,0.5462699259522109,odom,base_link
1723528296.3273318,-65.4447708967774,12.852174661050139,3.9970994657018517,-0.028871455042161685,0.018603575035257523,-0.8366195528854296,0.5467065664590465,odom,base_link
1723528296.4606879,-65.57164186699912,12.618476802700624,4.026326739517779,-0.025120158897519586,0.02245339131246729,-0.8366037073810788,0.546771487581208,odom,base_link
1723528296.5940592,-65.7137898135821,12.398238547009559,4.041179270388794,-0.023112726858748045,0.02364469334823883,-0.8359655519833727,0.547784926983899,odom,base_link
1723528296.7607944,-65.9190731581195,12.120159908970187,4.070915029879297,-0.020675101988049623,0.025660387081111194,-0.8350779785906675,0.5491437465414282,odom,base_link
1723528296.8941824,-66.07978110750821,11.899407525608542,4.091645310985211,-0.018517133212270408,0.02706010787509658,-0.8341904866746119,0.5505007704635492,odom,base_link
1723528297.0609171,-66.29528967672371,11.556814665096997,4.136336809328223,-0.018312662505494653,0.027297609892279518,-0.8334229414195969,0.5516572192962182,odom,base_link
1723528297.2276523,-66.50948050920503,11.26208884539281,4.154235025785601,-0.019170475573418506,0.02658628475786748,-0.8321889878133261,0.5535224935730206,odom,base_link
1723528297.3610406,-66.66448492852025,11.016123777781441,4.1729697764536695,-0.018904179943714437,0.026568399263009138,-0.8313457912099855,0.5547980962284391,odom,base_link
1723528297.4944286,-66.82443832006332,10.76412101492107,4.196591182816699,-0.018969749634497917,0.02808657246897742,-0.8303076847587143,0.5562737111138482,odom,base_link
1723528297.6278183,-67.00372933994463,10.505688247437597,4.214084867685936,-0.018467548784353402,0.028718762328286893,-0.8288942220376597,0.5583623832286804,odom,base_link
1723528297.7612085,-67.17548579403902,10.206330097629918,4.230650088601245,-0.01817745789387392,0.02900702709482075,-0.8277836395032863,0.5600021594372027,odom,base_link
1723528297.8945987,-67.34755953009847,9.937104955251549,4.254860567004875,-0.01754711986052662,0.029749086123568854,-0.8262314323792628,0.5622710294937172,odom,base_link
1723528298.0279891,-67.50938763438072,9.675992396607825,4.269910629947857,-0.017847484700848477,0.029848334223692288,-0.8248856872030275,0.5642288075608273,odom,base_link
1723528298.161379,-67.69164444532261,9.389737819885587,4.28972408086711,-0.01711549667971788,0.030384779007296275,-0.8233106597638739,0.5665186514998949,odom,base_link
1723528298.2947693,-67.88581395849384,9.058550005576084,4.316293859272414,-0.017248094863412753,0.03173571911389862,-0.8220174400862705,0.568315647813714,odom,base_link
1723528298.4281597,-68.05320097044167,8.762222120297666,4.333625559928345,-0.017382255850478413,0.03259985534794483,-0.8206832846976296,0.5701877347249333,odom,base_link
1723528298.5948887,-68.27800184411687,8.408326680516188,4.357408494173236,-0.01830479379668218,0.03294914432598942,-0.8183949904534197,0.5734186324257291,odom,base_link
1723528298.761606,-68.485138613529,8.035695231737764,4.387555514946321,-0.018546435271600444,0.03365644827281937,-0.8166296187045727,0.5758813585130181,odom,base_link
1723528298.9283216,-68.67169384418472,7.673984478379282,4.415804822713308,-0.01834628209362348,0.031678541937978255,-0.8152050641245753,0.5780143487316487,odom,base_link
1723528299.061694,-68.84991985295393,7.3803324031997715,4.44087667843471,-0.019328844120317105,0.02769455743500309,-0.8137573368811755,0.5802227192600348,odom,base_link
1723528299.1950657,-69.03250390894719,7.132859944308729,4.458012577137128,-0.02059778355376456,0.024184759225355505,-0.8119829743113437,0.582815989968007,odom,base_link
1723528299.328437,-69.28844901942294,6.689943059215864,4.50232193220164,-0.02225367583214425,0.024142478630245958,-0.8102682432486898,0.5851386917818953,odom,base_link
1723528299.6285768,-69.6535524986215,6.012195144431587,4.560007322654103,-0.02536045596136912,0.02610246600410383,-0.8072560288887877,0.5890782735465986,odom,base_link
1723528299.7953846,-69.90122202300434,5.617977243698391,4.598770507272041,-0.022647570681788742,0.019767172869097276,-0.8055786914574127,0.5917257120395729,odom,base_link
1723528299.928834,-70.07737058420409,5.285023105083347,4.624017654113385,-0.022705584963642427,0.017451810829576413,-0.804579347014516,0.5931542506531691,odom,base_link
1723528300.0956507,-70.33735977144393,4.824338308005267,4.652660964176476,-0.023223026294501094,0.017297810203864873,-0.8030603596325158,0.5951936958661195,odom,base_link
1723528300.2624702,-70.558074477229,4.415391032971293,4.680965841896005,-0.022964517130522232,0.020180831287850805,-0.8020500287123199,0.5964739025674639,odom,base_link
1723528300.4292955,-70.7455936385229,4.009910197546974,4.722156817363937,-0.023750597141936093,0.02131713114337232,-0.8011278441140989,0.5976417542644707,odom,base_link
1723528300.5627358,-70.94243642763637,3.646131010078131,4.763625242044218,-0.02434728850872344,0.021133235364899382,-0.8002071485999239,0.5988565063810064,odom,base_link
1723528300.6961122,-71.11941583085702,3.3409004640619138,4.794815174192774,-0.022336646280140985,0.020674397952816732,-0.7992478556046773,0.6002303797822712,odom,base_link
1723528300.8294876,-71.28024266938809,3.0303293143159014,4.822182248108448,-0.020313198212341184,0.020231993661964025,-0.79870400247086,0.6010407281107302,odom,base_link
1723528300.9962058,-71.49680893481134,2.60726237056613,4.843787937790283,-0.02141202168724324,0.020857384155554524,-0.7977729812015022,0.6022165435441974,odom,base_link
1723528301.1629243,-71.69561394164926,2.197095061979174,4.8627725818623695,-0.020172586146154,0.023817781473140013,-0.797478795900248,0.6025390859880912,odom,base_link
1723528301.3296409,-71.9090173780582,1.8024957850885963,4.902421233426168,-0.017727232574470494,0.02477557083431465,-0.7964933830386524,0.60387929844525,odom,base_link
1723528301.463014,-72.10230723630984,1.4382745263897094,4.930702233688896,-0.01796222152059405,0.023835269935987394,-0.7958907365756299,0.6047042036717,odom,base_link
1723528301.6297362,-72.30886232627607,1.0349264605859885,4.95851003381336,-0.0184829286591724,0.024099125339194512,-0.7951913707184334,0.6055974714618655,odom,base_link
1723528301.7631164,-72.46048224463132,0.7229988794218034,4.980884537282574,-0.01777326037844044,0.024499850912113937,-0.7947986472133302,0.6061179579163324,odom,base_link
1723528301.9298403,-72.64277675306339,0.33093525539113156,5.012628468521001,-0.017497575558787958,0.024949212101885193,-0.7942432900144605,0.60683520656935,odom,base_link
1723528302.0965652,-72.8237465413974,-0.06662379350641778,5.044482918946463,-0.017530904789803358,0.02453668049280566,-0.7941843779133988,0.606928160959724,odom,base_link
1723528302.2299445,-73.00039593495855,-0.44779835328695405,5.064966560048429,-0.017628042822578408,0.023575036285984504,-0.7932516517489404,0.6081819520241766,odom,base_link
1723528302.3633232,-73.15757158007861,-0.7817453268476733,5.0824838405302435,-0.018044993508598093,0.024403993356779265,-0.7929459282850011,0.6085356013691845,odom,base_link
1723528302.5300462,-73.3419314556861,-1.1911912920882024,5.119014195615852,-0.01845584722386516,0.024940905510906133,-0.7925239122159312,0.6090510499962221,odom,base_link
1723528302.6634552,-73.53920748853909,-1.5228653160102459,5.1386474927000485,-0.017564801894958577,0.02396151170652019,-0.7914023701995669,0.6105731832742383,odom,base_link
1723528302.7968655,-73.6908600942891,-1.8463231965021452,5.161444613992936,-0.016774274644073665,0.02369121071345515,-0.7909650248189898,0.6111723813771293,odom,base_link
1723528302.96363,-73.88918507459542,-2.2584141525778048,5.182860544509461,-0.017764535791164146,0.023448284053376362,-0.7903335832615487,0.6119701188881997,odom,base_link
1723528303.163748,-74.13734960945713,-2.7668168417279824,5.2164464200038685,-0.016902526866296345,0.023185585091099654,-0.7895399786900351,0.6130280216104779,odom,base_link
1723528303.2971616,-74.29087065041715,-3.1113827552621967,5.238239304786456,-0.015733800966142467,0.024107988142414813,-0.7885924873715326,0.6142419240625492,odom,base_link
1723528303.4305756,-74.44432471440253,-3.4533539675425167,5.259563388301272,-0.016113789519627646,0.024491917079535953,-0.7883442364259007,0.6145354804070714,odom,base_link
1723528303.5973427,-74.64596417860055,-3.872199006990841,5.286756784288923,-0.016282387311906628,0.024264837883423936,-0.7874636061054918,0.6156680684957203,odom,base_link
1723528303.730756,-74.81318774009029,-4.194701481666598,5.338807719837475,-0.016446152425888216,0.025696720017338137,-0.7873663076949492,0.61573005461611,odom,base_link
1723528303.8641703,-74.96865815124188,-4.543076270165286,5.357896120087096,-0.017787782212102,0.02540178391914859,-0.7866279257919984,0.6166480767357329,odom,base_link
1723528303.9975848,-75.13197881212163,-4.870797716497099,5.382528565732411,-0.01779671470609295,0.025913430995424966,-0.7857635519954546,0.6177276190969625,odom,base_link
1723528304.1310003,-75.2814882446564,-5.211036793343725,5.396417657512442,-0.018343693965864605,0.026103274047150914,-0.7853425225504158,0.6182388294582084,odom,base_link
1723528304.4311876,-75.65803467553772,-6.0490133605929035,5.474998226846297,-0.01845108267188452,0.026200530577718286,-0.7839791261854913,0.6199595304946243,odom,base_link
1723528304.5979424,-75.85300149301055,-6.470444404931385,5.5067002689938,-0.01858335276732472,0.026865286020510776,-0.7838160265587837,0.6201333339827502,odom,base_link
1723528304.731327,-76.00360099425606,-6.8036333939517,5.53020444001333,-0.01811093773490892,0.027516583069347546,-0.7828517771804346,0.6213355989769018,odom,base_link
1723528304.8647113,-76.18916663351064,-7.15681789787269,5.524080842726045,-0.017750610904162467,0.02615835313350415,-0.781741731843076,0.622800546779513,odom,base_link
1723528304.9980958,-76.340107646113,-7.499832078266114,5.547175209078172,-0.01789466229327241,0.02639068014838205,-0.7811042666143271,0.6235859505630399,odom,base_link
1723528305.1648264,-76.51494457724897,-7.915019672900187,5.5751742788975625,-0.018047620445650916,0.026984561106752302,-0.7802037329307016,0.6246825209489411,odom,base_link
1723528305.331556,-76.69237212055846,-8.306940964682843,5.592067283944122,-0.01603486701319881,0.026175162634574593,-0.7792806051229669,0.6259229045019084,odom,base_link
1723528305.498287,-76.88177018696312,-8.743415698638847,5.613983568747454,-0.01598556864421079,0.024856919368851742,-0.7783364706602088,0.6271514439071489,odom,base_link
1723528305.6650355,-77.04024602563516,-9.067640526370958,5.658699148216765,-0.016551191401295448,0.02650371335944285,-0.7768416187001409,0.6289202737205275,odom,base_link
1723528305.7984426,-77.17873806513062,-9.415032158657358,5.680711035715231,-0.018161431464877628,0.027850807389756614,-0.7762594841372439,0.629536105574466,odom,base_link
1723528305.9652028,-77.3413372382111,-9.820243562728493,5.7055561372351455,-0.01956233512150099,0.026126393612097284,-0.7749951830726739,0.6311237539623846,odom,base_link
1723528306.165316,-77.54763937529769,-10.30503422124453,5.724264242661806,-0.019626645144066285,0.023527624520180257,-0.7736304850271968,0.6328958194848585,odom,base_link
1723528306.332078,-77.73397511389426,-10.746071965366884,5.749377910788835,-0.019537608769153673,0.025301415390578955,-0.7719411636596873,0.6348897227633669,odom,base_link
1723528306.4654884,-77.86530569235484,-11.123377482739786,5.771722834777047,-0.01971056716440808,0.02753232714465884,-0.7709095121148927,0.6360440146993248,odom,base_link
1723528306.6322353,-78.03944103817048,-11.53551196440386,5.800469903786655,-0.017250964500988588,0.027744160902018658,-0.7692312827489867,0.6381347031779241,odom,base_link
1723528306.765612,-78.19789172251741,-11.94069319815021,5.828626446288491,-0.017865925844807156,0.02833836008725124,-0.7679840723587725,0.6395922221576096,odom,base_link
1723528306.8989878,-78.32941316700698,-12.271188577809276,5.855379828442923,-0.018782220206191504,0.028018421105583783,-0.7668233942549607,0.6409711992797941,odom,base_link
1723528307.032364,-78.46686720797832,-12.66075580216581,5.865968968767391,-0.01911746753557469,0.02791053098951627,-0.766687841503081,0.6411281294610742,odom,base_link
1723528307.165739,-78.59075328415942,-12.99481787768988,5.873468843250067,-0.019793263648833773,0.02812586852218065,-0.765469297041037,0.6425526573919847,odom,base_link
1723528307.3324575,-78.74333768775904,-13.400603516527099,5.915606715866279,-0.021382505218892688,0.02856606608698677,-0.7641508698968069,0.6440498555040838,odom,base_link
1723528307.465832,-78.89524276709675,-13.81692891253489,5.932882326773881,-0.02053705907300713,0.029149605642627467,-0.7629263247939386,0.6455013188459997,odom,base_link
1723528307.6325529,-79.04977978428494,-14.245235907661497,5.960928035423175,-0.018231112012157817,0.030980418885407632,-0.7616192756546774,0.6470269848713648,odom,base_link
1723528307.765931,-79.17785088272723,-14.585054120069527,5.978753443094767,-0.016820233560818007,0.032373280508680165,-0.7605715463756477,0.6482283342278568,odom,base_link
1723528307.9326525,-79.34719687305551,-15.058403305545852,6.010836111154079,-0.015343268825281316,0.034021101823156784,-0.7591484116728848,0.6498467802390266,odom,base_link
1723528308.1327178,-79.52515979766198,-15.554280801674256,6.027477285245665,-0.014990500536736147,0.03308921672245015,-0.7579065141627226,0.6513509840478202,odom,base_link
1723528308.2660942,-79.65912781409959,-15.901771003386786,6.056548088740627,-0.01343349533090984,0.032502329586115236,-0.7560142257603218,0.6536096925709494,odom,base_link
1723528308.39947,-79.79153910609446,-16.230763349994312,6.074619591370035,-0.015666334715206186,0.029868179907786736,-0.7551446322873384,0.6546900351412168,odom,base_link
1723528308.5328455,-79.91100491490617,-16.524668570903003,6.097180914319535,-0.018155571093701927,0.028808067090260334,-0.7538190970333953,0.6561990852298873,odom,base_link
1723528308.7329102,-80.07994157667146,-17.03772229641222,6.11921739347431,-0.01812528848626991,0.02932435834817079,-0.7522042292259334,0.6580276236294165,odom,base_link
1723528308.8662865,-80.18884998224796,-17.361662861136047,6.140769712870707,-0.0179905733469414,0.02993668776610256,-0.7512628770277954,0.6590783137049518,odom,base_link
1723528308.9996622,-80.29789470421196,-17.696318197319084,6.152453268483794,-0.018574633885141034,0.031389989107566726,-0.74979267869342,0.6606667772316128,odom,base_link
1723528309.1330373,-80.42270346310971,-18.002698985472264,6.187422464945356,-0.01722687201226729,0.03176858239636121,-0.7479392019092627,0.6627827263142381,odom,base_link
1723528309.2997563,-80.54756638186721,-18.40257981517203,6.1907491297317225,-0.016406876000346706,0.02646470617022791,-0.7468680949093017,0.6642427888609578,odom,base_link
1723528309.4331307,-80.64961495306184,-18.716211224074584,6.206947512521533,-0.01709775557737219,0.024471637615526644,-0.7460827687787647,0.6651836647408317,odom,base_link
1723528309.5665045,-80.71374918077238,-18.974797915518536,6.228021472731179,-0.018823306831361512,0.026899069113210508,-0.7455103394184223,0.6656849532782035,odom,base_link
1723528309.6998932,-80.80225485806872,-19.26928897651114,6.254794044078127,-0.019925983930304956,0.029488666562141747,-0.7446116541548209,0.6665484665090885,odom,base_link
1723528309.8666286,-80.95846020411025,-19.77975974323489,6.261135596039441,-0.019346307621922666,0.02979546196643056,-0.7434840931196769,0.667809369585076,odom,base_link
1723528310.0000172,-81.0867912321398,-20.170036173832507,6.294388642874348,-0.01819353136663886,0.028178684989778872,-0.7425307746862064,0.6689716031137346,odom,base_link
1723528310.1334054,-81.19318358065952,-20.480406898596254,6.309697988915341,-0.017649638689309834,0.026207540796960218,-0.7417748167819939,0.6699043037983502,odom,base_link
1723528310.2667937,-81.2867727945233,-20.797346740502668,6.3267584620180894,-0.018551998799919898,0.026222320398051464,-0.7404312325662037,0.6713641359902702,odom,base_link
1723528310.5669172,-81.47305033854514,-21.479305320649953,6.366665102453387,-0.01961487712544886,0.028234501813580226,-0.738609603263078,0.6732562093811325,odom,base_link
1723528310.7003114,-81.564182893554,-21.793239365331072,6.3871369659421635,-0.019130811302899748,0.02756503208310762,-0.7375434276231925,0.6744656206471779,odom,base_link
1723528310.8337057,-81.66953719385393,-22.113302107235917,6.395380488387698,-0.0193744752447834,0.027011615458188146,-0.7361908099226994,0.6759571685578074,odom,base_link
1723528311.000448,-81.78572293625594,-22.547674356211694,6.422030498486655,-0.019171285267461688,0.028231035576069916,-0.7350508403795788,0.6771526655849265,odom,base_link
1723528311.167192,-81.88171334116954,-22.925788570593596,6.4490115890604995,-0.019387067579139248,0.029272530871524344,-0.7335309992646574,0.6787485054604917,odom,base_link
1723528311.333935,-82.01328404994032,-23.380259702374147,6.472362835800307,-0.019768145456992858,0.03021030928332717,-0.7313914975366377,0.6810014941021137,odom,base_link
1723528311.4673305,-82.07958363195534,-23.69216780202922,6.491036167040724,-0.020333806819393112,0.030421348204423247,-0.7300073165322043,0.6824590798598161,odom,base_link
1723528311.6007237,-82.1678932213615,-24.00671594453473,6.51469318452974,-0.01992753985361476,0.030626864158205216,-0.7281331991807742,0.6844610526523688,odom,base_link
1723528311.734111,-82.26196866156462,-24.33543878577638,6.5261507066455575,-0.02109417224146462,0.031126369060701733,-0.7260210335166114,0.6866437532942508,odom,base_link
1723528311.8674984,-82.34496517246659,-24.663777986346354,6.545538900346697,-0.02071980021497366,0.03126229719785431,-0.7233128835711825,0.6895011465638804,odom,base_link
1723528312.0008855,-82.40260325877635,-24.96782416980238,6.5744447340443415,-0.02007775396958296,0.03183639070550772,-0.7208721325714923,0.6920452994596613,odom,base_link
1723528312.1342726,-82.47548134475169,-25.290710656396033,6.586703539252204,-0.02100243652752302,0.03299610928486305,-0.7174757581466968,0.6954845008364969,odom,base_link
1723528312.2676594,-82.53917985409896,-25.618606181451938,6.602784386021446,-0.021780338810946404,0.03455859154205099,-0.7146285656084781,0.6983103420459127,odom,base_link
1723528312.4343934,-82.61372466606306,-26.008739122392193,6.6326339278452835,-0.022606123744091516,0.033810237306242295,-0.7109930552388163,0.7020218703322112,odom,base_link
1723528312.5677798,-82.66664977452362,-26.33064839765951,6.642021436592707,-0.02108494790633715,0.036345222011447714,-0.7070304421040052,0.705933710589699,odom,base_link
1723528312.7011795,-82.73646262246552,-26.66591208361893,6.651107333093872,-0.020528007580558286,0.03785910206721556,-0.7043363217021501,0.7085588438700924,odom,base_link
1723528312.8345795,-82.79006681609526,-26.968478430526194,6.671049693727674,-0.020378867134917072,0.036562068428243936,-0.7011742556659234,0.7117601984642612,odom,base_link
1723528312.9679794,-82.83702609327032,-27.280335499104122,6.679637466044657,-0.020276512364925146,0.035570249909611815,-0.6983431564614505,0.7145911111895675,odom,base_link
1723528313.1347299,-82.94117546008502,-27.72147233942498,6.699748156876295,-0.01738171072475573,0.036597332332225806,-0.6937128272541554,0.7191112742138672,odom,base_link
1723528313.3014812,-82.99742077222035,-28.112333410248183,6.720998450986244,-0.01730053740159346,0.0357417460120067,-0.6907750934703749,0.7219785240840783,odom,base_link
1723528313.4348826,-83.03953201411302,-28.485197779255323,6.731653248546452,-0.020790567444794503,0.03629655241099304,-0.6879313835259805,0.7245693370191908,odom,base_link
1723528313.568284,-83.07945991036247,-28.8003431345182,6.749836234604638,-0.018517738058956776,0.03814423757051823,-0.6841697933766507,0.7280891458800184,odom,base_link
1723528313.7350683,-83.12375458633225,-29.18906428259131,6.760892921571525,-0.01573232991100591,0.03682660874928536,-0.6811689653691088,0.7310301876814501,odom,base_link
1723528313.9018555,-83.17593424368287,-29.599511196223773,6.776718342254835,-0.014807661317007163,0.0347583911716274,-0.6766702893340101,0.735316195212718,odom,base_link
1723528314.0686433,-83.19794328245025,-29.976289230466598,6.781743573070257,-0.016729419402822875,0.03404217538555528,-0.672492813043483,0.7391310257500536,odom,base_link
1723528314.2020752,-83.22224572619703,-30.30235076212469,6.79229539583247,-0.01718624055985395,0.03482987911346213,-0.668707569302589,0.7425104035727603,odom,base_link
1723528314.335508,-83.2574954830926,-30.710770097755393,6.811532053077874,-0.019221246513871304,0.035366521627158,-0.6645494770466485,0.7461593297597204,odom,base_link
1723528314.468942,-83.2733589744856,-31.036611277086045,6.826487561412959,-0.019124822887059263,0.03589559851466247,-0.6603563230680091,0.7498501675274281,odom,base_link
1723528314.6023657,-83.30483093243504,-31.386669488224346,6.838585029512574,-0.02052526480068553,0.03491733143006779,-0.6561311552859993,0.7535591552981917,odom,base_link
1723528314.7357564,-83.31325847145716,-31.706161321915307,6.859476146140125,-0.019588420340343648,0.035879399334312924,-0.652444490393859,0.7567332088964226,odom,base_link
1723528314.869147,-83.31958576369372,-32.037259092855464,6.86947262494636,-0.02065126222030549,0.036859547198157004,-0.648193765313283,0.7603024015206343,odom,base_link
1723528315.0358856,-83.33296897196067,-32.509665005981404,6.887406599578538,-0.02084530833986604,0.03871400462724369,-0.6429251967972688,0.7646658683955568,odom,base_link
1723528315.169276,-83.33395894129308,-32.82552293481565,6.910505097162325,-0.020700768550973362,0.03836241435816023,-0.6386723414975162,0.7682430888410854,odom,base_link
1723528315.302666,-83.33167442849613,-33.149675269623586,6.922361057816682,-0.0189416904456237,0.03872119967966442,-0.6347757837020904,0.7714930884225903,odom,base_link
1723528315.4360561,-83.34498356340525,-33.504586935605275,6.912905659473211,-0.019737089562238408,0.04028199835127465,-0.6314541424445149,0.7741146387287238,odom,base_link
1723528315.569446,-83.33703222043131,-33.828434993275934,6.9260420980055795,-0.01834563215375174,0.041044008697713595,-0.6280301893018236,0.7768892510882208,odom,base_link
1723528315.736246,-83.29672350327702,-34.20513783743726,6.943834412762087,-0.018293301414850336,0.04139351236384146,-0.623993686134186,0.7801178192569381,odom,base_link
1723528315.869688,-83.28126132454392,-34.5316104783342,6.94947345497107,-0.018668223921613988,0.042038693658662606,-0.620274832461527,0.783034723282378,odom,base_link
1723528316.0031314,-83.26602388358839,-34.89228731322617,6.965770234963884,-0.01906476826049895,0.04202238619818526,-0.6169643391532081,0.7856371031733604,odom,base_link
1723528316.136576,-83.25116671252168,-35.21065385057886,6.974156305821214,-0.019909047145011207,0.04131628742972373,-0.6132286613608527,0.7885728901759044,odom,base_link
1723528316.3033843,-83.21789013536667,-35.6284073020183,6.985028286619501,-0.019649666388846136,0.04060461849671232,-0.6089942511965531,0.7918908747908976,odom,base_link
1723528316.436832,-83.16267229409509,-36.01904480703381,7.012378305326019,-0.0191334856757053,0.04076004275464682,-0.6059459008968007,0.7942305042158112,odom,base_link
1723528316.570281,-83.13820874105522,-36.34152927662845,7.033396403118926,-0.01971894947694059,0.04032327404815418,-0.6025045051378147,0.7968522559986891,odom,base_link
1723528316.7036695,-83.08498736949987,-36.65478600141277,7.026886272615405,-0.019293223106964113,0.040742354923983384,-0.5999533580257579,0.7987639202236227,odom,base_link
1723528316.8370576,-83.09035395412894,-37.05145932477377,7.041046298292949,-0.02005874578842602,0.041013998710338444,-0.5973906177724659,0.8006497039433756,odom,base_link
1723528316.9704459,-83.07385489342907,-37.38667884922917,7.027520537396519,-0.02058474690190489,0.04158201239576659,-0.5944842690101257,0.8027674995536376,odom,base_link
1723528317.1705275,-83.0228862889058,-37.87076511535289,7.050208786165374,-0.01859062617387912,0.04225774678728974,-0.5922134878398168,0.8044574919009231,odom,base_link
1723528317.3372612,-82.96258835583693,-38.31191190477609,7.04385862960747,-0.019647601662872098,0.042648572261339564,-0.5913511138025136,0.8050459187136427,odom,base_link
1723528317.4706485,-82.92333674542304,-38.65539257303433,7.052577784686264,-0.019420923441342608,0.043702364201599966,-0.5902446685954946,0.8058065290691501,odom,base_link
1723528317.6040454,-82.89852055190565,-38.993538882527055,7.085163863601165,-0.019234197748366027,0.04476922159868984,-0.5893889387375897,0.8063785967696576,odom,base_link
1723528317.7374728,-82.86548127573427,-39.33350273239188,7.090016497883207,-0.019774314682146497,0.0433720584870162,-0.588456144703061,0.8071227953556142,odom,base_link
1723528317.8709004,-82.82189085954633,-39.65009400331074,7.0968145745874605,-0.020239998533692155,0.04382924836511499,-0.5877742967079737,0.8075832561269162,odom,base_link
1723528318.004329,-82.77530341885576,-39.99665703099246,7.10342926414911,-0.019679272724785434,0.043242788623239756,-0.5867923726052791,0.8083424391366426,odom,base_link
1723528318.1377583,-82.73647880891193,-40.322250988622194,7.113582127580488,-0.01961060129104613,0.04429382524821837,-0.5855640177539515,0.809177522224718,odom,base_link
1723528318.2711883,-82.69454061710891,-40.646202321242065,7.109781868795308,-0.02123775549032486,0.04490801106496781,-0.5842420827012161,0.8100576628147328,odom,base_link
1723528318.404619,-82.64977696148965,-41.035076132787566,7.125549490551212,-0.019894542475761477,0.04444821320806924,-0.5826369468344633,0.8112723042885815,odom,base_link
1723528318.5714087,-82.5988386178918,-41.45830151304651,7.133850673154662,-0.018907378380977856,0.043333974902885306,-0.5812134233240259,0.8123765347484142,odom,base_link
1723528318.8381617,-82.51666200943697,-42.10706842406435,7.150153871605822,-0.020275410848890767,0.041896358859306336,-0.5779170878308184,0.8147671093155314,odom,base_link
1723528318.9715376,-82.46886577194421,-42.44639800888131,7.15726658408847,-0.02203050671399204,0.04236996471723716,-0.5759077925610125,0.8161186539537536,odom,base_link
1723528319.1382563,-82.40337768215119,-42.84884702678812,7.16372528615042,-0.022483413292285374,0.04150689237574026,-0.574474490360851,0.8171601641885621,odom,base_link
1723528319.3049755,-82.34754482796617,-43.21041780143023,7.154475742555755,-0.023819139994245984,0.04081271642614868,-0.5724393974889156,0.8185842088327753,odom,base_link
1723528319.471693,-82.28472057563386,-43.60685993443935,7.166586820367369,-0.02287453421198997,0.04030943710195733,-0.5704785914492463,0.8200037083228294,odom,base_link
1723528319.605068,-82.22338539422431,-43.91109602394743,7.173157658598235,-0.020809957619313726,0.0417725853687868,-0.5691357501670388,0.8209180803571644,odom,base_link
1723528319.738445,-82.18220084380671,-44.225405386785134,7.184059567959933,-0.017810236090573004,0.041579708740772894,-0.5676701107212598,0.8220125112826101,odom,base_link
1723528319.9051669,-82.11334369611157,-44.61015587753729,7.18338627536056,-0.016050890792529002,0.04177315075419695,-0.5646097240411978,0.8241439390658382,odom,base_link
1723528320.071887,-82.04076281509747,-45.08861256128804,7.207398626427086,-0.020396624207313224,0.044885850842180705,-0.5596806627062719,0.8272404692154437,odom,base_link
1723528320.2052634,-81.9596412243864,-45.39799858825423,7.208888547612332,-0.022427542443402056,0.04623681678934689,-0.5558049377883261,0.8297228653250752,odom,base_link
1723528320.3719845,-81.88819049601082,-45.780060888946615,7.213488651057595,-0.020936170224867955,0.0420618988609973,-0.5493391522284421,0.834277513342808,odom,base_link
1723528320.538704,-81.78311501493499,-46.15690122137354,7.207298592546003,-0.016530875811810838,0.035813872452117965,-0.5420804576593692,0.8394003062357595,odom,base_link
1723528320.672069,-81.69682266836016,-46.525166771059375,7.215428616140464,-0.015456609877552272,0.03627251611375907,-0.5363645781503933,0.8430649068081418,odom,base_link
1723528320.8387702,-81.5636428431451,-46.89634965122963,7.220319228539969,-0.01859013288650326,0.044344060130151,-0.5279879507961283,0.8478895771882923,odom,base_link
1723528320.9721293,-81.46149682613414,-47.174863368557716,7.223367354892568,-0.021669910554218498,0.04709096674700745,-0.520333955687821,0.8523880749902999,odom,base_link
1723528321.1054878,-81.37157449291406,-47.47449770341373,7.223025054626822,-0.020215656100643166,0.04605779268172234,-0.5131417457194467,0.8568287785676358,odom,base_link
1723528321.3055236,-81.21881114930814,-47.95555071966884,7.239500743067289,-0.015059790121857618,0.044708116618016665,-0.5018928936390418,0.8636422351556141,odom,base_link
1723528321.505557,-81.0344433957991,-48.34506106290054,7.231778232009109,-0.015943561544186326,0.04454217317790519,-0.4911278957728276,0.8698018094069653,odom,base_link
1723528321.63892,-80.91644312740623,-48.60509032279531,7.224846182019682,-0.017724995875423966,0.04557346744658908,-0.48318057661848335,0.8741541133946238,odom,base_link
1723528321.7722898,-80.78974010147125,-48.876123845126266,7.2245997079758,-0.017874691552531012,0.04676821676817705,-0.474946036252114,0.8785894900069271,odom,base_link
1723528321.939001,-80.63519233256798,-49.20318787397667,7.229212241790071,-0.016486861093735768,0.046233017784793114,-0.46405627148107526,0.8844447231890015,odom,base_link
1723528322.1057124,-80.4721552265734,-49.520065842462024,7.2254287435247875,-0.014849068995240277,0.04515592951183346,-0.45219323149735896,0.8906524173704762,odom,base_link
1723528322.272422,-80.29777036955667,-49.831155754229485,7.2232618836972176,-0.014685847688364695,0.04647063835640832,-0.43974851585047064,0.8967976630521125,odom,base_link
1723528322.5724988,-79.96369281679561,-50.42063099486926,7.222013720108713,-0.014604342012340807,0.04964584156538841,-0.41328940771407413,0.90912808178001,odom,base_link
1723528322.7392223,-79.74421138084492,-50.69055733796926,7.215781614315286,-0.015288093499604109,0.05074685897195512,-0.3991629912722631,0.9153468942975701,odom,base_link
1723528322.9059412,-79.53244357784371,-50.95010448485685,7.205155750681763,-0.014510862589921777,0.052294557399174,-0.3854689475039507,0.9211234470164774,odom,base_link
1723528323.0393152,-79.38863697844432,-51.168107492921045,7.193821660299026,-0.014389838421848088,0.053356197393008266,-0.3752759236688993,0.9252643027072891,odom,base_link
1723528323.2060313,-79.20386668821146,-51.377321533468056,7.192461693017378,-0.012520168273397851,0.05237176419769527,-0.36390839133256614,0.9298769415460149,odom,base_link
1723528323.506119,-78.81698970273659,-51.81012315364043,7.17410457433718,-0.01555006720798129,0.05028657266043212,-0.3428121003760063,0.9379282061307708,odom,base_link
1723528323.6728375,-78.62419189622665,-51.99297155232836,7.159931532777593,-0.01942164060573313,0.051143581393328856,-0.3311526423632742,0.9419899476184802,odom,base_link
1723528323.8729084,-78.42138411932208,-52.264864451918974,7.173459103306424,-0.017051453285757905,0.041825455732954556,-0.3180545568713913,0.9469958701319228,odom,base_link
1723528324.0396338,-78.21253104828878,-52.430110327425396,7.150117220766745,-0.021516117148811485,0.04796252739522494,-0.3047213114561095,0.9509897870183307,odom,base_link
1723528324.2063575,-77.99518790103055,-52.58275384163846,7.132804552203288,-0.02712032547248415,0.058560550608685764,-0.29571836617769964,0.9530927540191806,odom,base_link
1723528324.3730817,-77.81318121085172,-52.74831618936309,7.133253828164532,-0.027302581548525218,0.05514461787272706,-0.2828013551114177,0.9572027129650243,odom,base_link
1723528324.50646,-77.65562026993581,-52.92396974843834,7.137099492351368,-0.02268174618790641,0.04916254542292145,-0.27537064672185113,0.9598122678114694,odom,base_link
1723528324.639835,-77.49499475204068,-53.04806448947408,7.123911692536906,-0.023091958939734904,0.049735928696820315,-0.26722787536952697,0.9620719107501678,odom,base_link
1723528324.7732,-77.33502619411946,-53.16262831516258,7.120891017641206,-0.02586093840993674,0.05277043342566581,-0.25834034563167835,0.9642648801234699,odom,base_link
1723528324.906564,-77.16835113802637,-53.28701593034689,7.118403044194087,-0.026596332245082798,0.05517929679972672,-0.25082560284495103,0.9660923337203663,odom,base_link
1723528325.0732675,-76.9808241444792,-53.4510498254088,7.125058143326411,-0.017444050866975737,0.05965284174842389,-0.23794053139345814,0.9692891968246043,odom,base_link
1723528325.2399702,-76.84294341199713,-53.54289295499043,7.121766212974578,-0.013409852224898825,0.05061890561644888,-0.23266520247741693,0.9711461299998275,odom,base_link
1723528325.373331,-76.6844614235074,-53.59980128416795,7.092546019916545,-0.028851624886598495,0.046872976814351854,-0.22430304421525538,0.9729638493498788,odom,base_link
1723528325.5066912,-76.52694974530384,-53.668856024075936,7.078950952517049,-0.03584901454547717,0.04915695607318416,-0.21861519615748837,0.9739126438417156,odom,base_link
1723528325.6733932,-76.33802011116146,-53.81604928738149,7.095010821747874,-0.03248840190377797,0.05300670899140121,-0.2085268644508262,0.9760385952132969,odom,base_link
1723528325.8067589,-76.17765820239234,-53.922378979787055,7.091695264703507,-0.029036090954200382,0.05299955695345969,-0.2023558429991886,0.977445684009564,odom,base_link
1723528325.9401238,-75.99597588340745,-54.0276638429391,7.0766208495310785,-0.02948892740342769,0.055544535778151743,-0.1936244270085224,0.9790581131737821,odom,base_link
1723528326.0734878,-75.79045406028098,-54.12496966224314,7.062925980102191,-0.030582032107926625,0.05738880490750715,-0.1856374415262244,0.9804641781763552,odom,base_link
1723528326.2068512,-75.59152401888299,-54.22622402387655,7.049577453958079,-0.03082629219311094,0.05905755860541336,-0.17700101137293628,0.9819534543216144,odom,base_link
1723528326.3402143,-75.36815352236155,-54.3189669616913,7.045362852894959,-0.028208438788973538,0.06232608825491034,-0.1663212668249585,0.9836955722710511,odom,base_link
1723528326.4735763,-75.1577573816498,-54.42655318470325,7.0353471299609645,-0.025190559503675516,0.06368142263533337,-0.15709971576490622,0.9852054564554633,odom,base_link
1723528326.606938,-74.93947570721718,-54.52906400953301,7.024487933484631,-0.02481150271391271,0.0658640611644646,-0.1450280544018963,0.9869210597694236,odom,base_link
1723528326.7403042,-74.69582822603817,-54.67561878234097,7.016046001352395,-0.021212505712517763,0.06669116832767187,-0.13524286584665016,0.9883378394587913,odom,base_link
1723528326.9070117,-74.42456066494302,-54.78925937656705,7.000946794992704,-0.022399746120974593,0.0648812554576078,-0.12199343806985194,0.9901546723274388,odom,base_link
1723528327.207081,-73.87391344330278,-54.99926585240801,6.9477366646693035,-0.02965921225410259,0.06417102117658637,-0.09986268206846817,0.992486703134965,odom,base_link
1723528327.3737855,-73.55776220035801,-55.11335916244949,6.937347628431624,-0.029002837019567285,0.06381712558708816,-0.08894359751988326,0.9935669310050729,odom,base_link
1723528327.5071478,-73.24111259493372,-55.21783634730328,6.912956829726156,-0.02750072246475598,0.06504413312913525,-0.08074861635774883,0.9942296676149354,odom,base_link
1723528327.6405141,-72.98393915524068,-55.301421014619656,6.8924716606750955,-0.025686837136692578,0.06604120504405861,-0.07220985375696554,0.9948690781477929,odom,base_link
1723528327.8082778,-72.63586553932227,-55.4024102335088,6.863632811893016,-0.02430988792984375,0.06779687317885565,-0.06326280675911708,0.9953946105022707,odom,base_link
1723528327.9430737,-72.37034311564338,-55.515307004914085,6.85358263370466,-0.024724131602372093,0.06847975409725547,-0.053562213723148115,0.9959067877348583,odom,base_link
1723528328.2464924,-71.78355662355968,-55.6664849216176,6.821321094329743,-0.023017179178597913,0.06702112989774518,-0.035011189557085404,0.996871403048401,odom,base_link
1723528328.3814015,-71.45468788202407,-55.75935006225711,6.802904285701347,-0.021317724340272966,0.0659731854735757,-0.02672012854738813,0.9972357435219781,odom,base_link
1723528328.5500863,-71.13251832379001,-55.81595155661898,6.78694196948123,-0.021532777468834644,0.0647807862222553,-0.01616078244870875,0.997536274198362,odom,base_link
1723528328.7188206,-70.72926205546075,-55.889176174056324,6.7485219427654375,-0.02232702451188394,0.06199222442446482,-0.004958968204614349,0.9978145502655782,odom,base_link
1723528328.9186776,-70.3173187506252,-55.95118802608333,6.724414973920341,-0.022135083900491903,0.06516687979454201,0.007953735629799862,0.997597140096188,odom,base_link
1723528329.0852156,-69.94065650318343,-56.0190949082593,6.701112955162065,-0.019348412393397376,0.06564525107702399,0.017727337067786,0.9974979105087762,odom,base_link
1723528329.218441,-69.66998044041944,-56.052686769535775,6.677647094886675,-0.01721406694127647,0.0634552467392493,0.026094273115288502,0.997494960624457,odom,base_link
1723528329.3849661,-69.33907128583081,-56.07503460079368,6.662312443142694,-0.013918858342937455,0.0647046892804015,0.036456369873640856,0.9971411643609907,odom,base_link
1723528329.51818,-69.07080956606251,-56.10316030822751,6.6422293427756625,-0.013489776892452654,0.06797895631567542,0.04358363544929608,0.9966430424874527,odom,base_link
1723528329.68469,-68.72446230367675,-56.11897162144959,6.620166590524436,-0.016182047503222566,0.07025456150729815,0.0535348123324343,0.995960070381615,odom,base_link
1723528329.8179374,-68.45130408134123,-56.13013935046453,6.595072230927077,-0.01774611735362533,0.06846493972395033,0.06247673535714416,0.9955371840803238,odom,base_link
1723528329.9511938,-68.17367018278485,-56.129997694379675,6.561750912706243,-0.01644438483136527,0.06674832044624282,0.07026666960648122,0.995156690711336,odom,base_link
1723528330.0844462,-67.90073814989871,-56.13304710054997,6.54279431945886,-0.015536679879395002,0.0668503319619789,0.07949267455906106,0.9944699891833567,odom,base_link
1723528330.2510064,-67.56276541714638,-56.13623250253641,6.516022474152248,-0.014344796628122002,0.06448666874835635,0.09205003314849704,0.9935605103670325,odom,base_link
1723528330.417559,-67.19559203473618,-56.12241234340742,6.494924068494443,-0.011879746345235065,0.06404780287947949,0.1053458045738429,0.9922998599373952,odom,base_link
1723528330.5841062,-66.87791587664765,-56.10168777309785,6.475694099570681,-0.012249977500384045,0.06449327193180775,0.11892493459982109,0.9907307484161366,odom,base_link
1723528330.71734,-66.57061291932314,-56.06894736495854,6.443908994578035,-0.011866957632985222,0.06339828816019968,0.12995596843570917,0.9894196676046169,odom,base_link
1723528330.8505888,-66.30582035254729,-56.03074629979713,6.430314902406391,-0.012433159643923171,0.06316416328521088,0.1409008622745161,0.9879284650358272,odom,base_link
1723528330.9838336,-66.04012199797685,-55.99118789662877,6.400103905162599,-0.012161259699888408,0.06293312778123406,0.15202581464549808,0.986295937775045,odom,base_link
1723528331.1170733,-65.82973439028949,-55.964971467327985,6.386628005450363,-0.01221535526326113,0.06391069976234393,0.1634106180346078,0.9844100657069835,odom,base_link
1723528331.250308,-65.5660361410597,-55.907536042660595,6.360466210679357,-0.012143894297873693,0.06430220565760165,0.17412980219241594,0.9825459603332966,odom,base_link
1723528331.3835385,-65.3197601354645,-55.85182753386966,6.3462516117788255,-0.011882062719533197,0.06532890950267259,0.18455262947748155,0.980577012335935,odom,base_link
1723528331.516764,-65.06772524165424,-55.77375899639816,6.32959139124045,-0.012911658178108555,0.06644148190251527,0.19519050582548642,0.9784270463357401,odom,base_link
1723528331.6832886,-64.75867054219277,-55.68868462287408,6.301805177077721,-0.013789694273699513,0.0675552290460139,0.20902480231298573,0.9754766872552084,odom,base_link
1723528331.8166194,-64.51502047469523,-55.61017776112274,6.281701597145542,-0.013385058082355274,0.06834984617671878,0.21988360232044019,0.973036659216053,odom,base_link
1723528331.9499862,-64.30724168380998,-55.537048710468575,6.2558167496523645,-0.012078478795662682,0.06848608986020333,0.22988681619862927,0.9707295285421685,odom,base_link
1723528332.1166935,-64.06639777685184,-55.453891841173544,6.236454280134489,-0.010616072797323333,0.06792590215943374,0.24230392460771408,0.9677614266614931,odom,base_link
1723528332.2500575,-63.88407582688275,-55.394652735742724,6.231575976653842,-0.010186155492321727,0.06764041945693329,0.2532503869121124,0.9649794077703636,odom,base_link
1723528332.3834205,-63.6707649627984,-55.291562628543296,6.200523195133184,-0.009716929278792454,0.06645979009267824,0.26347527746890764,0.9623250260431299,odom,base_link
1723528332.5501218,-63.45502343901393,-55.19617372381097,6.1878456989129775,-0.010001438370325124,0.06587207837750204,0.2771612704831092,0.9585105480196562,odom,base_link
1723528332.716823,-63.18016326908541,-55.06527987507769,6.169130354278485,-0.010386821008321235,0.06570229711719335,0.2912259373634359,0.9543389206721338,odom,base_link
1723528332.8836827,-62.96516054522709,-54.94628848657824,6.150206840860258,-0.010640459643593251,0.06541518274477578,0.30468660334186387,0.9501440460419874,odom,base_link
1723528333.0171947,-62.79607434288741,-54.85403139070143,6.140548510855431,-0.010308382694926193,0.06524975472725861,0.3158164801510156,0.9465179119378939,odom,base_link
1723528333.1840887,-62.60870448144803,-54.71955475410359,6.111594311719412,-0.00882573860625762,0.06458093788775265,0.32846236840911464,0.9422652924408642,odom,base_link
1723528333.350984,-62.40393365645471,-54.59300804962638,6.092489896635179,-0.007995822543381152,0.06434900787001556,0.3418060189660935,0.9375307554456813,odom,base_link
1723528333.484503,-62.26623439210354,-54.478959856978754,6.078194991580313,-0.007890108310402709,0.0640155246816227,0.3517657851578009,0.9338632615018659,odom,base_link
1723528333.6180236,-62.113963378639255,-54.37087035304372,6.065815323662909,-0.00757974492725429,0.06430716582134562,0.36200299878736414,0.9299252468665529,odom,base_link
1723528333.7849278,-61.93070212929128,-54.236505096145436,6.04684031199792,-0.006222628627390764,0.06371924521022782,0.37429847990723014,0.9250955543196288,odom,base_link
1723528333.918178,-61.78271072722312,-54.105267166085376,6.0160054161891665,-0.005696131125001921,0.0623498322574618,0.3834429735329391,0.921439926721157,odom,base_link
1723528334.0514243,-61.64351855261707,-53.98931796679219,6.001987191541158,-0.005489104621339501,0.06263811478972073,0.39285944722246346,0.917446342318779,odom,base_link
1723528334.2179754,-61.4726646655604,-53.83983171268202,5.982386920020244,-0.004843850580728869,0.06223766703538231,0.4042212970869188,0.9125284394992373,odom,base_link
1723528334.3845208,-61.32046473240585,-53.72428807504126,5.995676774352213,0.0010552527624776817,0.06133962489938116,0.4150786848649131,0.9077147251364961,odom,base_link
1723528334.517752,-61.19814242841832,-53.633990372608956,5.990516630021235,0.008469943139720923,0.05806363859354973,0.4227918235394285,0.9043251339450277,odom,base_link
1723528334.6509788,-61.09891352905181,-53.532784496634875,5.985068089225193,0.008162442675986847,0.057106011522790066,0.43208053044445427,0.8999881628045777,odom,base_link
1723528334.817506,-60.99367841069808,-53.334471348124005,5.955492754029093,-0.00443331569348431,0.059249158962635634,0.44261513908800637,0.8947411477764321,odom,base_link
1723528334.9507205,-60.89238016773244,-53.21190934552782,5.937431528158177,-0.012127655080108813,0.06012959989964204,0.44993367204224594,0.8909528842541269,odom,base_link
1723528335.1172307,-60.78205783974526,-53.08691597143553,5.937076407107137,-0.010948420355231614,0.05675032104614718,0.45823765343153666,0.8869485814467732,odom,base_link
1723528335.250432,-60.696827259846955,-52.99685163238444,5.939401610262644,-0.010534767810201798,0.05249300810649662,0.46834651209529127,0.8819212251529565,odom,base_link
1723528335.3836272,-60.62113703029789,-52.89599422685705,5.924777335798692,-0.010073345181828253,0.05112997152136291,0.474418847231153,0.8787553761547842,odom,base_link
1723528335.5834093,-60.468792724155975,-52.743839931507864,5.897076646784974,-0.003550776324872309,0.05942256333515254,0.4834746740921476,0.8733318902145175,odom,base_link
1723528335.7498837,-60.363255865261365,-52.63556930508662,5.88855240463821,0.0028534659738733534,0.06263236451792462,0.49148632346371074,0.8686254880527939,odom,base_link
1723528335.9164178,-60.27569748396574,-52.4933456586827,5.878780204959962,-0.0005299432201032253,0.05992067868700392,0.4999301744921035,0.863990192107623,odom,base_link
1723528336.0829582,-60.16306560565815,-52.33203721139944,5.871618740651021,-0.005566445074968057,0.061408258519078024,0.5103708932926078,0.857740981739002,odom,base_link
1723528336.216185,-60.076175294941606,-52.2382771268484,5.875609376593231,-0.0004848919042485104,0.06723816072617605,0.5155724862811856,0.8542036092243107,odom,base_link
1723528336.3494065,-59.97666540926785,-52.141635394340106,5.8691863704191025,0.005232521495598916,0.07006785142624115,0.5208964823425316,0.8507232050429123,odom,base_link
1723528336.4826226,-59.91224889919714,-52.03977684065851,5.858374592928066,0.006031460351569696,0.06769872846220308,0.5266646767434078,0.8473516518667974,odom,base_link
1723528336.6491354,-59.841286053708316,-51.86773033352861,5.838602247296851,0.00014347216775394573,0.058639910334130005,0.5322429828900467,0.8445583150357634,odom,base_link
1723528336.8156502,-59.78382869468486,-51.7024464339063,5.828436164917007,-0.014291883698485245,0.05593425070759252,0.5407715092456729,0.8391860797500673,odom,base_link
1723528336.94889,-59.72671362922573,-51.570774470270614,5.839576032473781,-0.02071610734763708,0.05934424477248779,0.5437431977618273,0.8368945204722557,odom,base_link
1723528337.1154325,-59.641941165956894,-51.437741861659354,5.835515902666803,-0.01957347678865664,0.05773969759475069,0.5521645688679288,0.8315030337978119,odom,base_link
1723528337.2486596,-59.56584365404781,-51.350558563303125,5.819093008411393,-0.008109320358666667,0.05437600083865024,0.5582842789185918,0.8278261613216048,odom,base_link
1723528337.4151862,-59.438001440235396,-51.1716288514975,5.784415235320877,0.0035105671738336333,0.05459892954885002,0.5654849681350349,0.8229419078061078,odom,base_link
1723528337.548401,-59.36225933470715,-51.02588851109036,5.777261691361724,0.0011397608555448416,0.05719760243359408,0.5697871767308939,0.8197985779775895,odom,base_link
1723528337.681611,-59.29972348189902,-50.87840304801356,5.781311531896617,-0.0045319613415789215,0.056678471675446325,0.5746912272495028,0.816392678493257,odom,base_link
1723528337.81483,-59.231308320653696,-50.7230094609449,5.772320821366212,-0.008444752149497081,0.05404205819531899,0.5787043653520842,0.8137010505275195,odom,base_link
1723528338.0147104,-59.11796099421021,-50.475055979449316,5.754787782423482,-0.007641251924233648,0.05402033524989874,0.5843004915894715,0.8097013956865956,odom,base_link
1723528338.2145796,-58.974036045830346,-50.22636288003086,5.737629574662151,-0.005278747048317102,0.05609672538457981,0.5889140042488223,0.8062292402476762,odom,base_link
1723528338.381129,-58.873506931396776,-50.035306139243076,5.730815588689156,-0.00587193681142759,0.056865050039666534,0.5923093172841336,0.8036800103900011,odom,base_link
1723528338.5476692,-58.75805073719626,-49.803146746262605,5.7150158674837845,-0.006434051305254816,0.05700449452815434,0.5955125364075371,0.8012951451050061,odom,base_link
1723528338.7142024,-58.63172574161099,-49.573993352868456,5.700200558460884,-0.006836218667853685,0.05681347462566588,0.598320727023926,0.7992107374334037,odom,base_link
1723528338.847431,-58.5370061684869,-49.37902263511233,5.6855171905727735,-0.007568845304535923,0.05683776635162481,0.5997922664871473,0.7980986267117148,odom,base_link
1723528338.9806604,-58.42765186527191,-49.17631080948275,5.671304356733094,-0.008288364135303148,0.05694774650750204,0.601026917275345,0.7971542522612381,odom,base_link
1723528339.1138842,-58.3172021037402,-48.94961881166198,5.66055738906185,-0.00903067003377879,0.057491584928868196,0.6015688154664949,0.79669826466445,odom,base_link
1723528339.2471027,-58.20784039859255,-48.74038682013483,5.643518099164705,-0.008909867658368802,0.057724067632570084,0.6020499385750525,0.7963192938363584,odom,base_link
1723528339.3803158,-58.09108502801159,-48.5256657514134,5.6287739530437575,-0.008950550328762555,0.05792363725167862,0.6024744822169457,0.7959831896301401,odom,base_link
1723528339.513523,-57.992886487526846,-48.313201839209526,5.616189262193178,-0.00916002763266982,0.057947992430791725,0.6024416703505204,0.7960038680133938,odom,base_link
1723528339.680024,-57.84429205744985,-48.030827137564856,5.598517908623853,-0.009387406621207118,0.057633851768755594,0.6027253729945795,0.7958092362342688,odom,base_link
1723528339.8465436,-57.68214409732535,-47.743065251909,5.574479154892241,-0.008783528638659738,0.058626845935143376,0.603058870973325,0.7954908803378763,odom,base_link
1723528340.0464,-57.4913478679362,-47.353506467664815,5.549501269842109,-0.009494976920011049,0.05807601962534377,0.6029500353443076,0.7956056034468734,odom,base_link
1723528340.1796315,-57.359790427912586,-47.103543501167735,5.527889443381229,-0.009296932183774129,0.05732913825540325,0.603256889804611,0.7954294826457783,odom,base_link
1723528340.3461626,-57.202482882315806,-46.79542444336246,5.506045525599627,-0.009761589493048155,0.05626990681820772,0.6034533834059866,0.7953505032456488,odom,base_link
1723528340.4793818,-57.050542624995245,-46.55389918977097,5.477476688643435,-0.009362186289309824,0.05668800823494509,0.6037546697182394,0.795096923641174,odom,base_link
1723528340.6458993,-56.8766533998635,-46.223633182367706,5.452603410319017,-0.009061704817153555,0.05655441017370763,0.6038486658577378,0.7950385355047522,odom,base_link
1723528340.7791069,-56.73793215570623,-45.91540256831641,5.445673981854239,-0.008825312024171122,0.056493745422467365,0.6034795601296586,0.7953257138440397,odom,base_link
1723528340.9123268,-56.58871972278985,-45.623419862856984,5.427789467029252,-0.00887082405282366,0.05627041989182455,0.6033556358695455,0.7954350539109263,odom,base_link
1723528341.0455403,-56.44279129380715,-45.35082947300126,5.407034577082076,-0.008963341809755287,0.057114410441059534,0.6032567880021468,0.7954488357857499,odom,base_link
1723528341.2120483,-56.25014754191329,-45.00126506478906,5.387578475347831,-0.009346330427086266,0.057302729303511914,0.6030268160315451,0.795605242861542,odom,base_link
1723528341.3452482,-56.112044682136215,-44.68584874212744,5.365716450930239,-0.01011658898063626,0.05702707322965815,0.6021380301524201,0.796288490555037,odom,base_link
1723528341.4784424,-55.95445799329704,-44.40138204116732,5.340822953928785,-0.009305071179993131,0.05820322348773927,0.6016385996264392,0.7965907329774234,odom,base_link
1723528341.6116302,-55.79228151718593,-44.0970013090013,5.3242901495707455,-0.009582232228666361,0.059428378291638786,0.6013701644968059,0.7966996761215774,odom,base_link
1723528341.744812,-55.61731847718765,-43.74463588433091,5.302013796358882,-0.010366956038552522,0.05955770593760078,0.6010392159475543,0.7969299007937237,odom,base_link
1723528341.9113145,-55.41376226604309,-43.36996509315072,5.26975836494024,-0.011993160211229684,0.059743579928417605,0.6011680296307024,0.7967960020704318,odom,base_link
1723528342.044515,-55.25738269886361,-43.06799223287144,5.243690487071272,-0.012198568865520192,0.0610157056201918,0.6008537570880057,0.7969335236884763,odom,base_link
1723528342.2110057,-55.054721457232134,-42.67123549450382,5.227809859084536,-0.011270120835041203,0.06155019205956832,0.6004324405812033,0.7972235837777842,odom,base_link
1723528342.3441916,-54.8619084870202,-42.35548512898133,5.186276801345148,-0.0103614518658864,0.061157672252947534,0.6009067917469841,0.7969086566678634,odom,base_link
1723528342.5106652,-54.66058943176469,-41.96663688029353,5.1570244194064,-0.010719405682008736,0.06051185287610241,0.6003256979416202,0.7973910373174709,odom,base_link
1723528342.6771274,-54.42143869796526,-41.53209900566771,5.118790612689019,-0.010041912039489571,0.059645065598486695,0.6005378616637831,0.7973054012488779,odom,base_link
1723528343.0100982,-54.025527500084536,-40.748342080167845,5.058003314880373,-0.00951252428797109,0.05835898101512926,0.5999542091442251,0.7978462810257838,odom,base_link
1723528343.1765845,-53.82582539924563,-40.36840713112549,5.034984731289842,-0.009813223500938406,0.057779558459198875,0.5998262848007846,0.7979809843165869,odom,base_link
1723528343.3097653,-53.65867994059231,-40.0588174061903,5.009936445025356,-0.009275990851095341,0.05721469318770357,0.5995399553179468,0.7982432441646605,odom,base_link
1723528343.4429398,-53.49862438784231,-39.736243826673004,4.99032473065751,-0.010557299938123873,0.05739179043466122,0.5994647607374833,0.7982710858115007,odom,base_link
1723528343.5761073,-53.31113076250679,-39.372032498410434,4.988466857004606,-0.011131474278436403,0.058323869249928245,0.5992443629848321,0.7983612027065248,odom,base_link
1723528343.7425566,-53.082051003578584,-38.9666630277049,4.956383261325333,-0.010467852240137947,0.05828597359354359,0.5994728076752763,0.7982014295963472,odom,base_link
1723528343.876366,-52.9246683360478,-38.692548209391404,4.927738670609704,-0.01065656708332694,0.058100740230935755,0.5992588124447347,0.7983731065547877,odom,base_link
1723528344.043944,-52.7183436647946,-38.305736357283976,4.900297264965654,-0.011726533143038185,0.05766804487920739,0.5983943691543522,0.7990375860900537,odom,base_link
1723528344.178045,-52.551146346980076,-38.00628659267823,4.883065963083124,-0.011095634795764128,0.05703227329648653,0.5973555912182268,0.7998690544904439,odom,base_link
1723528344.3121812,-52.391846777046936,-37.709758713803694,4.870028759423594,-0.010820014230427694,0.05581909271152959,0.5966570752456614,0.8004795379897028,odom,base_link
1723528344.446352,-52.21293891784923,-37.37302710549646,4.84499563661727,-0.010312777463929317,0.05637835310829558,0.5957538771433325,0.8011194953254246,odom,base_link
1723528344.6141143,-51.990886741938354,-36.97134916897157,4.8058948285707395,-0.01052337345925363,0.05696832008344382,0.5938537755534182,0.8024846181571693,odom,base_link
1723528344.7483637,-51.82298289635972,-36.68910329740433,4.794751801555306,-0.0119748726494029,0.05724960396356869,0.5928196433995742,0.8032085380962075,odom,base_link
1723528344.8819456,-51.62249680630063,-36.25479410775431,4.7683594875053785,-0.01270649769646659,0.05563864779089203,0.5904922405252622,0.8050228566120012,odom,base_link
1723528345.0152888,-51.43297966874384,-35.955415192889284,4.7454240861650785,-0.01193548460373853,0.05686691913407249,0.5890801838676291,0.8059827756782109,odom,base_link
1723528345.1819658,-51.21661761326503,-35.59592101156614,4.717915468102018,-0.010867914130892505,0.05668372588164002,0.5859766363527423,0.808269896328785,odom,base_link
1723528345.3486395,-51.007563261047196,-35.273128740932876,4.680856981282594,-0.010931155287464044,0.05642737437579698,0.5836407986270652,0.809975233845515,odom,base_link
1723528345.515311,-50.77538248199339,-34.92104544688397,4.658676946222512,-0.01154219395421328,0.05750032706749686,0.5810137173770201,0.8117780179122802,odom,base_link
1723528345.6486464,-50.591679402543974,-34.65877156724147,4.656469347674843,-0.012550183772660935,0.0586135748205745,0.5792477648678437,0.812944628267899,odom,base_link
1723528345.78198,-50.39759171642997,-34.317602870044986,4.629270037033582,-0.011728324724242158,0.05893482881449639,0.5765615457978549,0.8148410374170884,odom,base_link
1723528345.9486763,-50.171499609246425,-33.97645519007895,4.6000891154459715,-0.010557363510549794,0.05810508370107803,0.5737728481806431,0.8168825252228558,odom,base_link
1723528346.0820386,-49.9987101529904,-33.705455138018394,4.580253702867262,-0.009636098631606574,0.057621064545445196,0.5709619076968059,0.8188952671025983,odom,base_link
1723528346.28208,-49.699721317224004,-33.131996474649014,4.511062300497098,-0.009664084485336042,0.05636333509100619,0.567283377182828,0.8215347527040622,odom,base_link
1723528346.4154396,-49.48469118708633,-32.795545715364796,4.493712628656481,-0.01009147126160497,0.05639190681806372,0.564919965592169,0.8231546316024358,odom,base_link
1723528346.7154946,-49.06671254116782,-32.190112983215954,4.443064467339082,-0.010059170746795777,0.05793713301788333,0.5604759734950664,0.8260803743197829,odom,base_link
1723528346.8821886,-48.83969959315232,-31.880963890150138,4.429974526915382,-0.00831270515463006,0.0592560915199991,0.5582230885484673,0.8275304211702406,odom,base_link
1723528347.0155425,-48.65365889178132,-31.617890864461312,4.414195773682375,-0.007400875248734859,0.06010039103393584,0.5563056459008777,0.8287684829805776,odom,base_link
1723528347.148895,-48.449059919753125,-31.370611451844237,4.381041884229768,-0.008526798971140353,0.059450614803091294,0.554166327263881,0.8302364722328821,odom,base_link
1723528347.282246,-48.2587675627138,-31.101693686556974,4.360205909388395,-0.008875798001175793,0.060404149922840086,0.5521471971717004,0.8315082871128687,odom,base_link
1723528347.4155958,-48.067794248649065,-30.853095455556613,4.34454932649986,-0.009349599007050716,0.060810738802913794,0.5506250260384508,0.832482263922065,odom,base_link
1723528347.5822814,-47.8582880520556,-30.491851261949705,4.29791015282738,-0.009672296887404837,0.060805909734673966,0.5479131069350854,0.8342663335308469,odom,base_link
1723528347.7489636,-47.613950305686785,-30.170051192465728,4.274511083882158,-0.00862624933118822,0.060995429461906434,0.5460657575869293,0.8354743166598521,odom,base_link
1723528348.04909,-47.176941108663584,-29.633387585893644,4.218887749303199,-0.007933065725169127,0.06122772845165501,0.5436965709897871,0.837007927340475,odom,base_link
1723528348.2158437,-46.9810033166395,-29.333040615261446,4.198046646941867,-0.008810223425979057,0.060303319952834424,0.5416798034729731,0.8383727572359039,odom,base_link
1723528348.3826003,-46.81012431929264,-29.03794322580567,4.183469101211943,-0.010861424631659998,0.060442257958918666,0.5395571892467923,0.8397063787062116,odom,base_link
1723528348.5493577,-46.55078014024954,-28.6567356917831,4.120038702285099,-0.010155641783621388,0.0607372908434334,0.5374914449660139,0.8410177114837175,odom,base_link
1723528348.7494695,-46.25542640907523,-28.293075175326162,4.091763142356108,-0.010142537089707608,0.06190305489753375,0.5356094738393599,0.8421327877889929,odom,base_link
1723528348.9162843,-46.048521783417,-27.995925310982628,4.085277924445151,-0.011605775531341837,0.06314465929322444,0.5337801424766131,0.8431825528761285,odom,base_link
1723528349.049769,-45.82753439145304,-27.75438285448711,4.054493410100849,-0.01247271293805909,0.06278107608365903,0.5329556407963153,0.8437187048188108,odom,base_link
1723528349.1832592,-45.63335075629492,-27.498585672519585,4.02608651722972,-0.01334910399031757,0.06240228605896829,0.5315292552831207,0.8446327053195617,odom,base_link
1723528349.3167553,-45.45722026590691,-27.280831085937383,4.025799889845233,-0.013981198325774567,0.062082374630475654,0.5304804377413218,0.8453051579325612,odom,base_link
1723528349.483633,-45.25086658922457,-27.03711379303867,4.02171482367897,-0.012340492293389965,0.06195297953354374,0.5295530308834496,0.8459214668389882,odom,base_link
1723528349.6505208,-45.00540836530433,-26.740552097300274,3.9890808959743707,-0.011976351205560572,0.06090140932693913,0.5286410848806219,0.8465732034089154,odom,base_link
1723528349.8174157,-44.761350130654776,-26.426210707425522,3.9679916332297687,-0.012767973541627934,0.0606199761964107,0.5271377090828874,0.8475187508252736,odom,base_link
1723528349.9841523,-44.53978974589353,-26.06450467059689,3.9463170284498705,-0.012980248539251242,0.05967041692373418,0.5253591450855433,0.8486864692965207,odom,base_link
1723528350.117541,-44.341136847541065,-25.82156843514901,3.9283012878227614,-0.012967003920819878,0.06029570116763884,0.5240127021230818,0.849474527719158,odom,base_link
1723528350.2509298,-44.15101632694257,-25.58432226136538,3.896879176000664,-0.013153412511075855,0.06062562969774705,0.5230461289753919,0.8500436857755741,odom,base_link
1723528350.384318,-43.90107657462936,-25.2889677802338,3.8576540441145193,-0.013799850237431178,0.06030542191595096,0.5224459811883959,0.850425197745844,odom,base_link
1723528350.5177064,-43.66407850690793,-25.0194704490346,3.827370154451833,-0.013625648242788476,0.06081460394599164,0.5215232279568779,0.8509579592190758,odom,base_link
1723528350.6510942,-43.4617428140192,-24.77764027161945,3.8047084098538253,-0.013978495515049757,0.06094713176540867,0.5206074066624926,0.8515033628359078,odom,base_link
1723528350.7844822,-43.24671123909137,-24.51984378279386,3.7831675411034134,-0.01420660558137468,0.06173736845579205,0.5196125507737206,0.8520501550803431,odom,base_link
1723528350.9178452,-43.078443162917125,-24.275667677485405,3.7760145384415065,-0.015385682449114655,0.062360497164153525,0.5180793556365336,0.8529174816078334,odom,base_link
1723528351.0511987,-42.888785682262906,-24.041723652594534,3.757772510489751,-0.0151051630490763,0.06186992627022691,0.5168175238842173,0.8537233704653774,odom,base_link
1723528351.1845512,-42.67437391512914,-23.798552928065863,3.731006012418055,-0.014437576231942365,0.061033552021147706,0.5164265643265468,0.8540316537331083,odom,base_link
1723528351.3179023,-42.46381699940302,-23.49733096669376,3.7004817163810406,-0.014199222297553622,0.06029304748185722,0.5156714718107414,0.854544360271624,odom,base_link
1723528351.4512522,-42.26023677052599,-23.2563523140918,3.6807370945706914,-0.01331199910464695,0.05972016537621395,0.5149449685838251,0.8550368248546252,odom,base_link
1723528351.584601,-42.04516261383122,-22.966266979394174,3.626164185865396,-0.013737111508517523,0.05823272412485307,0.5144025681968488,0.85545908110259,odom,base_link
1723528351.7179482,-41.861972453950685,-22.750252757097336,3.6161131757453067,-0.014944208833464083,0.05819151533339935,0.5137292729759769,0.855846161557741,odom,base_link
1723528351.8513033,-41.65160419529023,-22.509332591467334,3.589849463212274,-0.015594501397126533,0.05789853951584605,0.5133031636744615,0.8561100588183134,odom,base_link
1723528351.984683,-41.461561091824066,-22.251270910894377,3.5670001161675344,-0.015974791135632695,0.059069785501079136,0.5119325827232738,0.8568433913121509,odom,base_link
1723528352.1514072,-41.16396323570157,-21.914908823168606,3.5257365207392857,-0.01500342552696718,0.05934007426824137,0.5131447651390033,0.8561168745088099,odom,base_link
1723528352.2847867,-40.97570859038525,-21.696711813610005,3.516087703077318,-0.014925075199078534,0.0601502243043532,0.5131279269987334,0.8560717979120795,odom,base_link
1723528352.4181662,-40.795019758050586,-21.462840059558697,3.497790645265942,-0.014448476924853411,0.05954367601825641,0.511986793600258,0.8568052960502238,odom,base_link
1723528352.7182689,-40.36097114649152,-20.940556541041357,3.449441082527695,-0.014805754724873514,0.05954381336811296,0.5104656751463109,0.8577063124485159,odom,base_link
1723528352.85165,-40.07925507821774,-20.60382733955677,3.3913312941770135,-0.014853440930656816,0.05870947794483791,0.5106944757850486,0.8576267981439237,odom,base_link
1723528352.985039,-39.88068166991094,-20.366166418891936,3.368687037268135,-0.01501959345493589,0.05725584758835491,0.5101972974881238,0.8580180052686555,odom,base_link
1723528353.1517751,-39.51818008636093,-19.984693139903218,3.3467306425128927,-0.013818488012905805,0.05458567819172019,0.5106650626524072,0.857933940878667,odom,base_link
1723528353.2851646,-39.312477224004894,-19.741203077384466,3.311263013602689,-0.01416728666873303,0.05355713638164349,0.510512456469688,0.8580838845476174,odom,base_link
1723528353.451902,-39.02328699194179,-19.394419297415617,3.2743709874025226,-0.014349692134046847,0.055202697998449735,0.5093829046627812,0.8586476605142869,odom,base_link
1723528353.5852916,-38.81891026614507,-19.15616556842097,3.2493417973306657,-0.013361483569535619,0.05484964948814983,0.508962584745105,0.8589354306567112,odom,base_link
1723528353.785376,-38.52567702827071,-18.79418240825637,3.240984121010774,-0.016109613443646854,0.05750189135851661,0.5080258415243284,0.8592693158657463,odom,base_link
1723528353.952217,-38.26779497977792,-18.49651488428944,3.2116568869354865,-0.018353112175158875,0.0603091188480435,0.5073708852448882,0.8594188491434647,odom,base_link
1723528354.0858245,-38.06026317820394,-18.25678314799402,3.1884632657307215,-0.019668326620067008,0.06134054419363076,0.5067754302776886,0.8596680509550528,odom,base_link
1723528354.2194378,-37.820390388382904,-17.965235907421047,3.1481687310200597,-0.01759540128796581,0.06007156626790883,0.5065916212139493,0.8599108896248833,odom,base_link
1723528354.3864632,-37.56186672815228,-17.67551281129503,3.1158072750074997,-0.015457120615809764,0.06003760830789972,0.5058881341406509,0.8603683854876505,odom,base_link
1723528354.5534966,-37.307949070608885,-17.343715367424988,3.0861032955583303,-0.017202215535592407,0.06067354368443199,0.5038340923711119,0.8614952189316074,odom,base_link
1723528354.72054,-37.036799432369406,-17.034530569710668,3.0410768168485873,-0.018689154292118572,0.06008269337459052,0.5023921966867866,0.8623473002085212,odom,base_link
1723528354.887591,-36.78026948501851,-16.745911684239406,3.01789229640122,-0.018534956451036796,0.05937744780765228,0.501478666210573,0.862931006174232,odom,base_link
1723528355.0209587,-36.5663149371983,-16.528613616809928,2.98998667706591,-0.01728121720587874,0.05886833689754867,0.5016881975330019,0.8628701124148915,odom,base_link
1723528355.1543262,-36.35416622519324,-16.301673646952676,2.9727423032687055,-0.017394787792776385,0.05942890358455909,0.5012267269121949,0.863097558219967,odom,base_link
1723528355.3210347,-36.096839850842954,-16.016960924143426,2.94902519409374,-0.017344999021466582,0.06112681276430929,0.5006435200113981,0.8633184404614668,odom,base_link
1723528355.487741,-35.826392547463016,-15.7171043856999,2.910730329633557,-0.01694606729410204,0.05902834381690545,0.4991735010762669,0.8643230306157295,odom,base_link
1723528355.6211057,-35.62934231035344,-15.473028981130248,2.89477115226679,-0.017187024240153583,0.05891990944506014,0.497196554116234,0.8654644054169397,odom,base_link
1723528355.7544696,-35.41661408358915,-15.24570778887097,2.87644263766415,-0.01852986545421587,0.058486657889217426,0.49517915593633055,0.8666219235983945,odom,base_link
1723528356.0545423,-34.939719853858236,-14.727533573448826,2.808912260357263,-0.018464219443124156,0.057368104480449086,0.48863633021179614,0.8704036477323753,odom,base_link
1723528356.1879084,-34.714470731813265,-14.505425486608035,2.792803196182164,-0.01726925806901315,0.056725378608904566,0.4852779547121503,0.8723470128439796,odom,base_link
1723528356.3212745,-34.48894840607797,-14.290521231834944,2.7744407879305015,-0.017629978752713518,0.0571724846897691,0.48158284575917754,0.8743560221752175,odom,base_link
1723528356.4879801,-34.237324486807765,-14.03231118285005,2.7487594677685916,-0.01856488112743105,0.0592371767502408,0.4753898485655038,0.8775823573661063,odom,base_link
1723528356.6213446,-34.00678069340054,-13.82745619379277,2.7347887149527788,-0.018665294490128145,0.058664217522110214,0.47026767630408317,0.8803740278925051,odom,base_link
1723528356.7880497,-33.726154227858956,-13.590855386875313,2.7065702101585103,-0.019543161499166097,0.05475831549046339,0.46249718666897377,0.8847123510195553,odom,base_link
1723528356.9547613,-33.43084949905227,-13.339942765141918,2.680890597264754,-0.018887415230370116,0.053601550637576406,0.4544399201688667,0.8889625966665172,odom,base_link
1723528357.088141,-33.19834214184803,-13.151837160070855,2.6578313164277647,-0.018186547988352557,0.0536721278928671,0.4478295864200867,0.8923212502717467,odom,base_link
1723528357.2548652,-32.891729607874524,-12.908427461766404,2.628871517247817,-0.019365363126997177,0.053313711512608504,0.43930540987881556,0.8965452513548414,odom,base_link
1723528357.388244,-32.66361955658495,-12.73306465898595,2.6110323242869873,-0.01879839712953349,0.05473305351816531,0.4318530004351878,0.9000854954575502,odom,base_link
1723528357.521622,-32.39644022260218,-12.534934322150946,2.577222974252644,-0.01683636711727674,0.056615913854369274,0.4233237003842255,0.9040510050510057,odom,base_link
1723528357.6883433,-32.071516527007475,-12.317447097593902,2.5541759081104978,-0.017268716077017854,0.057982910878082106,0.41296245263392123,0.9087363678238767,odom,base_link
1723528357.8217204,-31.80666949850686,-12.113353912259733,2.5217317456998414,-0.017106049970051468,0.0575233843980699,0.4045158312772554,0.9125597983408458,odom,base_link
1723528357.988434,-31.493657609643133,-11.910225039747804,2.496935464520443,-0.018727266291731822,0.057643737437467944,0.3924285117676312,0.9177833906665128,odom,base_link
1723528358.1218,-31.19366140181449,-11.754054666091001,2.4831912727423813,-0.018179808891487195,0.05710358539034866,0.38330600158818784,0.9216752053900076,odom,base_link
1723528358.2551646,-30.921943180175543,-11.602462390753534,2.461748624012504,-0.016087088382200857,0.05610053979729374,0.3739313791728797,0.9256183115581192,odom,base_link
1723528358.4218688,-30.57841905940261,-11.438338579961432,2.4350487610563665,-0.015025814165528513,0.05562142107305577,0.36266300006617447,0.9301376407873615,odom,base_link
1723528358.5552316,-30.282202494113626,-11.272922664673978,2.416805167399268,-0.016241375237680763,0.056027441075187846,0.352985576793221,0.9338085061472252,odom,base_link
1723528358.6885931,-30.00946702937696,-11.130748876934913,2.3901227012312054,-0.01682980552491491,0.055807597183243914,0.3435388385739444,0.9373277634498467,odom,base_link
1723528358.821954,-29.730821385186147,-10.999960052684388,2.3907390271111844,-0.016736514428740495,0.05688518328439371,0.33451166235363705,0.9405242754745269,odom,base_link
1723528358.9553103,-29.447931639639275,-10.87359610543108,2.3613501042183884,-0.014849942376436834,0.05715974510973445,0.3258311635952038,0.9435816316464634,odom,base_link
1723528359.1219997,-29.11775684386805,-10.736216556054028,2.350171789807008,-0.015338678954238223,0.05799641724454847,0.3140923860349731,0.9474951786418717,odom,base_link
1723528359.2553494,-28.81368268747099,-10.617886053759609,2.3250370204719895,-0.01639077891420295,0.05766294743435118,0.305608203161306,0.9502683584231808,odom,base_link
1723528359.3886979,-28.532154504311425,-10.520569225638084,2.2986870116345406,-0.01655901224990183,0.05757051161766387,0.296693458221774,0.9530920349860198,odom,base_link
1723528359.5220447,-28.245315073966484,-10.415876539527213,2.285483734626359,-0.017193760835166133,0.05765147406770025,0.28809946682183035,0.9557088360704538,odom,base_link
1723528359.6553903,-27.929133419200515,-10.313684478475787,2.260594772213903,-0.01845353769798294,0.05709346959703491,0.2799453159480832,0.9581390414519856,odom,base_link
1723528359.8220696,-27.573707116884957,-10.197217175453702,2.2280015641287676,-0.019971328802298807,0.05662384454511428,0.268996916648535,0.9612676760863138,odom,base_link
1723528359.9554484,-27.245501615900906,-10.074006904207106,2.204207280670892,-0.021485458128653507,0.05725438419653563,0.26052500131445816,0.9635284294038131,odom,base_link
1723528360.0888631,-26.964036015693303,-10.004647531809036,2.1829445098644884,-0.02174444680214643,0.056388950202276814,0.2521640474310169,0.9657954019933837,odom,base_link
1723528360.2556338,-26.607740227665897,-9.924853307223849,2.1673130641833858,-0.020205611305915253,0.05346967011156144,0.2416069904280399,0.9686892121966777,odom,base_link
1723528360.389051,-26.328479271382033,-9.83860984277001,2.140387804358352,-0.020298237213183995,0.05159027480462636,0.23327875841652534,0.9708282268162916,odom,base_link
1723528360.5891793,-25.914342709671352,-9.74488790450402,2.119526962649026,-0.024913100082669514,0.04978693994996027,0.22063145660776387,0.9737670965943686,odom,base_link
1723528360.7559538,-25.498491824244272,-9.640834758963575,2.0912800899763484,-0.027745165409157075,0.046953838431934146,0.2089573387780353,0.9764027721302965,odom,base_link
1723528360.9227216,-25.13412876914922,-9.591090230978242,2.0746140683523606,-0.026920271468702045,0.047390824206198084,0.19918614652196887,0.9784448312494871,odom,base_link
1723528361.0561056,-24.85855699586902,-9.548835245624161,2.069668370217772,-0.023684406221068544,0.048197992036161506,0.1906736993778153,0.9801834230546935,odom,base_link
1723528361.189489,-24.58361891003146,-9.505893207571587,2.062217721192537,-0.02378078653668322,0.04846836904836952,0.18285808836281608,0.981655851566008,odom,base_link
1723528361.356217,-24.257259194023657,-9.468612458607925,2.0581322337148746,-0.025534928336302908,0.048198098114020996,0.1729323095355937,0.9834222526929807,odom,base_link
1723528361.4895992,-23.92715015163571,-9.412404724322254,2.0386120704064705,-0.024892993998449416,0.04874760219113386,0.16564002702538067,0.9846661320353408,odom,base_link
1723528361.622981,-23.65381186847548,-9.38708638908993,2.0273982218931064,-0.023332625647781744,0.0486274194234786,0.15867201472579703,0.9858570659093792,odom,base_link
1723528361.7563627,-23.37954125567175,-9.37754701822521,2.011180639057188,-0.021749009827431522,0.048360784443756584,0.1520820758510961,0.9869444043634538,odom,base_link
1723528361.9564433,-23.013740177184612,-9.355159355577875,2.006567711096321,-0.02168048354366691,0.047838517089348644,0.14342606937942123,0.9882663585989228,odom,base_link
1723528362.1231935,-22.529355050932878,-9.320964428045944,1.9742923076141856,-0.021005301015242443,0.0484918664131555,0.1373885877493025,0.9891065120487683,odom,base_link
1723528362.289943,-22.15556948433646,-9.314382682163473,1.95709169850845,-0.019469973895122405,0.0477951480332625,0.13222975378925422,0.9898746567893507,odom,base_link
1723528362.456694,-21.78987893420419,-9.298687339966968,1.9490960431887874,-0.016096834491565612,0.04964839482997857,0.12864283275087662,0.9903165909909758,odom,base_link
1723528362.623444,-21.393690540736564,-9.28762652957974,1.9204687674426817,-0.015754795964657228,0.053035602472923986,0.12539572925974324,0.9905629320532154,odom,base_link
1723528362.7568448,-21.026681973141482,-9.261421371536589,1.8888293119237065,-0.017138701065612265,0.05532908490276619,0.12275371143366892,0.9907454181669809,odom,base_link
1723528362.9235883,-20.649134502562774,-9.250473746586739,1.8780917271223359,-0.016638888692823834,0.05940350053809666,0.12043586760750466,0.9908024895510285,odom,base_link
1723528363.0569541,-20.320491848754262,-9.253607976293853,1.8611562136872661,-0.015368516352453532,0.06190658108649463,0.1193165806466339,0.9908051965477882,odom,base_link
1723528363.3236842,-19.70021474373719,-9.25342726326169,1.8047127293630962,-0.013141833710716344,0.06218797605088824,0.11669948174388774,0.9911312621454952,odom,base_link
1723528363.4570482,-19.320012799930126,-9.23192328007594,1.777722082326518,-0.01566312206472915,0.06221406937576166,0.11608369803804537,0.9911652996492084,odom,base_link
1723528363.5904114,-18.99720856066764,-9.224664788931454,1.7593209451302114,-0.01633903232939386,0.0625657441712557,0.11473662193770609,0.9912890957057683,odom,base_link
1723528363.757114,-18.625144681057986,-9.215047642401716,1.7435135127161001,-0.016221430013722605,0.06225114729505288,0.11309993864007399,0.9914988975023479,odom,base_link
1723528363.9238186,-18.230778468540834,-9.20861626400455,1.717834607075851,-0.01507357502051605,0.06037681166900226,0.1120846257688828,0.9917481860911247,odom,base_link
1723528364.0905297,-17.800081855505443,-9.211209984334323,1.6873689165989119,-0.014633255959604703,0.05745800674544301,0.11057477522150876,0.9920976082853814,odom,base_link
1723528364.2572403,-17.38909603978827,-9.202473681461015,1.66398788323537,-0.015932977682805625,0.05771701448430124,0.10992402245339307,0.9921348677215434,odom,base_link
1723528364.3906076,-17.121868120964766,-9.202562446302675,1.639979854809597,-0.016368755714603587,0.0590721460560655,0.10954309318827982,0.9920901451639514,odom,base_link
1723528364.5239747,-16.785336939087063,-9.200313720505601,1.6209011440831091,-0.016584356726588843,0.06064563677976637,0.1087742212620477,0.9920762242087938,odom,base_link
1723528364.6906817,-16.371478291157516,-9.186636338831168,1.5925028282603713,-0.017431548392220948,0.05954351930208882,0.10791755294201957,0.9922220075148394,odom,base_link
1723528364.8573887,-15.84375749943845,-9.189990652217823,1.555323410684058,-0.017555591709304128,0.05985255474414461,0.10679515166550338,0.9923226634875763,odom,base_link
1723528364.9907415,-15.505632901959334,-9.191194156188073,1.535172327786846,-0.01656945443873953,0.05980829005627387,0.10612935367548262,0.9924137150949555,odom,base_link
1723528365.157425,-15.080511438830918,-9.186582060726534,1.5067971436835637,-0.017196404999333424,0.059431480837470234,0.10449967862776523,0.9925986096641775,odom,base_link
1723528365.2907703,-14.745260566128373,-9.18080707191837,1.4815614176852294,-0.017691024270125862,0.05853901517522085,0.10384064960934036,0.9927121087461859,odom,base_link
1723528365.4241142,-14.421372711850491,-9.183147805088613,1.4639913683497887,-0.017557747109304484,0.05899906038343459,0.10292225883435813,0.9927828790963064,odom,base_link
1723528365.5574565,-14.030389013655176,-9.191459430502778,1.4412708296491832,-0.01610525895260526,0.0600923732484297,0.1021411144837432,0.9928226025043244,odom,base_link
1723528365.6907973,-13.682037817840593,-9.198364546318478,1.4156938431208859,-0.015499236755604707,0.060887728908771324,0.10170870619836249,0.9928281811128152,odom,base_link
1723528365.8241367,-13.349661997480359,-9.19344231670917,1.3939740783078916,-0.01631406160246732,0.06051835963362899,0.10066502907028836,0.9929440726765851,odom,base_link
1723528365.9908442,-12.908370377802951,-9.188940396853006,1.3707174578679708,-0.016975120922938156,0.06035289629658433,0.09906204937727409,0.9931042662034233,odom,base_link
1723528366.125114,-12.573618076737896,-9.200913085793054,1.3515230158529128,-0.015899898032139665,0.059649130102992554,0.09812717374402426,0.9932573847163352,odom,base_link
1723528366.259705,-12.19213687411983,-9.20206820890476,1.3156400869438774,-0.013490007072827733,0.058450447412302445,0.09729057350096013,0.9934465809565862,odom,base_link
1723528366.3943257,-11.868912215193886,-9.206289216938966,1.2894348953506578,-0.012716612713117489,0.05789975960926618,0.09630436118921865,0.9935851124157559,odom,base_link
1723528366.528976,-11.522651133023246,-9.207518328299145,1.2699427872324012,-0.01404851700636731,0.05957788692696258,0.09495047701912326,0.993598269660873,odom,base_link
1723528366.6636558,-11.162558076096978,-9.199723804191443,1.252090768908802,-0.016823081071823752,0.06132535679610817,0.09385298068558665,0.9935531201569002,odom,base_link
1723528366.8320467,-10.756773476176328,-9.200745571955544,1.234205679250776,-0.017713858211942966,0.062307830112139945,0.09282648280971019,0.9935729452954838,odom,base_link
1723528367.000485,-10.280367858588761,-9.232412927358446,1.2054732579535445,-0.016368453571416235,0.06088854046356128,0.09175717769351824,0.9937833162765504,odom,base_link
1723528367.134294,-9.97163705221708,-9.251756205678712,1.1846830912535233,-0.016716966946399726,0.05865562459944796,0.0912246487626916,0.9939608262789259,odom,base_link
1723528367.3025112,-9.583133243955334,-9.255910951955663,1.1653418097686303,-0.017748785410070283,0.05495067878042293,0.08958968877463586,0.9943033195073332,odom,base_link
1723528367.437117,-9.33022904902562,-9.236184280976255,1.1679524880049426,-0.018950839956972956,0.055884776140739265,0.08798045422426966,0.9943727656845375,odom,base_link
1723528367.6054142,-8.774861191352914,-9.25132876765948,1.1139511200322547,-0.020164974846846172,0.05759964944633038,0.08611807422847147,0.9944140643938347,odom,base_link
1723528367.740083,-8.42441717016377,-9.260037292249997,1.0946248534158942,-0.020237739878575915,0.060055528100517855,0.08523972658471342,0.9943429772673704,odom,base_link
1723528367.908458,-8.037116356579135,-9.280206628834335,1.0736791450338525,-0.019770546487592248,0.062488365406257684,0.08300452082794373,0.9943915623146444,odom,base_link
1723528368.04319,-7.662367414235504,-9.262962387397415,1.0589868417955304,-0.019743684897612572,0.06413310095194479,0.08235924520477125,0.9943410315370937,odom,base_link
1723528368.2108011,-7.275191063369778,-9.281882663355109,1.0256000233231173,-0.018794973746749412,0.06184638284118902,0.0806347113659448,0.9946455736664447,odom,base_link
1723528368.3771596,-6.838065179461498,-9.299375094648344,1.0011756634321218,-0.018855097113937243,0.06014678214256647,0.07929940974475673,0.994855996375783,odom,base_link
1723528368.5102358,-6.3452695708019045,-9.345584655100424,0.9679259381428851,-0.01817614068707597,0.060077772820167664,0.07881331376233489,0.9949114285686398,odom,base_link
1723528368.6765673,-5.957039577637768,-9.376348872391478,0.9585784577537926,-0.017691659490674774,0.05925421335900606,0.07711838936447786,0.9951023552406557,odom,base_link
1723528368.8428826,-5.5394959220874345,-9.410945119760209,0.9334320408994243,-0.0159787902327898,0.05833646358088109,0.07504181679558324,0.9953442927005666,odom,base_link
1723528368.9759238,-5.172611146104829,-9.457543458092442,0.9031419915702978,-0.015407635531058448,0.05716933276555439,0.07406833125575371,0.9954939248752206,odom,base_link
1723528369.142214,-4.740053834823808,-9.491695113054659,0.8733640745474605,-0.015092922871746097,0.0556487420777945,0.07205795521808206,0.9957324300604734,odom,base_link
1723528369.410664,-4.079717020406515,-9.5483823790717,0.8398416165028328,-0.014113601297107458,0.055864843410773135,0.06894420822100376,0.9959551303557279,odom,base_link
1723528369.5453181,-3.7265477938336966,-9.521772575511903,0.8174732278218715,-0.013382537794197812,0.055401931152673514,0.06683421052074846,0.9961348914734439,odom,base_link
1723528369.6800005,-3.384483428040274,-9.541299213400245,0.7899018148735621,-0.014126293710949032,0.05602808743345672,0.0653935128696316,0.9961852185809176,odom,base_link
1723528369.814711,-3.042925301009503,-9.564944664903088,0.7773870809965959,-0.014583678489882035,0.0575048199458195,0.06342149738630026,0.9962219761047145,odom,base_link
1723528369.983138,-2.6002798018849806,-9.632157756964608,0.7562481435894195,-0.013765387795316702,0.057685830647344685,0.061949651221645315,0.9963157630765895,odom,base_link
1723528370.1179118,-2.269371247212967,-9.660918133134317,0.7360976871521394,-0.014240540587283225,0.055791594948407026,0.06004111560246213,0.9965337773372795,odom,base_link
1723528370.252709,-1.9316028105700775,-9.687755050116365,0.7130722988802949,-0.014809953081658144,0.05596892328726669,0.05834459399084399,0.9966163019275909,odom,base_link
1723528370.3857577,-1.5262893455997348,-9.713768208736344,0.6947349433545573,-0.014357987293783781,0.057621592277051936,0.05622629215935486,0.9966504925872156,odom,base_link
1723528370.5520556,-1.1075506706907001,-9.751849975501372,0.6639753057603557,-0.014979400823903442,0.058181392752111906,0.05310120090963513,0.9967802192812296,odom,base_link
1723528370.718338,-0.6258658709888916,-9.820724087227134,0.6416068329459532,-0.015782359032796345,0.05907219824611944,0.04982170112817839,0.9968847429038251,odom,base_link
1723528370.8846066,-0.21529161300131094,-9.860597944980913,0.6126252836718094,-0.01743772348489934,0.05996797516394642,0.04521457429632677,0.9970232745656455,odom,base_link
1723528371.0508597,0.20078611124504597,-9.908648419822573,0.5919378583715813,-0.017595211145894823,0.0610419666395968,0.041227873597387915,0.9971281508874071,odom,base_link
1723528371.217099,0.6185398219328893,-9.968977221182868,0.5608685831286822,-0.01779636065306237,0.059285241041286955,0.036338359507182776,0.997420710317622,odom,base_link
1723528371.3501098,1.033856033179669,-9.995403215959769,0.5341602669821162,-0.018630424060178785,0.05801975250359998,0.032416627856153304,0.9976150449232382,odom,base_link
1723528371.5163643,1.4346290084680455,-10.042213930639685,0.5093850300849805,-0.019601420893000647,0.05773107135017903,0.02772305975424237,0.9977546490283062,odom,base_link
1723528371.8155725,2.192948574462731,-10.173300624133894,0.46017975771951924,-0.018656935201994972,0.05442039823251293,0.020159498402276883,0.998140237466285,odom,base_link
1723528371.9817705,2.625230078598098,-10.244617861394639,0.4336795350104319,-0.018421657990336418,0.05599111264766863,0.015509597810864778,0.9981408168175011,odom,base_link
1723528372.1147149,2.9432123656519287,-10.291024498631515,0.4175837245266032,-0.018981924097175175,0.0573215490410558,0.012709982081082623,0.9980943757624333,odom,base_link
1723528372.247649,3.3040421233435135,-10.341486241284152,0.39872683230632133,-0.020262603121605695,0.057545729173893695,0.009619392924530299,0.9980908692340316,odom,base_link
1723528372.5468054,3.730315227396195,-10.434776980394862,0.37751682893745153,-0.018517766955922995,0.05664513870292714,0.0067246610329834994,0.9981999797146281,odom,base_link
1723528372.712972,4.16059451819252,-10.527507640035633,0.35379476057472803,-0.018117894580592195,0.05524097217551501,0.0049534121396536636,0.9982963691195342,odom,base_link
1723528372.8458893,4.506441547666009,-10.599649593967174,0.3364415051926666,-0.018176732892255472,0.0567922626297443,0.0030360034337404552,0.9982159225187246,odom,base_link
1723528372.978793,4.869921075855599,-10.666274763009351,0.30336107409305924,-0.01968607904626621,0.05856846295292126,0.00133015400926492,0.9980883849286236,odom,base_link
1723528373.277812,5.645870705744961,-10.834418058205907,0.27162810209375876,-0.01881755225465413,0.05827052511153149,-0.00216340346984133,0.9981211175582833,odom,base_link
1723528373.410811,5.996856801577078,-10.9078743817614,0.2508701042265655,-0.018726307694070052,0.05863570721437975,-0.004052821338515831,0.9980955635002164,odom,base_link
1723528373.5770407,6.425260479563642,-11.000670314889831,0.2160250570311706,-0.0200988542653221,0.05888235361805925,-0.006427808051255471,0.9980418767633327,odom,base_link
1723528373.71001,6.763844971105038,-11.080423497749864,0.19678955170567236,-0.02075119850023918,0.05698371153105176,-0.0079889915782639,0.9981274569885912,odom,base_link
1723528373.876204,7.18659834253465,-11.188309687069474,0.17512688586716996,-0.02049191018504272,0.0555297926098429,-0.009964425768864664,0.9981969915646774,odom,base_link
1723528374.0423768,7.604046989688344,-11.282532544349419,0.15964522257507574,-0.020282725283343676,0.05435748050359899,-0.012759745578599425,0.998233972704371,odom,base_link
1723528374.20853,8.030377895300692,-11.380399179326883,0.13554044085653305,-0.022365173553190978,0.05313029343636703,-0.015489569858107673,0.998216932413447,odom,base_link
1723528374.341515,8.381010350371879,-11.468095085013267,0.10952800949265051,-0.023152394682723287,0.053050336597357084,-0.017036246986706312,0.9981780375744453,odom,base_link
1723528374.5077567,8.800136770477582,-11.57237287976359,0.09094612399029356,-0.022830302001519146,0.053607052625422764,-0.019132871561103555,0.998117725744394,odom,base_link
1723528374.7737012,9.458341630826293,-11.736355383551185,0.06377973441891438,-0.022066199630115798,0.05525319250566989,-0.023100189234392624,0.9979611960437893,odom,base_link
1723528374.9398904,9.861069135699179,-11.839706933413522,0.04593022586948914,-0.022828077663213785,0.05289910316489002,-0.025255829164884773,0.9980193920198879,odom,base_link
1723528375.1060581,10.265139303160948,-11.955552196517079,0.023619489173740016,-0.023445532042023338,0.0513959028101155,-0.02748397729027286,0.998024748788279,odom,base_link
1723528375.2722337,10.664148052130361,-12.066429680534556,0.004768361847804936,-0.023084357003731116,0.0514703085169486,-0.0294601675829926,0.9979729547081305,odom,base_link
1723528375.405238,10.986855737808835,-12.154273520459665,-0.009756728982135199,-0.022991143774695567,0.05134992667209345,-0.030963263838848443,0.9979358038627273,odom,base_link
1723528375.5714736,11.389652507887106,-12.262704908047784,-0.020744190769355075,-0.02288348028678651,0.0523912168319066,-0.03293044114865812,0.997821172743188,odom,base_link
1723528375.73769,11.786152321272152,-12.37467670420406,-0.03725512292868394,-0.022730143875615522,0.05324123016203581,-0.03461615404260183,0.9977226237033648,odom,base_link
1723528375.903885,12.164144539732746,-12.496598341190266,-0.05424476002646439,-0.022092798168923556,0.05099796349563857,-0.03602264632453396,0.9978043319910685,odom,base_link
1723528376.1032915,12.627326813769011,-12.625146321788232,-0.07042161047319584,-0.02334909973990638,0.0502476630411717,-0.03773298408784353,0.9977505769540117,odom,base_link
1723528376.3692412,13.235707215446515,-12.810189311467804,-0.09939534209845324,-0.02351791452007246,0.05019795552423476,-0.03924282886687271,0.9976908706309481,odom,base_link
1723528376.5022554,13.543493646994628,-12.89880917980679,-0.10893786791811233,-0.021668784417822343,0.05028296125659919,-0.039132490719093256,0.9977327977766599,odom,base_link
1723528376.6685061,13.928258143388042,-12.998631252219578,-0.12937932527119567,-0.02102767855295824,0.050374327500825836,-0.039335635276499914,0.9977339182672439,odom,base_link
1723528376.9344661,14.532209144861678,-13.170574506356763,-0.13984277660193456,-0.02091368652786912,0.0511509143680681,-0.037361575381209905,0.9977726766955282,odom,base_link
1723528377.1006653,14.910706710864062,-13.278467219667366,-0.1636966782943705,-0.020790062000760192,0.05211729899862755,-0.03414456782310549,0.9978405228067588,odom,base_link
1723528377.3999894,15.59331589090077,-13.44926560032977,-0.1910353050966449,-0.02081188215295543,0.05211848354385778,-0.028125752639890964,0.9980277908318886,odom,base_link
1723528377.5662737,15.955097112350906,-13.53340567352114,-0.20841593730389274,-0.021266778686764635,0.051781063340183495,-0.024631648986978564,0.9981281117531108,odom,base_link
1723528377.7325404,16.328800784928003,-13.6173764969982,-0.2273872929652465,-0.020619480994887286,0.05252805853233277,-0.020553579965232733,0.9981949661368454,odom,base_link
1723528377.8655396,16.619990093783574,-13.678394195586344,-0.23915587124403648,-0.01966733025465,0.05239017699925536,-0.01645637622947468,0.9982973771156745,odom,base_link
1723528378.031771,16.991459111273308,-13.759985604633604,-0.267977306801382,-0.020197244817771368,0.050563264366898515,-0.01049236677365648,0.9984614854053315,odom,base_link
1723528378.164743,17.294218428912377,-13.810209150478421,-0.2864943535877875,-0.02080367729353611,0.051013803072071116,-0.004759122868309804,0.9984699042318275,odom,base_link
1723528378.3309693,17.668906018043625,-13.869007852220843,-0.30463827634244334,-0.021277142838712612,0.050722378100552135,0.002669100643269084,0.9984825483974178,odom,base_link
1723528378.5969508,18.25733721416588,-13.958764121885814,-0.3288678304839716,-0.019975471315555,0.050987366090641716,0.015871329984089143,0.9983733619890891,odom,base_link
1723528378.7299216,18.550741958274582,-13.997864276662696,-0.34149760033144405,-0.019600112357124232,0.05112409086266909,0.022268731876885467,0.9982516048119578,odom,base_link
1723528378.8961167,18.91789250166667,-14.038639485119752,-0.35158865409405893,-0.018771753619030464,0.052392894607906706,0.030358506066127264,0.9979884603391485,odom,base_link
1723528379.0622926,19.27233880909428,-14.060767889840077,-0.37017591327876187,-0.01882695986921257,0.05179729960339221,0.03846021241333591,0.9977391429612256,odom,base_link
1723528379.1952178,19.566778666665847,-14.093506870071744,-0.3918941180157658,-0.01854204002574852,0.05156515510665478,0.04640312596959238,0.9974186570496667,odom,base_link
1723528379.3281753,19.853192034516432,-14.106608598584442,-0.3953065835538463,-0.017921492599984087,0.05180585973443932,0.0539473707398202,0.9970379401960715,odom,base_link
1723528379.4611616,20.134595568335047,-14.12429826005924,-0.40230314588576954,-0.016979861282568547,0.05165370250959481,0.06154113149991271,0.996622430242058,odom,base_link
1723528379.594134,20.4155387137613,-14.12489093676826,-0.4059233836967524,-0.016243228661334073,0.05109156921449827,0.06890141582236775,0.9961819130939534,odom,base_link
1723528379.7270927,20.703149043971266,-14.132975413709277,-0.428537490562263,-0.01525340257013776,0.04984673932084539,0.07624482727774182,0.9957255458219904,odom,base_link
1723528379.8932712,21.022371097289447,-14.122085380738406,-0.4472899196102398,-0.014055430411365909,0.049763484893440735,0.08525811276122909,0.9950161278369336,odom,base_link
1723528380.1923397,21.670622406528803,-14.096148933199084,-0.4926903192342198,-0.014555054120205593,0.05358620924744786,0.10303373228063416,0.9931267384328997,odom,base_link
1723528380.3585312,21.990276854824998,-14.051620871134496,-0.47517037654524463,-0.01544252071561185,0.05708474136811481,0.11379179621228447,0.9917430554189252,odom,base_link
1723528380.55799,22.408216114746732,-14.012080220109898,-0.5317998014724147,-0.0162265897046551,0.05934831517723941,0.12741251487954086,0.9899396579207496,odom,base_link
1723528380.6909451,22.69729686085542,-13.98747347119142,-0.5493591577621609,-0.014605010789576033,0.06135919538774855,0.13691012053316773,0.9885733972228862,odom,base_link
1723528380.8238857,22.974399511864657,-13.949806558542658,-0.5781393166777318,-0.01286598601394283,0.06236845099880316,0.14603472511740395,0.9872276848750663,odom,base_link
1723528380.9568126,23.234598410933206,-13.918968646080339,-0.6435494103617054,-0.014326993761951132,0.05925018605548382,0.15489674310319562,0.9860482501775246,odom,base_link
1723528381.122952,23.21090862947397,-13.960999780521389,-0.6395542984111109,-0.014337852625077831,0.059893658889861444,0.16499180299431573,0.9843702964594023,odom,base_link
1723528381.2558482,23.357734970281303,-13.962701034887697,-0.5885440055328878,-0.014667216871225477,0.06158959358422572,0.17464211588505216,0.9825943853241653,odom,base_link
1723528381.388822,23.609620471918483,-13.893174963122764,-0.609465682767768,-0.01624298256090881,0.06063417280178183,0.18448284374529408,0.9808291099726899,odom,base_link
1723528381.5217814,23.904412789749312,-13.829194339825463,-0.6273302671464964,-0.016209727604817245,0.05962990502125152,0.19524546504106477,0.9788057659919216,odom,base_link
1723528381.6879594,24.23950145627409,-13.72560845885285,-0.6582261313531128,-0.016275019799039163,0.05808919475316859,0.2075214249209651,0.9763685919683414,odom,base_link
1723528381.887344,24.656274845012465,-13.594322956715514,-0.693763528066142,-0.017740076762129433,0.056546053096026914,0.2233699810197638,0.9729304626410694,odom,base_link
1723528382.0202482,24.93209598322682,-13.495356242332955,-0.7100733816681691,-0.018472714397433605,0.056468676507229074,0.23348319214373497,0.9705439950783709,odom,base_link
1723528382.1863587,25.27008909325731,-13.366754024291753,-0.7374166587053097,-0.019013040542317363,0.05635600261218444,0.24621823717228292,0.9673877634861242,odom,base_link
1723528382.4867163,25.895938956201828,-13.119476623668909,-0.7867945376140388,-0.01919589407485939,0.05663207989125783,0.2696133635749153,0.9611102742972202,odom,base_link
1723528382.6204128,26.150765056909403,-12.994438444147287,-0.8055140535285549,-0.01989801974924535,0.057520983925512865,0.27989334056742055,0.958099745916003,odom,base_link
1723528382.75413,26.4117074778742,-12.86813831152016,-0.8211448940522154,-0.02003343168143981,0.0574113291715777,0.2896812526897948,0.95518970510464,odom,base_link
1723528382.8878672,26.66894195344794,-12.740816513487296,-0.8404231592952163,-0.02016711998872857,0.05623446248170325,0.29967464785927217,0.9521691435512786,odom,base_link
1723528383.0216253,26.91057343625114,-12.606143102622436,-0.8609827158903222,-0.019881343954694607,0.05420764470157051,0.3097777943328518,0.9490542563819715,odom,base_link
1723528383.1888518,27.237250172441627,-12.43861202910405,-0.88317989893191,-0.019140884654720178,0.05315131715616496,0.3223309257199993,0.9449398596438229,odom,base_link
1723528383.3226616,27.484133390325248,-12.294490643752209,-0.8962403900518586,-0.019329114178696902,0.052856164444279326,0.33248664885419366,0.9414272354032542,odom,base_link
1723528383.4899743,27.789693952188205,-12.09948141241599,-0.9205367569352223,-0.01988899141721737,0.05225106781077787,0.3445352671903131,0.9371070929168869,odom,base_link
1723528383.6238558,28.051454259414694,-11.94290534603687,-0.9465860971562301,-0.019623826359651077,0.051339737447356454,0.3542061860778113,0.9335508098341802,odom,base_link
1723528384.0926614,28.889856830165524,-11.359614490262977,-1.019549850673739,-0.02211606648271529,0.054286776175698145,0.3862247621499234,0.9205401993601457,odom,base_link
1723528384.2266686,29.130456094737987,-11.169990795794668,-1.0412637308166224,-0.022283777495994996,0.055226155641918746,0.39479774941926965,0.9168359951741658,odom,base_link
1723528384.3934102,29.371432740077132,-10.977451660176266,-1.052899977167223,-0.020110585589895928,0.05610993091560628,0.4055063831537797,0.9121468156066859,odom,base_link
1723528384.5599496,29.63712156941317,-10.747703355680187,-1.0739022720788842,-0.01869483921992402,0.05626476504575634,0.41603078171030927,0.9074156533091084,odom,base_link
1723528384.6931756,29.854229487242694,-10.561372699629255,-1.084434039928777,-0.019004374201108058,0.056044069722771137,0.42459130233125214,0.9034490146072354,odom,base_link
1723528384.9929147,30.29995865997798,-10.128107594443659,-1.12435018037149,-0.020561826188398878,0.053498559924924936,0.44216191236628494,0.8951022056962809,odom,base_link
1723528385.126123,30.49629873735826,-9.938096201509346,-1.1343584397106994,-0.021360167881817674,0.053166606662162275,0.4490665312272065,0.8916592991135436,odom,base_link
1723528385.2928374,30.742311789814657,-9.685702936707852,-1.16796514288463,-0.022160028848729904,0.051763552474216,0.4551446668905406,0.888635358264441,odom,base_link
1723528385.4269083,30.936682682580567,-9.483880058097348,-1.181608670870336,-0.023481833272396176,0.05135504606618743,0.45892825784774566,0.8866770082158104,odom,base_link
1723528385.728706,31.408319976817122,-9.049362911492034,-1.2197276407454503,-0.02365831486273586,0.05277613595459502,0.46190409608422,0.8850421287329645,odom,base_link
1723528385.8964524,31.666650910846002,-8.807826871124927,-1.2486663958355568,-0.02252455944545648,0.05333444496310422,0.4611455527363238,0.885433713156313,odom,base_link
1723528386.0306926,31.8768697277166,-8.61512761167433,-1.2658048417060295,-0.021280150968736564,0.053983545529731454,0.46032410060332374,0.8858525014868606,odom,base_link
1723528386.3657331,32.36996768414187,-8.124738287133749,-1.3081779876975401,-0.02501823100798932,0.053175110000751716,0.4591072773890191,0.8864349968509149,odom,base_link
1723528386.4991112,32.56574284924187,-7.92932426195847,-1.3286454341631417,-0.026884671629439538,0.05277986404693585,0.4587412049432738,0.8865934847886926,odom,base_link
1723528386.6324887,32.78070341190678,-7.744144362866776,-1.34580023751748,-0.026126666988270108,0.05253834613525613,0.45899196022831035,0.88650070496488,odom,base_link
1723528386.7992108,33.02262849699325,-7.512927401689771,-1.3709120052803059,-0.02342448376740739,0.052149324811234445,0.45862423346916836,0.8867894642793072,odom,base_link
1723528386.965931,33.2798263497708,-7.278361026093035,-1.3951789124736464,-0.021534681906810283,0.05154007392444608,0.4584364985928278,0.886970041778742,odom,base_link
1723528387.432787,33.96869942513112,-6.620324305041047,-1.4530521049751306,-0.023393375123215245,0.051269678121068016,0.4585418586925887,0.8868841716551562,odom,base_link
1723528387.5995493,34.22374432691956,-6.385118511104297,-1.467519000621243,-0.024082764423805886,0.05237264208724936,0.45963259898202236,0.8862364248729228,odom,base_link
1723528387.7663126,34.53469934317745,-6.166191742719636,-1.4593108415313016,-0.023375449814998842,0.05031929315871014,0.4627757538645846,0.8847373388283213,odom,base_link
1723528387.8997245,34.72233721507385,-5.972144571408132,-1.482599072781504,-0.023071547599488058,0.05051970977928071,0.4641714238720119,0.8840024614647919,odom,base_link
1723528388.0664916,34.97796152563424,-5.732499227590618,-1.5042762025428764,-0.02178145659802432,0.05215124434598888,0.46651714037408537,0.8827046921812636,odom,base_link
1723528388.1999056,35.1747847121558,-5.540467581288361,-1.513647748360779,-0.02061918003273416,0.052932670977272514,0.46795900700357296,0.8819225303405166,odom,base_link
1723528388.500038,35.59340944015294,-5.1085733195837255,-1.5498840867976833,-0.020722019794930196,0.050842545658203724,0.4732602524057281,0.879210081231715,odom,base_link
1723528388.6334236,35.78327117957123,-4.920473357106158,-1.566805422651961,-0.01983314904934668,0.05029251158974409,0.4759509914191458,0.877808614245676,odom,base_link
1723528388.8001559,36.01571174515446,-4.666187350331025,-1.5847713740861424,-0.02098811825921799,0.049156817643826727,0.4791464572749034,0.8761060316262969,odom,base_link
1723528388.9335408,36.19391029645493,-4.4766157618757,-1.594445073912857,-0.021507104604228316,0.047625307978522526,0.4817109013915873,0.8747707596690679,odom,base_link
1723528389.0669253,36.37380902905291,-4.274696975600702,-1.6088259233306557,-0.022055390707522604,0.04672398684452759,0.4843537381000361,0.8733452268047341,odom,base_link
1723528389.2003098,36.55677434036501,-4.079267703372388,-1.626470965061153,-0.021502358688066492,0.04715834409762212,0.48698139497323695,0.871873190379622,odom,base_link
1723528389.3670764,36.79035014326924,-3.82720698865457,-1.6453987350313708,-0.021143380600559387,0.04789073827477568,0.4904711763392195,0.8698835898122801,odom,base_link
1723528389.6673057,37.19846163368304,-3.372873980899919,-1.6813200877619736,-0.01946755385911684,0.048809023035016046,0.49609877979161393,0.8666745030900479,odom,base_link
1723528389.8341014,37.43207611627639,-3.1325840918639525,-1.6960530930005253,-0.01964785236038409,0.048445241110761914,0.4997055043095871,0.8646163481417906,odom,base_link
1723528390.100979,37.77819498779178,-2.728478202220984,-1.7267889759726704,-0.021943155880912404,0.0500565757076051,0.5048037318263905,0.8615021935390323,odom,base_link
1723528390.2344198,37.953954544330145,-2.529563411321268,-1.7415284501009487,-0.021478860559750797,0.0510636284777415,0.5075913258819901,0.8598152186866114,odom,base_link
1723528390.367862,38.11956992115407,-2.3119527012752497,-1.7577945320413466,-0.02184858302410312,0.051429621973970226,0.5097928781207419,0.8584805500538867,odom,base_link
1723528390.5013063,38.28417194764508,-2.118540839965379,-1.7756177586658,-0.02184546187036371,0.05061158300843583,0.5129389798074013,0.8566532825216938,odom,base_link
1723528390.6347516,38.436306050813144,-1.9007029574629444,-1.7970265972233563,-0.022247349457182212,0.05123815098946418,0.5155237564430875,0.8550526088306608,odom,base_link
1723528390.8015609,38.631645808081714,-1.6283512248921195,-1.8239932488798998,-0.022768711227138947,0.05175403591398083,0.5192483091910918,0.8527510181511728,odom,base_link
1723528390.9350095,38.79105010405357,-1.4059210700545188,-1.8456025492323282,-0.02242265256225596,0.05207750164674071,0.522642631160261,0.8506643512973759,odom,base_link
1723528391.1018217,38.975524767884124,-1.1459899656012578,-1.8610149272945495,-0.02357280778609864,0.052523639464718004,0.5273377960855672,0.8477030369475368,odom,base_link
1723528391.2352731,39.12669733696258,-0.9338046015673571,-1.879279214739079,-0.024099090924440163,0.0522734223620184,0.5312208851761944,0.8452757504411198,odom,base_link
1723528391.4020503,39.318253428816334,-0.6696002591527197,-1.8947257251410474,-0.02463950865730887,0.0526745226621256,0.5363808580802457,0.8419702277162435,odom,base_link
1723528391.568818,39.499936146410775,-0.3731074655136215,-1.9263731965709818,-0.02355151538480236,0.05326132932253844,0.5421430434622538,0.8382657558002475,odom,base_link
1723528391.7022336,39.655516991052664,-0.1666418360736266,-1.9394674821070925,-0.02285804261162381,0.05477052195594259,0.5475588753995524,0.8346597976324345,odom,base_link
1723528391.869004,39.84209454721923,0.1124578378862715,-1.9670325151803878,-0.023249890942110527,0.05546415612051244,0.5553459637275027,0.8294419994964028,odom,base_link
1723528392.0357745,40.017334346764144,0.4123732924937489,-1.99365397532485,-0.02328295153914187,0.05517133037054095,0.5625895347308434,0.8245647602730206,odom,base_link
1723528392.1691918,40.139000590491435,0.6417524337878069,-2.0024427760140395,-0.023462284905192463,0.05620798777498907,0.5688254366153254,0.8201998573254564,odom,base_link
1723528392.3026087,40.28420504382993,0.8748380092314036,-2.0290310320035987,-0.024299606248310686,0.056277293742250954,0.5763516053733012,0.8148995167067189,odom,base_link
1723528392.4693763,40.44159114375314,1.1657059114918376,-2.044786129139941,-0.024130253900512037,0.05742847385519179,0.58609088907301,0.8078472448321955,odom,base_link
1723528392.6027906,40.56079912726065,1.3976552511023472,-2.0571734211575623,-0.02319015220596776,0.057457839753024764,0.5948891452573754,0.8014160706814715,odom,base_link
1723528392.9029744,40.8258983715734,1.9411791250987296,-2.0723724182976717,-0.01826943283062505,0.05533265060688455,0.6181520721793473,0.7838957464237467,odom,base_link
1723528393.036391,40.92412360914402,2.2047341100214615,-2.094564292383977,-0.016591626672653542,0.05441302942757845,0.6299479294423089,0.7745511902671226,odom,base_link
1723528393.169808,40.979486786586605,2.444677108277636,-2.124827102047736,-0.0161216686374276,0.053299887692414984,0.641474469897299,0.7651207213520622,odom,base_link
1723528393.4366362,41.139448246748145,2.9356747808320147,-2.165019689481053,-0.011161794854005433,0.05127316461172882,0.6674197323280704,0.7428306521849127,odom,base_link
1723528393.5700524,41.201301743686,3.172693472494826,-2.1803247686499097,-0.008934478927846115,0.051314368665442096,0.6805444916720776,0.7308530669769052,odom,base_link
1723528393.736824,41.26290895803332,3.4922735196294177,-2.1912420190968938,-0.008661769245901531,0.05416021573930427,0.696175837660888,0.7157729024221049,odom,base_link
1723528393.9035962,41.27482935186957,3.8044824579801375,-2.197873474356248,-0.014449697148338197,0.054602822938863024,0.7126914010780595,0.6992000463449795,odom,base_link
1723528394.0370154,41.30021437866479,4.063787004603952,-2.1940672321240764,-0.016356625605643573,0.05338380657497054,0.7254922206477653,0.6859618559176138,odom,base_link
1723528394.1704357,41.30394411126271,4.296665936910657,-2.214021351542235,-0.01374341441290784,0.05082882326179988,0.7380480182644554,0.6726906213275207,odom,base_link
1723528394.4706051,41.28601320706578,4.835513825024401,-2.225757700357743,-0.008301512895358151,0.0522889996746209,0.7640252549474167,0.6430103849855074,odom,base_link
1723528394.6040032,41.26307905946459,5.067923222542261,-2.221321887535924,-0.007291786985206896,0.052310764619787266,0.7757645533528361,0.628808215204549,odom,base_link
1723528394.7374015,41.236256121127624,5.311232867920099,-2.2262115539063956,-0.003871965964314059,0.05346427573522377,0.7866043907327286,0.6151260940487503,odom,base_link
1723528394.9041488,41.17229927284953,5.578231721032818,-2.231611952841548,-0.001986758884948455,0.05027603057637367,0.7982910226817894,0.6001664907709187,odom,base_link
1723528395.0375466,41.10851960582605,5.806078755895822,-2.2347393157378868,-0.0050158608373902696,0.04536577512550842,0.8090777840597962,0.585926554209836,odom,base_link
1723528395.2042947,41.02430100596955,6.079297306939605,-2.242035243442777,-0.004920521146981856,0.04125804392604239,0.8209505007952956,0.5694855902715998,odom,base_link
1723528395.3376894,40.967945043633435,6.304790903585964,-2.2350996988513008,-0.004473282156067485,0.04198883267634624,0.8309312935531397,0.5547703246131106,odom,base_link
1723528395.4710743,40.89416763996891,6.526419234049294,-2.2450358118844407,-0.002003110393616566,0.043602777558243926,0.8398363644524596,0.5410819404500884,odom,base_link
1723528395.6044588,40.81516147303802,6.763352084889734,-2.2497358710889395,0.00017717397426315597,0.04456960270307943,0.8493851638367456,0.5258881654670483,odom,base_link
1723528395.7711883,40.70603514372961,7.01391775620656,-2.2354896889421894,0.0015391499920419337,0.044759459338221765,0.8599148945124341,0.5084688741827976,odom,base_link
1723528395.9379182,40.57027078520403,7.264480667070698,-2.2349213126738747,-7.615923345034869e-05,0.04137285246290317,0.8701254039605055,0.4910906867997205,odom,base_link
1723528396.0713012,40.45759423195706,7.461208790532888,-2.235854922078121,-0.001138431386852415,0.03892442807221627,0.8781461856389878,0.47680485475813333,odom,base_link
1723528396.204684,40.35509652440756,7.6580584226954915,-2.2284641938405145,-0.00033534918023041244,0.039908840718171926,0.8859580570450464,0.46204490380311014,odom,base_link
1723528396.3380637,40.235533405004034,7.853196891729274,-2.231513046225496,0.0007065261256975329,0.04015731745216972,0.8931012438322093,0.44805921365511514,odom,base_link
1723528396.4714344,40.113100706778994,8.039258716020067,-2.2276911590605977,0.0013660007676613245,0.040274326745118286,0.9002060286266409,0.4335956857158309,odom,base_link
1723528396.638146,39.94433599630507,8.282173958566165,-2.228224612444097,0.0007997996700582807,0.0385121028625347,0.9089634631355811,0.41509228002718207,odom,base_link
1723528396.8048575,39.7922879404973,8.545989331005176,-2.212456936833349,0.0001718859000255971,0.03806603401352372,0.9173779661446407,0.3961926485209447,odom,base_link
1723528396.9715667,39.61036432817913,8.75960519040569,-2.2060608169519496,-2.4373185499756805e-06,0.037012541424928054,0.9249979267760912,0.37816518511261793,odom,base_link
1723528397.271642,39.27592869583886,9.11751581521038,-2.196703190987018,0.001142039316869024,0.03398377377105546,0.9371893499026814,0.34715979216416487,odom,base_link
1723528397.4383464,39.08520593450723,9.315996904537688,-2.193807414666916,0.002389694243840873,0.0327530668962391,0.9428512658954319,0.3315916409828409,odom,base_link
1723528397.5717092,38.9283806187386,9.458528592584257,-2.189407659586883,0.0028275881214858585,0.031884358548207474,0.9468378879429521,0.32011467692237144,odom,base_link
1723528397.738412,38.72831184083289,9.644713133776378,-2.183367773312705,0.0022971970934828542,0.03062896470906026,0.9512292660107989,0.3069519064787213,odom,base_link
1723528397.905112,38.52422090154198,9.831204941550165,-2.176226848325779,0.0018055550465901835,0.029195571325053123,0.954731622911048,0.29602683459378143,odom,base_link
1723528398.0384715,38.36995598040538,9.964668030866356,-2.169294152422443,0.001773710541373647,0.028313770703222704,0.9571531518097626,0.28818922311585204,odom,base_link
1723528398.1718302,38.189189053567745,10.115545901369575,-2.1658609970771643,0.0024519251725871045,0.028592852890146476,0.9595849126320594,0.27995219641123303,odom,base_link
1723528398.4719036,37.834470330716,10.406794041014868,-2.141930845876086,0.002676443230788647,0.026841611662274476,0.9650508406245438,0.2606707493081363,odom,base_link
1723528398.6052752,37.654303452434746,10.543628432557842,-2.1425901371091864,0.0033556572308734212,0.026155938414485085,0.9673231973492382,0.2521714462825903,odom,base_link
1723528398.7386463,37.48620603285197,10.671288104925527,-2.1340041380421413,0.003954646901149746,0.0264350126620078,0.9695271564538099,0.24352134151247723,odom,base_link
1723528398.8720167,37.29940325381588,10.798377399999394,-2.1295907451403595,0.003753828531015006,0.02615713849927532,0.9716212718961711,0.23506130450534857,odom,base_link
1723528399.0387285,37.07143087721062,10.951365114027775,-2.115250758419176,0.0026684074409072493,0.02526619651378034,0.9742903993159155,0.22385869810282144,odom,base_link
1723528399.2054405,36.82714885567074,11.104580434983909,-2.105316073586056,0.0040315806850144366,0.02432983998575724,0.9767555637901025,0.21293279185819755,odom,base_link
1723528399.33881,36.6200599127538,11.247170974494296,-2.0957132458223953,0.0037920756169414777,0.023802121125088095,0.9787419605171908,0.203674382079406,odom,base_link
1723528399.5055232,36.36477448037262,11.403656951740253,-2.0808593624854175,0.002848116441749972,0.02360061908228927,0.9808888804817274,0.19311111609374207,odom,base_link
1723528399.6722364,36.103432460532034,11.548825218728105,-2.0691984069716343,0.0022006887710925784,0.02240251284304014,0.9828619483496509,0.18296358892844877,odom,base_link
1723528399.838947,35.83881554228222,11.691544476836807,-2.0582525546270753,0.0013774140129391298,0.021442158381962336,0.9844727018084617,0.17421778315805644,odom,base_link
1723528400.1056826,35.39105740536462,11.946101391886334,-2.0363779633636283,0.0014833724302921955,0.019626175042901702,0.9864144668406646,0.1630923433729056,odom,base_link
1723528400.2723908,35.111485227261966,12.097475583189034,-2.0219497831351285,0.0001338216308206424,0.018687536626120906,0.9871356681262978,0.15878895043253613,odom,base_link
1723528400.405804,34.88579686241502,12.216717073342096,-2.0123660436622384,-0.0005306179296454036,0.018218209447447124,0.9873514408996974,0.15749586484232958,odom,base_link
1723528400.5725904,34.60299530051293,12.373230565400625,-2.00529535619141,-0.00029690681547207045,0.017036656070067706,0.9872799182123383,0.15807601744392413,odom,base_link
1723528400.739379,34.303137851853336,12.556960031003321,-1.9958174513576408,-0.0005920217597734746,0.017678892246325916,0.987144792276135,0.15884667249043927,odom,base_link
1723528400.8728104,34.07413083084178,12.692510470916787,-1.982692257329174,-0.001204537880395338,0.017939327085176593,0.9870935320198292,0.15913229928849795,odom,base_link
1723528401.0062425,33.836840541031535,12.826435644422773,-1.9789379217623795,-0.001576659522172772,0.017416364381024115,0.9869587086761125,0.1600209103988574,odom,base_link
1723528401.306467,33.28576607504816,13.152603895443033,-1.9585947786951228,-0.002592645091177281,0.016982239417856232,0.9866958787072737,0.16166670862569948,odom,base_link
1723528401.4398227,33.035276368475564,13.298031331662393,-1.9564952075658397,-0.002941030883343331,0.01692114291692212,0.9865865706470662,0.16233287984444086,odom,base_link
1723528401.6065164,32.73295692498131,13.477933255961254,-1.9393582054449334,-0.002731779040638459,0.017364802952949603,0.9865043033960263,0.16278900571844357,odom,base_link
1723528401.8065453,32.35750426315564,13.70775413304533,-1.926286799381312,-0.0020444008509066945,0.01714646036782959,0.9865245043776291,0.1626997897493683,odom,base_link
1723528401.9732335,32.026722843272566,13.8911418754656,-1.9123046624804634,-0.0017650198303665657,0.01638506958444895,0.9866519935591652,0.16200696838542555,odom,base_link
1723528402.1399207,31.71410368458164,14.052491154136824,-1.9079722231263587,-0.002121369946622061,0.015317682127052435,0.9867280513750463,0.16164349981798906,odom,base_link
1723528402.3399446,31.328315546297336,14.280083698541645,-1.8925784321980166,-0.0023892366782866164,0.01502859994131598,0.9869296704165145,0.1604314756631288,odom,base_link
1723528402.4733,31.05881317726501,14.432843125902949,-1.8738581291089615,-0.0025563618842721902,0.015820659316663953,0.9870807008529944,0.1594203931630591,odom,base_link
1723528402.6066544,30.774447825153125,14.590459170796922,-1.8697746601912777,-0.002510515205603599,0.015831155654968204,0.9873029130619113,0.15803806403362014,odom,base_link
1723528402.7733448,30.45063609979961,14.777368698766985,-1.8418851877264864,-0.002388449643298971,0.016232047225066965,0.987664138581557,0.15572528796292462,odom,base_link
1723528402.906696,30.154201196927524,14.948480530832708,-1.8331589104346067,-0.002238075170928335,0.01576671129994532,0.9880426966819431,0.153355897727434,odom,base_link
1723528403.0733843,29.808875189920236,15.130455714413689,-1.8219658594691333,-0.0012213184119725647,0.014961856768342108,0.9885093167242388,0.1504127054897925,odom,base_link
1723528403.2400696,29.454743774559773,15.319210833064854,-1.8065862386829825,-0.0021335387900707054,0.015221627753385357,0.9889648379637191,0.14735093936640967,odom,base_link
1723528403.3734317,29.151495444724826,15.475814413230644,-1.7944836517001166,-0.0022461971990295608,0.01523082690789263,0.9892897845805813,0.14515060673091293,odom,base_link
1723528403.5068076,28.855690356773103,15.634279654399585,-1.7841394722807897,-0.002566238592043291,0.01490353809555782,0.9896053738398134,0.14301224786390182,odom,base_link
1723528403.6401832,28.55264848466541,15.790694401268137,-1.7764731416926685,-0.0031855144685872267,0.01484870561614556,0.989953631258064,0.1405744514414649,odom,base_link
1723528403.7735581,28.250736019100934,15.943418299970418,-1.7586878171265568,-0.004534713480732801,0.015468487717253787,0.990200360657077,0.13872061135960867,odom,base_link
1723528403.9069324,27.951598177868163,16.087530033559172,-1.7512323549286557,-0.005152436621574157,0.01523766090123857,0.9904546627957298,0.13689714034017222,odom,base_link
1723528404.0403059,27.62740878135697,16.259969498032852,-1.7420659667786154,-0.0047335014220251164,0.014654676834052244,0.9906847767700998,0.13530154281143536,odom,base_link
1723528404.2070224,27.2341698897253,16.45244968858133,-1.7354303978012209,-0.0045951062438082755,0.014845264629371266,0.9909199349913552,0.13355218288526943,odom,base_link
1723528404.3403907,26.92572303524655,16.59787781680049,-1.7160299147309654,-0.004683999265513971,0.015279847942372058,0.9910941759458373,0.13220030561228038,odom,base_link
1723528404.4737444,26.606726944378707,16.75961425272456,-1.7059090239599413,-0.00529067578182581,0.015013146494028455,0.9912916749831439,0.1307188941631374,odom,base_link
1723528404.6404345,26.209265210029155,16.96149939162278,-1.6930210480224812,-0.005844816837390366,0.014111539251006701,0.9915212510336698,0.1290438348962516,odom,base_link
1723528404.7737858,25.87129190202963,17.11878892352607,-1.6760827873558029,-0.00623125081172597,0.013433771643820798,0.991576512293453,0.12867294028153237,odom,base_link
1723528404.907136,25.570101166638615,17.29230494678802,-1.66048958662488,-0.006764765820346997,0.01357291378435886,0.9916653524834809,0.12794468585530228,odom,base_link
1723528405.040485,25.21476144320903,17.456670368123795,-1.6484572883439528,-0.007211125850237033,0.013446200047089041,0.9916485092050822,0.1280641775033279,odom,base_link
1723528405.173833,24.848442430500445,17.64203818627698,-1.6422655964838064,-0.007874680962137816,0.013909245664812324,0.9915794963566456,0.12850923970626246,odom,base_link
1723528405.3071795,24.538287174964157,17.76560920797126,-1.631996283606519,-0.008551296242512586,0.013275428223726996,0.991414457289555,0.12979989297109087,odom,base_link
1723528405.4405575,24.197644844128227,17.930715639162454,-1.6301904550876285,-0.009694326109509143,0.01312382061667757,0.9913113779240242,0.13052025655842167,odom,base_link
1723528405.60728,23.762939915119688,18.16056074425177,-1.6012323945371063,-0.011089795828206196,0.014147391653436885,0.9913143939038914,0.13027908572312535,odom,base_link
1723528405.740658,23.390557978756743,18.34582841955664,-1.5996403739920244,-0.011187786547829872,0.01355320258882251,0.9912583185878512,0.1307596648899527,odom,base_link
1723528405.8740358,23.07424210472236,18.501877361728344,-1.5977291125092632,-0.011125865296818024,0.012557354426231666,0.991153039093559,0.13165933718051642,odom,base_link
1723528406.040758,22.63934862210953,18.74702145168895,-1.5780524266994174,-0.009958810824394296,0.013035134254766533,0.9911334337793143,0.1318537970888594,odom,base_link
1723528406.207481,22.174739104039208,18.969670143747283,-1.5750823448141846,-0.00886626763008369,0.012650793452702843,0.9911300501716237,0.13199458462423194,odom,base_link
1723528406.374213,21.753634377110895,19.175505309519824,-1.5614671519241994,-0.007669803057536663,0.01092428359824645,0.991036473326961,0.13292307055053867,odom,base_link
1723528406.5076108,21.427074909902036,19.345585619807597,-1.5461950314341697,-0.00612669454023095,0.009996547083077926,0.9910043093771532,0.13331538341968757,odom,base_link
1723528406.7744095,20.704686377120815,19.736782902719824,-1.517112286157888,-0.006455659378705535,0.010035011262022164,0.9910404332525354,0.13302812736253947,odom,base_link
1723528406.9078102,20.359798904043096,19.894295169026016,-1.5015360393961825,-0.00632263002232156,0.009373564782560408,0.9909780122702194,0.1335467701961863,odom,base_link
1723528407.0412114,20.00969820478995,20.069670244563774,-1.4950698382702703,-0.007055793090885301,0.00911645910082614,0.9908748039570754,0.13429158142024036,odom,base_link
1723528407.1746135,19.66834394477415,20.247079441309943,-1.4826442488338882,-0.00797226956037408,0.009954385432972869,0.9908788932611311,0.1341505572791424,odom,base_link
1723528407.3413641,19.24442753977164,20.470551815395343,-1.4641162269544044,-0.008326574277491873,0.010399236857743459,0.9908557980748713,0.13426582385323432,odom,base_link
1723528407.4747536,18.906081332771027,20.665675586641377,-1.4384049104317467,-0.007740380198453571,0.009547761902983152,0.9908832855692061,0.1341612505032745,odom,base_link
1723528407.6081436,18.524494820727465,20.83066111862634,-1.4366639826498193,-0.00784884247964449,0.009233012454455146,0.9908735920906251,0.1342485443130283,odom,base_link
1723528407.7415338,18.24662355215342,21.002588876935754,-1.4293860377704637,-0.008494627795261092,0.008499040250143324,0.9909118227595941,0.1339752481942282,odom,base_link
1723528407.9082713,17.783681310937098,21.217174107417847,-1.415929847756268,-0.008786685795630387,0.00857855252506519,0.9909649085596469,0.13355804952407102,odom,base_link
1723528408.041662,17.44451277423744,21.38047018271934,-1.407995579758298,-0.010005402627421327,0.008077895627270326,0.9909535136512234,0.13358807320562932,odom,base_link
1723528408.2417483,16.931418887817774,21.650231359889748,-1.3832581640707273,-0.0121993633536387,0.007445543211198713,0.9911239097431053,0.13217085516708002,odom,base_link
1723528408.5418751,16.171221296617446,22.030140881334564,-1.3667922202589082,-0.014467151304266818,0.007073610081099884,0.9914023624865584,0.1298538456482153,odom,base_link
1723528408.708611,15.666172273757283,22.286208137536892,-1.3514090917097699,-0.015120043236644513,0.0057790411268777726,0.9917738902918692,0.1269745545828264,odom,base_link
1723528408.8753486,15.186455067741043,22.486616086588626,-1.3466479267673188,-0.015142001531250384,0.00484928117229695,0.9920151388393695,0.1251126235647145,odom,base_link
1723528409.0087385,14.818594198120056,22.679310030862283,-1.3423690247295177,-0.012960390735189892,0.0032573294149057957,0.9924054379044915,0.12228190747068256,odom,base_link
1723528409.2088237,14.340823275348768,22.92071567539113,-1.3042483977184471,-0.010375480705471151,0.0035711424103954067,0.9927799441556496,0.11944697076242802,odom,base_link
1723528409.3422127,13.940344199177277,23.09231484664652,-1.2969509055661557,-0.008844186121246482,0.0033447801050589566,0.9930464439916529,0.11734288599414401,odom,base_link
1723528409.54229,13.503449259850345,23.198145099163334,-1.2691827558527673,-0.009421307013804715,0.004250629426074423,0.993047737182599,0.1172576769348327,odom,base_link
1723528409.6756752,13.13175243364477,23.377706726841257,-1.256469099208364,-0.009850684820606801,0.005890786892820876,0.9931383992097882,0.11638033619717596,odom,base_link
1723528409.8424063,12.684886934450098,23.603592792353133,-1.2374140933470414,-0.010535240126609335,0.006039816142297201,0.9933227721657405,0.11472750164372285,odom,base_link
1723528410.0091386,12.18636832736209,23.824339652738395,-1.198879545860033,-0.009528540524142967,0.00708344831153007,0.993443526191679,0.11370572520036329,odom,base_link
1723528410.1758697,11.709085411061286,24.049166080611464,-1.1894887097201117,-0.008433554026587504,0.006894420435903906,0.993621335800027,0.11224073759693345,odom,base_link
1723528410.3092551,11.189269784487923,24.335762508835142,-1.1895607580986824,-0.005934405562164903,0.007056776705994909,0.9939834854537786,0.10914126340804142,odom,base_link
1723528410.4426525,10.816211107941987,24.506034427047094,-1.1837810771171662,-0.006446313624048811,0.007476019188429073,0.9940452387683539,0.1085201246761219,odom,base_link
1723528410.576054,10.449741704665968,24.660964133998135,-1.1695810593855902,-0.008335369831713506,0.007903315372956245,0.9941485970528675,0.10740868770122591,odom,base_link
1723528410.7428071,9.973126364665687,24.887286495325373,-1.148339574121878,-0.009152392152315236,0.009487544162238454,0.9943030742735436,0.10577153073412651,odom,base_link
1723528410.8762102,9.567141213520683,25.06435973935123,-1.1446108514320532,-0.00930152369588256,0.00832350074008539,0.9943836395619373,0.10509699502802126,odom,base_link
1723528411.0096135,9.163238510239687,25.23275465710801,-1.1397037996804131,-0.00907138090471695,0.009548265381487836,0.9944818216904504,0.10407904209748196,odom,base_link
1723528411.1430178,8.788145351171671,25.389270352265868,-1.1436979389381254,-0.008978563515811621,0.010472531301318946,0.9945174268859546,0.10365712279180588,odom,base_link
1723528411.2764225,8.393209927337743,25.56396498411966,-1.1033957465870783,-0.009476151044586836,0.012326411702219589,0.9945498700782419,0.10309615930421255,odom,base_link
1723528411.4098148,8.021851838097104,25.712735385239945,-1.0921706649827185,-0.009050571490313672,0.012429372599538035,0.994507998954792,0.10352505912780764,odom,base_link
1723528411.576538,7.497410320467226,25.928526073986202,-1.094760794201619,-0.008460437304672374,0.01158933953165002,0.9944886835532486,0.10385743350555467,odom,base_link
1723528411.7432625,6.921521228406719,26.508726787303406,-1.202508872460705,-0.005568794527315649,0.010919808245611331,0.99520229562845,0.09706769334466978,odom,base_link
1723528411.9099858,6.390237093712509,26.807751635672037,-1.2192597114484671,-0.005118623909403122,0.01027075667422948,0.9952663621626863,0.09650481642936541,odom,base_link
1723528412.0767097,5.834629326621678,26.99039576773948,-1.1661573346981435,-0.005133246918651462,0.011200455311240615,0.9950674902150566,0.09843215680864308,odom,base_link
1723528412.2100885,5.461535320390698,27.178568000874833,-1.1432461623157415,-0.001751953901123241,0.015246451665138265,0.9949028477570729,0.0996634330836412,odom,base_link
1723528412.3434668,5.100441573942671,27.346800052024754,-1.1177303409958972,0.004706830571873833,0.014856313344342224,0.9947470308995131,0.10117055014373409,odom,base_link
1723528412.5101979,4.651569834054906,27.524558420266565,-1.0884745658804849,0.012979642165375315,0.008447357312546712,0.9945379038722209,0.10322077700319089,odom,base_link
1723528412.6435828,4.283209929913699,27.68724536901943,-1.05918519078798,0.01689740140024718,0.004872026282520831,0.9943230567543379,0.10493998281175526,odom,base_link
1723528412.8103142,3.8265339328409125,27.94217877519221,-1.032862047472073,0.0206558865806218,0.006923492596389519,0.9943902608958036,0.1035055971211796,odom,base_link
1723528412.9770448,3.348282040498156,28.16319347011771,-1.016691220391809,0.02014267058697001,0.014067233112234213,0.9940996920748068,0.10565125645710591,odom,base_link
1723528413.1437757,2.9012986476276943,28.358328245032695,-0.9598026662989474,0.014656536749876164,0.010512397697400271,0.994142990752915,0.10655697706861178,odom,base_link
1723528413.3105059,2.4472610661287564,28.556858213333044,-0.918047382350471,0.011906354154046181,0.007515865308224658,0.9941109994805207,0.10744799305369618,odom,base_link
1723528413.4772422,1.9829839763133634,28.773139831730425,-0.8809746981469444,0.008456836131113506,0.009082827791979118,0.9940581655839843,0.10814040686883278,odom,base_link
1723528413.6106322,1.63023427463132,28.938992677398076,-0.8636490426168008,0.008837304784748302,0.010313024857206256,0.9939285314345403,0.10918616195660565,odom,base_link
1723528413.8774114,0.9321671537018397,29.275383292776603,-0.8041133385025981,0.0050025469067388325,0.013675690633301728,0.9937924046107891,0.11029327517149023,odom,base_link
1723528414.0108008,0.5698140902753734,29.446715872006088,-0.7738712201689474,0.003887010172432435,0.013213320057655412,0.9936129059977064,0.11199862659768015,odom,base_link
1723528414.1441905,0.22299544363890722,29.605450796986837,-0.7600327889535696,0.005282992242998614,0.010923227816091537,0.9934750075497849,0.11340274450379521,odom,base_link
1723528414.2775798,-0.1321728217422733,29.76550272992506,-0.7409567236129176,0.004322303356290646,0.010858061344609456,0.9933955261651652,0.11414354468198185,odom,base_link
1723528414.4109669,-0.5035471657606718,29.957522255218706,-0.7217942413496343,0.0035631097343699954,0.013908551673937312,0.9933165779371398,0.11452524802245248,odom,base_link
1723528414.5791407,-0.9285572065772669,30.153791752973127,-0.6949594943131264,0.007287336489217691,0.015953855974278626,0.9930648954072284,0.11625180736778058,odom,base_link
1723528414.91637,-1.8192648266696763,30.58255405244433,-0.6253626862035045,0.010391122015309902,0.018440666007806767,0.99263461795904,0.11928319936085852,odom,base_link
1723528415.0513253,-2.1741879323201068,30.747254705754223,-0.6135495986866961,0.010840877516440516,0.018080040084852755,0.9925116265976235,0.12031732457856333,odom,base_link
1723528415.2200708,-2.6156025096785736,30.98186167752764,-0.5889465606363373,0.009368444016998297,0.01954638609993254,0.9923608792053786,0.12144981049742588,odom,base_link
1723528415.3888721,-3.0614673676959017,31.197604467381026,-0.5591610637972948,0.006711828664301337,0.020775763786108226,0.9922615757400244,0.12223045571791338,odom,base_link
1723528415.5230217,-3.404665298750304,31.358787145518484,-0.5382916735464447,0.006192966185806107,0.0221137866840206,0.992130253356223,0.12308609987984931,odom,base_link
1723528415.689564,-3.838286907674343,31.57553246016193,-0.510031229194247,0.005787537898269795,0.021172284499801717,0.99202914080921,0.1240823217040863,odom,base_link
1723528415.8227918,-4.188166916589939,31.73303705005536,-0.4937729714613954,0.005940172510951942,0.01682618768045125,0.992000736294043,0.12496452676963599,odom,base_link
1723528415.9560144,-4.537942667288729,31.89340937550142,-0.47945988805910367,0.006215614847416572,0.013899066239246652,0.9919505001244011,0.12570754707930798,odom,base_link
1723528416.1225352,-4.972567706000955,32.114638607042956,-0.4424177791514108,0.006198094375674097,0.013809731506636027,0.9918050154459613,0.12686089341503667,odom,base_link
1723528416.2557464,-5.32538526104172,32.290623931686596,-0.4277853396573248,0.005478239832887978,0.013631597217699448,0.9917185039265424,0.12758752844744806,odom,base_link
1723528416.4222536,-5.766546611723764,32.49972795995861,-0.4034117431748927,0.0040039344346996355,0.01052239919006839,0.9915478355049695,0.1292522244672693,odom,base_link
1723528416.5888205,-6.216222488692795,32.705570640487835,-0.389462501806803,-0.0017708211748199076,0.002802782185378258,0.9912595562154746,0.13188442218809843,odom,base_link
1723528416.755398,-6.647739455504892,32.93565174751016,-0.3632464387174259,-0.008275933508503449,0.003647702797223707,0.9908467246080769,0.13468842386156157,odom,base_link
1723528416.888656,-6.988979104276524,33.14315713431255,-0.347644775777862,-0.009282960672745888,0.009740460787549988,0.9904457390569911,0.13724499279990254,odom,base_link
1723528417.0219097,-7.352520328649264,33.34001465094172,-0.3432719330538696,-0.01014104451801022,0.013234506402047182,0.9899861865476092,0.14017616595306143,odom,base_link
1723528417.1551602,-7.686550384408628,33.53505244065638,-0.33152610222196466,-0.011227870473933532,0.011759112690539279,0.9895638077428479,0.14317516753553242,odom,base_link
1723528417.288407,-8.08825028565106,33.72718676717599,-0.3152263040727683,-0.015087984171662717,0.006443772924734061,0.9891293025932041,0.1461302613273918,odom,base_link
1723528417.5549104,-8.767504696286961,34.143118019702705,-0.30308748853350176,-0.01135553354723326,0.009947600447855472,0.9884954168087506,0.15049554163257398,odom,base_link
1723528417.6881716,-9.113026874801307,34.36475513426984,-0.3026884007111996,-0.010498721680093465,0.0161952493366466,0.988150653193839,0.1522687667730888,odom,base_link
1723528417.8547416,-9.554024974232183,34.61590012001725,-0.2895456845842439,-0.012941333632313751,0.01698817941824433,0.9875808022428118,0.1556537268597032,odom,base_link
1723528417.9879925,-9.90940988380907,34.81299714556974,-0.28686722375382123,-0.013625413939277034,0.013120632731245188,0.9868233438277545,0.16069189515443763,odom,base_link
1723528418.1545506,-10.34661073293102,35.08395587016795,-0.2816669108768932,-0.01604046473981656,0.013560461076662146,0.9856942557498692,0.16722933823952793,odom,base_link
1723528418.2877917,-10.698088393523983,35.31612811914816,-0.27616249701367424,-0.01643198965502539,0.01665577060890227,0.9843687744372878,0.17455856018606686,odom,base_link
1723528418.4210284,-11.039309208192002,35.552512849738264,-0.26985266866910895,-0.01556675415700166,0.01762961078722261,0.9829605490943479,0.1823058745971857,odom,base_link
1723528418.5544345,-11.388016610610608,35.790878773418285,-0.2721720365343123,-0.015465532613845066,0.017059655093355615,0.9817308396893627,0.1888765307598724,odom,base_link
1723528418.72124,-11.795897044829198,36.08916680605941,-0.25805771805515554,-0.013603594255144486,0.018426012540104123,0.9804979461823,0.19519016834232453,odom,base_link
1723528418.8546848,-12.133600637382685,36.3386830713596,-0.2645459278874791,-0.012388467728595772,0.020505245223334835,0.9799692962247496,0.1977024006997319,odom,base_link
1723528419.0214915,-12.5544098330145,36.625584501434226,-0.26141928489708,-0.013757017730181632,0.0199101256781215,0.9797162078408287,0.1989233104807964,odom,base_link
1723528419.1882968,-12.971114303693792,36.91494922247782,-0.24806154689452642,-0.013193679357423174,0.01819793215599641,0.9793619194085906,0.20086063054411785,odom,base_link
1723528419.321742,-13.305706988262257,37.15628754760089,-0.24420612048293022,-0.013787909562731522,0.018210232178618932,0.9792473262327536,0.2013776428998358,odom,base_link
1723528419.455187,-13.626709445942685,37.37659599641839,-0.2369279112671716,-0.013434246986330525,0.018910575061884725,0.9791157663013791,0.20197580879601004,odom,base_link
1723528419.6218362,-14.015035358044134,37.665886709545035,-0.22953912712879454,-0.011308674249249416,0.0175078479308436,0.9793511787538535,0.2010891787764641,odom,base_link
1723528419.7550666,-14.33892067129786,37.89093175392671,-0.2207003112324375,-0.011707690574282231,0.016586178911384714,0.9797418043428178,0.19923309331939923,odom,base_link
1723528419.921597,-14.745783888418533,38.1701014358499,-0.21124342544812325,-0.012356827454142702,0.017432462036149173,0.980613360088322,0.19478412691725613,odom,base_link
1723528420.0881202,-15.156020582500606,38.43393736880753,-0.2025479681257698,-0.011132483386704264,0.018382063323316915,0.9817728835945548,0.18883901238900563,odom,base_link
1723528420.3545399,-15.795630691541682,38.818248620924656,-0.17734382725533182,-0.011755062621166594,0.016187172104540893,0.9842570636364244,0.17560702333287848,odom,base_link
1723528420.4877417,-16.13367349029062,38.999718224737,-0.16887643261939767,-0.01316081879367252,0.014412111113632914,0.9854265107795347,0.16897832924609105,odom,base_link
1723528420.6542814,-16.538776837856716,39.22742899573205,-0.15941807243652573,-0.012189693961920189,0.013512079341242758,0.9868783119353735,0.16043700478561224,odom,base_link
1723528420.8208232,-16.94267698838925,39.443692965499345,-0.1523485292073754,-0.009574156708527272,0.01314885674079985,0.9881937410433298,0.1523436025979395,odom,base_link
1723528420.987356,-17.347171975886646,39.64919827780916,-0.1406432648325071,-0.00965506201129841,0.014139138680756547,0.9893868286109556,0.14429333978420522,odom,base_link
1723528421.1538813,-17.75440741271733,39.854774593198954,-0.13677474048036764,-0.00968051240571351,0.014171807451370916,0.9905155491596873,0.13632459215419324,odom,base_link
1723528421.2870953,-18.068658825027885,40.0123365381314,-0.13096074772154132,-0.009873584686361344,0.013601769145363984,0.9914486259807194,0.12941068828540103,odom,base_link
1723528421.4536045,-18.473483910481967,40.20360619573614,-0.10993102213921446,-0.009870918521772118,0.013861467240445242,0.9924211137971812,0.12169945596854902,odom,base_link
1723528421.586822,-18.83825093489624,40.366260386127145,-0.0981642137345895,-0.010155434733865123,0.014633246399969768,0.9932685870653681,0.11445632002790922,odom,base_link
1723528421.753354,-19.23741491917268,40.535109795547534,-0.09235988714748955,-0.00867630363632866,0.015543730923123661,0.9941902066741564,0.10615529726489406,odom,base_link
1723528421.886573,-19.5637610506439,40.67406540009678,-0.08721280480813953,-0.006505420960053875,0.015861770197961828,0.9949684627535913,0.09871090046228338,odom,base_link
1723528422.0197864,-19.88656884043228,40.79799498941486,-0.07692321040837613,-0.006384513100049771,0.015485986577637013,0.995674252468826,0.09139039983957291,odom,base_link
1723528422.1862948,-20.311929812243562,40.95353534452758,-0.06404586620921426,-0.0072256419481936136,0.018166514830826413,0.996477329991486,0.08155181573930156,odom,base_link
1723528422.3194954,-20.641354003466443,41.07652519734788,-0.04984587792361794,-0.008261457493728615,0.020789654148860033,0.9970557903419455,0.07334364011997606,odom,base_link
1723528422.4526904,-20.97007953114864,41.19473488338083,-0.04250679639400001,-0.008726421284551977,0.02117696525790405,0.9975822636672795,0.06561259734606434,odom,base_link
1723528422.6192071,-21.396390250007396,41.33516896769797,-0.03708353482823923,-0.00794680177087864,0.018367074694915962,0.9982792261905535,0.055118830404459355,odom,base_link
1723528422.8190377,-21.89607316324581,41.47401079695127,-0.013042167113967551,-0.007028913655533748,0.016464208457731177,0.9988970764377222,0.04340685310933208,odom,base_link
1723528422.985553,-22.313035096235755,41.58118994406995,0.00462455251383842,-0.005570073740204103,0.01794588014014615,0.9992643395503574,0.03343201111976927,odom,base_link
1723528423.1187596,-22.6434220433809,41.68368120750548,0.011474529140678591,-0.005310020657408623,0.019285151413840802,0.9994665592169043,0.02581634409991892,odom,base_link
1723528423.2519605,-22.97878321036203,41.756116102147864,0.029564923215458006,-0.005153459551771352,0.01630820145445108,0.9996577398038408,0.019796152915299448,odom,base_link
1723528423.3851554,-23.314539180877567,41.83422811755204,0.045431910430817846,-0.005499903740821601,0.012479279248464181,0.9998088877656764,0.014007376379669475,odom,base_link
1723528423.68489,-24.097406012272582,41.9754062870262,0.06732767879028123,-0.005964282502440199,0.011629919723915078,0.9998996138053559,0.005471253361608516,odom,base_link
1723528423.9846466,-24.856573900859058,42.176233156481906,0.08582107877276912,-0.005804158683313273,0.012515374820214286,0.9999039228436534,0.0013498951669675076,odom,base_link
1723528424.1178632,-25.18907729929637,42.248535452728795,0.08830295457202353,-0.006589983624713361,0.010543280776572461,0.999921057593002,-0.0018138159733059923,odom,base_link
1723528424.284377,-25.621226265107108,42.35416084544971,0.09853454725374733,-0.0073166411027319215,0.011382116800222556,0.9998938864437165,-0.005397224527510839,odom,base_link
1723528424.4508815,-26.06625670882059,42.442790198383115,0.10598827641649078,-0.006965662829290781,0.011606875157711286,0.9998608581818983,-0.00974803909408317,odom,base_link
1723528424.617407,-26.514623224652972,42.54651928926019,0.09543325548141035,-0.0062044015466614045,0.013288943648541437,0.9997827906859553,-0.014808133790492114,odom,base_link
1723528424.7506354,-26.854109591966857,42.60195922807978,0.11358125307478062,-0.006357897410250169,0.01399317455328329,0.9997037008662796,-0.018875345843357545,odom,base_link
1723528424.8838582,-27.199213784238157,42.665634625177745,0.12966592896787188,-0.00640913581419395,0.013598319897539244,0.9996308720617866,-0.022630251767746468,odom,base_link
1723528425.0503786,-27.636480649711494,42.72116166160041,0.14059422072331507,-0.003873724165256124,0.010909923580743436,0.9995673975338367,-0.027036745661912703,odom,base_link
1723528425.2168913,-28.067369417490852,42.78527136609188,0.15839621600232978,-0.0044143920550331695,0.010597317653890471,0.9994025866350594,-0.03259877035226185,odom,base_link
1723528425.3833945,-28.52327702458571,42.847187893301786,0.1709295166567144,-0.00468515985471114,0.01093292155591868,0.9992046920135794,-0.038059216511061644,odom,base_link
1723528425.5165918,-28.869894474356027,42.88998998297779,0.18969956977087188,-0.0053387724179070825,0.01137488034716129,0.9990260945418803,-0.04229624132893508,odom,base_link
1723528425.649877,-29.231766480851366,42.929954361043286,0.2005699230636353,-0.005163714823063345,0.011458156016758678,0.9988488224375133,-0.04629337560726132,odom,base_link
1723528425.8164778,-29.668103850506718,42.9808052318143,0.2297561379670625,-0.0057972279990175166,0.01206546902222506,0.9985716232023112,-0.05172552503264616,odom,base_link
1723528425.9497533,-30.01215725371592,43.02763806621989,0.2449063991464917,-0.0051099528173853,0.012224358522875014,0.9983054776837481,-0.056662392003267316,odom,base_link
1723528426.1163414,-30.45979852071831,43.07309321008168,0.25667307036009834,-0.004283372986903651,0.011721452527266519,0.9980098652011336,-0.06181075333403798,odom,base_link
1723528426.2829237,-30.894876194666228,43.1023404546291,0.27022060525043323,-0.0028175543800344257,0.010344007637213949,0.9976815408453551,-0.06720569878927654,odom,base_link
1723528426.4161844,-31.260106359251996,43.133345564664076,0.2920694665856671,-0.0032108182117356276,0.011135764703133873,0.9973670683509901,-0.07158642580712674,odom,base_link
1723528426.5827394,-31.69955754022072,43.15020268406238,0.31432540847841706,-0.0029422481755495104,0.01056281290651335,0.9969997901007532,-0.07662368235884884,odom,base_link
1723528426.7159593,-32.056271008638134,43.171598814523065,0.3212965378396331,-0.002315869585346065,0.011096517005340627,0.9966600528141368,-0.08087177000001791,odom,base_link
1723528426.8491735,-32.417304153870845,43.186028650097185,0.33639799134926096,-0.0035277773863188525,0.012080290018738211,0.9962924249706594,-0.08510596527775667,odom,base_link
1723528427.1488855,-33.2341680828969,43.20576264867556,0.3819969153071845,-0.005756435520812176,0.009598210219342696,0.9954283569344393,-0.09485317085623786,odom,base_link
1723528427.315379,-33.69038795196694,43.19995216848982,0.403902340185345,-0.005725965941491476,0.00897354864661629,0.9949530450011576,-0.09977538264345828,odom,base_link
1723528427.4818642,-34.14302581474219,43.193391487647055,0.418972999660675,-0.004373524822984083,0.0094931375529867,0.9944300096045194,-0.10487949569853196,odom,base_link
1723528427.6150856,-34.49728913795035,43.18639789390314,0.4295154132128627,-0.0027937142569050832,0.010539430453893585,0.9940393403160377,-0.10847536803539765,odom,base_link
1723528427.781619,-34.94366602450884,43.18243796858965,0.45538801677175944,-0.0029618991096717912,0.009832900521373356,0.9933547136861909,-0.11463400027228816,odom,base_link
1723528427.9148402,-35.30385312522961,43.155251544669596,0.4676165075361238,-0.003097302785906668,0.00865064861177581,0.9928227369205919,-0.11924171269968047,odom,base_link
1723528428.0480552,-35.670297535100175,43.126984433210914,0.48128385919352845,-0.00367867118382224,0.007200951896590307,0.9922355097226758,-0.12411005968690146,odom,base_link
1723528428.3477688,-36.49089657513869,43.067931478043135,0.5201561827215457,-0.0035173759059333046,0.008078962231856886,0.9904053104141524,-0.13791185423827576,odom,base_link
1723528428.5142634,-36.95251655760178,43.02158023246791,0.5374936792779803,-0.0025589664015989687,0.009343278956896671,0.9891023006962926,-0.14691083549755624,odom,base_link
1723528428.647488,-37.318285677525466,42.963218417919734,0.552167253237785,-0.0020787512296800066,0.008683639457300836,0.9879245483695609,-0.15467824645986827,odom,base_link
1723528428.91392,-38.02523728145745,42.84073152298954,0.5811503089491434,0.00030623489883953726,0.007669106093353363,0.9848184401118352,-0.17341779334199608,odom,base_link
1723528429.0471272,-38.37999453604721,42.76818587413988,0.6103102377619598,0.0011866868908406605,0.00794149188382726,0.9829743255768909,-0.1835674255894509,odom,base_link
1723528429.1803284,-38.82271873198253,42.697958063529796,0.6198990916513993,0.001898666003427126,0.008471775264246155,0.9806524407429525,-0.19556434888846605,odom,base_link
1723528429.313524,-39.17214996069693,42.603831490955,0.6422747061602931,0.0015928996470066762,0.007631341662957788,0.9782415965661136,-0.20732246391290798,odom,base_link
1723528429.4800107,-39.603811547921495,42.47251358676011,0.6695788446881326,0.002155158732862431,0.00538044097460342,0.9747782687055379,-0.22310027567259832,odom,base_link
1723528429.613259,-39.930983245397144,42.34732612786866,0.6875309231983968,0.002506049903835634,0.004010787495452682,0.9717757033684535,-0.23585931323628737,odom,base_link
1723528429.7809777,-40.35556721924033,42.19721043904282,0.7158631459581073,0.0012633946441103232,0.004929090606612812,0.967466069856373,-0.25294962260582377,odom,base_link
1723528429.9151735,-40.71476582256197,42.064042017287875,0.7392045505988432,0.001090375163511712,0.005259957945798753,0.9636778377671922,-0.2670134246077534,odom,base_link
1723528430.0493877,-41.04068724879741,41.913688015164226,0.7537612700550256,0.0019520359654604175,0.0036880657184618854,0.9597934462932566,-0.28067619809908984,odom,base_link
1723528430.1836202,-41.36566246078209,41.75928977298483,0.7807475978769329,0.0018436431540224934,0.00025880502361335403,0.9554981324598104,-0.29499127591455143,odom,base_link
1723528430.4521394,-41.97360457485665,41.425094565654916,0.8208990066337931,0.002361998906419001,0.0001209350282882751,0.946653952697406,-0.3222432313924722,odom,base_link
1723528430.619998,-42.35152375750387,41.201269737185804,0.8400567754508799,0.0032562810682813382,0.0010958328210737356,0.9405510187486759,-0.3396350643188371,odom,base_link
1723528430.7870984,-42.718692688580305,40.95887588038849,0.8683711980989728,0.004219044142434495,0.0002298737438311729,0.9343572299861772,-0.3563126626954816,odom,base_link
1723528430.9559715,-43.069373716015434,40.70726736287003,0.8904856971373134,0.005130317809565113,-0.0007731808350185869,0.9278691474055107,-0.3728698530634244,odom,base_link
1723528431.0911374,-43.361590790881294,40.48176250657117,0.9094715795189761,0.006112683087366917,-0.002171925127064895,0.9224249871906277,-0.38612182125993094,odom,base_link
1723528431.2939994,-43.76804995503228,40.15517835417857,0.9455116084157631,0.0065803455005909225,-0.004364396969390763,0.9143277618665008,-0.40489800564139844,odom,base_link
1723528431.4631546,-44.088964528864224,39.86935947783494,0.9655893314186332,0.0071661992997598244,-0.006517926839733833,0.9082992257740259,-0.41820889358741925,odom,base_link
1723528431.6324046,-44.43293244095602,39.57415849195519,0.9955483771474356,0.005387447013643852,-0.006579998401849887,0.9026201959947513,-0.4303538785907519,odom,base_link
1723528431.7678645,-44.68949528238939,39.340764271780316,1.01847260945278,0.005541120503383002,-0.006707907266820798,0.8986625077310807,-0.43855444036305463,odom,base_link
1723528431.9343123,-45.01274247008406,39.034458234969264,1.0447061587741555,0.0064466937210760624,-0.007415937554885308,0.8939701515720491,-0.4480187631210286,odom,base_link
1723528432.1007488,-45.31668357547804,38.73339615078206,1.0739561790779295,0.007765902075146222,-0.009404216866343419,0.8899789580714167,-0.45583846443691595,odom,base_link
1723528432.2671719,-45.63865664991843,38.4038615462434,1.0919662632008633,0.007876166322689738,-0.010844151983087427,0.8869080758271123,-0.4617514866294145,odom,base_link
1723528432.4003017,-45.8832179555442,38.14854650480507,1.1227010084225288,0.008278694417011132,-0.013335907153883043,0.885991345667955,-0.46343602816421064,odom,base_link
1723528432.533424,-46.14534456149329,37.89547553740065,1.1476258062142828,0.008698090289658986,-0.013361487539932847,0.8851864809340683,-0.4649631252557494,odom,base_link
1723528432.8329496,-46.72065126288878,37.318392922559674,1.1942208172139093,0.00753505715887835,-0.011182147640920116,0.8830777855268498,-0.46903284234341647,odom,base_link
1723528432.9661024,-46.98216182795221,37.055115712796095,1.2116643764603332,0.008187959944428143,-0.010727288289256781,0.8818708094782566,-0.47129795033298416,odom,base_link
1723528433.0992465,-47.24325962242912,36.786938155446606,1.2298440494393297,0.008778317071136368,-0.01169938028814621,0.8805186021181621,-0.47378587671452344,odom,base_link
1723528433.232383,-47.48366197831494,36.5398919950811,1.2627313780352025,0.008403069952673389,-0.012806283794809163,0.8793578046889121,-0.47591515929147976,odom,base_link
1723528433.3987918,-47.80981873206207,36.20498571805352,1.2925861110606778,0.007444052766660159,-0.012636659547913074,0.8773275219192999,-0.4796679270045245,odom,base_link
1723528433.53191,-48.06992769135475,35.93594705869055,1.3113679768531636,0.007962217298769489,-0.012104383822873304,0.875957402202196,-0.4821708374789332,odom,base_link
1723528433.6650202,-48.32509292932991,35.65773849313825,1.3456580970601906,0.007641174167490309,-0.011438871726510867,0.8745922457672053,-0.48466397464103217,odom,base_link
1723528433.79814,-48.58879739304233,35.38172378801624,1.3644237664800765,0.007413810380046112,-0.011947142279529158,0.8729430256891721,-0.4876194982849175,odom,base_link
1723528433.9312978,-48.851514202818265,35.0933929708803,1.3864122338213403,0.006829489636386352,-0.012358667828440166,0.8714336937477594,-0.4903100435458662,odom,base_link
1723528434.3972907,-49.79076235517664,34.060109438813384,1.4661656997933126,-0.008374058489006636,0.010997409087167403,-0.8658503214296822,0.5001121404424294,odom,base_link
1723528434.5636947,-50.12671802419278,33.674241628524534,1.4997119652955144,-0.00970906639786328,0.011319217873443624,-0.8644206962749399,0.502547977001165,odom,base_link
1723528434.6968088,-50.39114945290595,33.34504835777616,1.5106936808897824,-0.011040854730944662,0.012122054685534251,-0.8639500657859355,0.5033104798685291,odom,base_link
1723528434.8633177,-50.73167622386397,32.93504361014768,1.53557676009978,-0.011513453443138501,0.012989404274416388,-0.8641203499183397,0.5029858214934242,odom,base_link
1723528435.0299046,-51.0858509108633,32.54251449624688,1.570513416141271,-0.011631857314763093,0.013098263895135825,-0.8646453189106066,0.5020772927192764,odom,base_link
1723528435.229804,-51.491079309519435,32.07329357227997,1.6070960956666467,-0.011431244138168638,0.01375746345952327,-0.8656928794162214,0.5002558319346865,odom,base_link
1723528435.3630674,-51.77484300818715,31.768318419034287,1.6312615940724273,0.010990365927121278,-0.01410470351720437,0.866347625274615,-0.49912128924392246,odom,base_link
1723528435.529643,-52.1243245195495,31.38862347900274,1.678499192727412,0.009227552163353928,-0.014118020384292282,0.8671909806954454,-0.49769000068513825,odom,base_link
1723528435.6962163,-52.470953587124626,30.997548102151654,1.6979057805638293,0.00890171984969259,-0.014098662276370392,0.868003439128156,-0.4962781647094984,odom,base_link
1723528435.8627307,-52.844243376028246,30.597843524937872,1.7325833714976933,0.010083868637736974,-0.014900021450295948,0.8688167259390002,-0.4948068326960671,odom,base_link
1723528436.1290736,-53.45787552248521,29.935228231652374,1.7809254838511477,0.008534277576837552,-0.014822741424610214,0.8695733596379931,-0.4935074717274242,odom,base_link
1723528436.2622342,-53.752543777563204,29.612420402039255,1.8128211456331613,0.007875728074906647,-0.015347930795412988,0.8702251796527296,-0.4923520596341238,odom,base_link
1723528436.3953874,-54.04610081714567,29.283998668348346,1.840598406910795,0.007534417619988313,-0.015606607692851746,0.8709726489654117,-0.4910257743760736,odom,base_link
1723528436.595104,-54.50220644373778,28.813397825807478,1.8732771743972816,0.005591062654098198,-0.015938561854233597,0.871369413548542,-0.4903366673995395,odom,base_link
1723528436.7282395,-54.8192189468613,28.482483634839348,1.9064246070006237,0.005983779019340872,-0.015807119188741618,0.8717937885097291,-0.48958137187545675,odom,base_link
1723528436.8614204,-55.14309120658477,28.13737381747446,1.9325032984370705,0.0062653697660153915,-0.016664245862734097,0.87211390714626,-0.48897891673732313,odom,base_link
1723528436.9946105,-55.46471288168483,27.791446168256407,1.9569997221169804,0.004714623404202974,-0.01671208780447886,0.8724064874710123,-0.48847251618270426,odom,base_link
1723528437.1610897,-55.843803971423384,27.371330531069496,1.9868579406714335,0.004819270189414171,-0.01735989380901702,0.8729140572035661,-0.4875412366745918,odom,base_link
1723528437.294265,-56.1644153988381,27.030662182738567,2.0111597797864693,0.0047568343121613885,-0.01706643822405158,0.873252039362535,-0.48694659354270553,odom,base_link
1723528437.4607244,-56.55833550614176,26.61162412680647,2.0388919418572256,0.007300142464806418,-0.015429185623088836,0.8736706359953827,-0.4862183336222786,odom,base_link
1723528437.5938847,-56.90216785384369,26.270154087750345,2.072925761562014,0.008388620189814998,-0.014077009380884393,0.8733276538896583,-0.4868575539208431,odom,base_link
1723528437.7603273,-57.28657751007671,25.88568957791248,2.127576730145279,0.01435187172753326,-0.011165338761777412,0.8738622523881819,-0.4858334311667989,odom,base_link
1723528437.926814,-57.6964123105616,25.45242348148825,2.165590128766147,0.022761262440980735,-0.00834054672923196,0.8734530383042278,-0.48630458571708274,odom,base_link
1723528438.093291,-58.05979923725867,25.055803256583154,2.233821346365743,0.02950400775871398,-0.004358795572449564,0.8735739657885971,-0.48577673958693657,odom,base_link
1723528438.2597558,-58.43043313190445,24.65754036945241,2.280122268754945,0.03515392779852507,-0.0029239349906042484,0.8731168388176073,-0.4862331104908997,odom,base_link
1723528438.3929207,-58.722235147408284,24.341831236824426,2.3302431245050625,0.03899721111897705,-0.0017315802628521811,0.8728012059536956,-0.4865123575414194,odom,base_link
1723528438.5593674,-59.091990524937756,23.966580775798164,2.4024581251389288,0.04016112155071872,-0.0011653912129008966,0.872148074524491,-0.4875894402900174,odom,base_link
1723528438.7258022,-59.45654744123232,23.586861577700624,2.469872118301512,0.04177087725893638,-0.0023028031217217503,0.8716722567333933,-0.4883004891991351,odom,base_link
1723528438.8922832,-59.79264727076982,23.22871123166467,2.528787452309304,0.042611969954968104,-0.0027704771376671545,0.871578063158036,-0.48839351377211515,odom,base_link
1723528439.02547,-60.06398259123614,22.935684575491155,2.585201735969873,0.04004100812466575,-0.0038078969024541017,0.8712276117261522,-0.489228644046407,odom,base_link
1723528439.2918224,-60.56884084439571,22.37032224887398,2.6749086113551908,0.03868480686256183,-0.006338160808349608,0.8713674641410022,-0.48906242533244493,odom,base_link
1723528439.4582784,-60.87512137023758,22.04633721388484,2.72570375695114,0.040177523265594484,-0.00651023356226695,0.8708801163529726,-0.4898073156091489,odom,base_link
1723528439.6247241,-61.190290191322234,21.714039106529913,2.7838847769760697,0.039180787379364916,-0.005846509938304598,0.87052434172573,-0.49052834238691934,odom,base_link
1723528439.7578735,-61.44199065207471,21.448882910032328,2.8166204432120177,0.03887941284432813,-0.006069457661083882,0.8700816785779156,-0.49133433173717606,odom,base_link
1723528439.8911297,-61.6678136870846,21.19255075574215,2.853156776956985,0.039210425531234605,-0.005614367739546685,0.8696868853456354,-0.4920119336584757,odom,base_link
1723528440.0576916,-61.94678613748614,20.884919934594784,2.914992383487176,0.03904927089112453,-0.0043919024035783015,0.8691040997058355,-0.4930658470332925,odom,base_link
1723528440.2242465,-62.21894405290416,20.56343817625535,2.9602285652424642,0.039995637529123676,-0.005415220840601368,0.8679791959498421,-0.4949577151233753,odom,base_link
1723528440.357484,-62.42898112673254,20.32330742955514,2.9951870383697905,0.040203626372319744,-0.00712447453752997,0.8674011882312758,-0.4959315365491994,odom,base_link
1723528440.4907165,-62.644563155010616,20.074859892016885,3.0296764168827535,0.038637169461720564,-0.008502504972025576,0.8665368325246273,-0.49754275637715106,odom,base_link
1723528440.623943,-62.85305789515708,19.824789949679943,3.0576322793434816,0.03597576292727594,-0.008702779196663832,0.8660095455481448,-0.4986556659013816,odom,base_link
1723528440.7571654,-63.07916089162562,19.59346111516389,3.093737801852164,-0.029664936061907902,0.009429318640273417,-0.8649050716524185,0.5009693568955573,odom,base_link
1723528441.0568764,-63.52860536937129,19.05669005016295,3.1582306216467684,-0.017736264026757726,0.014970392887985434,-0.8638664456622119,0.5031859262082846,odom,base_link
1723528441.190071,-63.74127735595876,18.784889300520216,3.199096769988903,-0.01467929792060885,0.017874451952067577,-0.8631623856110356,0.5043963900011944,odom,base_link
1723528441.323259,-63.95929953576973,18.52239036175829,3.22150880444765,-0.01199117321143224,0.019456682225408188,-0.8626664760368001,0.5052565688875723,odom,base_link
1723528441.6229086,-64.45222387438245,17.946265099248684,3.259396607770924,-0.00987095570933538,0.019439419019103236,-0.86068034848195,0.5086786912763038,odom,base_link
1723528441.7560754,-64.6703828509005,17.686425911741516,3.2840512133592634,-0.01040861275828133,0.019498507322306662,-0.8597618823793878,0.5102165957709548,odom,base_link
1723528441.8893144,-64.86317130790196,17.443507560239553,3.300557962112734,-0.011275461458889843,0.020341939143873517,-0.8594369874812156,0.5107123789668399,odom,base_link
1723528442.0225484,-65.08086176587335,17.191953929624933,3.31961885706931,-0.009968444498701897,0.02087178447788434,-0.8582164276826592,0.5127665765068937,odom,base_link
1723528442.1557772,-65.30369577734645,16.905014187044806,3.3348751281360283,-0.009726041571747293,0.02171265400694768,-0.8574405014164767,0.5140328309573042,odom,base_link
1723528442.2890007,-65.53756675371076,16.615392334548822,3.350822070518303,-0.00945788209815206,0.022216891635488005,-0.8563667143456891,0.5158032655509688,odom,base_link
1723528442.4555228,-65.83167242175269,16.26096768332477,3.380959562734506,-0.008859335341778508,0.022378358556495618,-0.8552093147714241,0.51772362238342,odom,base_link
1723528442.622038,-66.13797110712414,15.880957453354704,3.4059909091597307,-0.007852586030872908,0.02331195057603333,-0.8535354766882732,0.5204537250202854,odom,base_link
1723528442.755244,-66.34362394202851,15.568740735578753,3.429227599499181,-0.009051324606508466,0.024837969049736276,-0.8526207766464098,0.5218610543499342,odom,base_link
1723528442.888437,-66.59956765078938,15.245431927463972,3.4429661603735013,-0.010100157494400379,0.02535836996213892,-0.851411500098572,0.5237875498628723,odom,base_link
1723528443.1548016,-67.08823890946145,14.693498976197912,3.471728920740575,-0.009342250130185954,0.025726999816166184,-0.8482742479909336,0.5288493585496538,odom,base_link
1723528443.287973,-67.3190386038126,14.407562657468645,3.491254300066993,-0.010267285787379598,0.02136198317171163,-0.8473658982422375,0.5304802380990814,odom,base_link
1723528443.4544265,-67.5362957670081,14.068684431562058,3.5298178606751653,-0.012308746508791994,0.01648343864384272,-0.8462536669698859,0.5323828717660614,odom,base_link
1723528443.6208699,-67.90158403206549,13.61346999835548,3.5963425237363564,-0.01462116582311153,0.017102869472537235,-0.8441468155883479,0.5356396802868794,odom,base_link
1723528443.7540166,-68.22979483695353,13.126431710041512,3.6295964455319396,-0.01797066203481916,0.01897182545791643,-0.842602046761222,0.5379023293671669,odom,base_link
1723528443.8871863,-68.48693762025424,12.78223810760581,3.6212422708105745,-0.017544461589433544,0.016461705564610983,-0.8406339566011041,0.5410690853547394,odom,base_link
1723528444.0536375,-68.73355361592013,12.405921207628836,3.6573205506092847,-0.015759445431240776,0.011672961765979633,-0.8389547003369173,0.5438477660392685,odom,base_link
1723528444.2200775,-69.02533885559644,12.013254221965639,3.693828417328013,-0.014961348828908152,0.009303386615671455,-0.837099816073277,0.5467664062182175,odom,base_link
1723528444.3532205,-69.26449089051538,11.689214187226241,3.7273129823051443,-0.015252364396613828,0.011119743127323948,-0.8358983909928517,0.5485595652512651,odom,base_link
1723528444.5196383,-69.53051265354085,11.277035685648556,3.7602984341381056,-0.015536940804892537,0.014019466171578187,-0.8342342165414408,0.5510130034674118,odom,base_link
1723528444.7858956,-69.95294998657387,10.697440074943454,3.8209060993892727,-0.015602318901279466,0.01353515485041439,-0.8326413992576287,0.5534272015996109,odom,base_link
1723528444.9523456,-70.1769428829042,10.320560279701448,3.860993625896608,-0.012647172395609807,0.01224590317934097,-0.8317355837424996,0.5548927875024523,odom,base_link
1723528445.1187823,-70.45215333148055,9.96114393188671,3.8945484620317306,-0.012662204265646786,0.012284315146842733,-0.8306252213063761,0.5565523388812968,odom,base_link
1723528445.2519228,-70.66739206476831,9.637645721052781,3.9206602697322834,-0.011395943199597762,0.015149325145113492,-0.8298559411185268,0.5576555813551259,odom,base_link
1723528445.4183378,-70.9021058476864,9.278326124915225,3.9324645441576562,-0.009665845895089195,0.016914809487224746,-0.8286245843393202,0.5594656011513419,odom,base_link
1723528445.5847394,-71.13761795862277,8.954041383111141,3.9500327074698456,-0.00903037969534758,0.015359180993068195,-0.826957054655364,0.5619827199812335,odom,base_link
1723528445.7178524,-71.31682971820106,8.661589882568267,3.9725546242985867,-0.00983360059408314,0.015326059805420855,-0.8262345650417071,0.563031842545817,odom,base_link
1723528445.8512871,-71.51912973262857,8.34623799821579,3.9931093036074383,-0.009236552875796151,0.01571447956269001,-0.8251878477425116,0.5645642188105156,odom,base_link
1723528445.9850101,-71.709051775253,8.033636006810541,4.012407175132479,-0.009567151339018178,0.01609989323073975,-0.8242729041873186,0.5658828875976183,odom,base_link
1723528446.1187527,-71.90911959604152,7.751899714308758,4.02606672582129,-0.009351597835240377,0.015176518088423518,-0.8231335580295271,0.5675679400409179,odom,base_link
1723528446.2525153,-72.09980574273796,7.444642341427787,4.053727509000697,-0.0091038845582432,0.014244551853212462,-0.8219851024728498,0.569258028789362,odom,base_link
1723528446.3862982,-72.31141490169755,7.125895425755697,4.056810753703374,-0.009641357048938919,0.014089481647737215,-0.8207189042245634,0.571077062216287,odom,base_link
1723528446.5870097,-72.56955165291977,6.724155989521952,4.089988424788275,-0.010556037325032594,0.015271023384183843,-0.8193076393239327,0.5730535385688119,odom,base_link
1723528446.9216874,-73.08804862210621,5.909020408331321,4.1604080113522794,-0.009493336918547361,0.014525245643585562,-0.8166303181851354,0.5769001795926131,odom,base_link
1723528447.0556395,-73.30211648471335,5.5820796517557945,4.173567746666397,-0.01036585016749754,0.014233801288768493,-0.8154733818503997,0.5785266731488266,odom,base_link
1723528447.2231205,-73.54009294758778,5.196619683634129,4.198629720010848,-0.010695982311632525,0.01457197791274881,-0.8137224563373993,0.580972475659845,odom,base_link
1723528447.390645,-73.78699235001208,4.758099407152427,4.237712055653651,-0.00844535744947347,0.0149072269097149,-0.8122312938724738,0.5830838496971599,odom,base_link
1723528447.5582154,-74.00487370877093,4.339633581877774,4.265721697157093,-0.008176238580767596,0.015481060063445476,-0.8112992179803309,0.5843689457923702,odom,base_link
1723528447.6923032,-74.20159103286147,4.020320424129624,4.281653236005391,-0.008687969042154913,0.01565152438422651,-0.8103348300302665,0.585693616337238,odom,base_link
1723528447.8262308,-74.38224811212199,3.6507336753951787,4.296359602999063,-0.008837900911636163,0.015458312960922245,-0.8099724001488245,0.5861976143460761,odom,base_link
1723528447.959613,-74.57302140359356,3.3148159236868295,4.324944711267034,-0.009087028572611995,0.01591540179796013,-0.8099748675168619,0.5861781639470819,odom,base_link
1723528448.092995,-74.7786050207668,2.9882359804987857,4.340763463492403,-0.009779650562625228,0.01575677467302164,-0.8099427481350885,0.586215683200439,odom,base_link
1723528448.2263768,-74.96538065454142,2.643963622310726,4.360536687650916,-0.01006804902992246,0.01587368562329076,-0.8105767489451301,0.5853306711278741,odom,base_link
1723528448.3931031,-75.20874791958994,2.1787413493487024,4.4028367609841075,-0.009569309910795467,0.017141233737296674,-0.8110696592119964,0.5846200597991235,odom,base_link
1723528448.5264845,-75.41247059461362,1.8535152025567934,4.428329468931042,-0.009945797874504633,0.017350004402676426,-0.8112710262451482,0.5843281444762101,odom,base_link
1723528448.693211,-75.64872986534739,1.4412878667187465,4.44884838465455,-0.00954501835754924,0.017402504562617865,-0.8119240206785203,0.583425599459544,odom,base_link
1723528448.8265955,-75.85376356741699,1.1160517987845173,4.472796315642225,-0.010344007094202837,0.01806168025984287,-0.8122189397246982,0.5829812785809794,odom,base_link
1723528448.994359,-76.10106394287344,0.6999565370762424,4.497536651104914,-0.010109351602947117,0.01820751469113705,-0.8127463765041113,0.5822453219205608,odom,base_link
1723528449.1285932,-76.29347969976534,0.3318776546299027,4.50398615760388,-0.010264618006951198,0.01695206310286696,-0.8128727112427984,0.5821041319991723,odom,base_link
1723528449.2628484,-76.48725879549215,-0.009075700613269788,4.5219141317555405,-0.010717991003214362,0.016769907177400758,-0.8135977676830112,0.5810874007439306,odom,base_link
1723528449.5649986,-76.94923158713969,-0.7641495942397958,4.565618492341262,-0.008926204128549145,0.015918682364609384,-0.8146217253945128,0.5797054104861341,odom,base_link
1723528449.6993208,-77.14034981069375,-1.103822882531678,4.600830608896382,-0.009235714096598147,0.016466530008893154,-0.815329027853913,0.578690013144676,odom,base_link
1723528449.8336604,-77.34303200741662,-1.445300961036851,4.622814748173074,-0.011264436341425495,0.01738454812052497,-0.8158096646401514,0.5779493758455657,odom,base_link
1723528450.166856,-77.79489389112847,-2.2143197621920137,4.668198082833401,-0.011115770809043895,0.012707192338115438,-0.8156580612597741,0.5782878988913305,odom,base_link
1723528450.3334444,-78.07807586589426,-2.6638021790663284,4.723380174836505,-0.011706874018021018,0.015366606106102087,-0.8162388439635183,0.5773915189216114,odom,base_link
1723528450.666604,-78.68531693074259,-3.6061743333161607,4.781300045997449,-0.010577558581663966,0.018243432041874806,-0.8146302149111736,0.5795971923634209,odom,base_link
1723528450.7998614,-78.88549887982887,-3.945342139222616,4.812344955429546,-0.009505750397630458,0.016638497362676585,-0.8143723159210438,0.5800263202444232,odom,base_link
1723528450.9664738,-79.14589520025729,-4.413455630954095,4.835102796196613,-0.010702191634662484,0.016366066067359606,-0.8137115980480782,0.5809397990994735,odom,base_link
1723528451.2330596,-79.52436548193407,-5.099001805847706,4.89436963356377,-0.013172842166808816,0.019388926194912552,-0.8126331708597356,0.582303937294527,odom,base_link
1723528451.3663476,-79.74013252885642,-5.435621379757578,4.908469557542343,-0.013738721991804398,0.01872519718718737,-0.8117005034226807,0.5836119492022929,odom,base_link
1723528451.5329518,-79.99007340601082,-5.8872546839793465,4.939049554337295,-0.012102573954953287,0.019398299697751982,-0.8112078545723697,0.5843107481063432,odom,base_link
1723528451.7328713,-80.29845223540843,-6.429208203126834,4.97662139245115,-0.010162082203989554,0.022205235392433752,-0.809900691167104,0.5860584698248915,odom,base_link
1723528451.8661547,-80.51063220604895,-6.783144476397261,4.992646826903524,-0.00880212903555298,0.022223649154004214,-0.8090253514677035,0.5872875042304918,odom,base_link
1723528451.9994552,-80.72252596114657,-7.136101158821706,5.001087021983572,-0.00826662297121638,0.02240333532373398,-0.8082707851283855,0.5883265176914664,odom,base_link
1723528452.1660771,-80.96468321023298,-7.563244527439323,5.0201181627539615,-0.007476095999762755,0.020143129444937635,-0.8073454854467378,0.5896877389377689,odom,base_link
1723528452.3326929,-81.18639603137738,-7.979218706535736,5.044640994690054,-0.00865106456327473,0.01938517192566964,-0.8067944594821524,0.5904507382840976,odom,base_link
1723528452.4993045,-81.42062914180642,-8.40309097677897,5.072736350158551,-0.010362718901975388,0.01967458431030603,-0.8060870501011443,0.5913790598663524,odom,base_link
1723528452.7991915,-81.84025070154343,-9.178998973839587,5.1188128191451465,-0.009871571849196284,0.020307559778788016,-0.8037755299599423,0.5945040391138409,odom,base_link
1723528452.9325109,-82.03904899266945,-9.516079828616615,5.137446968790378,-0.010442221402874957,0.017594713297126162,-0.8023455153467097,0.5965090611878313,odom,base_link
1723528453.0657887,-82.20555671117293,-9.834250689156498,5.168510328009804,-0.010615926227717749,0.01739907844083493,-0.8013597422313972,0.5978353767640101,odom,base_link
1723528453.199063,-82.36767303876552,-10.189706589551506,5.182616990089688,-0.00888101278425591,0.01705162576184105,-0.7995484858328517,0.6002937518192223,odom,base_link
1723528453.3323338,-82.53878375648215,-10.517731612218068,5.207997461648895,-0.010767660627721456,0.017979674938654905,-0.7982296580803957,0.6019885395375575,odom,base_link
1723528453.4989173,-82.7575298203111,-10.93784485623658,5.2217666007172605,-0.011017929924328398,0.017713327635745027,-0.7952706362364453,0.605895583730671,odom,base_link
1723528453.6321795,-82.91774093524621,-11.263322113420879,5.259522052497619,-0.010724106999421895,0.017570451562405096,-0.7927723922122404,0.6091700968588658,odom,base_link
1723528453.7654378,-83.07655093933528,-11.593347898535168,5.270804582990468,-0.011272454970572927,0.017489241069640643,-0.7896611417287223,0.6131902962779463,odom,base_link
1723528453.9320316,-83.23163935498529,-12.009808431128915,5.294293034648151,-0.013047058124499702,0.017736665745907182,-0.7866216855161274,0.6170425502656044,odom,base_link
1723528454.098659,-83.41794322474348,-12.41189288788638,5.311987857445926,-0.013398277900456798,0.017181040032935427,-0.7822670431474497,0.6225621022982645,odom,base_link
1723528454.2319567,-83.56579393868314,-12.731728457143543,5.335123063003757,-0.012329746646172726,0.017365600053781637,-0.7792096171587302,0.6264014573815728,odom,base_link
1723528454.3985746,-83.717467821163,-13.138993433092118,5.362849114124508,-0.01233237512261167,0.0171465127366669,-0.7753420925289642,0.6311882042446718,odom,base_link
1723528454.5318654,-83.85078193321824,-13.467659662698974,5.390964216671191,-0.011776008779210425,0.01708128498416768,-0.7722845912683084,0.6349378437375294,odom,base_link
1723528454.698475,-84.01177804796372,-13.852569033309036,5.39325654751646,-0.0113856566209037,0.01833539136473722,-0.7682245150885756,0.6398165945517008,odom,base_link
1723528454.8650792,-84.15514332340217,-14.302310429012783,5.4306926606206805,-0.009844566372974956,0.01864453339828086,-0.7648823188341919,0.6438249018344336,odom,base_link
1723528455.0649967,-84.33575369333359,-14.782246230458632,5.455026509296676,-0.009851325681812009,0.01886100773820129,-0.7598913075695415,0.649701788861369,odom,base_link
1723528455.1982703,-84.4321009763979,-15.116095039293526,5.474684356725603,-0.009746313354886172,0.017915160199192863,-0.7568299402842494,0.6532935771154994,odom,base_link
1723528455.3648577,-84.60294069891901,-15.529317106063036,5.522626494510986,-0.011454463638033272,0.018759226475257906,-0.7524398294234087,0.6582941514111202,odom,base_link
1723528455.5314384,-84.76813153400283,-15.958300996497131,5.535680013999898,-0.013336494922287119,0.019034646118783635,-0.7480659975168328,0.6632172219638648,odom,base_link
1723528455.6980143,-84.89981158532215,-16.3665025463911,5.561409390138532,-0.013994495002141605,0.020399471875857632,-0.7434522646463525,0.6683313144309722,odom,base_link
1723528455.8312702,-84.99621096417408,-16.719439886186258,5.564077407379956,-0.01575016257915921,0.020992325408363526,-0.7401109381864565,0.6719725097274758,odom,base_link
1723528455.997903,-85.0888358500075,-17.132790308064138,5.598783802062131,-0.016167034613661323,0.02183204396440431,-0.7363561682892141,0.6760485058563205,odom,base_link
1723528456.16455,-85.21628467498527,-17.576843943510745,5.617941523426936,-0.015682826708314113,0.023060319748603945,-0.7312325175245938,0.6815579769279897,odom,base_link
1723528456.2978654,-85.26590338599404,-17.901719788423023,5.643942091271141,-0.01495823426633036,0.024056155122501748,-0.7288166664527483,0.6841226639492798,odom,base_link
1723528456.4645061,-85.38947089101613,-18.344000498361012,5.665319214216209,-0.012810108740984153,0.024359764535461667,-0.724369915899943,0.688861907732552,odom,base_link
1723528456.5978174,-85.46105208722565,-18.689459956157663,5.68491494159462,-0.011483737971149186,0.025164730697205307,-0.7211967302021441,0.692177821399157,odom,base_link
1723528456.731127,-85.53245085713475,-19.037366923659583,5.717305721306397,-0.010705209258891152,0.0264127858630835,-0.7180623537250522,0.6953950096172049,odom,base_link
1723528457.0310621,-85.70305187443822,-19.84235987039727,5.717006962937496,-0.011030090761767952,0.026778426635810433,-0.7094335256287967,0.7041770556320287,odom,base_link
1723528457.16436,-85.76276089338259,-20.19657990228723,5.722869550644153,-0.01036678523247816,0.02582518910685716,-0.706124811466225,0.7075403451417642,odom,base_link
1723528457.2976556,-85.83426710177756,-20.57516910104257,5.746477950744787,-0.00997187185120835,0.025636987594642686,-0.7019422115590814,0.711702492808899,odom,base_link
1723528457.4309483,-85.90355127988724,-20.957607794390697,5.771325936351183,-0.009688072130852585,0.025569396498031742,-0.6978929213667998,0.7156799686502533,odom,base_link
1723528457.5642383,-85.96540908970981,-21.31635882959752,5.795180163877373,-0.009104831181858135,0.025844914700458466,-0.6936734935414447,0.7197681757283265,odom,base_link
1723528457.7641683,-86.04701662291643,-21.910538042584758,5.815748923652437,-0.011271087242148259,0.02456523944339365,-0.6882074474312184,0.7250103591699057,odom,base_link
1723528457.9307864,-86.10048032818995,-22.388043635083022,5.828643483546709,-0.013129090274951337,0.02584554219902915,-0.6831436874216883,0.7297083919435828,odom,base_link
1723528458.2307298,-86.17170430314727,-23.210674791502335,5.862997960721163,-0.01487146628126491,0.02634689721436611,-0.6742876266546896,0.7378488171964547,odom,base_link
1723528458.4306848,-86.20159474031577,-23.75798252878702,5.888167599251519,-0.014894202171191437,0.027658461195689037,-0.6683732054832049,0.7431624522660414,odom,base_link
1723528458.5639853,-86.23114980866008,-24.132192789394686,5.911223853158161,-0.015333695182022506,0.028379632094442102,-0.6638071236030977,0.7472078538987867,odom,base_link
1723528458.730607,-86.25325584412276,-24.62081432846322,5.9279743434734415,-0.01538978226180547,0.030177513459003873,-0.6585951122502586,0.7517346276469079,odom,base_link
1723528458.8972452,-86.25547027395062,-25.086412521214267,5.9540299811551165,-0.01370187404947115,0.03155020070023249,-0.653736009033751,0.7559405227767136,odom,base_link
1723528459.0312977,-86.27375615987033,-25.48824736306951,5.964921832559735,-0.01267544635748486,0.032240284383755216,-0.6495093770123532,0.7595639974982477,odom,base_link
1723528459.1660585,-86.29114005665726,-25.86192340407335,5.974448513322045,-0.013124499579286382,0.0322527445421687,-0.6453194800574946,0.763118782784578,odom,base_link
1723528459.3345563,-86.29483414014692,-26.350382260012797,5.987163070273195,-0.014191628533064429,0.03298205957478092,-0.6405920006999152,0.7670415047864523,odom,base_link
1723528459.536824,-86.30475906890369,-26.931087111658968,6.0035406577907935,-0.014440279275361005,0.03125892764674435,-0.6348862993240448,0.7718379005383479,odom,base_link
1723528459.941586,-86.2812917501489,-28.037416940392184,6.054646368370642,-0.014419884707169834,0.032126753828122606,-0.627531232777308,0.7777946326007215,odom,base_link
1723528460.075445,-86.28556286208857,-28.445875418153502,6.063088940318597,-0.015747971719403106,0.03248844036459122,-0.6267994644474927,0.7783437119921621,odom,base_link
1723528460.2438846,-86.26571581435104,-28.924108721208434,6.074702344881043,-0.016044092617773353,0.033040830661735285,-0.6274470566851615,0.777792441245338,odom,base_link
1723528460.4123728,-86.2860598895795,-29.370581423212883,6.106925677521637,-0.014208803411261208,0.033604631803512024,-0.6278349495826828,0.7774909097278764,odom,base_link
1723528460.5471997,-86.27748185897983,-29.755606305016265,6.107332209437955,-0.014511615435954209,0.03329687742724109,-0.6287356200682089,0.77677039788375,odom,base_link
1723528460.7157786,-86.27038156501848,-30.2130609522699,6.1221707025446115,-0.013833428085697982,0.03382778993689767,-0.6294173435588554,0.7762075267109286,odom,base_link
1723528460.850677,-86.27136358478971,-30.58133665263318,6.134137529195982,-0.01356203443054585,0.0341856263177574,-0.6302517465715333,0.775519277722288,odom,base_link
1723528460.9856071,-86.2650767080062,-30.970640789841482,6.142788657256946,-0.01424322618120395,0.033896034805901386,-0.6310461922499103,0.7748734687542719,odom,base_link
1723528461.1200714,-86.27385020153184,-31.32151917476632,6.155163346020339,-0.014608929948067189,0.034385798158578,-0.6317061013617509,0.7743071726085892,odom,base_link
1723528461.2530668,-86.27420287231666,-31.66352116143402,6.161549024362804,-0.014777494835610926,0.03420317289926235,-0.6322175961540633,0.7738944887535927,odom,base_link
1723528461.3860486,-86.2635621354977,-31.9964806214132,6.170956376935561,-0.014946127397655875,0.034714932269611115,-0.6329982021666535,0.7732300840028883,odom,base_link
1723528461.5190175,-86.27733104332516,-32.354481943512035,6.1925754740716705,-0.015331486571328292,0.034936195109517766,-0.6334311890809307,0.7728579018747892,odom,base_link
1723528461.718445,-86.27965886933734,-32.850391073024426,6.202334666271669,-0.014341429294410459,0.03422457216584143,-0.6347339247494553,0.7718392623066097,odom,base_link
1723528461.8513803,-86.28776351541896,-33.185614522475944,6.216856916494688,-0.014533603528057793,0.033901084894915466,-0.6353139393792865,0.7713726007849961,odom,base_link
1723528462.01753,-86.2974225463546,-33.59841575190883,6.225039118407195,-0.016321902155798138,0.03291377714246353,-0.635913595195828,0.7708853210623157,odom,base_link
1723528462.1837358,-86.29134881574436,-33.977407921149016,6.2493857650666635,-0.016337171407412986,0.031547427113926774,-0.6364404325418892,0.7705072566165678,odom,base_link
1723528462.3499663,-86.30970745668651,-34.387644163035354,6.272089504037697,-0.015796708389951498,0.03218055223276112,-0.6359763114831833,0.7708754810566244,odom,base_link
1723528462.516177,-86.28860757390369,-34.76929088836896,6.275285329941264,-0.01715606929475225,0.02971033564133067,-0.6359587581832666,0.7709600658480508,odom,base_link
1723528462.8153033,-86.30220619753261,-35.48286198174489,6.295577774352234,-0.014643597756540585,0.030872578256894302,-0.6323796522798641,0.7739046610138194,odom,base_link
1723528462.9482272,-86.29803549565734,-35.784689170427924,6.300690650849178,-0.012606219945280188,0.03277045165773539,-0.6309874125806043,0.7749981070181228,odom,base_link
1723528463.1143992,-86.28364261825591,-36.152694034461845,6.308775252143915,-0.011611064277316228,0.033460638418188735,-0.6274839144977303,0.7778235699113266,odom,base_link
1723528463.2474256,-86.27072083223531,-36.451155316545304,6.311445979252569,-0.013341233760464012,0.03472131612125656,-0.623975674708436,0.7805580049302605,odom,base_link
1723528463.3804402,-86.26184980145545,-36.737820464925015,6.327805700395116,-0.014787025059672106,0.035347145683232786,-0.6203033488490424,0.7834256050121137,odom,base_link
1723528463.5134432,-86.25083834735793,-37.01046683049996,6.342318538017258,-0.013994800403179193,0.03378545993667061,-0.6167936936646476,0.7862749059419764,odom,base_link
1723528463.7129252,-86.23166219949351,-37.426311589273226,6.345359560688311,-0.013399435951098462,0.028823782922865842,-0.6105288021055905,0.7913559416935724,odom,base_link
1723528463.8458982,-86.20124443694733,-37.696614036945135,6.35734331069575,-0.013590244060896029,0.02841533751135173,-0.605485693410616,0.7952326382484227,odom,base_link
1723528464.0453358,-86.1398275549049,-38.115184437906436,6.363487347497333,-0.013564332139733255,0.029409863384452405,-0.5996149938161913,0.7996329958300369,odom,base_link
1723528464.1786392,-86.09939551615193,-38.384518075124404,6.374010219849143,-0.014668877929993418,0.03279183982284544,-0.5949329124689781,0.8029721968552131,odom,base_link
1723528464.311954,-86.05962632803873,-38.66633456592654,6.381108373047425,-0.014327234857378194,0.03435637007639494,-0.5899300826380576,0.8065958515732461,odom,base_link
1723528464.4452639,-86.01923167162379,-38.92652564518258,6.386302770163656,-0.013766285907937098,0.03428106373827892,-0.5850774424491595,0.8101355962914009,odom,base_link
1723528464.5785685,-85.97556215147257,-39.17839177493081,6.385918383309435,-0.011612136097440977,0.03313689033449059,-0.5788947114487277,0.8146459463171156,odom,base_link
1723528464.711868,-85.94132352411923,-39.42393125456463,6.400470756850775,-0.009767086666080045,0.03157275190264671,-0.5725888732437616,0.8191762616145506,odom,base_link
1723528464.9784515,-85.8165607365885,-39.94129843573324,6.409017565912326,-0.011680015568146865,0.0336627895234545,-0.5564380787090152,0.830124724604952,odom,base_link
1723528465.1117356,-85.75216007345304,-40.1806551341318,6.415206896246871,-0.011620325573445823,0.03385980971246753,-0.5489240973858106,0.8351052727824054,odom,base_link
1723528465.245133,-85.68327066072358,-40.42801732203867,6.4168817431560035,-0.011464143208497625,0.03410126702840706,-0.5409091793705288,0.8403112141821346,odom,base_link
1723528465.4119382,-85.58717897878074,-40.73453877108822,6.4203335398283174,-0.011179588550567558,0.034007172026137206,-0.5312358626453871,0.8464673574864162,odom,base_link
1723528465.5787597,-85.48657355837115,-41.03041555904626,6.422708286932988,-0.011741525612867947,0.03390807260467684,-0.52087957009813,0.852875637266598,odom,base_link
1723528465.7455943,-85.38153891025777,-41.31574161239345,6.431675807586916,-0.011666479757396821,0.034335665117176915,-0.5100810749038858,0.8593615376405486,odom,base_link
1723528465.912445,-85.25584393152427,-41.61393167976203,6.4331283912191815,-0.011607737329922428,0.03591390313017714,-0.49951951796705785,0.8654800420379397,odom,base_link
1723528466.0793095,-85.1345374865735,-41.895354042242346,6.435863880442051,-0.01154997197506885,0.036997265724747916,-0.4878687757477802,0.8720561095059364,odom,base_link
1723528466.245868,-85.00437104058585,-42.177036046732226,6.441385611979363,-0.01196926745738801,0.03845900127902803,-0.4763086520235147,0.8783551160349073,odom,base_link
1723528466.5119934,-84.79051989396875,-42.60167695314859,6.449477534956144,-0.011991356126568521,0.03942486025979361,-0.45710363742450155,0.8884583008926369,odom,base_link
1723528466.64504,-84.65804235376578,-42.83956984327416,6.441676458309337,-0.01192809765455479,0.03940717222811385,-0.44780025569265935,0.8931851578843639,odom,base_link
1723528466.8113325,-84.51250554118506,-43.10600501007825,6.444805071779249,-0.010884083613323908,0.03936122942798387,-0.43573613905302505,0.8991475115157572,odom,base_link
1723528466.9776092,-84.35031560370341,-43.372323073840725,6.448006969048566,-0.008403787017534477,0.03880297585920782,-0.4239566229802558,0.9048118518561806,odom,base_link
1723528467.1106179,-84.22419062662567,-43.540469199672,6.451817860521024,-0.010230874993206797,0.04032329812065526,-0.41455879662067985,0.9090711550643107,odom,base_link
1723528467.2769513,-84.04414367348542,-43.78409398274076,6.449167475371307,-0.015076610095793745,0.041371987070239175,-0.4029371601041166,0.9141677633351052,odom,base_link
1723528467.4100225,-83.89270773426937,-43.96471046616857,6.449684268323074,-0.01878304869554127,0.04224324749563288,-0.39341509392739515,0.9181978376106221,odom,base_link
1723528467.543083,-83.74379938361737,-44.14786838724444,6.451820264236533,-0.020275239064757363,0.04241131796748899,-0.38419741005548763,0.9220534392841788,odom,base_link
1723528467.6761332,-83.61597074105043,-44.327898821200606,6.456447957145288,-0.020206882163357406,0.04164569158631659,-0.3742023098127849,0.9261910977850686,odom,base_link
1723528468.1084743,-83.154566172896,-44.88830107194612,6.463975431565246,-0.018105341378872975,0.02915784842627243,-0.3450247229205314,0.9379658613522752,odom,base_link
1723528468.2415454,-82.97086269993991,-45.04473013202303,6.4458339373881754,-0.024216117001280492,0.03956395431950612,-0.33557796499911574,0.9408696522914514,odom,base_link
1723528468.374626,-82.79438209324178,-45.19777470349395,6.442262574818259,-0.029788860938374063,0.04700451389541512,-0.32861193775503583,0.9428241584740659,odom,base_link
1723528468.5076964,-82.63730159994257,-45.34039231924176,6.440649686720146,-0.03172530446381606,0.04789155499272951,-0.31904559991393844,0.9459967278974128,odom,base_link
1723528468.6407564,-82.48799434380203,-45.50623656860374,6.447742438023997,-0.03051202891626931,0.044731806016326287,-0.31004413366261513,0.9491789698488525,odom,base_link
1723528468.8070664,-82.27500764764766,-45.70923695851682,6.444361379807382,-0.02806927604914719,0.04334391129391074,-0.2989486351899621,0.95287099578793,odom,base_link
1723528468.9401035,-82.08488290093455,-45.87604921909075,6.433925274013607,-0.027936247344617665,0.043811644206528715,-0.28932233980432254,0.955820427489585,odom,base_link
1723528469.2394836,-81.6870607441272,-46.22915693298142,6.454531491691286,-0.01930860838883221,0.04380385079243957,-0.26711226041976804,0.9624756831376481,odom,base_link
1723528469.3725977,-81.50742866284382,-46.32763551035856,6.41876719123837,-0.03237414694056853,0.0375659093030549,-0.25784439023692945,0.9649129429598564,odom,base_link
1723528469.6720679,-81.04488469332537,-46.64486705637862,6.41006215903557,-0.03495378965164332,0.04770125688481707,-0.23478005003310645,0.9702479841705672,odom,base_link
1723528469.8051503,-80.83357581382309,-46.800296148638914,6.417400671554178,-0.030327947534840218,0.049614135847350666,-0.22309845430805458,0.9730599841776466,odom,base_link
1723528470.2376432,-80.10205550117264,-47.24710735268019,6.386290164937826,-0.029547682377853362,0.05350918312781361,-0.18856442229827153,0.9801567019769903,odom,base_link
1723528470.3707392,-79.86364852929871,-47.36955259127477,6.384121769470347,-0.03020310149839355,0.05621000183118527,-0.17664427202816207,0.9822041587743644,odom,base_link
1723528470.537095,-79.55871416682255,-47.53031436872275,6.375697793613742,-0.027101523961206124,0.05495668923918199,-0.16266285099084254,0.9847771659692253,odom,base_link
1723528470.6701684,-79.31802709961491,-47.65712705132236,6.359357680529005,-0.02596774043647514,0.05145360837403014,-0.15077025746601003,0.9868872945304085,odom,base_link
1723528470.8364968,-79.00341781183437,-47.79855167782181,6.343988831798288,-0.025518439973013163,0.050178025228404616,-0.13559733236824248,0.9891634538639901,odom,base_link
1723528470.969548,-78.72355583148482,-47.90996096704711,6.325982304354498,-0.026639447598944047,0.05190920047368041,-0.12363841829608659,0.9906105775021021,odom,base_link
1723528471.1025891,-78.43405869549099,-48.01152242642611,6.312268259660642,-0.02913706448214662,0.05544218975467299,-0.11218071286709604,0.9917119958582735,odom,base_link
1723528471.2689207,-78.07873663371893,-48.1452701020243,6.293570252863486,-0.028911887817577833,0.055890272032037024,-0.09676514122544407,0.9933161066239833,odom,base_link
1723528471.4019818,-77.77445838615544,-48.242931748682366,6.279054945412458,-0.02800486768078773,0.05721043942007889,-0.08579768331680684,0.994274333644901,odom,base_link
1723528471.5350318,-77.475466560656,-48.337443707812014,6.267023052689225,-0.026406195404915286,0.059341918249488985,-0.0739362045154246,0.9951455608324652,odom,base_link
1723528471.867607,-76.71543788578623,-48.5442516833121,6.237894964813271,-0.02565689198011699,0.05652695775190884,-0.04520954299843201,0.9970469016867298,odom,base_link
1723528472.0338693,-76.31373773551665,-48.66080947812835,6.2160616389589425,-0.022649647039908394,0.05385197398440003,-0.029608767845337572,0.9978528344669028,odom,base_link
1723528472.1669316,-76.0069262011736,-48.717675924086755,6.204647789114398,-0.020779489498303556,0.051844008392432236,-0.01731718239617708,0.9982887992980052,odom,base_link
1723528472.300545,-75.68738423964473,-48.7638377498751,6.194950335829083,-0.021191920794976338,0.05188654758217641,-0.005327518863216263,0.9984138952437432,odom,base_link
1723528472.4345284,-75.34628152235304,-48.80055082997504,6.172809883454572,-0.02203927920386937,0.0524340615414375,0.006914137452940372,0.9983572176659639,odom,base_link
1723528472.5685232,-74.99516164025496,-48.841280282451315,6.146256647553821,-0.021494521198268925,0.052280997006606766,0.01857935912755967,0.9982281754813684,odom,base_link
1723528472.7360325,-74.58967750848974,-48.89208765499826,6.127721357901258,-0.016539926761498396,0.053194987613851615,0.03403599703285072,0.9978668623726645,odom,base_link
1723528472.8700533,-74.24452794261109,-48.928487621698864,6.113134270838215,-0.011543666021739134,0.05581104032428006,0.04490341278185021,0.9973643040901569,odom,base_link
1723528473.037596,-73.81841251726553,-48.94180996875235,6.084970863694266,-0.013032871409501358,0.05756204821900353,0.05934849857421652,0.9964910990995568,odom,base_link
1723528473.1716425,-73.49246555218868,-48.930307641962514,6.073324015353377,-0.016018684480318856,0.05730081755376803,0.07094710458390774,0.995704035547888,odom,base_link
1723528473.338392,-73.07418652717531,-48.93371160860603,6.039758203177976,-0.01579734155368329,0.055098442677107916,0.08617060645871077,0.9946301987155487,odom,base_link
1723528473.5045831,-72.67726981226353,-48.93689293204112,6.020668855605724,-0.013759924703032028,0.05348465328043444,0.10162689591172246,0.993288493018512,odom,base_link
1723528473.6707501,-72.27193816287738,-48.920147725299465,6.010269923721431,-0.012142406288537924,0.05300843983070961,0.11644351689627966,0.9917074037482347,odom,base_link
1723528473.8036673,-71.9619300854634,-48.88564374295027,6.003151939136039,-0.013036095448940625,0.053219052032950895,0.12739257179261268,0.9903377834699757,odom,base_link
1723528473.93657,-71.62423978775809,-48.851373604497084,5.979633325000221,-0.012935066432149854,0.05281873063441799,0.1396150348239864,0.9887115392275251,odom,base_link
1723528474.0694578,-71.30113802172552,-48.808761611433816,5.959706750733195,-0.012827475413573274,0.05333247331439148,0.15063881304207696,0.9870658798529903,odom,base_link
1723528474.235549,-70.90651900600575,-48.75205734940298,5.935499102423911,-0.013285887146115009,0.05372143821684023,0.16478505854003447,0.9847758002513122,odom,base_link
1723528474.4023092,-70.54887396494014,-48.679615650581745,5.913257286968971,-0.014151390433580324,0.056015186629098594,0.1772205572117911,0.9824738729947203,odom,base_link
1723528474.5699277,-70.2078728827873,-48.595147619941585,5.8821185067296,-0.014351242844902728,0.05761528952213574,0.18833406568464775,0.9803085228359375,odom,base_link
1723528474.7375665,-69.9148786460896,-48.52305277420906,5.873534811412473,-0.014477891738440883,0.057628753590244323,0.19911346965588608,0.9781733709379127,odom,base_link
1723528474.905227,-69.6305404981989,-48.452174792769924,5.857643899245682,-0.012690049511753813,0.0570158914465242,0.2098807543939829,0.9759806451466957,odom,base_link
1723528475.0729072,-69.33850026027358,-48.36909672907501,5.853065054997597,-0.01211338851920356,0.05760610069808459,0.220130355157916,0.9736926772442088,odom,base_link
1723528475.207067,-69.10576414960724,-48.30468557730841,5.837166709589651,-0.012373250682061231,0.05749717734262759,0.2284046113340048,0.9717882026380807,odom,base_link
1723528475.3412397,-68.82791257903591,-48.24886124626347,5.8156050276089015,-0.012738920395376423,0.056842484649501666,0.23637722918152207,0.9699136339749522,odom,base_link
1723528475.5084891,-68.54714369710896,-48.1542639694574,5.798786291477748,-0.01268433148569203,0.056814934940951835,0.24667809729550172,0.9673474490673387,odom,base_link
1723528475.677237,-68.27308743952564,-48.0496097008216,5.785595118487575,-0.013454261004537704,0.05637085078213078,0.2568839928223851,0.9647030238755083,odom,base_link
1723528475.8122976,-68.05220137263372,-47.95823497960901,5.766726323605957,-0.013273215221508289,0.055780673580353206,0.2648557931709161,0.9625818131652035,odom,base_link
1723528475.9812007,-67.77881462311451,-47.857282844077375,5.75097680890821,-0.010481207807279853,0.05520132002905112,0.27467121690340335,0.95989514070796,odom,base_link
1723528476.183997,-67.4690805128214,-47.70955230754398,5.7327888246244525,-0.0103737413533683,0.05551020321932177,0.28622676440913325,0.9564963367231272,odom,base_link
1723528476.3192627,-67.25625229801882,-47.60508709799784,5.712101226839078,-0.01079886124000391,0.05573906004999645,0.2933970125646136,0.9543032719208406,odom,base_link
1723528476.488414,-67.00382969070692,-47.483299721467255,5.694771771802111,-0.009185497090934403,0.055016906633933105,0.30290618208779835,0.9513866782127123,odom,base_link
1723528476.7575743,-66.61253444150147,-47.28632758187163,5.670448723886242,-0.007566975283550111,0.053750253072278154,0.3175824139800379,0.946675795354638,odom,base_link
1723528476.8928757,-66.41885666167141,-47.20232787779131,5.667432097305194,-0.002015432149343932,0.05129177596795588,0.3235902856250987,0.9448039049455561,odom,base_link
1723528477.0620909,-66.20086398926708,-47.09143149193072,5.653967629452267,0.002898832315468774,0.0473605751721365,0.33207468282529773,0.9420589035283564,odom,base_link
1723528477.2314029,-66.00771255446487,-46.92771871868417,5.617987005330579,-0.006411984431000034,0.051523277690733074,0.34167482682141537,0.9383829447662697,odom,base_link
1723528477.4008136,-65.80927009689196,-46.770114210856065,5.597458433133147,-0.015516668780049151,0.05292616633843408,0.349364796519664,0.9353621185719787,odom,base_link
1723528477.536412,-65.6462182485926,-46.67281308147335,5.591433411441235,-0.014155454640001187,0.05140294596883719,0.3562871603526191,0.9328541255831625,odom,base_link
1723528477.6706595,-65.49133053579564,-46.576758374733096,5.592083848382897,-0.012269023878246806,0.04839598819128789,0.36209239953992506,0.9308041649968499,odom,base_link
1723528477.8367207,-65.33094503635473,-46.450548599620944,5.588244037445378,-0.01480954082887158,0.045146943017839475,0.37313226532799676,0.9265607069198323,odom,base_link
1723528478.0027559,-65.13592793265505,-46.32375818223443,5.560468371802233,-0.010024729935955039,0.05032864075824408,0.37977366784562955,0.9236549647569791,odom,base_link
1723528478.135564,-64.96519141635112,-46.22813210961153,5.544684963333802,-0.0029136604755636117,0.058595036574135416,0.39002452544964633,0.9189336220964422,odom,base_link
1723528478.2683551,-64.82098135810348,-46.13645781717962,5.547651211021267,0.004974487796857746,0.06382182609375744,0.3948892457786804,0.9164957787974596,odom,base_link
1723528478.4343185,-64.66701161232331,-46.00353181724305,5.541427257267113,0.0033615524397426913,0.0618204899338602,0.4027857559631942,0.9131979860811622,odom,base_link
1723528478.5670702,-64.57536132702093,-45.878782740493854,5.526443151933453,-0.005756952207856356,0.054183543596790805,0.4074115774012933,0.9116176872483122,odom,base_link
1723528478.6999164,-64.47974766313413,-45.747208405875625,5.514476127590942,-0.015513261022229828,0.04812879796123724,0.4149954178031946,0.9084171732973868,odom,base_link
1723528478.832777,-64.35072697338255,-45.628417259478304,5.503311671319585,-0.01655925662023192,0.04844523364964682,0.4228948522666901,0.9047313381789927,odom,base_link
1723528479.0320358,-64.14342113664165,-45.44375116361291,5.502974793985989,-0.01604419054606344,0.05653590660873018,0.43093666513086554,0.9004664712578357,odom,base_link
1723528479.198056,-63.99794324686748,-45.27842209591631,5.491490608404035,-0.018465118003468447,0.05266995443585788,0.44156575634728396,0.8954912607827581,odom,base_link
1723528479.330852,-63.8706844431682,-45.15576168805649,5.465538087227465,-0.011105568150356043,0.04491926212069604,0.4531853112666746,0.8902145808167361,odom,base_link
1723528479.463631,-63.71959296489291,-45.02731733022501,5.453297077329359,-0.0020072714522924484,0.046645929752829565,0.4628455792265327,0.885208505319095,odom,base_link
1723528479.6296287,-63.55123215432437,-44.820233839586635,5.450006199862154,-0.004139618001501957,0.05004064425893159,0.4756778462918658,0.8781852788746146,odom,base_link
1723528479.8290088,-63.353218729324894,-44.54249379131447,5.436023376109451,-0.010488125763317448,0.048367100643617156,0.4923076169466705,0.8690131374666286,odom,base_link
1723528479.9619093,-63.214168942959546,-44.33610807118024,5.422681735853399,-0.011657333928716498,0.04719084446825155,0.5040172419555574,0.8623246201840469,odom,base_link
1723528480.0947936,-63.07304082515584,-44.14205820179925,5.408004474853174,-0.010127568239212544,0.04798950641962686,0.5154565322741722,0.8555109601700296,odom,base_link
1723528480.227662,-62.920249606076865,-43.9305536693803,5.392643156275038,-0.008434823577517502,0.04917754946408414,0.5274423356214347,0.8481244041849814,odom,base_link
1723528480.659502,-62.47446697338003,-43.1811527211658,5.351723879315567,-0.012374754781604982,0.048635019879198924,0.5590473961804661,0.8276155563480463,odom,base_link
1723528480.7925556,-62.365429878133895,-42.956235052992554,5.3424492190187225,-0.013856864839181937,0.04809302285570413,0.5648388681710599,0.8236820390494536,odom,base_link
1723528480.95886,-62.176616405148835,-42.633204057243425,5.320329130039385,-0.013766067837275214,0.04811649543553675,0.57107632959924,0.8193699555236095,odom,base_link
1723528481.1251519,-61.97135369976131,-42.30119169375695,5.2967093961059115,-0.012548305581770967,0.048869173992652115,0.5762504014823236,0.8157142996489416,odom,base_link
1723528481.2581758,-61.811992164742804,-42.03007168830265,5.279580519474836,-0.012504923000379505,0.04918942741943861,0.5794952580451588,0.8133936765392742,odom,base_link
1723528481.391191,-61.65468683228393,-41.757460947147955,5.267426214029053,-0.013116136279629369,0.04887335023767273,0.5820973562979037,0.811542993560188,odom,base_link
1723528481.5241978,-61.48597269740901,-41.46039297277257,5.247485868564161,-0.013239804773287988,0.0493887402047573,0.5849877227647822,0.8094287023110972,odom,base_link
1723528481.690387,-61.264557830739435,-41.09345066070681,5.220846025417216,-0.014043480026190915,0.04842335124780233,0.587612682025457,0.807569994270178,odom,base_link
1723528481.8232894,-61.09736898632757,-40.80120041457987,5.199777072407976,-0.014321733897972953,0.04905460080520287,0.5888120896257804,0.806652872795058,odom,base_link
1723528481.9893954,-60.89068399525742,-40.44194396543168,5.18220470515254,-0.015073154518458075,0.048302400927683835,0.5885190435985883,0.8068983910005565,odom,base_link
1723528482.1886885,-60.63498541433553,-40.004975609422694,5.1559716455986795,-0.014239097524066952,0.0481598759932457,0.5865230013379382,0.8083740738962083,odom,base_link
1723528482.354738,-60.423319457050724,-39.63988455728648,5.136046415529445,-0.014519538431880759,0.04873048467032195,0.5849686741444713,0.8094604209825086,odom,base_link
1723528482.4875598,-60.24294771424742,-39.32534777499458,5.1138676513383,-0.013872370842725816,0.049267311628798924,0.5839930812026526,0.8101434258447727,odom,base_link
1723528482.653647,-60.035331919531345,-38.96192698351417,5.096335145162031,-0.014391187901658577,0.04900424897207938,0.5822741965703346,0.8113866139528264,odom,base_link
1723528482.919523,-59.65887459073315,-38.3655013289521,5.049591803828541,-0.013681454750153492,0.05076926058258416,0.580171844532862,0.8127951345739921,odom,base_link
1723528483.0524385,-59.472412899944075,-38.07353714146596,5.027550564299856,-0.01367392573020696,0.05150027095319612,0.5791512843281212,0.8134768194041917,odom,base_link
1723528483.1853392,-59.28553048364101,-37.76037025116236,5.01362560685417,-0.015030109633277135,0.052314967987350934,0.5779556151454454,0.8142509114829065,odom,base_link
1723528483.351443,-59.081480079952584,-37.40764870455867,4.993281371428465,-0.015408797749255848,0.05334680819743517,0.5763305150584099,0.8153280471194257,odom,base_link
1723528483.48431,-58.889299421144344,-37.11236752926299,4.971481158219179,-0.014253608977959104,0.05333323707411753,0.5751924611553103,0.8161531921670075,odom,base_link
1723528483.6173,-58.69420791729907,-36.826503237701374,4.953312897556999,-0.014048366873917112,0.0531963396376418,0.5743137922671239,0.8167842192703575,odom,base_link
1723528483.7507048,-58.50320129781498,-36.51956951892233,4.931545585248685,-0.01388176386966716,0.05331504881667812,0.5730583768434686,0.8176606257678495,odom,base_link
1723528483.917462,-58.25429012219081,-36.126954324892566,4.905361468152209,-0.013703404329925978,0.05180554469539602,0.5714313538603828,0.8188984125481462,odom,base_link
1723528484.1175623,-57.96969138811927,-35.6599731792348,4.875602998130921,-0.014093120903507332,0.050017129669589495,0.5691337402240995,0.8206012773700404,odom,base_link
1723528484.2509575,-57.76089671164938,-35.38367063765808,4.857958376823593,-0.013329073206046092,0.05085589130311138,0.5681019179006496,0.821277191333619,odom,base_link
1723528484.584429,-57.25502734900586,-34.60216650474739,4.808314531670098,-0.01319272154894273,0.04978072315512915,0.5643461133412306,0.8239303951529713,odom,base_link
1723528484.7507734,-56.98561760587441,-34.213093861771874,4.7781310655537,-0.014114185068934408,0.050725018269146376,0.5628161793536068,0.8249034552959779,odom,base_link
1723528484.9168413,-56.716730546766485,-33.80821539889532,4.752563760155811,-0.01362508490144479,0.050833184117801695,0.5603162596139242,0.8266051255987563,odom,base_link
1723528485.0496752,-56.492335633800565,-33.51718662504054,4.728389106235664,-0.013016723846632668,0.05110394132047827,0.5590688177136572,0.8274424506526524,odom,base_link
1723528485.1824918,-56.277711747277195,-33.20427899336237,4.703771877810109,-0.013658499947740606,0.05076022246516178,0.5572546870667197,0.8286760880685754,odom,base_link
1723528485.3152902,-56.06347226274444,-32.89251896732516,4.68426734825773,-0.014005815267348018,0.05034721961730255,0.5553281342558091,0.8299877456441548,odom,base_link
1723528485.4480712,-55.83472330181249,-32.58557746413109,4.666771287824974,-0.013420045137596995,0.048636934378294895,0.5533021287516201,0.8314512044141327,odom,base_link
1723528485.6140223,-55.532638600589806,-32.21357075530558,4.638080027533108,-0.012123922389466125,0.04941659495092056,0.5510861267088069,0.8328956066629454,odom,base_link
1723528485.7469258,-55.313499763769116,-31.901744436580977,4.611214779654309,-0.012468790708573547,0.049597981706562384,0.5478939854605802,0.8349830837597986,odom,base_link
1723528485.9130979,-55.0283025519432,-31.522420534621993,4.583406191254964,-0.013549457806706695,0.04971837239750581,0.54463714695172,0.8370871363242764,odom,base_link
1723528486.0460181,-54.782658464807795,-31.210767934665622,4.566309016974179,-0.01371770817774549,0.05011701483728983,0.5419288567530473,0.8388165613079442,odom,base_link
1723528486.2121463,-54.48368885576154,-30.857336679938204,4.547841599479757,-0.012136112534439374,0.05057810234291224,0.5376917422871476,0.8415355967587783,odom,base_link
1723528486.378252,-54.18196425132011,-30.47203952352629,4.513739509995206,-0.012473913236280155,0.04942110184161632,0.5337525002100805,0.8441032073750356,odom,base_link
1723528486.5111191,-53.94397053085727,-30.18585783572768,4.493230035238674,-0.013382445572135497,0.05015402264365683,0.5306848373055457,0.8459781838896053,odom,base_link
1723528486.776854,-53.47017460859337,-29.63359443899319,4.446367395656537,-0.013392177426176467,0.05160637244862038,0.5244428162665263,0.8497747727327015,odom,base_link
1723528486.909718,-53.210563807264705,-29.380860827989537,4.433177549297843,-0.012584962698952705,0.051758110504837654,0.5216123242943627,0.8515182322505301,odom,base_link
1723528487.0425646,-52.95551470534673,-29.083910521427335,4.41550449238594,-0.011567405644125445,0.050471755896927956,0.5179161204470595,0.8538628046497939,odom,base_link
1723528487.175394,-52.693151260768786,-28.79117159014346,4.385593708505527,-0.010121032121181957,0.04975323238379313,0.5144372624564741,0.8560236466199138,odom,base_link
1723528487.4741955,-52.09286014657306,-28.071913578767532,4.316461915868375,-0.011782683008314256,0.049678704805242245,0.5064286138015324,0.8607689897952049,odom,base_link
1723528487.6401608,-51.76509226539591,-27.730525414979766,4.306305698097245,-0.011012409736293959,0.051693323309546645,0.5028692954517668,0.8627450369888303,odom,base_link
1723528487.8062363,-51.41457722364075,-27.349732163118304,4.277642835686047,-0.008841491568024199,0.053039150375421465,0.49957494840173466,0.8646002240826163,odom,base_link
1723528487.939077,-51.1306303094085,-27.06138294751063,4.23947811098311,-0.007438151302997818,0.053267626756738296,0.497420789303925,0.8658405119958056,odom,base_link
1723528488.071899,-50.85491577856257,-26.773980100755622,4.219909453292604,-0.008783726669726455,0.0532038591502932,0.4949946934202819,0.8672211073325351,odom,base_link
1723528488.3706825,-50.24519822237971,-26.16247409802191,4.164479144001716,-0.007659223707281379,0.05515983865368275,0.48993868746878105,0.8699763278464935,odom,base_link
1723528488.503445,-49.952284083798034,-25.907122618189906,4.155932115879033,-0.00810800493079422,0.05461535381141018,0.4885983740283408,0.8707600428826292,odom,base_link
1723528488.6695318,-49.58868376198086,-25.555194414862434,4.127750373095094,-0.008221108825443009,0.05394099899513286,0.48669607921245917,0.8718656481799859,odom,base_link
1723528488.9362814,-49.00274216489436,-25.014386901783933,4.119058939948185,-0.010135075613314724,0.054228940400703425,0.48451310754139715,0.8730426970577715,odom,base_link
1723528489.1030161,-48.641642076756526,-24.630361242049077,4.063587039870481,-0.009897463731746957,0.05518947286317523,0.4834257281125213,0.873587847726628,odom,base_link
1723528489.2364118,-48.35486843089184,-24.344135542391214,4.039326570306553,-0.009381624537901586,0.056709882098008826,0.4821246751028819,0.8742149461376192,odom,base_link
1723528489.3698153,-48.06626632567547,-24.05904544515961,4.025820981811737,-0.009681857005301374,0.05684802699829281,0.48053129947636036,0.8750795584944782,odom,base_link
1723528489.5032268,-47.766760843205304,-23.841336763130418,4.027826750349011,-0.01070818125189702,0.057685964742452876,0.48008895499779514,0.8752555396083672,odom,base_link
1723528489.6366446,-47.47717480361108,-23.50813881632272,3.9804696992538986,-0.012227499307246661,0.056981447260770667,0.47868151346957455,0.8760522881604937,odom,base_link
1723528489.7695842,-47.17612779447404,-23.22981416106582,3.9562076765956906,-0.011593915515849434,0.05536778008893835,0.47771441579251306,0.876692036575588,odom,base_link
1723528490.0354161,-46.59854520516575,-22.60335378527734,3.9007695681371883,-0.009858821702625198,0.05358020967449687,0.4754372966463097,0.8780611264163343,odom,base_link
1723528490.1683083,-46.314731361196564,-22.317239862066305,3.87957874610533,-0.010388540022855417,0.05337617030988074,0.4738779344950306,0.8789099873581866,odom,base_link
1723528490.3344007,-45.965616248846985,-21.955093145059255,3.850441306750642,-0.009879040157640538,0.054432285139413804,0.4721647982929237,0.8797726604942142,odom,base_link
1723528490.467257,-45.667472326423336,-21.66755532212663,3.8274339437162475,-0.009770847539189447,0.05560114725018861,0.470787951031914,0.8804383840598959,odom,base_link
1723528490.6333067,-45.30071441480544,-21.3268744021185,3.8077674798125942,-0.011374598605518838,0.05638413225193397,0.46925477724922077,0.8811874954659444,odom,base_link
1723528490.7669058,-44.98913945594256,-21.04266151629457,3.7804511325784045,-0.011384927796173342,0.057333761268780835,0.4693371076688717,0.8810822337346659,odom,base_link
1723528491.0341556,-44.355097140067045,-20.465677341058672,3.7234327040746775,-0.008913852848225672,0.05666421600656562,0.4696306228043024,0.8809976095178718,odom,base_link
1723528491.1678064,-44.04648981134466,-20.177718489997545,3.695867776679801,-0.008245963725813089,0.05596518824793834,0.47049758271358955,0.8805861266493326,odom,base_link
1723528491.3014743,-43.74550743954188,-19.908895319820154,3.6715977185610225,-0.007637270373384231,0.05575900481265217,0.47159475059795364,0.8800176115805867,odom,base_link
1723528491.43516,-43.465791786008865,-19.62051728167638,3.6473373413774235,-0.008561462072649675,0.05578482467394755,0.4719208365321673,0.8798326424667676,odom,base_link
1723528491.7360892,-42.71850659679649,-18.934780514858087,3.576453835914462,-0.008817529014175504,0.0572142033793927,0.4764073183692428,0.8773168487598837,odom,base_link
1723528491.903409,-42.332317045579074,-18.57286935926355,3.537725838401247,-0.007640673900122264,0.057924817228409316,0.4787156956181346,0.8760237544840054,odom,base_link
1723528492.0372946,-42.0287039546176,-18.283838954247475,3.506927961572049,-0.006790867724526042,0.056269380309702986,0.4811171321413672,0.8748222368659682,odom,base_link
1723528492.2046888,-41.671703517113144,-17.91854284403766,3.4573787335390964,-0.007699267361388734,0.05482099401190943,0.48363129923989917,0.8735194023564509,odom,base_link
1723528492.3386343,-41.371115669800446,-17.61049757926086,3.422790626948834,-0.009157256916103326,0.05407214331844423,0.4855042733281725,0.8725124346064101,odom,base_link
1723528492.4726067,-41.085533594404225,-17.30908112895542,3.401277984625522,-0.008929217854204101,0.05246512010597378,0.4870466259651107,0.8717529835777904,odom,base_link
1723528492.6066058,-40.79490392633848,-17.004458213527137,3.3808909173601354,-0.007786747260909974,0.04927854745848469,0.48922928302832536,0.870727109923119,odom,base_link
1723528492.773918,-40.44550489607771,-16.628144706853284,3.3577639110872086,-0.007418902926363106,0.05130652759693741,0.491625294616238,0.8692624286133682,odom,base_link
1723528492.9414558,-40.13624476258205,-16.232107905456445,3.3290627573415916,-0.008952351739933393,0.052720799829092425,0.4927424427137107,0.8685305163390811,odom,base_link
1723528493.0755255,-39.86746645787011,-15.92758384873578,3.292004940629922,-0.0112068633944155,0.05324750261260001,0.49418004060499404,0.8676549989172117,odom,base_link
1723528493.2096293,-39.57348394418473,-15.649380291211727,3.2713670727609543,-0.011941473835146998,0.05645344989646068,0.4969123553932675,0.8658801997129553,odom,base_link
1723528493.3437674,-39.30173865349347,-15.368111243086464,3.241752244286146,-0.010519982968148127,0.05809442484118979,0.4989045379044882,0.8646436432536992,odom,base_link
1723528493.5114894,-38.95741705065137,-15.021758908326186,3.19929296945221,-0.008859604407489771,0.055667497918756206,0.5014762000740787,0.8633332252638437,odom,base_link
1723528493.6792603,-38.61095231522032,-14.606520707817104,3.1866748942938203,-0.009063965661093822,0.056230264816298864,0.5025992887335993,0.8626412677409211,odom,base_link
1723528493.9792528,-38.03042769554584,-13.99289105169109,3.1228175857595195,-0.010932513038908758,0.05606646482801634,0.5040182167649727,0.8618019893510341,odom,base_link
1723528494.1125789,-37.79054993597299,-13.692125829308617,3.0879107847047482,-0.009996732791132617,0.0552661074755567,0.5033223556388683,0.8622716097681423,odom,base_link
1723528494.2792335,-37.453840549405484,-13.329897384394119,3.0660341087421434,-0.010831929778000503,0.056745407578583804,0.5023998969040422,0.8627032929152599,odom,base_link
1723528494.4458854,-37.13066053504481,-12.889944651430461,3.0490407243993456,-0.01117143641614056,0.0563445437512778,0.4991059016397563,0.8646350619459209,odom,base_link
1723528494.5792046,-36.87427535944529,-12.60960221971009,3.017745947183932,-0.010263701087746258,0.05554098833294979,0.49840929972448145,0.8651000086713284,odom,base_link
1723528494.8458838,-36.38082817556419,-12.0251638115863,3.0121603123606926,-0.012252760002741498,0.055979185098375406,0.49427862464343225,0.8674127287102916,odom,base_link
1723528494.9792352,-36.086499154878766,-11.77798344286077,2.9429575590764445,-0.011608034319065253,0.053573608534899224,0.4919375101226859,0.8689031063024744,odom,base_link
1723528495.112585,-35.83118922620666,-11.526432257856897,2.9310955974545996,-0.012754890968479883,0.054837391318567234,0.4881792274299917,0.8709254934697992,odom,base_link
1723528495.37928,-35.28605104232268,-11.048028955763783,2.8822476683886427,-0.01257992746413478,0.05352755087042329,0.4783129543738632,0.8764663509804343,odom,base_link
1723528495.5126255,-35.037243205363396,-10.81007632951624,2.8420250654863306,-0.01155156227392998,0.05133109665690189,0.47165206471599186,0.8802136159899897,odom,base_link
1723528495.6459696,-34.76849880206399,-10.580162727199646,2.82366281582142,-0.010767821726338405,0.051134302905122664,0.46403703730947643,0.8842731281039362,odom,base_link
1723528495.8126416,-34.445208442514314,-10.32452333821874,2.7940987445251952,-0.011082203497900312,0.050634099019315724,0.4534329056246631,0.8897819805316967,odom,base_link
1723528495.9793112,-34.08691767940242,-10.05080412478161,2.7828529052658313,-0.011948614218236621,0.052676677895281916,0.44178239274277964,0.8954946765261337,odom,base_link
1723528496.1459777,-33.75719412767242,-9.808779570616277,2.7598917164861243,-0.010974625282364094,0.055767263824834684,0.42835209017387077,0.9018226304152491,odom,base_link
1723528496.2793097,-33.47297627921306,-9.612620389225768,2.7421177627571147,-0.011863049416954348,0.05667300479223875,0.41677551229263327,0.9071634973584215,odom,base_link
1723528496.4459736,-33.12701074793128,-9.368842142645981,2.7213929197826774,-0.013067010291586252,0.056916959268843305,0.4004962249442665,0.9144356110711239,odom,base_link
1723528496.6126344,-32.79068972920382,-9.190948252392335,2.696343562923601,-0.012031260533108197,0.055667741718919826,0.38445194429874585,0.9213864845040945,odom,base_link
1723528496.9459558,-32.12864974978541,-8.880700877754464,2.644437857260878,-0.0104158505609744,0.054889957468269586,0.35122907878203113,0.9346211729059795,odom,base_link
1723528497.112613,-31.76864416704505,-8.722601713498857,2.6237596903577245,-0.011075939870142087,0.05582259301367083,0.33613354190202127,0.9400932951966124,odom,base_link
1723528497.279266,-31.397434964405907,-8.57352994454146,2.586521889570885,-0.010879854940729423,0.05574455155003551,0.3202039638431994,0.9456445395961726,odom,base_link
1723528497.412587,-31.11836544677563,-8.452918904761866,2.5833816089264525,-0.010253748897864134,0.05676121544017077,0.30709498948774905,0.9499293092050657,odom,base_link
1723528497.5459056,-30.82354572771687,-8.34817641921939,2.5604435381342086,-0.008908740475680766,0.05714077399872204,0.294049162972149,0.9540391271039896,odom,base_link
1723528497.712555,-30.46241122509293,-8.232212688876722,2.539756265372054,-0.010027257400676289,0.05760837312497222,0.2788428664616597,0.9585548420817452,odom,base_link
1723528497.8458815,-30.15166828905704,-8.140571673656716,2.5089043704806757,-0.010967396349133247,0.05699365030239417,0.26693022913031295,0.9619665757285792,odom,base_link
1723528498.0125358,-29.80522749553087,-8.060984655343187,2.4922709590744168,-0.013298219238048215,0.05664303674897156,0.25271152806072217,0.965790664346144,odom,base_link
1723528498.1458576,-29.530674503764274,-7.9986124293203105,2.4852272561657065,-0.015303375779612818,0.056852949396866394,0.24035618950794915,0.9688975441190076,odom,base_link
1723528498.2791765,-29.280882437380416,-7.974292843667589,2.4825698714749764,-0.01783593535510546,0.05857847752795839,0.2287692006932496,0.9715529291781723,odom,base_link
1723528498.445823,-28.92297632733533,-7.922099579437008,2.4615659247259636,-0.01832031419511569,0.05782927872512227,0.2147286528277924,0.9747880519706249,odom,base_link
1723528498.5791373,-28.635001074981005,-7.881488449471847,2.442234332243939,-0.017987184312725824,0.056126461693115665,0.20359030024932778,0.9772805488408639,odom,base_link
1723528498.712455,-28.366452690374825,-7.857071749265642,2.4246204038779027,-0.0177269938110311,0.0546335063518419,0.19214788777013259,0.9796836851247465,odom,base_link
1723528498.8791215,-27.918424784193036,-7.749153466894894,2.391762446689482,-0.019825613210597733,0.05274143941852184,0.17915578005087066,0.9822059316168124,odom,base_link
1723528499.0457864,-27.579840800302172,-7.712423924317989,2.373515862648098,-0.02396275381822576,0.04965590863615689,0.1665163679493978,0.9844960011965033,odom,base_link
1723528499.1791158,-27.306674606397415,-7.678064582335891,2.356696824675775,-0.02563345748447988,0.04911335290799744,0.15769463610257406,0.985932658028936,odom,base_link
1723528499.3124437,-27.044949365095555,-7.6709651737900995,2.3399383804280705,-0.022859977681683363,0.04971331510768782,0.15191579394534405,0.9868777022870426,odom,base_link
1723528499.4457698,-26.77392753645406,-7.65347559559536,2.318598645463089,-0.02014631850431884,0.04994847231718802,0.14625442111990003,0.9877797934088269,odom,base_link
1723528499.6124244,-26.44540099542346,-7.6278805502237965,2.292926196358809,-0.019710280676493143,0.04907061402572834,0.14153377343896661,0.9885199900107833,odom,base_link
1723528499.7792985,-26.17218988870451,-7.643218645154192,2.2877074313351216,-0.020978171549942325,0.04819503590469854,0.13757904494219814,0.9890951224353293,odom,base_link
1723528499.912926,-25.900243499308136,-7.627251001561879,2.2760959014623063,-0.019929076017476382,0.049548980515867626,0.13436241834907783,0.9894920267462065,odom,base_link
1723528500.079977,-25.54893778689205,-7.632408094131932,2.2589080513816695,-0.01771993787713189,0.050961212504127704,0.13041517360945568,0.9899903237477401,odom,base_link
1723528500.2470489,-25.2044402028226,-7.607902801337509,2.2507065190114357,-0.01845015779295101,0.050959235242359104,0.12661637182746777,0.9904701118187148,odom,base_link
1723528500.3807194,-24.915515434329794,-7.606545175377624,2.2354168673153856,-0.017419938422770186,0.05041023768544991,0.12372974107675377,0.9908815796324618,odom,base_link
1723528500.5478253,-24.566694908417073,-7.597522597600836,2.212190433163115,-0.017052412190213088,0.04899372674641401,0.12001702142913659,0.9914155256728993,odom,base_link
1723528500.681523,-24.289530564168984,-7.598283011475868,2.2093349496231527,-0.016685776489505724,0.04975955313950768,0.11715713091322519,0.9917256568277744,odom,base_link
1723528500.8149006,-24.00361013100142,-7.597552179289401,2.1965799357877858,-0.01517672276708709,0.050406626814591016,0.11397194740145472,0.992088319790504,odom,base_link
1723528500.9816227,-23.654527929444345,-7.623489013954206,2.177888355151433,-0.013048820613560629,0.05042769470958453,0.1108982788734927,0.9924657916672843,odom,base_link
1723528501.2483747,-23.07089121492059,-7.611775036963515,2.1413015863716724,-0.013561363944360435,0.0533243959170041,0.10388858780892817,0.9930658384674815,odom,base_link
1723528501.415093,-22.652529325475847,-7.602616554939314,2.109672802797453,-0.012541442961106384,0.05645951267844696,0.10009928233934477,0.9932951068598465,odom,base_link
1723528501.7151885,-21.96664261983917,-7.626653269866087,2.0806632206480495,-0.009894696504869968,0.06257424933521237,0.09580637659706362,0.9933819489524424,odom,base_link
1723528501.848835,-21.643578710817483,-7.625561694908415,2.0470276193722867,-0.009310297017838857,0.0622363103164325,0.09391534624202541,0.9935893859074165,odom,base_link
1723528501.9825754,-21.33320183436602,-7.63594594294018,2.0205291137704613,-0.01034759377437832,0.06224149922763573,0.09316339480441622,0.9936495886103376,odom,base_link
1723528502.2500846,-20.68030816270114,-7.6530549382746536,1.9839682122165694,-0.011678077355071525,0.06285801602142772,0.09055790752110751,0.9938368868765827,odom,base_link
1723528502.383853,-20.35637940378926,-7.66861097256961,1.962218514393636,-0.01078740790228773,0.06187999276865565,0.0893660307598991,0.994016202519819,odom,base_link
1723528502.5176306,-20.009191612671668,-7.680369721020833,1.935864387093108,-0.01087581801377918,0.06077218016921517,0.08835248665061196,0.9941741783021047,odom,base_link
1723528502.6514177,-19.6653356193986,-7.697580339196856,1.9066543127350848,-0.011398932009030121,0.05908265581839382,0.08643645179097163,0.994438557142816,odom,base_link
1723528502.7850957,-19.313453586824092,-7.723569817607661,1.8933652013510966,-0.012570839872810984,0.05859413069835101,0.08499774052624016,0.9945773403501765,odom,base_link
1723528502.9184272,-18.93791183221938,-7.743862588795368,1.8606770893442979,-0.012994781738721437,0.05802144841264319,0.08413618224484397,0.9946787169779621,odom,base_link
1723528503.051757,-18.55830408392919,-7.77584316463223,1.8385156576105774,-0.013296114960209422,0.058587870514505015,0.08329191315446957,0.994712587614437,odom,base_link
1723528503.218416,-18.075435146212822,-7.793185864623656,1.8016785723831135,-0.014320668025919163,0.059667182069436386,0.080888240141091,0.9948325680525651,odom,base_link
1723528503.385073,-17.580793055877034,-7.825465065801838,1.7683680879238148,-0.01455703718691335,0.05892090735917992,0.07994622338942109,0.9949497578823157,odom,base_link
1723528503.5850568,-16.97737101199101,-7.8613681838015825,1.7276935060976368,-0.013233271639684512,0.05932674829291361,0.07742594390831058,0.9951434271845474,odom,base_link
1723528503.8850503,-16.05842889355609,-7.918991839263432,1.664910083475309,-0.014649680188458065,0.05926427230421898,0.07379770274504917,0.9954029495476596,odom,base_link
1723528504.0183926,-15.640445084689823,-7.951400016711235,1.637182472727279,-0.013544518158176356,0.059746914708399095,0.07236508190898085,0.9954949257183568,odom,base_link
1723528504.1517332,-15.219086545977163,-7.987299690605906,1.6071262753147162,-0.012314064985323675,0.06045713484170437,0.07067016015778167,0.9955897885743621,odom,base_link
1723528504.285072,-14.790487244840742,-8.021992814672597,1.5775249306104129,-0.01279645170808378,0.060851874466901004,0.06920503550753174,0.995662575001164,odom,base_link
1723528504.4850771,-14.084889162373472,-8.0323830003206,1.5191456803014252,-0.012675455001316241,0.06015681001277093,0.06724887076869737,0.9958403890332688,odom,base_link
1723528504.618412,-13.656060744813606,-8.069898496589914,1.491856449004359,-0.010804804345861709,0.05984483376715542,0.06674160183075627,0.9959153632008565,odom,base_link
1723528504.7517455,-13.22772247322945,-8.111347351236866,1.46346275056135,-0.008130660752917823,0.059260765828981835,0.06602985372887907,0.996023148529002,odom,base_link
1723528504.8850882,-12.795544124417463,-8.144438621306136,1.4293793235880827,-0.008621932760946176,0.059698284821265594,0.06634590694398575,0.9959718859971124,odom,base_link
1723528505.0184293,-12.367115904582432,-8.167915435087359,1.398738749080734,-0.011481496446259332,0.06123320757444262,0.06596884090748349,0.9958748824821435,odom,base_link
1723528505.185104,-11.833421817322819,-8.207504966104247,1.3674470517598591,-0.013269062802710981,0.06128502433293499,0.06692543441396256,0.9957856516305864,odom,base_link
1723528505.318441,-11.396517101706522,-8.253873063803901,1.343552828458652,-0.013721240444662105,0.0583003845203422,0.06727928534579204,0.995934882654885,odom,base_link
1723528505.4517765,-10.967346237699635,-8.286480550525672,1.3129976535191823,-0.013560386882150706,0.054892751475388024,0.06715109368051271,0.9961393639248369,odom,base_link
1723528505.6517766,-10.298069396984696,-8.359038504230785,1.2632397922815863,-0.01409865921378012,0.0552052239183795,0.0674321369653737,0.9960956369570034,odom,base_link
1723528505.78511,-9.843634495445611,-8.398851046485328,1.2375016639353762,-0.014677768293414745,0.057225683447309966,0.06640532525359885,0.9960422265395563,odom,base_link
1723528505.9517794,-9.391942083768209,-8.408352466899023,1.2198058431406917,-0.017031201860021508,0.06257542654036402,0.06477048582803199,0.9957906598889626,odom,base_link
1723528506.0851133,-8.946533912022153,-8.45566810611991,1.19092080713898,-0.014788651539922993,0.06478933095662008,0.06388664099122998,0.9957420024698578,odom,base_link
1723528506.2517786,-8.404394367942688,-8.52105242754999,1.154034505697077,-0.010604222884000111,0.06329277818832899,0.062274970372555416,0.9959936760599069,odom,base_link
1723528506.3851082,-7.988132892444792,-8.568937893004383,1.1355688248345446,-0.009289875960239273,0.06136590370216577,0.060640566228990174,0.9962282096963965,odom,base_link
1723528506.518436,-7.52505585592168,-8.621273114796821,1.0980848817357292,-0.011116629532686878,0.060325697629345636,0.06053357823378001,0.9962795374088443,odom,base_link
1723528506.7184243,-6.8885483233670755,-8.694662457371237,1.064990221624219,-0.01209507683195969,0.057148468812315875,0.05847212535110247,0.9965785328742345,odom,base_link
1723528506.8517728,-6.461718836547694,-8.7451123229741,1.0332673056345676,-0.010391322122261556,0.05607853601293257,0.05686999075600379,0.9967512339468708,odom,base_link
1723528506.9851282,-6.030641821461246,-8.802683176750424,1.009182114246827,-0.009185917574817591,0.05586426881129368,0.05580128361507184,0.99683550254563,odom,base_link
1723528507.151821,-5.506753274349936,-8.877122731461455,0.9837539616027813,-0.009678576891360473,0.05450599516832054,0.052266815676170766,0.9970975888142256,odom,base_link
1723528507.2851741,-5.0781126943623205,-8.93660552723879,0.9554343744307665,-0.011027602014924276,0.05562848616898091,0.049999954774479584,0.9971378380358947,odom,base_link
1723528507.4185266,-4.65738916080526,-9.002794736495495,0.9335254031379214,-0.01065628518689975,0.05602434065153533,0.04713008161998887,0.9972594809010689,odom,base_link
1723528507.8853073,-3.210708388164308,-9.231278947990834,0.8619699970604142,-0.009066047562659817,0.05807513570262591,0.03730144854246,0.9975739006867348,odom,base_link
1723528508.0520632,-2.7251198404944343,-9.303232279828157,0.8230079784419948,-0.011758500315499769,0.05607078420789421,0.033873121479204425,0.9977827501364701,odom,base_link
1723528508.352226,-1.8530399971661784,-9.470145272628287,0.773059876847227,-0.010898574657960809,0.057062647872969156,0.027782565519293683,0.9979244482130483,odom,base_link
1723528508.5189857,-1.3582840157498803,-9.565945602316791,0.7418381124944842,-0.01092190106258679,0.058043894837371504,0.0243966074648301,0.9979561232306229,odom,base_link
1723528508.6523938,-0.9756226676195059,-9.634882066672734,0.7216770778811059,-0.01187928676658072,0.05949233784606699,0.020765813843865787,0.9979420450401562,odom,base_link
1723528508.8191369,-0.4908155379035233,-9.727632116099246,0.6890395402344553,-0.01411081806676576,0.06097625217436392,0.016881126223287465,0.9978966925797924,odom,base_link
1723528508.9525099,-0.11786769400784936,-9.812468890924631,0.6709031987462322,-0.014628913136895743,0.06012135778677953,0.013896309797109443,0.9979871290814977,odom,base_link
1723528509.0858824,0.2727160641896271,-9.917600786658577,0.6511452741842632,-0.014586685813571887,0.05852130318531216,0.011204891958584273,0.9981166946137437,odom,base_link
1723528509.2192545,0.665442349825498,-10.010662270511926,0.6258216749501602,-0.015422126879192217,0.05768317548245126,0.008560985233126813,0.9981791015647549,odom,base_link
1723528509.3859692,1.1773141088689232,-10.186117232410922,0.5910119768843998,-0.015080606484850635,0.057650628781878495,0.006766897204284545,0.9981999746600526,odom,base_link
1723528509.5193403,1.5302312789011787,-10.280969264862932,0.5521379395321186,-0.016109317776743647,0.0552036212099905,0.003837947128660536,0.99833777863402,odom,base_link
1723528509.6860528,2.009106564924925,-10.424808830917332,0.4952242037795209,-0.0173290863928201,0.054951613269472205,0.001136898276921863,0.9983379840646056,odom,base_link
1723528509.852766,2.438831410548037,-10.527191124475797,0.44182193035449435,-0.020066099151971186,0.05524989690618829,-0.0015020449652942576,0.9982697753701657,odom,base_link
1723528509.9861355,2.768007949598392,-10.638779099906435,0.42275968118174423,-0.019661437486227378,0.05560796875793171,-0.0015421997262018677,0.9982578841695149,odom,base_link
1723528510.1195042,3.0954871383832216,-10.722526550660419,0.4075641640659371,-0.02013368386814122,0.055108306429626205,-0.0017523979594807092,0.9982758328426808,odom,base_link
1723528510.252872,3.4025078125696075,-10.805675770520516,0.40048068638144385,-0.018405410459169606,0.05611783784374829,-0.0029059592859408197,0.9982502614786539,odom,base_link
1723528510.5196054,4.066209499272884,-10.961543920531431,0.35747237197041004,-0.017933226251302174,0.054092718895057866,-0.005233213541021011,0.9983611524066799,odom,base_link
1723528510.652971,4.402269992088049,-11.034187565881053,0.3391112439911297,-0.018937812459136727,0.05584513605139494,-0.006907148772868532,0.9982359296952265,odom,base_link
1723528510.9197166,4.998664834927301,-11.145161035573,0.3173055461540015,-0.01990687736696892,0.05889335368250903,-0.010244284463817468,0.9980131981899577,odom,base_link
1723528511.0864375,5.387840628368351,-11.244531004076293,0.2948136562777417,-0.01844116830623558,0.05724782180729731,-0.01174432380222093,0.998120574413858,odom,base_link
1723528511.2198143,5.700208115591974,-11.319051447000371,0.27326651331369844,-0.017607478563207397,0.057431859682806084,-0.012929460988266575,0.9981104083369604,odom,base_link
1723528511.3531907,6.006641835191542,-11.39762320118852,0.25856755200286896,-0.017812519125452425,0.05852999874568118,-0.01390733213130806,0.9980298289741772,odom,base_link
1723528511.4865668,6.296774230725974,-11.463977230254297,0.23888784326409507,-0.01912217616865861,0.057845116886062614,-0.015032953776826785,0.998029205550497,odom,base_link
1723528511.653287,6.622566780699419,-11.53014220255827,0.22317239320153615,-0.01883248309818615,0.056183349380916,-0.01666679598023372,0.9981036953866325,odom,base_link
1723528511.7866578,6.875469908758974,-11.607261573859763,0.20990290031671632,-0.01670688222000853,0.05696966436805727,-0.017345405436186245,0.998085404330978,odom,base_link
1723528511.953352,7.174736525954695,-11.69946818218809,0.1938027329429748,-0.015287611515241323,0.056051840129995756,-0.018246851756765624,0.9981440439902286,odom,base_link
1723528512.0867066,7.386617655241146,-11.757302423762614,0.18790662541642233,-0.015796915740574277,0.05538922492667257,-0.018966391005574235,0.9981596902436661,odom,base_link
1723528512.2200596,7.551284366473816,-11.775214013313409,0.17308575824283645,-0.01856598547329889,0.0549529426588723,-0.020443318633998002,0.9981069827427141,odom,base_link
1723528512.3534112,7.736628468340115,-11.83913042269823,0.16177938544551496,-0.019931314084428036,0.05446753035141636,-0.02042206191735959,0.998107694712013,odom,base_link
1723528512.4867616,7.88719132996216,-11.874891259210727,0.1601303398303502,-0.019463191887258202,0.05537218012334432,-0.021196593695496504,0.9980510058336979,odom,base_link
1723528512.6201103,8.014012162797112,-11.900670001211616,0.1546031563910215,-0.019396170411583896,0.056380423776743675,-0.02211670518827614,0.9979758953700908,odom,base_link
1723528512.8201513,8.183381274771891,-11.944798025825198,0.14470079425253357,-0.019542305215690343,0.056504701968145325,-0.022982810902034582,0.997946445138911,odom,base_link
1723528512.9868886,8.291397151141089,-11.978913491124905,0.13674943490665226,-0.019930891859081236,0.056501363920607534,-0.023339847416248016,0.9979306623946371,odom,base_link
1723528513.1202776,8.359033374900994,-12.005495371059315,0.13188581869856475,-0.019620061026522626,0.0564092524453722,-0.023384291070956954,0.9979409924314057,odom,base_link
1723528513.2536664,8.403221256867255,-12.012965824090905,0.13596636968639508,-0.018990607897016433,0.05656726000407549,-0.02366627916630349,0.9979375777761633,odom,base_link
1723528513.4204009,8.43882814614712,-12.025903927238206,0.1271205352364584,-0.018930158695740988,0.05649534844894728,-0.02371484390320566,0.9979416470285387,odom,base_link
1723528513.6871755,8.4189962425614,-12.012499218129067,0.13896977379701636,-0.01925630127396573,0.05402866100863691,-0.024336292447311947,0.998057034202344,odom,base_link
1723528513.8539028,8.413199963705441,-12.010458563034419,0.1351273628110663,-0.01967509128758393,0.05217851922390278,-0.02416583748817435,0.9981514440268678,odom,base_link
1723528514.0206177,8.431277599017843,-12.025019428003269,0.13754122447341444,-0.018987925121512414,0.05263776110058811,-0.023574273873082252,0.9981547868027554,odom,base_link
1723528514.1873322,8.431603163102128,-12.024560926752482,0.1394883512209879,-0.019019620491418917,0.052904686472836006,-0.023531489060297478,0.9981410808138188,odom,base_link
1723528514.3873873,8.430893701230488,-12.027102679684411,0.13919195996994538,-0.019144258908235543,0.05282908792252233,-0.023511093875273947,0.9981431827573221,odom,base_link
1723528514.554098,8.430120319946411,-12.025295688009168,0.13945928484725956,-0.019079534595360634,0.05281158419087137,-0.023441028248156862,0.9981469962533296,odom,base_link
1723528514.8541815,8.430104445571775,-12.02448385203838,0.1384803634413201,-0.019147950076317446,0.05276380744149691,-0.023602372793479504,0.9981444107095271,odom,base_link
1723528514.9875596,8.4331670949069,-12.026180112294938,0.13835664521908142,-0.01892937446592234,0.052857704900650095,-0.02355593606911165,0.9981447087927043,odom,base_link
1723528515.1542807,8.43540674069606,-12.02668396246371,0.13861081356817295,-0.019009648195510948,0.05290067357944404,-0.02350706787380133,0.9981420589126081,odom,base_link
1723528515.287657,8.4274522921368,-12.02624223129028,0.1410572807961421,-0.01875213766489472,0.053181865992485505,-0.023439309322481984,0.9981335808603172,odom,base_link
1723528515.4543767,8.430216562907011,-12.026981719982135,0.14036821800640786,-0.018705249654797453,0.05315232963925432,-0.02349114281925981,0.9981348153923483,odom,base_link
1723528515.5877512,8.429145753592211,-12.030066221012559,0.14210846523004306,-0.018621462254663376,0.053260391223167995,-0.023392757892507138,0.998132932403513,odom,base_link
1723528515.7211251,8.43145585150696,-12.027706001367669,0.14143392594230386,-0.01863161648146373,0.05320975565556464,-0.023484771615710814,0.9981332828197448,odom,base_link
1723528515.854489,8.43348596095462,-12.027457224784602,0.13962930213574354,-0.018658887644837696,0.05303312506725459,-0.0235651378975835,0.9981402796367483,odom,base_link
1723528515.9878433,8.433401109750495,-12.02930579253242,0.14275670692919107,-0.018647634589778167,0.053218689597680405,-0.02347499895118692,0.9981327372779402,odom,base_link
1723528516.1211965,8.433892539799688,-12.029736068208045,0.14085272409695837,-0.018548006482760362,0.05300820634809292,-0.023563295737002315,0.99814371340468,odom,base_link
1723528516.2545485,8.435239204282858,-12.028407301341105,0.14147648786260425,-0.01853305691521906,0.05308555451989113,-0.02359134043627749,0.9981392179245901,odom,base_link
1723528516.554586,8.43592635467829,-12.034326730595971,0.14260800522337203,-0.018290874399587275,0.05312628832111026,-0.02337599124322272,0.9981465846439177,odom,base_link
1723528516.7212718,8.436311243150085,-12.031918703916567,0.1421094814350543,-0.018291424064895683,0.05306597298750521,-0.023491085761915997,0.9981470809486416,odom,base_link
1723528516.8546169,8.436994540544525,-12.033942915291973,0.139444134812585,-0.018440675478115478,0.05292072621284772,-0.023370138006394623,0.9981548852130004,odom,base_link
1723528517.0212939,8.4366915972617,-12.032746619207979,0.14036622556946599,-0.01824377377253387,0.05294562889445728,-0.023492790936753005,0.9981543036392264,odom,base_link
1723528517.1546342,8.436043113484818,-12.033358044991393,0.1426187865673898,-0.018140424000940132,0.053109451105710075,-0.02335562461665135,0.9981507030599551,odom,base_link
1723528517.287973,8.436709754083022,-12.032412068471302,0.13993547744263068,-0.018209069868973957,0.05292102069813044,-0.02346058261805901,0.9981569998782737,odom,base_link
1723528517.5879798,8.43638841281652,-12.033035649107532,0.13885044912978928,-0.018628349837257537,0.05298237424439841,-0.023384064404806778,0.9981478037513678,odom,base_link
1723528517.7213135,8.438067341313284,-12.033013760317576,0.1409194260436164,-0.018356199386381507,0.05304323927347034,-0.02342570721167541,0.9981486367035212,odom,base_link
1723528517.8547366,8.437925904527434,-12.032548442970768,0.14097187050308313,-0.018369965984863727,0.0530810400254479,-0.02349698324440555,0.9981446985873059,odom,base_link
1723528517.9882562,8.435915453217106,-12.032517532789534,0.1412335814338872,-0.01848803265344251,0.05314169433062693,-0.023452789405741827,0.9981403306356103,odom,base_link
1723528518.1551657,8.436660789041078,-12.031570141747158,0.1401140531806404,-0.018401211569612774,0.05300072412436164,-0.023574076191821232,0.9981465731979278,odom,base_link
1723528518.288702,8.437006261476537,-12.029993619670295,0.1405171193253707,-0.01863868590700503,0.05314387305823192,-0.023494985878087897,0.9981364204268969,odom,base_link
1723528518.4556339,8.43711595670947,-12.0282766006712,0.13781356550113877,-0.01873572079637503,0.052978636276847735,-0.023611782043204334,0.9981406316813429,odom,base_link
1723528518.5891876,8.436258183379694,-12.030742861145153,0.13833082844376943,-0.018750452715220575,0.052950289062638344,-0.023437048234420558,0.9981459773906894,odom,base_link
1723528518.7227488,8.434879511623691,-12.03001400653962,0.13865564176261702,-0.01887751871160323,0.053029716234732675,-0.02348004006518511,0.9981383552403414,odom,base_link
1723528518.8562124,8.435372050620902,-12.030392345705561,0.14152664585732233,-0.01873176875447105,0.05322343879233745,-0.023453777779981467,0.9981314075362496,odom,base_link
1723528519.0229132,8.433755006702473,-12.029309112687752,0.13949032441322085,-0.018893669281802233,0.0530431920250493,-0.02361946019084777,0.9981340441750078,odom,base_link
1723528519.156273,8.433296627430947,-12.030127520194075,0.14015564333597208,-0.018691158805455323,0.053050995701486685,-0.02347312677373274,0.9981408942414164,odom,base_link
1723528519.2896316,8.4332887462478,-12.027418902428899,0.1397977364924874,-0.01892006676326135,0.053097559596299505,-0.02360563841837732,0.9981309804196302,odom,base_link
1723528519.5896857,8.434614530477088,-12.03024697368465,0.14168220559820832,-0.01856995817068831,0.053218964822648644,-0.02344594902425871,0.9981348535699456,odom,base_link
1723528519.723041,8.434636597844747,-12.03286444756501,0.14131048764933718,-0.018561400455252727,0.05315924120951653,-0.02335183498972451,0.9981404015917704,odom,base_link
1723528519.8564022,8.436004261517564,-12.03269270062447,0.14228537705539912,-0.018505012791969925,0.053307208568196665,-0.023314191659556012,0.998134437079243,odom,base_link
1723528520.02311,8.437557539418073,-12.0313194543853,0.1402143579730475,-0.018684148543700214,0.05336100864865977,-0.023374182552454083,0.9981268220718245,odom,base_link
1723528520.1564758,8.43676767221125,-12.030925650405827,0.14218583750118174,-0.01868227243397914,0.05336654950879988,-0.02340265584128081,0.9981258937577976,odom,base_link
1723528520.2898412,8.436241310063282,-12.029714895069201,0.14252564240070642,-0.018663623875982964,0.053366688120002025,-0.023461706402606444,0.998124848942053,odom,base_link
1723528520.4232054,8.436602600874092,-12.027943791014856,0.1416220728484816,-0.018874744737924904,0.05324275500754735,-0.023546643481254657,0.9981254974355938,odom,base_link
1723528520.6232507,8.436034390750141,-12.02755143231823,0.13989277319971438,-0.01898036612684024,0.05326777571855317,-0.023563410500612378,0.9981217638431039,odom,base_link
1723528520.7566135,8.435362715336645,-12.028974358380264,0.14149696395478495,-0.01906487718824692,0.05330123957318908,-0.023406564165201482,0.9981220572012918,odom,base_link
1723528520.8900113,8.434153660990312,-12.029699091579186,0.14081193468088693,-0.01892948674268511,0.05321423297170947,-0.023426698778271127,0.9981288041757154,odom,base_link
1723528521.0234208,8.434986068169227,-12.027018972116664,0.1428827616498327,-0.0188428048484299,0.0533831328589301,-0.02360473904418811,0.9981172306529258,odom,base_link
1723528521.1568308,8.4360762397634,-12.026763451547964,0.14209169001976907,-0.018822491999879936,0.05340950687813508,-0.023669821869055144,0.9981146617010673,odom,base_link
1723528521.2902412,8.436466190815946,-12.028662812909666,0.14301568406718457,-0.018866670884917662,0.05346122110816543,-0.023489731545694524,0.9981153135180602,odom,base_link
