stamp,time_from_start_s,x_error_m,y_error_m,z_error_m,yaw_error_rad,yaw_error_deg,position_error_m,relative_x_error_m,relative_y_error_m,relative_z_error_m,relative_yaw_error_rad,relative_yaw_error_deg,relative_position_error_m
1723528336.5872183,0.0,-0.2140863145716878,1.5833339941081377,2.65525796064937,0.12638246886516669,7.241182070417582,3.0988988890535243,0.0,0.0,0.0,0.0,0.0,0.0
1723528336.5872183,0.0,-0.2140863145716878,1.5833339941081377,2.65525796064937,0.12638246886516669,7.241182070417582,3.0988988890535243,0.0,0.0,0.0,0.0,0.0,0.0
1723528336.6875815,0.10036325454711914,-0.2300152037104013,1.5900191573572329,2.659407888910124,0.12023341381754625,6.888867168195316,3.107011141643741,-0.015928889138713487,0.006685163249095183,0.004149928260753999,-0.006149055047620436,-0.3523149022222664,0.017766339561932337
1723528336.6875815,0.10036325454711914,-0.2300152037104013,1.5900191573572329,2.659407888910124,0.12023341381754625,6.888867168195316,3.107011141643741,-0.015928889138713487,0.006685163249095183,0.004149928260753999,-0.006149055047620436,-0.3523149022222664,0.017766339561932337
1723528336.7887585,0.20154023170471191,-0.270559498071826,1.570772190126931,2.7173006800105717,0.11904134104873632,6.820566429670032,3.1502778767688016,-0.05647318350013819,-0.012561803981206765,0.06204271936120165,-0.007341127816430371,-0.42061564074755,0.08483111693025955
1723528336.7887585,0.20154023170471191,-0.270559498071826,1.570772190126931,2.7173006800105717,0.11904134104873632,6.820566429670032,3.1502778767688016,-0.05647318350013819,-0.012561803981206765,0.06204271936120165,-0.007341127816430371,-0.42061564074755,0.08483111693025955
1723528336.8849342,0.2977159023284912,-0.3155051473148447,1.610145576833851,2.7484438547784866,0.124182703755779,7.1151448137295334,3.200946094430427,-0.10141883274315688,0.02681158272571338,0.0931858941291166,-0.0021997651093876858,-0.12603725668804827,0.14031482982167326
1723528336.8849342,0.2977159023284912,-0.3155051473148447,1.610145576833851,2.7484438547784866,0.124182703755779,7.1151448137295334,3.200946094430427,-0.10141883274315688,0.02681158272571338,0.0931858941291166,-0.0021997651093876858,-0.12603725668804827,0.14031482982167326
1723528336.9809725,0.393754243850708,-0.3736597414282201,1.618986481749154,2.749013792807906,0.12757140215932194,7.309302930295265,3.212135685723568,-0.1595734268565323,0.03565248764101625,0.09375583215853611,0.001188933294155259,0.06812085987768238,0.18848059448513388
1723528336.9809725,0.393754243850708,-0.3736597414282201,1.618986481749154,2.749013792807906,0.12757140215932194,7.309302930295265,3.212135685723568,-0.1595734268565323,0.03565248764101625,0.09375583215853611,0.001188933294155259,0.06812085987768238,0.18848059448513388
1723528337.0891008,0.5018825531005859,-0.3785204977246437,1.6584898242427712,2.6922392806760054,0.12198101916549087,6.988997578887034,3.184653608907786,-0.16443418315295588,0.07515583013463356,0.036981320026635345,-0.004401449699675819,-0.2521844915305481,0.1845389319989637
1723528337.0891008,0.5018825531005859,-0.3785204977246437,1.6584898242427712,2.6922392806760054,0.12198101916549087,6.988997578887034,3.184653608907786,-0.16443418315295588,0.07515583013463356,0.036981320026635345,-0.004401449699675819,-0.2521844915305481,0.1845389319989637
1723528337.191556,0.6043376922607422,-0.41644749266397696,1.6476187336438883,2.6417955382403737,0.11956161668193423,6.850376027635769,3.1412035386881807,-0.20236117809228915,0.06428473953575065,-0.01346242240899631,-0.006820852183232459,-0.3908060427818132,0.2127529340648366
1723528337.191556,0.6043376922607422,-0.41644749266397696,1.6476187336438883,2.6417955382403737,0.11956161668193423,6.850376027635769,3.1412035386881807,-0.20236117809228915,0.06428473953575065,-0.01346242240899631,-0.006820852183232459,-0.3908060427818132,0.2127529340648366
1723528337.284115,0.6968967914581299,-0.40974718929223286,1.659685601307693,2.5685299561890655,0.1188649737996139,6.810461330650985,3.08541653430482,-0.19566087472054505,0.07635160719955536,-0.08672800446030449,-0.007517495065552785,-0.43072073976659675,0.22723224369800737
1723528337.284115,0.6968967914581299,-0.40974718929223286,1.659685601307693,2.5685299561890655,0.1188649737996139,6.810461330650985,3.08541653430482,-0.19566087472054505,0.07635160719955536,-0.08672800446030449,-0.007517495065552785,-0.43072073976659675,0.22723224369800737
1723528337.3903787,0.8031604290008545,-0.41763270527052754,1.6293150720278646,2.5858756723795815,0.11099186408350924,6.3593653722747465,3.0847751414735725,-0.20354639069883973,0.04598107791972694,-0.06938228826978854,-0.01539060478165745,-0.8818166981428357,0.21990746831050723
1723528337.3903787,0.8031604290008545,-0.41763270527052754,1.6293150720278646,2.5858756723795815,0.11099186408350924,6.3593653722747465,3.0847751414735725,-0.20354639069883973,0.04598107791972694,-0.06938228826978854,-0.01539060478165745,-0.8818166981428357,0.21990746831050723
1723528337.4045565,0.817338228225708,-0.38648774398490104,1.692247734815595,2.5796336841504517,0.12048918363362882,6.903521699183684,3.1092740497811837,-0.17240142941321324,0.10891374070745741,-0.07562427649891834,-0.00589328523153787,-0.33766037123389814,0.21749364812471023
1723528337.4045565,0.817338228225708,-0.38648774398490104,1.692247734815595,2.5796336841504517,0.12048918363362882,6.903521699183684,3.1092740497811837,-0.17240142941321324,0.10891374070745741,-0.07562427649891834,-0.00589328523153787,-0.33766037123389814,0.21749364812471023
1723528337.490064,0.9028456211090088,-0.40893527322469936,1.6746408103934485,2.611884750242755,0.11576165769889668,6.632654415584893,3.1294714969261572,-0.19484895865301155,0.09130681628531079,-0.043373210406615126,-0.010620811166270004,-0.6085276548326889,0.2195091951816575
1723528337.490064,0.9028456211090088,-0.40893527322469936,1.6746408103934485,2.611884750242755,0.11576165769889668,6.632654415584893,3.1294714969261572,-0.19484895865301155,0.09130681628531079,-0.043373210406615126,-0.010620811166270004,-0.6085276548326889,0.2195091951816575
1723528337.5975602,1.0103418827056885,-0.4020818648797615,1.6751168781760981,2.648810647639121,0.11352229331238672,6.5043482874459695,3.1597285055304996,-0.1879955503080737,0.09178288406796042,-0.006447313010248923,-0.012860175552779962,-0.7368337829716123,0.20930358952612413
1723528337.5975602,1.0103418827056885,-0.4020818648797615,1.6751168781760981,2.648810647639121,0.11352229331238672,6.5043482874459695,3.1597285055304996,-0.1879955503080737,0.09178288406796042,-0.006447313010248923,-0.012860175552779962,-0.7368337829716123,0.20930358952612413
1723528337.6931665,1.1059482097625732,-0.3969412526746936,1.717094535027762,2.666336235288584,0.11318029842318689,6.484753423679774,3.1961421933183853,-0.1828549381030058,0.1337605409196243,0.011078274639213959,-0.013202170441979797,-0.7564286467378071,0.2268271122788156
1723528337.6931665,1.1059482097625732,-0.3969412526746936,1.717094535027762,2.666336235288584,0.11318029842318689,6.484753423679774,3.1961421933183853,-0.1828549381030058,0.1337605409196243,0.011078274639213959,-0.013202170441979797,-0.7564286467378071,0.2268271122788156
1723528337.7962272,1.2090089321136475,-0.4124569825597959,1.7642074098906093,2.64814973835354,0.11109379367017014,6.365205507397929,3.2086205111102166,-0.1983706679881081,0.18087341578247162,-0.007108222295829858,-0.015288675194996548,-0.8759765630196531,0.2685454175350494
1723528337.7962272,1.2090089321136475,-0.4124569825597959,1.7642074098906093,2.64814973835354,0.11109379367017014,6.365205507397929,3.2086205111102166,-0.1983706679881081,0.18087341578247162,-0.007108222295829858,-0.015288675194996548,-0.8759765630196531,0.2685454175350494
1723528337.8067942,1.2195758819580078,-0.39688185830414824,1.8558667348313165,2.6437202821646792,0.11813598722921692,6.768693476845522,3.2543837323267977,-0.18279554373246043,0.2725327407231788,-0.011537678484690783,-0.008246481635949767,-0.47248859357206024,0.32836172675777753
1723528337.8067942,1.2195758819580078,-0.39688185830414824,1.8558667348313165,2.6437202821646792,0.11813598722921692,6.768693476845522,3.2543837323267977,-0.18279554373246043,0.2725327407231788,-0.011537678484690783,-0.008246481635949767,-0.47248859357206024,0.32836172675777753
1723528337.892325,1.3051066398620605,-0.37591890379638215,1.9284494651968345,2.6375642586758676,0.12282096146473553,7.037122727668268,3.2889173873318573,-0.16183258922469435,0.3451154710886968,-0.017693701973502396,-0.003561507400431152,-0.20405934274931428,0.3815855636806363
1723528337.892325,1.3051066398620605,-0.37591890379638215,1.9284494651968345,2.6375642586758676,0.12282096146473553,7.037122727668268,3.2889173873318573,-0.16183258922469435,0.3451154710886968,-0.017693701973502396,-0.003561507400431152,-0.20405934274931428,0.3815855636806363
1723528337.9953716,1.4081532955169678,-0.38767357937407354,1.9239665274633708,2.6180412606537833,0.12102567329590475,6.934260292584494,3.272014371213827,-0.17358726480238573,0.34063253335523314,-0.037216699995586744,-0.005356795569261941,-0.30692177783308844,0.3841199604812787
1723528337.9953716,1.4081532955169678,-0.38767357937407354,1.9239665274633708,2.6180412606537833,0.12102567329590475,6.934260292584494,3.272014371213827,-0.17358726480238573,0.34063253335523314,-0.037216699995586744,-0.005356795569261941,-0.30692177783308844,0.3841199604812787
1723528338.0997345,1.5125162601470947,-0.34934312947174107,1.959591792184689,2.60893952746529,0.11779089990979075,6.748921429878919,3.281555434862791,-0.13525681490005326,0.37625779807655135,-0.04631843318408002,-0.008591568955375937,-0.4922606405386627,0.4025043277319515
1723528338.0997345,1.5125162601470947,-0.34934312947174107,1.959591792184689,2.60893952746529,0.11779089990979075,6.748921429878919,3.281555434862791,-0.13525681490005326,0.37625779807655135,-0.04631843318408002,-0.008591568955375937,-0.4922606405386627,0.4025043277319515
1723528338.1986735,1.6114552021026611,-0.33691130908633227,1.952992587643351,2.606011622188738,0.10705763540047575,6.133950673097615,3.273986232799844,-0.12282499451464446,0.36965859353521324,-0.04924633846063209,-0.019324833464690938,-1.1072313973199668,0.39263043298212835
1723528338.1986735,1.6114552021026611,-0.33691130908633227,1.952992587643351,2.606011622188738,0.10705763540047575,6.133950673097615,3.273986232799844,-0.12282499451464446,0.36965859353521324,-0.04924633846063209,-0.019324833464690938,-1.1072313973199668,0.39263043298212835
1723528338.2991107,1.7118923664093018,-0.3031625628048644,2.0363489583005645,2.605341259155309,0.1044884073792205,5.9867447508729414,3.3206065253376797,-0.08907624823317661,0.4530149641924268,-0.04991670149406113,-0.021894061485946192,-1.2544373195446406,0.4643800306533556
1723528338.2991107,1.7118923664093018,-0.3031625628048644,2.0363489583005645,2.605341259155309,0.1044884073792205,5.9867447508729414,3.3206065253376797,-0.08907624823317661,0.4530149641924268,-0.04991670149406113,-0.021894061485946192,-1.2544373195446406,0.4643800306533556
1723528338.398007,1.810788631439209,-0.30861312515164485,2.0589755569137935,2.613627849286984,0.10348865125552975,5.929462944443102,3.3415075848414344,-0.09452681057995704,0.47564156280565584,-0.041630111362386035,-0.022893817609636935,-1.3117191259744791,0.48672711077016284
1723528338.398007,1.810788631439209,-0.30861312515164485,2.0589755569137935,2.613627849286984,0.10348865125552975,5.929462944443102,3.3415075848414344,-0.09452681057995704,0.47564156280565584,-0.041630111362386035,-0.022893817609636935,-1.3117191259744791,0.48672711077016284
1723528338.503479,1.9162607192993164,-0.3263923261696462,2.096444467013356,2.6230616892391447,0.09631224604345001,5.518285213715247,3.3737314622547334,-0.11230601159795839,0.5131104729052183,-0.0321962714102253,-0.030070222821716674,-1.7228968567023348,0.5262429073524681
1723528338.503479,1.9162607192993164,-0.3263923261696462,2.096444467013356,2.6230616892391447,0.09631224604345001,5.518285213715247,3.3737314622547334,-0.11230601159795839,0.5131104729052183,-0.0321962714102253,-0.030070222821716674,-1.7228968567023348,0.5262429073524681
1723528338.6029298,2.015711545944214,-0.344286054474793,2.164733280602455,2.654306334186999,0.08952628916886997,5.129478524844024,3.442374932972716,-0.13019973990310518,0.5813992864943174,-0.0009516264623710136,-0.03685617969629672,-2.111703545573558,0.595800308996111
1723528338.6029298,2.015711545944214,-0.344286054474793,2.164733280602455,2.654306334186999,0.08952628916886997,5.129478524844024,3.442374932972716,-0.13019973990310518,0.5813992864943174,-0.0009516264623710136,-0.03685617969629672,-2.111703545573558,0.595800308996111
1723528338.701275,2.1140568256378174,-0.3530867635885926,2.1864350735620306,2.6753701141120203,0.081282826461053,4.657162903112626,3.47315042015278,-0.13900044901690478,0.6031010794538929,0.020112153462650273,-0.04509964240411368,-2.5840191673049557,0.6192386741655088
1723528338.701275,2.1140568256378174,-0.3530867635885926,2.1864350735620306,2.6753701141120203,0.081282826461053,4.657162903112626,3.47315042015278,-0.13900044901690478,0.6031010794538929,0.020112153462650273,-0.04509964240411368,-2.5840191673049557,0.6192386741655088
1723528338.8050349,2.2178165912628174,-0.3581167505212335,2.267568553219128,2.671616944616353,0.07544866846221066,4.32289027276647,3.5224496943623476,-0.14403043594954568,0.6842345591109904,0.016358983966982876,-0.05093380040295603,-2.9182917976511122,0.6994206993777491
1723528338.8050349,2.2178165912628174,-0.3581167505212335,2.267568553219128,2.671616944616353,0.07544866846221066,4.32289027276647,3.5224496943623476,-0.14403043594954568,0.6842345591109904,0.016358983966982876,-0.05093380040295603,-2.9182917976511122,0.6994206993777491
1723528338.9052804,2.3180620670318604,-0.35417790224626344,2.4070154443598852,2.6379361347746517,0.07135024546747926,4.088067932508993,3.5885752586474218,-0.14009158767457563,0.8236814502517475,-0.01732182587471831,-0.05503222339768743,-3.153114137908589,0.8356894339870761
1723528338.9052804,2.3180620670318604,-0.35417790224626344,2.4070154443598852,2.6379361347746517,0.07135024546747926,4.088067932508993,3.5885752586474218,-0.14009158767457563,0.8236814502517475,-0.01732182587471831,-0.05503222339768743,-3.153114137908589,0.8356894339870761
1723528338.998014,2.4107956886291504,-0.314026242336908,2.5470709535010414,2.643415243210509,0.07420733517351863,4.251767114355322,3.6842675080784537,-0.0999399277652202,0.9637369593929037,-0.011842717438860895,-0.05217513369164806,-2.98941495606226,0.9689773815822191
1723528338.998014,2.4107956886291504,-0.314026242336908,2.5470709535010414,2.643415243210509,0.07420733517351863,4.251767114355322,3.6842675080784537,-0.0999399277652202,0.9637369593929037,-0.011842717438860895,-0.05217513369164806,-2.98941495606226,0.9689773815822191
1723528339.1038842,2.5166659355163574,-0.3065293532715927,2.6073904284352665,2.618952842432589,0.06612090839328277,3.7884489885062442,3.7082824975450133,-0.09244303869990489,1.0240564343271288,-0.03630511821678084,-0.06026156047188391,-3.452733081911338,1.0288611945736896
1723528339.1038842,2.5166659355163574,-0.3065293532715927,2.6073904284352665,2.618952842432589,0.06612090839328277,3.7884489885062442,3.7082824975450133,-0.09244303869990489,1.0240564343271288,-0.03630511821678084,-0.06026156047188391,-3.452733081911338,1.0288611945736896
1723528339.20684,2.619621753692627,-0.29541396716312107,2.597892533038923,2.611907483629586,0.056340436636224116,3.2280692351798823,3.695723978905173,-0.08132765259143326,1.0145585389307854,-0.043350477019783895,-0.07004203222894256,-4.013112835237699,1.0187357262073642
1723528339.20684,2.619621753692627,-0.29541396716312107,2.597892533038923,2.611907483629586,0.056340436636224116,3.2280692351798823,3.695723978905173,-0.08132765259143326,1.0145585389307854,-0.043350477019783895,-0.07004203222894256,-4.013112835237699,1.0187357262073642
1723528339.3068013,2.719583034515381,-0.27657867319897633,2.664418692600762,2.6011465252582404,0.04952348839249843,2.8374868716552815,3.733843325289892,-0.062492358627288525,1.0810846984926243,-0.054111435391129614,-0.07685898047266826,-4.403695198762301,1.0842405026753883
1723528339.3068013,2.719583034515381,-0.27657867319897633,2.664418692600762,2.6011465252582404,0.04952348839249843,2.8374868716552815,3.733843325289892,-0.062492358627288525,1.0810846984926243,-0.054111435391129614,-0.07685898047266826,-4.403695198762301,1.0842405026753883
1723528339.408388,2.82116961479187,-0.27246338281779714,2.706884241133345,2.615455289869927,0.04414631637365641,2.5293976092597936,3.7738660499786087,-0.05837706824610933,1.1235502470252072,-0.039802670779442995,-0.08223615249151028,-4.711784461157789,1.1257696444160288
1723528339.408388,2.82116961479187,-0.27246338281779714,2.706884241133345,2.615455289869927,0.04414631637365641,2.5293976092597936,3.7738660499786087,-0.05837706824610933,1.1235502470252072,-0.039802670779442995,-0.08223615249151028,-4.711784461157789,1.1257696444160288
1723528339.5089257,2.9217073917388916,-0.2800181664566139,2.7074013602715326,2.612342008427775,0.033495690946510726,1.9191617231096263,3.7726334394083834,-0.06593185188492612,1.1240673661633949,-0.042915952221595166,-0.09288677791865596,-5.322020347307956,1.1268168581103024
1723528339.5089257,2.9217073917388916,-0.2800181664566139,2.7074013602715326,2.612342008427775,0.033495690946510726,1.9191617231096263,3.7726334394083834,-0.06593185188492612,1.1240673661633949,-0.042915952221595166,-0.09288677791865596,-5.322020347307956,1.1268168581103024
1723528339.6080399,3.0208215713500977,-0.256948466777871,2.803601476470554,2.6134162754745778,0.02856210580813201,1.6364881168120597,3.841373241740873,-0.04286215220618317,1.2202674823624164,-0.041841685174792254,-0.09782036305703468,-5.604693953605523,1.2217367225475064
1723528339.6080399,3.0208215713500977,-0.256948466777871,2.803601476470554,2.6134162754745778,0.02856210580813201,1.6364881168120597,3.841373241740873,-0.04286215220618317,1.2202674823624164,-0.041841685174792254,-0.09782036305703468,-5.604693953605523,1.2217367225475064
1723528339.7056074,3.118389129638672,-0.2469171858547412,2.844507847859944,2.614595671496425,0.025476343521278588,1.4596869611947214,3.871473042475574,-0.0328308712830534,1.2611738537518065,-0.0406622891529449,-0.10090612534388811,-5.7814951092228615,1.2622562248828662
1723528339.7056074,3.118389129638672,-0.2469171858547412,2.844507847859944,2.614595671496425,0.025476343521278588,1.4596869611947214,3.871473042475574,-0.0328308712830534,1.2611738537518065,-0.0406622891529449,-0.10090612534388811,-5.7814951092228615,1.2622562248828662
1723528339.8086095,3.221391201019287,-0.20490468187060173,3.033294940044655,2.6089457632990407,0.02442615829537642,1.3995157800435343,4.006177993772744,0.009181632701086073,1.4499609459365175,-0.04631219735032932,-0.10195631056979026,-5.8416662903740475,1.4507294257522985
1723528339.8086095,3.221391201019287,-0.20490468187060173,3.033294940044655,2.6089457632990407,0.02442615829537642,1.3995157800435343,4.006177993772744,0.009181632701086073,1.4499609459365175,-0.04631219735032932,-0.10195631056979026,-5.8416662903740475,1.4507294257522985
1723528339.9113235,3.3241052627563477,-0.19049911314365886,3.1342354310234057,2.6057868409549867,0.01914717806354016,1.0970524926263236,4.080422369030584,0.023587201428028948,1.550901436915268,-0.049471119694383336,-0.10723529080162653,-6.144129577791259,1.551869522473093
1723528339.9113235,3.3241052627563477,-0.19049911314365886,3.1342354310234057,2.6057868409549867,0.01914717806354016,1.0970524926263236,4.080422369030584,0.023587201428028948,1.550901436915268,-0.049471119694383336,-0.10723529080162653,-6.144129577791259,1.551869522473093
1723528340.0115206,3.424302339553833,-0.17492074498244392,3.171139002898549,2.605582268606661,0.014648337092236119,0.8392878922700661,4.1080139728592755,0.03916556958924389,1.5878050087904114,-0.04967569204270905,-0.11173413177293057,-6.401894178147516,1.589064618623513
1723528340.0115206,3.424302339553833,-0.17492074498244392,3.171139002898549,2.605582268606661,0.014648337092236119,0.8392878922700661,4.1080139728592755,0.03916556958924389,1.5878050087904114,-0.04967569204270905,-0.11173413177293057,-6.401894178147516,1.589064618623513
1723528340.1127396,3.5255212783813477,-0.16195150182373652,3.1834496796736005,2.5894700577114254,0.009183077913380355,0.5261516073764969,4.106815716798225,0.05213481274795129,1.6001156855654628,-0.06578790293794468,-0.11719939095178633,-6.715030463041085,1.602315915812443
1723528340.1127396,3.5255212783813477,-0.16195150182373652,3.1834496796736005,2.5894700577114254,0.009183077913380355,0.5261516073764969,4.106815716798225,0.05213481274795129,1.6001156855654628,-0.06578790293794468,-0.11719939095178633,-6.715030463041085,1.602315915812443
1723528340.1268573,3.5396389961242676,-0.12000078793178659,3.395739820657383,2.5867703689631263,0.009565368799757668,0.5480552617122322,4.270460169636068,0.09408552663990122,1.812405826549245,-0.06848759168624374,-0.11681710006540902,-6.69312680870535,1.8161380775281766
1723528340.1268573,3.5396389961242676,-0.12000078793178659,3.395739820657383,2.5867703689631263,0.009565368799757668,0.5480552617122322,4.270460169636068,0.09408552663990122,1.812405826549245,-0.06848759168624374,-0.11681710006540902,-6.69312680870535,1.8161380775281766
1723528340.212726,3.6255078315734863,-0.13058749823839122,3.3623153981042293,2.5843839950719296,-0.0006522750058568505,-0.037372604917468584,4.242789007835402,0.08349881633329659,1.7789814039960916,-0.07087396557744041,-0.12703474387102354,-7.278554675335051,1.78234957488413
1723528340.212726,3.6255078315734863,-0.13058749823839122,3.3623153981042293,2.5843839950719296,-0.0006522750058568505,-0.037372604917468584,4.242789007835402,0.08349881633329659,1.7789814039960916,-0.07087396557744041,-0.12703474387102354,-7.278554675335051,1.78234957488413
1723528340.315727,3.728508710861206,-0.14169317369497492,3.3257856526522005,2.581067618945333,0.0007564301077698232,0.043340252671836894,4.212224734795985,0.07239314087671289,1.7424516585440628,-0.07419034170403682,-0.12562603875739686,-7.197841817745745,1.7455322271476723
1723528340.315727,3.728508710861206,-0.14169317369497492,3.3257856526522005,2.581067618945333,0.0007564301077698232,0.043340252671836894,4.212224734795985,0.07239314087671289,1.7424516585440628,-0.07419034170403682,-0.12562603875739686,-7.197841817745745,1.7455322271476723
1723528340.4169571,3.8297388553619385,-0.1203371532708033,3.369966289108369,2.5753818138655826,-0.0033458808427166975,-0.19170485104134197,4.243082052868378,0.09374916130088451,1.7866322950002314,-0.0798761467837874,-0.1297283497078834,-7.432886921458926,1.7908724302996677
1723528340.4169571,3.8297388553619385,-0.1203371532708033,3.369966289108369,2.5753818138655826,-0.0033458808427166975,-0.19170485104134197,4.243082052868378,0.09374916130088451,1.7866322950002314,-0.0798761467837874,-0.1297283497078834,-7.432886921458926,1.7908724302996677
1723528340.514711,3.927492618560791,-0.1213763511640451,3.3934681234131077,2.5779781115104843,-0.005429952016000383,-0.31111333347537484,4.263370646175387,0.0927099634076427,1.81013412930497,-0.07727984913888575,-0.13181242088116704,-7.5522954038929555,1.8141534881240444
1723528340.514711,3.927492618560791,-0.1213763511640451,3.3934681234131077,2.5779781115104843,-0.005429952016000383,-0.31111333347537484,4.263370646175387,0.0927099634076427,1.81013412930497,-0.07727984913888575,-0.13181242088116704,-7.5522954038929555,1.8141534881240444
1723528340.6184766,4.0312583446502686,-0.11967157905546344,3.4079825412520037,2.583493040931601,-0.008140054862520785,-0.46639078862738453,4.278212545076986,0.09441473551622437,1.824648547143866,-0.071764919717769,-0.13452252372768747,-7.707572859044967,1.8284984732230205
1723528340.6184766,4.0312583446502686,-0.11967157905546344,3.4079825412520037,2.583493040931601,-0.008140054862520785,-0.46639078862738453,4.278212545076986,0.09441473551622437,1.824648547143866,-0.071764919717769,-0.13452252372768747,-7.707572859044967,1.8284984732230205
1723528340.7187655,4.131547212600708,-0.08585017871963174,3.5268329975260784,2.5910998905341796,-0.008908129847646109,-0.510398243624639,4.377181728961137,0.12823613585205607,1.9434990034179407,-0.06415807011519048,-0.1352905987128128,-7.751580314042221,1.948781450236455
1723528340.7187655,4.131547212600708,-0.08585017871963174,3.5268329975260784,2.5910998905341796,-0.008908129847646109,-0.510398243624639,4.377181728961137,0.12823613585205607,1.9434990034179407,-0.06415807011519048,-0.1352905987128128,-7.751580314042221,1.948781450236455
1723528340.818369,4.2311506271362305,-0.06938590244019593,3.574213514407653,2.590667245531736,-0.007638706656464711,-0.43766565235391636,4.414903558074937,0.14470041213149187,1.990879520299515,-0.06459071511763392,-0.1340211755216314,-7.678847722771498,1.9971758645894102
1723528340.818369,4.2311506271362305,-0.06938590244019593,3.574213514407653,2.590667245531736,-0.007638706656464711,-0.43766565235391636,4.414903558074937,0.14470041213149187,1.990879520299515,-0.06459071511763392,-0.1340211755216314,-7.678847722771498,1.9971758645894102
1723528340.916767,4.329548597335815,-0.015881506592016592,3.783848707658443,2.5797210019836343,-0.00827146197617945,-0.47391986163802197,4.579598641013812,0.19820480797967122,2.200514713550305,-0.07553695866573573,-0.13465393084134614,-7.715101932055604,2.2107139078999136
1723528340.916767,4.329548597335815,-0.015881506592016592,3.783848707658443,2.5797210019836343,-0.00827146197617945,-0.47391986163802197,4.579598641013812,0.19820480797967122,2.200514713550305,-0.07553695866573573,-0.13465393084134614,-7.715101932055604,2.2107139078999136
1723528341.0191562,4.43193793296814,0.003941524293246346,3.8448150080103503,2.5677752733487074,-0.013068310565524932,-0.7487590407708007,4.623428147582312,0.21802783886493415,2.2614810139022126,-0.08748268730066266,-0.13945077943069165,-7.989941111188384,2.2736503106981156
1723528341.0191562,4.43193793296814,0.003941524293246346,3.8448150080103503,2.5677752733487074,-0.013068310565524932,-0.7487590407708007,4.623428147582312,0.21802783886493415,2.2614810139022126,-0.08748268730066266,-0.13945077943069165,-7.989941111188384,2.2736503106981156
1723528341.1215484,4.534330129623413,0.018558560025404347,3.9076839826990764,2.5630760550590694,-0.01420086277878396,-0.8136495026687434,4.673296202126535,0.23264487459709215,2.3243499885909387,-0.0921819055903006,-0.14058333164395065,-8.054831573086325,2.3377818569869286
1723528341.1215484,4.534330129623413,0.018558560025404347,3.9076839826990764,2.5630760550590694,-0.01420086277878396,-0.8136495026687434,4.673296202126535,0.23264487459709215,2.3243499885909387,-0.0921819055903006,-0.14058333164395065,-8.054831573086325,2.3377818569869286
1723528341.223932,4.636713743209839,0.03654031878878783,4.005117937532681,2.561801007310608,-0.01028746808406611,-0.5894285030925233,4.754485176073312,0.25062663336047564,2.4217839434245434,-0.09345695333876192,-0.1366699369492328,-7.830610573510105,2.4365109029318752
1723528341.223932,4.636713743209839,0.03654031878878783,4.005117937532681,2.561801007310608,-0.01028746808406611,-0.5894285030925233,4.754485176073312,0.25062663336047564,2.4217839434245434,-0.09345695333876192,-0.1366699369492328,-7.830610573510105,2.4365109029318752
1723528341.323845,4.736626625061035,0.05256180789731957,4.049563616034305,2.5659126995770354,-0.01581437132969743,-0.9060967328443544,4.794333760368481,0.2666481224690074,2.4662296219261677,-0.08934526107233465,-0.14219684019486412,-8.147278803261937,2.482211180572358
1723528341.323845,4.736626625061035,0.05256180789731957,4.049563616034305,2.5659126995770354,-0.01581437132969743,-0.9060967328443544,4.794333760368481,0.2666481224690074,2.4662296219261677,-0.08934526107233465,-0.14219684019486412,-8.147278803261937,2.482211180572358
1723528341.3414848,4.7542665004730225,0.08848146843222793,4.241877582851885,2.5715207020015853,-0.014554416035137407,-0.8339066120909027,4.961257211532173,0.30256778300391574,2.658543588743747,-0.0837372586477847,-0.1409368849003041,-8.075088682508484,2.6770157274562716
1723528341.3414848,4.7542665004730225,0.08848146843222793,4.241877582851885,2.5715207020015853,-0.014554416035137407,-0.8339066120909027,4.961257211532173,0.30256778300391574,2.658543588743747,-0.0837372586477847,-0.1409368849003041,-8.075088682508484,2.6770157274562716
1723528341.4191153,4.831897020339966,0.10979274057479671,4.289924069084492,2.5746008711734945,-0.014721591228214592,-0.8434850450935101,5.004405320339339,0.3238790551464845,2.7065900749763543,-0.08065708947587558,-0.14110406009338128,-8.084667115511092,2.727092415450163
1723528341.4191153,4.831897020339966,0.10979274057479671,4.289924069084492,2.5746008711734945,-0.014721591228214592,-0.8434850450935101,5.004405320339339,0.3238790551464845,2.7065900749763543,-0.08065708947587558,-0.14110406009338128,-8.084667115511092,2.727092415450163
1723528341.521139,4.933920621871948,0.0894395000056818,4.173832779362492,2.56838983375449,-0.0140710347213866,-0.8062109029174923,4.901581972422322,0.3035258145773696,2.590498785254354,-0.08686812689487988,-0.14045350358655329,-8.047392973335075,2.6096662522225644
1723528341.521139,4.933920621871948,0.0894395000056818,4.173832779362492,2.56838983375449,-0.0140710347213866,-0.8062109029174923,4.901581972422322,0.3035258145773696,2.590498785254354,-0.08686812689487988,-0.14045350358655329,-8.047392973335075,2.6096662522225644
1723528341.6273746,5.040156364440918,0.08266373945489391,4.168761060703673,2.556628926211891,-0.01514204650461326,-0.8675753579051603,4.890986970070893,0.2967500540265817,2.5854270665955355,-0.09862903443747895,-0.14152451536977995,-8.108757428322741,2.6042698396448176
1723528341.6273746,5.040156364440918,0.08266373945489391,4.168761060703673,2.556628926211891,-0.01514204650461326,-0.8675753579051603,4.890986970070893,0.2967500540265817,2.5854270665955355,-0.09862903443747895,-0.14152451536977995,-8.108757428322741,2.6042698396448176
1723528341.637978,5.050759792327881,0.13807131661469185,4.3620969431573755,2.5537810426968304,-0.018071831542523675,-1.0354396754580029,5.056555254717617,0.35215763118637966,2.778762949049238,-0.10147691795253966,-0.14445430040769036,-8.276621745875584,2.8028264464801893
1723528341.637978,5.050759792327881,0.13807131661469185,4.3620969431573755,2.5537810426968304,-0.018071831542523675,-1.0354396754580029,5.056555254717617,0.35215763118637966,2.778762949049238,-0.10147691795253966,-0.14445430040769036,-8.276621745875584,2.8028264464801893
1723528341.7226312,5.135412931442261,0.12462840441852308,4.283625056567516,2.561653658331459,-0.012104771562172044,-0.6935523224824385,4.992699202804421,0.3387147189902109,2.700291062459378,-0.09360430231791117,-0.13848724042733873,-7.934734392900021,2.7230610070784382
1723528341.7226312,5.135412931442261,0.12462840441852308,4.283625056567516,2.561653658331459,-0.012104771562172044,-0.6935523224824385,4.992699202804421,0.3387147189902109,2.700291062459378,-0.09360430231791117,-0.13848724042733873,-7.934734392900021,2.7230610070784382
1723528341.8238866,5.236668348312378,0.11019061842944211,4.298955001348027,2.5666922908248084,-0.014666079273051524,-0.8403044443501468,5.008099978213751,0.3242769330011299,2.715621007239889,-0.0885656698245616,-0.1410485481382182,-8.081486514767729,2.736347357721728
1723528341.8238866,5.236668348312378,0.11019061842944211,4.298955001348027,2.5666922908248084,-0.014666079273051524,-0.8403044443501468,5.008099978213751,0.3242769330011299,2.715621007239889,-0.0885656698245616,-0.1410485481382182,-8.081486514767729,2.736347357721728
1723528341.9261258,5.338907480239868,0.10907493610709906,4.287222257300897,2.5591715587504797,-0.01598076030180806,-0.9156301187038136,4.99414968661336,0.32316125067878687,2.703888263192759,-0.09608640189889028,-0.14236322916697472,-8.156812189121394,2.7248261468214277
1723528341.9261258,5.338907480239868,0.10907493610709906,4.287222257300897,2.5591715587504797,-0.01598076030180806,-0.9156301187038136,4.99414968661336,0.32316125067878687,2.703888263192759,-0.09608640189889028,-0.14236322916697472,-8.156812189121394,2.7248261468214277
1723528342.0294237,5.442205429077148,0.11709252606852516,4.334514980744174,2.5584685354403716,-0.01906880058232563,-1.092561793743865,5.0346292837502125,0.33117884064021297,2.7511809866360366,-0.09678942520899847,-0.14545126944749232,-8.333743864161447,2.7727323056053788
1723528342.0294237,5.442205429077148,0.11709252606852516,4.334514980744174,2.5584685354403716,-0.01906880058232563,-1.092561793743865,5.0346292837502125,0.33117884064021297,2.7511809866360366,-0.09678942520899847,-0.14545126944749232,-8.333743864161447,2.7727323056053788
1723528342.1292148,5.541996479034424,0.1851561673866442,4.623870682946084,2.5592879463589497,-0.01573271229038209,-0.9014180145324926,5.288139341139548,0.399242481958332,3.040536688837946,-0.09597001429042029,-0.14211518115554878,-8.142600084950075,3.0681375717546913
1723528342.1292148,5.541996479034424,0.1851561673866442,4.623870682946084,2.5592879463589497,-0.01573271229038209,-0.9014180145324926,5.288139341139548,0.399242481958332,3.040536688837946,-0.09597001429042029,-0.14211518115554878,-8.142600084950075,3.0681375717546913
1723528342.2279887,5.640770435333252,0.18814942107145072,4.593609938327482,2.5471109513798718,-0.018010571871549752,-1.0319297548568371,5.255894468954814,0.4022357356431385,3.0102759442193445,-0.10814700926949827,-0.14439304073671644,-8.27311182527442,3.0389555151380514
1723528342.2279887,5.640770435333252,0.18814942107145072,4.593609938327482,2.5471109513798718,-0.018010571871549752,-1.0319297548568371,5.255894468954814,0.4022357356431385,3.0102759442193445,-0.10814700926949827,-0.14439304073671644,-8.27311182527442,3.0389555151380514
1723528342.329086,5.741867780685425,0.22030233568090551,4.692287084888186,2.5434427609132744,-0.01716203690991769,-0.9833122827860246,5.341834168537719,0.4343886502525933,3.108953090780048,-0.11181519973609566,-0.14354450577508437,-8.224494353203607,3.1411439729867694
1723528342.329086,5.741867780685425,0.22030233568090551,4.692287084888186,2.5434427609132744,-0.01716203690991769,-0.9833122827860246,5.341834168537719,0.4343886502525933,3.108953090780048,-0.11181519973609566,-0.14354450577508437,-8.224494353203607,3.1411439729867694
1723528342.436164,5.848945617675781,0.18033654257817489,4.499469771542898,2.5277461695555052,-0.016738056081955444,-0.9590199707493257,5.164034294165743,0.3944228571498627,2.9161357774347607,-0.1275117910938648,-0.14312052494712213,-8.200202041166907,2.945450138696166
1723528342.436164,5.848945617675781,0.18033654257817489,4.499469771542898,2.5277461695555052,-0.016738056081955444,-0.9590199707493257,5.164034294165743,0.3944228571498627,2.9161357774347607,-0.1275117910938648,-0.14312052494712213,-8.200202041166907,2.945450138696166
1723528342.4468024,5.859584093093872,0.23708169219400332,4.699395404164633,2.5185865548920385,-0.020806239899969325,-1.1921097338049385,5.33702193436941,0.45116800676569113,3.1160614100564956,-0.1366714057573315,-0.147188708765136,-8.43329180422252,3.151518737803075
1723528342.4468024,5.859584093093872,0.23708169219400332,4.699395404164633,2.5185865548920385,-0.020806239899969325,-1.1921097338049385,5.33702193436941,0.45116800676569113,3.1160614100564956,-0.1366714057573315,-0.147188708765136,-8.43329180422252,3.151518737803075
1723528342.531522,5.944303750991821,0.29628479211830694,4.90105459586119,2.5097896053524757,-0.028892693978874284,-1.6554294237525422,5.514269189365715,0.5103711066899947,3.3177206017530523,-0.14546835529689428,-0.15527516284404097,-8.896611494170124,3.359897275250151
1723528342.531522,5.944303750991821,0.29628479211830694,4.90105459586119,2.5097896053524757,-0.028892693978874284,-1.6554294237525422,5.514269189365715,0.5103711066899947,3.3177206017530523,-0.14546835529689428,-0.15527516284404097,-8.896611494170124,3.359897275250151
1723528342.6325314,6.045313119888306,0.2762638565564828,4.848857978246976,2.5183934684526097,-0.01924924903291725,-1.1029007283824397,5.470836414442821,0.4903501711281706,3.265523984138838,-0.13686449219676033,-0.14563171789808393,-8.344082798800022,3.3049692994845947
1723528342.6325314,6.045313119888306,0.2762638565564828,4.848857978246976,2.5183934684526097,-0.01924924903291725,-1.1029007283824397,5.470836414442821,0.4903501711281706,3.265523984138838,-0.13686449219676033,-0.14563171789808393,-8.344082798800022,3.3049692994845947
1723528342.7325048,6.145286560058594,0.2906401084294288,4.853234996296166,2.518541744819255,-0.020960160274696937,-1.2009287216579028,5.475528661444385,0.5047264230011166,3.2699010021880284,-0.13671621583011495,-0.14734262913986362,-8.442110792075484,3.3114487237245096
1723528342.7325048,6.145286560058594,0.2906401084294288,4.853234996296166,2.518541744819255,-0.020960160274696937,-1.2009287216579028,5.475528661444385,0.5047264230011166,3.2699010021880284,-0.13671621583011495,-0.14734262913986362,-8.442110792075484,3.3114487237245096
1723528342.8348937,6.24767541885376,0.28009297328517135,4.865485357979594,2.5267822778069453,-0.018572522614105136,-1.064127160699503,5.489629178900594,0.49417928785685916,3.2821513638714563,-0.12847568284242472,-0.14495499147927182,-8.305309231117086,3.321631638967783
1723528342.8348937,6.24767541885376,0.28009297328517135,4.865485357979594,2.5267822778069453,-0.018572522614105136,-1.064127160699503,5.489629178900594,0.49417928785685916,3.2821513638714563,-0.12847568284242472,-0.14495499147927182,-8.305309231117086,3.321631638967783
1723528342.845453,6.258234739303589,0.3283044453056263,5.067416155042785,2.526536949436726,-0.02131762443345786,-1.221409909282098,5.671849720687694,0.5423907598773141,3.4840821609346477,-0.12872101121264423,-0.14770009329862452,-8.462591979699678,3.528396992866724
1723528342.845453,6.258234739303589,0.3283044453056263,5.067416155042785,2.526536949436726,-0.02131762443345786,-1.221409909282098,5.671849720687694,0.5423907598773141,3.4840821609346477,-0.12872101121264423,-0.14770009329862452,-8.462591979699678,3.528396992866724
1723528342.931308,6.34408974647522,0.33617145955764727,5.04266216978769,2.5301990131516505,-0.01852530648792272,-1.0614218759442937,5.651845721088165,0.5502577741293351,3.459328175679552,-0.1250589474977195,-0.1449077753530894,-8.302603946361875,3.5050498977032305
1723528342.931308,6.34408974647522,0.33617145955764727,5.04266216978769,2.5301990131516505,-0.01852530648792272,-1.0614218759442937,5.651845721088165,0.5502577741293351,3.459328175679552,-0.1250589474977195,-0.1449077753530894,-8.302603946361875,3.5050498977032305
1723528343.0345144,6.447296142578125,0.2961744919205316,4.93010973129585,2.5247118686354795,-0.016224249645577112,-0.9295810304581903,5.546879421071931,0.5102608064922194,3.3467757371877127,-0.13054609201389056,-0.1426067185107438,-8.170763100875773,3.3879663823318182
1723528343.0345144,6.447296142578125,0.2961744919205316,4.93010973129585,2.5247118686354795,-0.016224249645577112,-0.9295810304581903,5.546879421071931,0.5102608064922194,3.3467757371877127,-0.13054609201389056,-0.1426067185107438,-8.170763100875773,3.3879663823318182
1723528343.136706,6.549487829208374,0.2976984388458206,4.867115392902612,2.513748890177484,-0.01871295191825806,-1.0721731671474246,5.486015866837182,0.5117847534175084,3.283781398794474,-0.1415090704718862,-0.14509542078342474,-8.313355237565007,3.3264348371680197
1723528343.136706,6.549487829208374,0.2976984388458206,4.867115392902612,2.513748890177484,-0.01871295191825806,-1.0721731671474246,5.486015866837182,0.5117847534175084,3.283781398794474,-0.1415090704718862,-0.14509542078342474,-8.313355237565007,3.3264348371680197
1723528343.2381167,6.650898456573486,0.31567338692084945,4.891049822033821,2.499910299787561,-0.016936309858832873,-0.9703790754369307,5.501960519288655,0.5297597014925373,3.3077158279256835,-0.15534766086180918,-0.14331877872399956,-8.211561145854512,3.353470178094743
1723528343.2381167,6.650898456573486,0.31567338692084945,4.891049822033821,2.499910299787561,-0.016936309858832873,-0.9703790754369307,5.501960519288655,0.5297597014925373,3.3077158279256835,-0.15534766086180918,-0.14331877872399956,-8.211561145854512,3.353470178094743
1723528343.338574,6.7513556480407715,0.3249057327368092,4.899831993439342,2.5084533855359576,-0.016276661533788594,-0.9325840104490196,5.514186765653101,0.538992047308497,3.3164979993312045,-0.14680457511341238,-0.14265913039895528,-8.173766080866601,3.363216167584819
1723528343.338574,6.7513556480407715,0.3249057327368092,4.899831993439342,2.5084533855359576,-0.016276661533788594,-0.9325840104490196,5.514186765653101,0.538992047308497,3.3164979993312045,-0.14680457511341238,-0.14265913039895528,-8.173766080866601,3.363216167584819
1723528343.4387615,6.851543188095093,0.36399325242778247,5.094990128290476,2.5078138950589723,-0.018150841925325123,-1.039966636930239,5.690390674412541,0.5780795669994703,3.5116561341823385,-0.1474440655903977,-0.1445333107904918,-8.281148707347821,3.5619720019956036
1723528343.4387615,6.851543188095093,0.36399325242778247,5.094990128290476,2.5078138950589723,-0.018150841925325123,-1.039966636930239,5.690390674412541,0.5780795669994703,3.5116561341823385,-0.1474440655903977,-0.1445333107904918,-8.281148707347821,3.5619720019956036
1723528343.5416722,6.954453945159912,0.3869543856103519,5.182608541130513,2.494073536420202,-0.015522352271613471,-0.8893652732787579,5.764509327966571,0.6010407001820397,3.5992745470223753,-0.16118442422916823,-0.14190482113678018,-8.13054734369634,3.6526712973839475
1723528343.5416722,6.954453945159912,0.3869543856103519,5.182608541130513,2.494073536420202,-0.015522352271613471,-0.8893652732787579,5.764509327966571,0.6010407001820397,3.5992745470223753,-0.16118442422916823,-0.14190482113678018,-8.13054734369634,3.6526712973839475
1723528343.6380112,7.050792932510376,0.3983419691310033,5.169012104267999,2.4878382483926953,-0.01574554123132277,-0.9021530587040161,5.750365345663342,0.6124282837026911,3.5856781101598614,-0.16741971225667474,-0.14212801009648945,-8.143335129121597,3.6414537306425747
1723528343.6380112,7.050792932510376,0.3983419691310033,5.169012104267999,2.4878382483926953,-0.01574554123132277,-0.9021530587040161,5.750365345663342,0.6124282837026911,3.5856781101598614,-0.16741971225667474,-0.14212801009648945,-8.143335129121597,3.6414537306425747
1723528343.7414198,7.154201507568359,0.4147068985874114,5.220970565599288,2.4825346292488106,-0.015695682521869477,-0.8992963650803735,5.795989444780733,0.6287932131590992,3.63763657149115,-0.1727233314005594,-0.14207815138703617,-8.140478435497956,3.6956209329928495
1723528343.7414198,7.154201507568359,0.4147068985874114,5.220970565599288,2.4825346292488106,-0.015695682521869477,-0.8992963650803735,5.795989444780733,0.6287932131590992,3.63763657149115,-0.1727233314005594,-0.14207815138703617,-8.140478435497956,3.6956209329928495
1723528343.843956,7.25673770904541,0.4221065280061822,5.187436279708493,2.4936185073610404,-0.016635210850830084,-0.9531273730627952,5.771117945188335,0.63619284257787,3.604102285600355,-0.16163945328832963,-0.14301767971599677,-8.194309443480376,3.663389404755706
1723528343.843956,7.25673770904541,0.4221065280061822,5.187436279708493,2.4936185073610404,-0.016635210850830084,-0.9531273730627952,5.771117945188335,0.63619284257787,3.604102285600355,-0.16163945328832963,-0.14301767971599677,-8.194309443480376,3.663389404755706
1723528343.9401438,7.352925539016724,0.41823150906014206,5.160284871458352,2.497752487427843,-0.017404503498693602,-0.9972045949958185,5.748236689474838,0.6323178236318299,3.576950877350214,-0.15750547322152686,-0.1437869723638603,-8.238386665413401,3.6358233432269085
1723528343.9401438,7.352925539016724,0.41823150906014206,5.160284871458352,2.497752487427843,-0.017404503498693602,-0.9972045949958185,5.748236689474838,0.6323178236318299,3.576950877350214,-0.15750547322152686,-0.1437869723638603,-8.238386665413401,3.6358233432269085
1723528344.0488048,7.4615864753723145,0.43784651927847307,5.264624711190017,2.4894182954202235,-0.017388247573011384,-0.9962731990621491,5.839964586681136,0.6519328338501609,3.681290717081879,-0.1658396652291465,-0.14377071643817807,-8.237455269479732,3.7422480620729077
1723528344.0488048,7.4615864753723145,0.43784651927847307,5.264624711190017,2.4894182954202235,-0.017388247573011384,-0.9962731990621491,5.839964586681136,0.6519328338501609,3.681290717081879,-0.1658396652291465,-0.14377071643817807,-8.237455269479732,3.7422480620729077
1723528344.148327,7.561108827590942,0.42955393130178976,5.272178694574727,2.483080203766216,-0.01661619952725002,-0.9520381044586999,5.84346404675858,0.6436402458734776,3.688844700466589,-0.17217775688315395,-0.1429986683924167,-8.193220174876283,3.7485321354143175
1723528344.148327,7.561108827590942,0.42955393130178976,5.272178694574727,2.483080203766216,-0.01661619952725002,-0.9520381044586999,5.84346404675858,0.6436402458734776,3.688844700466589,-0.17217775688315395,-0.1429986683924167,-8.193220174876283,3.7485321354143175
1723528344.2484674,7.661249160766602,0.44476797369456733,5.256610591345037,2.5009328873781818,-0.019854195413687936,-1.1375616028323143,5.838187969450364,0.6588542882662551,3.6732765972368995,-0.15432507327118827,-0.14623666427885462,-8.378743673249897,3.735085830501795
1723528344.2484674,7.661249160766602,0.44476797369456733,5.256610591345037,2.5009328873781818,-0.019854195413687936,-1.1375616028323143,5.838187969450364,0.6588542882662551,3.6732765972368995,-0.15432507327118827,-0.14623666427885462,-8.378743673249897,3.735085830501795
1723528344.347378,7.760159730911255,0.4471251031345673,5.248764251548245,2.504810693670317,-0.021480293944481366,-1.2307301857192017,5.832968681324209,0.6612114177062551,3.665430257440107,-0.15044726697905286,-0.14786276280964805,-8.471912256136784,3.7276284540179203
1723528344.347378,7.760159730911255,0.4471251031345673,5.248764251548245,2.504810693670317,-0.021480293944481366,-1.2307301857192017,5.832968681324209,0.6612114177062551,3.665430257440107,-0.15044726697905286,-0.14786276280964805,-8.471912256136784,3.7276284540179203
1723528344.4503622,7.8631439208984375,0.4465805577789723,5.220211064916867,2.490168826674212,-0.020849151639552147,-1.1945683953745987,5.800946348847462,0.6606668723506601,3.6368770708087297,-0.16508913397515812,-0.14723162050471883,-8.43575046579218,3.7000824269943715
1723528344.4503622,7.8631439208984375,0.4465805577789723,5.220211064916867,2.490168826674212,-0.020849151639552147,-1.1945683953745987,5.800946348847462,0.6606668723506601,3.6368770708087297,-0.16508913397515812,-0.14723162050471883,-8.43575046579218,3.7000824269943715
1723528344.5512135,7.9639952182769775,0.4520933921445405,5.215537657222313,2.475817828650686,-0.021458866950496924,-1.229502509396241,5.79101851229897,0.6661797067162283,3.6322036631141756,-0.17944013199868403,-0.1478413358156636,-8.470684579813822,3.697147226301958
1723528344.5512135,7.9639952182769775,0.4520933921445405,5.215537657222313,2.475817828650686,-0.021458866950496924,-1.229502509396241,5.79101851229897,0.6661797067162283,3.6322036631141756,-0.17944013199868403,-0.1478413358156636,-8.470684579813822,3.697147226301958
1723528344.6531641,8.065945863723755,0.456953673590796,5.174008869571885,2.4746705781135923,-0.025446432152394394,-1.457973165998198,5.753535340327521,0.6710399881624838,3.5906748754637476,-0.18058738253577777,-0.15182890101756108,-8.69915523641578,3.6573012631899537
1723528344.6531641,8.065945863723755,0.456953673590796,5.174008869571885,2.4746705781135923,-0.025446432152394394,-1.457973165998198,5.753535340327521,0.6710399881624838,3.5906748754637476,-0.18058738253577777,-0.15182890101756108,-8.69915523641578,3.6573012631899537
1723528344.7526317,8.16541337966919,0.469871474277781,5.246196662613052,2.478855520135948,-0.028185790257068577,-1.614926823970985,5.821347207894472,0.6839577888494688,3.662862668504914,-0.17640244051342213,-0.15456825912223526,-8.856108894388568,3.730345695277301
1723528344.7526317,8.16541337966919,0.469871474277781,5.246196662613052,2.478855520135948,-0.028185790257068577,-1.614926823970985,5.821347207894472,0.6839577888494688,3.662862668504914,-0.17640244051342213,-0.15456825912223526,-8.856108894388568,3.730345695277301
1723528344.8520467,8.264828443527222,0.4810730441919162,5.28151258823803,2.483404264396114,-0.03210747267980385,-1.8396226753843559,5.856031355276853,0.695159358763604,3.6981785941298924,-0.17185369625325597,-0.15848994154497054,-9.080804745801938,3.766869408550432
1723528344.8520467,8.264828443527222,0.4810730441919162,5.28151258823803,2.483404264396114,-0.03210747267980385,-1.8396226753843559,5.856031355276853,0.695159358763604,3.6981785941298924,-0.17185369625325597,-0.15848994154497054,-9.080804745801938,3.766869408550432
1723528344.9523077,8.365089416503906,0.47848950109978716,5.209129204303089,2.4884318174662132,-0.0333082294323055,-1.908420969524535,5.792777587648628,0.692575815671475,3.6257952101949513,-0.1668261431831568,-0.15969069829747218,-9.149603039942116,3.6951161184426975
1723528344.9523077,8.365089416503906,0.47848950109978716,5.209129204303089,2.4884318174662132,-0.0333082294323055,-1.908420969524535,5.792777587648628,0.692575815671475,3.6257952101949513,-0.1668261431831568,-0.15969069829747218,-9.149603039942116,3.6951161184426975
1723528345.0565631,8.469344854354858,0.5082226452844694,5.2347309218354425,2.4962149384716734,-0.03575707703193487,-2.04872960165404,5.821665320185387,0.7223089598561572,3.651396927727305,-0.1590430221776966,-0.16213954589710156,-9.289911672071621,3.7255502197941577
1723528345.0565631,8.469344854354858,0.5082226452844694,5.2347309218354425,2.4962149384716734,-0.03575707703193487,-2.04872960165404,5.821665320185387,0.7223089598561572,3.651396927727305,-0.1590430221776966,-0.16213954589710156,-9.289911672071621,3.7255502197941577
1723528345.0636077,8.476389408111572,0.5707442874198136,5.416950851779909,2.500260945297127,-0.04154090036016389,-2.380118267810872,5.993363860704564,0.7848306019915015,3.833616857671771,-0.15499701535224286,-0.16792336922533058,-9.621300338228455,3.916197308616565
1723528345.0636077,8.476389408111572,0.5707442874198136,5.416950851779909,2.500260945297127,-0.04154090036016389,-2.380118267810872,5.993363860704564,0.7848306019915015,3.833616857671771,-0.15499701535224286,-0.16792336922533058,-9.621300338228455,3.916197308616565
1723528345.1558883,8.56867003440857,0.5556824844793482,5.2816646876276465,2.489597524109036,-0.04036126113235694,-2.312529918709463,5.865395189425843,0.769768799051036,3.698330693519509,-0.16566043654033402,-0.16674372999752363,-9.553711989127045,3.781221668040066
1723528345.1558883,8.56867003440857,0.5556824844793482,5.2816646876276465,2.489597524109036,-0.04036126113235694,-2.312529918709463,5.865395189425843,0.769768799051036,3.698330693519509,-0.16566043654033402,-0.16674372999752363,-9.553711989127045,3.781221668040066
1723528345.252269,8.665050745010376,0.6110495595246235,5.457651243596402,2.4764264956684396,-0.04540342908736683,-2.6014248621276383,6.024286418271732,0.8251358740963113,3.8743172494882643,-0.1788314649809304,-0.17178589795253352,-9.84260693254522,3.9652445136801107
1723528345.252269,8.665050745010376,0.6110495595246235,5.457651243596402,2.4764264956684396,-0.04540342908736683,-2.6014248621276383,6.024286418271732,0.8251358740963113,3.8743172494882643,-0.1788314649809304,-0.17178589795253352,-9.84260693254522,3.9652445136801107
1723528345.3585434,8.77132511138916,0.6095708608960138,5.4497049461476195,2.462717680946664,-0.04636861148405225,-2.6567257399180346,6.011309259268454,0.8236571754677016,3.866370952039482,-0.19254027970270604,-0.17275108034921893,-9.897907810335616,3.9578159685339234
1723528345.3585434,8.77132511138916,0.6095708608960138,5.4497049461476195,2.462717680946664,-0.04636861148405225,-2.6567257399180346,6.011309259268454,0.8236571754677016,3.866370952039482,-0.19254027970270604,-0.17275108034921893,-9.897907810335616,3.9578159685339234
1723528345.4578235,8.870605230331421,0.6106868209545055,5.409286985723767,2.4677761469161847,-0.050267102177470775,-2.8800928031219457,5.9768924365841265,0.8247731355261934,3.8259529916156296,-0.1874818137331853,-0.17664957104263745,-10.121274873539527,3.918330824422432
1723528345.4578235,8.870605230331421,0.6106868209545055,5.409286985723767,2.4677761469161847,-0.050267102177470775,-2.8800928031219457,5.9768924365841265,0.8247731355261934,3.8259529916156296,-0.1874818137331853,-0.17664957104263745,-10.121274873539527,3.918330824422432
1723528345.5575824,8.970364093780518,0.6241974939404429,5.351094403887615,2.4761108240836363,-0.056591228084449385,-3.242438526701164,5.929161715108049,0.8382838085121307,3.767760409779477,-0.17914713656573378,-0.18297369694961607,-10.483620597118746,3.8640434709841087
1723528345.5575824,8.970364093780518,0.6241974939404429,5.351094403887615,2.4761108240836363,-0.056591228084449385,-3.242438526701164,5.929161715108049,0.8382838085121307,3.767760409779477,-0.17914713656573378,-0.18297369694961607,-10.483620597118746,3.8640434709841087
1723528345.6591809,9.071962594985962,0.6243373233029246,5.362173811833301,2.4699588082588204,-0.05921459863231182,-3.392746587192604,5.936615331657869,0.8384236378746124,3.7788398177251636,-0.18529915239054962,-0.1855970674974785,-10.633928657610186,3.875167137098567
1723528345.6591809,9.071962594985962,0.6243373233029246,5.362173811833301,2.4699588082588204,-0.05921459863231182,-3.392746587192604,5.936615331657869,0.8384236378746124,3.7788398177251636,-0.18529915239054962,-0.1855970674974785,-10.633928657610186,3.875167137098567
1723528345.7580264,9.17080807685852,0.6266751802065826,5.309557602648731,2.466651864576848,-0.06454616975537332,-3.6982231107178527,5.887995850741772,0.8407614947782704,3.726223608540593,-0.188606096072522,-0.19092863862054,-10.939405181135434,3.824551546446039
1723528345.7580264,9.17080807685852,0.6266751802065826,5.309557602648731,2.466651864576848,-0.06454616975537332,-3.6982231107178527,5.887995850741772,0.8407614947782704,3.726223608540593,-0.188606096072522,-0.19092863862054,-10.939405181135434,3.824551546446039
1723528345.8621366,9.2749183177948,0.6417201886893551,5.307234195034582,2.472300922225554,-0.0701758415858329,-4.020779546646875,5.8898906145660455,0.8558065032610429,3.723900200926444,-0.18295703842381617,-0.19655831045099958,-11.261961617064458,3.8253510630258125
1723528345.8621366,9.2749183177948,0.6417201886893551,5.307234195034582,2.472300922225554,-0.0701758415858329,-4.020779546646875,5.8898906145660455,0.8558065032610429,3.723900200926444,-0.18295703842381617,-0.19655831045099958,-11.261961617064458,3.8253510630258125
1723528345.9620411,9.374822854995728,0.669600721584203,5.344021230882937,2.4677353243184847,-0.07049943890993804,-4.0393203075798265,5.9242422024561865,0.8836870361558908,3.7606872367747997,-0.18752263633088528,-0.1968819077751047,-11.280502377997408,3.8676654469909035
1723528345.9620411,9.374822854995728,0.669600721584203,5.344021230882937,2.4677353243184847,-0.07049943890993804,-4.0393203075798265,5.9242422024561865,0.8836870361558908,3.7606872367747997,-0.18752263633088528,-0.1968819077751047,-11.280502377997408,3.8676654469909035
1723528346.0606854,9.473467111587524,0.6853248963090408,5.324645229734664,2.4632103200483866,-0.07109903854188349,-4.073674835887898,5.906684528297578,0.8994112108807286,3.741311235626526,-0.19204764060098345,-0.19748150740705017,-11.31485690630548,3.852691602547967
1723528346.0606854,9.473467111587524,0.6853248963090408,5.324645229734664,2.4632103200483866,-0.07109903854188349,-4.073674835887898,5.906684528297578,0.8994112108807286,3.741311235626526,-0.19204764060098345,-0.19748150740705017,-11.31485690630548,3.852691602547967
1723528346.1629288,9.575710535049438,0.7028866357920975,5.247139980295842,2.4613458383258378,-0.0775913017744243,-4.445654118600448,5.838214704123008,0.9169729503637853,3.663805986187704,-0.19391212232353228,-0.203973770639591,-11.68683618901803,3.7817873561727047
1723528346.1629288,9.575710535049438,0.7028866357920975,5.247139980295842,2.4613458383258378,-0.0775913017744243,-4.445654118600448,5.838214704123008,0.9169729503637853,3.663805986187704,-0.19391212232353228,-0.203973770639591,-11.68683618901803,3.7817873561727047
1723528346.267331,9.680112600326538,0.7225056484584655,5.209700361336893,2.4535187073579294,-0.07730475387002089,-4.429236133049814,5.803683857199966,0.9365919630301534,3.626366367228755,-0.2017392532914406,-0.20368722273518758,-11.670418203467396,3.7507914179409045
1723528346.267331,9.680112600326538,0.7225056484584655,5.209700361336893,2.4535187073579294,-0.07730475387002089,-4.429236133049814,5.803683857199966,0.9365919630301534,3.626366367228755,-0.2017392532914406,-0.20368722273518758,-11.670418203467396,3.7507914179409045
1723528346.36982,9.782601833343506,0.7346472133786648,5.190945594713014,2.4380975095661137,-0.0813959117536962,-4.663642213106083,5.781863208477693,0.9487335279503526,3.6076116006048764,-0.21716045108325632,-0.2077783806188629,-11.904824283523666,3.736591418577991
1723528346.36982,9.782601833343506,0.7346472133786648,5.190945594713014,2.4380975095661137,-0.0813959117536962,-4.663642213106083,5.781863208477693,0.9487335279503526,3.6076116006048764,-0.21716045108325632,-0.2077783806188629,-11.904824283523666,3.736591418577991
1723528346.4767373,9.889518976211548,0.7312233628511535,5.149556627467952,2.438992372915593,-0.08567692214127208,-4.908926040365846,5.744676218989099,0.9453096774228413,3.566222633359814,-0.21626558773377713,-0.2120593910064388,-12.15010811078343,3.6957171240985045
1723528346.4767373,9.889518976211548,0.7312233628511535,5.149556627467952,2.438992372915593,-0.08567692214127208,-4.908926040365846,5.744676218989099,0.9453096774228413,3.566222633359814,-0.21626558773377713,-0.2120593910064388,-12.15010811078343,3.6957171240985045
1723528346.5668123,9.979593992233276,0.7452061660594396,5.107968643885506,2.442294179118161,-0.08642823437063817,-4.951973060205088,5.71064591392296,0.9592924806311274,3.5246346497773686,-0.21296378153120887,-0.21281070323580487,-12.19315513062267,3.659049746867447
1723528346.5668123,9.979593992233276,0.7452061660594396,5.107968643885506,2.442294179118161,-0.08642823437063817,-4.951973060205088,5.71064591392296,0.9592924806311274,3.5246346497773686,-0.21296378153120887,-0.21281070323580487,-12.19315513062267,3.659049746867447
1723528346.6662035,10.078985214233398,0.8408683471071257,5.407683994077203,2.436583694437042,-0.0887942738094636,-5.087537134211287,5.990579759669502,1.0549546616788135,3.8243499999690655,-0.21867426621232822,-0.21517674267463027,-12.328719204628868,3.973210376404042
1723528346.6662035,10.078985214233398,0.8408683471071257,5.407683994077203,2.436583694437042,-0.0887942738094636,-5.087537134211287,5.990579759669502,1.0549546616788135,3.8243499999690655,-0.21867426621232822,-0.21517674267463027,-12.328719204628868,3.973210376404042
1723528346.7709785,10.183760166168213,0.8361414747670182,5.284417595084733,2.434248441562853,-0.09228625755350461,-5.2876130648731285,5.877905014570911,1.050227789338706,3.7010836009765953,-0.2210095190865169,-0.2186687264186713,-12.52879513529071,3.8535494597116564
1723528346.7709785,10.183760166168213,0.8361414747670182,5.284417595084733,2.434248441562853,-0.09228625755350461,-5.2876130648731285,5.877905014570911,1.050227789338706,3.7010836009765953,-0.2210095190865169,-0.2186687264186713,-12.52879513529071,3.8535494597116564
1723528346.8699527,10.282734394073486,0.8485693438509685,5.2284568536629905,2.4374551881088102,-0.09290053418440891,-5.32280852327746,5.830782005527022,1.0626556584226563,3.645122859554853,-0.2178027725405598,-0.21928300304957563,-12.563990593695044,3.803103437635294
1723528346.8699527,10.282734394073486,0.8485693438509685,5.2284568536629905,2.4374551881088102,-0.09290053418440891,-5.32280852327746,5.830782005527022,1.0626556584226563,3.645122859554853,-0.2178027725405598,-0.21928300304957563,-12.563990593695044,3.803103437635294
1723528346.9693325,10.382114171981812,0.9058318931620235,5.279355195613654,2.428403219217362,-0.09362730304004607,-5.364449311387022,5.88126388586906,1.1199182077337113,3.6960212015055163,-0.22685474143200812,-0.22000977190521276,-12.605631381804605,3.868624120756881
1723528346.9693325,10.382114171981812,0.9058318931620235,5.279355195613654,2.428403219217362,-0.09362730304004607,-5.364449311387022,5.88126388586906,1.1199182077337113,3.6960212015055163,-0.22685474143200812,-0.22000977190521276,-12.605631381804605,3.868624120756881
1723528347.0724661,10.48524785041809,0.9424755645219918,5.292878650032343,2.4136892137167147,-0.09372637577272225,-5.370125760834195,5.893107856988675,1.1565618790936796,3.709544655924205,-0.2415687469326553,-0.22010884463788893,-12.611307831251777,3.8931622614480306
1723528347.0724661,10.48524785041809,0.9424755645219918,5.292878650032343,2.4136892137167147,-0.09372637577272225,-5.370125760834195,5.893107856988675,1.1565618790936796,3.709544655924205,-0.2415687469326553,-0.22010884463788893,-12.611307831251777,3.8931622614480306
1723528347.1691937,10.58197546005249,0.9305365009706463,5.241232230271045,2.4121799900683603,-0.09374617410978825,-5.3712601219894545,5.844230126865034,1.1446228155423341,3.6578982361629073,-0.24307797058100977,-0.22012864297495494,-12.612442192407036,3.8405035862195924
1723528347.1691937,10.58197546005249,0.9305365009706463,5.241232230271045,2.4121799900683603,-0.09374617410978825,-5.3712601219894545,5.844230126865034,1.1446228155423341,3.6578982361629073,-0.24307797058100977,-0.22012864297495494,-12.612442192407036,3.8405035862195924
1723528347.272084,10.684865713119507,0.9161717629881494,5.170629688089413,2.4154766054927235,-0.09165925606069325,-5.251688525586635,5.780078658835976,1.1302580775598372,3.5872956939812752,-0.23978135515664656,-0.21804172492585994,-12.492870596004217,3.7687755062124113
1723528347.272084,10.684865713119507,0.9161717629881494,5.170629688089413,2.4154766054927235,-0.09165925606069325,-5.251688525586635,5.780078658835976,1.1302580775598372,3.5872956939812752,-0.23978135515664656,-0.21804172492585994,-12.492870596004217,3.7687755062124113
1723528347.3830245,10.795806169509888,0.9429600548607695,5.117893453718118,2.404751871149207,-0.09239263629093396,-5.2937081175577605,5.732786288574641,1.1570463694324573,3.53455945960998,-0.25050608950016295,-0.21877510515610066,-12.534890187975343,3.727548815966317
1723528347.3830245,10.795806169509888,0.9429600548607695,5.117893453718118,2.404751871149207,-0.09239263629093396,-5.2937081175577605,5.732786288574641,1.1570463694324573,3.53455945960998,-0.25050608950016295,-0.21877510515610066,-12.534890187975343,3.727548815966317
1723528347.4786563,10.891438007354736,0.984524791935506,5.112315682484244,2.4003234686345003,-0.09150480706518627,-5.2428392499940495,5.732941082671926,1.1986111065071938,3.5289816883761063,-0.25493449201486973,-0.21788727593035295,-12.484021320411632,3.7356889507499353
1723528347.4786563,10.891438007354736,0.984524791935506,5.112315682484244,2.4003234686345003,-0.09150480706518627,-5.2428392499940495,5.732941082671926,1.1986111065071938,3.5289816883761063,-0.25493449201486973,-0.21788727593035295,-12.484021320411632,3.7356889507499353
1723528347.5740147,10.986796379089355,0.9935612156188043,5.091366090965792,2.399854814918765,-0.08967785039278864,-5.138162343312401,5.715634321237406,1.207647530190492,3.5080320968576544,-0.2554031457306052,-0.21606031925795532,-12.379344413729983,3.7188617232437933
1723528347.5740147,10.986796379089355,0.9935612156188043,5.091366090965792,2.399854814918765,-0.08967785039278864,-5.138162343312401,5.715634321237406,1.207647530190492,3.5080320968576544,-0.2554031457306052,-0.21606031925795532,-12.379344413729983,3.7188617232437933
1723528347.6735945,11.086376190185547,1.0743471848813044,5.342318716137449,2.4013290828882825,-0.09201710420133336,-5.272191713751917,5.954911628460992,1.2884334994529922,3.758984722029311,-0.2539288777610875,-0.21839957306650004,-12.513373784169499,3.981771828963014
1723528347.6735945,11.086376190185547,1.0743471848813044,5.342318716137449,2.4013290828882825,-0.09201710420133336,-5.272191713751917,5.954911628460992,1.2884334994529922,3.758984722029311,-0.2539288777610875,-0.21839957306650004,-12.513373784169499,3.981771828963014
1723528347.7815747,11.194356441497803,1.0745664638917916,5.276873287641649,2.392179222409495,-0.09024810262063455,-5.170835389225904,5.892589092349355,1.2886527784634794,3.6935392935335116,-0.26307873823987515,-0.2166305714858012,-12.412017459643485,3.9207230097051693
1723528347.7815747,11.194356441497803,1.0745664638917916,5.276873287641649,2.392179222409495,-0.09024810262063455,-5.170835389225904,5.892589092349355,1.2886527784634794,3.6935392935335116,-0.26307873823987515,-0.2166305714858012,-12.412017459643485,3.9207230097051693
1723528347.8802614,11.29304313659668,1.109188667890308,5.297567223494816,2.386365295743934,-0.08921600515713557,-5.111700560521255,5.915171790671331,1.3232749824619958,3.7142332293866787,-0.2688926649054362,-0.21559847402230223,-12.352882630938835,3.952073939937098
1723528347.8802614,11.29304313659668,1.109188667890308,5.297567223494816,2.386365295743934,-0.08921600515713557,-5.111700560521255,5.915171790671331,1.3232749824619958,3.7142332293866787,-0.2688926649054362,-0.21559847402230223,-12.352882630938835,3.952073939937098
1723528347.983968,11.39674973487854,1.1453415919099257,5.299520718967315,2.3590049862056377,-0.08777101024969937,-5.028908450907264,5.912836183919327,1.3594279064816135,3.7161867248591776,-0.29625297444373233,-0.21415347911486604,-12.270090521324844,3.9681045641221857
1723528347.983968,11.39674973487854,1.1453415919099257,5.299520718967315,2.3590049862056377,-0.08777101024969937,-5.028908450907264,5.912836183919327,1.3594279064816135,3.7161867248591776,-0.29625297444373233,-0.21415347911486604,-12.270090521324844,3.9681045641221857
1723528348.0810723,11.49385404586792,1.1507671480621937,5.223559615910894,2.358643466472813,-0.08569494374905928,-4.909958602432093,5.845771043409863,1.3648534626338815,3.640225621802756,-0.29661449417655694,-0.21207741261422594,-12.151140672849673,3.8989803423778087
1723528348.0810723,11.49385404586792,1.1507671480621937,5.223559615910894,2.358643466472813,-0.08569494374905928,-4.909958602432093,5.845771043409863,1.3648534626338815,3.640225621802756,-0.29661449417655694,-0.21207741261422594,-12.151140672849673,3.8989803423778087
1723528348.092065,11.504846811294556,1.2402245133512224,5.446064404112448,2.351421316467073,-0.09015388811589942,-5.165437295735666,6.060276936311879,1.4543108279229102,3.8627304100043105,-0.30383664418229683,-0.21653635698106607,-12.406619366153246,4.138601564651259
1723528348.092065,11.504846811294556,1.2402245133512224,5.446064404112448,2.351421316467073,-0.09015388811589942,-5.165437295735666,6.060276936311879,1.4543108279229102,3.8627304100043105,-0.30383664418229683,-0.21653635698106607,-12.406619366153246,4.138601564651259
1723528348.180441,11.593222618103027,1.2370128955338373,5.362424019798581,2.348504738390002,-0.07614055250053299,-4.362532308074807,5.983415979026536,1.4510992101055251,3.7790900256904436,-0.30675322225936785,-0.20252302136569966,-11.603714378492388,4.059717709300535
1723528348.180441,11.593222618103027,1.2370128955338373,5.362424019798581,2.348504738390002,-0.07614055250053299,-4.362532308074807,5.983415979026536,1.4510992101055251,3.7790900256904436,-0.30675322225936785,-0.20252302136569966,-11.603714378492388,4.059717709300535
1723528348.2901137,11.702895402908325,1.186571453982495,5.207949033820363,2.3417613813592526,-0.08154652227773251,-4.672271560483618,5.832197812274733,1.4006577685541828,3.624615039712225,-0.3134965792901174,-0.2079289911428992,-11.9134536309012,3.898455652684258
1723528348.2901137,11.702895402908325,1.186571453982495,5.207949033820363,2.3417613813592526,-0.08154652227773251,-4.672271560483618,5.832197812274733,1.4006577685541828,3.624615039712225,-0.3134965792901174,-0.2079289911428992,-11.9134536309012,3.898455652684258
1723528348.3860648,11.79884648323059,1.1773610445831721,5.188302799103585,2.344206420446165,-0.08034542253181054,-4.603453614268053,5.813774050145834,1.39144735915486,3.6049688049954476,-0.31105154020320525,-0.20672789139697723,-11.844635684685635,3.8766840081378993
1723528348.3860648,11.79884648323059,1.1773610445831721,5.188302799103585,2.344206420446165,-0.08034542253181054,-4.603453614268053,5.813774050145834,1.39144735915486,3.6049688049954476,-0.31105154020320525,-0.20672789139697723,-11.844635684685635,3.8766840081378993
1723528348.483692,11.89647364616394,1.2535562818567811,5.397853657356247,2.3346771719043518,-0.08399015978963131,-4.812281676575268,6.013230825024774,1.467642596428469,3.8145196632481095,-0.3205807887450183,-0.210372628654798,-12.05346374699285,4.099671583708889
1723528348.483692,11.89647364616394,1.2535562818567811,5.397853657356247,2.3346771719043518,-0.08399015978963131,-4.812281676575268,6.013230825024774,1.467642596428469,3.8145196632481095,-0.3205807887450183,-0.210372628654798,-12.05346374699285,4.099671583708889
1723528348.583941,11.99672269821167,1.2630853643136888,5.40174453132866,2.34776939773476,-0.08140369158238037,-4.664087964455021,6.023806916246765,1.4771716788853766,3.8184105372205224,-0.30748856291461024,-0.20778616044754705,-11.905270034872602,4.105708759274219
1723528348.583941,11.99672269821167,1.2630853643136888,5.40174453132866,2.34776939773476,-0.08140369158238037,-4.664087964455021,6.023806916246765,1.4771716788853766,3.8184105372205224,-0.30748856291461024,-0.20778616044754705,-11.905270034872602,4.105708759274219
1723528348.6848953,12.097676992416382,1.2821674557527203,5.365667600541325,2.3366359048073955,-0.07816001683784046,-4.4782390914797086,5.991177641810112,1.496253770324408,3.7823336064331876,-0.31862205584197456,-0.20454248570300715,-11.71942116189729,4.079992998772529
1723528348.6848953,12.097676992416382,1.2821674557527203,5.365667600541325,2.3366359048073955,-0.07816001683784046,-4.4782390914797086,5.991177641810112,1.496253770324408,3.7823336064331876,-0.31862205584197456,-0.20454248570300715,-11.71942116189729,4.079992998772529
1723528348.7935543,12.20633602142334,1.3115398085142118,5.348059144272117,2.3195230680590515,-0.07711221818625846,-4.418204650964562,5.975120127931168,1.5256261230858996,3.7647251501639794,-0.3357348925903185,-0.20349468705142515,-11.659386721382143,4.0759549116522305
1723528348.7935543,12.20633602142334,1.3115398085142118,5.348059144272117,2.3195230680590515,-0.07711221818625846,-4.418204650964562,5.975120127931168,1.5256261230858996,3.7647251501639794,-0.3357348925903185,-0.20349468705142515,-11.659386721382143,4.0759549116522305
1723528348.8859549,12.298736572265625,1.3508101344719847,5.390652508925381,2.3092487341743224,-0.07603233572503144,-4.356331943566054,6.018010652006312,1.5648964490436725,3.8073185148172435,-0.3460092264750476,-0.20241480459019812,-11.597514013983634,4.130895490605583
1723528348.8859549,12.298736572265625,1.3508101344719847,5.390652508925381,2.3092487341743224,-0.07603233572503144,-4.356331943566054,6.018010652006312,1.5648964490436725,3.8073185148172435,-0.3460092264750476,-0.20241480459019812,-11.597514013983634,4.130895490605583
1723528348.9856646,12.398446321487427,1.3569578042299781,5.37813647996391,2.309030656067464,-0.0738681493078921,-4.23233319578443,6.008103615138356,1.571044118801666,3.7948024858557723,-0.3462273045819062,-0.20025061817305878,-11.473515266202012,4.121720378230006
1723528348.9856646,12.398446321487427,1.3569578042299781,5.37813647996391,2.309030656067464,-0.0738681493078921,-4.23233319578443,6.008103615138356,1.571044118801666,3.7948024858557723,-0.3462273045819062,-0.20025061817305878,-11.473515266202012,4.121720378230006
1723528349.0957575,12.508539199829102,1.3394011680151152,5.311761224291779,2.305089802747022,-0.07351131961638258,-4.21188836045598,5.943251785975272,1.553487482586803,3.728427230183641,-0.3501681579023481,-0.19989378848154926,-11.453070430873561,4.054270675243263
1723528349.0957575,12.508539199829102,1.3394011680151152,5.311761224291779,2.305089802747022,-0.07351131961638258,-4.21188836045598,5.943251785975272,1.553487482586803,3.728427230183641,-0.3501681579023481,-0.19989378848154926,-11.453070430873561,4.054270675243263
1723528349.1967485,12.609530210494995,1.341610403994494,5.2807152005449005,2.3070766078188063,-0.07188819346600628,-4.118890082422101,5.916795921756721,1.5556967185661819,3.697381206436763,-0.34818135283056373,-0.19827066233117296,-11.360072152839683,4.026419044303298
1723528349.1967485,12.609530210494995,1.341610403994494,5.2807152005449005,2.3070766078188063,-0.07188819346600628,-4.118890082422101,5.916795921756721,1.5556967185661819,3.697381206436763,-0.34818135283056373,-0.19827066233117296,-11.360072152839683,4.026419044303298
1723528349.2935553,12.706336975097656,1.3633407103993136,5.336070367508121,2.293922290652058,-0.06978139958773277,-3.9981796848930307,5.96610629600083,1.5774270249710014,3.7527363733999834,-0.3613356699973118,-0.19616386845289946,-11.239361755310613,4.08679211286316
1723528349.2935553,12.706336975097656,1.3633407103993136,5.336070367508121,2.293922290652058,-0.06978139958773277,-3.9981796848930307,5.96610629600083,1.5774270249710014,3.7527363733999834,-0.3613356699973118,-0.19616386845289946,-11.239361755310613,4.08679211286316
1723528349.3943975,12.80717921257019,1.3578980161429115,5.2930809655700095,2.2678502451328115,-0.06824624381174216,-3.9102217380336377,5.9163956818888765,1.5719843307145993,3.709746971461872,-0.3874077155165585,-0.19462871267690884,-11.151403808451219,4.047646484850736
1723528349.3943975,12.80717921257019,1.3578980161429115,5.2930809655700095,2.2678502451328115,-0.06824624381174216,-3.9102217380336377,5.9163956818888765,1.5719843307145993,3.709746971461872,-0.3874077155165585,-0.19462871267690884,-11.151403808451219,4.047646484850736
1723528349.4907594,12.903541088104248,1.3935831094287252,5.34271061092236,2.253015747378226,-0.06705927167849923,-3.842213244399178,5.963447871230341,1.607669424000413,3.7593766168142224,-0.40224221327114407,-0.19344174054366592,-11.08339531481676,4.108444026885682
1723528349.4907594,12.903541088104248,1.3935831094287252,5.34271061092236,2.253015747378226,-0.06705927167849923,-3.842213244399178,5.963447871230341,1.607669424000413,3.7593766168142224,-0.40224221327114407,-0.19344174054366592,-11.08339531481676,4.108444026885682
1723528349.5905194,13.00330114364624,1.4934257635144519,5.614286936857454,2.250842851185799,-0.06886949470486425,-3.945931383787293,6.2303155506949395,1.7075120780861397,4.030952942749316,-0.40441510946357084,-0.19525196357003094,-11.187113454204875,4.396331505270258
1723528349.5905194,13.00330114364624,1.4934257635144519,5.614286936857454,2.250842851185799,-0.06886949470486425,-3.945931383787293,6.2303155506949395,1.7075120780861397,4.030952942749316,-0.40441510946357084,-0.19525196357003094,-11.187113454204875,4.396331505270258
1723528349.6979375,13.110719203948975,1.5075159306203432,5.589441060958087,2.252863789550724,-0.0666590305970649,-3.819281119645239,6.212072996131584,1.721602245192031,4.00610706684995,-0.40239417109864606,-0.19304149946223156,-11.06046319006282,4.3788958871671655
1723528349.6979375,13.110719203948975,1.5075159306203432,5.589441060958087,2.252863789550724,-0.0666590305970649,-3.819281119645239,6.212072996131584,1.721602245192031,4.00610706684995,-0.40239417109864606,-0.19304149946223156,-11.06046319006282,4.3788958871671655
1723528349.795041,13.207822799682617,1.5421621391322873,5.642955073356617,2.2486882817556895,-0.06629142301795077,-3.7982187568449777,6.267200731730205,1.756248453703975,4.05962107924848,-0.40656967889368056,-0.19267389188311745,-11.03940082726256,4.44187244774227
1723528349.795041,13.207822799682617,1.5421621391322873,5.642955073356617,2.2486882817556895,-0.06629142301795077,-3.7982187568449777,6.267200731730205,1.756248453703975,4.05962107924848,-0.40656967889368056,-0.19267389188311745,-11.03940082726256,4.44187244774227
1723528349.8937268,13.306508541107178,1.5632973313779956,5.633570479317772,2.243372918477426,-0.06495556057183638,-3.721679476672601,6.262087267284938,1.7773836459496835,4.050236485209634,-0.411885042171944,-0.1913380294370031,-10.962861547090185,4.4422018750815075
1723528349.8937268,13.306508541107178,1.5632973313779956,5.633570479317772,2.243372918477426,-0.06495556057183638,-3.721679476672601,6.262087267284938,1.7773836459496835,4.050236485209634,-0.411885042171944,-0.1913380294370031,-10.962861547090185,4.4422018750815075
1723528350.0033925,13.416174173355103,1.5243470948036801,5.517619464310467,2.227226167024427,-0.06341852338468823,-3.6336137328943523,6.142336283325138,1.738433409375368,3.9342854702023295,-0.4280317936249429,-0.18980099224985492,-10.874795803311933,4.322495123910659
1723528350.0033925,13.416174173355103,1.5243470948036801,5.517619464310467,2.227226167024427,-0.06341852338468823,-3.6336137328943523,6.142336283325138,1.738433409375368,3.9342854702023295,-0.4280317936249429,-0.18980099224985492,-10.874795803311933,4.322495123910659
1723528350.1048615,13.517643213272095,1.5521769297252987,5.567618503525445,2.2153440999018357,-0.06210192714242501,-3.558178324889886,6.189941720480109,1.7662632442969866,3.984284509417307,-0.43991386074753436,-0.1884843960075917,-10.799360395307469,4.380380474914825
1723528350.1048615,13.517643213272095,1.5521769297252987,5.567618503525445,2.2153440999018357,-0.06210192714242501,-3.558178324889886,6.189941720480109,1.7662632442969866,3.984284509417307,-0.43991386074753436,-0.1884843960075917,-10.799360395307469,4.380380474914825
1723528350.2020266,13.614808320999146,1.5771502396028296,5.556813840973515,2.219002602260743,-0.06025182526479544,-3.4521752956324825,6.1878554839583995,1.7912365541745174,3.973479846865377,-0.43625535838862683,-0.18663429412996213,-10.693357366050064,4.38034122234548
1723528350.2020266,13.614808320999146,1.5771502396028296,5.556813840973515,2.219002602260743,-0.06025182526479544,-3.4521752956324825,6.1878554839583995,1.7912365541745174,3.973479846865377,-0.43625535838862683,-0.18663429412996213,-10.693357366050064,4.38034122234548
1723528350.30158,13.714361667633057,1.6063570560587053,5.595436559425504,2.2028069329884805,-0.059929837759257865,-3.4337267705092342,6.2242792085611995,1.820443370630393,4.012102565317367,-0.4524510276608895,-0.18631230662442455,-10.674908840926816,4.428960712484334
1723528350.30158,13.714361667633057,1.6063570560587053,5.595436559425504,2.2028069329884805,-0.059929837759257865,-3.4337267705092342,6.2242792085611995,1.820443370630393,4.012102565317367,-0.4524510276608895,-0.18631230662442455,-10.674908840926816,4.428960712484334
1723528350.4020777,13.814859390258789,1.5988780889267886,5.532826690697714,2.1976880891211894,-0.058831812097567715,-3.3708145342973292,6.1642854630210255,1.8129644034984764,3.9494926965895765,-0.4575698715281806,-0.1852142809627344,-10.61199660471491,4.369748582710144
1723528350.4020777,13.814859390258789,1.5988780889267886,5.532826690697714,2.1976880891211894,-0.058831812097567715,-3.3708145342973292,6.1642854630210255,1.8129644034984764,3.9494926965895765,-0.4575698715281806,-0.1852142809627344,-10.61199660471491,4.369748582710144
1723528350.5016081,13.914389848709106,1.6192406500043788,5.576405166110266,2.1976685181692135,-0.058395109693483604,-3.345793329640093,6.2087021006809415,1.8333269645760666,3.9930711720021286,-0.45758944248015654,-0.1847775785586503,-10.586975400057675,4.417589075682057
1723528350.5016081,13.914389848709106,1.6192406500043788,5.576405166110266,2.1976685181692135,-0.058395109693483604,-3.345793329640093,6.2087021006809415,1.8333269645760666,3.9930711720021286,-0.45758944248015654,-0.1847775785586503,-10.586975400057675,4.417589075682057
1723528350.5980375,14.01081919670105,1.7318013652562314,5.8102073955903,2.1991531395436255,-0.06017168427756703,-3.4475835552982828,6.4493348866096385,1.9458876798279192,4.2268734014821625,-0.4561048211057446,-0.18655415314273371,-10.688765625715865,4.675571539662223
1723528350.5980375,14.01081919670105,1.7318013652562314,5.8102073955903,2.1991531395436255,-0.06017168427756703,-3.4475835552982828,6.4493348866096385,1.9458876798279192,4.2268734014821625,-0.4561048211057446,-0.18655415314273371,-10.688765625715865,4.675571539662223
1723528350.7106948,14.123476505279541,1.7210676692828457,5.749092965307955,2.185206777306553,-0.06003526681975945,-3.4397674107140044,6.386647986666449,1.9351539838545335,4.165758971199818,-0.47005118334281715,-0.18641773568492614,-10.680949481131586,4.617284576709759
1723528350.7106948,14.123476505279541,1.7210676692828457,5.749092965307955,2.185206777306553,-0.06003526681975945,-3.4397674107140044,6.386647986666449,1.9351539838545335,4.165758971199818,-0.47005118334281715,-0.18641773568492614,-10.680949481131586,4.617284576709759
1723528350.8100846,14.222866296768188,1.7444013740617734,5.782147047262658,2.18366896930828,-0.06034440499390015,-3.4574797233786465,6.422193612584159,1.9584876886334612,4.19881305315452,-0.4715889913410902,-0.18672687385906683,-10.698661793796228,4.6570485566100475
1723528350.8100846,14.222866296768188,1.7444013740617734,5.782147047262658,2.18366896930828,-0.06034440499390015,-3.4574797233786465,6.422193612584159,1.9584876886334612,4.19881305315452,-0.4715889913410902,-0.18672687385906683,-10.698661793796228,4.6570485566100475
1723528350.910215,14.322996616363525,1.7404276455951546,5.737011622517176,2.184855083926337,-0.05859334795131388,-3.357151545151794,6.380907653634225,1.9545139601668424,4.153677628409039,-0.4704028767230328,-0.18497581681648056,-10.598333615569375,4.614590071464866
1723528350.910215,14.322996616363525,1.7404276455951546,5.737011622517176,2.184855083926337,-0.05859334795131388,-3.357151545151794,6.380907653634225,1.9545139601668424,4.153677628409039,-0.4704028767230328,-0.18497581681648056,-10.598333615569375,4.614590071464866
1723528350.9243178,14.337099552154541,1.8737950438443605,5.980839498938703,2.1677744381369237,-0.0594141626434359,-3.404180762772716,6.631801790843941,2.0878813584160483,4.397505504830566,-0.4874835225124463,-0.1857966315086026,-10.645362833190298,4.892335170095924
1723528350.9243178,14.337099552154541,1.8737950438443605,5.980839498938703,2.1677744381369237,-0.0594141626434359,-3.404180762772716,6.631801790843941,2.0878813584160483,4.397505504830566,-0.4874835225124463,-0.1857966315086026,-10.645362833190298,4.892335170095924
1723528351.0029984,14.415780067443848,1.9072914019957352,5.98090832158163,2.152775576305414,-0.06899766622310066,-3.953275070836023,6.636525259895299,2.121377716567423,4.397574327473492,-0.5024823843439559,-0.19538013508826735,-11.194457141253604,4.908298272169158
1723528351.0029984,14.415780067443848,1.9072914019957352,5.98090832158163,2.152775576305414,-0.06899766622310066,-3.953275070836023,6.636525259895299,2.121377716567423,4.397574327473492,-0.5024823843439559,-0.19538013508826735,-11.194457141253604,4.908298272169158
1723528351.1143486,14.527130365371704,1.8368879290444937,5.842318882719738,2.1610281963506357,-0.05706747989243399,-3.269725745284157,6.4943737232065315,2.0509742436161815,4.2589848886116,-0.49422976429873433,-0.18344994875760068,-10.510907815701739,4.7528634200151085
1723528351.1143486,14.527130365371704,1.8368879290444937,5.842318882719738,2.1610281963506357,-0.05706747989243399,-3.269725745284157,6.4943737232065315,2.0509742436161815,4.2589848886116,-0.49422976429873433,-0.18344994875760068,-10.510907815701739,4.7528634200151085
1723528351.2032623,14.616044044494629,1.8373719080145534,5.8494099997043705,2.1477462194464327,-0.05803769338191999,-3.325314883458365,6.496487258214932,2.051458222586241,4.266076005596233,-0.5075117412029373,-0.18442016224708668,-10.566496953875948,4.760824875166009
1723528351.2032623,14.616044044494629,1.8373719080145534,5.8494099997043705,2.1477462194464327,-0.05803769338191999,-3.325314883458365,6.496487258214932,2.051458222586241,4.266076005596233,-0.5075117412029373,-0.18442016224708668,-10.566496953875948,4.760824875166009
1723528351.3109846,14.723766326904297,1.8089676012820206,5.788583951186311,2.135650034135038,-0.055955919553198896,-3.206038029171856,6.429702093465975,2.0230539158537084,4.205249957078173,-0.5196079265143321,-0.18233838841836558,-10.447220099589439,4.695409113725185
1723528351.3109846,14.723766326904297,1.8089676012820206,5.788583951186311,2.135650034135038,-0.055955919553198896,-3.206038029171856,6.429702093465975,2.0230539158537084,4.205249957078173,-0.5196079265143321,-0.18233838841836558,-10.447220099589439,4.695409113725185
1723528351.4149551,14.827736854553223,1.84758041966343,5.825678553510603,2.1080478178093474,-0.0534429984049547,-3.0620582531282947,6.4649787020629725,2.061666734235118,4.242344559402465,-0.5472101428400227,-0.1798254672701214,-10.303240323545877,4.748409841638607
1723528351.4149551,14.827736854553223,1.84758041966343,5.825678553510603,2.1080478178093474,-0.0534429984049547,-3.0620582531282947,6.4649787020629725,2.061666734235118,4.242344559402465,-0.5472101428400227,-0.1798254672701214,-10.303240323545877,4.748409841638607
1723528351.5117753,14.924556970596313,1.8603417700872455,5.792541570391428,2.098631057627582,-0.052885441259187704,-3.0301125818384853,6.435733187623862,2.0744280846589334,4.209207576283291,-0.5566269030217881,-0.1792679101243544,-10.271294652256067,4.725517305843881
1723528351.5117753,14.924556970596313,1.8603417700872455,5.792541570391428,2.098631057627582,-0.052885441259187704,-3.0301125818384853,6.435733187623862,2.0744280846589334,4.209207576283291,-0.5566269030217881,-0.1792679101243544,-10.271294652256067,4.725517305843881
1723528351.6110828,15.023864507675171,1.8757872048037783,5.789713162050763,2.1081853497926577,-0.05203182856758115,-2.9812041772706275,6.440792001424189,2.089873519375466,4.206379167942625,-0.5470726108567123,-0.17841429743274784,-10.22238624768821,4.7286875000403725
1723528351.6110828,15.023864507675171,1.8757872048037783,5.789713162050763,2.1081853497926577,-0.05203182856758115,-2.9812041772706275,6.440792001424189,2.089873519375466,4.206379167942625,-0.5470726108567123,-0.17841429743274784,-10.22238624768821,4.7286875000403725
1723528351.7176192,15.130400896072388,1.9681150595339076,5.961197800091721,2.111601076857619,-0.052249989391738305,-2.9937038717499282,6.623308478937758,2.1822013741055954,4.3778638059835835,-0.5436568837917508,-0.17863245825690502,-10.234885942167512,4.921712826667518
1723528351.7176192,15.130400896072388,1.9681150595339076,5.961197800091721,2.111601076857619,-0.052249989391738305,-2.9937038717499282,6.623308478937758,2.1822013741055954,4.3778638059835835,-0.5436568837917508,-0.17863245825690502,-10.234885942167512,4.921712826667518
1723528351.8184345,15.231216192245483,2.0210250899079227,6.075817695442687,2.0905333419062826,-0.05324289740327215,-3.0505933102555445,6.735757769985027,2.2351114044796105,4.4924837013345496,-0.5647246187430874,-0.17962536626843884,-10.291775380673126,5.049460039668194
1723528351.8184345,15.231216192245483,2.0210250899079227,6.075817695442687,2.0905333419062826,-0.05324289740327215,-3.0505933102555445,6.735757769985027,2.2351114044796105,4.4924837013345496,-0.5647246187430874,-0.17962536626843884,-10.291775380673126,5.049460039668194
1723528351.9150562,15.327837944030762,1.99169621423885,6.0095336891944235,2.10152046581294,-0.05314413092823788,-3.0449344080786966,6.670662428845184,2.2057825288105377,4.426199695086286,-0.55373749483643,-0.17952659979340457,-10.286116478496279,4.976278279836796
1723528351.9150562,15.327837944030762,1.99169621423885,6.0095336891944235,2.10152046581294,-0.05314413092823788,-3.0449344080786966,6.670662428845184,2.2057825288105377,4.426199695086286,-0.55373749483643,-0.17952659979340457,-10.286116478496279,4.976278279836796
1723528352.0115612,15.42434287071228,2.0386129906056567,6.045370622994771,2.103141242090994,-0.04966643242679081,-2.8456769615268085,6.717562949390081,2.2526993051773445,4.462036628886633,-0.5521167185583762,-0.1760489012919575,-10.08685903194439,5.028842601233821
1723528352.0115612,15.42434287071228,2.0386129906056567,6.045370622994771,2.103141242090994,-0.04966643242679081,-2.8456769615268085,6.717562949390081,2.2526993051773445,4.462036628886633,-0.5521167185583762,-0.1760489012919575,-10.08685903194439,5.028842601233821
1723528352.1151423,15.527924060821533,2.0363497491213423,5.973306561829212,2.1133298333112402,-0.04775374615421413,-2.7360881105755555,6.6553192685777125,2.25043606369303,4.389972567721074,-0.5419281273381298,-0.1741362150193808,-9.977270180993138,4.9628628549773515
1723528352.1151423,15.527924060821533,2.0363497491213423,5.973306561829212,2.1133298333112402,-0.04775374615421413,-2.7360881105755555,6.6553192685777125,2.25043606369303,4.389972567721074,-0.5419281273381298,-0.1741362150193808,-9.977270180993138,4.9628628549773515
1723528352.2226942,15.635475873947144,2.0567269327335964,5.985161068599297,2.1020573409148136,-0.04716656333593616,-2.702445013285631,6.668652319427238,2.270813247305284,4.401827074491159,-0.5532006197345565,-0.17354903220110288,-9.943627083703214,4.983844432116161
1723528352.2226942,15.635475873947144,2.0567269327335964,5.985161068599297,2.1020573409148136,-0.04716656333593616,-2.702445013285631,6.668652319427238,2.270813247305284,4.401827074491159,-0.5532006197345565,-0.17354903220110288,-9.943627083703214,4.983844432116161
1723528352.3185463,15.731328010559082,2.1722227068699524,6.234130855902485,2.0992247181135055,-0.04747717088943837,-2.720241515186191,6.9274586562386355,2.3863090214416403,4.650796861794348,-0.5560332425358645,-0.17385963975460506,-9.961423585603773,5.256762802552047
1723528352.3185463,15.731328010559082,2.1722227068699524,6.234130855902485,2.0992247181135055,-0.04747717088943837,-2.720241515186191,6.9274586562386355,2.3863090214416403,4.650796861794348,-0.5560332425358645,-0.17385963975460506,-9.961423585603773,5.256762802552047
1723528352.4245977,15.837379455566406,2.1967733823450644,6.263570407700502,2.0733214792355508,-0.04592072483629849,-2.6310637253014817,6.953904622718139,2.410859696916752,4.680236413592365,-0.5819364814138193,-0.17230319370146518,-9.872245795719063,5.296744984774493
1723528352.4245977,15.837379455566406,2.1967733823450644,6.263570407700502,2.0733214792355508,-0.04592072483629849,-2.6310637253014817,6.953904622718139,2.410859696916752,4.680236413592365,-0.5819364814138193,-0.17230319370146518,-9.872245795719063,5.296744984774493
1723528352.524585,15.937366724014282,2.1807512239485476,6.2231599825657575,2.066112910072852,-0.04506265141216281,-2.5818997395861683,6.910298012859549,2.3948375385202354,4.63982598845762,-0.5891450505765179,-0.1714451202773295,-9.82308181000375,5.2545526859753915
1723528352.524585,15.937366724014282,2.1807512239485476,6.2231599825657575,2.066112910072852,-0.04506265141216281,-2.5818997395861683,6.910298012859549,2.3948375385202354,4.63982598845762,-0.5891450505765179,-0.1714451202773295,-9.82308181000375,5.2545526859753915
1723528352.6232207,16.03600239753723,2.181491287565663,6.167423175365727,2.065272190351635,-0.04641809462929336,-2.659560915297383,6.860128430430658,2.395577602137351,4.584089181257589,-0.5899857702977349,-0.17280056349446005,-9.900742985714965,5.205837961244936
1723528352.6232207,16.03600239753723,2.181491287565663,6.167423175365727,2.065272190351635,-0.04641809462929336,-2.659560915297383,6.860128430430658,2.395577602137351,4.584089181257589,-0.5899857702977349,-0.17280056349446005,-9.900742985714965,5.205837961244936
1723528352.7170787,16.129860401153564,2.1987771173299535,6.175003963499293,2.0614078390463306,-0.04584075749185956,-2.626481933966262,6.871295150101432,2.4128634319016413,4.591669969391155,-0.5938501216030394,-0.17222322635702625,-9.867664004383844,5.220919556528782
1723528352.7170787,16.129860401153564,2.1987771173299535,6.175003963499293,2.0614078390463306,-0.04584075749185956,-2.626481933966262,6.871295150101432,2.4128634319016413,4.591669969391155,-0.5938501216030394,-0.17222322635702625,-9.867664004383844,5.220919556528782
1723528352.8259742,16.23875594139099,2.2050388670642818,6.18461795591902,2.039617103475422,-0.04450820254683019,-2.5501321596467914,6.875444247081751,2.4191251816359696,4.601283961810882,-0.6156408571739482,-0.17089067141199688,-9.791314230064373,5.234786949500923
1723528352.8259742,16.23875594139099,2.2050388670642818,6.18461795591902,2.039617103475422,-0.04450820254683019,-2.5501321596467914,6.875444247081751,2.4191251816359696,4.601283961810882,-0.6156408571739482,-0.17089067141199688,-9.791314230064373,5.234786949500923
1723528352.9228737,16.335655450820923,2.314604530253156,6.42610368691172,2.0257185799414206,-0.04444336256887382,-2.5464171025661706,7.124306176149978,2.528690844824844,4.842769692803582,-0.6295393807079495,-0.17082583143404054,-9.787599172983754,5.49936501044439
1723528352.9228737,16.335655450820923,2.314604530253156,6.42610368691172,2.0257185799414206,-0.04444336256887382,-2.5464171025661706,7.124306176149978,2.528690844824844,4.842769692803582,-0.6295393807079495,-0.17082583143404054,-9.787599172983754,5.49936501044439
1723528353.0278935,16.440675258636475,2.3204195856375804,6.441406474508145,2.0285527544493265,-0.04184784535037389,-2.3977049202925897,7.140804625588764,2.5345059002092682,4.858072480400008,-0.6267052062000436,-0.1682303142155406,-9.638886990710173,5.515192453441105
1723528353.0278935,16.440675258636475,2.3204195856375804,6.441406474508145,2.0285527544493265,-0.04184784535037389,-2.3977049202925897,7.140804625588764,2.5345059002092682,4.858072480400008,-0.6267052062000436,-0.1682303142155406,-9.638886990710173,5.515192453441105
1723528353.0384617,16.45124340057373,2.399576228653892,6.603563769159468,2.0250546903586812,-0.04481412171568011,-2.567660036894042,7.3120357650534045,2.61366254322558,5.02022977505133,-0.6302032702906888,-0.1711965905808468,-9.808842107311625,5.6948305546396565
1723528353.0384617,16.45124340057373,2.399576228653892,6.603563769159468,2.0250546903586812,-0.04481412171568011,-2.567660036894042,7.3120357650534045,2.61366254322558,5.02022977505133,-0.6302032702906888,-0.1711965905808468,-9.808842107311625,5.6948305546396565
1723528353.1249554,16.537737131118774,2.376549850103366,6.536746955719149,2.0261527678318627,-0.06161452311898086,-3.5302521314288406,7.24446995933606,2.590636164675054,4.953412961611011,-0.6291051928175073,-0.18799699198414754,-10.771434201846423,5.625252798728978
1723528353.1249554,16.537737131118774,2.376549850103366,6.536746955719149,2.0261527678318627,-0.06161452311898086,-3.5302521314288406,7.24446995933606,2.590636164675054,4.953412961611011,-0.6291051928175073,-0.18799699198414754,-10.771434201846423,5.625252798728978
1723528353.2209876,16.633769273757935,2.388840906703848,6.399974283080017,1.9907597771304113,-0.04709724956633466,-2.6984736268253227,7.1154308507544055,2.602927221275536,4.816640288971879,-0.6644981835189587,-0.17347971843150134,-9.939655697242904,5.515143844769987
1723528353.2209876,16.633769273757935,2.388840906703848,6.399974283080017,1.9907597771304113,-0.04709724956633466,-2.6984736268253227,7.1154308507544055,2.602927221275536,4.816640288971879,-0.6644981835189587,-0.17347971843150134,-9.939655697242904,5.515143844769987
1723528353.3318264,16.744608163833618,2.3670692024301516,6.401821556325785,2.001891788699006,-0.040778459188252514,-2.336433606533342,7.1129393770642615,2.5811555170018394,4.818487562217648,-0.6533661719503638,-0.1671609280534192,-9.577615676950924,5.5051860590577935
1723528353.3318264,16.744608163833618,2.3670692024301516,6.401821556325785,2.001891788699006,-0.040778459188252514,-2.336433606533342,7.1129393770642615,2.5811555170018394,4.818487562217648,-0.6533661719503638,-0.1671609280534192,-9.577615676950924,5.5051860590577935
1723528353.4290638,16.841845512390137,2.3198124872880896,6.367812215178098,2.011428602143664,-0.03864154791582042,-2.2139976094290525,7.069399366669757,2.5338988018597774,4.784478221069961,-0.6438293585057062,-0.1650240167809871,-9.455179679846635,5.452191415278178
1723528353.4290638,16.841845512390137,2.3198124872880896,6.367812215178098,2.011428602143664,-0.03864154791582042,-2.2139976094290525,7.069399366669757,2.5338988018597774,4.784478221069961,-0.6438293585057062,-0.1650240167809871,-9.455179679846635,5.452191415278178
1723528353.5326154,16.94539713859558,2.3279423316272982,6.402520921932805,2.0008950042323344,-0.03602585193951313,-2.0641292694972937,7.100364108489898,2.542028646198986,4.819186927824667,-0.6543629564170357,-0.16240832080467982,-9.305311339914876,5.487682859107589
1723528353.5326154,16.94539713859558,2.3279423316272982,6.402520921932805,2.0008950042323344,-0.03602585193951313,-2.0641292694972937,7.100364108489898,2.542028646198986,4.819186927824667,-0.6543629564170357,-0.16240832080467982,-9.305311339914876,5.487682859107589
1723528353.6264462,17.039227962493896,2.439520437016931,6.6101795403783115,1.9884116252139035,-0.03746929930222098,-2.1468327113297425,7.321168916911089,2.653606751588619,5.026845546270174,-0.6668463354354666,-0.16385176816738767,-9.388014781747325,5.723241124853704
1723528353.6264462,17.039227962493896,2.439520437016931,6.6101795403783115,1.9884116252139035,-0.03746929930222098,-2.1468327113297425,7.321168916911089,2.653606751588619,5.026845546270174,-0.6668463354354666,-0.16385176816738767,-9.388014781747325,5.723241124853704
1723528353.7351136,17.147895336151123,2.426651971924251,6.562032196177412,1.9823874746848418,-0.03780552007105631,-2.1660967423686506,7.271778767007434,2.640738286495939,4.978698202069275,-0.6728704859645283,-0.164187988936223,-9.407278812786233,5.675710455611304
1723528353.7351136,17.147895336151123,2.426651971924251,6.562032196177412,1.9823874746848418,-0.03780552007105631,-2.1660967423686506,7.271778767007434,2.640738286495939,4.978698202069275,-0.6728704859645283,-0.164187988936223,-9.407278812786233,5.675710455611304
1723528353.8351326,17.24791431427002,2.44521830321262,6.5444503844598785,1.972717336966547,-0.039559795148612846,-2.2666093004176253,7.25951355647136,2.659304617784308,4.961116390351741,-0.6825406236828231,-0.1659422640137795,-9.507791370835205,5.670135676662682
1723528353.8351326,17.24791431427002,2.44521830321262,6.5444503844598785,1.972717336966547,-0.039559795148612846,-2.2666093004176253,7.25951355647136,2.659304617784308,4.961116390351741,-0.6825406236828231,-0.1659422640137795,-9.507791370835205,5.670135676662682
1723528353.931163,17.343944787979126,2.459548082822998,6.596950866624276,1.964815990947674,-0.036239703495352105,-2.076382061089173,7.309558084224844,2.673634397394686,5.013616872516138,-0.6904419697016961,-0.1626221723605188,-9.317564131506755,5.72375620976611
1723528353.931163,17.343944787979126,2.459548082822998,6.596950866624276,1.964815990947674,-0.036239703495352105,-2.076382061089173,7.309558084224844,2.673634397394686,5.013616872516138,-0.6904419697016961,-0.1626221723605188,-9.317564131506755,5.72375620976611
1723528354.033631,17.446412801742554,2.562045493215358,6.793326704743951,1.974646514777601,-0.03639877489573662,-2.0854961809724415,7.524134082073216,2.7761318077870456,5.209992710635813,-0.6806114458717691,-0.16278124376090333,-9.326678251390025,5.942572153481768
1723528354.033631,17.446412801742554,2.562045493215358,6.793326704743951,1.974646514777601,-0.03639877489573662,-2.0854961809724415,7.524134082073216,2.7761318077870456,5.209992710635813,-0.6806114458717691,-0.16278124376090333,-9.326678251390025,5.942572153481768
1723528354.1382308,17.55101251602173,2.589541538408504,6.820888963154683,1.9831992864262906,-0.035535008219321096,-2.0360059959297896,7.560643559678647,2.803627852980192,5.2375549690465455,-0.6720586742230794,-0.16191747708448778,-9.277188066347371,5.97862643534357
1723528354.1382308,17.55101251602173,2.589541538408504,6.820888963154683,1.9831992864262906,-0.035535008219321096,-2.0360059959297896,7.560643559678647,2.803627852980192,5.2375549690465455,-0.6720586742230794,-0.16191747708448778,-9.277188066347371,5.97862643534357
1723528354.2350714,17.647853136062622,2.6831937258922878,7.040990069833491,1.965161108961766,-0.03562535878156314,-2.041182701822893,7.786971678280164,2.8972800404639756,5.457656075725353,-0.690096851687604,-0.16200782764672983,-9.282364772240475,6.217433163169664
1723528354.2350714,17.647853136062622,2.6831937258922878,7.040990069833491,1.965161108961766,-0.03562535878156314,-2.041182701822893,7.786971678280164,2.8972800404639756,5.457656075725353,-0.690096851687604,-0.16200782764672983,-9.282364772240475,6.217433163169664
1723528354.3378236,17.75060534477234,2.678837333693096,7.002878683907227,1.9413440256366759,-0.03292043270646383,-1.8862018538248155,7.745017491767553,2.8929236482647838,5.419544689799089,-0.7139139350126942,-0.15930290157163052,-9.127383924242398,6.184670159840737
1723528354.3378236,17.75060534477234,2.678837333693096,7.002878683907227,1.9413440256366759,-0.03292043270646383,-1.8862018538248155,7.745017491767553,2.8929236482647838,5.419544689799089,-0.7139139350126942,-0.15930290157163052,-9.127383924242398,6.184670159840737
1723528354.348408,17.761189699172974,2.7749690499532917,7.170514315430282,1.9257005422764202,-0.03589256100722049,-2.056492261629561,7.926225542748136,2.9890553645249796,5.587180321322144,-0.7295574183729499,-0.16227502987238718,-9.297674332047142,6.378345392174053
1723528354.348408,17.761189699172974,2.7749690499532917,7.170514315430282,1.9257005422764202,-0.03589256100722049,-2.056492261629561,7.926225542748136,2.9890553645249796,5.587180321322144,-0.7295574183729499,-0.16227502987238718,-9.297674332047142,6.378345392174053
1723528354.4305966,17.84337830543518,2.7351586778124073,7.04390715924594,1.9260044603470576,-0.028568170526988238,-1.636835599606455,7.797898065643426,2.949244992384095,5.460573165137802,-0.7292535003023124,-0.15495063939215492,-8.878017670024036,6.248817166842771
1723528354.4305966,17.84337830543518,2.7351586778124073,7.04390715924594,1.9260044603470576,-0.028568170526988238,-1.636835599606455,7.797898065643426,2.949244992384095,5.460573165137802,-0.7292535003023124,-0.15495063939215492,-8.878017670024036,6.248817166842771
1723528354.5378656,17.950647354125977,2.71579873622305,7.007128147591658,1.9223845458061746,-0.03319002423768791,-1.9016483107564246,7.756994907462324,2.929885050794738,5.42379415348352,-0.7328734148431955,-0.1595724931028546,-9.142830381174006,6.207968498020623
1723528354.5378656,17.950647354125977,2.71579873622305,7.007128147591658,1.9223845458061746,-0.03319002423768791,-1.9016483107564246,7.756994907462324,2.929885050794738,5.42379415348352,-0.7328734148431955,-0.1595724931028546,-9.142830381174006,6.207968498020623
1723528354.6323156,18.04509735107422,2.8015522554180095,7.152186200747952,1.914231678226328,-0.03605741984433597,-2.065937977211713,7.916233031431828,3.0156385699896973,5.568852206639814,-0.741026282423042,-0.16243988870950266,-9.307120047629295,6.376151726194128
1723528354.6323156,18.04509735107422,2.8015522554180095,7.152186200747952,1.914231678226328,-0.03605741984433597,-2.065937977211713,7.916233031431828,3.0156385699896973,5.568852206639814,-0.741026282423042,-0.16243988870950266,-9.307120047629295,6.376151726194128
1723528354.739281,18.15206265449524,2.8281974739811844,7.166893676259303,1.8909994296567327,-0.03622505250162966,-2.0755426209832044,7.933406882393038,3.042283788552872,5.583559682151165,-0.7642585309926373,-0.16260752136679635,-9.316724691400786,6.404351682756863
1723528354.739281,18.15206265449524,2.8281974739811844,7.166893676259303,1.8909994296567327,-0.03622505250162966,-2.0755426209832044,7.933406882393038,3.042283788552872,5.583559682151165,-0.7642585309926373,-0.16260752136679635,-9.316724691400786,6.404351682756863
1723528354.839144,18.251925706863403,2.8189688158561808,7.203800501673115,1.8739045237560579,-0.03609396967694445,-2.068032128362088,7.959450044873002,3.0330551304278686,5.620466507564977,-0.7813534368933122,-0.1624764385421111,-9.309214198779669,6.434250568653622
1723528354.839144,18.251925706863403,2.8189688158561808,7.203800501673115,1.8739045237560579,-0.03609396967694445,-2.068032128362088,7.959450044873002,3.0330551304278686,5.620466507564977,-0.7813534368933122,-0.1624764385421111,-9.309214198779669,6.434250568653622
1723528354.9430735,18.355855226516724,2.9423794372279346,7.418796327583486,1.871373171845588,-0.03892004286710816,-2.2299541947535415,8.197449191735892,3.1564657517996224,5.835462333475348,-0.7838847888037821,-0.1653025117322748,-9.471136265171122,6.680596683666173
1723528354.9430735,18.355855226516724,2.9423794372279346,7.418796327583486,1.871373171845588,-0.03892004286710816,-2.2299541947535415,8.197449191735892,3.1564657517996224,5.835462333475348,-0.7838847888037821,-0.1653025117322748,-9.471136265171122,6.680596683666173
1723528354.953644,18.36642575263977,3.0649815434691803,7.618212889806571,1.8659463318094514,-0.04005094942265863,-2.294750367410261,8.420987781098773,3.279067858040868,6.034878895698434,-0.7893116288399187,-0.16643341828782532,-9.535932437827842,6.913397294442509
1723528354.953644,18.36642575263977,3.0649815434691803,7.618212889806571,1.8659463318094514,-0.04005094942265863,-2.294750367410261,8.420987781098773,3.279067858040868,6.034878895698434,-0.7893116288399187,-0.16643341828782532,-9.535932437827842,6.913397294442509
1723528355.0386832,18.451464891433716,3.061449354212442,7.5565544698629346,1.8662813963581728,-0.0352193749734393,-2.017921543066748,8.364029761712107,3.27553566878413,5.973220475754797,-0.7889765642911972,-0.16160184383860596,-9.259103613484328,6.857913734398692
1723528355.0386832,18.451464891433716,3.061449354212442,7.5565544698629346,1.8662813963581728,-0.0352193749734393,-2.017921543066748,8.364029761712107,3.27553566878413,5.973220475754797,-0.7889765642911972,-0.16160184383860596,-9.259103613484328,6.857913734398692
1723528355.145102,18.557883739471436,2.9594100954359277,7.407925137846757,1.8683320306851987,-0.0378170294885809,-2.166756183417464,8.193053614971298,3.1734964100076155,5.824591143738619,-0.7869259299641713,-0.16419949835374759,-9.407938253835045,6.6795354535551015
1723528355.145102,18.557883739471436,2.9594100954359277,7.407925137846757,1.8683320306851987,-0.0378170294885809,-2.166756183417464,8.193053614971298,3.1734964100076155,5.824591143738619,-0.7869259299641713,-0.16419949835374759,-9.407938253835045,6.6795354535551015
1723528355.245198,18.657979726791382,3.0600234488590985,7.608869401908166,1.8668605572686217,-0.03841016424239063,-2.2007403014932923,8.410933683197554,3.2741097634307863,6.025535407800028,-0.7883974033807484,-0.16479263310755732,-9.441922371910874,6.9027851016312365
1723528355.245198,18.657979726791382,3.0600234488590985,7.608869401908166,1.8668605572686217,-0.03841016424239063,-2.2007403014932923,8.410933683197554,3.2741097634307863,6.025535407800028,-0.7883974033807484,-0.16479263310755732,-9.441922371910874,6.9027851016312365
1723528355.3444877,18.757269382476807,3.058367103107564,7.568137719700733,1.8431492422903903,-0.038857976431879944,-2.2263980499655425,8.36824455970804,3.2724534176792517,5.984803725592595,-0.8121087183589797,-0.16524044529704662,-9.467580120383124,6.869231949438182
1723528355.3444877,18.757269382476807,3.058367103107564,7.568137719700733,1.8431492422903903,-0.038857976431879944,-2.2263980499655425,8.36824455970804,3.2724534176792517,5.984803725592595,-0.8121087183589797,-0.16524044529704662,-9.467580120383124,6.869231949438182
1723528355.4472415,18.860023260116577,3.0428638953307825,7.505717228124897,1.8347685217053027,-0.039370848872447135,-2.2557834762386166,8.304287285632595,3.2569502099024703,5.92238323401676,-0.8204894389440673,-0.16575331773761381,-9.496965546656199,6.808491078041104
1723528355.4472415,18.860023260116577,3.0428638953307825,7.505717228124897,1.8347685217053027,-0.039370848872447135,-2.2557834762386166,8.304287285632595,3.2569502099024703,5.92238323401676,-0.8204894389440673,-0.16575331773761381,-9.496965546656199,6.808491078041104
1723528355.5523014,18.965083122253418,3.1030910127436186,7.5901690991946165,1.8103125148896602,-0.041886887608709504,-2.3999418769178797,8.397444384412747,3.3171773273153065,6.006835105086479,-0.8449454457597099,-0.1682693564738762,-9.641123947335462,6.913730267146968
1723528355.5523014,18.965083122253418,3.1030910127436186,7.5901690991946165,1.8103125148896602,-0.041886887608709504,-2.3999418769178797,8.397444384412747,3.3171773273153065,6.006835105086479,-0.8449454457597099,-0.1682693564738762,-9.641123947335462,6.913730267146968
1723528355.6505942,19.06337594985962,3.117601717269487,7.613633611581861,1.7894758642032371,-0.04399296392444674,-2.520611161142085,8.419565375213653,3.331688031841175,6.030299617473723,-0.8657820964461329,-0.17037543278961342,-9.761793231559666,6.943647258937058
1723528355.6505942,19.06337594985962,3.117601717269487,7.613633611581861,1.7894758642032371,-0.04399296392444674,-2.520611161142085,8.419565375213653,3.331688031841175,6.030299617473723,-0.8657820964461329,-0.17037543278961342,-9.761793231559666,6.943647258937058
1723528355.7485166,19.161298274993896,3.2249838952322705,7.835104379677393,1.7786183240879565,-0.04560887355379206,-2.6131959629781214,8.65753226431925,3.4390702098039583,6.251770385569255,-0.8766396365614135,-0.17199134241895875,-9.854378033395703,7.188903526563166
1723528355.7485166,19.161298274993896,3.2249838952322705,7.835104379677393,1.7786183240879565,-0.04560887355379206,-2.6131959629781214,8.65753226431925,3.4390702098039583,6.251770385569255,-0.8766396365614135,-0.17199134241895875,-9.854378033395703,7.188903526563166
1723528355.762646,19.175427675247192,3.337822140688843,8.01312993458584,1.774407238923904,-0.049857151103156035,-2.8566043367568574,8.860012925553432,3.5519084552605307,6.429795940477703,-0.880850721725466,-0.1762396199683227,-10.09778640717444,7.398258410240823
1723528355.762646,19.175427675247192,3.337822140688843,8.01312993458584,1.774407238923904,-0.049857151103156035,-2.8566043367568574,8.860012925553432,3.5519084552605307,6.429795940477703,-0.880850721725466,-0.1762396199683227,-10.09778640717444,7.398258410240823
1723528355.8437772,19.256558895111084,3.3316249623758125,7.934517922558086,1.7777887579509963,-0.044467416077716315,-2.547795267105326,8.787310875416782,3.5457112769475003,6.351183928449949,-0.8774692026983737,-0.17084988494288297,-9.788977337522907,7.326633466617373
1723528355.8437772,19.256558895111084,3.3316249623758125,7.934517922558086,1.7777887579509963,-0.044467416077716315,-2.547795267105326,8.787310875416782,3.5457112769475003,6.351183928449949,-0.8774692026983737,-0.17084988494288297,-9.788977337522907,7.326633466617373
1723528355.950974,19.363755702972412,3.260183810696077,7.797598952411642,1.7727166214441499,-0.05233577956561475,-2.998619286636742,8.635616487670136,3.474270125267765,6.214264958303504,-0.8825413392052202,-0.17871824843078143,-10.239801357054324,7.174017081854007
1723528355.950974,19.363755702972412,3.260183810696077,7.797598952411642,1.7727166214441499,-0.05233577956561475,-2.998619286636742,8.635616487670136,3.474270125267765,6.214264958303504,-0.8825413392052202,-0.17871824843078143,-10.239801357054324,7.174017081854007
1723528356.052666,19.465447664260864,3.2677367892653706,7.765097662611019,1.7561876282398967,-0.05693230674007177,-3.2619808941503226,8.605756237506867,3.4818231038370584,6.181763668502882,-0.8990703324094733,-0.18331477560523846,-10.503162964567904,7.151616715278763
1723528356.052666,19.465447664260864,3.2677367892653706,7.765097662611019,1.7561876282398967,-0.05693230674007177,-3.2619808941503226,8.605756237506867,3.4818231038370584,6.181763668502882,-0.8990703324094733,-0.18331477560523846,-10.503162964567904,7.151616715278763
1723528356.1527367,19.565518379211426,3.366859737315629,7.947265578978984,1.7522686608678142,-0.06159638296297665,-3.5292127770500903,8.807111906490158,3.5809460518873166,6.363931584870846,-0.9029892997815558,-0.18797885182814333,-10.770394847467673,7.3578658263768375
1723528356.1527367,19.565518379211426,3.366859737315629,7.947265578978984,1.7522686608678142,-0.06159638296297665,-3.5292127770500903,8.807111906490158,3.5809460518873166,6.363931584870846,-0.9029892997815558,-0.18797885182814333,-10.770394847467673,7.3578658263768375
1723528356.253245,19.666026830673218,3.3760511361049055,7.90883026431743,1.749385283506195,-0.06662448294220868,-3.817301684829903,8.775401204134576,3.5901374506765933,6.3254962702092925,-0.9058726771431751,-0.19300695180737537,-11.058483755247485,7.32950170791827
1723528356.253245,19.666026830673218,3.3760511361049055,7.90883026431743,1.749385283506195,-0.06662448294220868,-3.817301684829903,8.775401204134576,3.5901374506765933,6.3254962702092925,-0.9058726771431751,-0.19300695180737537,-11.058483755247485,7.32950170791827
1723528356.3579118,19.77069354057312,3.382060153295818,7.863679831574363,1.732457776344129,-0.07421123493626314,-4.251990554301685,8.733682002502494,3.5961464678675057,6.280345837466225,-0.9228001843052411,-0.20059370380142982,-11.493172624719266,7.295654421413412
1723528356.3579118,19.77069354057312,3.382060153295818,7.863679831574363,1.732457776344129,-0.07421123493626314,-4.251990554301685,8.733682002502494,3.5961464678675057,6.280345837466225,-0.9228001843052411,-0.20059370380142982,-11.493172624719266,7.295654421413412
1723528356.4539225,19.86670422554016,3.4373676449224533,7.908680507565709,1.7177965402320923,-0.08003568146967009,-4.5857067586655065,8.79281232887083,3.651453959494141,6.325346513457571,-0.9374614204172778,-0.20641815033483682,-11.82688882908309,7.36355610071561
1723528356.4539225,19.86670422554016,3.4373676449224533,7.908680507565709,1.7177965402320923,-0.08003568146967009,-4.5857067586655065,8.79281232887083,3.651453959494141,6.325346513457571,-0.9374614204172778,-0.20641815033483682,-11.82688882908309,7.36355610071561
1723528356.5519207,19.964702367782593,3.465247610444642,7.945967422253249,1.711302717010338,-0.08782701452227593,-5.032117259360601,8.83600001507748,3.67933392501633,6.362633428145111,-0.9439552436390319,-0.2142094833874426,-12.273299329778183,7.410239791985095
1723528356.5519207,19.964702367782593,3.465247610444642,7.945967422253249,1.711302717010338,-0.08782701452227593,-5.032117259360601,8.83600001507748,3.67933392501633,6.362633428145111,-0.9439552436390319,-0.2142094833874426,-12.273299329778183,7.410239791985095
1723528356.6550791,20.0678608417511,3.605693086674094,8.159404942038519,1.7230961496740145,-0.09610734187143799,-5.506545069454336,9.085481384300635,3.819779401245782,6.576070947930381,-0.9321618109753556,-0.22248981073660468,-12.747727139871918,7.66187636471879
1723528356.6550791,20.0678608417511,3.605693086674094,8.159404942038519,1.7230961496740145,-0.09610734187143799,-5.506545069454336,9.085481384300635,3.819779401245782,6.576070947930381,-0.9321618109753556,-0.22248981073660468,-12.747727139871918,7.66187636471879
1723528356.757384,20.17016577720642,3.604616906289671,8.103572286089424,1.7106642514854524,-0.10496200487659446,-6.013879888660428,9.032580972141693,3.8187032208613587,6.520238291981286,-0.9445937091639176,-0.23134447374176115,-13.25506195907801,7.615002229062576
1723528356.757384,20.17016577720642,3.604616906289671,8.103572286089424,1.7106642514854524,-0.10496200487659446,-6.013879888660428,9.032580972141693,3.8187032208613587,6.520238291981286,-0.9445937091639176,-0.23134447374176115,-13.25506195907801,7.615002229062576
1723528356.8547823,20.267564058303833,3.6242672590107787,8.054328761088414,1.6931459200941263,-0.11316497651950774,-6.483875543264854,8.99301217964064,3.8383535735824665,6.470994766980276,-0.9621120405552437,-0.23954744538467443,-13.725057613682436,7.585010943215625
1723528356.8547823,20.267564058303833,3.6242672590107787,8.054328761088414,1.6931459200941263,-0.11316497651950774,-6.483875543264854,8.99301217964064,3.8383535735824665,6.470994766980276,-0.9621120405552437,-0.23954744538467443,-13.725057613682436,7.585010943215625
1723528356.8688722,20.281653881072998,3.753713883592198,8.26283048370819,1.6723031671450894,-0.12787272581198472,-7.326567503860307,9.228289841851177,3.9678001981638857,6.6794964896000515,-0.9829547935042806,-0.2542551946771514,-14.56774957427789,7.831047943487629
1723528356.8688722,20.281653881072998,3.753713883592198,8.26283048370819,1.6723031671450894,-0.12787272581198472,-7.326567503860307,9.228289841851177,3.9678001981638857,6.6794964896000515,-0.9829547935042806,-0.2542551946771514,-14.56774957427789,7.831047943487629
1723528356.9541092,20.366890907287598,3.7916210762823326,8.241700450376463,1.6652669673762055,-0.1299339260226251,-7.444665576661477,9.223618095545714,4.00570739085402,6.658366456268325,-0.9899909932731645,-0.2563163948877918,-14.68584764707906,7.833238010801391
1723528356.9541092,20.366890907287598,3.7916210762823326,8.241700450376463,1.6652669673762055,-0.1299339260226251,-7.444665576661477,9.223618095545714,4.00570739085402,6.658366456268325,-0.9899909932731645,-0.2563163948877918,-14.68584764707906,7.833238010801391
