stamp,time_from_start_s,gt_stamp,match_dt_s,output_x_m,output_y_m,output_z_m,output_yaw_rad,gt_x_m,gt_y_m,gt_z_m,gt_yaw_rad,x_error_m,y_error_m,z_error_m,yaw_error_rad,yaw_error_deg,position_error_m
1723528213.7369614,0.0,1723528213.8162684,-0.07930707931518555,0.002902178941426202,0.003412584376540926,0.001549479102810886,-0.0013838539802975827,0.0,0.0,0.0,0.0,0.002902178941426202,0.003412584376540926,0.001549479102810886,-0.0013838539802975827,-0.07928899253343166,0.004740175125996566
1723528213.7369614,0.0,1723528213.8162684,-0.07930707931518555,0.002902178941426202,0.003412584376540926,0.0,-0.0013838539802977223,0.0,0.0,0.0,0.0,0.002902178941426202,0.003412584376540926,0.0,-0.0013838539802977223,-0.07928899253343967,0.004479773960265063
1723528213.8334944,0.09653306007385254,1723528213.8162684,0.017225980758666992,0.017115480090916357,-0.01538177618174488,0.0,-0.0024616549071798666,0.0,0.0,0.0,0.0,0.017115480090916357,-0.01538177618174488,0.0,-0.0024616549071798666,-0.14104243679907477,0.02301170782988191
1723528213.9368625,0.19990110397338867,1723528213.896839,0.0400235652923584,0.010135612976011994,-0.007055478755030537,0.0,-0.001459122629851706,0.009284999999999998,0.004751,-0.0049169999999999995,-0.0013358844,0.0008506129760119958,-0.011806478755030537,0.0049169999999999995,-0.00012323822985170593,-0.0070610304451659035,0.012817697610255415
1723528214.0330582,0.2960968017578125,1723528214.0182934,0.014764785766601562,-0.0017841612098248726,-0.005744508706352152,0.0,-0.0022047274553291807,-0.004325000000000001,0.005633,-0.0017490000000000001,-0.0012780279,0.002540838790175128,-0.011377508706352152,0.0017490000000000001,-0.0009266995553291807,-0.05309597339701217,0.011788238507969612
1723528214.1357806,0.3988192081451416,1723528214.105362,0.03041863441467285,0.005817912184413323,-0.008558910228105508,0.0,-0.0004165619495810624,-0.0023160000000000004,0.0037160000000000006,-0.000644,-0.0006410227999999999,0.008133912184413323,-0.012274910228105508,0.000644,0.00022446085041893753,0.012860659394922397,0.014739358348713715
1723528214.238128,0.501166582107544,1723528214.2128062,0.02532172203063965,-0.00041639743354855826,-0.006739801390708482,0.0,-0.002153436288874655,-0.006347,0.01653,-0.002153,-0.00033061439999999994,0.005930602566451442,-0.023269801390708483,0.002153,-0.0018228218888746552,-0.10444000103658249,0.02410997952226876
1723528214.338752,0.6017906665802002,1723528214.2956884,0.04306364059448242,-0.004588389726260952,0.0022032104261960482,0.0,-0.003731240255232304,0.004173,0.011807000000000002,-0.0016250000000000001,-0.0005500508,-0.008761389726260952,-0.009603789573803954,0.0016250000000000001,-0.0031811894552323033,-0.18226872961633253,0.013100967487683362
1723528214.4415393,0.7045779228210449,1723528214.3964171,0.04512214660644531,-0.004264190332557963,-0.0032240243847530678,0.0,-0.0030386061085247995,-0.005819,0.00451,0.001546,-0.0009173305999999999,0.0015548096674420373,-0.007734024384753068,-0.001546,-0.0021212755085247997,-0.1215401338229385,0.00803882343915615
1723528214.5414238,0.8044624328613281,1723528214.4971173,0.04430651664733887,-0.0018703557198153419,-0.0014082969646994933,0.0,-0.0018218857851901582,-0.005005000000000001,0.008726000000000001,0.001153,0.000872361,0.003134644280184659,-0.010134296964699495,-0.001153,-0.002694246785190158,-0.15436896975808617,0.010670491025815625
1723528214.640671,0.9037096500396729,1723528214.625313,0.01535797119140625,-0.0010282317856386862,-0.005983864760415089,0.0,-0.0016194382542793486,-0.008603000000000001,0.0023710000000000003,0.000852,-0.0003662803,0.007574768214361315,-0.008354864760415089,-0.000852,-0.0012531579542793487,-0.07180066184345486,0.01130958808560791
1723528214.7452466,1.0082852840423584,1723528214.7914536,-0.04620695114135742,-0.00037182468505461187,-0.005493262307299249,0.0,-0.001847834891865574,-0.004191,-0.0002149999999999999,0.0031899999999999997,-0.0005914283,0.0038191753149453885,-0.005278262307299249,-0.0031899999999999997,-0.0012564065918655742,-0.07198679506631316,0.0072541197309490425
1723528214.844048,1.1070866584777832,1723528214.880779,-0.03673100471496582,0.0009275614034812433,-0.00013832468897505512,0.0,-0.001697303041831688,-0.002105000000000001,0.005211,0.003919000000000001,-0.0002772226,0.0030325614034812445,-0.005349324688975056,-0.003919000000000001,-0.0014200804418316876,-0.08136461588602889,0.007291794312373479
1723528214.9485688,1.2116074562072754,1723528214.9937239,-0.04515504837036133,0.0015508567119051281,0.0001921878936799415,0.0,-0.001498629045057154,-0.0069630000000000004,0.0031670000000000005,0.000638,-0.0010486784,0.008513856711905129,-0.002974812106320059,-0.000638,-0.0004499506450571539,-0.025780272950963856,0.009041145236017414
1723528215.0442753,1.3073139190673828,1723528214.9937239,0.050551414489746094,-0.005633302162058968,0.0003710602316978044,0.0,-0.0017749203423651492,-0.0069630000000000004,0.0031670000000000005,0.000638,-0.0010486784,0.001329697837941032,-0.002795939768302196,-0.000638,-0.000726241942365149,-0.04161059820290622,0.0031610788551060844
1723528215.1492426,1.4122812747955322,1723528215.117403,0.031839609146118164,-0.004565499903391079,-0.002485119885954272,0.0,-0.0013741372183120326,-0.009328000000000001,0.0018660000000000005,-0.001441,-0.0005929336999999999,0.0047625000966089225,-0.004351119885954272,0.001441,-0.0007812035183120327,-0.04475966454005039,0.00660985116565772
1723528215.2456746,1.5087132453918457,1723528215.222347,0.02332758903503418,-0.005844959647698221,0.002296310347534462,0.0,-0.001839342972464131,-0.0052190000000000005,0.007524,-0.003091,-0.0005602401,-0.0006259596476982203,-0.005227689652465539,0.003091,-0.0012791028724641312,-0.07328719615525511,0.006105312898045582
1723528215.3461852,1.6092238426208496,1723528215.3080776,0.03810763359069824,-0.0040341830537221745,-0.003238827835150196,0.0,-0.0019130603270731683,-0.008763,0.004352,0.0016909999999999998,-0.0006332300999999999,0.0047288169462778255,-0.007590827835150196,-0.0016909999999999998,-0.0012798302270731685,-0.07332887050456234,0.009101750267629593
1723528215.449704,1.712742567062378,1723528215.390466,0.05923795700073242,0.0012919006565059103,-0.006760149181440187,0.0,-0.0022172378330567173,-0.010749,-0.004354,0.002291,-0.0006969377000000001,0.01204090065650591,-0.0024061491814401864,-0.002291,-0.0015203001330567172,-0.08710678121732739,0.012490857596786129
1723528215.541785,1.804823637008667,1723528215.5173397,0.024445295333862305,0.0019418502248136082,-0.008742242570049847,0.0,-0.0021621550904149522,-0.004039000000000001,-0.00016599999999999948,0.000503,-0.0008848400999999999,0.005980850224813609,-0.008576242570049847,-0.000503,-0.0012773149904149522,-0.07318475805956996,0.010467832394148667
1723528215.648219,1.9112577438354492,1723528215.6126108,0.03560829162597656,0.00014128118792813423,-0.0042916776230686425,0.0,-0.0022579584485145077,-0.005309,-0.0022069999999999998,0.000537,-0.0009921686,0.005450281187928134,-0.0020846776230686427,-0.000537,-0.0012657898485145076,-0.0725244160703851,0.00586001832928929
1723528215.7547565,2.0177950859069824,1723528215.6999395,0.05481696128845215,0.0019128475025418873,-0.002812542604812972,0.0,-0.0017184201406670319,-0.005050000000000001,0.002965,-0.0008,-0.0005659747,0.006962847502541888,-0.005777542604812972,0.0008,-0.0011524454406670317,-0.06603025986931524,0.009083019536150016
1723528215.8448796,2.1079182624816895,1723528215.8239462,0.02093338966369629,0.0024760807606049227,-0.0016108561708788063,0.0,-0.0014695242958913113,-0.0038450000000000003,0.0026210000000000005,-0.002689,-0.0009272543,0.0063210807606049225,-0.004231856170878807,0.002689,-0.0005422699958913113,-0.03106978212114863,0.008068171393388637
1723528215.9560702,2.219108819961548,1723528215.9068296,0.0492405891418457,0.004884085367603135,-0.003368783044902989,0.0,-0.0012193743020874057,0.0012370000000000003,0.0054670000000000005,0.000338,0.000366804,0.003647085367603135,-0.00883578304490299,-0.000338,-0.0015861783020874056,-0.09088132226483528,0.00956485952302385
1723528216.053469,2.316507577896118,1723528216.0164251,0.03704380989074707,0.0051339678345444974,-0.004714703421320087,0.0,-0.00110367343947404,-0.0006460000000000007,0.005038,-0.0012569999999999999,-0.0006993772,0.005779967834544498,-0.009752703421320088,0.0012569999999999999,-0.00040429623947403994,-0.023164468194872924,0.011406283408393706
1723528216.1499295,2.412968158721924,1723528216.117098,0.032831430435180664,0.005779551388903987,-0.0008654000614019987,0.0,-0.00035308430369251903,0.002260999999999999,0.0035800000000000003,-0.0017360000000000001,0.0007137634000000001,0.003518551388903988,-0.004445400061401999,0.0017360000000000001,-0.001066847703692519,-0.061125870804804756,0.005929205813789153
1723528216.255318,2.5183565616607666,1723528216.2222626,0.03305530548095703,0.013577251965683313,-0.002588238333137623,0.0,-0.00018280697439543303,0.004981999999999999,0.0032600000000000003,-0.003853,0.000740891,0.008595251965683314,-0.005848238333137624,0.003853,-0.0009236979743954331,-0.05292399547764149,0.011087193375907323
1723528216.353301,2.616339683532715,1723528216.31508,0.038221120834350586,0.0141026310535188,-0.003420192295651334,0.0,7.895160365256615e-05,0.00464,0.001991,-0.0025310000000000003,0.0013729603,0.0094626310535188,-0.005411192295651334,0.0025310000000000003,-0.0012940086963474336,-0.07414123695393365,0.011190547328684807
1723528216.4561,2.7191386222839355,1723528216.3978648,0.05823516845703125,0.01759418658931586,-0.003810395099304076,0.0,0.0003689591922690916,0.009328,0.0023090000000000003,0.000495,0.0017436436,0.008266186589315862,-0.006119395099304077,-0.000495,-0.0013746844077309084,-0.07876361472542229,0.010296691804204502
1723528216.559638,2.822676658630371,1723528216.5239623,0.035675764083862305,0.022860662112653262,-0.005764917243494626,0.0,0.001253015862519913,0.016365,-0.004284999999999999,-0.001222,0.0029172041,0.006495662112653261,-0.001479917243494627,0.001222,-0.001664188237480087,-0.09535096232292416,0.006773261055750897
1723528216.6561832,2.919221878051758,1723528216.705356,-0.04917263984680176,0.024480586867696295,-0.006998861649353091,0.0,0.0014820319244166493,0.024522000000000002,-0.0007879999999999996,-0.0037600000000000003,0.0028278985,-4.1413132303706746e-05,-0.006210861649353091,0.0037600000000000003,-0.0013458665755833505,-0.0771124745686508,0.007260448848034962
1723528216.7649648,3.028003454208374,1723528216.705356,0.05960893630981445,0.031308541359978265,-0.006690094292185727,0.0,0.00257546873151826,0.024522000000000002,-0.0007879999999999996,-0.0037600000000000003,0.0028278985,0.006786541359978263,-0.005902094292185727,0.0037600000000000003,-0.00025242976848173986,-0.014463160357468184,0.009748305527862109
1723528216.8604772,3.1235158443450928,1723528216.826292,0.034185171127319336,0.03140706997392674,-0.008164155849943337,0.0,0.0024159816366440263,0.030004000000000003,-0.0054199999999999995,-0.000593,0.0050987081,0.0014030699739267377,-0.002744155849943338,0.000593,-0.0026827264633559737,-0.15370890393835498,0.0031385738290683907
1723528216.9654164,3.228455066680908,1723528216.9269538,0.03846263885498047,0.03621995851303177,-0.011605021631461591,0.0,0.002850693474287791,0.040883,-0.002438,-0.00043400000000000003,0.0050599655,-0.004663041486968229,-0.009167021631461592,0.00043400000000000003,-0.0022092720257122092,-0.12658196286962747,0.010294007844414713
1723528217.0623994,3.3254380226135254,1723528217.0279365,0.034462928771972656,0.039003917190841175,-0.01331453970895482,0.0,0.0037546109737522926,0.042109,-0.005226999999999999,-0.000812,0.0049929732000000004,-0.0031050828091588253,-0.008087539708954821,0.000812,-0.0012383622262477079,-0.07095292907241843,0.008701102332213701
1723528217.1623971,3.425435781478882,1723528217.1951666,-0.03276944160461426,0.04770478304469799,-0.011310706366869925,0.0,0.004729193130131648,0.044041,-0.004401,-0.002193,0.0061195226,0.003663783044697992,-0.006909706366869925,0.002193,-0.001390329469868352,-0.07966001075611773,0.008122597938774224
1723528217.2640321,3.5270707607269287,1723528217.3047664,-0.040734291076660156,0.04938970611817603,-0.010074095335731649,0.0,0.004498447886742696,0.049391,-0.0067410000000000005,-0.004431999999999999,0.0069779452,-1.2938818239674466e-06,-0.0033330953357316485,0.004431999999999999,-0.0024794973132573044,-0.14206473136367054,0.005545462126027572
1723528217.3607473,3.623785972595215,1723528217.3047664,0.05598092079162598,0.05389953704546406,-0.013634482136593414,0.0,0.0054938581391028585,0.049391,-0.0067410000000000005,-0.004431999999999999,0.0069779452,0.004508537045464063,-0.006893482136593413,0.004431999999999999,-0.0014840870608971417,-0.085031925019381,0.009353588950657086
1723528217.462342,3.7253806591033936,1723528217.446366,0.0159759521484375,0.0597642626002388,-0.01575801762043776,0.0,0.006484633966793219,0.053095,-0.0046289999999999994,-0.00473,0.0079711155,0.006669262600238798,-0.01112901762043776,0.00473,-0.0014864815332067812,-0.0851691181768843,0.013809670409787415
1723528217.562792,3.8258306980133057,1723528217.6052163,-0.04242420196533203,0.06335333185297772,-0.011968707764682807,0.0,0.007004475405573807,0.05952299999999999,-0.00902,-0.004443,0.0084844402,0.0038303318529777225,-0.0029487077646828067,0.004443,-0.0014799647944261935,-0.0847957365485674,0.0065655592743829845
1723528217.6707563,3.9337949752807617,1723528217.6052163,0.06554007530212402,0.06841458205460003,-0.011046027940104487,0.0,0.00791373561401354,0.05952299999999999,-0.00902,-0.004443,0.0084844402,0.008891582054600042,-0.002026027940104487,0.004443,-0.0005707045859864606,-0.03269896412578518,0.01014422346203836
1723528217.7711785,4.034217119216919,1723528217.7405667,0.030611753463745117,0.07211004001185768,-0.00935301964096696,0.0,0.008514074207401023,0.064557,-0.014388,-0.004434,0.009624267999999998,0.0075530400118576785,0.005034980359033039,0.004434,-0.001110193792598975,-0.06360941875754351,0.010102464879254543
1723528217.867802,4.130840539932251,1723528217.865025,0.0027768611907958984,0.08095587768663481,-0.008929573455091848,0.0,0.008931145239511551,0.071701,-0.014944,-0.005336,0.0112747785,0.009254877686634813,0.006014426544908153,0.005336,-0.0023436332604884497,-0.13428029455247245,0.012259648594420101
1723528217.9713652,4.234403848648071,1723528217.9509788,0.020386457443237305,0.09308780109682717,-0.011734487763174963,0.0,0.00991377521983905,0.077164,-0.010192,-0.007078,0.0114639597,0.015923801096827173,-0.0015424877631749628,0.007078,-0.0015501844801609505,-0.08881902817990396,0.01749413598526257
1723528218.073777,4.336815595626831,1723528218.0439494,0.029827594757080078,0.09688599343192686,-0.01908196343475467,0.0,0.010818766206554642,0.085997,-0.010416,-0.004593,0.0120848869,0.010888993431926855,-0.00866596343475467,0.004593,-0.0012661206934453575,-0.0725433720885961,0.01465485411776764
1723528218.2370753,4.5001139640808105,1723528218.2077923,0.02928304672241211,0.10093825608690807,-0.0159108761297387,0.0,0.011284359768823917,0.098934,-0.006281,-0.0018770000000000002,0.0133414175,0.002004256086908074,-0.0096298761297387,0.0018770000000000002,-0.0020570577311760825,-0.1178607262111462,0.010013724868200607
1723528218.3270745,4.590113162994385,1723528218.3231335,0.003941059112548828,0.1101049607038384,-0.017545475220603478,0.0,0.01278822245622857,0.101573,-0.008242,-0.006999999999999999,0.012988825900000002,0.00853196070383841,-0.009303475220603478,0.006999999999999999,-0.00020060344377143165,-0.011493730683892955,0.014434299589250105
1723528218.4370735,4.7001121044158936,1723528218.4610808,-0.024007320404052734,0.11187345056483597,-0.01960625654400013,0.0,0.012536479477098352,0.107205,-0.018298000000000002,-0.004233,0.0141674164,0.004668450564835974,-0.001308256544000127,0.004233,-0.001630936922901649,-0.09344580233431782,0.006436167715437229
1723528218.5270727,4.790111303329468,1723528218.5516012,-0.02452850341796875,0.11668274467124093,-0.0219423299042373,0.0,0.012956419656510398,0.110916,-0.017372,-0.0022890000000000002,0.0152379223,0.005766744671240928,-0.004570329904237301,0.0022890000000000002,-0.002281502643489601,-0.13072047241989465,0.007706022355070829
1723528218.637072,4.900110721588135,1723528218.6451464,-0.008074283599853516,0.11768507926293682,-0.018077652694907523,0.0,0.014032044155566581,0.116345,-0.017075,-0.005685,0.015967346200000003,0.0013400792629368191,-0.0010026526949075236,0.005685,-0.0019353020444334219,-0.1108846392290748,0.005926242473739883
1723528218.737071,5.000109672546387,1723528218.7466905,-0.009619474411010742,0.12174047633889185,-0.02107556601007796,0.0,0.014931811090985734,0.12096299999999999,-0.017688000000000002,-0.0077339999999999996,0.0173468142,0.0007774763388918582,-0.0033875660100779574,0.0077339999999999996,-0.0024150031090142666,-0.13836948565748974,0.008479081844761977
1723528218.737071,5.000109672546387,1723528218.7466905,-0.009619474411010742,0.12174047633889185,-0.02107556601007796,0.0,0.014931811090985734,0.12096299999999999,-0.017688000000000002,-0.0077339999999999996,0.0173468142,0.0007774763388918582,-0.0033875660100779574,0.0077339999999999996,-0.0024150031090142666,-0.13836948565748974,0.008479081844761977
1723528218.8370702,5.100108861923218,1723528218.8345375,0.0025327205657958984,0.14212516015675886,-0.02677341999504338,0.0,0.017034809204977464,0.134906,-0.021945,-0.008157,0.0195364666,0.007219160156758858,-0.0048284199950433815,0.008157,-0.002501657395022536,-0.1433344105224831,0.01191497217862758
1723528218.9370694,5.200108051300049,1723528218.9815328,-0.044463396072387695,0.14769464465454762,-0.029044676943916,0.0,0.01951016001786376,0.154652,-0.027561000000000002,-0.00232,0.021593941800000002,-0.006957355345452387,-0.0014836769439159972,0.00232,-0.002083781782136241,-0.1193919015426558,0.007482545735029143
1723528219.0370686,5.30010724067688,1723528219.0834038,-0.04633522033691406,0.16409879913931968,-0.027332839904081568,0.0,0.01972816404071054,0.181504,-0.033268,-0.004658,0.0237717349,-0.017405200860680314,0.005935160095918431,0.004658,-0.004043570859289462,-0.23167954439937385,0.018970084511272193
1723528219.1270678,5.390106439590454,1723528219.1656473,-0.038579463958740234,0.17985639319778635,-0.031569713305628556,0.0,0.021628446270899552,0.211052,-0.042094,-0.008662,0.0255560083,-0.031195606802213643,0.010524286694371443,0.008662,-0.003927562029100448,-0.22503272804329347,0.034043453675907234
1723528219.2270672,5.490105867385864,1723528219.2478833,-0.02081608772277832,0.2027500643184223,-0.03337689235308675,0.0,0.02506757980966645,0.235897,-0.039053000000000004,-0.00844,0.029540032900000002,-0.0331469356815777,0.005676107646913252,0.00844,-0.004472453090333551,-0.25625268614635477,0.03467233974075006
1723528219.3270664,5.590105056762695,1723528219.35259,-0.025523662567138672,0.24286039989481015,-0.04347705764060343,0.0,0.029535843288754915,0.262259,-0.036524,-0.004742,0.034361209499999996,-0.019398600105189873,-0.00695305764060343,0.004742,-0.0048253662112450815,-0.2764731185093756,0.02114562036438341
1723528219.4370637,5.70010232925415,1723528219.4723525,-0.03528881072998047,0.26069402632027255,-0.048648329799487626,0.0,0.03168240756527485,0.288975,-0.04343,-0.007549999999999999,0.0373782559,-0.028280973679727428,-0.005218329799487623,0.007549999999999999,-0.005695848334725147,-0.32634807032636914,0.029732926834902345
1723528219.5370631,5.8001017570495605,1723528219.5577974,-0.020734310150146484,0.2928122168012877,-0.051183972000961586,0.0,0.0374700803727337,0.31341,-0.042986,-0.014132,0.041600811999999994,-0.020597783198712305,-0.008197972000961583,0.014132,-0.004130731627266293,-0.2366734885435653,0.02629047054789444
1723528219.6370606,5.900099277496338,1723528219.7078207,-0.07076001167297363,0.32822083335549107,-0.05310921390773713,0.0,0.04101154770706339,0.349466,-0.049669000000000005,-0.017115000000000002,0.047129758099999995,-0.021245166644508928,-0.003440213907737126,0.017115000000000002,-0.006118210392936606,-0.3505476336883445,0.027497552663536127
1723528219.73706,6.000098705291748,1723528219.7078207,0.029239416122436523,0.3735899619591596,-0.0606608322720498,0.0,0.04552188614303886,0.349466,-0.049669000000000005,-0.017115000000000002,0.047129758099999995,0.024123961959159612,-0.010991832272049792,0.017115000000000002,-0.0016078719569611322,-0.09212427713131321,0.03155485925026216
1723528219.8370593,6.100097894668579,1723528219.8625734,-0.02551412582397461,0.397042701568772,-0.07252461593859008,0.0,0.049776947438696865,0.459382,-0.05743500000000001,-0.010218,0.0572282706,-0.062339298431227985,-0.015089615938590074,0.010218,-0.007451323161303133,-0.4269293689307479,0.06494838075019158
1723528219.9370584,6.20009708404541,1723528219.9266171,0.010441303253173828,0.4426222937167185,-0.07692461943603997,0.0,0.05834488854748176,0.5114529999999999,-0.06613,-0.012972,0.0623124511,-0.06883070628328142,-0.010794619436039973,0.012972,-0.00396756255251824,-0.2273245892134472,0.07086933554242122
1723528220.0370576,6.300096273422241,1723528220.0572646,-0.020206928253173828,0.4821865258227833,-0.08702513434469476,0.0,0.06249463357915896,0.560403,-0.072166,-0.011517,0.0691251263,-0.07821647417721667,-0.014859134344694769,0.011517,-0.006630492720841048,-0.379899248996406,0.08044409235729426
1723528220.1370568,6.400095462799072,1723528220.1893852,-0.05232834815979004,0.5632684301442954,-0.08922239033952359,0.0,0.06887705564939006,0.6028800000000001,-0.07840799999999999,-0.014197,0.0735491712,-0.03961156985570469,-0.010814390339523597,0.014197,-0.004672115550609937,-0.2676925024473902,0.04344631530807824
1723528220.2370558,6.500094413757324,1723528220.1893852,0.047670602798461914,0.618220591063752,-0.09291734246381854,0.0,0.0729881331977724,0.6028800000000001,-0.07840799999999999,-0.014197,0.0735491712,0.015340591063751963,-0.014509342463818548,0.014197,-0.0005610380022275929,-0.032145109674092356,0.02544424418051428
1723528220.3370552,6.600093841552734,1723528220.366524,-0.029468774795532227,0.6840610134908787,-0.08487921036960114,0.0,0.07620001831379986,0.7210350000000001,-0.086765,-0.018532,0.08511547750000001,-0.036973986509121426,0.001885789630398857,0.018532,-0.008915459186200153,-0.5108181837904083,0.04140129110193078
1723528220.4370544,6.700093030929565,1723528220.4470577,-0.010003328323364258,0.730872146056729,-0.09282064368832912,0.0,0.08236343769110865,0.789369,-0.09207299999999999,-0.015152,0.08764206910000001,-0.05849685394327098,-0.000747643688329136,0.015152,-0.005278631408891356,-0.30244330133467023,0.06043197825940398
1723528220.5670536,6.830092191696167,1723528220.5757902,-0.008736610412597656,0.7840379639070743,-0.09581365497938554,0.0,0.08728261025012739,0.8494839999999999,-0.10908699999999999,-0.024995,0.09252355420000001,-0.06544603609292565,0.013273345020614447,0.024995,-0.005240943949872623,-0.30028396899232457,0.07130298277991459
1723528220.637053,6.900091648101807,1723528220.636201,0.0008521080017089844,0.8678621441887645,-0.11528747737729526,0.0,0.09076416979279013,0.928382,-0.11075199999999999,-0.032221,0.0979393355,-0.060519855811235534,-0.0045354773772952744,0.032221,-0.00717516570720987,-0.41110671233012613,0.06871256321410733
1723528220.7370522,7.000090837478638,1723528220.7636552,-0.026602983474731445,0.9197178429831131,-0.1165254218077118,0.0,0.09556937336333472,1.008545,-0.10831199999999999,-0.026792,0.0987029324,-0.08882715701688693,-0.008213421807711813,0.026792,-0.003133559036665276,-0.1795397076560003,0.09314255410656334
1723528220.8370504,7.100089073181152,1723528220.8748858,-0.03783535957336426,1.0014783641877134,-0.13015226282597864,0.0,0.0956116556032085,1.0733430000000002,-0.11571999999999999,-0.023519,0.10361996139999999,-0.07186463581228675,-0.014432262825978648,0.023519,-0.008008305796791487,-0.4588421232063041,0.07698025364800204
1723528220.9670503,7.230088949203491,1723528220.9568763,0.010174036026000977,1.060614322116646,-0.1323210192620608,0.0,0.1017850618135059,1.135666,-0.13223800000000002,-0.024879000000000002,0.10603199949999999,-0.0750516778833541,-8.301926206077948e-05,0.024879000000000002,-0.00424693768649409,-0.24333160529116532,0.0790678562141697
1723528221.0670485,7.330087184906006,1723528221.0859072,-0.018858671188354492,1.1405466973892633,-0.14100888213835155,0.0,0.10305951826162074,1.2060710000000001,-0.142245,-0.035695000000000005,0.10694303200000001,-0.06552430261073683,0.0012361178616484558,0.035695000000000005,-0.0038835137383792656,-0.22250894689020448,0.07462637097562295
1723528221.1670482,7.430086851119995,1723528221.1471794,0.019868850708007812,1.2006653865630985,-0.1408434665829917,0.0,0.10383112604505083,1.272936,-0.150035,-0.030093,0.1098591335,-0.07227061343690155,0.00919153341700829,0.030093,-0.006028007454949164,-0.3453793860419838,0.07882331192040865
1723528221.2670465,7.53008508682251,1723528221.3006885,-0.03364205360412598,1.2610605677693787,-0.1492001824116641,0.0,0.10891723718803893,1.363833,-0.156112,-0.031488,0.11383853370000001,-0.10277243223062138,0.0069118175883358945,0.031488,-0.004921296511961076,-0.2819695198678229,0.10770998186320566
1723528221.367046,7.630084753036499,1723528221.3006885,0.06635761260986328,1.3651684600134368,-0.15849556454372718,0.0,0.11054195094382457,1.363833,-0.156112,-0.031488,0.11383853370000001,0.0013354600134367622,-0.002383564543727179,0.031488,-0.003296582756175434,-0.1888802787444569,0.0316063123027917
1723528221.4670458,7.730084419250488,1723528221.4410641,0.025981664657592773,1.4855841056698238,-0.17527060804013495,0.0,0.11231687698670044,1.4514740000000002,-0.15903,-0.033294000000000004,0.11621699960000001,0.03411010566982364,-0.01624060804013494,0.033294000000000004,-0.0039001226132995693,-0.22346056532559855,0.050356202143527776
1723528221.5670457,7.830084323883057,1723528221.5894256,-0.02237987518310547,1.5670824904653353,-0.19017671422347063,0.0,0.11353188181903562,1.6168770000000001,-0.179124,-0.04025,0.1207299782,-0.0497945095346648,-0.011052714223470622,0.04025,-0.007198096380964386,-0.4124205431576513,0.06497475026118633
1723528221.5670457,7.830084323883057,1723528221.5894256,-0.02237987518310547,1.5670824904653353,-0.19017671422347063,0.0,0.11353188181903562,1.6168770000000001,-0.179124,-0.04025,0.1207299782,-0.0497945095346648,-0.011052714223470622,0.04025,-0.007198096380964386,-0.4124205431576513,0.06497475026118633
1723528221.6670454,7.930083990097046,1723528221.6626275,0.004417896270751953,1.6857696955695762,-0.19382820563817324,0.0,0.11959170877278867,1.6980520000000001,-0.18435500000000002,-0.040078,0.12238811500000002,-0.012282304430423885,-0.009473205638173221,0.040078,-0.0027964062272113482,-0.1602222746233118,0.04297490792526178
1723528221.767045,8.030083656311035,1723528221.7822518,-0.01520681381225586,1.7282505354147075,-0.19788603166565746,0.0,0.1203061405463708,1.8034810000000001,-0.187447,-0.040226000000000005,0.1247951997,-0.07523046458529259,-0.010439031665657461,0.040226000000000005,-0.004489059153629196,-0.25720414348752235,0.08594607181154681
1723528221.867045,8.130083560943604,1723528221.8658257,0.0012192726135253906,1.787738229650519,-0.2033377695677461,0.0,0.12168097569841804,1.88699,-0.194171,-0.044327,0.127307886,-0.09925177034948085,-0.009166769567746091,0.044327,-0.005626910301581967,-0.32239821197933194,0.1090863259570797
1723528221.9670446,8.230083227157593,1723528221.9776115,-0.010566949844360352,1.924416221538756,-0.21289866620644982,0.0,0.12476693134759165,1.980216,-0.20034000000000002,-0.051121,0.129934824,-0.055799778461244065,-0.012558666206449798,0.051121,-0.005167892652408357,-0.2960984379596674,0.07671174625967617
1723528222.0670443,8.330082893371582,1723528222.0964732,-0.029428958892822266,2.012950709369646,-0.21769125628077285,0.0,0.12598433513029805,2.071645,-0.203046,-0.057219,0.1315254712,-0.05869429063035403,-0.014645256280772845,0.057219,-0.005541136069701941,-0.31748371050162993,0.08326774432593921
1723528222.1670442,8.43008279800415,1723528222.1778018,-0.010757684707641602,2.107987328919027,-0.2177911748114767,0.0,0.12823064654183947,2.1849030000000003,-0.205371,-0.062899,0.13216603100000004,-0.07691567108097308,-0.012420174811476697,0.062899,-0.003935384458160579,-0.22548092021397947,0.10013273890783214
1723528222.267044,8.530082702636719,1723528222.3074055,-0.04036140441894531,2.1962618555352615,-0.2231776881388995,0.0,0.13074509938415657,2.295532,-0.223607,-0.054868,0.13428377160000002,-0.09927014446473859,0.000429311861100512,0.054868,-0.003538672215843447,-0.2027509830480366,0.1134250559388187
1723528222.267044,8.530082702636719,1723528222.3074055,-0.04036140441894531,2.1962618555352615,-0.2231776881388995,0.0,0.13074509938415657,2.295532,-0.223607,-0.054868,0.13428377160000002,-0.09927014446473859,0.000429311861100512,0.054868,-0.003538672215843447,-0.2027509830480366,0.1134250559388187
1723528222.3670437,8.630082368850708,1723528222.367757,-0.000713348388671875,2.4413045906594,-0.23443998097759614,0.0,0.1316695318403185,2.412827,-0.237046,-0.05686,0.13455182670000002,0.028477590659400143,0.0026060190224038715,0.05686,-0.0028822948596815274,-0.16514333077200335,0.063646084757112
1723528222.3670437,8.630082368850708,1723528222.367757,-0.000713348388671875,2.4413045906594,-0.23443998097759614,0.0,0.1316695318403185,2.412827,-0.237046,-0.05686,0.13455182670000002,0.028477590659400143,0.0026060190224038715,0.05686,-0.0028822948596815274,-0.16514333077200335,0.063646084757112
1723528222.467042,8.730080604553223,1723528222.4995964,-0.03255438804626465,2.5739589888050007,-0.23905756527286526,0.0,0.1316745018243175,2.520318,-0.24662800000000001,-0.05367,0.13497450960000001,0.05364098880500068,0.007570434727134756,0.05367,-0.003300007775682512,-0.18907651790696242,0.07625703942545904
1723528222.5670416,8.830080270767212,1723528222.605627,-0.03858542442321777,2.6376735630439816,-0.24297153726531384,0.0,0.1494415737554968,2.651141,-0.24812100000000004,-0.057245000000000004,0.1360077083,-0.013467436956018375,0.005149462734686194,0.057245000000000004,0.013433865455496796,0.7697037931465577,0.0590328624549094
1723528222.6670396,8.930078268051147,1723528222.6861694,-0.01912975311279297,2.7034908874812618,-0.2534438191263761,0.0,0.12981513271328504,2.774136,-0.254077,-0.067214,0.1353063571,-0.07064511251873817,0.0006331808736239064,0.067214,-0.005491224386714954,-0.3146239817180807,0.09751335619700462
1723528222.7670395,9.030078172683716,1723528222.7932954,-0.02625584602355957,2.8573389840136065,-0.2824878792930798,0.0,0.13056657856758713,2.90593,-0.26985000000000003,-0.062451,0.1341272368,-0.04859101598639359,-0.012637879293079746,0.062451,-0.003560658232412861,-0.20401068900576871,0.08013070715160582
1723528222.7670395,9.030078172683716,1723528222.7932954,-0.02625584602355957,2.8573389840136065,-0.2824878792930798,0.0,0.13056657856758713,2.90593,-0.26985000000000003,-0.062451,0.1341272368,-0.04859101598639359,-0.012637879293079746,0.062451,-0.003560658232412861,-0.20401068900576871,0.08013070715160582
1723528222.8670378,9.13007640838623,1723528222.8852456,-0.018207788467407227,3.031822641422167,-0.2800610701953446,0.0,0.1285572873832623,3.027975,-0.26951200000000003,-0.058035,0.1346080459,0.0038476414221668698,-0.010549070195344568,0.058035,-0.006050758516737698,-0.34668292586190813,0.059111322532150144
1723528222.9670374,9.23007607460022,1723528223.0076652,-0.04062771797180176,3.1058228241947883,-0.2784586428631679,0.0,0.16330893005067448,3.159384,-0.28417000000000003,-0.06723,0.1331929132,-0.053561175805211914,0.005711357136832129,0.06723,0.03011601685067447,1.7255206612885163,0.08614692132619285
1723528223.0670357,9.330074310302734,1723528223.0731454,-0.006109714508056641,3.229290816739187,-0.2917526801734891,0.0,0.1283813826854585,3.290231,-0.29308,-0.07603499999999999,0.13209356390000002,-0.06094018326081274,0.0013273198265109087,0.07603499999999999,-0.0037121812145415045,-0.2126923163809762,0.09745146965943248
1723528223.1670353,9.430073976516724,1723528223.1956718,-0.028636455535888672,3.3688125387208863,-0.3052954599175257,0.0,0.12711785204197357,3.424151,-0.301587,-0.075336,0.1311152184,-0.055338461279113904,-0.0037084599175257194,0.075336,-0.003997366358026444,-0.22903222148249602,0.0935500447231314
1723528223.2670352,9.530073881149292,1723528223.2638497,0.0031855106353759766,3.499662339849421,-0.3174938856853667,0.0,0.12611529038332758,3.542952,-0.323588,-0.08484299999999999,0.1322357918,-0.04328966015057922,0.006094114314633303,0.08484299999999999,-0.006120501416672418,-0.3506788996791709,0.09544353070917097
1723528223.367035,9.630073547363281,1723528223.3733938,-0.0063588619232177734,3.601169321903298,-0.33477548430443166,0.0,0.1267009212229615,3.662659,-0.332954,-0.086864,0.1308773303,-0.06148967809670225,-0.001821484304431631,0.086864,-0.0041764090770385065,-0.2392906136344339,0.10644084184892261
1723528223.4670343,9.730072975158691,1723528223.4572668,0.009767532348632812,3.719176900700373,-0.354518592778282,0.0,0.12509986281088237,3.782659,-0.352594,-0.08446899999999999,0.1304104476,-0.06348209929962723,-0.0019245927782819972,0.08446899999999999,-0.00531058478911764,-0.3042740951628131,0.10568203702545644
1723528223.567034,9.83007264137268,1723528223.5870066,-0.019972562789916992,3.8178377895922475,-0.3612825829872409,0.0,0.12566742796114957,3.911095,-0.365379,-0.087837,0.1296152046,-0.09325721040775248,0.00409641701275909,0.087837,-0.003947776638850431,-0.2261909398664715,0.12817576406785425
1723528223.6190414,9.882080078125,1723528223.5870066,0.032034873962402344,3.9674207346690875,-0.3687713259574684,0.0,0.12417220195131941,3.911095,-0.365379,-0.087837,0.1296152046,0.056325734669087524,-0.0033923259574684117,0.087837,-0.005443002648680598,-0.3118610796479266,0.10440035838259445
1723528223.667034,9.930072546005249,1723528223.7442684,-0.07723450660705566,4.107253804253589,-0.38309202479012194,0.0,0.12460078149432485,4.043792,-0.379826,-0.08369299999999999,0.1291192824,0.06346180425358927,-0.0032660247901219464,0.08369299999999999,-0.004518500905675155,-0.25889103162122645,0.1050837083759922
1723528223.7670336,10.030072212219238,1723528223.7442684,0.022765159606933594,4.228340915270545,-0.39937039771503907,0.0,0.11547029940244967,4.043792,-0.379826,-0.08369299999999999,0.1291192824,0.18454891527054507,-0.019544397715039075,0.08369299999999999,-0.013648982997550338,-0.7820291204054536,0.20357996919780305
1723528223.8670318,10.130070447921753,1723528223.8933692,-0.026337385177612305,4.285031233315089,-0.4027036192039823,0.0,0.12461951097197854,4.347846,-0.391783,-0.100976,0.1288353666,-0.0628147666849106,-0.010920619203982296,0.100976,-0.004215855628021459,-0.2415507345221047,0.11941987863617237
1723528223.9670315,10.230070114135742,1723528223.9939952,-0.02696371078491211,4.416795112763192,-0.403942983132584,0.0,0.12343628067867485,4.498269,-0.399724,-0.107998,0.1271850094,-0.08147388723680749,-0.004218983132583953,0.107998,-0.0037487287213251452,-0.21478633427140456,0.13534903813529317
1723528224.0670297,10.330068349838257,1723528224.0763125,-0.009282827377319336,4.53606781261856,-0.4084363089189414,0.0,0.12199156431737368,4.6491359999999995,-0.409381,-0.10749299999999999,0.12680795330000003,-0.11306818738143942,0.0009446910810586018,0.10749299999999999,-0.004816388982626346,-0.275958761197798,0.15601298820278692
1723528224.121256,10.384294748306274,1723528224.0763125,0.04494357109069824,4.72272782445746,-0.4207481129668535,0.0,0.12114395386480979,4.6491359999999995,-0.409381,-0.10749299999999999,0.12680795330000003,0.07359182445746093,-0.011367112966853499,0.10749299999999999,-0.005663999435190233,-0.3245232628008824,0.13076587067418988
1723528224.1670296,10.430068254470825,1723528224.2453914,-0.07836174964904785,4.8183979443091465,-0.4373842148051143,0.0,0.11935683056506095,4.814705,-0.422506,-0.106042,0.12598992620000002,0.003692944309146462,-0.01487821480511431,0.106042,-0.006633095634939066,-0.3800483849886575,0.10714431798960493
1723528224.2670276,10.53006625175476,1723528224.2453914,0.021636247634887695,4.918775959776873,-0.44487691558606735,0.0,0.11302465860426691,4.814705,-0.422506,-0.106042,0.12598992620000002,0.1040709597768732,-0.022370915586067353,0.106042,-0.012965267595733104,-0.7428551134932349,0.15025354670369187
1723528224.3670275,10.630066156387329,1723528224.3785052,-0.01147770881652832,5.034557856793731,-0.4527482021048063,0.0,0.11915031980096956,5.133973999999999,-0.452463,-0.11680399999999999,0.12483782800000001,-0.09941614320626879,-0.0002852021048063147,0.11680399999999999,-0.005687508199030453,-0.32587021575049674,0.15338456664948377
1723528224.4970257,10.760064363479614,1723528224.4848084,0.012217283248901367,5.192692281110424,-0.4738741369006119,0.0,0.11958223461771533,5.293926,-0.469331,-0.109414,0.124139207,-0.101233718889576,-0.0045431369006119215,0.109414,-0.004556972382284669,-0.2610952848625879,0.14913191921621408
1723528224.5970254,10.860064029693604,1723528224.585723,0.011302471160888672,5.35403816892428,-0.49469567566987915,0.0,0.1189859721803983,5.461402,-0.487004,-0.115059,0.1239849989,-0.10736383107571967,-0.007691675669879161,0.115059,-0.004999026719601701,-0.28642313270630626,0.15755864806117842
1723528224.6970236,10.960062265396118,1723528224.6662624,0.030761241912841797,5.509376932231357,-0.5147400487256946,0.0,0.1182846849394079,5.643263999999999,-0.512384,-0.108148,0.12245604830000002,-0.1338870677686428,-0.002356048725694615,0.108148,-0.004171363360592123,-0.23900151537743639,0.17212579058724173
1723528224.7670233,11.030061960220337,1723528224.8295505,-0.06252717971801758,5.68896112620126,-0.5401787993413931,0.0,0.1167587060582842,5.813612999999999,-0.5316949999999999,-0.117819,0.1219535307,-0.12465187379873921,-0.008483799341393206,0.117819,-0.005194824641715806,-0.29764152728087573,0.17173054840010799
1723528224.8970232,11.160061836242676,1723528224.9138806,-0.016857385635375977,5.818073892216075,-0.5493110757766025,0.0,0.11479189678598535,5.989648,-0.548612,-0.102382,0.12220723780000001,-0.17157410778392457,-0.0006990757766025535,0.102382,-0.007415341014014656,-0.42486774375330005,0.1998004932245944
1723528224.9970229,11.260061502456665,1723528224.995512,0.0015108585357666016,6.008645054507973,-0.5635918532368206,0.0,0.11567883647119626,6.1613,-0.56304,-0.105927,0.1199589915,-0.15265494549202696,-0.0005518532368206097,0.105927,-0.004280155028803745,-0.2452348188121499,0.18580733638413935
1723528225.0670211,11.33005976676941,1723528225.0998263,-0.03280520439147949,6.198861756159194,-0.5819842795629891,0.0,0.11431542735617216,6.333844999999999,-0.5770829999999999,-0.11405699999999999,0.12070234799999999,-0.1349832438408054,-0.004901279562989247,0.11405699999999999,-0.006386920643827829,-0.36594359697631307,0.17678658859806334
1723528225.129608,11.392646551132202,1723528225.0998263,0.029781579971313477,6.409368228669635,-0.6013318819383575,0.0,0.11521309472707754,6.333844999999999,-0.5770829999999999,-0.11405699999999999,0.12070234799999999,0.07552322866963568,-0.024248881938357614,0.11405699999999999,-0.005489253272922448,-0.3145110452168301,0.13892719529648068
1723528225.1970208,11.460059404373169,1723528225.1828194,0.01420140266418457,6.402364553992839,-0.5934957132677803,0.0,0.11521328346928517,6.516328,-0.5874999999999999,-0.114309,0.1209834686,-0.11396344600716102,-0.005995713267780367,0.114309,-0.00577018513071484,-0.33060725499910354,0.16152449685548176
1723528225.2970202,11.560058832168579,1723528225.2853594,0.01166081428527832,6.742390218186791,-0.6313782616631259,0.0,0.10793285971840128,6.6937739999999994,-0.606448,-0.12895299999999998,0.1201462135,0.048616218186791293,-0.024930261663125952,0.12895299999999998,-0.012213353781598726,-0.6997736253857508,0.14004974411393126
1723528225.39702,11.660058736801147,1723528225.4107108,-0.013690710067749023,6.789767248391373,-0.6452259376517215,0.0,0.11620240450470298,6.889485,-0.6268539999999999,-0.121469,0.12045419430000001,-0.09971775160862695,-0.018371937651721626,0.121469,-0.0042517897952970285,-0.24360961064731196,0.15822729233592595
1723528225.4970183,11.760056972503662,1723528225.493678,0.0033402442932128906,6.910075451286083,-0.6573981070382339,0.0,0.11559282177831331,7.079076,-0.6485019999999999,-0.11630199999999999,0.1215395403,-0.16900054871391657,-0.008896107038233958,0.11630199999999999,-0.005946718521686684,-0.3407218732449231,0.20534478661519653
1723528225.597018,11.860056638717651,1723528225.6168761,-0.019858121871948242,7.0626892375711385,-0.6798071200057312,0.0,0.1161970873444278,7.280228999999999,-0.671739,-0.12261699999999999,0.12253769849999999,-0.21753976242886086,-0.008068120005731205,0.12261699999999999,-0.00634061115557219,-0.3632902587478543,0.24984709621492923
1723528225.697016,11.960054636001587,1723528225.6772604,0.01975560188293457,7.327479666671601,-0.6995275087618568,0.0,0.11746039048653723,7.472430999999999,-0.6819299999999999,-0.12340899999999999,0.12494665390000001,-0.1449513333283985,-0.01759750876185684,0.12340899999999999,-0.007486263413462785,-0.42893129791461876,0.19118143902927426
1723528225.7970154,12.060054063796997,1723528225.8099716,-0.01295614242553711,7.479900264798998,-0.7149877801055221,0.0,0.11992511818763331,7.661047,-0.7048629999999999,-0.12745499999999998,0.12578580520000002,-0.18114673520100233,-0.010124780105522202,0.12745499999999998,-0.005860687012366707,-0.335792630855748,0.22172376478665345
1723528225.8980136,12.161052227020264,1723528225.9176855,-0.019671916961669922,7.647577805859309,-0.7491499467859731,0.0,0.12258373913488674,7.853291,-0.726663,-0.12139799999999999,0.1288510625,-0.20571319414069045,-0.022486946785973183,0.12139799999999999,-0.006267323365113263,-0.35909117766471865,0.23991885174641986
1723528225.997012,12.260050535202026,1723528226.025953,-0.02894115447998047,7.886813837145314,-0.7655951841178741,0.0,0.12460477181096197,8.029674,-0.7358929999999999,-0.11888599999999999,0.13222401620000002,-0.14286016285468595,-0.029702184117874175,0.11888599999999999,-0.007619244389038048,-0.43655054657061365,0.18821563927644133
1723528226.0970101,12.360048770904541,1723528226.142074,-0.04506397247314453,8.06007726536977,-0.7778455821736461,0.0,0.12991656808381746,8.196949,-0.7323989999999999,-0.122072,0.1362968867,-0.13687173463022972,-0.045446582173646166,0.122072,-0.006380318616182545,-0.36556532865600966,0.1889466505550019
1723528226.1970093,12.460047960281372,1723528226.1989186,-0.0019092559814453125,8.248269067654713,-0.7650403993767433,0.0,0.13192834775962622,8.374853,-0.746301,-0.11498599999999999,0.14012028390000003,-0.1265839323452873,-0.018739399376743293,0.11498599999999999,-0.008191936140373807,-0.46936336688410824,0.17203615088985616
1723528226.2970076,12.560046195983887,1723528226.3144984,-0.017490863800048828,8.398209846625994,-0.7807220236520828,0.0,0.13565852801442846,8.534851999999999,-0.761801,-0.116572,0.1422705241,-0.1366421533740052,-0.018921023652082813,0.116572,-0.00661199608557153,-0.3788394698602698,0.1806048570740218
1723528226.3970072,12.660045862197876,1723528226.3950627,0.0019445419311523438,8.54991411235605,-0.7949964489233406,0.0,0.13796988890074413,8.716357,-0.773875,-0.129132,0.14618668440000002,-0.1664428876439512,-0.02112144892334067,0.129132,-0.008216795499255886,-0.4707877032294524,0.21171779300729132
1723528226.4970052,12.760043859481812,1723528226.5103424,-0.013337135314941406,8.679532096077784,-0.803462179726064,0.0,0.14166999146332726,8.881369,-0.7843829999999999,-0.144817,0.1488054504,-0.20183690392221543,-0.0190791797260641,0.144817,-0.00713545893667275,-0.4088316819602547,0.24914677275237798
1723528226.597005,12.8600435256958,1723528226.6163719,-0.019366979598999023,8.849932252034508,-0.8078484351677335,0.0,0.14552476564040084,9.059984,-0.796171,-0.13777899999999998,0.1531941997,-0.2100517479654922,-0.011677435167733563,0.13777899999999998,-0.007669434059599162,-0.4394262028689174,0.2514779357248967
1723528226.697003,12.960041522979736,1723528226.7035012,-0.0064983367919921875,9.023972287405877,-0.8214393353444182,0.0,0.14835345050597315,9.242775,-0.812079,-0.128262,0.1564358779,-0.21880271259412254,-0.009360335344418158,0.128262,-0.008082427394026844,-0.4630889778986586,0.25379791874699476
1723528226.7970026,13.060041189193726,1723528226.828542,-0.0315394401550293,9.282040282617992,-0.839650321317744,0.0,0.1515685956552777,9.427059999999999,-0.8278179999999999,-0.12360099999999999,0.1589029533,-0.14501971738200758,-0.011832321317744032,0.12360099999999999,-0.007334357644722316,-0.4202277384820996,0.19091340827276562
1723528226.897003,13.160041570663452,1723528226.9092693,-0.012266397476196289,9.41015306955218,-0.8459961276304204,0.0,0.15390350979043177,9.611545,-0.8282079999999999,-0.12439599999999999,0.1624079303,-0.20139193044781933,-0.01778812763042048,0.12439599999999999,-0.008504420509568233,-0.48726740240275673,0.2373804792945187
1723528226.9970026,13.260041236877441,1723528227.0239596,-0.026957035064697266,9.613056083033033,-0.8462343674799407,0.0,0.15825919505167005,9.790384,-0.836664,-0.12625899999999998,0.16619109610000002,-0.17732791696696637,-0.009570367479940778,0.12625899999999998,-0.00793190104832997,-0.4544644535847005,0.21789473869404102
1723528227.0970008,13.360039472579956,1723528227.1541035,-0.05710268020629883,9.786617029150053,-0.8632625398002929,0.0,0.16108363481402324,9.960033,-0.830163,-0.114038,0.1687929057,-0.17341597084994653,-0.0330995398002929,0.114038,-0.0077092708859767545,-0.44170868488954895,0.21017455584542263
1723528227.1970005,13.460039138793945,1723528227.2178261,-0.020825624465942383,9.953457922698803,-0.8669464641789842,0.0,0.16426686604431762,10.135767999999999,-0.83334,-0.130077,0.17166861199999997,-0.18231007730119586,-0.033606464178984274,0.130077,-0.007401745955682354,-0.42408880428862494,0.2264649744423657
1723528227.2969987,13.56003737449646,1723528227.3141804,-0.0171816349029541,10.098439379648408,-0.8701501072466421,0.0,0.16720817957385137,10.302083999999999,-0.8472109999999999,-0.132959,0.1735765699,-0.20364462035159114,-0.022939107246642165,0.132959,-0.006368390326148637,-0.3648818879802588,0.2442855495530111
1723528227.3969986,13.660037279129028,1723528227.4242678,-0.02726912498474121,10.2911493570374,-0.8851523526660214,0.0,0.16984359249925518,10.464349,-0.8555919999999999,-0.127096,0.17665962009999997,-0.17319964296260082,-0.029560352666021528,0.127096,-0.0068160276007447895,-0.39052961456735696,0.21685323144493826
1723528227.4969966,13.760035276412964,1723528227.5469754,-0.04997873306274414,10.478356298977388,-0.898945112219525,0.0,0.1721885255968738,10.639671,-0.872656,-0.10990399999999999,0.18070068089999997,-0.16131470102261147,-0.026289112219525013,0.10990399999999999,-0.008512155303126157,-0.4877105734290307,0.19695796354376052
1723528227.5969965,13.860035181045532,1723528227.6074543,-0.010457754135131836,10.648355897660279,-0.9126321985111049,0.0,0.1763480069210721,10.811221999999999,-0.8866269999999999,-0.103251,0.1841560284,-0.16286610233972,-0.026005198511104943,0.103251,-0.007808021478927896,-0.44736667709006367,0.19458264732995623
1723528227.6969948,13.960033416748047,1723528227.7324724,-0.035477638244628906,10.76984688666244,-0.9152553157742411,0.0,0.17899739498430733,10.972044,-0.8806229999999999,-0.11791,0.1871720688,-0.20219711333755974,-0.034632315774241196,0.11791,-0.008174673815692673,-0.46837430853529477,0.23661326682569753
1723528227.7969944,14.060033082962036,1723528227.8582706,-0.06127619743347168,10.971770880064572,-0.9126881864911829,0.0,0.18267216984230794,11.141494,-0.8837029999999999,-0.127963,0.1903784913,-0.1697231199354281,-0.02898518649118298,0.127963,-0.007706321457692067,-0.4415396950968598,0.2145241428034252
1723528227.8969927,14.16003131866455,1723528227.931864,-0.03487133979797363,11.150729644640403,-0.9247712596805017,0.0,0.18609488535247284,11.317566,-0.883972,-0.130946,0.1938672895,-0.16683635535959596,-0.04079925968050169,0.130946,-0.007772404147527168,-0.44532595432328315,0.2159763968033322
1723528227.9969923,14.26003098487854,1723528227.9964578,0.0005345344543457031,11.298602322423434,-0.9219595804689342,0.0,0.189517216537324,11.484328,-0.882133,-0.130641,0.1962210181,-0.18572567757656522,-0.03982658046893428,0.130641,-0.006703801562675998,-0.38409953623454074,0.23053688360894178
1723528228.0969906,14.360029220581055,1723528228.1249368,-0.02794623374938965,11.515319654045927,-0.9187784020858235,0.0,0.19336405367913967,11.65937,-0.881979,-0.120363,0.19903630809999998,-0.1440503459540725,-0.03679940208582355,0.120363,-0.005672254420860306,-0.32499623863971855,0.19129022435127752
1723528228.2369883,14.500026941299438,1723528228.2416453,-0.00465703010559082,11.679875890350255,-0.9093760351445251,0.0,0.19444749400766348,11.829706,-0.878014,-0.12662099999999998,0.20210143290000002,-0.14983010964974497,-0.03136203514452518,0.12662099999999998,-0.007653938892336536,-0.4385383951819197,0.19865929791243359
1723528228.336988,14.600026607513428,1723528228.3255427,0.011445283889770508,11.817011308821728,-0.9024664087401054,0.0,0.19848987329496337,12.015160999999999,-0.890763,-0.12291999999999999,0.20563627499999998,-0.19814969117827097,-0.011703408740105448,0.12291999999999999,-0.007146401705036608,-0.40945865640369306,0.23347290268933166
1723528228.4369862,14.700024843215942,1723528228.434987,0.0019991397857666016,12.023107710508736,-0.9123260851387369,0.0,0.20136682396492223,12.190363,-0.897847,-0.118381,0.20846009000000001,-0.16725528949126378,-0.014479085138736969,0.118381,-0.007093266035077788,-0.4064142067734526,0.20542160774918797
1723528228.5369859,14.800024509429932,1723528228.50256,0.034425973892211914,12.212457257977709,-0.9390606620792344,0.0,0.2052837451376406,12.377753,-0.905651,-0.108789,0.21165011020000002,-0.16529574202229114,-0.03340966207923446,0.108789,-0.006366365062359408,-0.3647658489127352,0.2006836674269943
1723528228.6369836,14.900022268295288,1723528228.614969,0.022014617919921875,12.374409217081093,-0.9498495204591547,0.0,0.20793611361687114,12.551637999999999,-0.915766,-0.11100499999999999,0.2141122407,-0.1772287829189061,-0.03408352045915475,0.11100499999999999,-0.006176127083128868,-0.3538660155997279,0.21188166010017562
1723528228.736983,15.000021696090698,1723528228.7632632,-0.02628016471862793,12.514642180839168,-0.948327648881139,0.0,0.21027917788285588,12.729337,-0.916377,-0.10565999999999999,0.21714899870000004,-0.21469481916083133,-0.031950648881138966,0.10565999999999999,-0.0068698208171441575,-0.39361173883347467,0.2414099106052357
1723528228.836981,15.100019693374634,1723528228.8643878,-0.027406692504882812,12.691727087170793,-0.9447587085468614,0.0,0.2126590748878483,12.920479,-0.906052,-0.11061,0.21924542290000001,-0.22875191282920682,-0.038706708546861424,0.11061,-0.006586348012151716,-0.37736994350067277,0.25702182594004097
1723528228.936981,15.200019598007202,1723528228.945107,-0.008126020431518555,12.90558736726935,-0.9313158556332392,0.0,0.21563040710349535,13.103731,-0.904249,-0.102473,0.2222744325,-0.19814363273065005,-0.027066855633239184,0.102473,-0.006644025396504659,-0.3806746141974503,0.22470921119208564
1723528229.036979,15.300017595291138,1723528229.0256355,0.01134347915649414,13.107259777041142,-0.9260219224754985,0.0,0.2183323933167518,13.287815,-0.908296,-0.094663,0.2249414731,-0.1805552229588585,-0.017725922475498535,0.094663,-0.006609079783248206,-0.37867237804535914,0.20463499318134837
1723528229.1369789,15.400017499923706,1723528229.1340148,0.002964019775390625,13.295167215244467,-0.9293712159405775,0.0,0.22107622955295625,13.486194,-0.8974209999999999,-0.092502,0.2270644346,-0.19102678475553247,-0.031950215940577564,0.092502,-0.005988205047043754,-0.3430988760545457,0.21463613115383456
1723528229.226977,15.490015745162964,1723528229.2231853,0.00379180908203125,13.454752931753037,-0.9220496541818994,0.0,0.22254488638544734,13.681848,-0.887651,-0.093277,0.22966828890000002,-0.2270950682469639,-0.03439865418189947,0.093277,-0.007123402514552679,-0.4081408998567465,0.2479032798504673
1723528229.226977,15.490015745162964,1723528229.2231853,0.00379180908203125,13.454752931753037,-0.9220496541818994,0.0,0.22254488638544734,13.681848,-0.887651,-0.093277,0.22966828890000002,-0.2270950682469639,-0.03439865418189947,0.093277,-0.007123402514552679,-0.4081408998567465,0.2479032798504673
1723528229.3369768,15.60001540184021,1723528229.3555624,-0.018585681915283203,13.649860182585678,-0.9235985453850629,0.0,0.22582299451182442,13.870369,-0.881648,-0.099242,0.2336812323,-0.2205088174143217,-0.04195054538506293,0.099242,-0.007858237788175598,-0.45024385967268077,0.2454240440127391
1723528229.436975,15.700013637542725,1723528229.452042,-0.015067100524902344,13.975288482134562,-0.9112855975488133,0.0,0.24823182632891022,14.046794,-0.8707459999999999,-0.11760999999999999,0.2355667303,-0.0715055178654378,-0.04053959754881342,0.11760999999999999,0.012665096028910222,0.7256565495844546,0.14348731705145304
1723528229.5369747,15.800013303756714,1723528229.532728,0.004246711730957031,14.087275255475136,-0.9132397462298716,0.0,0.2313419799311762,14.23416,-0.8668549999999999,-0.11394399999999999,0.23821768660000003,-0.1468847445248631,-0.046384746229871654,0.11394399999999999,-0.006875706668823839,-0.39394897329356043,0.19159829851265353
1723528229.5369747,15.800013303756714,1723528229.532728,0.004246711730957031,14.087275255475136,-0.9132397462298716,0.0,0.2313419799311762,14.23416,-0.8668549999999999,-0.11394399999999999,0.23821768660000003,-0.1468847445248631,-0.046384746229871654,0.11394399999999999,-0.006875706668823839,-0.39394897329356043,0.19159829851265353
1723528229.636973,15.900011539459229,1723528229.666079,-0.02910614013671875,14.397211474362958,-0.8998088171623333,0.0,0.23566829471109818,14.433321,-0.8656849999999999,-0.104891,0.2402158459,-0.03610952563704117,-0.03412381716233337,0.104891,-0.004547551188901822,-0.26055549024377417,0.11606228767545679
1723528229.7369723,16.00001096725464,1723528229.7264667,0.01050567626953125,14.530537884491427,-0.8859484888350204,0.0,0.24239515658191957,14.631469,-0.8570979999999999,-0.10585499999999999,0.2431405751,-0.10093111550857259,-0.028850488835020505,0.10585499999999999,-0.0007454185180804374,-0.04270933505690531,0.14907958213257932
1723528229.8269703,16.090008974075317,1723528229.8560538,-0.0290834903717041,14.664974585303112,-0.8932280712108209,0.0,0.2411627493255315,14.813672,-0.855869,-0.102361,0.2451395868,-0.14869741469688869,-0.03735907121082094,0.102361,-0.003976837474468503,-0.2278560030965105,0.18434857108280953
1723528229.92697,16.190008640289307,1723528229.9635322,-0.036562204360961914,14.819852604239284,-0.8922789778491261,0.0,0.24098187265548487,15.000699,-0.8404729999999999,-0.10378499999999999,0.24763168160000001,-0.1808463957607156,-0.05180597784912622,0.10378499999999999,-0.00664980894451514,-0.38100598708906214,0.21485019065745678
1723528230.03697,16.300008535385132,1723528230.0448186,-0.007848739624023438,15.054163624048668,-0.8932568825614494,0.0,0.2445079015719158,15.20368,-0.821754,-0.10545199999999999,0.2496028954,-0.1495163759513325,-0.07150288256144943,0.10545199999999999,-0.005094993828084204,-0.29192164299442785,0.19643811543643105
1723528230.1369696,16.40000820159912,1723528230.1687193,-0.031749725341796875,15.20709686696819,-0.8864201573486334,0.0,0.24657858265955476,15.405474,-0.815361,-0.101577,0.25367101259999997,-0.19837713303181026,-0.07105915734863344,0.101577,-0.007092429940445205,-0.40636630207973207,0.23392472652975016
1723528230.2369676,16.500006198883057,1723528230.236211,0.0007565021514892578,15.424422235899451,-0.8834573391005787,0.0,0.24917462968360793,15.605773,-0.82378,-0.082878,0.2567008455,-0.1813507641005483,-0.05967733910057871,0.082878,-0.007526215816392068,-0.4312204019838728,0.20813036137473592
1723528230.3369675,16.600006103515625,1723528230.3371212,-0.0001537799835205078,15.551995970132808,-0.8772054924646683,0.0,0.251467629677089,15.808963,-0.822276,-0.073764,0.2581719676,-0.25696702986719266,-0.05492949246466827,0.073764,-0.0067043379229109745,-0.3841302674123035,0.2729293521723025
1723528230.3369675,16.600006103515625,1723528230.3371212,-0.0001537799835205078,15.551995970132808,-0.8772054924646683,0.0,0.251467629677089,15.808963,-0.822276,-0.073764,0.2581719676,-0.25696702986719266,-0.05492949246466827,0.073764,-0.0067043379229109745,-0.3841302674123035,0.2729293521723025
1723528230.436966,16.70000457763672,1723528230.4380794,-0.0011134147644042969,15.943173671240361,-0.855114467308522,0.0,0.25678211673902235,15.99575,-0.8027529999999999,-0.07242399999999999,0.26202361869999996,-0.05257632875963836,-0.05236146730852209,0.07242399999999999,-0.0052415019609776126,-0.30031594067356193,0.10368813519657397
1723528230.436966,16.70000457763672,1723528230.4380794,-0.0011134147644042969,15.943173671240361,-0.855114467308522,0.0,0.25678211673902235,15.99575,-0.8027529999999999,-0.07242399999999999,0.26202361869999996,-0.05257632875963836,-0.05236146730852209,0.07242399999999999,-0.0052415019609776126,-0.30031594067356193,0.10368813519657397
1723528230.526966,16.79000473022461,1723528230.5527802,-0.025814056396484375,16.1920612771993,-0.8380668095888597,0.0,0.2595983607679772,16.207851,-0.780712,-0.09194999999999999,0.2651148871,-0.0157897228007009,-0.057354809588859745,0.09194999999999999,-0.005516526332022764,-0.3160736763976891,0.1095157159000357
1723528230.6369646,16.90000319480896,1723528230.6549578,-0.01799321174621582,16.388558668870306,-0.8274986361044812,0.0,0.26900508987259064,16.408368000000003,-0.762577,-0.09662,0.26642320729999996,-0.019809331129696517,-0.0649216361044812,0.09662,0.002581882572590677,0.1479309746078252,0.11807901098115889
1723528230.7369645,17.00000309944153,1723528230.735974,0.0009903907775878906,16.43029050112096,-0.8181087617422578,0.0,0.26238699823873546,16.616931,-0.744981,-0.102628,0.2677298031,-0.18664049887904,-0.07312776174225777,0.102628,-0.0053428048612645385,-0.3061201693124374,0.22519958202281226
1723528230.836963,17.100001573562622,1723528230.8664799,-0.029516935348510742,16.579342516985786,-0.8102321909957558,0.0,0.26299382985626396,16.815542,-0.735989,-0.10606099999999999,0.2686860308,-0.23619948301421445,-0.07424319099575583,0.10606099999999999,-0.005692200943736014,-0.3261390902164578,0.26935326785917124
1723528230.9369628,17.20000147819519,1723528230.9502017,-0.013238906860351562,16.779841798530303,-0.8121639487050772,0.0,0.2637662424664695,17.018968,-0.7239399999999999,-0.098969,0.26996286049999996,-0.23912620146969843,-0.08822394870507733,0.098969,-0.006196618033530443,-0.35504006057595006,0.27342214305985335
1723528231.036961,17.299999713897705,1723528231.078717,-0.04175591468811035,16.93078983162064,-0.805228327142009,0.0,0.2652270675386825,17.230328,-0.722475,-0.078026,0.2721606451,-0.2995381683793603,-0.082753327142009,0.078026,-0.006933577561317461,-0.39726473119010025,0.3204048753454516
1723528231.1369612,17.399999856948853,1723528231.078717,0.05824422836303711,17.199460369406726,-0.8083573931699353,0.0,0.26721571394885935,17.230328,-0.722475,-0.078026,0.2721606451,-0.030867630593274242,-0.08588239316993529,0.078026,-0.004944931151140641,-0.28332368494312654,0.12006936641391171
1723528231.2369597,17.499998331069946,1723528231.2049217,0.032037973403930664,17.42126468946984,-0.8038716383662186,0.0,0.26876137852244675,17.460891,-0.727221,-0.07972,0.2737461475,-0.03962631053015997,-0.07665063836621855,0.07972,-0.004984768977553233,-0.28560622426154286,0.11747699029248869
1723528231.3369596,17.599998235702515,1723528231.3121128,0.024846792221069336,17.608271374754178,-0.8006919438959803,0.0,0.2702344082982889,17.674485,-0.71776,-0.085922,0.27507010789999997,-0.06621362524582253,-0.08293194389598035,0.085922,-0.004835699601711097,-0.277065178171139,0.13654501664491553
1723528231.436958,17.69999670982361,1723528231.4559226,-0.018964529037475586,17.86018844327829,-0.7772431553857012,0.0,0.27170042554326734,18.095351,-0.669342,-0.086563,0.27856011859999996,-0.23516255672171127,-0.10790115538570122,0.086563,-0.006859693056732619,-0.39303146090597385,0.2728318903399331
1723528231.526958,17.78999662399292,1723528231.5630505,-0.036092519760131836,18.14936724212734,-0.7484432518705582,0.0,0.27493348198377987,18.311271,-0.657241,-0.086477,0.280214364,-0.1619037578726612,-0.09120225187055819,0.086477,-0.005280882016220123,-0.3025722516359498,0.20496084769670045
1723528231.591342,17.85438060760498,1723528231.5630505,0.02829146385192871,18.292993674494788,-0.7412011550324469,0.0,0.2755496271286475,18.311271,-0.657241,-0.086477,0.280214364,-0.018277325505213327,-0.08396015503244691,0.086477,-0.004664736871352493,-0.2672697352675579,0.1219083253502239
1723528231.6269565,17.889995098114014,1723528231.6441224,-0.0171658992767334,18.29301656191269,-0.7411997674293683,0.0,0.27554962712866976,18.5223,-0.637138,-0.073069,0.2831774009,-0.229283438087311,-0.10406176742936835,0.073069,-0.007627773771330227,-0.4370392441778091,0.262180901635992
1723528231.7369566,17.999995231628418,1723528231.7615387,-0.0245821475982666,18.707641167582786,-0.7178129025211495,0.0,0.2788603980936686,18.741286000000002,-0.621034,-0.07590899999999999,0.2877981218,-0.03364483241721672,-0.09677890252114951,0.07590899999999999,-0.00893772370633139,-0.5120938468268124,0.12751590882153002
1723528231.7907872,18.053825855255127,1723528231.7615387,0.029248476028442383,18.819695207103386,-0.7341488219278437,0.0,0.28409795577546154,18.741286000000002,-0.621034,-0.07590899999999999,0.2877981218,0.07840920710338395,-0.11311482192784372,0.07590899999999999,-0.003700166024538432,-0.21200389670375236,0.15717869760037187
1723528231.836955,18.09999370574951,1723528231.8623297,-0.025374650955200195,18.972129216489176,-0.7254950751065093,0.0,0.28744295487700633,18.955236000000003,-0.6131359999999999,-0.069158,0.291340546,0.016893216489172858,-0.11235907510650944,0.069158,-0.003897591122993649,-0.22331552161519103,0.13301417776365154
1723528231.936955,18.19999361038208,1723528231.9466698,-0.009714841842651367,19.14087534741616,-0.7196036363789671,0.0,0.29169490008027754,19.163159,-0.5948159999999999,-0.087602,0.29618265619999995,-0.022283652583841018,-0.12478763637896717,0.087602,-0.004487756119722408,-0.25712948514410094,0.15408642305383902
1723528232.0369534,18.299992084503174,1723528232.079202,-0.04224848747253418,19.219723920097962,-0.7158545886350798,0.0,0.2927258670575039,19.370173,-0.590078,-0.088346,0.30181570739999997,-0.15044907990203882,-0.1257765886350798,0.088346,-0.009089840342496047,-0.5208094880727743,0.2150806630268006
1723528232.1369534,18.399991989135742,1723528232.145796,-0.008842706680297852,19.415260094018045,-0.7039611943493257,0.0,0.2991406168189048,19.594095000000003,-0.597804,-0.069395,0.30984654629999997,-0.17883490598195806,-0.10615719434932569,0.069395,-0.010705929481095167,-0.6134045750314365,0.21924173766574712
1723528232.2369518,18.499990463256836,1723528232.2883415,-0.05138969421386719,19.583313281861724,-0.698790777933829,0.0,0.3071816982482973,19.81466,-0.59398,-0.058558,0.31927689119999997,-0.23134671813827623,-0.10481077793382909,0.058558,-0.012095192951702693,-0.6930035085289449,0.26064466717822077
1723528232.2947516,18.557790279388428,1723528232.2883415,0.006410121917724609,19.82213019214069,-0.6926825689981926,0.0,0.31491064216280135,19.81466,-0.59398,-0.058558,0.31927689119999997,0.007470192140690557,-0.09870256899819263,0.058558,-0.004366249037198622,-0.25016764213454024,0.11500887035990663
1723528232.326952,18.589990615844727,1723528232.3589928,-0.03204083442687988,19.82214901092207,-0.6926811461510615,0.0,0.3149106421630381,20.021705,-0.5594469999999999,-0.054213000000000004,0.3270388726999999,-0.19955598907792904,-0.13323414615106155,0.054213000000000004,-0.012128230536961826,-0.6948964227295968,0.2459938613999808
1723528232.4269505,18.68998908996582,1723528232.4779656,-0.05101513862609863,20.132526455807653,-0.668549902054935,0.0,0.33161505587703216,20.229885000000003,-0.5359219999999999,-0.0511,0.33779124889999995,-0.09735854419234968,-0.13262790205493513,0.0511,-0.006176193022967791,-0.3538697936741999,0.17227900780636962
1723528232.5669503,18.829988956451416,1723528232.5420916,0.024858713150024414,20.35708379169651,-0.620451693299054,0.0,0.3335432584474925,20.428442,-0.494948,-0.049442,0.34755697809999997,-0.07135820830349004,-0.12550369329905403,0.049442,-0.014013719652507473,-0.8029269913682168,0.15260302188353708
1723528232.6369488,18.89998745918274,1723528232.6393836,-0.0024347305297851562,20.567111405347738,-0.5621875529777047,0.0,0.3445898899570494,20.642341000000002,-0.46024,-0.047291,0.3591582384,-0.07522959465226364,-0.10194755297770475,0.047291,-0.014568348442950576,-0.8347048802570524,0.13523769500655433
1723528232.756949,19.0199875831604,1723528232.7688196,-0.011870622634887695,20.672745433173947,-0.5250717359426449,0.0,0.3557062634918795,20.856145,-0.413188,-0.051616,0.37074868120000004,-0.18339956682605418,-0.11188373594264489,0.051616,-0.015042417708120537,-0.8618670483481594,0.2209470138663743
1723528232.8669477,19.12998628616333,1723528232.8936434,-0.026695728302001953,20.90080085478881,-0.5023279744550756,0.0,0.3684729223476455,21.062854,-0.377759,-0.041787000000000005,0.3827185204,-0.16205314521119263,-0.12456897445507559,0.041787000000000005,-0.01424559805235448,-0.8162126450396973,0.20862599224120937
1723528232.9669476,19.2299861907959,1723528232.974728,-0.007780551910400391,21.095143348966094,-0.4802769764052797,0.0,0.37886412821287724,21.267836000000003,-0.332908,-0.048908,0.39400677149999996,-0.17269265103390907,-0.14736897640527974,0.048908,-0.015142643287122726,-0.8676095510242399,0.23223341575203899
1723528233.0669477,19.329986333847046,1723528233.0553107,0.011636972427368164,21.254513558252018,-0.44661289601271054,0.0,0.3899680251294897,21.47979,-0.29501900000000003,-0.044694000000000005,0.4087064405,-0.2252764417479831,-0.1515938960127105,0.044694000000000005,-0.018738415370510297,-1.0736321154933108,0.2751867332393495
1723528233.1669476,19.429986238479614,1723528233.1601107,0.006836891174316406,21.43865143715442,-0.4160500428654928,0.0,0.4049651787606616,21.684041,-0.266315,-0.052532,0.4222707664,-0.2453895628455811,-0.14973504286549277,0.052532,-0.01730558763933837,-0.9915371337278541,0.29222633632079836
1723528233.266946,19.529984712600708,1723528233.2415054,0.025440692901611328,21.68487920528409,-0.37912272744909564,0.0,0.4201164068193784,21.879379,-0.214373,-0.067145,0.4386418769999999,-0.1944997947159095,-0.16474972744909563,0.067145,-0.01852547018062151,-1.0614312548450713,0.2635926665597551
1723528233.366946,19.629984617233276,1723528233.3811152,-0.01416921615600586,21.884216384764933,-0.31523756225513855,0.0,0.43600859813870896,22.074784,-0.151711,-0.075281,0.4547100974,-0.19056761523506793,-0.16352656225513854,0.075281,-0.018701499261291055,-1.0715169782390042,0.26215297347229266
1723528233.4669445,19.72998309135437,1723528233.4749246,-0.007980108261108398,22.094924031459485,-0.2611719485821871,0.0,0.45413089102251014,22.282967000000003,-0.10182,-0.072948,0.4716169984,-0.18804296854051827,-0.15935194858218713,0.072948,-0.017486107377489846,-1.0018801528427403,0.2570498244280092
1723528233.5669446,19.829983234405518,1723528233.558683,0.008261680603027344,22.35211581830644,-0.19863339131464297,0.0,0.4730762614352919,22.486563,-0.053654,-0.08591199999999999,0.4896929852,-0.13444718169355951,-0.14497939131464296,0.08591199999999999,-0.016616723764708075,-0.952068141052509,0.2155827922523163
1723528233.6669433,19.92998194694519,1723528233.6756642,-0.008720874786376953,22.52220181754132,-0.1389641192824347,0.0,0.487038604750313,22.679685000000003,0.013900000000000001,-0.09003799999999999,0.5079580482,-0.15748318245868376,-0.1528641192824347,0.09003799999999999,-0.020919443449686992,-1.1985958194296602,0.23722401473145485
1723528233.7669432,20.02998185157776,1723528233.7576234,0.009319782257080078,22.652831053354436,-0.11222131452934891,0.0,0.508754728625818,22.863195,0.091285,-0.093874,0.5252094852,-0.21036394664556468,-0.20350631452934892,0.093874,-0.01645475657418194,-0.9427881046157702,0.30737621569928975
1723528233.8669417,20.129980325698853,1723528233.8843532,-0.017411470413208008,22.861227735237847,-0.008905755323967013,0.0,0.5222505934054871,23.051413,0.18490099999999998,-0.10977899999999999,0.5436049636,-0.19018526476215314,-0.193806755323967,0.10977899999999999,-0.021354370194512917,-1.223515286305549,0.29288721751359226
1723528233.9669416,20.22998023033142,1723528234.002384,-0.035442352294921875,23.013392956831815,0.0478906498854266,0.0,0.5427342658951826,23.248685000000002,0.266408,-0.118006,0.5619912852000001,-0.23529204316818664,-0.21851735011457338,0.118006,-0.01925701930481749,-1.1033459321679928,0.34210757652433665
1723528234.06694,20.329978704452515,1723528234.0874598,-0.020519733428955078,23.260586208636685,0.1593490332857068,0.0,0.5592704144202969,23.439227000000002,0.343849,-0.11960799999999999,0.5798158634,-0.17864079136331767,-0.18449996671429322,0.11960799999999999,-0.02054544897970312,-1.1771675147383522,0.28329991832065127
1723528234.1669402,20.429978847503662,1723528234.1898274,-0.022887229919433594,23.455482161572753,0.2544199257882265,0.0,0.578130510446953,23.636760000000002,0.430176,-0.121011,0.6004122721,-0.1812778384272491,-0.17575607421177353,0.121011,-0.022281761653047072,-1.2766509028360378,0.2799919899714816
1723528234.26694,20.52997875213623,1723528234.2724633,-0.005523204803466797,23.64820708999712,0.3429271109585332,0.0,0.5969980869562185,23.821847,0.512518,-0.11937299999999999,0.6177497795,-0.17363991000288337,-0.16959088904146685,0.11937299999999999,-0.020751692543781508,-1.1889844005117798,0.27048438239699635
1723528234.36694,20.6299786567688,1723528234.376122,-0.009181976318359375,23.807248281063835,0.395431868078244,0.0,0.6189036407951568,24.017588,0.602662,-0.110134,0.6364332503000001,-0.2103397189361651,-0.20723013192175604,0.110134,-0.01752960950484328,-1.0043726411399327,0.31514539960858284
1723528234.4669383,20.729976892471313,1723528234.5176036,-0.05066537857055664,24.03263663765311,0.4858670783796663,0.0,0.6394915398719676,24.199373,0.6952160000000001,-0.11340099999999999,0.6564086016,-0.16673636234689226,-0.20934892162033375,0.11340099999999999,-0.016917061728032423,-0.9692762387785492,0.2906678040534775
1723528234.5669384,20.82997703552246,1723528234.602782,-0.035843610763549805,24.210256961786932,0.5864871474816613,0.0,0.6530252891399505,24.375301,0.7912020000000001,-0.12246699999999999,0.6763183016000001,-0.16504403821306823,-0.20471485251833876,0.12246699999999999,-0.023293012460049556,-1.3345913061064787,0.29007907797750926
1723528234.6669369,20.929975509643555,1723528234.684315,-0.01737809181213379,24.383980647766265,0.673590155071196,0.0,0.676458472694355,24.565299000000003,0.888356,-0.12925499999999998,0.6948235477,-0.18131835223373827,-0.21476584492880402,0.12925499999999998,-0.018365075005644993,-1.0522412882646546,0.3093663977062491
1723528234.7669368,21.029975414276123,1723528234.773952,-0.007015228271484375,24.608797318560853,0.800517395114281,0.0,0.691415434101558,24.750058000000003,0.995923,-0.137076,0.7157486353,-0.1412606814391495,-0.195405604885719,0.137076,-0.024333201198441956,-1.3941897307134008,0.2773585410933051
1723528234.8669353,21.129973888397217,1723528234.773952,0.09298324584960938,24.730995629662008,0.8549758464314955,0.0,0.7153499356051727,24.750058000000003,0.995923,-0.137076,0.7157486353,-0.01906237033799485,-0.1409471535685045,0.137076,-0.00039869969482730916,-0.022843809806758715,0.1975330449265805
1723528234.9669354,21.229974031448364,1723528234.9844258,-0.017490386962890625,24.96072007704673,0.980115045427548,0.0,0.7346123742372007,24.925316000000002,1.110652,-0.140605,0.7346549524,0.03540407704672788,-0.13053695457245196,0.140605,-4.257816279928939e-05,-0.002439549027820209,0.195097696566569
1723528235.0669339,21.329972505569458,1723528235.1072812,-0.04034733772277832,25.129811702336596,1.125333804198435,0.0,0.7512615961574526,25.096981000000003,1.245933,-0.139869,0.7538700779,0.03283070233659302,-0.12059919580156486,0.139869,-0.002608481742547464,-0.14945499478490026,0.18757760581929325
1723528235.1669338,21.429972410202026,1723528235.1953652,-0.028431415557861328,25.30580835349531,1.276011326259542,0.0,0.7722645862650735,25.278307,1.368128,-0.15700799999999998,0.775074828,0.0275013534953068,-0.09211667374045795,0.15700799999999998,-0.0028102417349264996,-0.16101499082281065,0.18410137992171538
1723528235.2669322,21.52997088432312,1723528235.2775548,-0.010622501373291016,25.46023036664542,1.3859852999161664,0.0,0.7931572367702474,25.458961000000002,1.499919,-0.156618,0.7927623941,0.0012693666454168806,-0.11393370008383363,0.156618,0.00039484267024736397,0.022622818576849637,0.19367936707474406
1723528235.3669322,21.62997078895569,1723528235.3659542,0.0009779930114746094,25.681881584436024,1.543603915340931,0.0,0.8094771859068253,25.640485,1.62495,-0.142905,0.8122962416,0.04139658443602201,-0.08134608465906878,0.142905,-0.0028190556931747546,-0.16151999343124018,0.16956621632073143
1723528235.4669306,21.729969263076782,1723528235.5072737,-0.04034304618835449,25.820101868522475,1.6340365558848158,0.0,0.8319402400165945,25.985581,1.907999,-0.15104299999999998,0.8524604288000001,-0.16547913147752524,-0.2739624441151842,0.15104299999999998,-0.020520188783405554,-1.1757202121008297,0.3539106548115238
1723528235.5669308,21.82996940612793,1723528235.5893006,-0.022369861602783203,26.025024227818395,1.799909219129424,0.0,0.851919174028242,26.157558,2.043927,-0.163941,0.8701553821,-0.13253377218160622,-0.24401778087057613,0.163941,-0.018236208071757964,-1.0448577568341364,0.3224694243345971
1723528235.6669292,21.929967880249023,1723528235.7147672,-0.04783797264099121,26.215427857535257,1.9674816733881315,0.0,0.8709171095025141,26.324757,2.1947,-0.179236,0.8884575638000001,-0.10932914246474468,-0.22721832661186858,0.179236,-0.017540454297485963,-1.004994001988053,0.3093647895872674
1723528235.7669291,22.029967784881592,1723528235.804855,-0.03792595863342285,26.40342518142995,2.1256181808172543,0.0,0.8869456550872323,26.49283,2.350382,-0.183593,0.9074789499,-0.08940481857005267,-0.2247638191827459,0.183593,-0.020533294812767666,-1.1764711322694532,0.3036748024551233
1723528235.8669276,22.129966259002686,1723528235.919082,-0.0521543025970459,26.507894761893482,2.2421260652899666,0.0,0.90388363323821,26.66663,2.5151860000000004,-0.173086,0.9251616739,-0.15873523810651946,-0.27305993471003376,0.173086,-0.021278040661790065,-1.2191419262283238,0.36016297305050854
1723528235.9669273,22.229965925216675,1723528236.0057902,-0.03886294364929199,26.642605687962504,2.373953157226723,0.0,0.9249464704601652,26.835898,2.6793780000000003,-0.178849,0.9431877836,-0.19329231203749586,-0.3054248427732773,0.178849,-0.01824131313983479,-1.0451502556890657,0.40327808925960984
1723528236.0669258,22.32996439933777,1723528236.090351,-0.02342534065246582,26.86358198211105,2.5811157532700353,0.0,0.9420496974390815,26.994120000000002,2.8533530000000003,-0.183781,0.9619797995,-0.13053801788895214,-0.27223724672996497,0.183781,-0.019930102060918498,-1.1419107333556138,0.3534526115089379
1723528236.166926,22.429964542388916,1723528236.1967325,-0.02980661392211914,27.039662655063214,2.75056316578678,0.0,0.9594526648734449,27.148131000000003,3.0110870000000003,-0.185185,0.9804173551,-0.1084683449367887,-0.26052383421322034,0.185185,-0.020964690226555116,-1.2011882687807738,0.33753745610151725
1723528236.2267175,22.489756107330322,1723528236.1967325,0.02998495101928711,27.190624228332382,2.9305348218730853,0.0,0.978231311312018,27.148131000000003,3.0110870000000003,-0.185185,0.9804173551,0.04249322833237912,-0.08055217812691495,0.185185,-0.0021860437879820394,-0.12525108288216222,0.20636814696095407
1723528236.2669256,22.529964208602905,1723528236.1967325,0.07019305229187012,27.30689147321816,3.03330265637952,0.0,0.9978840622550827,27.148131000000003,3.0110870000000003,-0.185185,0.9804173551,0.15876047321815534,0.02221565637951972,0.185185,0.017466707155082695,1.0007686019771955,0.24493245491323828
1723528236.3669255,22.629964113235474,1723528236.344466,0.02245950698852539,27.423984881890203,3.1553265629773075,0.0,1.0196845553064682,27.289579,3.167272,-0.188497,0.997463589,0.13440588189020275,-0.011945437022692573,0.188497,0.022220966306468193,1.273167586063033,0.23181620642514675
1723528236.466924,22.729962587356567,1723528236.5031738,-0.03624987602233887,27.516029205971925,3.260784044781256,0.0,1.0159604331472885,27.599012000000002,3.5006340000000002,-0.17538499999999999,1.0348060434,-0.08298279402807651,-0.23984995521874408,0.17538499999999999,-0.018845610252711475,-1.0797739298288402,0.30850290654731233
1723528236.566924,22.829962730407715,1723528236.5859525,-0.019028425216674805,27.68010920523823,3.4368936080506085,0.0,1.0354230046212152,27.760627000000003,3.690259,-0.182012,1.0539727048,-0.08051779476177146,-0.25336539194939167,0.182012,-0.018549700178784878,-1.062819531477442,0.32218861751304567
1723528236.6969225,22.95996117591858,1723528236.706846,-0.009923458099365234,27.83497949533684,3.624459129109334,0.0,1.0540400793696971,27.915297000000002,3.875413,-0.18414,1.0720077233,-0.08031750466316367,-0.2509538708906658,0.18414,-0.017967643930302923,-1.0294701650002083,0.32145961872422835
1723528236.7969224,23.059961080551147,1723528236.8387108,-0.041788339614868164,27.927105486315263,3.7492842921722604,0.0,1.072733349618962,28.045329000000002,4.066425,-0.180149,1.0900495053,-0.1182235136847396,-0.3171407078277393,0.180149,-0.01731615568103817,-0.9921426379149708,0.38341712266204975
1723528236.896921,23.15995955467224,1723528236.9305174,-0.03359651565551758,28.085249188028964,3.962315205443738,0.0,1.086231132062366,28.184734000000002,4.237673,-0.184381,1.1067366659,-0.09948481197103831,-0.2753577945562622,0.184381,-0.02050553383763387,-1.1748805455591191,0.34599927167091193
1723528236.9969206,23.25995922088623,1723528237.002718,-0.005797386169433594,28.211342014237836,4.125559016916824,0.0,1.1066115917408066,28.321202000000003,4.423513,-0.19461599999999998,1.1223038088000001,-0.10985998576216716,-0.29795398308317544,0.19461599999999998,-0.015692217059193547,-0.8990978086949826,0.3724529231497489
1723528237.096919,23.359957695007324,1723528237.1033218,-0.006402730941772461,28.361001944543357,4.323599434554686,0.0,1.118280008269541,28.453141000000002,4.61562,-0.185893,1.1362572615,-0.09213905545664502,-0.29202056544531363,0.185893,-0.017977253230458956,-1.0300207373432233,0.3582203562507907
1723528237.1969192,23.45995783805847,1723528237.2039118,-0.0069925785064697266,28.47878000246098,4.465329793817529,0.0,1.1340565547199735,28.588312000000002,4.814897,-0.193526,1.1505116832,-0.10953199753902254,-0.3495672061824715,0.193526,-0.016455128480026504,-0.9428094132510401,0.4143027912036159
1723528237.2969177,23.559956312179565,1723528237.3166885,-0.01977086067199707,28.657426735679334,4.717740535652362,0.0,1.148400253753094,28.711553000000002,4.9978370000000005,-0.20588399999999998,1.1612542381,-0.05412626432066858,-0.2800964643476389,0.20588399999999998,-0.012853984346905989,-0.736479053004937,0.35181231258351237
1723528237.3969176,23.659956216812134,1723528237.3972023,-0.0002846717834472656,28.781210164448694,4.926986112588683,0.0,1.1584020335801632,28.835823,5.187513,-0.201161,1.1703366602,-0.054612835551306915,-0.26052688741131735,0.201161,-0.011934626619836797,-0.683803735381132,0.3336503690874376
1723528237.4969158,23.75995445251465,1723528237.4998527,-0.002936840057373047,28.905028253483003,5.12848152692032,0.0,1.1677920666580415,28.956354,5.368355,-0.20518799999999998,1.1800117738,-0.05132574651699784,-0.23987347307968054,0.20518799999999998,-0.012219707141958523,-0.7001376461200929,0.31980577025256335
1723528237.5969157,23.859954357147217,1723528237.60519,-0.008274316787719727,29.02173903591516,5.308295605210205,0.0,1.1782756828093124,29.078960000000002,5.554279,-0.21651499999999999,1.1884446504000001,-0.05722096408484134,-0.24598339478979536,0.21651499999999999,-0.01016896759068775,-0.5826389249517253,0.332657202639761
1723528237.6969142,23.95995283126831,1723528237.7259114,-0.028997182846069336,29.142905525472024,5.488703139378012,0.0,1.186271210706597,29.207698,5.74289,-0.218255,1.1981819459,-0.06479247452797665,-0.2541868606219877,0.218255,-0.011910735193403132,-0.6824348574799358,0.3412393146947173
1723528237.6969142,23.95995283126831,1723528237.7259114,-0.028997182846069336,29.142905525472024,5.488703139378012,0.0,1.186271210706597,29.207698,5.74289,-0.218255,1.1981819459,-0.06479247452797665,-0.2541868606219877,0.218255,-0.011910735193403132,-0.6824348574799358,0.3412393146947173
1723528237.796914,24.05995273590088,1723528237.8473086,-0.050394535064697266,29.371438383095487,5.811731654922205,0.0,1.2042997466584007,29.326506000000002,5.93272,-0.220851,1.206648277,0.044932383095485307,-0.12098834507779443,0.220851,-0.0023485303415993197,-0.13456087663205854,0.2557973082272425
1723528237.8969123,24.159950971603394,1723528237.9464743,-0.04956197738647461,29.43261819294673,5.891211292119861,0.0,1.2225922549904,29.434363,6.121151,-0.218241,1.2143194409,-0.001744807053270847,-0.2299397078801393,0.218241,0.008272814090400038,0.47399733207628125,0.3170243645095073
1723528237.9969122,24.259950876235962,1723528238.0374157,-0.040503501892089844,29.520785885170508,6.028825168119111,0.0,1.2127026208313376,29.552185,6.314037,-0.205003,1.219245484,-0.03139911482949387,-0.28521183188088894,0.205003,-0.006542863168662372,-0.3748784454959464,0.35264418819247284
1723528238.0969107,24.359949350357056,1723528238.1432285,-0.04631781578063965,29.64965647656004,6.249150133801446,0.0,1.2170797669107216,29.664673,6.519109,-0.220833,1.2255603437,-0.01501652343996085,-0.2699588661985546,0.220833,-0.008480576789278382,-0.4859012578622578,0.34909955500463186
1723528238.1969106,24.459949254989624,1723528238.2240648,-0.027154207229614258,29.764956912846777,6.460133943630387,0.0,1.2228746305860803,29.796291,6.727322,-0.238,1.2314709472,-0.03133408715322261,-0.26718805636961296,0.238,-0.008596316613919797,-0.4925326613357951,0.3591869742686909
1723528238.2969086,24.55994725227356,1723528238.3045588,-0.007650136947631836,29.871560603346598,6.66752025355044,0.0,1.228032560513216,29.91728,6.927439000000001,-0.23202,1.2301702742,-0.04571939665340352,-0.2599187464495607,0.23202,-0.0021377136867839486,-0.12248197206007144,0.3513990586018441
1723528238.3969088,24.659947395324707,1723528238.428968,-0.0320591926574707,29.960982218353248,6.79738110621122,0.0,1.2259966151747248,30.037896,7.107939,-0.22763,1.2294287247,-0.076913781646752,-0.31055789378878007,0.22763,-0.003432109525275173,-0.19664539062491596,0.3926542398876236
1723528238.3969088,24.659947395324707,1723528238.428968,-0.0320591926574707,29.960982218353248,6.79738110621122,0.0,1.2259966151747248,30.037896,7.107939,-0.22763,1.2294287247,-0.076913781646752,-0.31055789378878007,0.22763,-0.003432109525275173,-0.19664539062491596,0.3926542398876236
1723528238.4969072,24.7599458694458,1723528238.5440037,-0.04709649085998535,30.19925723055988,7.176349158371583,0.0,1.2228223126953468,30.166464,7.294420000000001,-0.228348,1.2288101453,0.032793230559878594,-0.11807084162841797,0.228348,-0.005987832604653187,-0.34307753667745444,0.25915039787234806
1723528238.5969071,24.85994577407837,1723528238.5440037,0.05290341377258301,30.272489693371554,7.280581003251013,0.0,1.226095902066617,30.166464,7.294420000000001,-0.228348,1.2288101453,0.10602569337155288,-0.013838996748987142,0.228348,-0.0027142432333830957,-0.1555146818447935,0.25214236968414694
1723528238.6969056,24.959944248199463,1723528238.6581316,0.03877401351928711,30.374349825553043,7.403794024977878,0.0,1.224172948410633,30.286334,7.493321,-0.23463799999999999,1.2273351527,0.08801582555304321,-0.08952697502212192,0.23463799999999999,-0.003162204289367087,-0.1811809597388998,0.2661143661067462
1723528238.7969055,25.05994415283203,1723528238.7551594,0.04174613952636719,30.512718592593945,7.616851020199063,0.0,1.2245158300337085,30.414647000000002,7.680400000000001,-0.23682899999999998,1.2272989391,0.09807159259394282,-0.06354897980093721,0.23682899999999998,-0.0027831090662915337,-0.15946040342310014,0.26409181234686585
1723528238.7969055,25.05994415283203,1723528238.7551594,0.04174613952636719,30.512718592593945,7.616851020199063,0.0,1.2245158300337085,30.414647000000002,7.680400000000001,-0.23682899999999998,1.2272989391,0.09807159259394282,-0.06354897980093721,0.23682899999999998,-0.0027831090662915337,-0.15946040342310014,0.26409181234686585
1723528238.896904,25.159942626953125,1723528238.8480701,0.04883384704589844,30.746948687220335,7.9689261386002945,0.0,1.2215427560729548,30.539994,7.892253,-0.241928,1.2271261175000001,0.2069546872203354,0.07667313860029434,0.241928,-0.005583361427045297,-0.319903045265836,0.32747239567524894
1723528238.9969041,25.259942770004272,1723528238.9583783,0.03852581977844238,30.818766728781526,8.077371473490386,0.0,1.2243949077568805,30.665509,8.082491999999998,-0.234354,1.2260423061,0.15325772878152577,-0.0051205265096125885,0.234354,-0.001647398343119555,-0.09438897223759515,0.28006418646268816
1723528239.0969028,25.359941482543945,1723528239.0889242,0.007978677749633789,30.871307072287774,8.207561813730084,0.0,1.2236808294150057,30.779209,8.283888999999999,-0.246419,1.2256572144,0.09209807228777223,-0.0763271862699142,0.246419,-0.001976384984994306,-0.11323851833320027,0.2739164431793132
1723528239.1969028,25.459941387176514,1723528239.1797981,0.017104625701904297,30.962343505821142,8.39288688802538,0.0,1.2252206839353876,30.891640000000002,8.472973,-0.243805,1.2264954088,0.0707035058211396,-0.08008611197461946,0.243805,-0.0012747248646123308,-0.07303635478267183,0.2661834876389052
1723528239.2969012,25.559939861297607,1723528239.2663894,0.030511856079101562,31.033326476920408,8.506481458984114,0.0,1.2231323540984749,31.015917,8.665942999999999,-0.25236800000000004,1.2255939375,0.017409476920406064,-0.15946154101588483,0.25236800000000004,-0.002461583401525136,-0.14103833982684738,0.2990329085130981
1723528239.3969011,25.659939765930176,1723528239.3605306,0.03637051582336426,31.188546009395655,8.765940421712683,0.0,1.2247785160339193,31.137563,8.860702,-0.24670999999999998,1.2269063878,0.05098300939565448,-0.0947615782873168,0.24670999999999998,-0.0021278717660806468,-0.12191807154146982,0.26915580630285624
1723528239.4968996,25.75993824005127,1723528239.525361,-0.028461456298828125,31.30042394351169,8.93558547228575,0.0,1.225359068226176,31.386889,9.225066,-0.258103,1.2283450813,-0.08646505648831138,-0.28948052771425026,0.258103,-0.0029860130738241786,-0.17108594670101135,0.3973566918125926
1723528239.6368978,25.89993643760681,1723528239.65407,-0.01717209815979004,31.441346117668875,9.136994632114126,0.0,1.225975763142687,31.512975,9.397082,-0.24956899999999999,1.2278394013,-0.07162888233112596,-0.2600873678858733,0.24956899999999999,-0.0018636381573129412,-0.10677860095356931,0.36750621964642705
1723528239.736898,25.99993658065796,1723528239.7573066,-0.02040863037109375,31.56250195086471,9.297636320387884,0.0,1.2251521978307052,31.632475000000003,9.596286999999998,-0.253776,1.2296803708,-0.06997304913529234,-0.29865067961211444,0.253776,-0.0045281729692947525,-0.25944520004581145,0.3981089225501833
1723528239.796898,26.0599365234375,1723528239.7573066,0.039591312408447266,31.732379350192915,9.52758890651917,0.0,1.228484990500533,31.632475000000003,9.596286999999998,-0.253776,1.2296803708,0.09990435019291155,-0.0686980934808279,0.253776,-0.0011953802994668639,-0.06849024607253575,0.28125178294789255
1723528239.926896,26.189934730529785,1723528239.9305036,-0.003607511520385742,31.83568467084704,9.685976817950527,0.0,1.228267300938648,31.866316,10.003302999999999,-0.25983,1.2327492417,-0.030631329152960518,-0.31732618204947194,0.25983,-0.00448194076135211,-0.25679628965312684,0.41127340424560843
1723528239.996896,26.259934663772583,1723528240.03183,-0.034934043884277344,31.950582025802568,9.886144374710518,0.0,1.230931756123723,31.977197,10.193026999999999,-0.260081,1.2324323590000001,-0.026614974197432417,-0.3068826252894805,0.260081,-0.0015006028762771795,-0.08597821153587443,0.4031469076119693
1723528240.1368947,26.399933338165283,1723528240.1862755,-0.04938077926635742,32.071646026128455,10.084522979411052,0.0,1.2290475750668444,32.097286999999994,10.384046,-0.278436,1.233507098,-0.025640973871539074,-0.2995230205889481,0.278436,-0.004459522933155657,-0.2555118427116207,0.4097537132227216
1723528240.1968946,26.459933280944824,1723528240.1862755,0.010619163513183594,32.1653384125038,10.288080659030445,0.0,1.2310942275182022,32.097286999999994,10.384046,-0.278436,1.233507098,0.06805141250380586,-0.09596534096955445,0.278436,-0.0024128704817978353,-0.13824729511871348,0.3022696602491987
1723528240.2968931,26.559931755065918,1723528240.277386,0.019507169723510742,32.27381871105421,10.470112966414012,0.0,1.2319617093675612,32.213203,10.578469,-0.274799,1.2339249779,0.060615711054211374,-0.10835603358598789,0.274799,-0.0019632685324388888,-0.11248700095959129,0.3015456596306692
1723528240.4368916,26.69993019104004,1723528240.4546692,-0.017777681350708008,32.38939951147091,10.662856389500234,0.0,1.2330700801216903,32.447297999999996,10.958416,-0.269915,1.2376023275,-0.057898488529083636,-0.2955596104997653,0.269915,-0.004532247378309817,-0.25967864648638467,0.40442777545283093
1723528240.5368912,26.79992985725403,1723528240.5354638,0.0014274120330810547,32.51307050588816,10.855587786589796,0.0,1.235106114372709,32.567338,11.154091,-0.26516,1.2402772063,-0.05426749411184062,-0.29850321341020347,0.26516,-0.005171091927291149,-0.2962817429079536,0.4029379045627206
1723528240.6368895,26.899928092956543,1723528240.6581223,-0.02123284339904785,32.61633923207468,11.012112534359135,0.0,1.2354691187787326,32.688846,11.351844,-0.26924400000000004,1.2419756941,-0.07250676792531863,-0.339731465640865,0.26924400000000004,-0.006506575321267416,-0.37279930499260067,0.4395077151512431
1723528240.7368894,26.99992799758911,1723528240.7517104,-0.014821052551269531,32.758178438864086,11.240940113563155,0.0,1.2372099071745353,32.80499,11.535653,-0.265259,1.2432498928,-0.046811561135911006,-0.29471288643684446,0.265259,-0.0060399856254647055,-0.3460656846588124,0.39926099830676864
1723528240.8368876,27.099926233291626,1723528240.8837156,-0.04682803153991699,32.89591265110512,11.462413362216502,0.0,1.2411742838156634,32.926959,11.729092,-0.262678,1.2457451033,-0.031046348894875564,-0.26667863778349776,0.262678,-0.004570819484336575,-0.261888665368649,0.37560764544104314
1723528240.9368877,27.199926376342773,1723528240.9664028,-0.02951502799987793,33.00597201836961,11.643476840646567,0.0,1.2419279435160926,33.018837,11.921515,-0.27553900000000003,1.2491220692,-0.012864981630386296,-0.27803815935343223,0.27553900000000003,-0.007194125683907426,-0.4121930389745625,0.3916535028950906
1723528241.0268862,27.28992486000061,1723528241.0470934,-0.02020716667175293,33.09471164718813,11.826453287085041,0.0,1.2469084699525064,33.130874,12.114414,-0.276586,1.2534644548,-0.0361623528118713,-0.28796071291495906,0.276586,-0.0065559848474936455,-0.37563026231310453,0.40091009383573983
1723528241.1368861,27.399924755096436,1723528241.114397,0.022489070892333984,33.18964316400523,12.011336217732746,0.0,1.2499488713754756,33.244858,12.316308,-0.263757,1.255114326,-0.05521483599476795,-0.30497178226725374,0.263757,-0.005165454624524335,-0.2959587492515777,0.40696955800427426
1723528241.2268844,27.489923000335693,1723528241.2365034,-0.009618997573852539,33.285815137004974,12.15142399801971,0.0,1.2499862921056186,33.360233,12.494788,-0.27019400000000005,1.2571829881,-0.07441786299502695,-0.34336400198028905,0.27019400000000005,-0.00719669599438144,-0.41234030691676177,0.4432173889015035
1723528241.3368843,27.59992289543152,1723528241.3621714,-0.025287151336669922,33.43426458621916,12.381095593174626,0.0,1.2544382710349107,33.473451,12.691828999999998,-0.26266900000000004,1.2609407695000001,-0.03918641378083976,-0.3107334068253724,0.26266900000000004,-0.006502498465089435,-0.37256571833992047,0.40876133464811176
1723528241.436883,27.69992160797119,1723528241.4702194,-0.03333640098571777,33.538896245388024,12.565515262865896,0.0,1.2573376734952628,33.582536999999995,12.885955999999998,-0.270181,1.2640735992,-0.04364075461197103,-0.3204407371341027,0.270181,-0.0067359257047372445,-0.38594011399512884,0.4214078241313863
1723528241.436883,27.69992160797119,1723528241.4702194,-0.03333640098571777,33.538896245388024,12.565515262865896,0.0,1.2573376734952628,33.582536999999995,12.885955999999998,-0.270181,1.2640735992,-0.04364075461197103,-0.3204407371341027,0.270181,-0.0067359257047372445,-0.38594011399512884,0.4214078241313863
1723528241.5268831,27.789921760559082,1723528241.565685,-0.03880190849304199,33.62363742589014,12.710818805992707,0.0,1.259254831681506,33.673913,13.080720999999999,-0.275658,1.2660351093,-0.050275574109861054,-0.36990219400729174,0.275658,-0.0067802776184939795,-0.38848129146671795,0.46405021220497705
1723528241.6368816,27.899920225143433,1723528241.6262064,0.010675191879272461,33.82931781232307,13.08774111433644,0.0,1.2717297724861234,33.781717,13.282636,-0.290518,1.2696907488,0.04760081232306845,-0.19489488566355995,0.290518,0.002039023686123409,0.11682745154207921,0.35305886494411676
1723528241.736882,27.99992060661316,1723528241.750386,-0.0135040283203125,33.90583081171472,13.189551155149662,0.0,1.2693653577713206,33.889063,13.463346,-0.29890300000000003,1.273531109,0.01676781171472186,-0.2737948448503378,0.29890300000000003,-0.00416575122867946,-0.2386799639047701,0.405694195158522
1723528241.8368807,28.099919319152832,1723528241.877295,-0.04041433334350586,33.99035824065736,13.34865623181777,0.0,1.2708289858489614,34.002254,13.660165,-0.288267,1.2742492979,-0.011895759342642975,-0.31150876818222883,0.288267,-0.003420312051038543,-0.19596944514224274,0.4245904909836626
1723528241.936881,28.19991970062256,1723528241.9940286,-0.05714750289916992,34.06093402553567,13.490633606446991,0.0,1.270080413874122,34.109086999999995,13.862141,-0.286953,1.2776409829,-0.04815297446432254,-0.3715073935530082,0.286953,-0.007560569025877983,-0.4331886959001445,0.4718882035220963
1723528242.0368798,28.29991841316223,1723528242.0769262,-0.04004645347595215,34.182385685338026,13.703378254911469,0.0,1.274028641465019,34.224028,14.059261,-0.296578,1.2808465471000001,-0.04164231466197066,-0.3558827450885307,0.296578,-0.006817905634981082,-0.3906372180028776,0.4651291441160774
1723528242.13688,28.39991855621338,1723528242.1649354,-0.028055429458618164,34.25402297347036,13.818856707757593,0.0,1.2761891313333633,34.338100999999995,14.259259,-0.289235,1.284168339,-0.0840780265296317,-0.4404022922424069,0.289235,-0.007979207666636734,-0.4571749231567144,0.5335542885053814
1723528242.2368786,28.49991726875305,1723528242.2575004,-0.020621776580810547,34.38428416556418,14.068640162040248,0.0,1.2797439692816877,34.446104999999996,14.443435999999998,-0.279885,1.2879648385,-0.061820834435813765,-0.37479583795975024,0.279885,-0.008220869218312332,-0.47102111013830883,0.47183614629158255
1723528242.336879,28.59991765022278,1723528242.362171,-0.025291919708251953,34.50559936080296,14.274827558946928,0.0,1.283234333251114,34.538598,14.631608,-0.287078,1.289957084,-0.03299863919703938,-0.35678044105307194,0.287078,-0.006722750748886064,-0.385185244629585,0.4591241350559573
1723528242.336879,28.59991765022278,1723528242.362171,-0.025291919708251953,34.50559936080296,14.274827558946928,0.0,1.283234333251114,34.538598,14.631608,-0.287078,1.289957084,-0.03299863919703938,-0.35678044105307194,0.287078,-0.006722750748886064,-0.385185244629585,0.4591241350559573
1723528242.4368777,28.69991636276245,1723528242.4858541,-0.04897642135620117,34.69367916604083,14.663996442671285,0.0,1.2893579906682593,34.644045,14.821534,-0.29895000000000005,1.2936799247,0.04963416604083193,-0.15753755732871433,0.29895000000000005,-0.004321934031740637,-0.2476285793526985,0.341544630916176
1723528242.5368779,28.7999165058136,1723528242.580508,-0.043630123138427734,34.77619288528497,14.82871190399708,0.0,1.2934959589839572,34.73804,15.01879,-0.296163,1.2945199225000001,0.038152885284972626,-0.19007809600291914,0.296163,-0.0010239635160429472,-0.058668787844637235,0.35397436037750424
1723528242.6368766,28.89991521835327,1723528242.6522334,-0.015356779098510742,34.831558103491446,14.931432071364597,0.0,1.2927486356619562,34.839267,15.215504,-0.298987,1.2981487692,-0.007708896508553664,-0.2840719286354023,0.298987,-0.005400133538043805,-0.30940486053695904,0.4124918349410285
1723528242.736877,28.999915599822998,1723528242.7746985,-0.03782153129577637,34.90920304763924,15.12618312314854,0.0,1.2954332248838192,34.944682,15.416359,-0.301163,1.3026976401,-0.03547895236076215,-0.2901758768514604,0.301163,-0.0072644152161809306,-0.41622033251778284,0.41971412668163927
1723528242.8368754,29.099914073944092,1723528242.8356605,0.0012149810791015625,35.002046107180234,15.307436097926383,0.0,1.299970294455063,35.057494,15.618623,-0.306103,1.3084045048,-0.05544789281976392,-0.3111869020736169,0.306103,-0.008434210344936854,-0.48324465629046004,0.44001227647569885
1723528242.9368753,29.19991397857666,1723528242.9733958,-0.03652048110961914,35.11920792099335,15.50038502677755,0.0,1.3058159252646302,35.165324,15.826614999999999,-0.303898,1.3141292784,-0.04611607900665149,-0.32622997322244807,0.303898,-0.00831335313536985,-0.4763200482585425,0.44822615115103104
1723528243.036874,29.299912691116333,1723528243.0803518,-0.043477773666381836,35.22353963789389,15.666155289444912,0.0,1.31049963166737,35.258542,16.032194,-0.302124,1.3210789979,-0.03500236210610552,-0.3660387105550882,0.302124,-0.010579366232629894,-0.6061530350529108,0.4759079893780294
1723528243.1368744,29.39991307258606,1723528243.0803518,0.05652260780334473,35.33754849722702,15.89151084313984,0.0,1.317561897206217,35.258542,16.032194,-0.302124,1.3210789979,0.07900649722702013,-0.14068315686015964,0.302124,-0.0035171006937828597,-0.2015150258762916,0.34250939929325064
1723528243.2368731,29.499911785125732,1723528243.2782192,-0.041346073150634766,35.42784083873279,16.10587364392912,0.0,1.326480274553063,35.442367999999995,16.42633,-0.31682000000000005,1.3346822781,-0.014527161267203326,-0.3204563560708813,0.31682000000000005,-0.008202003546937009,-0.469940186790822,0.4508638674375125
1723528243.3368733,29.59991192817688,1723528243.3553076,-0.01843428611755371,35.49631738922543,16.25731792576415,0.0,1.3319805470156814,35.533127,16.629694,-0.321006,1.3416159381000001,-0.03680961077456857,-0.3723760742358522,0.321006,-0.009635391084318767,-0.5520672430894473,0.49301494921014327
1723528243.436872,29.699910640716553,1723528243.4793081,-0.04243612289428711,35.60512313673663,16.487482692102247,0.0,1.3396030754547539,35.630472,16.847255,-0.337013,1.350214626,-0.025348863263367605,-0.35977230789775305,0.337013,-0.010611550545246207,-0.6079970603323551,0.49361568103922765
1723528243.5668724,29.82991099357605,1723528243.545066,0.02180624008178711,35.70978601432682,16.715622328800958,0.0,1.3466829334868438,35.722809999999996,17.051093,-0.34809900000000005,1.3593121510000001,-0.013023985673171978,-0.33547067119904384,0.34809900000000005,-0.012629217513156377,-0.7236008620565656,0.4836146288508568
1723528243.666871,29.929909706115723,1723528243.6977913,-0.03092026710510254,35.80392350372404,16.92231468395888,0.0,1.3571020994564924,35.79558,17.253696,-0.338886,1.3675966323,0.008343503724042023,-0.33138131604112075,0.338886,-0.010494532843507542,-0.6012924398944091,0.47405370125286256
1723528243.736871,29.99990963935852,1723528243.6977913,0.03907966613769531,35.8928235158833,17.121527250332885,0.0,1.3656760156470789,35.79558,17.253696,-0.338886,1.3675966323,0.09724351588329938,-0.132168749667116,0.338886,-0.001920616652921092,-0.11004322827492104,0.37652171353842834
1723528243.83687,30.099908590316772,1723528243.8779132,-0.04104328155517578,35.98566788991958,17.32639338166607,0.0,1.375976043993495,35.967022,17.675445,-0.341204,1.3849549605,0.018645889919582714,-0.34905161833393095,0.341204,-0.008978916506505064,-0.5144540204230895,0.4884719757452104
1723528243.9668703,30.22990894317627,1723528243.982656,-0.015785694122314453,36.05779718078452,17.5159061593206,0.0,1.3822934789710395,36.046060999999995,17.890856,-0.3387,1.3946441647,0.011736180784524208,-0.37494984067939896,0.3387,-0.012350685728960588,-0.7076421663618983,0.5054135049292942
1723528244.036869,30.299907684326172,1723528244.085008,-0.04813885688781738,36.13700230481732,17.710529455136026,0.0,1.3901017467016368,36.144455,18.116283000000003,-0.35291,1.4044866067000001,-0.007452695182678326,-0.40575354486397686,0.35291,-0.014384859998363364,-0.824191766792785,0.537807539864559
1723528244.166869,30.42990756034851,1723528244.2476609,-0.08079195022583008,36.214592720481704,17.887444035160794,0.0,1.4005827878672195,36.247426,18.33378,-0.36947100000000005,1.4175300218,-0.03283327951829307,-0.4463359648392071,0.36947100000000005,-0.016947233932780525,-0.97100497876922,0.5803469975746168
1723528244.166869,30.42990756034851,1723528244.2476609,-0.08079195022583008,36.214592720481704,17.887444035160794,0.0,1.4005827878672195,36.247426,18.33378,-0.36947100000000005,1.4175300218,-0.03283327951829307,-0.4463359648392071,0.36947100000000005,-0.016947233932780525,-0.97100497876922,0.5803469975746168
1723528244.2668676,30.529906272888184,1723528244.2476609,0.019206762313842773,36.389391251310805,18.287307076515653,0.0,1.4251937110821598,36.247426,18.33378,-0.36947100000000005,1.4175300218,0.14196525131080762,-0.04647292348434817,0.36947100000000005,0.007663689282159769,0.4390970513673983,0.39852563912240685
1723528244.366868,30.62990665435791,1723528244.3775234,-0.010655403137207031,36.434017794453396,18.393781867124055,0.0,1.431355050922141,36.323975,18.536057,-0.391506,1.4311493793,0.11004279445339904,-0.14227513287594462,0.391506,0.00020567162214102375,0.011784115914290077,0.43084635089783546
1723528244.4668667,30.729905366897583,1723528244.4607217,0.006145000457763672,36.489722078331454,18.595110405066155,0.0,1.441118029321796,36.397631999999994,18.728877,-0.38002,1.4447063389,0.09209007833145932,-0.1337665949338458,0.38002,-0.003588309578204108,-0.20559499441746398,0.41326660262751685
1723528244.556867,30.819905519485474,1723528244.5475428,0.009324073791503906,36.54521615519607,18.780382845021265,0.0,1.4567756672949823,36.474789,18.936755,-0.37747,1.4608595331,0.07042715519607157,-0.1563721549787367,0.37747,-0.004083865805017739,-0.2339882747253128,0.41460322712408504
1723528244.6668656,30.929904222488403,1723528244.6675372,-0.0006716251373291016,36.653943198878075,19.056519366539515,0.0,1.4773075827089526,36.541227,19.168182,-0.376784,1.4772152752,0.1127161988780756,-0.11166263346048666,0.376784,9.230750895250495e-05,0.005288830680344596,0.4088271858094235
1723528244.766866,31.02990460395813,1723528244.7555258,0.011340141296386719,36.721037562643524,19.26121276416696,0.0,1.4939097063394966,36.601763,19.400869,-0.38541200000000003,1.4961208616000001,0.11927456264352543,-0.13965623583304065,0.38541200000000003,-0.0022111552605035274,-0.1266898642750022,0.4269340642825988
1723528244.8668644,31.129903078079224,1723528244.8832567,-0.016392230987548828,36.77245591757154,19.480795825370638,0.0,1.5163469966029013,36.66659,19.63185,-0.393842,1.5151125779,0.10586591757154196,-0.15105417462936188,0.393842,0.0012344187029011964,0.07072698182825202,0.4348982376835095
1723528244.9668646,31.22990322113037,1723528244.9916606,-0.024796009063720703,36.826708766254086,19.720531244128868,0.0,1.5351825270295762,36.719774,19.866414000000002,-0.412364,1.5365287142,0.10693476625408493,-0.14588275587113486,0.412364,-0.0013461871704236739,-0.077130843299935,0.45028978579396284
1723528245.0668633,31.329901933670044,1723528245.0751898,-0.008326530456542969,36.8748626679431,19.897467407375274,0.0,1.554459715319826,36.775816999999996,20.092093000000002,-0.424551,1.5577859481,0.09904566794310199,-0.19462559262472823,0.424551,-0.0033262327801739655,-0.19057909998203434,0.4774229961405524
1723528245.1668637,31.42990231513977,1723528245.157514,0.009349584579467773,36.94364104693481,20.165287444461708,0.0,1.5790809811659656,36.825905999999996,20.305210000000002,-0.41442500000000004,1.5804048657,0.1177350469348113,-0.1399225555382948,0.41442500000000004,-0.0013238845340344252,-0.07585299636281616,0.4529767581787276
1723528245.2568624,31.519901037216187,1723528245.2755647,-0.018702268600463867,36.94631638557854,20.423885239332115,0.0,1.6071963053543223,36.854383,20.516455,-0.41394400000000003,1.6042701098,0.09193338557854247,-0.09256976066788525,0.41394400000000003,0.002926195554322275,0.1676586552926108,0.4340167544116731
1723528245.3668625,31.62990117073059,1723528245.357429,0.009433507919311523,36.97165155589267,20.605500282843813,0.0,1.6305404039151163,36.890293,20.756954,-0.414692,1.630090386,0.08135855589267038,-0.15145371715618694,0.414692,0.0004500179151163408,0.02578412724144286,0.44891747339724597
1723528245.4668612,31.729899883270264,1723528245.4938617,-0.02700042724609375,36.99317791250178,20.85956552060288,0.0,1.6590925603920441,36.901512,20.998355,-0.43063100000000004,1.6560141866,0.09166591250178158,-0.1387894793971185,0.43063100000000004,0.0030783737920441205,0.17637782604781108,0.4616364557388286
1723528245.5668616,31.82990026473999,1723528245.5815108,-0.014649152755737305,37.00865203455756,21.097724900389956,0.0,1.6817746342176,36.917151,21.232513,-0.443039,1.6829207512,0.09150103455755954,-0.134788099610045,0.443039,-0.0011461169823998585,-0.06566766591978154,0.47204218735468034
1723528245.6668603,31.929898977279663,1723528245.666208,0.000652313232421875,37.027049833912564,21.275317061760763,0.0,1.7116814223929067,36.925881,21.472169,-0.45237700000000003,1.7112944913,0.10116883391256692,-0.19685193823923797,0.45237700000000003,0.0003869310929065506,0.022169518585929693,0.5036176810565465
1723528245.7668605,32.02989912033081,1723528245.7769096,-0.010049104690551758,37.04013034978785,21.54062869881858,0.0,1.7407880138140461,36.922078,21.712085000000002,-0.458625,1.7392343109000001,0.1180523497878525,-0.17145630118142208,0.458625,0.0015537029140459957,0.08902061959201286,0.5036571364829927
1723528245.866859,32.129897594451904,1723528245.859917,0.006942033767700195,37.04922683162491,21.799016449240703,0.0,1.7625846885970944,36.925363,21.940846,-0.466407,1.7652398134,0.12386383162490944,-0.14182955075929726,0.466407,-0.00265512480290564,-0.1521274452869977,0.502984452943019
1723528245.966859,32.22989773750305,1723528245.9871566,-0.020297527313232422,37.024882537544016,22.011852293740464,0.0,1.7890508316056402,36.916529999999995,22.184463,-0.47198100000000004,1.7943137895,0.10835253754402174,-0.17261070625953678,0.47198100000000004,-0.005262957894359931,-0.3015452751018826,0.5141019282872267
1723528246.0668578,32.329896450042725,1723528246.067805,-0.0009472370147705078,36.9955845349592,22.25310422457728,0.0,1.8237214067789476,36.889066,22.426818,-0.464542,1.8244105164,0.10651853495919994,-0.17371377542271915,0.464542,-0.0006891096210523973,-0.039483072908161866,0.507269103953187
1723528246.166858,32.42989659309387,1723528246.1915028,-0.024644851684570312,36.95973730294545,22.51032485003156,0.0,1.846526891394598,36.865387,22.664551,-0.47440200000000005,1.8484525706000001,0.09435030294545044,-0.15422614996844075,0.47440200000000005,-0.0019256792054020975,-0.11033329116564615,0.5076858700062336
1723528246.2668567,32.529895305633545,1723528246.296056,-0.02919936180114746,36.95878741465278,22.69409523024319,0.0,1.8765357621806995,36.848343,22.878487,-0.49156,1.8780844549,0.11044441465278254,-0.18439176975681093,0.49156,-0.0015486927193004707,-0.08873355657855567,0.5364974623258199
1723528246.366857,32.62989568710327,1723528246.3568196,0.010037422180175781,36.94473664699211,22.966864851137668,0.0,1.9147733828214075,36.811823999999994,23.104419,-0.495483,1.9096439165,0.1329126469921178,-0.13755414886233197,0.495483,0.005129466321407428,0.29389677137114145,0.5311217552395043
1723528246.4668558,32.729894399642944,1723528246.4602802,0.006575584411621094,36.90797442161506,23.150974054395434,0.0,1.9417092106835103,36.766101,23.326853,-0.497025,1.942359419,0.14187342161505967,-0.17587894560456618,0.497025,-0.0006502083164896533,-0.037254192339163626,0.5459810636759652
1723528246.566856,32.82989454269409,1723528246.604915,-0.03805899620056152,36.830810384637395,23.402871233006916,0.0,1.9799638021632715,36.713575,23.549635000000002,-0.504182,1.9795707932,0.11723538463739658,-0.1467637669930859,0.504182,0.00039300896327154616,0.022517754906271576,0.5380364558624993
1723528246.6668546,32.929893255233765,1723528246.6857674,-0.018912792205810547,36.76104246930603,23.59506884383556,0.0,2.019836802066937,36.656334,23.763362,-0.512452,2.0174308170999997,0.10470846930602562,-0.16829315616444163,0.512452,0.002405984966937336,0.13785278417743227,0.5494483617777016
1723528246.766855,33.02989363670349,1723528246.785951,-0.019095897674560547,36.69057038386796,23.809455031999605,0.0,2.0525473679733803,36.584140999999995,23.966751000000002,-0.50505,2.0516673601999997,0.10642938386796175,-0.15729596800039758,0.50505,0.0008800077733805978,0.050420731353413246,0.5395782962644958
1723528246.8668537,33.129892349243164,1723528246.8742065,-0.0073528289794921875,36.64824422495936,23.97749148782844,0.0,2.0953769309920673,36.503053,24.171278,-0.504332,2.0903764275,0.14519122495936188,-0.19378651217155962,0.504332,0.005000503492067487,0.286507745535897,0.5594501499944549
1723528246.9668536,33.22989225387573,1723528246.9814107,-0.014557123184204102,36.5450710051707,24.198107084045983,0.0,2.1303341124072306,36.423176999999995,24.361804,-0.524463,2.1311012428,0.12189400517070226,-0.16369691595401648,0.524463,-0.0007671303927692108,-0.043953333841888945,0.5627755033389527
1723528247.0668523,33.329890966415405,1723528247.0710154,-0.004163026809692383,36.40466385293632,24.399628939081882,0.0,2.171096728682257,36.312183999999995,24.544748000000002,-0.5244,2.1713592255,0.09247985293632155,-0.14511906091811966,0.5244,-0.00026249681774270783,-0.015039959792271945,0.5519125157494442
1723528247.1668527,33.42989134788513,1723528247.1735592,-0.0067064762115478516,36.344229619964004,24.529064655138782,0.0,2.213054350661843,36.209993999999995,24.721458000000002,-0.524206,2.2108595105999997,0.13423561996400935,-0.19239334486121962,0.524206,0.0021948400618434505,0.12575507224986232,0.5743050855164091
1723528247.2668514,33.529890060424805,1723528247.285779,-0.018927574157714844,36.201742250088216,24.759506075369657,0.0,2.2461186579501486,36.102545,24.902412,-0.5172289999999999,2.2466934236,0.099197250088217,-0.14290592463034457,0.5172289999999999,-0.000574765649851372,-0.03293164594557769,0.5456995841674409
1723528247.3668516,33.62989020347595,1723528247.3864336,-0.019582033157348633,36.128716822488805,24.90101444181955,0.0,2.2855044464928698,35.990556999999995,25.076128,-0.514691,2.2843959686999997,0.13815982248880943,-0.17511355818044905,0.514691,0.001108477792870044,0.06351109921543018,0.560945380843587
1723528247.4668503,33.729888916015625,1723528247.4675038,-0.0006535053253173828,36.00086949307682,25.089416021650997,0.0,2.3209899421998212,35.870298999999996,25.24662,-0.510394,2.3197516537,0.13057049307682433,-0.15720397834900268,0.510394,0.0012382884998212162,0.07094870485934189,0.5497852123393996
1723528247.5968504,33.85988903045654,1723528247.5779917,0.018858671188354492,35.85604645195326,25.257201515201732,0.0,2.353478781276488,35.753806999999995,25.408997,-0.512971,2.3539427818,0.10223945195326678,-0.1517954847982672,0.512971,-0.00046400052351192045,-0.026585271689093765,0.5446411860866246
1723528247.6668491,33.929887771606445,1723528247.6867297,-0.01988053321838379,35.770704976866675,25.367262045575192,0.0,2.3874440934001644,35.638414999999995,25.557304000000002,-0.5109389999999999,2.3868124909999997,0.1322899768666801,-0.1900419544248102,0.5109389999999999,0.000631602400164688,0.036188151859769556,0.560959217895551
1723528247.7968493,34.05988788604736,1723528247.7780135,0.018835783004760742,35.63193313951573,25.539895394879395,0.0,2.4212872623096775,35.521713999999996,25.706096000000002,-0.515679,2.4199939664,0.11021913951573481,-0.16620060512060775,0.515679,0.0012932959096776386,0.07410039728606121,0.5528975772229837
1723528247.8668475,34.12988615036011,1723528247.883157,-0.016309499740600586,35.505731075013486,25.689860517925123,0.0,2.4512531711789194,35.393713,25.845976,-0.510131,2.4536666466,0.11201807501348782,-0.15611548207487758,0.510131,-0.002413475421080502,-0.13828195558647197,0.5451180881554003
1723528247.9968476,34.259886264801025,1723528247.9764683,0.020379304885864258,35.41846811153931,25.796380033668154,0.0,2.4825070166097696,35.267457,25.975762,-0.5051669999999999,2.4832569347,0.15101111153931157,-0.1793819663318459,0.5051669999999999,-0.0007499180902303949,-0.04296714155071248,0.5569344158358486
1723528248.0968466,34.35988521575928,1723528248.059764,0.037082672119140625,35.24872580587639,25.96415160758154,0.0,2.5109329761327626,35.130508,26.096627,-0.504875,2.5128569746,0.11821780587639097,-0.13247539241845985,0.504875,-0.0019239984672374533,-0.11023699196234546,0.5351858974670886
1723528248.1668468,34.429885387420654,1723528248.14739,0.019456863403320312,35.10635358517565,26.08417205232467,0.0,2.5404881904445347,34.995469,26.218616,-0.503616,2.5420126440999997,0.11088458517564703,-0.1344439476753294,0.503616,-0.0015244536554650523,-0.087344760521438,0.5329161676587623
1723528248.2968454,34.5598840713501,1723528248.232685,0.06416034698486328,35.01119011091451,26.16464077225149,0.0,2.5705132616459085,34.86349,26.336506,-0.502883,2.5694024622,0.14770011091451352,-0.17186522774850843,0.502883,0.00111079944590875,0.06364412013604176,0.5515834397099012
1723528248.3968453,34.659883975982666,1723528248.3782392,0.018606185913085938,34.845824030304655,26.314340392354,0.0,2.5924183210468925,34.730686999999996,26.457738000000003,-0.499493,2.5952634525,0.11513703030465905,-0.1433976076460013,0.499493,-0.0028451314531072747,-0.16301402442296992,0.5322712341231419
1723528248.4968438,34.75988245010376,1723528248.4611866,0.03565716743469238,34.729945815408314,26.40658272859869,0.0,2.6242667692203288,34.597273,26.576686000000002,-0.499108,2.6202710429,0.13267281540831277,-0.1701032714013131,0.499108,0.003995726320328963,0.228938254244188,0.543733385542765
1723528248.5968442,34.859882831573486,1723528248.563131,0.03371310234069824,34.57440033778592,26.54036648561145,0.0,2.6426333785968072,34.449711,26.688390000000002,-0.49221800000000004,2.6460893674999997,0.12468933778591662,-0.14802351438855155,0.49221800000000004,-0.003455988903192431,-0.19801357819697274,0.5289016461436173
1723528248.6968427,34.95988130569458,1723528248.6569586,0.039884090423583984,34.45218791831756,26.64143959605702,0.0,2.666731176637821,34.301210999999995,26.790237,-0.49741300000000005,2.6684867014,0.15097691831756777,-0.14879740394298224,0.49741300000000005,-0.0017555247621787728,-0.10058415970355125,0.5406980579342232
1723528248.7968414,35.05988001823425,1723528248.7494454,0.047395944595336914,34.25051336691573,26.761313446334192,0.0,2.6910909836769967,34.145545999999996,26.892653000000003,-0.510475,2.6917753432,0.10496736691573716,-0.13133955366581063,0.510475,-0.000684359523003053,-0.039210912337661115,0.5374504182707065
1723528248.8968399,35.15987849235535,1723528248.8587103,0.038129568099975586,34.10029347721932,26.836488114720506,0.0,2.7116576693792354,34.005004,26.991853000000003,-0.504612,2.712936615,0.09528947721931758,-0.15536488527949643,0.504612,-0.0012789456207644712,-0.07327818629654334,0.5365180356620286
1723528248.9968398,35.259878396987915,1723528249.0344675,-0.0376276969909668,33.95792959689843,26.923865965207735,0.0,2.7327481419098367,33.708456,27.184896000000002,-0.49673900000000004,2.7549080353999997,0.24947359689843296,-0.2610300347922667,0.49673900000000004,-0.022159893490163007,-1.269668371445768,0.6141037279923433
1723528249.0968382,35.35987687110901,1723528249.1163323,-0.019494056701660156,33.79621989518604,27.039843547073914,0.0,2.7591706331572503,33.556394999999995,27.267921,-0.49149800000000005,2.7759765954,0.23982489518604666,-0.22807745292608672,0.49149800000000005,-0.01680596224274966,-0.9629107071657711,0.592541634729788
1723528249.1968386,35.459877252578735,1723528249.2450922,-0.048253536224365234,33.66105623771889,27.145595223771096,0.0,2.774336436863006,33.413542,27.359703,-0.489453,2.7976176793999996,0.2475142377188888,-0.21410777622890365,0.489453,-0.023281242536993485,-1.333916939190172,0.5887866140837857
1723528249.2968376,35.55987620353699,1723528249.305828,-0.00899052619934082,33.522903836396615,27.216143579153517,0.0,2.792901193496405,33.269861999999996,27.44189,-0.486103,2.8190081710999997,0.25304183639661915,-0.2257464208464839,0.486103,-0.026106977603594483,-1.4958196325285278,0.5926953214772082
1723528249.3968377,35.659876346588135,1723528249.4450638,-0.048226118087768555,33.41356701637942,27.260266536918152,0.0,2.816065328611451,33.115369,27.523003000000003,-0.48428400000000005,2.8405332256999998,0.29819801637941623,-0.2627364630818505,0.48428400000000005,-0.024467897088548796,-1.4019072367342806,0.6264850346667342
1723528249.4968364,35.75987505912781,1723528249.547893,-0.051056623458862305,33.21113990302045,27.36734832286201,0.0,2.8387942204493353,32.950598,27.602201,-0.469266,2.8602964943,0.260541903020453,-0.23485267713799018,0.469266,-0.02150227385066472,-1.2319895415776014,0.5858740836940991
1723528249.5968368,35.859875440597534,1723528249.6449773,-0.048140525817871094,33.01366175091252,27.474804242898045,0.0,2.861746841418509,32.790318,27.676576,-0.46264,2.880735514,0.22334375091251957,-0.20177175710195527,0.46264,-0.01898867258149073,-1.0879707974752044,0.5519330055683245
1723528249.6968355,35.95987415313721,1723528249.7054336,-0.008598089218139648,32.90481576453464,27.52314144115384,0.0,2.881102044334809,32.628527999999996,27.741473000000003,-0.462386,2.9028143383,0.27628776453464354,-0.21833155884616318,0.462386,-0.02171229396519081,-1.2440228077528006,0.5812094385122684
1723528249.7968357,36.059874296188354,1723528249.8339796,-0.03714394569396973,32.703079214139606,27.597177004149607,0.0,2.902305869404307,32.461020999999995,27.799148000000002,-0.469855,2.9228886739999997,0.24205821413961104,-0.20197099585039524,0.469855,-0.02058280459569284,-1.1793078338756744,0.5658163864914644
1723528249.8968344,36.15987300872803,1723528249.9187067,-0.021872282028198242,32.56761557497595,27.646994670342366,0.0,2.925431551389856,32.291661999999995,27.85811,-0.46984400000000004,2.9417972877999996,0.27595357497595785,-0.21111532965763402,0.46984400000000004,-0.016365736410143494,-0.9376876249248051,0.5843572899301104
1723528249.9968345,36.259873151779175,1723528250.034423,-0.03758859634399414,32.37722318806204,27.71382372024286,0.0,2.941737367186663,32.10996,27.925126000000002,-0.46739400000000003,2.9629052065,0.26726318806203864,-0.21130227975714178,0.46739400000000003,-0.021167839313336767,-1.2128278540652992,0.5783903667590342
1723528250.0968332,36.35987186431885,1723528250.034423,0.06241011619567871,32.20629398698156,27.773733780974304,0.0,2.960968368360989,32.10996,27.925126000000002,-0.46739400000000003,2.9629052065,0.0963339869815556,-0.15139221902569844,0.46739400000000003,-0.0019368381390107992,-0.11097265096529144,0.5006565611926879
1723528250.1968334,36.459872007369995,1723528250.170612,0.026221275329589844,32.04207069806106,27.855615842630055,0.0,2.978407736343325,31.932761000000003,27.993508000000002,-0.46137700000000004,2.9797656259,0.1093096980610575,-0.1378921573699472,0.46137700000000004,-0.0013578895566750404,-0.07780134064237022,0.49379306726941585
1723528250.2968318,36.55987048149109,1723528250.247882,0.0489499568939209,31.87647585319844,27.925578608133463,0.0,2.9921261461342787,31.759078000000002,28.053517,-0.465326,2.9951864996,0.11739785319843676,-0.127938391866536,0.465326,-0.0030603534657211995,-0.1753453374040592,0.49666766990110905
1723528250.3968306,36.65986919403076,1723528250.3503072,0.046523332595825195,31.690451197223226,27.983332215820496,0.0,3.006130145446498,31.585129000000002,28.101750000000003,-0.464285,3.0088737598999997,0.10532219722322367,-0.11841778417950621,0.464285,-0.002743614453501575,-0.1571975287967321,0.4905875029624295
1723528250.4968295,36.759868144989014,1723528250.4436424,0.05318713188171387,31.523515876812787,28.034356972488652,0.0,3.0182179199334946,31.425199000000003,28.161438,-0.45565,3.0219117748,0.09831687681278467,-0.1270810275113483,0.45565,-0.003693854866505309,-0.21164229398461432,0.4831487538218021
1723528250.59683,36.85986852645874,1723528250.5679169,0.028913021087646484,31.358551550202662,28.063782698063452,0.0,3.0322963979403035,31.247197,28.216631,-0.450151,3.0332366709999996,0.1113545502026625,-0.15284830193654741,0.450151,-0.0009402730596961284,-0.05387367791044066,0.4882605473071967
1723528250.6968284,36.959867000579834,1723528250.6575096,0.03931879997253418,31.194694003196492,28.121687093209488,0.0,3.03939330911801,31.071831000000003,28.278655,-0.44267500000000004,3.0418665176,0.12286300319648902,-0.15696790679051276,0.44267500000000004,-0.002473208481990064,-0.14170440787398775,0.48548470309748754
1723528250.7968285,37.05986714363098,1723528250.7647636,0.03206491470336914,30.95761986615608,28.188613594628592,0.0,3.046920556412883,30.890933,28.330956,-0.439788,3.0504252844999997,0.0666868661560791,-0.14234240537140863,0.439788,-0.003504728087116771,-0.2008061277327493,0.46703531282830985
1723528250.8556743,37.11871290206909,1723528250.8305655,0.025108814239501953,30.830129056876377,28.24366982798747,0.0,3.0513451811323833,30.702306,28.385913000000002,-0.44076600000000005,3.0550723111,0.12782305687637674,-0.142243172012531,0.44076600000000005,-0.0037271299676167047,-0.21354881684116836,0.48046490049680834
1723528250.8968275,37.15986609458923,1723528250.921965,-0.02513742446899414,30.69819249986922,28.296845820959923,0.0,3.0547069830397433,30.517656000000002,28.449071,-0.44237000000000004,3.0590971616,0.18053649986921627,-0.1522251790400766,0.44237000000000004,-0.004390178560256697,-0.2515387028115289,0.5014550326986568
1723528250.9968278,37.25986647605896,1723528251.0595796,-0.06275177001953125,30.605387110342782,28.336513308570158,0.0,3.036952490123806,30.341293,28.503944,-0.433977,3.0628337033,0.2640941103427821,-0.16743069142984268,0.433977,-0.025881213176194073,-1.4828842836742966,0.5348969733317069
1723528251.0968268,37.35986542701721,1723528251.0595796,0.0372471809387207,30.471079720271895,28.36045501904437,0.0,3.0579279323134596,30.341293,28.503944,-0.433977,3.0628337033,0.12978672027189475,-0.143488980955631,0.433977,-0.004905770986540325,-0.28107997278649083,0.4751523092058172
1723528251.1968272,37.45986580848694,1723528251.1729848,0.023842334747314453,30.286981495010206,28.424736715028477,0.0,3.0622537610488667,30.153851000000003,28.558243,-0.425728,3.0660913468,0.13313049501020302,-0.13350628497152428,0.425728,-0.003837585751133244,-0.21987746705947675,0.4656092640965808
1723528251.2968261,37.55986475944519,1723528251.282384,0.014442205429077148,30.093642541338603,28.477365303603587,0.0,3.0685081331614423,29.975767,28.607748,-0.42998000000000003,3.0720831217,0.11787554133860212,-0.13038269639641342,0.42998000000000003,-0.003574988538557644,-0.2048317550669952,0.4645181279191027
1723528251.3968265,37.65986514091492,1723528251.3635063,0.03332018852233887,29.908042553626103,28.535483348315747,0.0,3.07279928784369,29.794453,28.660913,-0.43391,3.0760656862999998,0.11358955362610246,-0.12542965168425368,0.43391,-0.003266398456309716,-0.18715084575459395,0.46573927503981283
1723528251.4968255,37.75986409187317,1723528251.4563282,0.0404973030090332,29.73307844041328,28.588115976886787,0.0,3.0759758336217793,29.602024,28.714754000000003,-0.420949,3.0805530789,0.13105444041327985,-0.12663802311321604,0.420949,-0.004577245278220677,-0.2622568362382291,0.45870526032634656
1723528251.5968258,37.859864473342896,1723528251.5786586,0.01816725730895996,29.54459128290574,28.646867306438267,0.0,3.080789392116042,29.416955,28.765044,-0.42802,3.0847237649999997,0.12763628290573692,-0.11817669356173255,0.42802,-0.003934372883957593,-0.2254229612814841,0.46201501275951734
1723528251.6968248,37.95986342430115,1723528251.7167554,-0.019930601119995117,29.345420137203746,28.675472296776004,0.0,3.0831086552530715,29.226090000000003,28.813938,-0.42138400000000004,3.0882315681,0.11933013720374319,-0.13846570322399643,0.42138400000000004,-0.005122912846928341,-0.2935212849423431,0.4593222268412232
1723528251.7968235,38.05986213684082,1723528251.799876,-0.0030524730682373047,29.204565126780345,28.713527610209166,0.0,3.084523953437701,29.036751000000002,28.863943000000003,-0.42055800000000004,3.0902927770999997,0.16781412678034258,-0.15041538979083668,0.42055800000000004,-0.005768823662298583,-0.33052924860491173,0.4771324784553848
1723528251.9268215,38.189860105514526,1723528251.9037402,0.023081302642822266,28.948406313104524,28.78557312376425,0.0,3.0881726975604753,28.832964,28.915366000000002,-0.405355,3.0926578409,0.11544231310452346,-0.12979287623575075,0.405355,-0.004485143339524544,-0.25697978386596804,0.44100543579583207
1723528252.0368204,38.299859046936035,1723528252.006309,0.03051137924194336,28.763469718687432,28.841693866672834,0.0,3.0898541139705475,28.644756,28.963944,-0.400546,3.0942206649,0.11871371868743097,-0.12225013332716728,0.400546,-0.004366550929452373,-0.25018493928654784,0.43528742253723424
1723528252.1268191,38.38985776901245,1723528252.1158855,0.010933637619018555,28.58340225184281,28.901714968738506,0.0,3.0891592248551127,28.448593000000002,29.011616,-0.409036,3.0949570379,0.1348092518428068,-0.10990103126149364,0.409036,-0.005797813044887246,-0.33219021787793207,0.44447971871701536
1723528252.2368176,38.4998562335968,1723528252.2053943,0.031423330307006836,28.366966799081467,28.96558183972122,0.0,3.091782637729943,28.260671000000002,29.071737000000002,-0.405696,3.0949117837999998,0.10629579908146525,-0.10615516027878158,0.405696,-0.0031291460700568763,-0.17928686329420684,0.4326164113532692
1723528252.326818,38.58985662460327,1723528252.384721,-0.05790305137634277,28.23646401302708,28.997691197223872,0.0,3.090124902206961,28.066636000000003,29.132035000000002,-0.398181,3.0960728737,0.16982801302707884,-0.13434380277612945,0.398181,-0.005947971493038828,-0.3407936632152518,0.45325260078026824
1723528252.426817,38.68985557556152,1723528252.384721,0.04209589958190918,27.983072718862097,29.06485931090956,0.0,3.0929366615749565,28.066636000000003,29.132035000000002,-0.398181,3.0960728737,-0.08356328113790568,-0.06717568909044047,0.398181,-0.003136212125043336,-0.17969171842273834,0.4123633154395626
1723528252.5368176,38.799856185913086,1723528252.4937348,0.04308271408081055,27.783703742538975,29.117614851664513,0.0,3.095379131436051,27.863323,29.179036,-0.39175400000000005,3.0961263705,-0.07961925746102594,-0.061421148335487175,0.39175400000000005,-0.0007472390639491343,-0.04281364465159162,0.40445392832496396
1723528252.6268165,38.88985514640808,1723528252.58131,0.04550647735595703,27.615040429652694,29.151775044708344,0.0,3.0926601832915592,27.656803,29.243109,-0.388218,3.0981695286999997,-0.04176257034730568,-0.09133395529165611,0.388218,-0.0055093454084405025,-0.3156622397834195,0.4009977795390292
1723528252.7268171,38.98985576629639,1723528252.774609,-0.04779195785522461,27.34780474519351,29.220501387374732,0.0,3.096140810431077,27.234079,29.351122,-0.390037,3.0995083181,0.1137257451935092,-0.13062061262526825,0.390037,-0.003367507668922798,-0.19294397690721446,0.42676006248408416
1723528252.836816,39.099854707717896,1723528252.774609,0.06220698356628418,27.192666305385522,29.26770507705652,0.0,3.0970680313678667,27.234079,29.351122,-0.390037,3.0995083181,-0.04141269461447905,-0.08341692294348135,0.390037,-0.002440286732133145,-0.13981813055300088,0.40100156567972506
1723528252.9268162,39.189854860305786,1723528252.924979,0.0018372535705566406,26.94309100630123,29.33544692418939,0.0,3.0998152797387775,27.034632000000002,29.399432,-0.382415,3.1012613216,-0.09154099369877144,-0.06398507581060997,0.382415,-0.0014460418612225467,-0.08285209564729422,0.39839060691593625
1723528253.036815,39.299853563308716,1723528253.0681233,-0.03130841255187988,26.724214647972083,29.392713695717948,0.0,3.100893852124438,26.823733,29.458627,-0.38424200000000003,3.1025719709999997,-0.0995183520279177,-0.06591330428205211,0.38424200000000003,-0.001678118875561907,-0.09614912909093665,0.40235603715581425
1723528253.036815,39.299853563308716,1723528253.0681233,-0.03130841255187988,26.724214647972083,29.392713695717948,0.0,3.100893852124438,26.823733,29.458627,-0.38424200000000003,3.1025719709999997,-0.0995183520279177,-0.06591330428205211,0.38424200000000003,-0.001678118875561907,-0.09614912909093665,0.40235603715581425
1723528253.1368153,39.39985394477844,1723528253.1775205,-0.040705204010009766,26.383243918825208,29.471108091863915,0.0,3.103151208103391,26.616593,29.506438,-0.38427700000000004,3.1035906789,-0.23334908117479358,-0.0353299081360845,0.38427700000000004,-0.00043947079660888727,-0.025179821864941453,0.45096430992155534
1723528253.2368143,39.499852895736694,1723528253.2655349,-0.028720617294311523,26.24206974354666,29.5067334402679,0.0,3.1165596488929923,26.403581000000003,29.552373,-0.38244900000000004,3.1067597725,-0.1615112564533412,-0.045639559732098434,0.38244900000000004,0.009799876392992513,0.5614915570683595,0.41765547162066097
1723528253.3368146,39.59985327720642,1723528253.3750453,-0.03823065757751465,26.07636968639938,29.536654656119378,0.0,3.1072170803358006,26.188397000000002,29.617013,-0.377352,3.1077616967,-0.11202731360062046,-0.08035834388062213,0.377352,-0.0005446163641993351,-0.031204219122381645,0.4017488199457568
1723528253.4368136,39.69985222816467,1723528253.483238,-0.04642438888549805,25.882768546393006,29.597565632809907,0.0,3.1075686061969083,25.969392000000003,29.667987,-0.35847500000000004,3.1091680109,-0.08662345360699675,-0.07042136719009306,0.35847500000000004,-0.0015994047030916116,-0.09163913922052387,0.3754558792943925
1723528253.5368128,39.799851417541504,1723528253.5845509,-0.047738075256347656,25.693035904118236,29.651450427975647,0.0,3.109706013347486,25.753313000000002,29.719907000000003,-0.365381,3.111479847,-0.060277095881765774,-0.06845657202435618,0.365381,-0.0017738336525141563,-0.10163318184733658,0.37659382058428076
1723528253.6268115,39.88985013961792,1723528253.658579,-0.03176760673522949,25.465718401506656,29.6992057243748,0.0,3.113527173835144,25.537054,29.783077000000002,-0.365101,3.1145889803999998,-0.07133559849334503,-0.08387127562520291,0.365101,-0.0010618065648557717,-0.060837034825519644,0.3813422330248808
1723528253.7268102,39.98984885215759,1723528253.7671824,-0.04037213325500488,25.303260791162124,29.745168525569294,0.0,3.1149841405773167,25.315454000000003,29.828271,-0.363924,3.1172663819,-0.012193208837878444,-0.08310247443070651,0.363924,-0.002282241322683287,-0.13076279562010698,0.37349079422961734
1723528253.8368092,40.0998477935791,1723528253.860172,-0.02336287498474121,24.971136303467986,29.815170926182386,0.0,3.1219714486870256,25.093906,29.882025000000002,-0.370964,3.1201591344999997,-0.1227696965320142,-0.06685407381761621,0.370964,0.001812314187025876,0.10383795406826564,0.3964292558182029
1723528253.9268095,40.18984818458557,1723528253.9769163,-0.05010676383972168,24.79550287038057,29.85635080975066,0.0,3.1244415938204835,24.868771000000002,29.935608000000002,-0.36349400000000004,3.1242745171,-0.07326812961943219,-0.07925719024934352,0.36349400000000004,0.00016707672048354993,0.009572790938594361,0.3791804439315807
1723528254.0268085,40.28984713554382,1723528254.0576656,-0.030857086181640625,24.546759198036323,29.91634259329079,0.0,3.128570033351089,24.643141,29.986841000000002,-0.36387800000000003,3.1278477359999997,-0.09638180196367685,-0.0704984067092127,0.36387800000000003,0.0007222973510891961,0.04138458977088999,0.3829708552648661
1723528254.1368074,40.39984607696533,1723528254.1657965,-0.028989076614379883,24.33393546114534,29.954897061795997,0.0,3.1312080395916215,24.424747,30.050213,-0.364501,3.1305490798999998,-0.09081153885465909,-0.09531593820400275,0.364501,0.0006589596916217744,0.037755609199169905,0.38754721346677307
1723528254.2368066,40.49984526634216,1723528254.2754006,-0.03859400749206543,24.071961716449206,30.00351142413013,0.0,3.135792073048764,24.192961,30.086556,-0.348598,3.1351376569,-0.1209992835507947,-0.08304457586987013,0.348598,0.0006544161487638256,0.037495283369372634,0.378229816124023
1723528254.336807,40.59984564781189,1723528254.363023,-0.02621603012084961,23.86743188239669,30.045511662281744,0.0,3.1397079584846166,23.959986,30.13117,-0.3462,3.1387704392,-0.09255411760331,-0.08565833771825737,0.3462,0.0009375192846166058,0.05371589822065572,0.3684536002076549
1723528254.436806,40.69984459877014,1723528254.4669626,-0.030156612396240234,23.64763476029342,30.080182175560118,0.0,-3.1405452188068503,23.729606,30.183564,-0.34452000000000005,-3.1412669064000003,-0.08197123970657927,-0.10338182443988231,0.34452000000000005,0.0007216875931499445,0.04134965321444628,0.36891884766646466
1723528254.536805,40.799843549728394,1723528254.5917969,-0.054991960525512695,23.41091250898681,30.15395731194784,0.0,-3.1366065502954497,23.505713,30.226477000000003,-0.34232500000000005,-3.1373202580000004,-0.09480049101318855,-0.07251968805216435,0.34232500000000005,0.0007137077045507034,0.04089243927672521,0.3625364035190465
1723528254.6368039,40.899842500686646,1723528254.5917969,0.04500699043273926,23.160759653155193,30.220864152773178,0.0,-3.133525388064635,23.505713,30.226477000000003,-0.34232500000000005,-3.1373202580000004,-0.3449533468448074,-0.005612847226824869,0.34232500000000005,0.0037948699353651527,0.21743003109750675,0.4860151450093152
1723528254.7368045,40.99984312057495,1723528254.6955898,0.041214704513549805,22.95061753265714,30.254820011506727,0.0,-3.1304037644415135,23.271965,30.267836000000003,-0.336606,-3.1337376546,-0.3213474673428607,-0.013015988493275898,0.336606,0.0033338901584865077,0.19101783544147802,0.46555043761135917
1723528254.8368034,41.0998420715332,1723528254.798284,0.03851938247680664,22.711405909526604,30.296128888008973,0.0,-3.12661059332094,23.039388000000002,30.320793000000002,-0.33147400000000005,-3.1312307527,-0.3279820904733981,-0.024664111991029358,0.33147400000000005,0.00462015937906024,0.26471563309793483,0.4669642200079213
1723528254.9368021,41.199840784072876,1723528254.9058154,0.030986785888671875,22.50029230706229,30.344814462356002,0.0,-3.1237931085313315,22.805592,30.373909,-0.326745,-3.1286659610000003,-0.3052996929377123,-0.029094537643999274,0.326745,0.0048728524686687535,0.2791938806446238,0.448125752053572
1723528255.0268009,41.28983950614929,1723528254.9939601,0.032840728759765625,22.224653863426102,30.406350943622325,0.0,-3.1190747124110785,22.581473000000003,30.418116,-0.32544700000000004,-3.1243224294000003,-0.3568191365739004,-0.01176505637767633,0.32544700000000004,0.005247716988921791,0.3006720355443192,0.48308804848175835
1723528255.1267998,41.389838457107544,1723528255.0997624,0.027037382125854492,21.983425801700886,30.44119964001338,0.0,-3.1175415942458553,22.340622,30.457838000000002,-0.32728,-3.1211997954000004,-0.3571961982991141,-0.01663835998662222,0.32728,0.0036582011541450576,0.2095994867423985,0.48474545640200123
1723528255.2267988,41.489837408065796,1723528255.2457204,-0.018921613693237305,21.791109357885226,30.47443337675742,0.0,-3.1153703141508724,22.099028,30.508293000000002,-0.337695,-3.1168071913000004,-0.3079186421147746,-0.03385962324258074,0.337695,0.0014368771491279908,0.08232699632382368,0.4582556898424025
1723528255.3267977,41.58983635902405,1723528255.355425,-0.02862715721130371,21.50627220531153,30.53335075206001,0.0,-3.1123738451601572,21.857021000000003,30.559051,-0.33210700000000004,-3.1136432793,-0.3507487946884744,-0.025700247939990817,0.33210700000000004,0.0012694341398429287,0.07273321858281975,0.48371508056767737
1723528255.4367964,41.69983506202698,1723528255.4162407,0.020555734634399414,21.275274993065427,30.573212206182557,0.0,-3.108607315680756,21.621080000000003,30.598842,-0.32160500000000003,-3.1117873224,-0.34580500693457594,-0.025629793817444124,0.32160500000000003,0.0031800067192442327,0.18220096383593784,0.47293526531349594
1723528255.5367973,41.79983592033386,1723528255.516907,0.019890308380126953,21.02798557613056,30.622966577464503,0.0,-3.1073694230620057,21.376446,30.649089,-0.317996,-3.1078523585,-0.3484604238694402,-0.026122422535497236,0.317996,0.0004829354379944917,0.027670162374386235,0.47247063821828444
1723528255.6267962,41.88983488082886,1723528255.6294048,-0.0026085376739501953,20.757378327409178,30.66827515385542,0.0,-3.10253185131676,21.120389000000003,30.699546,-0.306423,-3.1047555382,-0.36301067259082487,-0.031270846144582976,0.306423,0.0022236868832399277,0.12740787336824813,0.4760773772848708
1723528255.736797,41.999835729599,1723528255.7358005,0.0009965896606445312,20.459079500467823,30.72615489124662,0.0,-3.1009944278047135,20.87647,30.732838,-0.291455,-3.1021498087,-0.41739049953217844,-0.006683108753382072,0.291455,0.0011553808952866618,0.06619844902997223,0.5091222938227425
1723528255.866796,42.12983465194702,1723528255.8504226,0.016373395919799805,20.29350416709816,30.75306579071519,0.0,-3.1001637129275608,20.626159,30.778956,-0.284631,-3.1000922749,-0.3326548329018415,-0.02589020928481034,0.284631,-7.143802756059969e-05,-0.004093097475961619,0.43857080038548324
1723528255.936797,42.199835538864136,1723528255.9309366,0.005860328674316406,19.972603327987866,30.81467431368383,0.0,-3.097027460717525,20.373958000000002,30.822318000000003,-0.279768,-3.0973768770000003,-0.40135467201213615,-0.007643686316171738,0.279768,0.00034941628247509016,0.020020078278973657,0.4892996346927611
1723528256.0367959,42.29983448982239,1723528256.035389,0.0014069080352783203,19.762805698900053,30.85282327118398,0.0,-3.093524739584924,20.127211000000003,30.869359,-0.295414,-3.0942904684,-0.36440530109994995,-0.016535728816020168,0.295414,0.0007657288150761943,0.04387302935541942,0.4693975768932155
1723528256.1667962,42.429834842681885,1723528256.122738,0.04405832290649414,19.43426547548964,30.91408723139364,0.0,-3.0909487101152773,19.887133000000002,30.908435,-0.287959,-3.0911661984000003,-0.4528675245103635,0.005652231393639795,0.287959,0.00021748828472301085,0.0124611608081681,0.5366948184553973
1723528256.2667952,42.52983379364014,1723528256.2454555,0.02133965492248535,19.16977016316292,30.96489139191433,0.0,-3.0866333333190186,19.637301,30.950624,-0.28079400000000004,-3.0895074021,-0.4675308368370814,0.014267391914327021,0.28079400000000004,0.00287406878098162,0.1646720111805562,0.5455583491264877
1723528256.2667952,42.52983379364014,1723528256.2454555,0.02133965492248535,19.16977016316292,30.96489139191433,0.0,-3.0866333333190186,19.637301,30.950624,-0.28079400000000004,-3.0895074021,-0.4675308368370814,0.014267391914327021,0.28079400000000004,0.00287406878098162,0.1646720111805562,0.5455583491264877
1723528256.3667946,42.62983322143555,1723528256.3559566,0.010838031768798828,18.755553335811943,31.00754260878833,0.0,-3.0843238400848385,19.379286,31.000781,-0.281432,-3.0860152036,-0.6237326641880578,0.006761608788330875,0.281432,0.001691363515161637,0.09690799104117302,0.6843187315517082
1723528256.4667938,42.72983241081238,1723528256.480906,-0.014112234115600586,18.606565465540296,31.027059092015843,0.0,-3.085433416943253,19.123729,31.040503,-0.28563700000000003,-3.0843445380000003,-0.517163534459705,-0.013443907984157732,0.28563700000000003,-0.0010888789432526025,-0.06238816784903919,0.5909546139981826
1723528256.566793,42.82983160018921,1723528256.6046536,-0.03786063194274902,18.442436009652933,31.04436315653678,0.0,-3.08280366611885,18.852929000000003,31.076852000000002,-0.290854,-3.0815985925000002,-0.41049299034706976,-0.03248884346322356,0.290854,-0.0012050736188498057,-0.06904563236265067,0.5041389385771122
1723528256.6667922,42.92983078956604,1723528256.6972315,-0.030439376831054688,18.147818224622466,31.08574951215582,0.0,-3.082996966885991,18.602313000000002,31.114674,-0.289466,-3.0802866744000004,-0.4544947753775368,-0.028924487844179225,0.289466,-0.0027102924859905286,-0.15528832069327708,0.5396227311729239
1723528256.7667909,43.02982950210571,1723528256.8037694,-0.03697848320007324,17.910932310416168,31.130604205430554,0.0,-3.0819241441720426,18.343573000000003,31.148744,-0.287204,-3.0780908709,-0.4326406895838346,-0.018139794569446366,0.287204,-0.0038332732720425255,-0.21963038020834016,0.5196086566316979
1723528256.86679,43.129828691482544,1723528256.8962817,-0.029491662979125977,17.69810118933863,31.172277256548284,0.0,-3.082766572467127,18.073283,31.190499000000003,-0.277351,-3.0782089989,-0.37518181066137046,-0.018221743451718453,0.277351,-0.004557573567126827,-0.2611297302167508,0.4669229060418483
1723528256.966791,43.22982954978943,1723528256.9976134,-0.0308225154876709,17.380780870674947,31.212982417241346,0.0,-3.084531434162243,17.820334000000003,31.22565,-0.280594,-3.0777324515,-0.43955312932505564,-0.012667582758655982,0.280594,-0.006798982662242992,-0.3895530115291439,0.5216324510499672
1723528257.06679,43.32982873916626,1723528257.1070693,-0.04027915000915527,17.09121546575398,31.255458715087144,0.0,-3.0862649579139263,17.551898,31.27675,-0.288978,-3.0787582762000003,-0.4606825342460219,-0.0212912849128557,0.288978,-0.00750668171392599,-0.43010118035599043,0.5442334064136246
1723528257.1667893,43.42982792854309,1723528257.169571,-0.0027816295623779297,16.84346359485565,31.293461115659188,0.0,-3.0873004321380058,17.285116000000002,31.307308000000003,-0.28151000000000004,-3.0796165587,-0.4416524051443531,-0.013846884340814825,0.28151000000000004,-0.007683873438005584,-0.4402535183103978,0.5239241006822837
1723528257.2667882,43.52982687950134,1723528257.2896597,-0.02287149429321289,16.5437680965695,31.337061010635775,0.0,-3.0887065493440025,17.01611,31.350229000000002,-0.28001600000000004,-3.0815101351000003,-0.4723419034305003,-0.01316798936422714,0.28001600000000004,-0.007196414244002192,-0.4123241638091546,0.5492624417673617
1723528257.366789,43.62982773780823,1723528257.391727,-0.024937868118286133,16.277320918962033,31.390714756475802,0.0,-3.091239031102797,16.741533,31.392639000000003,-0.27354300000000004,-3.0845537688,-0.4642120810379673,-0.0019242435242006195,0.27354300000000004,-0.006685262302796868,-0.38303731488817033,0.538815675109532
1723528257.4667883,43.72982692718506,1723528257.4928317,-0.026043415069580078,16.05312083945199,31.427008134798644,0.0,-3.0935432571148604,16.469536,31.425414,-0.26394,-3.0851896241000003,-0.41641516054801286,0.0015941347986441201,0.26394,-0.00835363301486014,-0.4786279153526317,0.4930197265830076
1723528257.5667892,43.82982778549194,1723528257.615486,-0.04869675636291504,15.727613919435342,31.483986068744414,0.0,-3.094742968203375,16.185051,31.467793,-0.26887300000000003,-3.0868899565000003,-0.4574370805646595,0.016193068744414063,0.26887300000000003,-0.007853011703374602,-0.4499444270702062,0.5308517573483958
1723528257.6667883,43.929826974868774,1723528257.705155,-0.03836655616760254,15.428659688758136,31.528323524907332,0.0,-3.0942243720520946,15.910919,31.509996,-0.265608,-3.0898825556,-0.4822593112418634,0.01832752490733114,0.265608,-0.004341816452094527,-0.24876775812548135,0.5508698132160678
1723528257.7667875,44.029826164245605,1723528257.786619,-0.019831418991088867,15.17687030501919,31.57905511826067,0.0,-3.095795629912045,15.631974999999999,31.556798,-0.275363,-3.08964697,-0.4551046949808093,0.022257118260668562,0.275363,-0.006148659912045051,-0.3522922626214614,0.5323912513141486
1723528257.866787,44.129825592041016,1723528257.8913739,-0.024586915969848633,14.847910625774144,31.64153619192932,0.0,-3.0975946921095487,15.346022999999999,31.617883000000003,-0.27835600000000005,-3.0912800608000004,-0.49811237422585464,0.023653191929316364,0.27835600000000005,-0.006314631309548346,-0.36180172321828835,0.5711019817697737
1723528257.9667864,44.229825019836426,1723528258.0174565,-0.05067014694213867,14.567060031962596,31.702226883564038,0.0,-3.0989613871111565,15.059654,31.662622000000002,-0.28538,-3.092914484,-0.4925939680374043,0.03960488356403502,0.28538,-0.006046903111156521,-0.34646202739379556,0.5706654961962884
1723528258.0667856,44.32982420921326,1723528258.0174565,0.04932904243469238,14.285938178573987,31.747834701727875,0.0,-3.101280174786726,15.059654,31.662622000000002,-0.28538,-3.092914484,-0.7737158214260127,0.08521270172787254,0.28538,-0.008365690786725999,-0.47931877479087703,0.8290591783827576
1723528258.1667848,44.42982339859009,1723528258.1255121,0.041272640228271484,14.00484089245672,31.80237059175357,0.0,-3.104353616270457,14.768972,31.713553,-0.28486700000000004,-3.0942046050000003,-0.76413110754328,0.08881759175356763,0.28486700000000004,-0.010149011270456754,-0.5814955120278776,0.8203256193788069
1723528258.2667837,44.52982234954834,1723528258.3155515,-0.048767805099487305,13.74729960851424,31.842400573828414,0.0,-3.105607076639716,14.194655,31.803677,-0.279366,-3.099081125,-0.4473553914857593,0.038723573828413294,0.279366,-0.00652595163971581,-0.3739094862621951,0.5288399790271359
1723528258.3667827,44.62982130050659,1723528258.3964553,-0.029672622680664062,13.455614832619117,31.88393164057487,0.0,-3.107992209363797,13.912777,31.853769,-0.284619,-3.1001192197000003,-0.4571621673808828,0.030162640574868504,0.284619,-0.00787298966379657,-0.45108907988566443,0.5393653746133831
1723528258.4667819,44.72982048988342,1723528258.5028577,-0.03607583045959473,13.148411049780758,31.92654315933528,0.0,-3.1083235363855963,13.626627,31.902393,-0.276249,-3.1021765471,-0.4782159502192407,0.02415015933528153,0.276249,-0.006146989285596316,-0.35219654277680595,0.5527994530035379
1723528258.5667813,44.82981991767883,1723528258.5028577,0.06392359733581543,12.885057030271255,31.98459585180945,0.0,-3.109723451012056,13.626627,31.902393,-0.276249,-3.1021765471,-0.7415699697287437,0.08220285180944842,0.276249,-0.0075469039120559245,-0.43240574255157466,0.7956109846213135
1723528258.6667805,44.929819107055664,1723528258.6370919,0.029688596725463867,12.531105364991138,32.05312500831181,0.0,-3.1129534013243094,13.340681,31.945902,-0.27398700000000004,-3.1037723022000003,-0.8095756350088621,0.10722300831180931,0.27398700000000004,-0.009181099124309089,-0.5260382311141667,0.8613816566890873
1723528258.766781,45.02981972694397,1723528258.720989,0.0457921028137207,12.239129117880873,32.1014846491878,0.0,-3.1158888754234737,13.049349,32.001349,-0.27204900000000004,-3.1053902262000004,-0.8102198821191262,0.1001356491878056,0.27204900000000004,-0.010498649223473322,-0.6015282910933204,0.8605196476666841
1723528258.8296242,45.0926628112793,1723528258.8128047,0.016819477081298828,11.929423958847142,32.15370344372647,0.0,-3.118086996131898,12.756181,32.053769,-0.26911500000000005,-3.1064947131,-0.8267570411528578,0.0999344437264682,0.26911500000000005,-0.011592283031898187,-0.664188892648884,0.8751782569075552
1723528258.8667805,45.12981915473938,1723528258.8941393,-0.0273587703704834,11.929395967216,32.15370871252917,0.0,-3.11808699613201,12.453915,32.117941,-0.270952,-3.1087096248000003,-0.524519032784001,0.03576771252917155,0.270952,-0.009377371332009776,-0.5372838002511312,0.5914512078914316
1723528258.8667805,45.12981915473938,1723528258.8941393,-0.0273587703704834,11.929395967216,32.15370871252917,0.0,-3.11808699613201,12.453915,32.117941,-0.270952,-3.1087096248000003,-0.524519032784001,0.03576771252917155,0.270952,-0.009377371332009776,-0.5372838002511312,0.5914512078914316
1723528258.9667797,45.22981834411621,1723528258.9751718,-0.008392095565795898,11.538150583405235,32.238509502781135,0.0,-3.1313661547411096,12.157024,32.173392,-0.27511100000000005,-3.1110669807,-0.6188734165947647,0.06511750278113482,0.27511100000000005,-0.020299174041109588,-1.1630570001570992,0.6803900772770928
1723528259.066779,45.32981753349304,1723528259.0963528,-0.029573917388916016,11.176098647708484,32.305995035331975,0.0,-3.1306687410355303,11.865273,32.225079,-0.265618,-3.1124323882000002,-0.6891743522915164,0.080916035331974,0.265618,-0.018236352835530045,-1.0448660511873031,0.7430084888843979
1723528259.1667798,45.42981839179993,1723528259.197626,-0.030846357345581055,11.024457486394043,32.336484111014336,0.0,-3.1214386187866667,11.571199,32.280262,-0.262872,-3.1141342971,-0.5467415136059568,0.056222111014335496,0.262872,-0.007304321686666615,-0.41850680485187597,0.6092527364329526
1723528259.266779,45.52981758117676,1723528259.2831085,-0.016329526901245117,10.798060434309848,32.38147227528963,0.0,-3.119292624227186,11.284818,32.338156,-0.270104,-3.115292929,-0.4867575656901515,0.043316275289633666,0.270104,-0.0039996952271859065,-0.22916565585637141,0.5583595600306038
1723528259.3667781,45.62981677055359,1723528259.3857803,-0.019002199172973633,10.465508577745831,32.4265662823553,0.0,-3.120377179783736,11.005447,32.385401,-0.26067700000000005,-3.1157281773000003,-0.5399384222541688,0.04116528235530126,0.26067700000000005,-0.004649002483735565,-0.266368221263885,0.6009830102646103
1723528259.496777,45.75981569290161,1723528259.4678578,0.028919219970703125,10.282261880151845,32.46565631369885,0.0,-3.118330596766944,10.72775,32.43779,-0.259774,-3.1161453412,-0.4454881198481555,0.027866313698851286,0.259774,-0.0021852555669439333,-0.1252059211433553,0.5164481846623215
1723528259.5967762,45.85981488227844,1723528259.636892,-0.0401158332824707,9.938530741341399,32.54261621785181,0.0,-3.1159092015119674,10.145002999999999,32.538611,-0.272156,-3.1150704206000004,-0.20647225865860008,0.004005217851805298,0.272156,-0.0008387809119669855,-0.04805860619184251,0.34163683013051194
1723528259.6967754,45.95981407165527,1723528259.7475212,-0.05074572563171387,9.640304721253429,32.59218721443314,0.0,-3.1151380743025165,9.866567,32.589776,-0.25988500000000003,-3.1124005549000002,-0.2262622787465709,0.002411214433138298,0.25988500000000003,-0.0027375194025163196,-0.1568483080993599,0.34458764627251737
1723528259.7967749,46.059813499450684,1723528259.7475212,0.04925370216369629,9.324165446114367,32.64925705042712,0.0,-3.1126269979018226,9.866567,32.589776,-0.25988500000000003,-3.1124005549000002,-0.5424015538856324,0.0594810504271166,0.25988500000000003,-0.00022644300182239618,-0.01297422830469651,0.6043820432826092
1723528259.896774,46.159812688827515,1723528259.9366536,-0.039879560470581055,9.10445108152585,32.6941641240851,0.0,-3.111677063193734,9.288636,32.694168,-0.26952200000000004,-3.1093457039000003,-0.1841849184741502,-3.875914899253985e-06,0.26952200000000004,-0.002331359293733737,-0.1335770480595435,0.32644477740094435
1723528259.9967732,46.259811878204346,1723528260.0246768,-0.02790355682373047,8.761174422801675,32.731585657295525,0.0,-3.1109975945854216,8.996761,32.737140000000004,-0.268774,-3.1070478644,-0.23558657719832432,-0.005554342704478188,0.268774,-0.003949730185421441,-0.2263028698400726,0.35745118429640266
1723528260.0667725,46.329811096191406,1723528260.0903382,-0.02356576919555664,8.529986875986681,32.774584623436844,0.0,-3.108742151200642,8.716861999999999,32.791482,-0.26790400000000003,-3.1055939677000004,-0.18687512401331752,-0.016897376563157707,0.26790400000000003,-0.0031481835006417214,-0.18037762771949173,0.3270785632316951
1723528260.1967716,46.45981025695801,1723528260.1923819,0.004389762878417969,8.211307497371115,32.83285997112248,0.0,-3.1071840354522933,8.441324999999999,32.838451,-0.26804,-3.1039572960000004,-0.23001750262888443,-0.005591028877518056,0.26804,-0.003226739452292904,-0.18487855220473823,0.3532488538120656
1723528260.296771,46.55980968475342,1723528260.3210423,-0.024271249771118164,7.93423464968088,32.881440917987184,0.0,-3.1040298336506593,8.155522999999999,32.896188,-0.254832,-3.1017035158,-0.22128835031911898,-0.014747082012817714,0.254832,-0.0023263178506591764,-0.13328819464871575,0.3378244494391279
1723528260.3967702,46.65980887413025,1723528260.4323604,-0.035590171813964844,7.739931261626244,32.91174660503161,0.0,-3.101893211919512,7.866546,32.936753,-0.251437,-3.1010964280000004,-0.12661473837375592,-0.02500639496839341,0.251437,-0.0007967839195117676,-0.04565235577191577,0.282625506159246
1723528260.4967694,46.75980806350708,1723528260.5173342,-0.020564794540405273,7.41105347548616,32.97070947477561,0.0,-3.0981445730754973,7.5904869999999995,32.961904000000004,-0.262264,-3.0975931368,-0.17943352451383987,0.008805474775606115,0.262264,-0.0005514362754972524,-0.031594971256405896,0.31789358565639947
1723528260.5967703,46.859808921813965,1723528260.5778134,0.018956899642944336,7.039309094472402,33.02489236576209,0.0,-3.0968180990682406,7.30099,33.003441,-0.274391,-3.0934558112,-0.26168090552759793,0.021451365762089836,0.274391,-0.0033622878682404433,-0.19264490435821602,0.37977292990917955
1723528260.6967695,46.959808111190796,1723528260.697667,-0.0008974075317382812,6.763696455428878,33.073511372784644,0.0,-3.092629009057088,7.011012,33.048548000000004,-0.275982,-3.0918186681,-0.24731554457112193,0.024963372784640114,0.275982,-0.0008103409570878739,-0.046429116807726926,0.3714218799307541
1723528260.7967687,47.05980730056763,1723528260.7844696,0.012299060821533203,6.466181316216233,33.117592714523994,0.0,-3.091342984064364,6.731456,33.102277,-0.27346400000000004,-3.0886931453,-0.2652746837837663,0.015315714523993051,0.27346400000000004,-0.0026498387643636434,-0.1518245775881978,0.3812975062388393
1723528260.8967676,47.15980625152588,1723528260.8999221,-0.0031545162200927734,6.214111211299815,33.12560228802636,0.0,-3.08813179863659,6.435344,33.151372,-0.27631100000000003,-3.0862090425,-0.2212327887001848,-0.02576971197364486,0.27631100000000003,-0.001922756136589765,-0.11016581165947317,0.3549025127725433
1723528260.9967668,47.25980544090271,1723528260.970934,0.0258328914642334,5.956761021582921,33.17076998993672,0.0,-3.0833995722650718,6.149017,33.196526,-0.27614700000000003,-3.0834959261000003,-0.1922559784170783,-0.02575601006327588,0.27614700000000003,9.63538349285642e-05,0.005520668081306944,0.3374654040053405
1723528261.096766,47.35980463027954,1723528261.05764,0.039125919342041016,5.684544416700834,33.22498129932886,0.0,-3.081471702523207,5.873908999999999,33.227703,-0.264386,-3.0794917225000003,-0.18936458329916572,-0.002721700671138194,0.264386,-0.00197998002320654,-0.11344449884994955,0.3252173274267685
1723528261.1967654,47.45980405807495,1723528261.2151835,-0.018418073654174805,5.499411485086126,33.26353764244435,0.0,-3.079524955743902,5.317221999999999,33.31082,-0.280859,-3.0747530124,0.18218948508612698,-0.0472823575556518,0.280859,-0.004771943343901963,-0.27341221368112767,0.33809822196067313
1723528261.2967646,47.55980324745178,1723528261.2772334,0.01953125,5.193947969422465,33.32197700993633,0.0,-3.0765347358199806,5.042708999999999,33.349882,-0.28499,-3.0722141362000004,0.15123896942246517,-0.027904990063667867,0.28499,-0.004320599619980214,-0.24755212319069364,0.3238382535192882
1723528261.396764,47.65980267524719,1723528261.3828952,0.01386880874633789,4.803026442683141,33.36523215301756,0.0,-3.07563761195137,4.7452119999999995,33.404426,-0.28948500000000005,-3.0688262541,0.05781444268314129,-0.03919384698244244,0.28948500000000005,-0.00681135785136977,-0.3902620576367845,0.2977922642531961
1723528261.4967632,47.75980186462402,1723528261.5076172,-0.010854005813598633,4.503331644965536,33.39905907068232,0.0,-3.0697220613622713,4.449879999999999,33.446799,-0.29174500000000003,-3.0660733069000004,0.05345164496553689,-0.047739929317678786,0.29174500000000003,-0.0036487544622709756,-0.20905823116765307,0.30041858169191
1723528261.5967624,47.859801054000854,1723528261.5823698,0.014392614364624023,4.30688620407617,33.437978995271884,0.0,-3.067920669220643,4.176755,33.484829,-0.280241,-3.0636414690000002,0.13013120407616974,-0.04685000472811396,0.280241,-0.004279200220642654,-0.24518011233427472,0.31251251382678746
1723528261.6967618,47.959800481796265,1723528261.6904926,0.006269216537475586,4.001029285140851,33.483593310457564,0.0,-3.065746948945443,3.8958690000000002,33.530306,-0.27423800000000004,-3.0601655801,0.10516028514085107,-0.04671268954243857,0.27423800000000004,-0.005581368845442914,-0.31978887874968404,0.29740080964784443
1723528261.7967613,48.059799909591675,1723528261.7668557,0.02990555763244629,3.6978008892918117,33.52772692909568,0.0,-3.0614979445488806,3.606992,33.561061,-0.281608,-3.057844224,0.09080888929181175,-0.033334070904324165,0.281608,-0.0036537205488804685,-0.20934276697107346,0.29775909779798004
1723528261.8967605,48.159799098968506,1723528261.8513255,0.04543495178222656,3.450954073325842,33.55880449001158,0.0,-3.0584602517266712,3.333786,33.592329,-0.259178,-3.0538444772,0.11716807332584223,-0.033524509988417606,0.259178,-0.004615774526671057,-0.2644643995622468,0.28640091805169454
1723528261.9967597,48.25979828834534,1723528262.0447614,-0.048001766204833984,3.158460449943075,33.60378111103439,0.0,-3.0589630808108104,2.759397,33.66577,-0.249332,-3.0517402202,0.3990634499430752,-0.061988888965615274,0.249332,-0.007222860610810234,-0.4138394290107103,0.4746163773614019
1723528262.0967588,48.35979747772217,1723528262.1331859,-0.03642702102661133,2.848706028756709,33.63707245606498,0.0,-3.0556284976748374,2.479072,33.702178,-0.260114,-3.0489118871,0.36963402875670903,-0.06510554393502588,0.260114,-0.0067166105748373,-0.384833438571115,0.45664793885661104
1723528262.196758,48.459796667099,1723528262.2156448,-0.018886804580688477,2.5685623866987615,33.67481358106874,0.0,-3.0527441104761777,2.195885,33.744785,-0.257668,-3.0487070529,0.3726773866987614,-0.06997141893126013,0.257668,-0.004037057576177449,-0.23130636076628164,0.4584509049482529
1723528262.2967575,48.55979609489441,1723528262.3318014,-0.035043954849243164,2.286044714817149,33.722275077895866,0.0,-3.0517789996542786,1.925076,33.775245,-0.254819,-3.0471762712,0.360968714817149,-0.05296992210413265,0.254819,-0.004602728454278449,-0.2637169146749282,0.445013425062056
1723528262.396758,48.659796714782715,1723528262.4186392,-0.021881103515625,2.082323624589201,33.7427527365471,0.0,-3.0520039190421233,1.647014,33.810487,-0.25827700000000003,-3.0460717637,0.43530962458920097,-0.06773426345290545,0.25827700000000003,-0.005932155342123213,-0.3398874645196451,0.5106754433439097
1723528262.496757,48.75979566574097,1723528262.5444217,-0.047664642333984375,1.764035329714929,33.780670579090376,0.0,-3.050758274500472,1.3673330000000001,33.839275,-0.295374,-3.0463336673000003,0.3967023297149288,-0.058604420909624366,0.295374,-0.004424607200471886,-0.2535113185902336,0.4980492108490932
1723528262.5967565,48.85979509353638,1723528262.5444217,0.05233478546142578,1.5536305198006213,33.79847956331983,0.0,-3.0522859564696794,1.3673330000000001,33.839275,-0.295374,-3.0463336673000003,0.18629751980062115,-0.04079543668017038,0.295374,-0.005952289169679047,-0.34104104786403855,0.35159185629617284
1723528262.6967556,48.95979428291321,1723528262.65825,0.03850555419921875,1.1432854930910288,33.858981597966704,0.0,-3.0513151656483952,1.098104,33.875731,-0.2188,-3.0451019236000003,0.04518149309102881,-0.01674940203329811,0.2188,-0.006213242048394908,-0.3559925464662466,0.22404318732424722
1723528262.7967548,49.05979347229004,1723528262.8457954,-0.04904055595397949,0.8911529042743143,33.90108524045384,0.0,-3.0488617044998474,0.548738,33.929857,-0.250583,-3.0474352191,0.3424149042743143,-0.02877175954616007,0.250583,-0.0014264853998473548,-0.08173159294828512,0.4252853403370141
1723528262.896754,49.15979266166687,1723528262.9061522,-0.009398221969604492,0.644804575612066,33.92731546275867,0.0,-3.0510887220280543,0.276523,33.97123,-0.247341,-3.0471580278,0.36828157561206604,-0.04391453724132788,0.247341,-0.0039306942280541435,-0.22521218982393554,0.4457997036757942
1723528262.9967532,49.2597918510437,1723528263.0497458,-0.05299258232116699,0.4801182420414728,33.95138697432603,0.0,-3.0531392017911263,0.004387,34.009725,-0.236564,-3.0493864754000004,0.4757312420414728,-0.058338025673975835,0.236564,-0.0037527263911258935,-0.21501538387887434,0.534496086037924
1723528263.0967522,49.35979080200195,1723528263.0497458,0.04700636863708496,0.11146153810589779,34.009226758096816,0.0,-3.0534663313749255,0.004387,34.009725,-0.236564,-3.0493864754000004,0.10707453810589779,-0.0004982419031875907,0.236564,-0.004079855974925105,-0.23375852838444036,0.25966850223233745
1723528263.196751,49.459789752960205,1723528263.161764,0.03498721122741699,-0.1599419381680527,34.042475080730014,0.0,-3.0553724163463922,-0.284467,34.050702,-0.239928,-3.0502652666000003,0.12452506183194734,-0.008226919269986865,0.239928,-0.005107149746391926,-0.2926181258095661,0.2704433737567352
1723528263.2967505,49.559789180755615,1723528263.2368226,0.059927940368652344,-0.4868137934793651,34.08587256172266,0.0,-3.059957218475334,-0.5628150000000001,34.089363,-0.23711,-3.0516402951000003,0.07600120652063497,-0.0034904382773390807,0.23711,-0.00831692337533374,-0.47652460794032236,0.24901710513930586
1723528263.436749,49.699787616729736,1723528263.420546,0.016202926635742188,-0.7730237015736076,34.13339143564098,0.0,-3.057373691472489,-1.133011,34.157245,-0.228123,-3.0546121972,0.35998729842639243,-0.023853564359022528,0.228123,-0.0027614942724891733,-0.15822196696317936,0.42684886164772956
1723528263.496749,49.75978755950928,1723528263.5258272,-0.029078245162963867,-0.9861706457161044,34.17191667749861,0.0,-3.061781214715911,-1.407554,34.192005,-0.239447,-3.0555517742,0.4213833542838956,-0.020088322501393918,0.239447,-0.006229440515911122,-0.3569206502895054,0.4850797231151464
1723528263.5967479,49.85978651046753,1723528263.6516957,-0.054947853088378906,-1.2953086879152023,34.19834866325939,0.0,-3.0599973594585856,-1.679492,34.230677,-0.23804,-3.0575718186,0.3841833120847977,-0.032328336740611974,0.23804,-0.0024255408585855953,-0.13897325423349266,0.4531059260712218
1723528263.7367463,49.99978494644165,1723528263.7525105,-0.015764236450195312,-1.5673038469610323,34.22075544800061,0.0,-3.0622151002497633,-1.9571079999999998,34.270399,-0.239986,-3.0587313502,0.38980415303896754,-0.04964355199938808,0.239986,-0.0034837500497633123,-0.1996041747299283,0.46044005057938087
1723528263.8367455,50.09978413581848,1723528263.84117,-0.004424571990966797,-1.8325325184821057,34.25865521057477,0.0,-3.0639656027825275,-2.23305,34.300933,-0.24421299999999999,-3.0593845379,0.40051748151789424,-0.04227778942522775,0.24421299999999999,-0.004581064882527296,-0.26247568344440836,0.4710006941068353
1723528263.936745,50.19978356361389,1723528263.9216247,0.015120267868041992,-2.0778497102106708,34.30763764367017,0.0,-3.0671789543804193,-2.517311,34.339063,-0.22794499999999998,-3.0618697067,0.4394612897893291,-0.031425356329833676,0.22794499999999998,-0.0053092476804192925,-0.30419748447764755,0.4960571552439877
1723528264.0267441,50.289782762527466,1723528264.0496585,-0.022914409637451172,-2.3961788691305523,34.363023633034175,0.0,-3.0665363860019803,-2.792255,34.377973000000004,-0.237806,-3.0615515582,0.3960761308694476,-0.014949366965829824,0.237806,-0.004984827801980174,-0.28560959465293884,0.462224489456358
1723528264.1367433,50.399781942367554,1723528264.126687,0.010056257247924805,-2.6859086184973684,34.395270721790816,0.0,-3.066510116837932,-3.078089,34.413397,-0.24335099999999998,-3.0627246191000004,0.39218038150263146,-0.018126278209187774,0.24335099999999998,-0.0037854977379314647,-0.2168930437397931,0.4619022870675858
1723528264.2367425,50.499781131744385,1723528264.2676246,-0.03088212013244629,-2.9136238170645234,34.42723041767538,0.0,-3.0685902963873546,-3.351862,34.457653,-0.24329699999999999,-3.0650507143000003,0.43823818293547667,-0.030422582324618475,0.24329699999999999,-0.0035395820873542765,-0.2028031148455063,0.5021669729351846
1723528264.3367417,50.599780321121216,1723528264.3773558,-0.04061412811279297,-3.217919329325846,34.46236311510392,0.0,-3.0701232432436236,-3.6258559999999997,34.494112,-0.23529999999999998,-3.0670349626,0.40793667067415385,-0.031748884896082075,0.23529999999999998,-0.0030882806436234316,-0.1769454468315681,0.4720025518711289
1723528264.4367409,50.69977951049805,1723528264.4651334,-0.028392553329467773,-3.5356942682835375,34.51177634940345,0.0,-3.0708405422037934,-3.912584,34.543645,-0.227897,-3.0691358863000002,0.37688973171646234,-0.031868650596550196,0.227897,-0.0017046559037932063,-0.09766958880940962,0.44158637136255907
1723528264.5367403,50.79977893829346,1723528264.5454938,-0.008753538131713867,-3.7767134772119753,34.57469709456746,0.0,-3.0772630428305923,-4.183872,34.594544,-0.205332,-3.0718994202000003,0.4071585227880248,-0.0198469054325372,0.205332,-0.005363622630591979,-0.30731293963377665,0.45643531037615237
1723528264.636739,50.89977765083313,1723528264.653914,-0.017174959182739258,-4.04389283865371,34.61658377171669,0.0,-3.0773449478682173,-4.455496,34.630655000000004,-0.185136,-3.0714229954000003,0.4116031613462905,-0.01407122828331353,0.185136,-0.005921952468217029,-0.33930288290591654,0.4515423572508581
1723528264.7367382,50.99977684020996,1723528264.7750716,-0.03833341598510742,-4.3427543638184956,34.643464866677256,0.0,-3.07720260142822,-4.7142360000000005,34.667703,-0.202072,-3.0733788718,0.371481636181505,-0.024238133322747046,0.202072,-0.003823729628219752,-0.21908356969611914,0.42357902014979365
1723528264.8367374,51.09977602958679,1723528264.885999,-0.04926156997680664,-4.517835352694185,34.67017502592848,0.0,-3.0791695452912444,-4.988934,34.693804,-0.20532799999999998,-3.0763399399,0.47109864730581563,-0.02362897407152076,0.20532799999999998,-0.0028296053912444386,-0.16212444660577038,0.5144432441903012
1723528264.9367366,51.19977521896362,1723528264.9783225,-0.04158592224121094,-4.8580039440080816,34.71410751195703,0.0,-3.0810292725522164,-5.261413,34.730926000000004,-0.20757699999999998,-3.077828713,0.40340905599191856,-0.016818488042972035,0.20757699999999998,-0.003200559552216209,-0.18337855442226939,0.45399332475857224
1723528265.0267358,51.2897744178772,1723528264.9783225,0.04841327667236328,-5.063203861230792,34.75306928213362,0.0,-3.083557895473727,-5.261413,34.730926000000004,-0.20757699999999998,-3.077828713,0.19820913876920798,0.02214328213361938,0.20757699999999998,-0.00572918247372689,-0.3282579758048715,0.28786350682967826
1723528265.1367352,51.399773836135864,1723528265.166264,-0.02952885627746582,-5.369190456100963,34.805316429772816,0.0,-3.0833195469545465,-5.812934,34.838649000000004,-0.206588,-3.0781786476,0.44374354389903736,-0.03333257022718783,0.206588,-0.005140899354546313,-0.29455183591703277,0.49060981923930885
1723528265.2367344,51.499773025512695,1723528265.2472188,-0.010484457015991211,-5.705364865790921,34.88177887507474,0.0,-3.086247126859967,-6.07687,34.899232,-0.201784,-3.0802955846,0.3715051342090794,-0.017453124925260965,0.201784,-0.00595154225996719,-0.3409982530898718,0.4231281826696998
1723528265.2367344,51.499773025512695,1723528265.2472188,-0.010484457015991211,-5.705364865790921,34.88177887507474,0.0,-3.086247126859967,-6.07687,34.899232,-0.201784,-3.0802955846,0.3715051342090794,-0.017453124925260965,0.201784,-0.00595154225996719,-0.3409982530898718,0.4231281826696998
1723528265.3267336,51.58977222442627,1723528265.3608088,-0.034075260162353516,-6.006912192551141,34.936437995140444,0.0,-3.0841311545961503,-6.347580000000001,34.933036,-0.165189,-3.0833158816000004,0.3406678074488596,0.003401995140443148,0.165189,-0.0008152729961499183,-0.046711701830375735,0.3786205677508142
1723528265.4367328,51.69977140426636,1723528265.4545557,-0.017822980880737305,-6.286184198712666,34.97102176752375,0.0,-3.080650048185241,-6.619007000000001,34.967671,-0.148222,-3.0843995285,0.33282280128733444,0.0033507675237487433,0.148222,0.003749480314759079,0.2148293974030787,0.36435148686913127
1723528265.536732,51.79977059364319,1723528265.5872984,-0.05056643486022949,-6.478205274537851,34.99643492069148,0.0,-3.0889605835378124,-6.876934,35.002137,-0.106246,-3.0852225622000002,0.3987287254621492,-0.005702079308520069,0.106246,-0.0037380213378122025,-0.21417284638648496,0.41268065466303433
1723528265.6367311,51.89976978302002,1723528265.655974,-0.01924276351928711,-6.75450090287048,35.03470693625503,0.0,-3.089448597296963,-7.147242,35.036033,-0.12081199999999999,-3.0873581888,0.39274109712952043,-0.0013260637449761248,0.12081199999999999,-0.002090408496962848,-0.11977158433425715,0.41090493689362645
1723528265.7367306,51.99976921081543,1723528265.7370472,-0.000316619873046875,-6.935165098268606,35.06090675559799,0.0,-3.092957410891664,-7.425608,35.08896,-0.113147,-3.0879793638,0.49044290173139427,-0.028053244402009625,0.113147,-0.004978047091663829,-0.28522108856971146,0.5041066037944643
1723528265.8367298,52.09976840019226,1723528265.8423152,-0.005585432052612305,-7.235325562606474,35.110648489199804,0.0,-3.0935775203482327,-7.692150000000001,35.130537000000004,-0.124647,-3.0905132235000004,0.45682443739352685,-0.019888510800200265,0.124647,-0.0030642968482323956,-0.1755712765789564,0.4739419733161034
1723528265.926729,52.189767599105835,1723528265.9988177,-0.07208871841430664,-7.539310232501532,35.160794090580715,0.0,-3.0953150919270187,-7.943903000000001,35.168314,-0.11757,-3.0933566536000003,0.4045927674984684,-0.007519909419286819,0.11757,-0.0019584383270183636,-0.11221025057481397,0.4213959675290498
1723528266.0367281,52.29976677894592,1723528265.9988177,0.03791046142578125,-7.822338557083527,35.19993837014711,0.0,-3.09692081977792,-7.943903000000001,35.168314,-0.11757,-3.0933566536000003,0.1215644429164735,0.03162437014710662,0.11757,-0.0035641661779197698,-0.20421167947807647,0.17204859624185764
1723528266.136727,52.399765729904175,1723528266.1759927,-0.03926563262939453,-8.007552451924703,35.24735263380767,0.0,-3.099662245502374,-8.457612000000001,35.271302,-0.089405,-3.0958772738,0.45005954807529847,-0.023949366192326238,0.089405,-0.003784971702373685,-0.2168629041224585,0.4594784249339201
1723528266.236726,52.49976468086243,1723528266.2575324,-0.020806312561035156,-8.308805522992717,35.312901819331344,0.0,-3.1008405712906297,-8.720338,35.319263,-0.08183499999999999,-3.0969528136,0.4115324770072828,-0.006361180668655209,0.08183499999999999,-0.0038877576906295457,-0.22275210744260057,0.41963842945594126
1723528266.3367255,52.59976410865784,1723528266.3819778,-0.045252323150634766,-8.590443183166913,35.35411215196266,0.0,-3.101580567215676,-8.994087,35.362801000000005,-0.06256199999999999,-3.1000240168000004,0.40364381683308714,-0.008688848037344599,0.06256199999999999,-0.0015565504156755952,-0.08918376941754554,0.408555786633599
1723528266.436725,52.69976353645325,1723528266.4424107,-0.0056858062744140625,-8.854256372611793,35.3883753799941,0.0,-3.1047737474844985,-9.247445,35.403169,-0.040811,-3.1011282608000004,0.3931886273882075,-0.014793620005896457,0.040811,-0.003645486684498156,-0.20887100129288386,0.39557766067019196
1723528266.489784,52.75282263755798,1723528266.4424107,0.047373294830322266,-9.144361171234793,35.441788588978156,0.0,-3.1050864876034363,-9.247445,35.403169,-0.040811,-3.1011282608000004,0.10308382876520739,0.03861958897815754,0.040811,-0.003958226803435938,-0.22678969019243814,0.11740224072280914
1723528266.536724,52.79976272583008,1723528266.587714,-0.05098986625671387,-9.338705288800732,35.47059263054503,0.0,-3.109778757388074,-9.495084,35.450336,-0.057067,-3.1041683742000004,0.1563787111992685,0.020256630545027576,0.057067,-0.005610383188073609,-0.32145127812776936,0.16769399180168015
1723528266.6367233,52.89976191520691,1723528266.6708772,-0.03415393829345703,-9.490917526055004,35.49913721029047,0.0,-3.1073773776737124,-9.760661,35.503556,-0.033654,-3.1047939496000003,0.2697434739449971,-0.004418789709532689,0.033654,-0.002583428073712035,-0.14801952529931175,0.27187066622644745
1723528266.7367225,52.99976110458374,1723528266.801504,-0.06478142738342285,-9.621224541738496,35.523184611374084,0.0,-3.1114615483956216,-10.009469000000001,35.558349,-0.032935,-3.1055666029,0.38824445826150544,-0.03516438862591542,0.032935,-0.0058949454956214176,-0.33775549735876254,0.3912224531174103
1723528266.826722,53.089760541915894,1723528266.801504,0.02521800994873047,-9.824044827866247,35.56904866774542,0.0,-3.1123753485074577,-10.009469000000001,35.558349,-0.032935,-3.1055666029,0.18542417213375373,0.010699667745420527,0.032935,-0.006808745607457479,-0.39011238708555146,0.188630116170113
1723528266.936721,53.19975972175598,1723528266.952553,-0.015831947326660156,-10.054298832859489,35.62524895207697,0.0,-3.115832982387118,-10.533714,35.665008,-0.044908000000000003,-3.1125370887000003,0.4794151671405107,-0.039759047923027424,0.044908000000000003,-0.0032958936871176903,-0.18884079799565512,0.48315257718458815
1723528267.0367203,53.29975891113281,1723528267.0923495,-0.05562925338745117,-10.364909708241065,35.70253065994054,0.0,-3.1165965198590597,-10.794967,35.710866,-0.027460000000000002,-3.1124801291,0.4300572917589349,-0.00833534005946035,0.027460000000000002,-0.004116390759059563,-0.2358518173207663,0.43101369315711596
1723528267.1267195,53.38975811004639,1723528267.0923495,0.03436994552612305,-10.661820160041584,35.75776000612104,0.0,-3.1185207908849253,-10.794967,35.710866,-0.027460000000000002,-3.1124801291,0.1331468399584157,0.046894006121036114,0.027460000000000002,-0.006040661784925128,-0.34610442574217243,0.14380952819960066
1723528267.2667186,53.529757261276245,1723528267.297759,-0.031040430068969727,-10.967861556226692,35.805051983184754,0.0,-3.1206048372857356,-11.284661,35.792858,-0.00367,-3.1172465711000004,0.3167994437733075,0.01219398318475129,0.00367,-0.0033582661857352036,-0.1924144789241242,0.3170552786202857
1723528267.3267179,53.58975648880005,1723528267.297759,0.028958797454833984,-11.14955662914496,35.836491339344,0.0,-3.1213066886224055,-11.284661,35.792858,-0.00367,-3.1172465711000004,0.13510437085503924,0.043633339343998045,0.00367,-0.004060117522405093,-0.2326275983609243,0.1420229848526092
1723528267.4667172,53.729755878448486,1723528267.4472785,0.019438743591308594,-11.471232515441,35.91279374601914,0.0,-3.1278579456653572,-11.788164,35.90789,-0.021595000000000003,-3.1216522309,0.31693148455899944,0.004903746019138566,0.021595000000000003,-0.00620571476535714,-0.3555612649169821,0.3177041967849835
1723528267.5667164,53.82975506782532,1723528267.56755,-0.0008335113525390625,-11.708701791454914,35.957822532584444,0.0,-3.127912048757587,-12.045123,35.96494,0.006139,-3.1226755895,0.3364212085450866,-0.007117467415554302,-0.006139,-0.005236459257587089,-0.3000270150519486,0.33655248509311014
1723528267.6667154,53.92975401878357,1723528267.6963255,-0.029610157012939453,-11.854507816855797,35.99239554308061,0.0,-3.129020975844042,-12.295835,36.017353,0.00859,-3.1246747142,0.44132718314420316,-0.02495745691938822,-0.00859,-0.004346261644041949,-0.2490224488631942,0.44211576011026815
1723528267.7667146,54.0297532081604,1723528267.7978945,-0.03117990493774414,-12.06802922247728,36.04529588245347,0.0,-3.1313563705272043,-12.552229,36.071359,0.023122999999999998,-3.1260730015,0.48419977752272025,-0.026063117546527792,-0.023122999999999998,-0.0052833690272042775,-0.3027147468689445,0.48545173166680117
1723528267.8667138,54.12975239753723,1723528267.9022298,-0.03551602363586426,-12.372760019811896,36.11489061661243,0.0,-3.1336092871451244,-12.806291,36.111427,0.035379,-3.1287425357000003,0.4335309801881042,0.003463616612428666,-0.035379,-0.004866751445124162,-0.2788443177448088,0.43498595501912046
1723528267.9667132,54.22975182533264,1723528267.982761,-0.01604771614074707,-12.654429044903043,36.15954735067985,0.0,-3.1354747276071224,-13.054237,36.162604,0.049427,-3.1294891536000002,0.3998079550969571,-0.003056649320150484,-0.049427,-0.005985574007122185,-0.34294812857130935,0.4028632179696688
1723528268.0667124,54.32975101470947,1723528268.0667348,-2.2411346435546875e-05,-12.839940197667321,36.20604994849855,0.0,-3.1375477464673285,-13.301535000000001,36.22404,0.040691,-3.1314291987000002,0.46159480233268013,-0.0179900515014495,-0.040691,-0.0061185477673282316,-0.35056696381710045,0.4637339333869917
1723528268.1667118,54.42975044250488,1723528268.179401,-0.01268911361694336,-13.156683616983663,36.26093700916177,0.0,-3.138965853905877,-13.542029000000001,36.273973,0.04205,-3.132768757,0.3853453830163378,-0.013035990838226041,-0.04205,-0.0061970969058768866,-0.35506749794032677,0.38785203850069216
1723528268.266711,54.529749631881714,1723528268.2868898,-0.020178794860839844,-13.404846638261848,36.313786077354195,0.0,-3.140231429078957,-13.791043,36.324258,0.048625,-3.1357320616,0.3861963617381523,-0.010471922645805876,-0.048625,-0.004499367478956628,-0.257794767022632,0.38938628841894973
1723528268.3667104,54.629749059677124,1723528268.3878436,-0.0211331844329834,-13.671979519053458,36.377186190303306,0.0,3.1408234019026464,-14.036873,36.378845,0.055193,-3.1373772629000003,0.3648934809465416,-0.0016588096966927424,-0.055193,-0.004984642376939763,-0.28559897058070727,0.3690477900433682
1723528268.46671,54.72974872589111,1723528268.4722717,-0.0055615901947021484,-13.867977032731932,36.42643946826965,0.0,3.1405834737674185,-14.28353,36.428385,0.055776,-3.1391421889,0.41555296726806823,-0.0019455317303496145,-0.055776,-0.003459644512167759,-0.19822302916280918,0.41928393228814526
1723528268.5667095,54.82974815368652,1723528268.5739615,-0.0072519779205322266,-14.102276701244923,36.4833858075943,0.0,3.1398997510064035,-14.520853,36.474697,0.047557999999999996,-3.1413492176,0.4185762987550774,0.008688807594303682,-0.047557999999999996,-0.0019363385731827837,-0.11094402795175719,0.4213589640922697
1723528268.666709,54.929747581481934,1723528268.6769042,-0.010195255279541016,-14.423855634964545,36.54092565759644,0.0,3.13493347439102,-14.747250000000001,36.524385,0.044572,3.1401139904999997,0.3233943650354565,0.01654065759643686,-0.044572,-0.005180516108979738,-0.2968217087440742,0.32687026765126354
1723528268.7667081,55.029746770858765,1723528268.7982655,-0.031557321548461914,-14.615127762562317,36.58770077293916,0.0,3.1325856481538743,-14.994773,36.590401,0.062679,3.1359121220999997,0.37964523743768375,-0.002700227060842053,-0.062679,-0.0033264739461253967,-0.1905929177732136,0.384794041762987
1723528268.8667078,55.129746437072754,1723528268.9207876,-0.05407977104187012,-14.832042196234752,36.64305434720598,0.0,3.1297057432051423,-15.24611,36.661019,0.076255,3.1337785814999997,0.41406780376524743,-0.017964652794020708,-0.076255,-0.004072838294857384,-0.23335644493458682,0.4214139293971963
1723528268.9667072,55.229745864868164,1723528268.9931715,-0.026464223861694336,-15.083570262361086,36.72224414656269,0.0,3.1277999260610416,-15.472276,36.710136,0.086953,3.1324510514,0.38870573763891514,0.01210814656268866,-0.086953,-0.004651125338958284,-0.26648985190866414,0.39849665230161807
1723528269.0667067,55.329745292663574,1723528269.0755317,-0.008825063705444336,-15.239340673592034,36.7633007701139,0.0,3.125756860836267,-15.712138000000001,36.760688,0.08972400000000001,3.1302711418999998,0.47279732640796723,0.0026127701138989323,-0.08972400000000001,-0.004514281063732639,-0.25864925248770804,0.4812426982325966
1723528269.166706,55.429744720458984,1723528269.1824687,-0.0157625675201416,-15.565308801570412,36.839205368867695,0.0,3.124844788658063,-15.938424000000001,36.810883000000004,0.10339100000000001,3.1285191823,0.3731151984295895,0.02832236886769124,-0.10339100000000001,-0.0036743936419370016,-0.210527247952694,0.3882097458313347
1723528269.2667058,55.529744386672974,1723528269.2637677,0.0029380321502685547,-15.839588482821807,36.90277594310913,0.0,3.120582514544454,-16.177122999999998,36.86171,0.098579,3.1262215993,0.3375345171781916,0.0410659431091247,-0.098579,-0.005639084755546087,-0.3230957568093523,0.3540251138141993
1723528269.3667052,55.629743814468384,1723528269.3684316,-0.001726388931274414,-15.99459441610258,36.93138198771493,0.0,3.1196273834188233,-16.408894,36.906884,0.11071800000000001,3.1235484245999996,0.41429958389742083,0.024497987714930503,-0.11071800000000001,-0.00392104118117631,-0.22465911097839375,0.4295378588013598
1723528269.4667046,55.729743242263794,1723528269.487237,-0.02053236961364746,-16.249996545094717,36.982536962713745,0.0,3.116399429292481,-16.640285,36.950553,0.11085600000000001,3.1212502761999996,0.3902884549052814,0.031983962713745484,-0.11085600000000001,-0.00485084690751858,-0.2779330548649018,0.40698538627231584
1723528269.566704,55.829742670059204,1723528269.604117,-0.03741288185119629,-16.499133896010054,37.02982287627998,0.0,3.1157370252551972,-16.867158,37.00235,0.09657500000000001,3.1208252753999997,0.3680241039899457,0.02747287627997963,-0.09657500000000001,-0.005088250144802409,-0.291535258404008,0.38147507215242443
1723528269.6667037,55.92974233627319,1723528269.664679,0.0020246505737304688,-16.789216440233933,37.092831437300475,0.0,3.112998511432206,-17.090442,37.062957000000004,0.110407,3.1194478355,0.3012255597660669,0.029874437300470902,-0.110407,-0.00644932406779386,-0.3695190497967322,0.3222095987232536
1723528269.7667031,56.0297417640686,1723528269.7669935,-0.0002903938293457031,-16.9319424971348,37.12664652516926,0.0,3.1118164206033097,-17.320268,37.126803,0.12965400000000002,3.1173887156999998,0.3883255028652002,-0.00015647483074587853,-0.12965400000000002,-0.005572295096690106,-0.31926899124178604,0.4093981929318732
1723528269.8667026,56.129741191864014,1723528269.893565,-0.026862382888793945,-17.21029899297543,37.2054699657012,0.0,3.109593385001425,-17.559912999999998,37.189083000000004,0.13081900000000002,3.1161975110999998,0.3496140070245666,0.016386965701194356,-0.13081900000000002,-0.0066041260985749695,-0.378388552820544,0.37364702235353864
1723528269.966702,56.229740619659424,1723528270.0165126,-0.04981064796447754,-17.44696791655539,37.289910012603215,0.0,3.1082856315627243,-17.782425999999997,37.248042,0.123948,3.1128694970999997,0.3354580834446068,0.04186801260321715,-0.123948,-0.004583865537275411,-0.2626361491413486,0.3600668867469931
1723528269.966702,56.229740619659424,1723528270.0165126,-0.04981064796447754,-17.44696791655539,37.289910012603215,0.0,3.1082856315627243,-17.782425999999997,37.248042,0.123948,3.1128694970999997,0.3354580834446068,0.04186801260321715,-0.123948,-0.004583865537275411,-0.2626361491413486,0.3600668867469931
1723528270.0667017,56.32974028587341,1723528270.101328,-0.03462624549865723,-17.64761009838981,37.33814669767104,0.0,3.10541475751271,-17.997604,37.30046,0.11265800000000001,3.1100278544999997,0.3499939016101905,0.03768669767104171,-0.11265800000000001,-0.004613096987289733,-0.2643109878562169,0.36960498279876075
1723528270.166701,56.42973971366882,1723528270.166473,0.0002281665802001953,-17.937875788327737,37.40965528023137,0.0,3.083642494012315,-18.23296,37.347944,0.10803,3.1076552386999996,0.2950842116722612,0.06171128023137129,-0.10803,-0.024012744687684773,-1.3758289251295255,0.32023968365278327
1723528270.2667005,56.52973914146423,1723528270.2877586,-0.021058082580566406,-18.10150092676209,37.448399883104805,0.0,3.099639595927405,-18.462985,37.398798,0.109209,3.1068185483999997,0.36148407323791076,0.04960188310480618,-0.109209,-0.007178952472594702,-0.4113236780046832,0.3808643954128741
1723528270.3667002,56.62973880767822,1723528270.3944278,-0.027727603912353516,-18.352488925711143,37.494143836707174,0.0,3.099748557915916,-18.693507,37.457876,0.114429,3.1045384280999997,0.3410180742888578,0.03626783670717515,-0.114429,-0.004789870184083611,-0.27443934596354164,0.3615282547908244
1723528270.4666998,56.72973847389221,1723528270.5016787,-0.03497886657714844,-18.53221567909044,37.53716419984852,0.0,3.0972448378627995,-18.908109,37.530268,0.128407,3.1007214076999996,0.37589332090955807,0.006896199848519302,-0.128407,-0.0034765698372001275,-0.199192778854051,0.3972803845217716
1723528270.5666993,56.82973790168762,1723528270.6018996,-0.03520035743713379,-18.813882790672203,37.63872337643285,0.0,3.093837187869344,-19.142314,37.587891,0.118651,3.0992585896,0.3284312093277961,0.05083237643285088,-0.118651,-0.0054214017306559725,-0.3106234382115075,0.3528867375735871
1723528270.6666987,56.92973732948303,1723528270.6725209,-0.005822181701660156,-18.981897720731705,37.68919953682107,0.0,3.0928384331103853,-19.374813999999997,37.646627,0.110224,3.0967030586999997,0.39291627926829165,0.04257253682106921,-0.110224,-0.0038646255896144233,-0.22142673568316376,0.4102986151346595
1723528270.6666987,56.92973732948303,1723528270.6725209,-0.005822181701660156,-18.981897720731705,37.68919953682107,0.0,3.0928384331103853,-19.374813999999997,37.646627,0.110224,3.0967030586999997,0.39291627926829165,0.04257253682106921,-0.110224,-0.0038646255896144233,-0.22142673568316376,0.4102986151346595
1723528270.7666986,57.0297372341156,1723528270.7975426,-0.03084397315979004,-19.25294634468964,37.76720801261855,0.0,3.08918929316628,-19.578501,37.704786,0.101109,3.0959550604999997,0.3255546553103592,0.062422012618554845,-0.101109,-0.006765767333719808,-0.38764991338962496,0.3465622182734261
1723528270.8666978,57.12973642349243,1723528270.8828213,-0.016123533248901367,-19.579266763963265,37.85111375917705,0.0,3.07908943813643,-19.808740999999998,37.757302,0.090433,3.0941826108,0.229474236036733,0.09381175917705065,-0.090433,-0.015093172663569908,-0.8647750930847828,0.2638886103141536
1723528270.9666967,57.229735374450684,1723528270.9852934,-0.018596649169921875,-19.73476163279349,37.89208185755819,0.0,3.084377262924198,-20.025461999999997,37.81888,0.082136,3.0935309201999996,0.29070036720650805,0.07320185755818898,-0.082136,-0.009153657275801752,-0.524465929012659,0.31082396616086094
1723528271.0666962,57.329734802246094,1723528271.1030889,-0.0363926887512207,-19.886364759527396,37.92852636432283,0.0,3.0848035162904335,-20.249371999999997,37.883946,0.08136900000000001,3.0907735916999997,0.36300724047260147,0.04458036432282597,-0.08136900000000001,-0.005970075409566179,-0.34206012434297844,0.37467663348504804
1723528271.1666956,57.429734230041504,1723528271.2070074,-0.04031181335449219,-20.140295722621843,38.00374326455669,0.0,3.0814732869888584,-20.470005999999998,37.951039,0.08118500000000001,3.0879263176,0.3297102773781546,0.052704264556687974,-0.08118500000000001,-0.0064530306111416635,-0.36973141908714363,0.3436242289714755
1723528271.2666953,57.52973389625549,1723528271.28758,-0.02088475227355957,-20.352820298301655,38.06286766675179,0.0,3.0796279612521404,-20.709521,38.016437,0.08587700000000001,3.0873478936999996,0.3567007016983439,0.04643066675178886,-0.08587700000000001,-0.00771993244785918,-0.4423195473884295,0.3698189510234793
1723528271.3289292,57.591967821121216,1723528271.28758,0.041349172592163086,-20.59765963163628,38.115353540136844,0.0,3.0784994017324703,-20.709521,38.016437,0.08587700000000001,3.0873478936999996,0.1118613683637193,0.09891654013684104,-0.08587700000000001,-0.008848491967529348,-0.5069812447948415,0.17225651445982235
1723528271.366695,57.62973356246948,1723528271.3933947,-0.02669978141784668,-20.597689626884083,38.11536193213811,0.0,3.0784994017324223,-20.941354999999998,38.084491,0.08639200000000001,3.0856032869999996,0.3436653731159147,0.03087093213810732,-0.08639200000000001,-0.007103885267577326,-0.4070226439773443,0.35569998705928635
1723528271.466694,57.72973275184631,1723528271.4883478,-0.02165365219116211,-20.874000169187408,38.21201819107544,0.0,3.0781511357338722,-21.170115,38.148358,0.08128200000000001,3.0845175696,0.2961148308125914,0.06366019107543508,-0.08128200000000001,-0.006366433866127784,-0.3647697910782778,0.3135974752432336
1723528271.5666935,57.829732179641724,1723528271.5909836,-0.024290084838867188,-21.038287220468778,38.2737629582902,0.0,3.0734081652797087,-21.403599999999997,38.213806,0.06707500000000001,3.0799461064,0.36531277953121943,0.059956958290200646,-0.06707500000000001,-0.0065379411202912685,-0.37459643289772293,0.3762277493237815
1723528271.6966932,57.95973181724548,1723528271.6955266,0.0011665821075439453,-21.29011029442297,38.35016860481792,0.0,3.073915452474173,-21.626333,38.269087,0.060060999999999996,3.0787548981999997,0.33622270557702905,0.08108160481791771,-0.060060999999999996,-0.004839445725826508,-0.27727981527248424,0.3510374027171272
1723528271.7966926,58.059731245040894,1723528271.8278615,-0.03116893768310547,-21.514567804785504,38.381913503694314,0.0,3.0723298121669487,-21.860785,38.339361000000004,0.055819,3.0772470663,0.34621719521449634,0.04255250369430996,-0.055819,-0.00491725413305133,-0.28173790861710174,0.3532602759918626
1723528271.896692,58.159730672836304,1723528271.8884146,0.008277416229248047,-21.716649062139897,38.43332316250882,0.0,3.071399839238242,-22.087777,38.411421000000004,0.056227,3.0757746544,0.371127937860102,0.021902162508816048,-0.056227,-0.004374815161757972,-0.25065844491857436,0.3760014980180988
1723528271.9966915,58.259730100631714,1723528271.9946945,0.0019969940185546875,-21.950969335923997,38.50435315282275,0.0,3.069678217938927,-22.321441,38.487696,0.055501,3.0738491593,0.3704716640760033,0.016657152822752153,-0.055501,-0.004170941361072878,-0.23897733658602713,0.37497610007092924
1723528272.0966911,58.3597297668457,1723528272.0980127,-0.001321554183959961,-22.137392898996772,38.57934727610289,0.0,3.0672819851227473,-22.570718999999997,38.559863,0.051863,3.0706785448,0.43332610100322455,0.01948427610288661,-0.051863,-0.0033965596772524975,-0.19460853437088516,0.4368534280452773
1723528272.1966903,58.459728956222534,1723528272.1893957,0.007294654846191406,-22.450377107490958,38.675187395610266,0.0,3.063135891159588,-22.807328,38.619821,0.033426,3.0699589073999998,0.35695089250904033,0.05536639561026391,-0.033426,-0.006823016240411928,-0.3909300341248217,0.36276255995054496
1723528272.2966897,58.559728384017944,1723528272.316528,-0.019838333129882812,-22.614216155373835,38.740612102180904,0.0,3.061522052390573,-23.061066,38.694618,0.035317999999999995,3.068234447,0.44684984462616484,0.04599410218090583,-0.035317999999999995,-0.006712394609427186,-0.3845918815465424,0.45059693984963467
1723528272.2966897,58.559728384017944,1723528272.316528,-0.019838333129882812,-22.614216155373835,38.740612102180904,0.0,3.061522052390573,-23.061066,38.694618,0.035317999999999995,3.068234447,0.44684984462616484,0.04599410218090583,-0.035317999999999995,-0.006712394609427186,-0.3845918815465424,0.45059693984963467
1723528272.3966892,58.659727811813354,1723528272.3846414,0.012047767639160156,-22.954423334310533,38.82392416489609,0.0,3.059433652543075,-23.291894,38.758326000000004,0.039956,3.0697480827,0.33747066568946593,0.0655981648960875,-0.039956,-0.010314430156924903,-0.5909733160742563,0.34610121550584816
1723528272.496689,58.75972771644592,1723528272.5055308,-0.008841753005981445,-23.272628814938912,38.9309269531967,0.0,3.0916720001391056,-23.538604,38.830086,0.045599,3.0678413786,0.2659751850610874,0.10084095319670183,-0.045599,0.023830621539105756,1.3653940373643139,0.2880815261534469
1723528272.5966885,58.85972714424133,1723528272.6066136,-0.009925127029418945,-23.405228532912428,38.97869658690798,0.0,3.0619123200772567,-23.773638,38.902031,0.039862,3.0710566965,0.36840946708757016,0.07666558690797842,-0.039862,-0.00914437642274324,-0.5239341753021252,0.3784073555042135
1723528272.696688,58.95972657203674,1723528272.6980922,-0.0014042854309082031,-23.68129051405304,39.05983970295875,0.0,3.063255827952,-24.024949999999997,38.970794,0.033070999999999996,3.0730007647999997,0.34365948594695794,0.08904570295874947,-0.033070999999999996,-0.009744936847999597,-0.5583437530118963,0.3565454677004677
1723528272.7966876,59.05972623825073,1723528272.8378408,-0.0411531925201416,-23.898425995688612,39.11828235610358,0.0,3.065592639361995,-24.279422,39.048729,0.028825,3.0782370597999997,0.38099600431138825,0.06955335610357594,-0.028825,-0.012644420438004735,-0.7244719254866311,0.3883638825528376
1723528272.7966876,59.05972623825073,1723528272.8378408,-0.0411531925201416,-23.898425995688612,39.11828235610358,0.0,3.065592639361995,-24.279422,39.048729,0.028825,3.0782370597999997,0.38099600431138825,0.06955335610357594,-0.028825,-0.012644420438004735,-0.7244719254866311,0.3883638825528376
1723528272.8966868,59.15972542762756,1723528272.9335408,-0.03685402870178223,-24.131887841175082,39.18013962614231,0.0,3.0706344055338226,-24.531662999999998,39.116161,0.023993999999999998,3.0817160296,0.3997751588249159,0.06397862614230831,-0.023993999999999998,-0.011081624066177298,-0.6349302891425612,0.40557262512716996
1723528272.9966862,59.259724855422974,1723528273.0146775,-0.017991304397583008,-24.501324945958874,39.28214272153902,0.0,3.090307874419519,-24.763142,39.180679,0.022417,3.0871965893,0.2618170540411242,0.1014637215390195,-0.022417,0.0031112851195191915,0.17826350621030557,0.2816834721177667
1723528273.0966856,59.359724283218384,1723528273.0951867,0.0014989376068115234,-24.646809398220345,39.325252383692764,0.0,3.078928629957729,-25.016507999999998,39.240001,0.013639,3.0935184656,0.3696986017796533,0.0852513836927642,-0.013639,-0.014589835642270899,-0.8359360060916632,0.3796457255130915
1723528273.196685,59.459723711013794,1723528273.1772368,0.019448280334472656,-24.909829038650653,39.38282751897888,0.0,3.0870147916583246,-25.279757,39.299024,0.004968,3.0969508564,0.36992796134934736,0.0838035189788755,-0.004968,-0.009936064741675299,-0.5692945746667392,0.3793341632457153
1723528273.2966847,59.55972337722778,1723528273.2972944,-0.0006096363067626953,-25.078499466802775,39.42667000684682,0.0,3.091413036387359,-25.542388,39.369114,0.001631,3.1012737874,0.463888533197224,0.05755600684681639,-0.001631,-0.009860751012640723,-0.5649794158536661,0.4674483129898136
1723528273.3966842,59.65972280502319,1723528273.435243,-0.0385587215423584,-25.397909292959522,39.5004984013879,0.0,3.0982294687404597,-25.792223999999997,39.427225,-0.003679,3.1074667301999996,0.39431470704047555,0.07327340138790106,0.003679,-0.009237261459539958,-0.5292560958904945,0.40108180534694976
1723528273.4966836,59.7597222328186,1723528273.5167034,-0.0200197696685791,-25.614511632125485,39.55978428302761,0.0,3.1032471014543255,-26.048709,39.501712,0.007603,3.1131799303,0.43419736787451413,0.058072283027613025,-0.007603,-0.009932828845674369,-0.5691091714829426,0.43812960403765844
1723528273.596683,59.859721660614014,1723528273.6063852,-0.009702205657958984,-25.938367614966563,39.640920714826876,0.0,3.106655789828986,-26.308795,39.559631,0.004274,3.1187758451999996,0.3704273850334374,0.0812897148268732,-0.004274,-0.012120055371013459,-0.6944280202239363,0.37926604434795486
1723528273.6966827,59.959721326828,1723528273.7062438,-0.00956106185913086,-26.16186512969267,39.70329546365679,0.0,3.1142071646627674,-26.554561999999997,39.615376,-0.007831,3.1268705258,0.3926968703073257,0.08791946365678882,0.007831,-0.012663361137232433,-0.725557147613405,0.4024947063004257
1723528273.7966821,60.05972075462341,1723528273.8070161,-0.010334014892578125,-26.348830027118048,39.75534078152726,0.0,3.1219626007015595,-26.819684,39.66417,-0.008794,3.133508493,0.47085397288195097,0.09117078152726066,0.008794,-0.011545892298440386,-0.6615308994132356,0.47968000752481704
1723528273.8966813,60.159719944000244,1723528273.9135737,-0.016892433166503906,-26.676354953187143,39.82939439279957,0.0,3.1284347926310314,-27.080928999999998,39.707322,-0.012414999999999999,3.1404857885,0.40457404681285425,0.12207239279957349,0.012414999999999999,-0.012050995868968515,-0.690471202221486,0.4227717595385753
1723528273.9966807,60.259719371795654,1723528274.0217457,-0.025064945220947266,-26.891213963798766,39.86292217599694,0.0,3.134299837384731,-27.346038999999998,39.753574,-0.013682,-3.1355756281000002,0.4548250362012318,0.10934817599694213,0.013682,-0.013309841694855851,-0.7625977551024907,0.4679850791139714
1723528274.0966802,60.359718799591064,1723528274.1250954,-0.028415203094482422,-27.20603494700699,39.925965490604646,0.0,-3.1409091993509097,-27.61348,39.813314,-0.010975,-3.1277825451,0.40744505299300826,0.11265149060464807,0.010975,-0.013126654250909642,-0.7521018877045836,0.4228738348123757
1723528274.1966796,60.459718227386475,1723528274.194635,0.002044677734375,-27.425877351592867,39.9581416539583,0.0,-3.1348346639757776,-27.875795999999998,39.856133,-0.01432,-3.1210049773,0.4499186484071309,0.1020086539583005,0.01432,-0.013829686675777442,-0.7923826785103567,0.4615599831732424
1723528274.2966793,60.559717893600464,1723528274.3159394,-0.019260168075561523,-27.6975318250808,40.00949050886185,0.0,-3.1277137092907923,-28.140393,39.913398,-0.026250000000000002,-3.1133066989000002,0.44286117491919796,0.09609250886185094,0.026250000000000002,-0.014407010390792063,-0.825460890793508,0.4539260435469388
1723528274.351099,60.61413764953613,1723528274.3159394,0.03515958786010742,-27.959833097361475,40.06211039108491,0.0,-3.1195537495410113,-28.140393,39.913398,-0.026250000000000002,-3.1133066989000002,0.1805599026385245,0.14871239108490641,0.026250000000000002,-0.006247050641011054,-0.3579296361344289,0.23538546302400154
1723528274.396679,60.65971755981445,1723528274.4307468,-0.03406786918640137,-27.959875303702542,40.06211792935653,0.0,-3.119553749540337,-28.398654999999998,39.966178,-0.024641,-3.1067217078000002,0.4387796962974555,0.09593992935653262,0.024641,-0.01283204174033692,-0.7352218342570133,0.44982137655832205
1723528274.4966784,60.75971698760986,1723528274.5345647,-0.03788638114929199,-28.358194405668975,40.13007830336086,0.0,-3.1036932707848637,-28.652811999999997,40.00489,-0.024347,-3.0991725792,0.2946175943310223,0.12518830336085784,0.024347,-0.004520691584863457,-0.2590165482929833,0.32103646926286894
1723528274.5966778,60.85971641540527,1723528274.6577625,-0.061084747314453125,-28.48705310130674,40.151662171567445,0.0,-3.1045901108626954,-28.91114,40.045126,-0.027940000000000003,-3.0910094878,0.4240868986932611,0.10653617156744133,0.027940000000000003,-0.013580623062695363,-0.7781123846504743,0.4381555626664069
1723528274.6966772,60.959715843200684,1723528274.7243502,-0.027673006057739258,-28.772343695822492,40.21304326705686,0.0,-3.095660068970759,-29.177615,40.08403,-0.033508,-3.0830452403,0.4052713041775071,0.12901326705686245,0.033508,-0.012614828670758804,-0.7227764421151058,0.42662868999918746
1723528274.7966766,61.059715270996094,1723528274.832523,-0.03584647178649902,-29.01853723325171,40.260836742222565,0.0,-3.088577919582987,-29.443405,40.120063,-0.037186000000000004,-3.0751677854,0.42486776674828874,0.14077374222256367,0.037186000000000004,-0.013410134182986866,-0.7683440913892639,0.4491243305778736
1723528274.9366755,61.19971418380737,1723528274.897597,0.039078474044799805,-29.23489382312933,40.2807410057777,0.0,-3.0807744209888726,-29.710231,40.148648,-0.038964,-3.0678595841000003,0.4753371768706707,0.13209300577769767,0.038964,-0.012914836888872294,-0.7399656468322491,0.4948860345440818
1723528274.9966755,61.259714126586914,1723528275.025411,-0.02873539924621582,-29.50793921511675,40.305673414281245,0.0,-3.074138088117236,-29.983110999999997,40.181766,-0.036733,-3.0600242894000003,0.47517178488324774,0.1239074142812413,0.036733,-0.014113798717235948,-0.808661099394775,0.49243333127642225
1723528275.096675,61.359713554382324,1723528275.1351995,-0.038524627685546875,-29.83054353000953,40.34769937982284,0.0,-3.0648354516013456,-30.250432999999997,40.213032,-0.050231000000000005,-3.0513233542,0.41988946999046917,0.1346673798228437,0.050231000000000005,-0.013512097401345624,-0.7741861534667915,0.4438080931644072
1723528275.2266738,61.48971247673035,1723528275.2361434,-0.00946950912475586,-30.05418180917977,40.37982290688254,0.0,-3.0583380238056224,-30.508841999999998,40.242408,-0.054401,-3.0446033767,0.4546601908202277,0.13741490688254032,0.054401,-0.013734647105622333,-0.7869373122537315,0.47807762398090026
1723528275.3366735,61.59971213340759,1723528275.3437,-0.0070264339447021484,-30.344585174953114,40.4231213996165,0.0,-3.04985780656925,-30.766517,40.267462,-0.038527,-3.0372275298,0.42193182504688664,0.15565939961649633,0.038527,-0.012630276769249882,-0.723661552960147,0.4513763877357395
1723528275.3966734,61.659712076187134,1723528275.4447484,-0.048074960708618164,-30.523388447494515,40.42904377227496,0.0,-3.042300013268065,-31.042438999999998,40.297656,-0.044022,-3.0280577600000003,0.5190505525054832,0.13138777227495524,0.044022,-0.014242253268064609,-0.8160210030165059,0.5372282189569185
1723528275.4966729,61.759711503982544,1723528275.5358307,-0.039157867431640625,-30.841400596025988,40.46498699939402,0.0,-3.033375343100501,-31.313713,40.324020000000004,-0.038364,-3.0199254127,0.4723124039740121,0.14096699939401702,0.038364,-0.013449930400500687,-0.7706242466933904,0.4943910379060923
1723528275.6366715,61.899710178375244,1723528275.6617239,-0.025052309036254883,-31.06210491125502,40.48346145557224,0.0,-3.0273684069729296,-31.580994999999998,40.351033,-0.037152000000000004,-3.0114160705,0.5188900887449783,0.1324284555722386,0.037152000000000004,-0.015952336472929485,-0.9140015532714691,0.5368095483009033
1723528275.7366712,61.99970984458923,1723528275.7268429,0.009828329086303711,-31.407692359468346,40.52054551176283,0.0,-3.0168561946887364,-31.851895,40.363601,-0.06326899999999999,-3.0030344275000003,0.44420264053165326,0.15694451176283053,0.06326899999999999,-0.013821767188736178,-0.7919289253269838,0.4753425417409706
1723528275.8366706,62.099709272384644,1723528275.831042,0.0056285858154296875,-31.685630813553473,40.53370902200814,0.0,-3.0083396554779296,-32.118398,40.379122,-0.047354,-2.9937833847000004,0.4327671864465259,0.1545870220081369,0.047354,-0.014556270777929203,-0.834012881024955,0.46198158659646416
1723528275.93667,62.199708700180054,1723528275.9346585,0.002011537551879883,-31.958309293115136,40.55043592951462,0.0,-2.9976174024580255,-32.390106,40.399898,-0.048471,-2.9849141329,0.4317967068848674,0.15053792951461986,0.048471,-0.012703269558025365,-0.727843731691872,0.45984725957666067
1723528276.0366695,62.299708127975464,1723528276.061732,-0.02506256103515625,-32.21229002299648,40.56931991243702,0.0,-2.992756877403611,-32.668545,40.424742,-0.050848000000000004,-2.9795539925,0.4562549770035247,0.1445779124370148,0.050848000000000004,-0.013202884903610991,-0.7564695823738985,0.48130748582286975
1723528276.1366692,62.39970779418945,1723528276.1439304,-0.0072612762451171875,-32.49652143389684,40.607486086099826,0.0,-2.983814264134031,-32.94082,40.442125000000004,-0.06589099999999999,-2.9729747439,0.4442985661031642,0.16536108609982136,0.06589099999999999,-0.010839520234030786,-0.6210587613566224,0.4786304717821885
1723528276.2366683,62.499706983566284,1723528276.2670422,-0.030373811721801758,-32.783048217267485,40.62023889557044,0.0,-2.9762342299991986,-33.193636000000005,40.44723,-0.078646,-2.9649241735,0.41058778273252017,0.1730088955704403,0.078646,-0.011310056499198584,-0.6480185034585858,0.45243739742831907
1723528276.3266675,62.58970618247986,1723528276.374185,-0.04751753807067871,-33.02439343658599,40.61557812433404,0.0,-2.9681446168715167,-33.461742,40.446778,-0.06949899999999999,-2.9561466582,0.4373485634140124,0.1688001243340409,0.06949899999999999,-0.011997958671516427,-0.6874323946502793,0.473917037989233
1723528276.426667,62.68970561027527,1723528276.441321,-0.014653921127319336,-33.27905475115438,40.62353214556401,0.0,-2.961477095896918,-33.744123,40.437850000000005,-0.055741,-2.9472637633,0.46506824884561837,0.18568214556400875,0.055741,-0.014213332596917814,-0.8143639706191088,0.5038585062759026
1723528276.5366662,62.799704790115356,1723528276.5467024,-0.010036230087280273,-33.49698923416003,40.62713881952631,0.0,-2.952710312528632,-34.009291000000005,40.442305,-0.046214,-2.9418915973,0.5123017658399718,0.18483381952631106,0.046214,-0.01081871522863187,-0.6198667223545177,0.5465824493335276
1723528276.6366658,62.899704456329346,1723528276.639425,-0.002759218215942383,-33.80924091983795,40.627897654517945,0.0,-2.9469722340518607,-34.274660000000004,40.451275,-0.060156,-2.9355674246000003,0.46541908016205724,0.17662265451794212,0.060156,-0.011404809451860398,-0.6534474477425106,0.5014271897333249
1723528276.736665,62.99970364570618,1723528276.7524967,-0.015831708908081055,-34.06394438240039,40.626722306307734,0.0,-2.9401144585918466,-34.542402,40.448958,-0.072728,-2.9271046021,0.47845761759960936,0.17776430630773632,0.072728,-0.013009856491846605,-0.7454098690536858,0.5155688144371852
1723528276.8366642,63.09970283508301,1723528276.8545709,-0.017906665802001953,-34.35069165030354,40.637375830286686,0.0,-2.9335450202291926,-34.799702,40.450136,-0.067174,-2.9215970805,0.449010349696465,0.18723983028668556,0.067174,-0.011947939729192392,-0.6845665203594038,0.4911022240392815
1723528276.9366636,63.19970226287842,1723528276.9578233,-0.021159648895263672,-34.55178009035374,40.63425087657273,0.0,-2.9272930965758297,-35.070925,40.44402,-0.07393599999999999,-2.9158018176000002,0.5191449096462648,0.19023087657272697,0.07393599999999999,-0.011491278975829468,-0.6584017865224436,0.5578223334622383
1723528277.036663,63.29970169067383,1723528277.066235,-0.029572010040283203,-34.86649069515012,40.63072766018412,0.0,-2.9206446684375265,-35.346094,40.43748,-0.062023,-2.9067584305,0.47960330484988134,0.1932476601841202,0.062023,-0.013886237937526415,-0.7956228271347126,0.5207790709298574
1723528277.1366627,63.39970135688782,1723528277.1467574,-0.010094642639160156,-35.1665714128562,40.61865793858621,0.0,-2.9106246115886347,-35.610365,40.415668000000004,-0.063068,-2.8986223528000004,0.44379358714380146,0.20298993858620662,0.063068,-0.012002258788634368,-0.6876787732125492,0.49207238876124193
1723528277.2366621,63.49970078468323,1723528277.2596338,-0.022971630096435547,-35.453679771802435,40.604104988760895,0.0,-2.906487345192095,-35.871112000000004,40.401369,-0.060921,-2.8947460297000003,0.4174322281975691,0.20273598876089238,0.060921,-0.011741315492094895,-0.6727278236286067,0.46804157349304354
1723528277.3366613,63.59969997406006,1723528277.3708956,-0.03423428535461426,-35.70625428027382,40.592578460194524,0.0,-2.8991794525891015,-36.138888,40.39308,-0.06953799999999999,-2.8871168702000003,0.4326337197261836,0.19949846019452622,0.06953799999999999,-0.012062582389101184,-0.6911350609243312,0.48146350277887207
1723528277.4366608,63.69969940185547,1723528277.4946601,-0.057999372482299805,-35.91418535516309,40.582356502530814,0.0,-2.8931673332392855,-36.396369,40.383447000000004,-0.07421599999999999,-2.8822534718000004,0.48218364483690834,0.1989095025308103,0.07421599999999999,-0.010913861439285188,-0.6253181986616154,0.5268529891736975
1723528277.5366604,63.79969906806946,1723528277.4946601,0.04200029373168945,-36.19167854770893,40.579456280346534,0.0,-2.8892038002685854,-36.396369,40.383447000000004,-0.07421599999999999,-2.8822534718000004,0.20469045229106797,0.1960092803465301,0.07421599999999999,-0.006950328468585011,-0.39822448747954586,0.2929604647338726
1723528277.6366599,63.89969849586487,1723528277.6723084,-0.03564858436584473,-36.4255635948345,40.57147263185067,0.0,-2.882424709688615,-36.947362000000005,40.34299,-0.060858,-2.8690208368000003,0.5217984051655051,0.22848263185066742,0.060858,-0.013403872888614552,-0.7679853456474413,0.5728713510507156
1723528277.6366599,63.89969849586487,1723528277.6723084,-0.03564858436584473,-36.4255635948345,40.57147263185067,0.0,-2.882424709688615,-36.947362000000005,40.34299,-0.060858,-2.8690208368000003,0.5217984051655051,0.22848263185066742,0.060858,-0.013403872888614552,-0.7679853456474413,0.5728713510507156
1723528277.7366593,63.99969792366028,1723528277.7546413,-0.017982006072998047,-36.69243114652206,40.55664390438302,0.0,-2.8760214369141304,-37.220174,40.327849,-0.076928,-2.8633425145,0.5277428534779389,0.2287949043830224,0.076928,-0.012678922414130154,-0.7264487431034787,0.5803253784323702
1723528277.8366587,64.09969735145569,1723528277.8371165,-0.000457763671875,-37.23150396507647,40.52521394410131,0.0,-2.858694080801648,-37.495196,40.307845,-0.068229,-2.8559979605000003,0.26369203492352966,0.21736894410130958,0.068229,-0.0026961203016475643,-0.15447631434394385,0.34847947368938426
1723528277.9366584,64.19969701766968,1723528277.9872453,-0.05058693885803223,-37.37845684495538,40.50734625708216,0.0,-2.859779321195916,-37.763723,40.290694,-0.067683,-2.8497190935,0.3852661550446186,0.21665225708215985,0.067683,-0.010060227695916078,-0.5764085879166118,0.4471567948836944
1723528278.0366578,64.29969644546509,1723528278.074723,-0.038065195083618164,-37.58752274519896,40.492571293433095,0.0,-2.8567203217110873,-38.009242,40.26491,-0.08978299999999999,-2.8459683398,0.4217192548010402,0.22766129343309416,0.08978299999999999,-0.010751981911087062,-0.6160431849062938,0.4875836148667981
1723528278.1366572,64.3996958732605,1723528278.1767228,-0.04006552696228027,-37.76636687858028,40.4758389630645,0.0,-2.852186932693797,-38.271858,40.229248,-0.09181199999999999,-2.8379635232,0.5054911214197233,0.24659096306449868,0.09181199999999999,-0.014223409493796968,-0.8149413342808729,0.5698752672675367
1723528278.2366567,64.49969530105591,1723528278.2645912,-0.027934551239013672,-38.09011343443196,40.43702732807163,0.0,-2.8432915698913543,-38.546841,40.205574,-0.08023799999999999,-2.8319853447,0.4567275655680376,0.23145332807163044,0.08023799999999999,-0.011306225191354269,-0.6477989856890912,0.5182748777136895
1723528278.3366563,64.5996949672699,1723528278.371606,-0.03494977951049805,-38.35559158501969,40.41587701702566,0.0,-2.8370765700592586,-38.827105,40.177316,-0.078772,-2.8241000298000003,0.47151341498031485,0.2385610170256598,0.078772,-0.012976540259258316,-0.7435009895371006,0.5342670561944801
1723528278.4366558,64.69969439506531,1723528278.4929402,-0.056284427642822266,-38.65010869269434,40.39390406485617,0.0,-2.829732605166978,-39.103480000000005,40.154041,-0.08946,-2.8176841868,0.453371307305666,0.23986306485617348,0.08946,-0.012048418366978009,-0.6903235222357433,0.5206562433796847
1723528278.5366552,64.79969382286072,1723528278.4929402,0.04371500015258789,-38.906417244713374,40.37989653823045,0.0,-2.824519403278864,-39.103480000000005,40.154041,-0.08946,-2.8176841868,0.19706275528663042,0.2258555382304479,0.08946,-0.00683521647886387,-0.3916290562971712,0.3128059226909294
1723528278.588183,64.85122156143188,1723528278.625533,-0.03735017776489258,-39.121497558674015,40.352821428990694,0.0,-2.8190861852270483,-39.375181000000005,40.134026,-0.08959199999999999,-2.8122993203,0.25368344132598963,0.21879542899069548,0.08959199999999999,-0.006786864927048164,-0.38885871644522313,0.34677579877237585
1723528278.6366546,64.89969325065613,1723528278.625533,0.011121511459350586,-39.12155339411917,40.35281493498237,0.0,-2.819086185226768,-39.375181000000005,40.134026,-0.08959199999999999,-2.8122993203,0.2536276058808369,0.21878893498237062,0.08959199999999999,-0.006786864926767944,-0.3888587164291677,0.3467308567167986
1723528278.766654,65.02969264984131,1723528278.8055544,-0.03890037536621094,-39.62431313016308,40.28361852348375,0.0,-2.8071914158899673,-39.911762,40.057232,-0.08255599999999999,-2.7985375433,0.28744886983692197,0.22638652348375388,0.08255599999999999,-0.008653872589967193,-0.495830375849067,0.37509092753835566
1723528278.8366537,65.09969234466553,1723528278.8055544,0.031099319458007812,-39.74442615951232,40.26800670408554,0.0,-2.8033519976917476,-39.911762,40.057232,-0.08255599999999999,-2.7985375433,0.1673358404876808,0.21077470408554433,0.08255599999999999,-0.004814454391747436,-0.27584791730535196,0.2815008925919549
1723528278.9366531,65.19969177246094,1723528278.9163334,0.020319700241088867,-39.97738499042903,40.23582288699298,0.0,-2.797700841579808,-40.181794000000004,40.018056,-0.085161,-2.7914893640000003,0.2044090095709734,0.21776688699297608,0.085161,-0.006211477579807667,-0.35589144986311433,0.310576651062822
1723528279.0366526,65.29969120025635,1723528279.0042927,0.03235983848571777,-40.32565142361317,40.204813531699436,0.0,-2.785745989749506,-40.456806,39.977365,-0.08353999999999999,-2.7840919959000003,0.1311545763868338,0.22744853169943724,0.08353999999999999,-0.0016539938495054862,-0.0947668669172606,0.2755236633747449
1723528279.1666522,65.42969083786011,1723528279.138376,0.02827620506286621,-40.48021375549014,40.185860689027834,0.0,-2.7851720716419304,-40.727484000000004,39.938952,-0.09934,-2.7769063651000003,0.24727024450986335,0.24690868902783336,0.09934,-0.00826570654193004,-0.47359009954626574,0.3632835120638025
1723528279.2666516,65.52969026565552,1723528279.243854,0.022797584533691406,-40.73899766546793,40.13402482978708,0.0,-2.7772946648176027,-41.008152,39.890412,-0.10281,-2.7703407698,0.26915433453207527,0.24361282978708232,0.10281,-0.006953895017602463,-0.39842883568567244,0.37730778249894903
1723528279.3666506,65.62968921661377,1723528279.3646305,0.002020120620727539,-41.09217771518394,40.053967263536876,0.0,-2.7676263670097763,-41.269189000000004,39.842342,-0.10341299999999999,-2.7632540757000004,0.17701128481606787,0.21162526353687383,0.10341299999999999,-0.0043722913097759,-0.2505138388518859,0.2946396030547937
1723528279.46665,65.72968864440918,1723528279.4460413,0.02060866355895996,-41.45198983497224,39.98612674822501,0.0,-2.7630632527815218,-41.54023,39.795285,-0.100619,-2.7575377547000004,0.08824016502776288,0.19084174822501154,0.100619,-0.005525498081521363,-0.3165877197788074,0.2330902888382644
1723528279.5666497,65.82968831062317,1723528279.5560842,0.010565519332885742,-41.8423024006614,39.934578499569035,0.0,-2.754078504710664,-41.814233,39.744564000000004,-0.10409099999999999,-2.7506366697,-0.02806940066140129,0.19001449956903116,0.10409099999999999,-0.003441835010664196,-0.19720261989142313,0.21846816148116324
1723528279.6366491,65.89968776702881,1723528279.673113,-0.03646397590637207,-42.00512797299872,39.90953831972606,0.0,-2.746910318268812,-42.095456,39.681499,-0.103352,-2.7433500095000003,0.09032802700127718,0.22803931972605795,0.103352,-0.003560308768811637,-0.20399066621632514,0.26616295705275506
1723528279.7666485,66.02968716621399,1723528279.767212,-0.0005633831024169922,-42.20504720769618,39.87377827880212,0.0,-2.74302732035192,-42.363334,39.633865,-0.111011,-2.7376985352000003,0.15828679230381937,0.23991327880212054,0.111011,-0.005328785151919924,-0.30531689913699084,0.3081177243918572
1723528279.866648,66.1296865940094,1723528279.8778899,-0.011241912841796875,-42.433874924369555,39.84007159024801,0.0,-2.7378027713842723,-42.624606,39.588553000000005,-0.11622299999999999,-2.7307768803,0.19073107563044545,0.25151859024800416,0.11622299999999999,-0.0070258910842722075,-0.4025539064473913,0.33637438989984075
1723528279.9666476,66.22968626022339,1723528279.9755208,-0.008873224258422852,-42.65779481311631,39.78813466897375,0.0,-2.730465742787037,-42.882837,39.533521,-0.12353199999999999,-2.7241296967000004,0.22504218688369093,0.2546136689737466,0.12353199999999999,-0.006336046087036528,-0.3630286995875729,0.3615691653469177
1723528280.066647,66.3296856880188,1723528280.0635514,0.0030956268310546875,-42.9761258743603,39.72401575253783,0.0,-2.724048955085616,-43.150894,39.471623,-0.132125,-2.7177167672,0.17476812563970157,0.2523927525378298,0.132125,-0.006332187885615958,-0.36280764092966283,0.33422000972149574
1723528280.1666465,66.42968511581421,1723528280.1685429,-0.0018963813781738281,-43.17469225565262,39.66952252497842,0.0,-2.71515290223697,-43.412315,39.403872,-0.141869,-2.710515582,0.23762274434737662,0.2656505249784189,0.141869,-0.004637320236969611,-0.2656988778289655,0.3836164532622242
1723528280.266646,66.52968454360962,1723528280.2874157,-0.020769834518432617,-43.524475891815115,39.596199972024166,0.0,-2.709742717079869,-43.674429,39.345943,-0.132806,-2.7035468201,0.1499531081848886,0.2502569720241681,0.132806,-0.006195896979868997,-0.3549987472443467,0.320549403894336
1723528280.3666456,66.62968420982361,1723528280.4067795,-0.04013395309448242,-43.74488764201787,39.53653189337386,0.0,-2.7020292695019004,-43.937667000000005,39.28948,-0.12362799999999999,-2.6964572726,0.19277935798213264,0.24705189337386457,0.12362799999999999,-0.0055719969019003565,-0.3192519059388606,0.336871490731428
1723528280.4666448,66.72968339920044,1723528280.5156271,-0.04898238182067871,-44.05821045249341,39.482430337487145,0.0,-2.6960174706634765,-44.205058,39.224467000000004,-0.117267,-2.6907652279,0.14684754750658868,0.2579633374871406,0.117267,-0.005252242763476467,-0.30093134332532984,0.31915644280697864
1723528280.5666442,66.82968282699585,1723528280.6147504,-0.04810619354248047,-44.2977088482052,39.40774708933854,0.0,-2.6891700253337794,-44.456427000000005,39.157784,-0.12695599999999999,-2.6828906394,0.1587181517948082,0.24996308933854294,0.12695599999999999,-0.006279385933779302,-0.35978231193936944,0.3221658325720283
1723528280.6666436,66.92968225479126,1723528280.697017,-0.030373334884643555,-44.45101602339929,39.36092210587474,0.0,-2.6841027599689777,-44.710853,39.097063,-0.135653,-2.6763122565,0.2598369766007096,0.2638591058747437,0.135653,-0.007790503468977583,-0.44636296905444256,0.39438384674199944
1723528280.7666433,67.02968192100525,1723528280.8038075,-0.03716421127319336,-44.77834811709165,39.28572345057557,0.0,-2.6775304913364004,-44.971935,39.033707,-0.142341,-2.6710512035000002,0.1935868829083489,0.2520164505755673,0.142341,-0.006479287836400172,-0.3712358472761804,0.3482084618097012
1723528280.8666427,67.12968134880066,1723528280.919269,-0.05262637138366699,-45.042858077073376,39.20723760425372,0.0,-2.669254352565799,-45.236437,38.957283000000004,-0.136735,-2.6644323513000003,0.19357892292662626,0.24995460425371618,0.136735,-0.004822001265798459,-0.2762803213369924,0.34445110511372234
1723528280.9666421,67.22968077659607,1723528281.0053504,-0.03870820999145508,-45.28349197120504,39.13872270456749,0.0,-2.6611156285687985,-45.493138,38.883599000000004,-0.14197099999999999,-2.6572821616,0.20964602879496397,0.2551237045674881,0.14197099999999999,-0.0038334669687984935,-0.21964147821496252,0.359437514545627
1723528280.9666421,67.22968077659607,1723528281.0053504,-0.03870820999145508,-45.28349197120504,39.13872270456749,0.0,-2.6611156285687985,-45.493138,38.883599000000004,-0.14197099999999999,-2.6572821616,0.20964602879496397,0.2551237045674881,0.14197099999999999,-0.0038334669687984935,-0.21964147821496252,0.359437514545627
1723528281.0666416,67.32968020439148,1723528281.093864,-0.027222394943237305,-45.762231850192165,39.00044005641177,0.0,-2.647361644061959,-45.751954000000005,38.810253,-0.136534,-2.6493828531,-0.010277850192160543,0.1901870564117658,0.136534,0.0020212090380411496,0.11580674739345492,0.2343465036802228
1723528281.1666412,67.42967987060547,1723528281.1973183,-0.030677080154418945,-45.917222447271755,38.953959960846326,0.0,-2.633737319462147,-45.988665000000005,38.727882,-0.125502,-2.6422431032,0.07144255272825006,0.22607796084632525,0.125502,0.008505783737853267,0.487345509630002,0.26826485928045324
1723528281.2666404,67.5296790599823,1723528281.2948623,-0.028221845626831055,-46.12993018417363,38.88761101113902,0.0,-2.6348886566797067,-46.247534,38.650374,-0.131981,-2.6338483914000004,0.1176038158263708,0.2372370111390225,0.131981,-0.001040265279706354,-0.059602810101170176,0.2958564538963104
1723528281.3666399,67.62967848777771,1723528281.42611,-0.059470176696777344,-46.37040114209394,38.813438443516624,0.0,-2.6288931868865815,-46.498233,38.563948,-0.135201,-2.6244325720000004,0.12783185790605955,0.24949044351662053,0.135201,-0.004460614886581116,-0.2555744070343243,0.31123267132940113
1723528281.4666393,67.72967791557312,1723528281.42611,0.04052925109863281,-46.54050334267434,38.753692955174074,0.0,-2.6209569796696672,-46.498233,38.563948,-0.135201,-2.6244325720000004,-0.04227034267434249,0.18974495517407064,0.135201,0.0034755923303331215,0.19913677183612652,0.23678944293362492
1723528281.566639,67.82967758178711,1723528281.5260296,0.04060935974121094,-46.83902489290317,38.651414119293726,0.0,-2.6131089446876112,-46.754368,38.479698,-0.137846,-2.6167198108000003,-0.08465689290316902,0.17171611929372688,0.137846,0.0036108661123890333,0.20688738862670278,0.23591255765074495
1723528281.6666384,67.92967700958252,1723528281.6175535,0.04908490180969238,-47.052316192360244,38.57579515970017,0.0,-2.605022301114551,-47.005637,38.398267000000004,-0.139789,-2.6084546217,-0.046679192360244315,0.17752815970016655,0.139789,0.003432320585448956,0.196657483482097,0.2307296231673179
1723528281.7666378,68.02967643737793,1723528281.7268164,0.03982138633728027,-47.321525655780185,38.46498127772394,0.0,-2.5971237455166403,-47.256307,38.316091,-0.150864,-2.6020830895000002,-0.06521865578018549,0.14889027772394314,0.150864,0.004959343983359954,0.2841494794001233,0.22176955237021886
1723528281.866637,68.12967562675476,1723528281.8964832,-0.02984619140625,-47.50075182890401,38.40515051936407,0.0,-2.589478630996181,-47.728489,38.124991,-0.15528999999999998,-2.5831265439,0.22773717109599545,0.28015951936406935,0.15528999999999998,-0.006352087096180625,-0.36394778171066045,0.3930248840583927
1723528281.9666367,68.22967529296875,1723528282.0176039,-0.05096721649169922,-47.75301435111241,38.300641796577004,0.0,-2.5816087114430517,-47.974069,38.025780000000005,-0.150844,-2.5759093242000004,0.22105464888758775,0.2748617965769995,0.150844,-0.0056993872430513015,-0.3265508348375415,0.38362491752798145
1723528282.066636,68.32967472076416,1723528282.0176039,0.04903221130371094,-47.99681578685876,38.204726639145406,0.0,-2.570644785070184,-47.974069,38.025780000000005,-0.150844,-2.5759093242000004,-0.02274678685876097,0.17894663914540132,0.150844,0.005264539129816281,0.30163587321994795,0.23514512180743274
1723528282.1966355,68.45967411994934,1723528282.216877,-0.020241498947143555,-48.29407912886018,38.10036246715513,0.0,-2.562721750161683,-48.476163,37.82318,-0.15009,-2.5577070236000004,0.18208387113981672,0.2771824671551286,0.15009,-0.005014726561682448,-0.28732266739655493,0.3640215162974097
1723528282.266635,68.52967357635498,1723528282.3030553,-0.036420345306396484,-48.48973529242612,38.02415050450469,0.0,-2.553242347573086,-48.705137,37.730601,-0.151724,-2.5485588412,0.2154017075738821,0.2935495045046892,0.151724,-0.004683506373085677,-0.26834514850043284,0.3944481960875126
1723528282.3666346,68.62967324256897,1723528282.4041228,-0.03748822212219238,-48.79501466108323,37.906373152529206,0.0,-2.540873387992026,-48.950336,37.633458000000005,-0.15498499999999998,-2.5370674826000004,0.1553213389167709,0.27291515252920107,0.15498499999999998,-0.0038059053920256325,-0.21806231618915178,0.3501824510564964
1723528282.466634,68.72967267036438,1723528282.5106459,-0.044011831283569336,-49.00883833714328,37.80008577841441,0.0,-2.529620609790337,-49.178105,37.529492,-0.164386,-2.5260506781000003,0.16926666285672098,0.27059377841441545,0.164386,-0.0035699316903365923,-0.20454201900629068,0.35901943271533454
1723528282.5966334,68.85967206954956,1723528282.6231854,-0.02655196189880371,-49.2414895400444,37.68594323897605,0.0,-2.518378746293709,-49.416527,37.426032,-0.162824,-2.5152531324000003,0.17503745995560394,0.25991123897605206,0.162824,-0.0031256138937085787,-0.17908448449695344,0.3531339965364084
1723528282.6966329,68.95967149734497,1723528282.7394903,-0.04285740852355957,-49.474361829825725,37.56773062473674,0.0,-2.5039851103271746,-49.655466000000004,37.303922,-0.15409899999999999,-2.5005684452000003,0.1811041701742795,0.2638086247367397,0.15409899999999999,-0.0034166651271743125,-0.19576049179661678,0.35516223439578193
1723528282.7966323,69.05967092514038,1723528282.824415,-0.027782678604125977,-49.64635480632796,37.48597530263898,0.0,-2.4908353225055295,-49.900013,37.171099,-0.15763,-2.4876588011000003,0.2536581936720381,0.3148763026389787,0.15763,-0.0031765214055292645,-0.1820012700697911,0.4339778589750345
1723528282.8966317,69.15967035293579,1723528282.9357057,-0.039073944091796875,-49.912156625468164,37.35028840211667,0.0,-2.4763212400555226,-50.124259,37.061133,-0.143686,-2.4728951318,0.21210237453183822,0.2891554021166698,0.143686,-0.0034261082555224753,-0.19630154319636686,0.386321019944938
1723528282.9966311,69.2596697807312,1723528283.0248506,-0.02821946144104004,-50.1792558772373,37.21995056654334,0.0,-2.4635918152803375,-50.362704,36.956351,-0.146976,-2.4608736746,0.18344812276269806,0.26359956654334127,0.146976,-0.0027181406803373775,-0.15573798910614997,0.3531853476618125
1723528283.0966306,69.35966920852661,1723528283.1372955,-0.0406649112701416,-50.43719594873886,37.096988039068535,0.0,-2.451116719913618,-50.595405,36.84004,-0.14951799999999998,-2.4469635426000003,0.1582090512611387,0.2569480390685328,0.14951799999999998,-0.00415317731361764,-0.23795953163977185,0.33676108891336287
1723528283.1966302,69.4596688747406,1723528283.2228985,-0.02626824378967285,-50.55624375837213,37.01976872334863,0.0,-2.4385254598754913,-50.806755,36.720142,-0.17678,-2.4343657025,0.2505112416278692,0.2996267233486307,0.17678,-0.004159757375491236,-0.23833654141406385,0.4286994564104013
1723528283.29663,69.55966854095459,1723528283.3239481,-0.027318239212036133,-50.79921521815525,36.869324992514706,0.0,-2.423777677429569,-51.028527000000004,36.582204000000004,-0.18182099999999998,-2.4181444402000003,0.22931178184475698,0.28712099251470136,0.18182099999999998,-0.005633237229568877,-0.3227607182502651,0.40997711360080163
1723528283.3966293,69.65966796875,1723528283.404568,-0.007938623428344727,-51.03051329670934,36.723213602014226,0.0,-2.4079247471959495,-51.245857,36.437474,-0.172115,-2.4027162663,0.21534370329066377,0.28573960201422466,0.172115,-0.005208480895949386,-0.29842397301241746,0.39704357938541823
1723528283.4966285,69.75966715812683,1723528283.4853582,0.011270284652709961,-51.2583831404095,36.58425152398962,0.0,-2.391877797298847,-51.461851,36.291589,-0.15639,-2.3866480048,0.2034678595905035,0.29266252398961967,0.15639,-0.005229792498846919,-0.29964503791310493,0.3892407416166961
1723528283.5966282,69.85966682434082,1723528283.566281,0.030347108840942383,-51.470612485058915,36.44644796437927,0.0,-2.3765616997638666,-51.676445,36.161239,-0.15245,-2.3713851561,0.20583251494108623,0.28520896437926524,0.15245,-0.00517654366386644,-0.2965941044047349,0.3833434231459638
1723528283.6966276,69.95966625213623,1723528283.6799939,0.01663374900817871,-51.66326897465107,36.336753458244566,0.0,-2.357812127664672,-51.883900000000004,36.026183,-0.158917,-2.354533988,0.2206310253489363,0.31057045824456253,0.158917,-0.0032781396646721635,-0.1878235674401459,0.41277920462368317
1723528283.796627,70.05966567993164,1723528283.8061185,-0.009491443634033203,-51.93323982984633,36.14425701073195,0.0,-2.342220251593093,-52.097926,35.883027,-0.158417,-2.3392247210000003,0.16468617015367215,0.26123001073194985,0.158417,-0.0029955305930928766,-0.17163126038654217,0.3470714609931201
1723528283.8966265,70.15966510772705,1723528283.8921576,0.0044689178466796875,-52.15638672816242,36.002287869008384,0.0,-2.3261747085727986,-52.299577,35.734274,-0.159475,-2.3224302155000003,0.14319027183758237,0.2680138690083851,0.159475,-0.003744493072798338,-0.2145436494873177,0.343172206850678
1723528283.9966261,70.25966477394104,1723528283.9778774,0.018748760223388672,-52.31585215209667,35.87273371987618,0.0,-2.3105223841097557,-52.511966,35.58251,-0.15720499999999998,-2.3063797223,0.19611384790333375,0.290223719876181,0.15720499999999998,-0.004142661809755754,-0.2373570376490323,0.3839321046008264
1723528284.0966256,70.35966420173645,1723528284.1245043,-0.027878761291503906,-52.50453940836225,35.725964763131984,0.0,-2.292080289990339,-52.896509,35.259460000000004,-0.15197,-2.2709355525,0.39196959163775347,0.4665047631319794,0.15197,-0.02114473749033907,-1.2115042171084731,0.6279822733911296
1723528284.196625,70.45966362953186,1723528284.185674,0.010951042175292969,-52.74515823276362,35.530309516372476,0.0,-2.2737785031515694,-53.093112000000005,35.10063,-0.152187,-2.2519560430000003,0.34795376723638327,0.4296795163724738,0.152187,-0.02182246015156908,-1.250334865277327,0.5734607169572072
1723528284.2966244,70.55966305732727,1723528284.3538253,-0.05720090866088867,-52.88066564006543,35.42653729264649,0.0,-2.2585899027591494,-53.281121,34.936689,-0.142183,-2.2349676055,0.4004553599345684,0.4898482926464922,0.142183,-0.023622297259149327,-1.3534579353527088,0.6484842716658656
1723528284.3966246,70.65966320037842,1723528284.4349904,-0.038365840911865234,-53.02026372232492,35.293845459667644,0.0,-2.2425889121743037,-53.458505,34.772138,-0.145534,-2.2159290384,0.4382412776750826,0.5217074596676454,0.145534,-0.026659873774303566,-1.527498249619103,0.696716754561821
1723528284.4966245,70.75966310501099,1723528284.5359507,-0.03932619094848633,-53.265630794898655,35.06270829478092,0.0,-2.221190310304947,-53.644078,34.613577,-0.145837,-2.1977515468,0.3784472051013452,0.4491312947809192,0.145837,-0.02343876350494689,-1.3429422258387178,0.6051525737940843
1723528284.5966244,70.85966300964355,1723528284.6218615,-0.025237083435058594,-53.46888587806109,34.88713941008207,0.0,-2.2004309865494145,-53.822036000000004,34.440201,-0.15614799999999998,-2.1797527203000002,0.35315012193891704,0.446938410082069,0.15614799999999998,-0.020678266249414268,-1.1847773837392517,0.5906362238604738
1723528284.696624,70.95966267585754,1723528284.7227533,-0.02612924575805664,-53.71507513738463,34.66225181714985,0.0,-2.1787170945885874,-54.005964,34.259659,-0.151853,-2.1606909152,0.2908888626153683,0.40259281714985207,0.151853,-0.018026179388587416,-1.0328239997117736,0.5193810166181633
1723528284.7966237,71.05966234207153,1723528284.8056703,-0.009046554565429688,-53.83141289396511,34.54224687067667,0.0,-2.16426254300554,-54.171865000000004,34.080421,-0.14546599999999998,-2.1432430044000004,0.3404521060348955,0.4618258706766696,0.14546599999999998,-0.021019538605539623,-1.20433084940972,0.5919046616524148
1723528284.8966231,71.15966176986694,1723528284.9404852,-0.043862104415893555,-53.98994546752218,34.3844676782558,0.0,-2.1490589787246153,-54.337025000000004,33.903911,-0.13966299999999998,-2.1263879300000004,0.34707953247782086,0.48055667825580173,0.13966299999999998,-0.02267104872461489,-1.298955409055881,0.6090194384831019
1723528284.996623,71.25966167449951,1723528285.025275,-0.028651952743530273,-54.169153597111205,34.20126859052847,0.0,-2.132130789416626,-54.496521,33.717204,-0.136683,-2.1120018382000003,0.32736740288879673,0.48406459052846884,0.136683,-0.020128951216625612,-1.1533039507373712,0.6001418055481971
1723528285.0966227,71.3596613407135,1723528285.1073868,-0.010764122009277344,-54.28604910224266,34.06084271557692,0.0,-2.1171132941397457,-54.668352,33.528596,-0.1421,-2.0963667342,0.3823028977573415,0.5322467155769175,0.1421,-0.020746559939745612,-1.188690323962611,0.6705478967799962
1723528285.1966226,71.45966124534607,1723528285.2114289,-0.014806270599365234,-54.489441502600904,33.83901566982193,0.0,-2.101715110262485,-54.834790000000005,33.329143,-0.135508,-2.0842105142,0.345348497399101,0.5098726698219309,0.135508,-0.01750459606248489,-1.0029394764617032,0.6305538376309835
1723528285.2966225,71.55966114997864,1723528285.3351686,-0.038546085357666016,-54.65134000329261,33.66754556117002,0.0,-2.0907552322022385,-54.99501,33.138876,-0.12875999999999999,-2.0723991481,0.3436699967073906,0.5286695611700196,0.12875999999999999,-0.018356084102238324,-1.0517261474454427,0.6435679522354723
1723528285.3966224,71.6596610546112,1723528285.432321,-0.035698652267456055,-54.84877555111929,33.448596272363304,0.0,-2.0761914442898015,-55.156309,32.948881,-0.11999699999999999,-2.063841124,0.30753344888071155,0.4997152723633036,0.11999699999999999,-0.01235032028980143,-0.7076212282404097,0.5989085536395318
1723528285.4966223,71.75966095924377,1723528285.5436835,-0.04706120491027832,-54.979193642625056,33.29994646345385,0.0,-2.0709013010275554,-55.321174,32.761691,-0.126209,-2.0565858864,0.34198035737494337,0.5382554634538508,0.126209,-0.014315414627555256,-0.8202128401387595,0.6500755498011086
1723528285.596622,71.85966062545776,1723528285.6265683,-0.029946327209472656,-55.16588708107322,33.08586417899245,0.0,-2.0602774702885998,-55.468834,32.578911,-0.11677799999999999,-2.0496614204,0.3029469189267786,0.506953178992454,0.11677799999999999,-0.010616049888599653,-0.6082548537170879,0.6020095204079278
1723528285.6966217,71.95966029167175,1723528285.7108095,-0.014187812805175781,-55.30718579610302,32.915004312021146,0.0,-2.053865085421145,-55.6188,32.385207,-0.12070099999999999,-2.0407007505,0.3116142038969798,0.5297973120211452,0.12070099999999999,-0.01316433492114477,-0.7542608310782807,0.6263843351299417
1723528285.7966213,72.05965995788574,1723528285.816458,-0.0198366641998291,-55.451543328312724,32.71892680474201,0.0,-2.0464156057956275,-55.783289,32.188829,-0.114964,-2.0322732493,0.33174567168727975,0.5300978047420131,0.114964,-0.01414235649562734,-0.8102973395688716,0.6358267016817915
1723528285.8966212,72.15965986251831,1723528285.942191,-0.045569658279418945,-55.59674578921637,32.54431511473986,0.0,-2.040368550747203,-55.928517,31.987163000000002,-0.122663,-2.0238673730000003,0.3317712107836286,0.557152114739857,0.122663,-0.01650117774720261,-0.9454478419099013,0.6599521398047965
1723528285.9966211,72.25965976715088,1723528286.046926,-0.05030488967895508,-55.79068539765739,32.27342025616533,0.0,-2.0279625500417064,-56.076589000000006,31.786039000000002,-0.12443,-2.0127073428,0.28590360234261425,0.4873812561653281,0.12443,-0.015255207241706257,-0.8740589905471785,0.5785880949291792
1723528286.096621,72.35965967178345,1723528286.1434994,-0.04687833786010742,-55.94450092132983,32.07317025778084,0.0,-2.0160846038097686,-56.224076000000004,31.589741,-0.130851,-2.0012707414000004,0.2795750786701703,0.4834292577808377,0.130851,-0.01481386240976823,-0.848771794367219,0.5735748042696467
1723528286.1966207,72.45965933799744,1723528286.2324076,-0.03578686714172363,-56.044718182940024,31.92378135275495,0.0,-2.006991524424021,-56.355343000000005,31.394453000000002,-0.12300399999999999,-1.9898256837,0.31062481705998124,0.5293283527549484,0.12300399999999999,-0.017165840724020942,-0.9835302252801933,0.6259442994546831
1723528286.2966204,72.55965900421143,1723528286.3175232,-0.02090287208557129,-56.20642780155936,31.725353455129557,0.0,-1.9946292260185812,-56.498898000000004,31.182491000000002,-0.125333,-1.9774327995,0.2924701984406468,0.5428624551295549,0.125333,-0.01719642651858111,-0.9852826622215451,0.6292430556265196
1723528286.3966205,72.65965914726257,1723528286.4402144,-0.0435938835144043,-56.321350235275276,31.54685894869806,0.0,-1.985156783353932,-56.637109,30.965423,-0.12347,-1.9651578874,0.31575876472472686,0.5814359486980578,0.12347,-0.019998895953932116,-1.1458523330815686,0.6730647820521409
1723528286.49662,72.75965857505798,1723528286.5350366,-0.03841662406921387,-56.47655092584388,31.326645475552688,0.0,-1.9725680994933663,-56.773922,30.758334,-0.116046,-1.9522300796,0.29737107415611774,0.5683114755526866,0.116046,-0.020338019893366255,-1.165282703542995,0.651823720882905
1723528286.5966196,72.85965824127197,1723528286.624871,-0.02825140953063965,-56.608407902053315,31.130720307332084,0.0,-1.96103602647426,-56.911866,30.538319,-0.11187899999999999,-1.9395202330999999,0.3034580979466881,0.5924013073320822,0.11187899999999999,-0.021515793374260017,-1.2327641532206395,0.6749392837723863
1723528286.6966195,72.95965814590454,1723528286.7315829,-0.034963369369506836,-56.74672012887378,30.906589068656682,0.0,-1.948012672297256,-57.050585000000005,30.332324,-0.109262,-1.9269788194,0.3038648711262226,0.5742650686566826,0.109262,-0.02103385289725601,-1.2051509979117883,0.6588265428986755
1723528286.7966194,73.05965805053711,1723528286.843828,-0.047208547592163086,-56.86969908603945,30.70856502819272,0.0,-1.9350827131065989,-57.184187,30.116666000000002,-0.108165,-1.9152722407,0.314487913960555,0.5918990281927172,0.108165,-0.019810472406598834,-1.1350564590584882,0.6789306112024589
1723528286.896619,73.1596577167511,1723528286.9268627,-0.030243635177612305,-57.02962764405264,30.457953527960427,0.0,-1.9200103034663087,-57.304931,29.904653,-0.10514599999999999,-1.9055983619999999,0.275303355947365,0.5533005279604275,0.10514599999999999,-0.014411941466308864,-0.825743420609081,0.626888421773101
1723528286.996619,73.25965762138367,1723528287.0545835,-0.05796456336975098,-57.12961425833646,30.2789031674692,0.0,-1.9140576136997247,-57.431952,29.679979,-0.10113799999999999,-1.8957229485,0.30233774166354266,0.5989241674691996,0.10113799999999999,-0.01833466519972471,-1.0504989347296103,0.6784888823384543
1723528287.0966184,73.35965704917908,1723528287.0545835,0.04203486442565918,-57.282431124727324,30.03071514518752,0.0,-1.9030824549064371,-57.431952,29.679979,-0.10113799999999999,-1.8957229485,0.1495208752726782,0.35073614518752194,0.10113799999999999,-0.007359506406437122,-0.42166865638833817,0.3944632184720272
1723528287.2366178,73.49965643882751,1723528287.2822504,-0.04563260078430176,-57.423785135834656,29.79526410084686,0.0,-1.8937499630325798,-57.693473000000004,29.243268,-0.10356499999999999,-1.8819398332,0.2696878641653484,0.5519961008468606,0.10356499999999999,-0.011810129832579896,-0.6766705949083736,0.6230224302970198
1723528287.3366177,73.59965634346008,1723528287.3561103,-0.019492626190185547,-57.54464688057529,29.587224877862333,0.0,-1.8870092989643397,-57.8155,29.011592,-0.095149,-1.8731985621,0.27085311942470724,0.5756328778623327,0.095149,-0.013810736864339646,-0.7912969342924022,0.6432479728527453
1723528287.4366174,73.69965600967407,1723528287.4166472,0.019970178604125977,-57.63467391057212,29.415686313755916,0.0,-1.883718601369999,-57.937682,28.785851,-0.09577999999999999,-1.8687498619,0.30300808942788393,0.6298353137559154,0.09577999999999999,-0.014968739469998884,-0.8576455962618288,0.7054645512800405
1723528287.536617,73.79965567588806,1723528287.5633621,-0.026745080947875977,-57.80033784722714,29.14799905062562,0.0,-1.8753610921531874,-58.059624,28.567765,-0.096241,-1.8635843007,0.2592861527728587,0.5802340506256201,0.096241,-0.011776791453187439,-0.6747604464733798,0.6427777163266979
1723528287.636617,73.89965558052063,1723528287.6455247,-0.008907794952392578,-57.9019689767412,28.958667996974533,0.0,-1.8720586326609117,-58.183937,28.342576,-0.09261799999999999,-1.8580375518,0.28196802325879844,0.6160919969745322,0.09261799999999999,-0.014021080860911583,-0.8033487575418885,0.6838518909826464
1723528287.7366166,73.99965524673462,1723528287.7532656,-0.01664900779724121,-58.05786881897299,28.680367134309478,0.0,-1.8631177194039368,-58.307190000000006,28.12032,-0.088866,-1.8533214569,0.24932118102701395,0.5600471343094782,0.088866,-0.009796262503936726,-0.5612844964778344,0.619444113631701
1723528287.8366163,74.09965491294861,1723528287.8492339,-0.01261758804321289,-58.14606677371506,28.52134868739098,0.0,-1.8631557110737687,-58.430098,27.89742,-0.087021,-1.8510701075,0.28403122628493804,0.6239286873909791,0.087021,-0.012085603573768642,-0.6924540776451679,0.6910379142242167
1723528287.9366162,74.19965481758118,1723528287.9340382,0.0025780200958251953,-58.2895459954504,28.239214536823017,0.0,-1.8578517167156654,-58.544784,27.672042,-0.065811,-1.8484246104,0.25523800454959655,0.5671725368230156,0.065811,-0.009427106315665457,-0.5401334049087538,0.6254296229102958
1723528288.0366158,74.29965448379517,1723528288.0362425,0.0003733634948730469,-58.39289694483159,28.04270671288835,0.0,-1.857147994461876,-58.669279,27.434594,-0.066233,-1.8454522735,0.27638205516841197,0.6081127128883494,0.066233,-0.011695720961875988,-0.6701154494781817,0.6712487782369091
1723528288.1366153,74.39965391159058,1723528288.1371791,-0.0005638599395751953,-58.53553671597386,27.780357165174014,0.0,-1.8523779841507977,-58.80532,27.197256,-0.082633,-1.8438788964,0.2697832840261398,0.5831011651740141,0.082633,-0.008499087750797774,-0.486961857832048,0.6477794392045967
1723528288.2366147,74.49965333938599,1723528288.246671,-0.010056257247924805,-58.67168324670222,27.552928324072624,0.0,-1.8507807654559023,-58.936198000000005,26.969722,-0.083394,-1.8429483423,0.2645147532977816,0.5832063240726235,0.083394,-0.00783242315590238,-0.44876479019374316,0.6457958116823678
1723528288.3366146,74.59965324401855,1723528288.335794,0.0008206367492675781,-58.79041690706438,27.332773577159795,0.0,-1.8491289328981864,-59.056611000000004,26.74466,-0.083149,-1.8431193844,0.2661940929356206,0.5881135771597954,0.083149,-0.006009548498186357,-0.3443217657252605,0.6508844989354935
1723528288.4366143,74.69965291023254,1723528288.444843,-0.008228778839111328,-58.87709198213265,27.183417634684098,0.0,-1.8543028328593296,-59.184708,26.509526,-0.078694,-1.8438111803,0.30761601786735326,0.6738916346840966,0.078694,-0.010491652559329712,-0.6011274117672211,0.7449498609851348
1723528288.4366143,74.69965291023254,1723528288.444843,-0.008228778839111328,-58.87709198213265,27.183417634684098,0.0,-1.8543028328593296,-59.184708,26.509526,-0.078694,-1.8438111803,0.30761601786735326,0.6738916346840966,0.078694,-0.010491652559329712,-0.6011274117672211,0.7449498609851348
1723528288.536614,74.79965257644653,1723528288.5253415,0.011272430419921875,-59.023851337267644,26.908644387342477,0.0,-1.8520833417748517,-59.295058000000004,26.276851,-0.06948299999999999,-1.8435223687,0.2712066627323608,0.6317933873424764,0.06948299999999999,-0.008560973074851708,-0.49050762571413786,0.6910454583376588
1723528288.636614,74.89965271949768,1723528288.6300018,0.006612300872802734,-59.023913964284446,26.908526639501385,0.0,-1.8520833417748517,-59.418758000000004,26.041634000000002,-0.065121,-1.8415584634,0.3948440357155576,0.8668926395013834,0.065121,-0.01052487837485172,-0.6030311107675124,0.9548012387941398
1723528288.7366138,74.99965238571167,1723528288.7351184,0.001495361328125,-59.34247398403297,26.342403203852502,0.0,-1.8449610351210617,-59.553419000000005,25.801056000000003,-0.051557,-1.8414490448,0.21094501596703452,0.5413472038524993,0.051557,-0.003511990321061642,-0.20122222308762705,0.5832775661117543
1723528288.8366134,75.09965205192566,1723528288.8357563,0.0008571147918701172,-59.44039875497706,26.141363014178864,0.0,-1.8469603100462018,-59.67495,25.566745,-0.056317,-1.8418517842,0.2345512450229421,0.5746180141788635,0.056317,-0.005108525846201805,-0.2926969705208609,0.6231947955893669
1723528288.9366133,75.19965195655823,1723528288.926115,0.010498285293579102,-59.51480891346487,25.98391164031044,0.0,-1.8487525374976008,-59.810032,25.32094,-0.071166,-1.8399012364,0.2952230865351311,0.6629716403104382,0.071166,-0.008851301097600794,-0.5071421960920387,0.7292137315185737
1723528289.0366132,75.2996518611908,1723528289.0544116,-0.017798423767089844,-59.683073231815655,25.699297011813805,0.0,-1.846534543879396,-59.943054000000004,25.073173,-0.074403,-1.8391091594,0.2599807681843487,0.6261240118138041,0.074403,-0.007425384479396113,-0.4254431919313433,0.6820242549972374
1723528289.1366127,75.3996512889862,1723528289.1556811,-0.019068479537963867,-59.829186127682085,25.425367931069218,0.0,-1.8429013078263323,-60.064068,24.835003,-0.061968,-1.8383414002,0.23488187231791358,0.5903649310692174,0.061968,-0.004559907626332294,-0.2612634619583577,0.6383888147547155
1723528289.1366127,75.3996512889862,1723528289.1556811,-0.019068479537963867,-59.829186127682085,25.425367931069218,0.0,-1.8429013078263323,-60.064068,24.835003,-0.061968,-1.8383414002,0.23488187231791358,0.5903649310692174,0.061968,-0.004559907626332294,-0.2612634619583577,0.6383888147547155
1723528289.2366126,75.49965119361877,1723528289.2380605,-0.001447916030883789,-59.90651370566132,25.273368949258206,0.0,-1.8479085876726828,-60.189277000000004,24.599795,-0.052289,-1.8368162647,0.28276329433868597,0.6735739492582056,0.052289,-0.011092322972682922,-0.6355432913307386,0.7323872508895565
1723528289.3366125,75.59965109825134,1723528289.3718088,-0.03519630432128906,-60.12264396065865,24.868150050062745,0.0,-1.850202801161114,-60.317014,24.350194000000002,-0.044966,-1.8360283028,0.19437003934135078,0.5179560500627431,0.044966,-0.014174498361114063,-0.812138932806938,0.5550496582704625
1723528289.4366124,75.69965100288391,1723528289.4856615,-0.04904913902282715,-60.19410830595706,24.7054580439032,0.0,-1.8447172603166162,-60.445356000000004,24.101721,-0.044213,-1.8366352154,0.2512476940429451,0.6037370439031982,0.044213,-0.008082044916616127,-0.4630670635572654,0.6554224678113114
1723528289.5366125,75.79965114593506,1723528289.5705855,-0.033972978591918945,-60.28953669677452,24.534353417910815,0.0,-1.8467491663350715,-60.570943,23.874996,-0.041827,-1.8361764581,0.28140630322548077,0.6593574179108153,0.041827,-0.010572708235071502,-0.6057715598928065,0.7181164320484866
1723528289.6366122,75.89965081214905,1723528289.6637936,-0.027181386947631836,-60.44669490121994,24.25084946917721,0.0,-1.8484970456759389,-60.699165,23.614324,-0.040209,-1.8353156903999999,0.25247009878005855,0.6365254691772115,0.040209,-0.013181355275939,-0.7552360255738053,0.6859464901654369
1723528289.7366123,75.9996509552002,1723528289.7451856,-0.008573293685913086,-60.575630969784086,23.963454415902426,0.0,-1.8433693034062824,-60.820126,23.363281,-0.045473,-1.8356209661,0.24449503021591568,0.6001734159024252,0.045473,-0.007748337306282327,-0.4439470258937424,0.6496566344502818
1723528289.8366122,76.09965085983276,1723528289.8538315,-0.01721930503845215,-60.69636334782318,23.711515974199006,0.0,-1.841843779483554,-60.944282,23.120238,-0.042493,-1.8357371331999999,0.2479186521768213,0.5912779741990057,0.042493,-0.0061066462835541735,-0.34988505902690353,0.642556577990648
1723528289.936612,76.19965052604675,1723528289.987714,-0.0511021614074707,-60.785302298351255,23.556714472940826,0.0,-1.8475092222796217,-61.080505,22.876761000000002,-0.037815,-1.8353093840999999,0.29520270164874773,0.6799534729408236,0.037815,-0.01219983817962178,-0.6989992384348931,0.7422340160960066
1723528290.036612,76.2996506690979,1723528290.0747018,-0.038089752197265625,-60.937212289191095,23.28622124217327,0.0,-1.8443947250463435,-61.206008000000004,22.628882,-0.034845,-1.8349087239,0.2687957108089094,0.6573392421732684,0.034845,-0.009486001146343568,-0.5435078301417473,0.7110275574653866
1723528290.136612,76.39965057373047,1723528290.1736786,-0.03706669807434082,-61.08339677729067,22.99532770103059,0.0,-1.845492029309819,-61.328512,22.398961,-0.023188,-1.8362416449999999,0.24511522270933028,0.5963667010305898,0.023188,-0.00925038430981906,-0.530007979826669,0.6451917527727346
1723528290.236612,76.49965071678162,1723528290.255303,-0.018690824508666992,-61.17355116843842,22.82245093735893,0.0,-1.8463387652403909,-61.463115,22.151949000000002,-0.038154,-1.8359272136,0.28956383156157983,0.670501937358928,0.038154,-0.010411551640390869,-0.5965379671769058,0.731352027594577
1723528290.336612,76.59965062141418,1723528290.3396225,-0.0030105113983154297,-61.35176816367752,22.514712712904004,0.0,-1.843999902787824,-61.589735000000005,21.885089,-0.034782,-1.835681932,0.23796683632248516,0.629623712904003,0.034782,-0.008317970787824036,-0.47658462025542564,0.6739911146034159
1723528290.436612,76.69965052604675,1723528290.4724526,-0.035840749740600586,-61.4560843344598,22.324164037286508,0.0,-1.8456281990984393,-61.730050000000006,21.621893,-0.040888,-1.8359612994999999,0.27396566554020296,0.7022710372865077,0.040888,-0.009666899598439471,-0.553872547967292,0.7549262376221626
1723528290.48972,76.75275874137878,1723528290.4724526,0.017267465591430664,-61.616117883309514,22.02795786001323,0.0,-1.8437558574009847,-61.730050000000006,21.621893,-0.040888,-1.8359612994999999,0.11393211669049208,0.40606486001323105,0.040888,-0.007794557900984822,-0.44659527089678014,0.42372281776550674
1723528290.5366118,76.79965043067932,1723528290.5825984,-0.04598665237426758,-61.616138935045896,22.02791806211919,0.0,-1.8437558574008668,-61.867939,21.364905,-0.051148,-1.833523311,0.2518000649541037,0.663013062119191,0.051148,-0.010232546400866793,-0.5862817224414478,0.7110595693439172
1723528290.6266117,76.88965034484863,1723528290.5825984,0.044013261795043945,-61.81006217325185,21.65663258723085,0.0,-1.8416385019160102,-61.867939,21.364905,-0.051148,-1.833523311,0.05787682674814931,0.2917275872308487,0.051148,-0.008115190916010206,-0.46496618943028933,0.30177943954147657
1723528290.7366116,76.99965023994446,1723528290.7719197,-0.035308122634887695,-61.918418505867855,21.442922626770347,0.0,-1.8399959504253536,-62.141626,20.868739,-0.013797,-1.8332063366,0.22320749413214713,0.5741836267703455,0.013797,-0.006789613825353591,-0.38901621671643477,0.6161970300941899
1723528290.8366117,77.0996503829956,1723528290.8524525,-0.015840768814086914,-62.01236357822807,21.28613687285172,0.0,-1.8446408242480776,-62.275261,20.607952,-0.008185999999999999,-1.8335901924,0.26289742177193176,0.6781848728517197,0.008185999999999999,-0.011050631848077641,-0.6331545658477019,0.727404142643711
1723528290.9366117,77.19965028762817,1723528290.974811,-0.038199424743652344,-62.20699929070669,20.965027130533482,0.0,-1.8399832991694003,-62.398712,20.339079,-0.016586,-1.8343568156999999,0.19171270929331286,0.6259481305334802,0.016586,-0.005626483469400423,-0.3223737562967691,0.6548587026366383
1723528291.0366118,77.29965043067932,1723528291.0738237,-0.03721189498901367,-62.31693265090893,20.7444570034355,0.0,-1.8434440379296146,-62.544136,20.076759000000003,-0.01854,-1.8342714696,0.2272033490910701,0.6676980034354969,0.01854,-0.009172568329614661,-0.5255494525822835,0.7055393094859758
1723528291.1366115,77.39965009689331,1723528291.176816,-0.040204524993896484,-62.43368872875442,20.523817034659704,0.0,-1.8436204491291595,-62.702747,19.798468,-0.026966,-1.8313719248,0.26905827124558357,0.725349034659704,0.026966,-0.01224852432915946,-0.701788749324145,0.774112873270705
1723528291.2666113,77.52964997291565,1723528291.267667,-0.0010557174682617188,-62.64317522882956,20.147039382314755,0.0,-1.8394813373271055,-62.840672000000005,19.529299,-0.03136,-1.8321761684,0.1974967711704423,0.6177403823147536,0.03136,-0.007305168927105533,-0.4185553481532588,0.6493008579735037
1723528291.2666113,77.52964997291565,1723528291.267667,-0.0010557174682617188,-62.64317522882956,20.147039382314755,0.0,-1.8394813373271055,-62.840672000000005,19.529299,-0.03136,-1.8321761684,0.1974967711704423,0.6177403823147536,0.03136,-0.007305168927105533,-0.4185553481532588,0.6493008579735037
1723528291.3666115,77.6296501159668,1723528291.3778403,-0.011228799819946289,-62.758333552561595,19.94862083083729,0.0,-1.8405710953668801,-62.985302000000004,19.259272,-0.030885000000000003,-1.830601821,0.22696844743840927,0.6893488308372895,0.030885000000000003,-0.00996927436688022,-0.5711973460301925,0.7264092303477014
1723528291.4666111,77.72964978218079,1723528291.466574,3.719329833984375e-05,-62.98831840726153,19.537015473394245,0.0,-1.8361013926243699,-63.116065,18.999813,-0.035478,-1.83090332,0.12774659273846822,0.5372024733942453,0.035478,-0.005198072624369887,-0.29782762297888626,0.5533212248424806
1723528291.5666113,77.82964992523193,1723528291.580743,-0.014131784439086914,-63.050239703586335,19.400935611350274,0.0,-1.8399398510333353,-63.25471,18.740624,-0.028629,-1.8316288473,0.20447029641366754,0.6603116113502736,0.028629,-0.008311003733335376,-0.47618543743758773,0.6918375140453775
1723528291.6666112,77.9296498298645,1723528291.6647248,0.0018863677978515625,-63.20670822966586,19.12376606401051,0.0,-1.8393259073736943,-63.393108000000005,18.473979,-0.015733,-1.8306558915,0.18639977033414823,0.6497870640105106,0.015733,-0.008670015873694316,-0.49675531787411337,0.6761772180612288
1723528291.7666109,78.02964949607849,1723528291.7753217,-0.008710861206054688,-63.34095630952629,18.866355202136802,0.0,-1.8373684285036858,-63.539421000000004,18.203035,-0.012506,-1.8306447912,0.1984646904737133,0.6633202021368021,0.012506,-0.00672363730368586,-0.38523604047792037,0.6924870568924988
1723528291.866611,78.12964963912964,1723528291.8760257,-0.0094146728515625,-63.483036448067054,18.57623344492728,0.0,-1.8384618944974935,-63.677752000000005,17.936683000000002,-0.027106,-1.8310875548999999,0.19471555193295131,0.6395504449272771,0.027106,-0.007374339597493673,-0.42251853563258973,0.6690841897752718
1723528291.966611,78.2296495437622,1723528291.9766867,-0.010075807571411133,-63.58557669713513,18.391186876387955,0.0,-1.8402577769637496,-63.810161,17.652789000000002,-0.026756000000000002,-1.8303066144,0.2245843028648693,0.7383978763879533,0.026756000000000002,-0.009951162563749616,-0.570159616151437,0.7722599410066138
1723528291.966611,78.2296495437622,1723528291.9766867,-0.010075807571411133,-63.58557669713513,18.391186876387955,0.0,-1.8402577769637496,-63.810161,17.652789000000002,-0.026756000000000002,-1.8303066144,0.2245843028648693,0.7383978763879533,0.026756000000000002,-0.009951162563749616,-0.570159616151437,0.7722599410066138
1723528292.0666106,78.3296492099762,1723528292.0801535,-0.013542890548706055,-63.79222505989651,18.016386027821042,0.0,-1.8359356754386675,-63.966162000000004,17.363813,-0.027085,-1.8287702715,0.17393694010349492,0.6525730278210418,0.027085,-0.007165403938667492,-0.41054740419206426,0.6758988186090348
1723528292.1666105,78.42964911460876,1723528292.1641068,0.002503633499145508,-64.00932829072444,17.568028125365625,0.0,-1.869880572613644,-64.101277,17.085497,-0.021468,-1.8293509903,0.09194870927555598,0.48253112536562526,0.021468,-0.04052958231364401,-2.322174011999868,0.4916825470850653
1723528292.2666104,78.52964901924133,1723528292.3118975,-0.045287132263183594,-64.11880740838785,17.377996845149177,0.0,-1.8402281405790901,-64.248019,16.803991,-0.02579,-1.829077702,0.12921159161214746,0.574005845149177,0.02579,-0.01115043857909015,-0.6388730703017161,0.5889341811886667
1723528292.3666105,78.62964916229248,1723528292.375408,-0.008797407150268555,-64.26482405869157,17.052450713497546,0.0,-1.8335347348760407,-64.39658800000001,16.523101,-0.029301,-1.8266034116,0.13176394130843505,0.5293497134975453,0.029301,-0.006931323276040624,-0.39713557015791906,0.5462887551561593
1723528292.4666104,78.72964906692505,1723528292.4862292,-0.019618749618530273,-64.3277259449717,16.927417781280294,0.0,-1.8359732877214445,-64.54946100000001,16.243891,-0.039616,-1.8285888406,0.22173505502830437,0.6835267812802925,0.039616,-0.007384447121444594,-0.4230976540963049,0.7196837658387203
1723528292.5666103,78.82964897155762,1723528292.5543358,0.012274503707885742,-64.45073599942523,16.72134266460487,0.0,-1.8382091406545331,-64.687183,15.959895999999999,-0.05822,-1.8275635918,0.23644700057477053,0.7614466646048701,0.05822,-0.01064554885453317,-0.6099450199650785,0.799435910826307
1723528292.6666105,78.92964911460876,1723528292.6693292,-0.002718687057495117,-64.64374633917008,16.36791798338812,0.0,-1.8368182752537054,-64.81038600000001,15.663395999999999,-0.053588000000000004,-1.8270891224999999,0.16663966082992943,0.7045219833881227,0.053588000000000004,-0.009729152753705561,-0.5574393910254115,0.725941922871691
1723528292.7666101,79.02964878082275,1723528292.7748816,-0.008271455764770508,-64.7751664350198,16.122954430116103,0.0,-1.8369380115456553,-64.972103,15.374464999999999,-0.040998,-1.8257789843,0.19693656498020573,0.7484894301161038,0.040998,-0.011159027245655206,-0.639365164647539,0.7750492072286331
1723528292.8666103,79.1296489238739,1723528292.8974395,-0.030829191207885742,-64.96695695166314,15.781211343360708,0.0,-1.836521045598624,-65.11612,15.115483999999999,-0.030858,-1.8261450145,0.14916304833685956,0.6657273433607092,0.030858,-0.01037603109862406,-0.5945027900476495,0.6829309824947554
1723528292.9666102,79.22964882850647,1723528292.9841855,-0.01757526397705078,-65.12774913769817,15.485593947099039,0.0,-1.835447605649606,-65.238409,14.850722,-0.020710000000000003,-1.8274484455,0.11065986230183,0.6348719470990396,0.020710000000000003,-0.00799916014960611,-0.4583181162216663,0.6447766267770457
1723528293.06661,79.32964873313904,1723528293.08513,-0.018519878387451172,-65.26119819320077,15.213456509767306,0.0,-1.8342222359749971,-65.37535,14.595540999999999,-0.014681999999999999,-1.8267014931,0.11415180679922798,0.6179155097673075,0.014681999999999999,-0.007520742874997044,-0.4309068255404155,0.6285425787729259
1723528293.1666102,79.42964887619019,1723528293.1936338,-0.0270235538482666,-65.373412124951,14.987100853713166,0.0,-1.8351146641545,-65.513357,14.318722999999999,-0.004529999999999999,-1.824957889,0.13994487504899666,0.6683778537131673,0.004529999999999999,-0.010156775154499973,-0.5819403498161831,0.682886553013529
1723528293.2666104,79.52964901924133,1723528293.2787366,-0.01212620735168457,-65.46381356627252,14.826108617585307,0.0,-1.8373649108034427,-65.642508,14.052442,0.005731,-1.8235094873,0.17869443372748606,0.7736666175853077,-0.005731,-0.01385542350344271,-0.7938572901136322,0.7940557790055291
1723528293.3666105,79.62964916229248,1723528293.400128,-0.03351736068725586,-65.61924964044161,14.52117581081704,0.0,-1.8331993724437003,-65.76579100000001,13.784671999999999,0.029987999999999997,-1.8215140242999999,0.1465413595583982,0.736503810817041,-0.029987999999999997,-0.01168534814370048,-0.6695211307750685,0.7515394291407786
1723528293.4666104,79.72964906692505,1723528293.5260656,-0.059455156326293945,-65.75799588318759,14.280775691055272,0.0,-1.8352512563620655,-65.89536,13.529252,0.064597,-1.8223134938,0.13736411681240668,0.7515236910552723,-0.064597,-0.012937762562065469,-0.7412791911487142,0.7667004181647438
1723528293.5666103,79.82964897155762,1723528293.5260656,0.040544748306274414,-65.88842753398026,14.021912448003052,0.0,-1.834072564688156,-65.89536,13.529252,0.064597,-1.8223134938,0.006932466019733852,0.4926604480030523,-0.064597,-0.011759070888155865,-0.6737451328864835,0.49692569718287155
1723528293.6666105,79.92964911460876,1723528293.7018101,-0.035199642181396484,-66.05487759949749,13.682839514034843,0.0,-1.8290511305587278,-66.14415100000001,13.044383,0.10083800000000001,-1.8202661603999999,0.08927340050252042,0.6384565140348428,-0.10083800000000001,-0.008784970158727923,-0.5033417132434829,0.6525065230285494
1723528293.7666104,80.02964901924133,1723528293.7824643,-0.0158538818359375,-66.17897183383211,13.441057776201495,0.0,-1.830058565889967,-66.260323,12.778640999999999,0.10792,-1.8187638792,0.08135116616789162,0.6624167762014963,-0.10792,-0.011294686689967026,-0.6471378782576963,0.6760626627983971
1723528293.8666105,80.12964916229248,1723528293.8916876,-0.025077104568481445,-66.27873036795559,13.2062164928482,0.0,-1.8295343587864517,-66.373579,12.532902,0.12098800000000001,-1.8199056892,0.09484863204441751,0.6733144928482009,-0.12098800000000001,-0.009628669586451588,-0.5516821296296518,0.6906422847061475
1723528293.9666104,80.22964906692505,1723528293.9723623,-0.005751848220825195,-66.38551194633851,12.99041411255651,0.0,-1.8308506635224975,-66.491057,12.282186999999999,0.145619,-1.8183112127,0.10554505366148703,0.7082271125565107,-0.145619,-0.012539450822497411,-0.7184576095409504,0.7307053403893657
1723528294.0666103,80.32964897155762,1723528294.1170194,-0.05040907859802246,-66.52729881927702,12.736259952948412,0.0,-1.8287236188439697,-66.608283,12.031944999999999,0.176759,-1.8164239288,0.08098418072297875,0.7043149529484136,-0.176759,-0.012299690043969802,-0.7047203288385476,0.7306584253637934
1723528294.1666105,80.42964911460876,1723528294.2024605,-0.03585004806518555,-66.64664387262745,12.469081305992155,0.0,-1.8267148724087774,-66.72054,11.795985,0.213279,-1.8160329348,0.07389612737254936,0.6730963059921553,-0.213279,-0.01068193760877745,-0.6120299420050146,0.709934649543143
1723528294.2666104,80.52964901924133,1723528294.283362,-0.016751527786254883,-66.73800914167533,12.242497132868586,0.0,-1.82498626955862,-66.83977300000001,11.561620999999999,0.225295,-1.815106677,0.1017638583246736,0.6808761328685868,-0.225295,-0.009879592558620143,-0.5660589569177885,0.7243659490866518
1723528294.3666103,80.6296489238739,1723528294.394837,-0.028226613998413086,-66.84358859757904,12.013111519891915,0.0,-1.8254438148733867,-66.939515,11.332790999999999,0.245165,-1.8141650835,0.0959264024209574,0.6803205198919162,-0.245165,-0.011278731373386641,-0.6462237059568452,0.7294818446626583
1723528294.4666104,80.72964906692505,1723528294.4965072,-0.02989673614501953,-66.94531272822638,11.76623250223089,0.0,-1.8224840751463585,-67.044652,11.116213,0.259301,-1.8137694977,0.09933927177361568,0.6500195022308901,-0.259301,-0.008714577446358396,-0.49930850791623066,0.7068455650267649
1723528294.5666103,80.82964897155762,1723528294.6060312,-0.03942084312438965,-67.03862316420575,11.562917633059842,0.0,-1.8214056880984788,-67.149668,10.884405,0.27503999999999995,-1.8121087444,0.11104483579426017,0.6785126330598423,-0.27503999999999995,-0.009296943698478888,-0.5326756362935865,0.7405115464179978
1723528294.6666105,80.92964911460876,1723528294.6922286,-0.02561807632446289,-67.13710491670717,11.387621160144914,0.0,-1.825014984126044,-67.25386,10.638770999999998,0.28940699999999997,-1.8101595948,0.11675508329282991,0.7488501601449151,-0.28940699999999997,-0.01485538932604391,-0.8511511114060085,0.8112735195190218
1723528294.7666104,81.02964901924133,1723528294.8139045,-0.04729413986206055,-67.28616668165309,11.078688012633998,0.0,-1.8230383386693365,-67.366298,10.421325999999999,0.302685,-1.8097716432,0.08013131834691478,0.6573620126339996,-0.302685,-0.013266695469336565,-0.760125658478316,0.7281236523141089
1723528294.8966105,81.15964913368225,1723528294.9021068,-0.00549626350402832,-67.37372291983498,10.879334699292212,0.0,-1.8190213531037225,-67.469939,10.231428,0.32577,-1.810446175,0.09621608016502137,0.6479066992922125,-0.32577,-0.008575178103722436,-0.4913215139162921,0.7315508990972885
1723528294.9666104,81.22964906692505,1723528294.992921,-0.02631068229675293,-67.48330921854668,10.70555060265142,0.0,-1.8213733299251798,-67.57380500000001,10.030513,0.346151,-1.8097613916,0.0904957814533276,0.67503760265142,-0.346151,-0.011611938325179816,-0.6653150579990131,0.7639933024936965
1723528295.0666103,81.32964897155762,1723528295.1089716,-0.04236125946044922,-67.62577443186846,10.45225253766695,0.0,-1.8201298421578467,-67.670753,9.832692,0.36590599999999995,-1.809345913,0.04497856813154044,0.6195605376669509,-0.36590599999999995,-0.01078392915784665,-0.6178736273126813,0.7209476626367026
1723528295.1966102,81.45964884757996,1723528295.2276478,-0.031037569046020508,-67.71423632296184,10.240874746417076,0.0,-1.8185969966287703,-67.767543,9.617699,0.38226,-1.8087412779,0.05330667703816516,0.6231757464170755,-0.38226,-0.009855718728770226,-0.5646910872265749,0.7330159072894192
1723528295.2966099,81.55964851379395,1723528295.3132365,-0.016626596450805664,-67.79435642783143,10.044896788790341,0.0,-1.817678167320718,-67.867824,9.408553999999999,0.402315,-1.8076043667,0.07346757216856759,0.6363427887903423,-0.402315,-0.010073800620718167,-0.5771862592234199,0.7564304252413528
1723528295.39661,81.65964865684509,1723528295.4169133,-0.02030324935913086,-67.87931761861998,9.906795154049027,0.0,-1.81873387032295,-67.966019,9.217789999999999,0.42816699999999996,-1.8077475155,0.08670138138002415,0.6890051540490276,-0.42816699999999996,-0.010986354822950073,-0.629471763588236,0.8158260915957081
1723528295.49661,81.75964856147766,1723528295.5177808,-0.021170854568481445,-67.98399879537618,9.696265629966828,0.0,-1.8183059577524399,-68.054405,9.033779,0.43785999999999997,-1.8061736231,0.07040620462382208,0.6624866299668284,-0.43785999999999997,-0.012132334652439791,-0.6951315712251185,0.7972245280561411
1723528295.5966098,81.85964846611023,1723528295.6063054,-0.00969552993774414,-68.07753413783462,9.483677824022214,0.0,-1.8154970502322203,-68.139469,8.840637,0.454306,-1.8058031503,0.06193486216538702,0.643040824022215,-0.454306,-0.009693899932220251,-0.5554195531383752,0.7897666555044057
1723528295.69661,81.95964860916138,1723528295.7466903,-0.050080299377441406,-68.15839863276338,9.317869898596129,0.0,-1.8153189847552296,-68.232446,8.641981999999999,0.465441,-1.8049871618,0.07404736723661642,0.6758878985961303,-0.465441,-0.010331822955229608,-0.5919698500110382,0.8239798471712565
1723528295.7966099,82.05964851379395,1723528295.8360343,-0.03942441940307617,-68.24652390524359,9.118370487549983,0.0,-1.8147983451854774,-68.333228,8.455019,0.482531,-1.8044269495,0.0867040947564135,0.6633514875499831,-0.482531,-0.010371395685477403,-0.5942372004380465,0.8248569342881857
1723528295.89661,82.15964865684509,1723528295.9175515,-0.020941495895385742,-68.33459642297906,8.924816502031588,0.0,-1.8126056606154703,-68.42026800000001,8.264304,0.5021570000000001,-1.8034596633,0.08567157702094619,0.6605125020315885,-0.5021570000000001,-0.009145997315470389,-0.5240270456144343,0.8341331051446677
1723528295.99661,82.25964856147766,1723528295.9988506,-0.0022406578063964844,-68.43758603266068,8.704401926517642,0.0,-1.8106834168976407,-68.511775,8.080001999999999,0.49676099999999995,-1.8033569007999999,0.07418896733932456,0.6243999265176434,-0.49676099999999995,-0.0073265160976407895,-0.41977845092947497,0.8013430989477065
1723528296.0966098,82.35964846611023,1723528296.1153991,-0.018789291381835938,-68.5239605211911,8.52177996726276,0.0,-1.8098484761389977,-68.606098,7.879733,0.506923,-1.8012430029,0.0821374788089031,0.6420469672627593,-0.506923,-0.00860547323899774,-0.49305729730734493,0.8221567986250492
1723528296.19661,82.45964860916138,1723528296.2398841,-0.0432741641998291,-68.63681864995318,8.330602036889534,0.0,-1.8131933767408406,-68.697874,7.686516,0.505873,-1.8011942658,0.06105535004681428,0.6440860368895338,-0.505873,-0.011999110940840607,-0.6874984148194172,0.8212685741061841
1723528296.2966099,82.55964851379395,1723528296.3304853,-0.033875465393066406,-68.74334973871453,8.153490440202098,0.0,-1.8110560515433576,-68.794341,7.500844,0.5282830000000001,-1.8020304201,0.05099126128547482,0.6526464402020986,-0.5282830000000001,-0.009025631443357662,-0.5171305891449636,0.8412077108092597
1723528296.39661,82.65964865684509,1723528296.4247372,-0.028127193450927734,-68.86113198473579,7.908448709523646,0.0,-1.8106110516064247,-68.885806,7.296914,0.5504020000000001,-1.7999991014999999,0.024674015264210425,0.6115347095236459,-0.5504020000000001,-0.010611950106424795,-0.6080199535015455,0.8231195961617173
1723528296.49661,82.75964856147766,1723528296.5347168,-0.03810691833496094,-68.9310531354093,7.683002662613902,0.0,-1.8078617690834442,-68.962734,7.108891,0.548138,-1.798037597,0.03168086459069741,0.5741116626139018,-0.548138,-0.009824172083444216,-0.5628835975915983,0.794394829649912
1723528296.5966098,82.85964846611023,1723528296.6152983,-0.018688440322875977,-68.9991148986227,7.53845124449776,0.0,-1.807285076829108,-69.053254,6.917823,0.5530360000000001,-1.7971603401,0.05413910137730227,0.6206282444977598,-0.5530360000000001,-0.010124736729107962,-0.5801046832589761,0.8330421822826939
1723528296.69661,82.95964860916138,1723528296.736297,-0.03968691825866699,-69.09702863435156,7.326889608926456,0.0,-1.8042410391714823,-69.143061,6.730479,0.5591430000000001,-1.7964608644,0.046032365648443374,0.5964106089264565,-0.5591430000000001,-0.007780174771482296,-0.4457711782800953,0.8188195696099468
1723528296.69661,82.95964860916138,1723528296.736297,-0.03968691825866699,-69.09702863435156,7.326889608926456,0.0,-1.8042410391714823,-69.143061,6.730479,0.5591430000000001,-1.7964608644,0.046032365648443374,0.5964106089264565,-0.5591430000000001,-0.007780174771482296,-0.4457711782800953,0.8188195696099468
1723528296.7966099,83.05964851379395,1723528296.8167388,-0.020128965377807617,-69.26981743846511,7.045891075169494,0.0,-1.8042193925277232,-69.239535,6.531491,0.569756,-1.7948528595,-0.030282438465107475,0.5144000751694939,-0.569756,-0.009366533027723278,-0.5366628111584364,0.7682098430440566
1723528296.89661,83.15964865684509,1723528296.9382663,-0.0416562557220459,-69.335494196106,6.939231547984986,0.0,-1.7957410121476858,-69.330849,6.335821,0.584554,-1.7927457983,-0.004645196105997229,0.6034105479849856,-0.584554,-0.0029952138476858625,-0.17161311221154013,0.8401364449792688
1723528296.99661,83.25964856147766,1723528297.0539627,-0.05735278129577637,-69.37341422119889,6.816845495865583,0.0,-1.8019738603856132,-69.412566,6.1486,0.5965670000000001,-1.7905310772,0.03915177880111287,0.668245495865583,-0.5965670000000001,-0.011442783185613203,-0.6556231824188998,0.8966476955956171
1723528297.0966098,83.35964846611023,1723528297.0539627,0.04264712333679199,-69.45876920672707,6.600787789175525,0.0,-1.7983970889541434,-69.412566,6.1486,0.5965670000000001,-1.7905310772,-0.04620320672707123,0.45218778917552527,-0.5965670000000001,-0.007866011754143367,-0.45068927511271223,0.750000478986723
1723528297.19661,83.45964860916138,1723528297.1516175,0.04499244689941406,-69.53950080882242,6.395103212758361,0.0,-1.798192964375727,-69.498227,5.9458660000000005,0.60453,-1.7890207508,-0.041273808822424485,0.44923721275836037,-0.60453,-0.00917221357572706,-0.525529126681758,0.7543037329362824
1723528297.2966099,83.55964851379395,1723528297.2565866,0.0400233268737793,-69.6442836559265,6.175154278587425,0.0,-1.7951421596200687,-69.59923,5.754876,0.614105,-1.7869353826,-0.045053655926494685,0.42027827858742484,-0.614105,-0.008206777020068667,-0.47021368665488517,0.7455123167257212
1723528297.39661,83.65964865684509,1723528297.4461648,-0.04955482482910156,-69.73537790749423,6.006253918847557,0.0,-1.7924960299269632,-69.774591,5.321814,0.611,-1.7817002327,0.03921309250577565,0.6844399188475574,-0.611,-0.010795797226963222,-0.6185536175840303,0.9183227478048867
1723528297.4966097,83.75964832305908,1723528297.5436106,-0.047000885009765625,-69.83521758878526,5.819430478039128,0.0,-1.7894292664308136,-69.873234,5.116821,0.607885,-1.7786460138,0.0380164112147412,0.7026094780391281,-0.607885,-0.010783252630813589,-0.6178348651689602,0.929854558184808
1723528297.5966096,83.85964822769165,1723528297.5436106,0.052999019622802734,-69.90608093724737,5.656270968198708,0.0,-1.788641013108981,-69.873234,5.116821,0.607885,-1.7786460138,-0.03284693724737053,0.5394499681987082,-0.607885,-0.009994999308980956,-0.5726712766407831,0.8133937316583648
1723528297.6966097,83.9596483707428,1723528297.6696434,0.026966333389282227,-70.01403298127659,5.404994524075864,0.0,-1.782798593973441,-69.963449,4.892912,0.6097790000000001,-1.7746929903,-0.050583981276588474,0.512082524075864,-0.6097790000000001,-0.008105603673441042,-0.4644168808939081,0.797883249270655
1723528297.7966096,84.05964827537537,1723528297.8167338,-0.020124197006225586,-70.12356930927166,5.119424163701836,0.0,-1.7782860013323334,-70.160538,4.449825000000001,0.6057750000000001,-1.7685530596999999,0.036968690728343745,0.669599163701835,-0.6057750000000001,-0.009732941632333514,-0.5576564777798806,0.9037107251490185
1723528297.8966098,84.15964841842651,1723528297.92576,-0.02915024757385254,-70.21919132361646,4.9074646366308246,0.0,-1.7748008725592437,-70.247265,4.2291620000000005,0.611114,-1.7654522737,0.02807367638354208,0.678302636630824,-0.611114,-0.009348598859243662,-0.5356352589954778,0.9134237347266686
1723528297.9966097,84.25964832305908,1723528298.0560286,-0.05941891670227051,-70.29579759837746,4.744485538680389,0.0,-1.7725851153147996,-70.346688,3.990752,0.613511,-1.760468637,0.05089040162253866,0.7537335386803892,-0.613511,-0.012116478314799563,-0.694223069999799,0.9731905401461551
1723528298.0966096,84.35964822769165,1723528298.0560286,0.04058098793029785,-70.40672999521053,4.488246331900965,0.0,-1.7668232058204656,-70.346688,3.990752,0.613511,-1.760468637,-0.060041995210525556,0.4974943319009646,-0.613511,-0.006354568820465589,-0.364089974038104,0.7921498586652956
1723528298.1966097,84.4596483707428,1723528298.1569095,0.03970026969909668,-70.50168562709423,4.252253315820485,0.0,-1.7648608420523126,-70.445081,3.7580810000000002,0.613019,-1.7563877454999999,-0.056604627094230864,0.4941723158204847,-0.613019,-0.008473096552312764,-0.48547267185437015,0.7894318563960147
1723528298.2966096,84.55964827537537,1723528298.336013,-0.039403438568115234,-70.60455959629546,4.012933155585495,0.0,-1.7620315706325689,-70.637738,3.2891310000000002,0.6246970000000001,-1.7480685274999999,0.033178403704539505,0.7238021555854948,-0.6246970000000001,-0.013963043132569021,-0.8000234406553329,0.9566800451099574
1723528298.3966098,84.65964841842651,1723528298.4397707,-0.04316091537475586,-70.70040375054819,3.692435912296038,0.0,-1.755489547517582,-70.72914300000001,3.05831,0.627807,-1.7442025398,0.028739249451817273,0.6341259122960379,-0.627807,-0.011287007717581954,-0.6466979055490342,0.8927951872368802
1723528298.4966097,84.75964832305908,1723528298.5504253,-0.053815603256225586,-70.78049481028384,3.486948225014111,0.0,-1.7509095841673352,-70.820881,2.8149300000000004,0.620723,-1.7408277531,0.04038618971615904,0.6720182250141105,-0.620723,-0.010081831067335179,-0.5776463699221798,0.9157164308888998
1723528298.5966096,84.85964822769165,1723528298.5504253,0.04618430137634277,-70.85613826853394,3.325507778331393,0.0,-1.750159727748299,-70.820881,2.8149300000000004,0.620723,-1.7408277531,-0.03525726853393962,0.5105777783313927,-0.620723,-0.009331974648298937,-0.5346827618706098,0.8045059262922152
1723528298.7366095,84.99964809417725,1723528298.7645981,-0.027988672256469727,-70.9644497787717,3.058020969120142,0.0,-1.7442493216831252,-71.01691,2.308103,0.617768,-1.7314602057,0.05246022122830141,0.7499179691201419,-0.617768,-0.012789115983125265,-0.7327623695363823,0.9730191863702382
1723528298.8366094,85.09964799880981,1723528298.8465056,-0.009896278381347656,-71.06664732919477,2.807304235590135,0.0,-1.7403665843731604,-71.111399,2.0614790000000003,0.6139370000000001,-1.7282499059,0.04475167080524045,0.7458252355901349,-0.6139370000000001,-0.012116678473160336,-0.6942345382291056,0.9670453112713701
1723528298.8366094,85.09964799880981,1723528298.8465056,-0.009896278381347656,-71.06664732919477,2.807304235590135,0.0,-1.7403665843731604,-71.111399,2.0614790000000003,0.6139370000000001,-1.7282499059,0.04475167080524045,0.7458252355901349,-0.6139370000000001,-0.012116678473160336,-0.6942345382291056,0.9670453112713701
1723528298.9366095,85.19964814186096,1723528298.9537222,-0.01711273193359375,-71.16871403136943,2.5551716675689606,0.0,-1.7347756541940056,-71.209452,1.8066339999999999,0.610334,-1.7229349745,0.040737968630566,0.7485376675689608,-0.610334,-0.011840679694005596,-0.6784209730327757,0.9666828918594376
1723528299.0366092,85.29964780807495,1723528299.08724,-0.050630807876586914,-71.32448414334064,2.182723603804929,0.0,-1.747796767145492,-71.310029,1.5558109999999998,0.6185630000000001,-1.7196250963,-0.014455143340640575,0.6269126038049291,-0.6185630000000001,-0.02817167084549199,-1.6141178412784385,0.8808226546515903
1723528299.096609,85.35964775085449,1723528299.08724,0.009369134902954102,-71.38667709247679,2.003255302361908,0.0,-1.729219791756805,-71.310029,1.5558109999999998,0.6185630000000001,-1.7196250963,-0.07664809247678761,0.44744430236190835,-0.6185630000000001,-0.009594695456805136,-0.5497355553882798,0.7672688699311768
1723528299.1966093,85.45964789390564,1723528299.184138,0.012471199035644531,-71.49261869382136,1.741642244320553,0.0,-1.723447328624753,-71.417711,1.297148,0.627623,-1.716186948,-0.07490769382135909,0.44449424432055307,-0.627623,-0.007260380624752871,-0.4159891674568954,0.7727204707762918
1723528299.336609,85.59964752197266,1723528299.2833757,0.05323314666748047,-71.60690283830564,1.503476112697982,0.0,-1.719287898371736,-71.51627,1.03676,0.637233,-1.7122940414999999,-0.09063283830563762,0.4667161126979822,-0.637233,-0.006993856871736037,-0.40071848126904364,0.7950497704673912
1723528299.4366088,85.69964742660522,1723528299.471393,-0.03478431701660156,-71.70641682182713,1.2740580256103757,0.0,-1.7155444657848562,-71.706434,0.492132,0.63583,-1.7038636607,1.7178172868170805e-05,0.7819260256103757,-0.63583,-0.01168080508485625,-0.6692608326772145,1.0078135237840022
1723528299.496609,85.75964760780334,1723528299.471393,0.025215864181518555,-71.79549411065774,1.029521132128284,0.0,-1.7116848673698966,-71.706434,0.492132,0.63583,-1.7038636607,-0.08906011065774067,0.537389132128284,-0.63583,-0.007821206669896608,-0.44812213288464486,0.837256574497901
1723528299.6266088,85.88964748382568,1723528299.5896366,0.0369722843170166,-71.87256797622643,0.7458393674174013,0.0,-1.7081584733661337,-71.792344,0.232539,0.640787,-1.6997487687,-0.08022397622643496,0.5133003674174013,-0.640787,-0.008409704666133777,-0.48184058432094046,0.8249370478536036
1723528299.6266088,85.88964748382568,1723528299.5896366,0.0369722843170166,-71.87256797622643,0.7458393674174013,0.0,-1.7081584733661337,-71.792344,0.232539,0.640787,-1.6997487687,-0.08022397622643496,0.5133003674174013,-0.640787,-0.008409704666133777,-0.48184058432094046,0.8249370478536036
1723528299.736609,85.99964761734009,1723528299.72408,0.01252889633178711,-71.95227734024549,0.4958695040698,0.0,-1.7037453980678563,-71.888885,-0.030622000000000003,0.629409,-1.6953853916,-0.06339234024548546,0.5264915040698,-0.629409,-0.008360006467856396,-0.4789930873102422,0.8230234394842468
1723528299.836609,86.09964752197266,1723528299.8483346,-0.011725664138793945,-71.95232757971452,0.49572543021123316,0.0,-1.7037453980678563,-71.982812,-0.305134,0.6180950000000001,-1.6912165679,0.030484420285475267,0.8008594302112332,-0.6180950000000001,-0.01252883016785633,-0.7178490908543506,1.0121000720597755
1723528299.9266086,86.18964719772339,1723528299.9322479,-0.005639314651489258,-72.18030786895982,-0.11164766270234995,0.0,-1.6946887747882573,-72.078974,-0.564966,0.627981,-1.6896839748999999,-0.10133386895981289,0.45331833729765003,-0.627981,-0.005004799888257416,-0.286753910904696,0.781105757429601
1723528299.9266086,86.18964719772339,1723528299.9322479,-0.005639314651489258,-72.18030786895982,-0.11164766270234995,0.0,-1.6946887747882573,-72.078974,-0.564966,0.627981,-1.6896839748999999,-0.10133386895981289,0.45331833729765003,-0.627981,-0.005004799888257416,-0.286753910904696,0.781105757429601
1723528300.0366087,86.2996473312378,1723528300.0415034,-0.004894733428955078,-72.36445042216037,-0.5459667918767439,0.0,-1.6933613425551992,-72.18473900000001,-0.829596,0.640676,-1.6865046012,-0.1797114221603664,0.2836292081232561,-0.640676,-0.006856741355199203,-0.3928623408657268,0.7233308094720747
1723528300.1366086,86.39964723587036,1723528300.1250877,0.011520862579345703,-72.40889240101696,-0.6576279874160156,0.0,-1.6801956705976469,-72.28845700000001,-1.109083,0.656396,-1.6841628969,-0.12043540101694816,0.45145501258398446,-0.656396,0.003967226302353133,0.22730532349812596,0.8057121216795231
1723528300.2366083,86.49964690208435,1723528300.2075255,0.029082775115966797,-72.48540447421749,-0.8535224006482147,0.0,-1.6880740447607663,-72.379785,-1.364762,0.66254,-1.6811023614,-0.10561947421749096,0.5112395993517853,-0.66254,-0.0069716833607662565,-0.3994480326734882,0.8434931255673358
1723528300.3366084,86.5996470451355,1723528300.316813,0.01979541778564453,-72.54543398565076,-1.0477140737584854,0.0,-1.6889755288177015,-72.461768,-1.647035,0.668558,-1.6800053226,-0.08366598565075378,0.5993209262415147,-0.668558,-0.008970206217701504,-0.5139549576363055,0.9017512789843434
1723528300.4366083,86.69964694976807,1723528300.4172785,0.01932978630065918,-72.64116105348742,-1.3629477750001229,0.0,-1.6852048183452193,-72.53612100000001,-1.918133,0.672089,-1.6772536793,-0.1050400534874143,0.5551852249998772,-0.672089,-0.007951139045219381,-0.4555667096127496,0.8780476472355035
1723528300.5366085,86.79964709281921,1723528300.5010154,0.03559303283691406,-72.73582263788711,-1.6561360039590451,0.0,-1.6813363188856154,-72.62989900000001,-2.1834919999999998,0.69384,-1.6736054699,-0.10592363788710202,0.5273559960409546,-0.69384,-0.0077308489856153795,-0.44294501892875493,0.8779169147610639
1723528300.6366084,86.89964699745178,1723528300.608318,0.028290271759033203,-72.80985336311136,-1.914014640929234,0.0,-1.6803218398633712,-72.71758700000001,-2.45965,0.6867190000000001,-1.6720782465,-0.09226636311134939,0.5456353590707659,-0.6867190000000001,-0.008243593363371327,-0.4723231077432323,0.8819376462035619
1723528300.7366083,86.99964690208435,1723528300.6964407,0.04016757011413574,-72.91953462211816,-2.2106498669908836,0.0,-1.6785122222543394,-72.799468,-2.7265189999999997,0.7043440000000001,-1.672107106,-0.12006662211815922,0.5158691330091161,-0.7043440000000001,-0.006405116254339482,-0.3669861286642947,0.8812703481193737
1723528300.8366084,87.0996470451355,1723528300.7865534,0.05005502700805664,-72.99154333195541,-2.429361245052998,0.0,-1.6761276276697166,-72.88314,-2.9848689999999998,0.706485,-1.6689960808,-0.10840333195541518,0.5555077549470018,-0.706485,-0.007131546869716621,-0.4086075370344959,0.9052409642798398
1723528300.8810382,87.14407682418823,1723528300.8913348,-0.01029658317565918,-73.08692398225503,-2.7201492018637725,0.0,-1.6742945917759648,-72.987485,-3.258197,0.697312,-1.6671386188,-0.09943898225502323,0.5380477981362275,-0.697312,-0.00715597297596493,-0.4100070498324622,0.886356344601401
1723528300.936608,87.19964671134949,1723528300.8913348,0.0452733039855957,-73.08694409701057,-2.7202107884994478,0.0,-1.6742945917757928,-72.987485,-3.258197,0.697312,-1.6671386188,-0.09945909701056621,0.5379862115005523,-0.697312,-0.007155972975792846,-0.4100070498226025,0.8863212177799165
1723528301.0366082,87.29964685440063,1723528300.996573,0.040035247802734375,-73.21933618560598,-3.1481606300039684,0.0,-1.6746168011599116,-73.073756,-3.528683,0.705335,-1.6652509078,-0.1455801856059793,0.3805223699960316,-0.705335,-0.00936589335991167,-0.5366261608925408,0.8145479278308111
1723528301.1366081,87.3996467590332,1723528301.1798735,-0.043265342712402344,-73.27423153988082,-3.2958670220056994,0.0,-1.6698158982237583,-73.236962,-4.07182,0.717055,-1.6617277296,-0.0372695398808105,0.7759529779943004,-0.717055,-0.008088168623758385,-0.4634179261314909,1.0571943604116278
1723528301.236608,87.49964666366577,1723528301.280594,-0.04398608207702637,-73.34591584359052,-3.4868443017393753,0.0,-1.6706417013993091,-73.324205,-4.34985,0.71635,-1.6605262482,-0.021710843590511786,0.8630056982606247,-0.71635,-0.010115453199309066,-0.5795727761825155,1.121787644101913
1723528301.3266082,87.58964681625366,1723528301.280594,0.04601407051086426,-73.4150631740782,-3.706384378373012,0.0,-1.6699888991417076,-73.324205,-4.34985,0.71635,-1.6605262482,-0.09085817407819263,0.6434656216269881,-0.71635,-0.009462650941707507,-0.5421699619653341,0.9671920887355465
1723528301.436608,87.69964671134949,1723528301.3799193,0.056688785552978516,-73.52401485874746,-4.076305571249989,0.0,-1.665691428136506,-73.393418,-4.621962,0.71069,-1.6585081562,-0.13059685874746663,0.5456564287500107,-0.71069,-0.0071832719365061415,-0.41157116505656777,0.9054704599548907
1723528301.536608,87.79964661598206,1723528301.5151312,0.02147674560546875,-73.5907824951707,-4.312271642400315,0.0,-1.664143785042528,-73.476573,-4.892836,0.723774,-1.6560440471,-0.114209495170698,0.5805643575996848,-0.723774,-0.008099737942528051,-0.4640807992688343,0.9348516380572269
1723528301.636608,87.89964652061462,1723528301.6041932,0.03241467475891113,-73.68720342720026,-4.6372502965216045,0.0,-1.6633091846788168,-73.568667,-5.165636,0.7252660000000001,-1.6559036634,-0.11853642720025448,0.5283857034783956,-0.7252660000000001,-0.0074055212788168845,-0.42430511437053164,0.9051260171764816
1723528301.7366076,87.99964618682861,1723528301.7055078,0.031099796295166016,-73.77737212901636,-4.916647890925115,0.0,-1.6624903123795478,-73.652904,-5.447418,0.733776,-1.6548191864,-0.12446812901634985,0.5307701090748846,-0.733776,-0.007671125979547888,-0.4395231427412535,0.9141315233620354
1723528301.8366077,88.09964632987976,1723528301.8098912,0.02671647071838379,-73.88006815819965,-5.200448633206689,0.0,-1.658724879033559,-73.733958,-5.727767,0.739128,-1.6529496022999999,-0.14611015819964734,0.5273183667933115,-0.739128,-0.005775276733559043,-0.3308989823530332,0.919632012639127
1723528301.9366076,88.19964623451233,1723528301.9038541,0.03275346755981445,-73.93846057901942,-5.37324655870015,0.0,-1.6599180879837196,-73.826879,-5.997805,0.7440760000000001,-1.6500803731,-0.11158157901941479,0.6245584412998495,-0.7440760000000001,-0.009837714883719649,-0.5636595428901693,0.9778408813050126
1723528302.0366073,88.29964590072632,1723528301.9857755,0.05083179473876953,-74.04335859202011,-5.708454416929665,0.0,-1.6578047816412163,-73.923806,-6.276286,0.73585,-1.6493037614,-0.11955259202011348,0.5678315830703351,-0.73585,-0.008501020241216349,-0.48707258137698184,0.9371236585909516
1723528302.1366072,88.39964580535889,1723528302.0948634,0.04174375534057617,-74.14493593405228,-6.032485015151596,0.0,-1.6545351985045946,-73.99730600000001,-6.552461,0.718182,-1.6474443458999999,-0.14762993405227576,0.5199759848484042,-0.718182,-0.007090852604594745,-0.406275927392626,0.8988631750001482
1723528302.2366073,88.49964594841003,1723528302.2009416,0.03566575050354004,-74.22573191769827,-6.288025278816653,0.0,-1.6526563524024116,-74.07232400000001,-6.8274799999999995,0.734318,-1.6466772402,-0.15340791769826012,0.5394547211833469,-0.734318,-0.005979112202411541,-0.3425778944333517,0.9239958390293318
1723528302.3366077,88.59964632987976,1723528302.3660617,-0.02945399284362793,-74.2993745905558,-6.550424641726286,0.0,-1.6525056902592519,-74.239276,-7.356824,0.747434,-1.6447250638,-0.06009859055579625,0.8063993582737137,-0.747434,-0.007780626459251927,-0.44579705808295284,1.1011581857149546
1723528302.4366074,88.69964599609375,1723528302.4811938,-0.0445864200592041,-74.38218119953696,-6.811716378669113,0.0,-1.6515499948945938,-74.32263,-7.652981,0.749966,-1.6426844505,-0.05955119953695487,0.841264621330887,-0.749966,-0.00886554439459375,-0.5079582768960864,1.12859271202028
1723528302.5666075,88.82964611053467,1723528302.6110768,-0.044469356536865234,-74.45500749310945,-7.033983448974947,0.0,-1.6504893739081854,-74.403825,-7.930146,0.758136,-1.6401354014,-0.05118249310945089,0.8961625510250526,-0.758136,-0.010353972508185372,-0.593238925913505,1.1749455987221828
1723528302.6666074,88.92964601516724,1723528302.72018,-0.053572654724121094,-74.58757863723181,-7.474669167207924,0.0,-1.6483128436240921,-74.496949,-8.205626,0.7601370000000001,-1.6407322911,-0.09062963723181383,0.7309568327920761,-0.7601370000000001,-0.007580552524092177,-0.43433366600772505,1.0584516433541937
1723528302.7666073,89.0296459197998,1723528302.7811399,-0.01453256607055664,-74.67016365044553,-7.751923291231138,0.0,-1.644818878756942,-74.577132,-8.47784,0.7563650000000001,-1.6382882388,-0.09303165044552486,0.725916708768862,-0.7563650000000001,-0.00653063995694203,-0.374178107052276,1.0524723128327107
1723528302.8666074,89.12964606285095,1723528302.8786771,-0.0120697021484375,-74.73197160567962,-7.970170748505154,0.0,-1.643387043171847,-74.65658,-8.751532000000001,0.763273,-1.6374572322,-0.0753916056796129,0.7813612514948467,-0.763273,-0.005929810971846861,-0.33975314199719414,1.0948949593790005
1723528302.8666074,89.12964606285095,1723528302.8786771,-0.0120697021484375,-74.73197160567962,-7.970170748505154,0.0,-1.643387043171847,-74.65658,-8.751532000000001,0.763273,-1.6374572322,-0.0753916056796129,0.7813612514948467,-0.763273,-0.005929810971846861,-0.33975314199719414,1.0948949593790005
1723528302.9666073,89.22964596748352,1723528302.9635177,0.0030896663665771484,-74.81354635765256,-8.233998559295365,0.0,-1.6443662263403338,-74.733349,-9.024271,0.763173,-1.6353639392,-0.0801973576525512,0.7902724407046353,-0.763173,-0.009002287140333909,-0.515793059106028,1.101542180145959
1723528303.0666075,89.32964611053467,1723528303.108416,-0.0418086051940918,-74.91789426940065,-8.561680247921668,0.0,-1.6486639051688536,-74.810374,-9.307547000000001,0.754576,-1.6339186144,-0.10752026940065207,0.7458667520783333,-0.754576,-0.014745290768853668,-0.8448429287485278,1.0664252247409898
1723528303.1666076,89.42964625358582,1723528303.2071528,-0.04054522514343262,-74.973684875341,-8.759566443860264,0.0,-1.6409018342995123,-74.89175300000001,-9.592254,0.745684,-1.6328274498,-0.08193187534098456,0.8326875561397369,-0.745684,-0.008074384499512366,-0.4626281539879101,1.120770282530215
1723528303.1666076,89.42964625358582,1723528303.2071528,-0.04054522514343262,-74.973684875341,-8.759566443860264,0.0,-1.6409018342995123,-74.89175300000001,-9.592254,0.745684,-1.6328274498,-0.08193187534098456,0.8326875561397369,-0.745684,-0.008074384499512366,-0.4626281539879101,1.120770282530215
1723528303.2666075,89.52964615821838,1723528303.3219554,-0.05534791946411133,-75.05758044615399,-9.039982473094438,0.0,-1.6387679015223187,-74.968355,-9.865011,0.775169,-1.6324979429,-0.0892254461539892,0.8250285269055624,-0.775169,-0.0062699586223187165,-0.35924216678052256,1.1355704421172386
1723528303.3666077,89.62964630126953,1723528303.3219554,0.04465222358703613,-75.16235837319941,-9.431492850586473,0.0,-1.6390004125456146,-74.968355,-9.865011,0.775169,-1.6324979429,-0.19400337319940775,0.43351814941352806,-0.775169,-0.006502469645614628,-0.37256406710564627,0.9090997047874775
1723528303.4666076,89.7296462059021,1723528303.50648,-0.03987240791320801,-75.20743607981949,-9.607122756086165,0.0,-1.6361592502053366,-75.127532,-10.416595000000001,0.783247,-1.6295112949,-0.07990407981948522,0.8094722439138362,-0.783247,-0.0066479553053366836,-0.3808997813873965,1.1292058442319983
1723528303.5666077,89.82964634895325,1723528303.5938523,-0.02724456787109375,-75.2956399378448,-9.910993491726641,0.0,-1.6360603532310811,-75.201567,-10.694938,0.787274,-1.6290313174,-0.09407293784479975,0.7839445082733594,-0.787274,-0.007029035831081164,-0.40273408716718173,1.1149973366617119
1723528303.5666077,89.82964634895325,1723528303.5938523,-0.02724456787109375,-75.2956399378448,-9.910993491726641,0.0,-1.6360603532310811,-75.201567,-10.694938,0.787274,-1.6290313174,-0.09407293784479975,0.7839445082733594,-0.787274,-0.007029035831081164,-0.40273408716718173,1.1149973366617119
1723528303.6666076,89.92964625358582,1723528303.695247,-0.02863931655883789,-75.3772388031531,-10.176572020700824,0.0,-1.634165155696175,-75.281502,-10.972324,0.781366,-1.6268241077,-0.09573680315310185,0.7957519792991761,-0.781366,-0.007341047996174854,-0.42061106738378923,1.119338900419588
1723528303.7666075,90.02964615821838,1723528303.8085613,-0.04195380210876465,-75.48780290599151,-10.5352305381306,0.0,-1.6315284655802547,-75.356014,-11.253486,0.777421,-1.6261305454,-0.13178890599151316,0.7182554618694006,-0.777421,-0.005397920180254755,-0.30927804447709406,1.0666033168374576
1723528303.866608,90.12964653968811,1723528303.8939774,-0.02736949920654297,-75.53255875295366,-10.718263176397498,0.0,-1.6309319865244531,-75.434509,-11.533853,0.77298,-1.6244382452,-0.09804975295365637,0.8155898236025028,-0.77298,-0.0064937413244532385,-0.3720639711408639,1.1279621424579083
1723528303.966608,90.22964668273926,1723528303.9867744,-0.020166397094726562,-75.61063562004976,-10.989381614133919,0.0,-1.6299322308508775,-75.50652000000001,-11.821285000000001,0.776854,-1.6219085527,-0.10411562004975394,0.8319033858660827,-0.776854,-0.008023678150877567,-0.45972289421661716,1.1429809460659426
1723528304.0666084,90.32964706420898,1723528304.071506,-0.004897594451904297,-75.68768249647088,-11.25526954146536,0.0,-1.6284772902526627,-75.570558,-12.090724000000002,0.785937,-1.6205335376999999,-0.11712449647087908,0.8354544585346417,-0.785937,-0.007943752552662884,-0.4551434947638575,1.1529957796661565
1723528304.1666083,90.42964696884155,1723528304.190419,-0.023810625076293945,-75.76880417829659,-11.552878231356878,0.0,-1.6268049817840142,-75.64959400000001,-12.363839,0.786142,-1.6193543599,-0.11921017829658354,0.8109607686431222,-0.786142,-0.007450621884014242,-0.426889188701826,1.1357322215433296
1723528304.2666085,90.5296471118927,1723528304.2856889,-0.019080400466918945,-75.84370529275357,-11.824958493922056,0.0,-1.62623625558564,-75.71801500000001,-12.646169,0.791074,-1.6183422055999999,-0.12569029275356058,0.8212105060779447,-0.791074,-0.00789404998564014,-0.45229574744248807,1.147162943291523
1723528304.3666084,90.62964701652527,1723528304.3998294,-0.03322100639343262,-75.90987631171187,-12.108619737891441,0.0,-1.6258462663972295,-75.799773,-12.922667,0.785985,-1.6162285318,-0.11010331171186749,0.8140472621085593,-0.785985,-0.009617734597229477,-0.5510556008982037,1.1369116519859237
1723528304.3666084,90.62964701652527,1723528304.3998294,-0.03322100639343262,-75.90987631171187,-12.108619737891441,0.0,-1.6258462663972295,-75.799773,-12.922667,0.785985,-1.6162285318,-0.11010331171186749,0.8140472621085593,-0.785985,-0.009617734597229477,-0.5510556008982037,1.1369116519859237
1723528304.4666083,90.72964692115784,1723528304.5076923,-0.04108405113220215,-75.97486895256681,-12.362914188378557,0.0,-1.6239323381934987,-75.87925,-13.20419,0.799794,-1.6140569533,-0.09561895256680941,0.8412758116214434,-0.799794,-0.009875384893498707,-0.5658178754647258,1.1647138780598831
1723528304.5666082,90.8296468257904,1723528304.5826976,-0.016089439392089844,-76.11920217267244,-12.903718594930757,0.0,-1.6324743727227418,-75.948567,-13.487087,0.800123,-1.6131811944999999,-0.17063517267244777,0.583368405069244,-0.800123,-0.019293178222741902,-1.1054176855568214,1.0048043955491983
1723528304.666608,90.92964673042297,1723528304.7042508,-0.037642717361450195,-76.16873062934908,-13.043685006616794,0.0,-1.6220090781177572,-76.028023,-13.775020000000001,0.8157570000000001,-1.6136325741,-0.14070762934908032,0.7313349933832072,-0.8157570000000001,-0.008376504017757247,-0.4799383272918674,1.1045854392272487
1723528304.7666078,91.02964639663696,1723528304.8122504,-0.04564261436462402,-76.23052219866848,-13.274062202561874,0.0,-1.6215347744140598,-76.108902,-14.064157000000002,0.8094180000000001,-1.6105274285,-0.12162019866848084,0.7900947974381278,-0.8094180000000001,-0.01100734591405983,-0.6306744645161996,1.137628568728369
1723528304.866608,91.12964653968811,1723528304.9169233,-0.05031538009643555,-76.30360931088498,-13.539798835641976,0.0,-1.6176304262331551,-76.170518,-14.337552,0.814598,-1.6097807449,-0.1330913108849785,0.7977531643580242,-0.814598,-0.007849681333155223,-0.4497536109124198,1.1479082323427787
1723528304.9566078,91.21964645385742,1723528304.9169233,0.03968453407287598,-76.38155372367169,-13.856176272886762,0.0,-1.6175731948306653,-76.170518,-14.337552,0.814598,-1.6097807449,-0.2110357236716851,0.48137572711323884,-0.814598,-0.0077924499306654136,-0.44647449309413917,0.9694475586247208
1723528305.066608,91.32964658737183,1723528305.0025673,0.0640406608581543,-76.44017977644394,-14.088631943830428,0.0,-1.6150622687235503,-76.244405,-14.645291,0.8084060000000001,-1.608121578,-0.19577477644394037,0.5566590561695719,-0.8084060000000001,-0.006940690723550302,-0.39767228536503396,1.0008582960355945
1723528305.1666079,91.4296464920044,1723528305.1396732,0.02693462371826172,-76.53503961226953,-14.446083576296097,0.0,-1.6143767209553932,-76.310854,-14.950052000000001,0.800249,-1.6060481368,-0.2241856122695225,0.5039684237039044,-0.800249,-0.008328584155393282,-0.47719272142356445,0.9719268608492404
1723528305.2666075,91.52964615821838,1723528305.2968857,-0.03027820587158203,-76.60917821465671,-14.746324875048023,0.0,-1.6137500523383248,-76.454989,-15.535172000000001,0.8216370000000001,-1.6032631016999999,-0.15418921465671076,0.7888471249519782,-0.8216370000000001,-0.010486950638324943,-0.6008580115380439,1.1494091787655323
1723528305.2666075,91.52964615821838,1723528305.2968857,-0.03027820587158203,-76.60917821465671,-14.746324875048023,0.0,-1.6137500523383248,-76.454989,-15.535172000000001,0.8216370000000001,-1.6032631016999999,-0.15418921465671076,0.7888471249519782,-0.8216370000000001,-0.010486950638324943,-0.6008580115380439,1.1494091787655323
1723528305.3666077,91.62964630126953,1723528305.4208734,-0.054265737533569336,-76.68378863544174,-15.069436038255944,0.0,-1.610778764751677,-76.541839,-15.825050000000001,0.817592,-1.6007221622999999,-0.14194963544174755,0.7556139617440571,-0.817592,-0.010056602451677056,-0.5762008767220117,1.1223006890528913
1723528305.3666077,91.62964630126953,1723528305.4208734,-0.054265737533569336,-76.68378863544174,-15.069436038255944,0.0,-1.610778764751677,-76.541839,-15.825050000000001,0.817592,-1.6007221622999999,-0.14194963544174755,0.7556139617440571,-0.817592,-0.010056602451677056,-0.5762008767220117,1.1223006890528913
1723528305.4666061,91.72964477539062,1723528305.4208734,0.045732736587524414,-76.81870871014252,-15.560694232831153,0.0,-1.6091293145140662,-76.541839,-15.825050000000001,0.817592,-1.6007221622999999,-0.2768697101425204,0.2643557671688477,-0.817592,-0.008407152214066294,-0.48169433959006425,0.9027721121600032
1723528305.5666063,91.82964491844177,1723528305.6023715,-0.03576517105102539,-76.87241438781784,-15.770367691992966,0.0,-1.6168252958472666,-76.688728,-16.419072999999997,0.819567,-1.5968860365,-0.1836863878178434,0.6487053080070311,-0.819567,-0.019939259347266702,-1.1424354072151588,1.0612489496791335
1723528305.6666064,91.92964506149292,1723528305.712503,-0.04589653015136719,-76.9145686080894,-15.904757193396422,0.0,-1.6053534189554142,-76.754568,-16.701403,0.8186300000000001,-1.5943918448,-0.16000060808939054,0.7966458066035766,-0.8186300000000001,-0.0109615741554141,-0.6280519359249078,1.153429587217199
1723528305.7666063,92.02964496612549,1723528305.815789,-0.04918265342712402,-76.98044130125894,-16.180940315230995,0.0,-1.6020629418170993,-76.822728,-16.977776,0.811138,-1.5931454512,-0.15771330125893712,0.7968356847690039,-0.811138,-0.008917490617099233,-0.5109345762072981,1.1479396538839834
1723528305.866606,92.12964463233948,1723528305.8808846,-0.014278650283813477,-77.02528442666514,-16.37042983385855,0.0,-1.5994163996047792,-76.877452,-17.260033,0.8300310000000001,-1.5895796798,-0.14783242666513274,0.8896031661414483,-0.8300310000000001,-0.009836719804779293,-0.5636025290666046,1.2256425582295971
1723528305.9666061,92.22964477539062,1723528306.0069788,-0.040372610092163086,-77.09467481297857,-16.73726012307831,0.0,-1.5971905891303386,-76.954707,-17.564099,0.8379110000000001,-1.5865730612,-0.13996781297856842,0.8268388769216877,-0.8379110000000001,-0.010617527930338655,-0.6083395392706769,1.185473897215844
1723528306.066606,92.3296446800232,1723528306.0069788,0.05962729454040527,-77.16750890121001,-17.029511621291764,0.0,-1.5941531488323044,-76.954707,-17.564099,0.8379110000000001,-1.5865730612,-0.21280190121001397,0.5345873787082347,-0.8379110000000001,-0.007580087632304444,-0.43430702967035767,1.0164463382558562
1723528306.1264591,92.38949775695801,1723528306.1381292,-0.011670112609863281,-77.23501142200328,-17.300441726619624,0.0,-1.5907893214622857,-77.024287,-17.863205,0.836744,-1.5824480317,-0.21072442200328112,0.5627632733803765,-0.836744,-0.008341289762285653,-0.4779206990746496,1.0301688237519195
1723528306.1566064,92.41964507102966,1723528306.1381292,0.018477201461791992,-77.23501538470403,-17.300458896384175,0.0,-1.5907893214620779,-77.024287,-17.863205,0.836744,-1.5824480317,-0.21072838470402644,0.5627461036158259,-0.836744,-0.00834128976207782,-0.47792069906274165,1.030160254907343
1723528306.266606,92.52964472770691,1723528306.3100789,-0.0434727668762207,-77.3332653691372,-17.755289683066195,0.0,-1.599459914445543,-77.14241700000001,-18.447105,0.852825,-1.5781523359,-0.19084836913718561,0.6918153169338055,-0.852825,-0.021307578545542993,-1.2208343223031146,1.1146039715394636
1723528306.366606,92.62964463233948,1723528306.392494,-0.02588796615600586,-77.37075572956414,-17.894435838855784,0.0,-1.5861013767370622,-77.20039200000001,-18.723613,0.851716,-1.5760227393,-0.17036372956413004,0.8291771611442158,-0.851716,-0.010078637437062277,-0.5774633883862174,1.2008241792911154
1723528306.4666061,92.72964477539062,1723528306.528643,-0.062036752700805664,-77.4352990073406,-18.155564506123252,0.0,-1.583629066925578,-77.27457100000001,-19.025163,0.853844,-1.5721705383,-0.16072800734059456,0.8695984938767474,-0.853844,-0.011458528625577946,-0.6565253296754562,1.229261814762171
1723528306.566606,92.8296446800232,1723528306.528643,0.037963151931762695,-77.48835486577602,-18.436083868933686,0.0,-1.5805018512706508,-77.27457100000001,-19.025163,0.853844,-1.5721705383,-0.2137838657760085,0.5890791310663133,-0.853844,-0.008331312970650817,-0.47734907102089214,1.0591351850731696
1723528306.6666064,92.92964506149292,1723528306.613566,0.053040504455566406,-77.5327961158391,-18.641501409555417,0.0,-1.5774456974311069,-77.334564,-19.322491,0.874549,-1.570192464,-0.1982321158391045,0.6809895904445824,-0.874549,-0.0072532334311068425,-0.41557966342561525,1.1260012200015275
1723528306.7966063,93.05964493751526,1723528306.820817,-0.024210691452026367,-77.6109288203911,-19.031872168887773,0.0,-1.5748803272235903,-77.455875,-19.877496999999998,0.87236,-1.5659995498,-0.15505382039108895,0.8456248311122252,-0.87236,-0.008880777423590391,-0.5088310651667943,1.2247999884925913
1723528306.866606,93.12964463233948,1723528306.820817,0.04578900337219238,-77.68646846223248,-19.350132735924955,0.0,-1.5719996026980463,-77.455875,-19.877496999999998,0.87236,-1.5659995498,-0.230593462232477,0.5273642640750431,-0.87236,-0.006000052898046393,-0.34377770791329676,1.045130796334972
1723528306.996606,93.2596447467804,1723528307.0242567,-0.02765059471130371,-77.72931736289405,-19.52855759637462,0.0,-1.569290937228565,-77.569596,-20.455068999999998,0.871916,-1.5606413872,-0.1597213628940466,0.9265114036253799,-0.871916,-0.008649550028565045,-0.49558271132403775,1.2822526295034857
1723528307.0966048,93.35964345932007,1723528307.1467652,-0.05016040802001953,-77.80342814762446,-19.875687364668565,0.0,-1.5673530785068086,-77.625637,-20.749717,0.87649,-1.557003148,-0.17779114762446113,0.8740296353314356,-0.87649,-0.010349930506808658,-0.5930073362938333,1.2505087827405392
1723528307.1966047,93.45964336395264,1723528307.1467652,0.04983949661254883,-77.8679481951852,-20.198764426148053,0.0,-1.564191246167259,-77.625637,-20.749717,0.87649,-1.557003148,-0.24231119518520927,0.5509525738519478,-0.87649,-0.0071880981672589606,-0.41184768770966057,1.063248876813971
1723528307.2966049,93.55964350700378,1723528307.2755263,0.02107858657836914,-77.90502559388602,-20.38765232625668,0.0,-1.5623827162400856,-77.678653,-21.018959,0.883143,-1.5541750519,-0.22637259388602615,0.6313066737433175,-0.883143,-0.008207664340085685,-0.4702645263469378,1.108933824005986
1723528307.396605,93.65964365005493,1723528307.3656862,0.03091883659362793,-77.96230691349889,-20.71578147971799,0.0,-1.559649215086399,-77.72625500000001,-21.302327,0.885274,-1.5513747927,-0.23605191349888344,0.5865455202820087,-0.885274,-0.008274422386399083,-0.47408948064923434,1.0878723308850982
1723528307.4966054,93.75964403152466,1723528307.4728045,0.02380084991455078,-78.02276842498493,-21.003072216451248,0.0,-1.558551862075181,-77.774991,-21.586672999999998,0.8752340000000001,-1.5498507932,-0.24777742498493183,0.58360078354875,-0.8752340000000001,-0.00870106887518096,-0.4985345238005115,1.0807488522533246
1723528307.5966053,93.85964393615723,1723528307.5430863,0.05351901054382324,-78.07348493935224,-21.25344130506746,0.0,-1.5547119667956508,-77.83372800000001,-21.867341,0.8842380000000001,-1.5470318024,-0.2397569393522332,0.6138996949325382,-0.8842380000000001,-0.00768016439565078,-0.4400410058374322,1.1028295725314106
1723528307.696605,93.95964360237122,1723528307.6852715,0.011333465576171875,-78.14096690490894,-21.6065273346373,0.0,-1.5522304910025868,-77.887088,-22.164219,0.886028,-1.5440061688,-0.2538789049089303,0.5576916653627002,-0.886028,-0.008224322202586842,-0.47121895156396326,1.0772743887964569
1723528307.796605,94.05964374542236,1723528307.7791753,0.017429828643798828,-78.1877954454972,-21.87584313862938,0.0,-1.5488319168252362,-77.938317,-22.441968,0.8848020000000001,-1.5421901331999999,-0.24947844549720344,0.5661248613706178,-0.8848020000000001,-0.006641783625236375,-0.3805461701651439,1.0796348607902593
1723528307.896605,94.15964365005493,1723528307.8955107,0.0010943412780761719,-78.22952500236855,-22.101059536281554,0.0,-1.547145303599778,-77.983209,-22.726753,0.890868,-1.5394634801,-0.24631600236854467,0.625693463718445,-0.890868,-0.007681823499777973,-0.44013606550169315,1.1161584461835183
1723528307.9966052,94.25964379310608,1723528308.0035322,-0.006927013397216797,-78.29671901525323,-22.4327834679466,0.0,-1.5430108627427674,-78.03539500000001,-23.008841,0.892366,-1.5351478688,-0.2613240152532228,0.5760575320534009,-0.892366,-0.00786299394276746,-0.4505163672575062,1.093823385716141
1723528308.0966053,94.35964393615723,1723528308.0911946,0.005410671234130859,-78.33731866510794,-22.71412699020849,0.0,-1.5384776670673685,-78.093879,-23.305633999999998,0.894254,-1.5322935522,-0.24343966510794246,0.5915070097915063,-0.894254,-0.006184114867368473,-0.35432368192431835,1.099469703855616
1723528308.1966052,94.4596438407898,1723528308.1975791,-0.0009739398956298828,-78.4151547298709,-23.038552587552747,0.0,-1.5388155659565397,-78.139227,-23.586975,0.897667,-1.5309814267,-0.27592772987090086,0.5484224124472519,-0.897667,-0.007834139256539752,-0.44886311551748426,1.087524389370267
1723528308.2966056,94.55964422225952,1723528308.3077018,-0.01109623908996582,-78.45343750623339,-23.272111338094966,0.0,-1.5368344491563357,-78.18794100000001,-23.867348,0.9062790000000001,-1.5285734679,-0.26549650623337584,0.5952366619050338,-0.9062790000000001,-0.008260981256335674,-0.4733193606247146,1.116304933402597
1723528308.3966055,94.65964412689209,1723528308.4135044,-0.01689887046813965,-78.49336104534808,-23.50474419620739,0.0,-1.5325282215621476,-78.237323,-24.152649999999998,0.891009,-1.5240585255999999,-0.2560380453480775,0.6479058037926073,-0.891009,-0.008469695962147751,-0.4852778323900612,1.131032470504189
1723528308.4966042,94.75964283943176,1723528308.5042434,-0.007639169692993164,-78.55578176185722,-23.876285913199684,0.0,-1.5305349511989415,-78.285388,-24.426408,0.916775,-1.5232806928,-0.2703937618572212,0.5501220868003145,-0.916775,-0.007254258398941449,-0.41563838975667483,1.1028252343240212
1723528308.5966048,94.85964345932007,1723528308.6049428,-0.008337974548339844,-78.58583417407904,-24.076513847298468,0.0,-1.529062119383672,-78.327751,-24.703968,0.921898,-1.5211345751,-0.25808317407903303,0.6274541527015316,-0.921898,-0.007927544283671928,-0.45421482935746293,1.1446403631224549
1723528308.6966033,94.95964193344116,1723528308.6856337,0.01096963882446289,-78.64223315946285,-24.409587906456263,0.0,-1.5273331546343012,-78.369722,-24.979533,0.915261,-1.5179410297,-0.27251115946285154,0.5699450935437369,-0.915261,-0.009392124934301194,-0.538129119395044,1.1121161988782318
1723528308.796603,95.05964159965515,1723528308.7878115,0.008791446685791016,-78.68970163226724,-24.676579618834932,0.0,-1.5242548339822466,-78.42277200000001,-25.249083,0.906455,-1.5168052963,-0.2669296322672352,0.5725033811650668,-0.906455,-0.007449537682246543,-0.42682706851639624,1.104840358175223
1723528308.8966033,95.15964198112488,1723528308.8783894,0.018213987350463867,-78.72434851352557,-24.903585936229124,0.0,-1.5207960527790985,-78.466393,-25.514242,0.9019710000000001,-1.5121683894,-0.2579555135255731,0.6106560637708753,-0.9019710000000001,-0.00862766337909848,-0.49432869868192136,1.119371948915722
1723528308.9966035,95.25964212417603,1723528308.963523,0.0330805778503418,-78.77387732645708,-25.23223229099023,0.0,-1.516970634695267,-78.501925,-25.782428,0.899266,-1.510498638,-0.27195232645708245,0.5501957090097704,-0.899266,-0.0064719966952668795,-0.37081809566140855,1.0887390526816716
1723528309.0966039,95.35964250564575,1723528309.062589,0.03401494026184082,-78.7981617857807,-25.424829394250988,0.0,-1.5166687703570245,-78.535488,-26.061358,0.908034,-1.5085131675999999,-0.26267378578070577,0.6365286057490103,-0.908034,-0.00815560275702465,-0.46728161736277063,1.1396016535742421
1723528309.196604,95.4596426486969,1723528309.1527271,0.04387688636779785,-78.84445540423346,-25.720724172862525,0.0,-1.5122293745796342,-78.569355,-26.343315,0.894364,-1.5031707205,-0.2751004042334557,0.6225908271374756,-0.894364,-0.009058654079634243,-0.5190226468320073,1.1239157152300776
1723528309.2966044,95.55964303016663,1723528309.2453563,0.05124807357788086,-78.92024567771423,-26.055596790624918,0.0,-1.5106302082493441,-78.613786,-26.610353999999997,0.910037,-1.5019497152999999,-0.3064596777142299,0.5547572093750794,-0.910037,-0.008680492949344254,-0.49735561009049406,1.1089817116559386
1723528309.3966045,95.65964317321777,1723528309.3502667,0.04633784294128418,-78.94523810829445,-26.288412492498125,0.0,-1.508692722274654,-78.660824,-26.875185,0.940763,-1.500773587,-0.2844141082944418,0.5867725075018733,-0.940763,-0.007919135274653932,-0.4537330286308443,1.1446520793350083
1723528309.4966047,95.75964331626892,1723528309.4554396,0.04116511344909668,-78.98797582682654,-26.583710739717045,0.0,-1.5041034230866681,-78.710842,-27.155117,0.933725,-1.4968899613,-0.2771338268265424,0.5714062602829557,-0.933725,-0.007213461786668152,-0.4133009160549833,1.1292256850988986
1723528309.596605,95.85964369773865,1723528309.5556366,0.04096841812133789,-79.03694631071208,-26.883044544221363,0.0,-1.5025362118158712,-78.75107200000001,-27.428041999999998,0.9337500000000001,-1.4956351451,-0.2858743107120745,0.5449974557786348,-0.9337500000000001,-0.006901066715871096,-0.39540199695762146,1.1183181170088807
1723528309.6966052,95.9596438407898,1723528309.657795,0.03881025314331055,-79.0667916679369,-27.101508350696673,0.0,-1.4998866360821832,-78.788572,-27.690735,0.9456800000000001,-1.4921032803,-0.2782196679368951,0.5892266493033276,-0.9456800000000001,-0.0077833557821831425,-0.4459534367678397,1.1484358450850194
1723528309.7966056,96.05964422225952,1723528309.7535064,0.043099164962768555,-79.1008972168148,-27.371476459805073,0.0,-1.4977268142321842,-78.816357,-27.966081,0.925486,-1.4897229303,-0.2845402168148041,0.5946045401949256,-0.925486,-0.00800388393218432,-0.4585887690267351,1.1362403048657599
1723528309.8966055,96.15964412689209,1723528309.85732,0.03928542137145996,-79.12353722336363,-27.60186917572028,0.0,-1.496997788592209,-78.835791,-28.23293,0.9427960000000001,-1.4894671245,-0.28774622336362654,0.631060824279718,-0.9427960000000001,-0.007530664092209039,-0.43147526941429537,1.1704272513132234
1723528309.9966056,96.25964426994324,1723528309.9622884,0.0343172550201416,-79.14945043223511,-27.8637941747692,0.0,-1.4950369396239342,-78.86995,-28.522333999999997,0.926743,-1.4868280295,-0.27950043223511045,0.6585398252307968,-0.926743,-0.00820891012393421,-0.47033590450364376,1.1707466767339645
1723528310.0966058,96.35964441299438,1723528310.0808165,0.015789270401000977,-79.18472284709016,-28.085785600999394,0.0,-1.4940944111038739,-78.912235,-28.799915,0.9145500000000001,-1.4840072681,-0.2724878470901615,0.7141293990006048,-0.9145500000000001,-0.01008714300387381,-0.5779507214668848,1.1919027342148336
1723528310.196606,96.45964455604553,1723528310.235521,-0.038915157318115234,-79.23404680223317,-28.46413772426338,0.0,-1.4890681289622072,-78.99256700000001,-29.322947,0.930488,-1.4809480557999999,-0.24147980223315813,0.8588092757366184,-0.930488,-0.008120073162207307,-0.465245921531927,1.2890592636189462
1723528310.3366063,96.59964489936829,1723528310.335828,0.0007781982421875,-79.26236269555699,-28.651946534480086,0.0,-1.4879699584909667,-79.02182,-29.572177,0.935108,-1.4759328898,-0.24054269555698227,0.9202304655199143,-0.935108,-0.012037068690966768,-0.6896732337014584,1.333833523990463
1723528310.3366063,96.59964489936829,1723528310.335828,0.0007781982421875,-79.26236269555699,-28.651946534480086,0.0,-1.4879699584909667,-79.02182,-29.572177,0.935108,-1.4759328898,-0.24054269555698227,0.9202304655199143,-0.935108,-0.012037068690966768,-0.6896732337014584,1.333833523990463
1723528310.3966064,96.6596450805664,1723528310.4366145,-0.0400080680847168,-79.30257678320282,-28.953510138920855,0.0,-1.4836152114757901,-79.054275,-29.838773999999997,0.9480810000000001,-1.4728751368,-0.2483017832028196,0.8852638610791423,-0.9480810000000001,-0.010740074675790188,-0.6153609505781137,1.3206829528071646
1723528310.4966066,96.75964522361755,1723528310.4366145,0.059992074966430664,-79.35547329508366,-29.3306676462246,0.0,-1.4698778240560832,-79.054275,-29.838773999999997,0.9480810000000001,-1.4728751368,-0.30119829508365115,0.5081063537753963,-0.9480810000000001,0.0029973127439166802,0.17173337010720188,1.1170273328210132
1723528310.5582802,96.82131886482239,1723528310.573841,-0.01556086540222168,-79.38430493942339,-29.52492302542893,0.0,-1.4774541233642318,-79.08137,-30.102415,0.941293,-1.4711111196,-0.30293493942338046,0.5774919745710712,-0.941293,-0.006343003764231803,-0.36342734512607655,1.145119674997527
1723528310.5966072,96.85964584350586,1723528310.573841,0.02276611328125,-79.40607557582094,-29.70389578279592,0.0,-1.4781687369869176,-79.08137,-30.102415,0.941293,-1.4711111196,-0.3247055758209285,0.398519217204079,-0.941293,-0.007057617386917681,-0.40437168968853165,1.0725128387572582
1723528310.7366076,96.99964618682861,1723528310.7808433,-0.0442357063293457,-79.42905543735259,-29.886723359263883,0.0,-1.4554247858552034,-79.132336,-30.636315999999997,0.953329,-1.4673545227,-0.29671943735259276,0.7495926407361146,-0.953329,0.01192973684479659,0.6835235719085598,1.2485062009415817
1723528310.8366077,97.09964632987976,1723528310.8440588,-0.007451057434082031,-79.43529710855161,-30.033025105580503,0.0,-1.4739569938453951,-79.16382,-30.908853999999998,0.958241,-1.4655575924,-0.27147710855160767,0.8758288944194952,-0.958241,-0.008399401445395194,-0.481250253257228,1.3262736847455796
1723528310.936608,97.19964671134949,1723528310.9454322,-0.00882411003112793,-79.4613146681189,-30.28193458106128,0.0,-1.4735924640925753,-79.186938,-31.179714,0.964893,-1.4636558243,-0.2743766681189044,0.8977794189387218,-0.964893,-0.009936639792575308,-0.5693275226563149,1.3462202429494887
1723528311.0266085,97.28964710235596,1723528311.0496886,-0.023080110549926758,-79.4929513312716,-30.585460258031873,0.0,-1.471002534437028,-79.20945400000001,-31.442560999999998,0.9508920000000001,-1.4608534532,-0.28349733127159027,0.8571007419681251,-0.9508920000000001,-0.010149081237028179,-0.5814995208171273,1.3111781017025965
1723528311.1366086,97.39964723587036,1723528311.134306,0.0023026466369628906,-79.52814790660965,-30.8379781719558,0.0,-1.4680901261055395,-79.233213,-31.706957,0.955446,-1.4580884756999999,-0.2949349066096403,0.8689788280441988,-0.955446,-0.010001650405539573,-0.5730523564027258,1.3247595486132215
1723528311.2366087,97.49964737892151,1723528311.265144,-0.02853536605834961,-79.54523211566635,-31.02101104002973,0.0,-1.46781602635036,-79.255049,-31.96462,0.967296,-1.4541698446,-0.2901831156663519,0.9436089599702697,-0.967296,-0.01364618175035992,-0.7818686207640698,1.382123605749502
1723528311.336609,97.59964752197266,1723528311.3663948,-0.029785871505737305,-79.55338986276143,-31.182846011509795,0.0,-1.4650071642415268,-79.27446400000001,-32.235943,0.962804,-1.450370955,-0.27892586276142595,1.0530969884902035,-0.962804,-0.014636209241526865,-0.8385930176098612,1.4538928593608065
1723528311.4366093,97.69964790344238,1723528311.4488008,-0.012191534042358398,-79.58027620438378,-31.518066876806337,0.0,-1.4595648946811957,-79.299228,-32.491892,0.970545,-1.4473130536,-0.2810482043837794,0.973825123193663,-0.970545,-0.012251841081195591,-0.7019787852175068,1.4033107498966506
1723528311.5366092,97.79964780807495,1723528311.5519917,-0.015382528305053711,-79.60666483741949,-31.783194043173637,0.0,-1.4584529571345748,-79.32391700000001,-32.765383,0.975592,-1.4445486586,-0.2827478374194783,0.9821889568263629,-0.975592,-0.013904298534574753,-0.7966576231210687,1.4129477120336231
1723528311.636608,97.89964652061462,1723528311.6762252,-0.039617300033569336,-79.65102764626211,-32.21721192917763,0.0,-1.450719948563222,-79.34123,-33.036719,0.972627,-1.4401853253999999,-0.3097976462621119,0.8195070708223682,-0.972627,-0.010534623163222179,-0.6035894460133878,1.3090338811071327
1723528311.7366083,97.99964690208435,1723528311.7870362,-0.050427913665771484,-79.66537299163183,-32.42130001964025,0.0,-1.4490750678574398,-79.356443,-33.291374,0.973568,-1.4376005751,-0.3089299916318282,0.8700739803597486,-0.973568,-0.011474492757439725,-0.6574400070547265,1.3417530032210465
1723528311.8366084,98.0996470451355,1723528311.8581116,-0.021503210067749023,-79.68800894401791,-32.686075792288136,0.0,-1.4460506811845155,-79.380418,-33.55165,0.9780460000000001,-1.4317993613,-0.3075909440179032,0.865574207711866,-0.9780460000000001,-0.014251319884515555,-0.8165404818736091,1.341791666397526
1723528311.9366086,98.19964718818665,1723528311.955415,-0.01880645751953125,-79.69885095140043,-32.93000847179758,0.0,-1.4398294465225276,-79.400461,-33.812709999999996,0.962152,-1.4263007041,-0.29838995140042357,0.8827015282024178,-0.962152,-0.013528742422527662,-0.7751398429304281,1.3393785955030157
1723528311.9366086,98.19964718818665,1723528311.955415,-0.01880645751953125,-79.69885095140043,-32.93000847179758,0.0,-1.4398294465225276,-79.400461,-33.812709999999996,0.962152,-1.4263007041,-0.29838995140042357,0.8827015282024178,-0.962152,-0.013528742422527662,-0.7751398429304281,1.3393785955030157
1723528312.036609,98.29964756965637,1723528312.0371008,-0.0004918575286865234,-79.71837573003782,-33.176409806345504,0.0,-1.434396472960316,-79.411564,-34.090472999999996,0.9646290000000001,-1.4203684018,-0.3068117300378219,0.9140631936544921,-0.9646290000000001,-0.014028071160316014,-0.8037492721952952,1.3638746523502998
1723528312.136609,98.39964771270752,1723528312.1727962,-0.036187171936035156,-79.73119650627935,-33.578052948119804,0.0,-1.4263493491613755,-79.421473,-34.357138,0.977504,-1.4134295919,-0.3097235062793402,0.7790850518801946,-0.977504,-0.012919757261375507,-0.7402475634103154,1.2877951073137117
1723528312.2366095,98.49964809417725,1723528312.2780714,-0.041461944580078125,-79.73798085365932,-33.71440129077096,0.0,-1.4222016336608991,-79.427351,-34.615365,0.981487,-1.4057272853,-0.3106298536593215,0.900963709229039,-0.981487,-0.01647434836089912,-0.9439106313077851,1.3680435820912868
1723528312.3366094,98.59964799880981,1723528312.3749974,-0.03838801383972168,-79.7443357286981,-33.94128987258621,0.0,-1.415139936919285,-79.432696,-34.872205,0.994804,-1.400066636,-0.311639728698097,0.9309151274137903,-0.994804,-0.015073300919284938,-0.8636365260056909,1.397625591267868
1723528312.4366097,98.69964838027954,1723528312.4756644,-0.03905463218688965,-79.75138078061148,-34.226443240049626,0.0,-1.408350677299062,-79.438558,-35.129858999999996,1.0007679999999999,-1.3919556261,-0.3128227806114836,0.90341575995037,-1.0007679999999999,-0.016395051199062042,-0.9393672386071548,1.3840356632761328
1723528312.5366096,98.79964828491211,1723528312.570118,-0.03350830078125,-79.76764964072794,-34.46175751586057,0.0,-1.4011605178711093,-79.439546,-35.394891,1.009096,-1.3841659685,-0.32810364072793163,0.9331334841394323,-1.009096,-0.016994549371109224,-0.973715953691266,1.4130339116585702
1723528312.63661,98.89964866638184,1723528312.6505213,-0.013911247253417969,-79.76910553528224,-34.671242301243744,0.0,-1.394243320323324,-79.452648,-35.677439,1.010456,-1.3769793228,-0.31645753528223963,1.0061966987562556,-1.010456,-0.01726399752332397,-0.9891541956107696,1.4606842561487738
1723528312.7266102,98.98964881896973,1723528312.7746978,-0.04808759689331055,-79.7688866873898,-35.046165826953064,0.0,-1.3838329799373563,-79.450595,-35.939636,1.007291,-1.3690097923,-0.3182916873897881,0.8934701730469357,-1.007291,-0.01482318763735635,-0.8493060905510171,1.3835583497153128
1723528312.836609,99.09964752197266,1723528312.8640227,-0.02741384506225586,-79.78459694754399,-35.3168522020526,0.0,-1.3768676467226357,-79.453976,-36.198893,1.0109219999999999,-1.363193768,-0.3306209475439914,0.882040797947397,-1.0109219999999999,-0.013673878722635813,-0.7834555403807693,1.381763174455944
1723528312.9366088,99.19964742660522,1723528312.9960241,-0.059415340423583984,-79.79537870830984,-35.531066319913315,0.0,-1.3705453314516385,-79.451898,-36.457501,1.008676,-1.3565890616,-0.34348070830984057,0.9264346800866861,-1.008676,-0.013956269851638448,-0.7996353602445546,1.411979987968792
1723528313.0366073,99.29964590072632,1723528312.9960241,0.040583133697509766,-79.78861505231158,-35.79093589780402,0.0,-1.36475716181265,-79.451898,-36.457501,1.008676,-1.3565890616,-0.33671705231158455,0.6665651021959818,-1.008676,-0.00816810021264991,-0.46799766882475,1.255035729275841
1723528313.1266077,99.38964629173279,1723528313.0778942,0.04871344566345215,-79.77825783379895,-35.982134186058396,0.0,-1.3600823897386136,-79.452243,-36.716845,1.009815,-1.3507637363,-0.3260148337989506,0.7347108139416036,-1.009815,-0.0093186534386136,-0.5339195127776313,1.290663389968388
1723528313.2366066,99.4996452331543,1723528313.2727969,-0.03619027137756348,-79.78370745792398,-36.293354614015065,0.0,-1.3529148314213528,-79.436925,-37.236318,1.0354999999999999,-1.3355932114,-0.3467824579239789,0.9429633859849318,-1.0354999999999999,-0.017321620021352846,-0.992455721552825,1.4428091593942574
1723528313.3366067,99.59964537620544,1723528313.375537,-0.03893017768859863,-79.78792802218014,-36.578904597807174,0.0,-1.3432464901804644,-79.429314,-37.493232,1.013733,-1.3302852513999999,-0.3586140221801344,0.9143274021928249,-1.013733,-0.012961238780464512,-0.7426242793819067,1.4114720013496171
1723528313.4366055,99.69964408874512,1723528313.4873629,-0.050757408142089844,-79.78211702661616,-36.92463060071813,0.0,-1.3364654764586672,-79.410397,-37.753274,1.018705,-1.3247389003,-0.37172002661615977,0.8286433992818658,-1.018705,-0.011726576158667124,-0.6718833220303594,1.3647657448756267
1723528313.5366058,99.79964447021484,1723528313.5815303,-0.04492449760437012,-79.76769797270214,-37.130334293146994,0.0,-1.331289968602244,-79.406899,-38.028746,1.0161959999999999,-1.3176855091,-0.3607989727021419,0.898411706853004,-1.0161959999999999,-0.013604459502243982,-0.7794781120352289,1.403557552838304
1723528313.636606,99.89964461326599,1723528313.6781483,-0.04154229164123535,-79.75353617972168,-37.343496005808625,0.0,-1.3267722043514316,-79.394701,-38.289998,1.019461,-1.3101619774,-0.3588351797216802,0.9465019941913724,-1.019461,-0.016610226951431658,-0.9516959010714858,1.4366382431687996
1723528313.7366064,99.99964499473572,1723528313.7882676,-0.05166125297546387,-79.74054266613528,-37.684416737563815,0.0,-1.316742542554311,-79.378293,-38.543211,1.010033,-1.3048445939,-0.3622496661352841,0.8587942624361844,-1.010033,-0.01189794865431093,-0.6817022427553736,1.3743795206919502
1723528313.8366063,100.09964489936829,1723528313.7882676,0.04833865165710449,-79.73663096952225,-37.906542480774256,0.0,-1.3105997304475978,-79.378293,-38.543211,1.010033,-1.3048445939,-0.3583379695222533,0.6366685192257435,-1.010033,-0.00575513654759785,-0.32974503469884825,1.2465631010355762
1723528313.9666064,100.2296450138092,1723528314.0072432,-0.04063677787780762,-79.7316643922249,-38.189103625180685,0.0,-1.304592702078756,-79.366556,-39.075623,1.0171949999999998,-1.2913468308,-0.3651083922248972,0.886519374819315,-1.0171949999999998,-0.013245871278755983,-0.7589325202462726,1.3978220230158338
1723528314.0366068,100.29964542388916,1723528314.0072432,0.029363632202148438,-79.73175984643665,-38.477035625297276,0.0,-1.2983210364028888,-79.366556,-39.075623,1.0171949999999998,-1.2913468308,-0.3652038464366427,0.5985873747027242,-1.0171949999999998,-0.00697420560288875,-0.3995925465020172,1.2354620037178876
1723528314.1366072,100.39964580535889,1723528314.112321,0.024286270141601562,-79.71199786552617,-38.633606845026854,0.0,-1.2923124046112224,-79.34128,-39.329066,1.017062,-1.2833429571,-0.37071786552617425,0.6954591549731433,-1.017062,-0.008969447511222528,-0.5139114869571709,1.2866663452116252
1723528314.2366073,100.49964594841003,1723528314.2027538,0.03385353088378906,-79.68362764932012,-38.954191151948784,0.0,-1.2833317648622677,-79.30743,-39.590871,1.010958,-1.2754508603999999,-0.3761976493201189,0.6366798480512159,-1.010958,-0.007880904462267857,-0.4515425644337657,1.2525661571479978
1723528314.3366077,100.59964632987976,1723528314.3125823,0.024025440216064453,-79.66615992943638,-39.22015432484579,0.0,-1.2767816745443572,-79.280213,-39.837662,1.0137969999999998,-1.2683149149,-0.385946929436372,0.617507675154215,-1.0137969999999998,-0.00846675964435728,-0.48510959377335805,1.2482207811219646
1723528314.4366066,100.69964528083801,1723528314.4061244,0.03048229217529297,-79.62885337297739,-39.45382749053979,0.0,-1.2682806708934553,-79.255517,-40.101366,1.013842,-1.2605374810999999,-0.3733363729773913,0.6475385094602117,-1.013842,-0.0077431897934554525,-0.4436520951337731,1.2595879364243951
1723528314.5266068,100.7896454334259,1723528314.511014,0.015592813491821289,-79.61383736870815,-39.758951802163786,0.0,-1.2589305909631192,-79.22631,-40.36553,1.018645,-1.2524788096,-0.38752736870814886,0.6065781978362139,-1.018645,-0.006451781363119302,-0.36965984244789724,1.2472979626428846
1723528314.6366053,100.89964389801025,1723528314.6245365,0.012068748474121094,-79.58460796777968,-39.98986339741541,0.0,-1.250719643354738,-79.196658,-40.632488,1.020463,-1.2436833599,-0.38794996777967583,0.6426246025845899,-1.020463,-0.007036283454738168,-0.40314934541422726,1.2668134399809048
1723528314.7366056,100.99964427947998,1723528314.7306988,0.005906820297241211,-79.54763295103943,-40.27086907204537,0.0,-1.2430166851664501,-79.159773,-40.890397,1.017506,-1.2346576474,-0.38785995103943094,0.6195279279546284,-1.017506,-0.008359037766450195,-0.4789375848080585,1.2528242714651026
1723528314.8666048,101.12964344024658,1723528314.8220778,0.04452705383300781,-79.5154611822743,-40.44649381997372,0.0,-1.2375300499793014,-79.127514,-41.152367,1.0265259999999998,-1.2273424818,-0.3879471822742886,0.7058731800262805,-1.0265259999999998,-0.010187568179301332,-0.5837046601757426,1.304804809613673
1723528314.966605,101.22964358329773,1723528314.9935012,-0.026896238327026367,-79.46408980772819,-40.77698912659208,0.0,-1.228056399156818,-79.030068,-41.673485,1.029148,-1.2105464978,-0.4340218077281861,0.8964958734079218,-1.029148,-0.01750990135681807,-1.0032434474360692,1.432209965935538
1723528315.0566037,101.31964230537415,1723528315.0975418,-0.04093813896179199,-79.41458656421526,-41.04473571715803,0.0,-1.2175209910007352,-78.986427,-41.945746,1.035121,-1.2026852441,-0.4281595642152496,0.9010102828419733,-1.035121,-0.014835746900735192,-0.8500256833364179,1.4375728248881743
1723528315.166604,101.42964267730713,1723528315.2210379,-0.05443382263183594,-79.36819444344104,-41.32028274216222,0.0,-1.2104381406359628,-78.943557,-42.204827,1.033993,-1.1934373479,-0.4246374434410427,0.8845442578377813,-1.033993,-0.017000792735962778,-0.9740736721473349,1.4254392398467695
1723528315.166604,101.42964267730713,1723528315.2210379,-0.05443382263183594,-79.36819444344104,-41.32028274216222,0.0,-1.2104381406359628,-78.943557,-42.204827,1.033993,-1.1934373479,-0.4246374434410427,0.8845442578377813,-1.033993,-0.017000792735962778,-0.9740736721473349,1.4254392398467695
1723528315.2666042,101.52964282035828,1723528315.2210379,0.04556632041931152,-79.30370012308738,-41.77992212849515,0.0,-1.1946616191805188,-78.943557,-42.204827,1.033993,-1.1934373479,-0.36014312308738283,0.42490487150485023,-1.033993,-0.0012242712805188294,-0.07014557735280581,1.1744738153678382
1723528315.2666042,101.52964282035828,1723528315.2210379,0.04556632041931152,-79.30370012308738,-41.77992212849515,0.0,-1.1946616191805188,-78.943557,-42.204827,1.033993,-1.1934373479,-0.36014312308738283,0.42490487150485023,-1.033993,-0.0012242712805188294,-0.07014557735280581,1.1744738153678382
1723528315.3666046,101.629643201828,1723528315.407329,-0.04072451591491699,-79.2411903298514,-42.06880235274723,0.0,-1.1870113495448595,-78.851562,-42.718199999999996,1.0229169999999999,-1.1785705484,-0.38962832985140494,0.6493976472527692,-1.0229169999999999,-0.008440801144859567,-0.4836222813096466,1.2727477081374874
1723528315.4666045,101.72964310646057,1723528315.4877858,-0.021181344985961914,-79.20638752403534,-42.22159006888732,0.0,-1.1848960302983642,-78.802037,-42.983812,1.024767,-1.1701645177,-0.4043505240353369,0.762221931112677,-1.024767,-0.01473151259836425,-0.8440534977300724,1.3396376460990451
1723528315.5666049,101.8296434879303,1723528315.5860672,-0.01946234703063965,-79.18717427184069,-42.38036613134211,0.0,-1.177773391040114,-78.740422,-43.245424,1.051057,-1.1643897741,-0.446752271840694,0.8650578686578925,-1.051057,-0.01338361694011403,-0.7668247652883269,1.4327014782468666
1723528315.666605,101.92964363098145,1723528315.7153502,-0.048745155334472656,-79.14140350910324,-42.63864873338205,0.0,-1.1709140491656114,-78.684544,-43.49912,1.050487,-1.1583561227999999,-0.45685950910323925,0.8604712666179495,-1.050487,-0.012557926365611483,-0.7195161801855987,1.4327087453150242
1723528315.7666054,102.02964401245117,1723528315.7153502,0.051255226135253906,-79.09776330855149,-42.83750739251137,0.0,-1.1659983536071976,-78.684544,-43.49912,1.050487,-1.1583561227999999,-0.4132193085514899,0.6616126074886282,-1.050487,-0.007642230807197725,-0.437867571317286,1.3084358511278544
1723528315.8666055,102.12964415550232,1723528315.8319883,0.03461718559265137,-79.04008117727851,-43.13122778867253,0.0,-1.1592482841849212,-78.622362,-43.768921,1.041223,-1.1514920563,-0.4177191772785136,0.6376932113274663,-1.041223,-0.007756227884921252,-0.4443991227476689,1.290460103439225
1723528315.966606,102.22964453697205,1723528315.9267275,0.03987836837768555,-78.98326440655698,-43.43566175557654,0.0,-1.1499545719561484,-78.563561,-44.032359,1.04008,-1.1441597394,-0.4197034065569767,0.59669724442346,-1.04008,-0.005794832556148322,-0.33201944845230547,1.2704192053720225
1723528316.0566049,102.31964349746704,1723528316.0353534,0.021251440048217773,-78.92244766926994,-43.640096607339515,0.0,-1.1449920225165613,-78.506266,-44.28721,1.0471739999999998,-1.1376270089,-0.41618166926994604,0.6471133926604864,-1.0471739999999998,-0.007365013616561278,-0.421984196285344,1.2994369207748728
1723528316.166605,102.42964363098145,1723528316.116901,0.04970407485961914,-78.8410631748678,-43.94524847257778,0.0,-1.1385560827815402,-78.451053,-44.549241,1.036724,-1.1309457844,-0.3900101748677969,0.6039925274222213,-1.036724,-0.007610298381540259,-0.43603797809749795,1.2616305171714468
1723528316.2666037,102.52964234352112,1723528316.3077602,-0.04115653038024902,-78.78698061594004,-44.14388490994065,0.0,-1.1314146780168883,-78.31745000000001,-45.061209999999996,1.0391059999999999,-1.1157324718,-0.4695306159400303,0.917325090059343,-1.0391059999999999,-0.01568220621688843,-0.8985242296815285,1.4634498964410794
1723528316.366604,102.62964272499084,1723528316.3077602,0.05884385108947754,-78.71847457108079,-44.48814484088084,0.0,-1.1226322436920195,-78.31745000000001,-45.061209999999996,1.0391059999999999,-1.1157324718,-0.40102457108078227,0.5730651591191531,-1.0391059999999999,-0.006899771892019624,-0.39532780901571923,1.2525835949918813
1723528316.466603,102.7296416759491,1723528316.4346235,0.03197956085205078,-78.66255489912108,-44.67776388371305,0.0,-1.1184662078261232,-78.235477,-45.322069,1.0442049999999998,-1.1097715749,-0.4270778991210733,0.6443051162869509,-1.0442049999999998,-0.008694632926123269,-0.4981657710823446,1.299187706536746
1723528316.5666032,102.82964181900024,1723528316.5345612,0.03204202651977539,-78.59952885268437,-44.90147639492622,0.0,-1.1109592419166816,-78.17253000000001,-45.572018,1.0470899999999999,-1.1037080651,-0.42699885268436333,0.6705416050737796,-1.0470899999999999,-0.007251176816681637,-0.41546182809896526,1.3146678411023383
1723528316.666602,102.92964053153992,1723528316.7109802,-0.04437828063964844,-78.51437789263208,-45.21515710248632,0.0,-1.103898744711685,-78.035051,-46.09604,1.0571059999999999,-1.0916795979,-0.4793268926320877,0.8808828975136791,-1.0571059999999999,-0.012219146811685011,-0.7001055415602873,1.4571142866530502
1723528316.7666023,103.02964091300964,1723528316.7959983,-0.02939605712890625,-78.45106440110587,-45.44209027235586,0.0,-1.0995596857913865,-77.953101,-46.345721,1.0724799999999999,-1.0854387008,-0.49796340110586357,0.9036307276441349,-1.0724799999999999,-0.014120984991386587,-0.8090728425740306,1.4881966910269582
1723528316.8666024,103.12964105606079,1723528316.9064608,-0.039858341217041016,-78.37338162151394,-45.68588307817588,0.0,-1.0933227970139023,-77.882184,-46.618359,1.0491869999999999,-1.0797102305,-0.4911976215139475,0.9324759218241212,-1.0491869999999999,-0.013612566513902413,-0.7799426095877203,1.487138127119234
1723528316.9666028,103.22964143753052,1723528317.0070717,-0.04046893119812012,-78.29783236466243,-45.92969306322848,0.0,-1.0885207588286931,-77.801972,-46.869755,1.055437,-1.0750475307,-0.4958603646624198,0.9400619367715208,-1.055437,-0.013473228128693115,-0.7719591081910595,1.49784552180082
1723528317.0666027,103.32964134216309,1723528317.1113973,-0.044794559478759766,-78.20922280766294,-46.23483635948107,0.0,-1.0839669250480268,-77.714617,-47.127713,1.066384,-1.0717595915,-0.4946058076629356,0.8928766405189279,-1.066384,-0.012207333548026833,-0.6994286914103983,1.4761566433188154
1723528317.1666028,103.42964148521423,1723528317.2193418,-0.05273890495300293,-78.11832243742978,-46.50879651883242,0.0,-1.079236612115222,-77.631626,-47.39393,1.061057,-1.0693650762,-0.4866964374297851,0.8851334811675784,-1.061057,-0.00987153591522194,-0.5655973452540296,1.4649835012516967
1723528317.266603,103.52964162826538,1723528317.3126411,-0.046038150787353516,-78.03550103468746,-46.79162442251996,0.0,-1.0766409872429659,-77.556831,-47.656715999999996,1.0486959999999999,-1.0668866691,-0.47867003468745395,0.8650915774800367,-1.0486959999999999,-0.00975431814296579,-0.5588812616198265,1.4412743458310033
1723528317.3666034,103.62964200973511,1723528317.4029255,-0.03632211685180664,-77.97939974121954,-47.04154516853299,0.0,-1.0746468962095543,-77.476468,-47.909954,1.068188,-1.0632846410999999,-0.5029317412195411,0.8684088314670078,-1.068188,-0.011362255109554464,-0.6510092635284256,1.465639736852141
1723528317.466602,103.72964072227478,1723528317.4029255,0.06367659568786621,-77.9149707210762,-47.23550713277504,0.0,-1.072256502941653,-77.476468,-47.909954,1.068188,-1.0632846410999999,-0.4385027210762047,0.6744468672249582,-1.068188,-0.008971861841653217,-0.5140498179011994,1.3372317736446424
1723528317.5666022,103.82964086532593,1723528317.5524366,0.014165639877319336,-77.80794253954669,-47.54869368451765,0.0,-1.0707665317445034,-77.38486900000001,-48.163509,1.072986,-1.0619752271,-0.42307353954667803,0.6148153154823461,-1.072986,-0.008791304644503395,-0.503704652543803,1.3070149380218312
1723528317.6666007,103.92963933944702,1723528317.6708794,-0.004278659820556641,-77.72108643541371,-47.78671452115928,0.0,-1.0691782453503633,-77.29973700000001,-48.421123,1.075532,-1.0607792765,-0.4213494354137026,0.6344084788407187,-1.075532,-0.008398968850363397,-0.48122546738766775,1.3178689418043208
1723528317.7666008,104.02963948249817,1723528317.753645,0.012955904006958008,-77.63382141204036,-48.08708990808392,0.0,-1.0662654926288941,-77.22872600000001,-48.695036,1.0616919999999999,-1.0587398641999999,-0.40509541204035315,0.6079460919160837,-1.0616919999999999,-0.00752562842889426,-0.43118674715930966,1.2887554641576433
1723528317.8665998,104.12963843345642,1723528317.8457174,0.020882368087768555,-77.55554693027845,-48.357958259795815,0.0,-1.066537440832385,-77.142993,-48.951814,1.060206,-1.0588172259,-0.4125539302784489,0.5938557402041837,-1.060206,-0.007720214932385172,-0.44233573255954656,1.2833168540924156
1723528317.9278693,104.19090795516968,1723528317.9733205,-0.04545116424560547,-77.52137807729902,-48.51454051172596,0.0,-1.0653090918482888,-77.068119,-49.204817999999996,1.049467,-1.055908591,-0.45325907729902326,0.6902774882740346,-1.049467,-0.009400500848288917,-0.5386090239161051,1.3354054762733572
1723528317.9666,104.22963857650757,1723528317.9733205,-0.006720542907714844,-77.52136956421444,-48.514567641406686,0.0,-1.0653090918482206,-77.068119,-49.204817999999996,1.049467,-1.055908591,-0.4532505642144429,0.6902503585933104,-1.049467,-0.00940050084822075,-0.5386090239121994,1.335388563522956
1723528318.0665984,104.32963705062866,1723528318.0878258,-0.021227359771728516,-77.38623570981369,-48.96306016751511,0.0,-1.055126291718845,-76.989703,-49.457158,1.067222,-1.0542396451,-0.39653270981368394,0.4940978324848899,-1.067222,-0.0008866466188450772,-0.05080110917936749,1.2411017908706963
1723528318.1965988,104.45963740348816,1723528318.2156072,-0.019008398056030273,-77.32062734963307,-49.13913318451346,0.0,-1.0613896447336373,-76.902046,-49.704048,1.081,-1.0537567852,-0.41858134963307236,0.5649148154865387,-1.081,-0.007632859533637237,-0.4373306368936075,1.2895348366821404
1723528318.296599,104.5596375465393,1723528318.3039005,-0.0073015689849853516,-77.24595273701497,-49.37918640904288,0.0,-1.0587064070906003,-76.817308,-49.9644,1.061896,-1.0512807534,-0.4286447370149773,0.5852135909571174,-1.061896,-0.007425653690600331,-0.4254586165971426,1.2860149192087793
1723528318.366599,104.62963771820068,1723528318.4094496,-0.042850494384765625,-77.18121888487659,-49.57295791513975,0.0,-1.0577834369789478,-76.729814,-50.230015,1.053523,-1.0495278587999999,-0.45140488487658104,0.6570570848602486,-1.053523,-0.008255578178947953,-0.4730097870940156,1.3211362891028644
1723528318.4665978,104.72963643074036,1723528318.4924276,-0.025829792022705078,-77.10391856603405,-49.85272569849449,0.0,-1.051050765020392,-76.644406,-50.489823,1.064824,-1.0438279818,-0.45951256603405,0.6370973015055128,-1.064824,-0.007222783220391937,-0.4138349948663671,1.3232138606078774
1723528318.5965981,104.85963678359985,1723528318.6263115,-0.02971339225769043,-77.015824321661,-50.09951649959896,0.0,-1.0497723754609618,-76.561772,-50.741721,1.064357,-1.0412198853999999,-0.4540523216609955,0.6422045004010357,-1.064357,-0.008552490060961926,-0.4900215848207025,1.3234220621517854
1723528318.6965966,104.95963525772095,1723528318.7350557,-0.038459062576293945,-76.93776848503413,-50.35532500109404,0.0,-1.0485670539004115,-76.481854,-50.998646,1.068765,-1.0427535084,-0.45591448503412835,0.6433209989059634,-1.068765,-0.005813545500411577,-0.3330916211808535,1.3281485423409163
1723528318.7965968,105.0596354007721,1723528318.856723,-0.060126304626464844,-76.84417521587278,-50.61781419807466,0.0,-1.0459382317421424,-76.401529,-51.252168,1.067833,-1.0390429492,-0.4426462158727844,0.6343538019253359,-1.067833,-0.006895282542142444,-0.39507058821499924,1.3185627532782138
1723528318.8965971,105.15963578224182,1723528318.856723,0.03987407684326172,-76.75749197782564,-50.88827299706608,0.0,-1.043069776133918,-76.401529,-51.252168,1.067833,-1.0390429492,-0.3559629778256408,0.36389500293391563,-1.067833,-0.004026826933918093,-0.23072018814311238,1.182960916781181
1723528318.9965973,105.25963592529297,1723528319.04592,-0.04932260513305664,-76.67662795317702,-51.17451017790782,0.0,-1.040357803948417,-76.234353,-51.772591999999996,1.0715249999999998,-1.0317352631999999,-0.44227495317701937,0.5980818220921762,-1.0715249999999998,-0.008622540748417062,-0.4940351935638718,1.3044059282868319
1723528319.0965977,105.3596363067627,1723528319.04592,0.05067777633666992,-76.58982904648792,-51.43553104762922,0.0,-1.0356508750097175,-76.234353,-51.772591999999996,1.0715249999999998,-1.0317352631999999,-0.3554760464879223,0.33706095237077704,-1.0715249999999998,-0.003915611809717667,-0.22434803090840472,1.1781931636471068
1723528319.196598,105.45963668823242,1723528319.1510339,0.04556417465209961,-76.50450641315878,-51.68575674901867,0.0,-1.032276899897318,-76.141981,-52.028656999999995,1.052072,-1.0287512625,-0.36252541315877806,0.34290025098132304,-1.052072,-0.0035256373973180377,-0.2020041429598117,1.1644143379798262
1723528319.2965968,105.5596354007721,1723528319.2791033,0.017493486404418945,-76.44188088640962,-51.873896853574614,0.0,-1.0332792845922194,-76.040999,-52.273298,1.0454789999999998,-1.0256403394,-0.4008818864096213,0.39940114642538305,-1.0454789999999998,-0.007638945192219415,-0.43767931944592386,1.1888035590703143
1723528319.3965971,105.65963578224182,1723528319.3793902,0.017206907272338867,-76.34240359289926,-52.17032975133079,0.0,-1.0272430622521105,-75.958036,-52.522562,1.067089,-1.0238516795,-0.3843675928992525,0.35223224866921043,-1.067089,-0.0033913827521105944,-0.19431191840939893,1.187638386629
1723528319.4965959,105.7596344947815,1723528319.4976242,-0.001028299331665039,-76.24401630434367,-52.430664162418225,0.0,-1.024803418369184,-75.88091800000001,-52.764637,1.0726129999999998,-1.0206049608999999,-0.36309830434366575,0.33397283758177565,-1.0726129999999998,-0.004198457469184236,-0.2405538934494336,1.180625631870098
1723528319.596596,105.85963463783264,1723528319.5801985,0.016397476196289062,-76.14627050150106,-52.666327844472505,0.0,-1.0196849312155143,-75.797417,-53.025748,1.07206,-1.0167148205,-0.3488535015010683,0.35942015552749496,-1.07206,-0.0029701107155142292,-0.17017480868554646,1.1832980424681538
1723528319.6965947,105.95963335037231,1723528319.6759198,0.020674943923950195,-76.08850834496432,-52.900323674426964,0.0,-1.0186368835238246,-75.704866,-53.279527,1.0511789999999999,-1.0130975877,-0.38364234496432914,0.3792033255730374,-1.0511789999999999,-0.00553929582382473,-0.31737827217959946,1.181504930593343
1723528319.796595,106.05963373184204,1723528319.7979982,-0.0014030933380126953,-76.02123689331923,-53.13198466842834,0.0,-1.017814055316619,-75.622125,-53.519329,1.040895,-1.0104288844,-0.3991118933192297,0.38734433157166137,-1.040895,-0.007385170916619055,-0.42313912450503344,1.1801645375177807
1723528319.8965938,106.15963244438171,1723528319.8925426,0.00405120849609375,-75.91801881553964,-53.438750108961486,0.0,-1.0133795608876226,-75.526492,-53.783191,1.0615089999999998,-1.0081777173,-0.39152681553963475,0.3444408910385164,-1.0615089999999998,-0.0052018435876226565,-0.29804368325796887,1.182680908693048
1723528319.996594,106.25963258743286,1723528319.9759684,0.020625591278076172,-75.83464002659822,-53.6683704642842,0.0,-1.0094263273874287,-75.453377,-54.035156,1.073999,-1.0061198193,-0.3812630265982193,0.36678553571579897,-1.073999,-0.0033065080874286057,-0.1894489583355329,1.1972330502713997
1723528320.1075928,106.37063145637512,1723528320.077763,0.029829740524291992,-75.73014168969779,-53.89842103716417,0.0,-1.0041562646129236,-75.359357,-54.288232,1.07789,-1.0013321102,-0.37078468969778555,0.3898109628358313,-1.07789,-0.002824154412923718,-0.1618121285537758,1.204691132598427
1723528320.196593,106.45963168144226,1723528320.1555107,0.04108238220214844,-75.658864389682,-54.08208590731507,0.0,-0.9991987406956896,-75.257754,-54.520877,1.0729849999999999,-0.9970685372,-0.401110389681989,0.4387910926849301,-1.0729849999999999,-0.0021302034956895977,-0.1220516698070284,1.226671911293102
1723528320.296593,106.55963158607483,1723528320.2831397,0.013453245162963867,-75.5199158417186,-54.39952636891867,0.0,-0.9881685905028776,-75.159532,-54.760171,1.0559649999999998,-0.9900765395,-0.36038384171860116,0.36064463108132827,-1.0559649999999998,0.0019079489971223218,0.10931742506132709,1.1726052807849046
1723528320.296593,106.55963158607483,1723528320.2831397,0.013453245162963867,-75.5199158417186,-54.39952636891867,0.0,-0.9881685905028776,-75.159532,-54.760171,1.0559649999999998,-0.9900765395,-0.36038384171860116,0.36064463108132827,-1.0559649999999998,0.0019079489971223218,0.10931742506132709,1.1726052807849046
1723528320.3965933,106.65963196754456,1723528320.4072206,-0.010627269744873047,-75.42654441421645,-54.605655901047264,0.0,-0.9822510371918849,-75.06804100000001,-54.999776,1.055389,-0.9815406775,-0.35850341421644316,0.39412009895273314,-1.055389,-0.000710359691884932,-0.040700612281220155,1.182244176016257
1723528320.496592,106.75963068008423,1723528320.4955351,0.0010569095611572266,-75.2823164590748,-55.05118321549878,0.0,-0.9666122137956439,-74.950289,-55.239112999999996,1.0560189999999998,-0.9745833003,-0.33202745907480846,0.18792978450121467,-1.0560189999999998,0.007971086504356071,0.4567096148332916,1.1228249934176502
1723528320.5965922,106.85963082313538,1723528320.6243303,-0.027738094329833984,-75.23817234069271,-55.14321829321194,0.0,-0.9633601629989283,-74.86324,-55.471743,1.089739,-0.9651253486,-0.374932340692709,0.328524706788059,-1.089739,0.0017651856010716394,0.10113768499866833,1.1983462901801356
1723528320.696591,106.95962953567505,1723528320.7151704,-0.018579483032226562,-75.14822770614761,-55.36153354323924,0.0,-0.9521452322743502,-74.773071,-55.710826,1.1001539999999999,-0.9563072048999999,-0.37515670614760666,0.3492924567607574,-1.1001539999999999,0.004161972625649657,0.23846346589870707,1.2137077894754928
1723528320.7965913,107.05962991714478,1723528320.7958026,0.0007886886596679688,-75.07016414328426,-55.566445761463704,0.0,-0.9426668935424726,-74.687845,-55.947154,1.0792439999999999,-0.9463927899,-0.3823191432842634,0.3807082385362932,-1.0792439999999999,0.0037258963575274033,0.21347813618948663,1.206596163489268
1723528320.8965914,107.15963006019592,1723528320.878629,0.01796245574951172,-74.91292397968411,-55.823266815405404,0.0,-0.9287765170297755,-74.572163,-56.184658999999996,1.0513359999999998,-0.9356074367,-0.3407609796841058,0.36139218459459244,-1.0513359999999998,0.006830919670224533,0.39138286729676186,1.162768137359002
1723528320.9965918,107.25963044166565,1723528320.9730802,0.023511648178100586,-74.78379080262152,-56.03341855063173,0.0,-0.9170670376778505,-74.44382900000001,-56.412642999999996,1.051091,-0.923371132,-0.33996180262151654,0.37922444936826594,-1.051091,0.006304094322149512,0.3611979983115526,1.1679800942316334
1723528321.0965903,107.35962891578674,1723528321.0500782,0.04651212692260742,-74.70115355589239,-56.19908925659019,0.0,-0.9033318192182858,-74.308483,-56.636902,1.025026,-0.9107417435999998,-0.3926705558923942,0.4378127434098076,-1.025026,0.007409924381714061,0.42455739358330175,1.1817565165603547
1723528321.1965904,107.45962905883789,1723528321.155936,0.04065442085266113,-74.55505249396002,-56.49025843842468,0.0,-0.8886384547383414,-74.191995,-56.876863,1.0469929999999998,-0.8951635524,-0.36305749396001374,0.386604561575318,-1.0469929999999998,0.006525097661658652,0.37386055692372316,1.173655900594535
1723528321.2965891,107.55962777137756,1723528321.3077757,-0.011186599731445312,-74.47902236694608,-56.650868279975306,0.0,-0.8780985824707979,-73.956916,-57.326316,1.07273,-0.8708994523,-0.5221063669460762,0.6754477200246924,-1.07273,-0.007199130170797873,-0.4124797749520136,1.370975686798342
1723528321.3965895,107.65962815284729,1723528321.4192374,-0.022647857666015625,-74.34396036852556,-56.935913898069316,0.0,-0.8641467259437349,-73.857106,-57.563055999999996,1.073178,-0.8566753713999999,-0.48685436852555597,0.62714210193068,-1.073178,-0.007471354543734932,-0.4280770826019024,1.3349327368262602
1723528321.4965882,107.75962686538696,1723528321.5393465,-0.04275822639465332,-74.20160556781393,-57.178952074438634,0.0,-0.8518197740023434,-73.73659,-57.772435,1.082596,-0.8456486446,-0.4650155678139214,0.5934829255613678,-1.082596,-0.006171129402343434,-0.3535796695833689,1.319270844238659
1723528321.5965884,107.85962700843811,1723528321.6213527,-0.024764299392700195,-74.08260444116945,-57.34288290452406,0.0,-0.8376531164688955,-73.591414,-57.973627,1.0808909999999998,-0.8314720794,-0.49119044116945076,0.63074409547594,-1.0808909999999998,-0.006181037068895501,-0.35414733706162527,1.3444074967639095
1723528321.696587,107.95962572097778,1723528321.7252307,-0.02864360809326172,-73.92932729862258,-57.58304717601782,0.0,-0.8222001227852038,-73.43374800000001,-58.196144,1.082751,-0.8153557999,-0.4955792986225731,0.6130968239821755,-1.082751,-0.0068443228852038684,-0.3921508149469843,1.3393417356303328
1723528321.7965872,108.05962586402893,1723528321.798603,-0.002015829086303711,-73.79486467813446,-57.77844791849681,0.0,-0.8077868203035576,-73.29830100000001,-58.410603,1.0700079999999998,-0.7995498284000001,-0.49656367813445,0.6321550815031927,-1.0700079999999998,-0.008236991903557533,-0.4719448719572767,1.3383245695931616
1723528321.8965876,108.15962624549866,1723528321.8855104,0.011077165603637695,-73.66645286766983,-57.95827404137734,0.0,-0.7942233797283622,-73.156433,-58.617014,1.070133,-0.7851635986,-0.5100198676698255,0.658739958622661,-1.070133,-0.009059781128362254,-0.5190872219674278,1.3561870210974338
1723528322.0365865,108.29962515830994,1723528321.9961321,0.04045438766479492,-73.49667236945675,-58.21036292663999,0.0,-0.7774793638929274,-73.02154300000001,-58.808963,1.0662939999999999,-0.7712702172,-0.475129369456738,0.5986000733600108,-1.0662939999999999,-0.006209146692927381,-0.35575789988235146,1.3118890425577032
1723528322.0965867,108.35962533950806,1723528322.1038957,-0.0073089599609375,-73.36499296803974,-58.41029734736831,0.0,-0.7634836231661986,-72.889515,-59.004794,1.07147,-0.7557329784999999,-0.4754779680397405,0.5944966526316904,-1.07147,-0.0077506446661986805,-0.44407922787876714,1.314364306035996
1723528322.1965868,108.4596254825592,1723528322.204577,-0.007990121841430664,-73.25414120363304,-58.580074534779385,0.0,-0.7487647771642516,-72.750021,-59.203334,1.070166,-0.7404111146,-0.5041202036330361,0.6232594652206132,-1.070166,-0.00835366256425163,-0.47862960840805124,1.3371031404697613
1723528322.3365855,108.5996241569519,1723528322.375955,-0.03936958312988281,-73.11473419098317,-58.77654379710773,0.0,-0.7311085444021832,-72.455066,-59.566308,1.055013,-0.7058640898999999,-0.6596681909831688,0.7897642028922718,-1.055013,-0.025244454502183263,-1.4464006990851306,1.4737510130731282
1723528322.436584,108.699622631073,1723528322.4464962,-0.009912252426147461,-72.9670157178654,-58.9660064049043,0.0,-0.7140045539632083,-72.294776,-59.741241,1.0529769999999998,-0.6866132947,-0.6722397178653949,0.7752345950957036,-1.0529769999999998,-0.02739125926320829,-1.5694035513304558,1.470256942931386
1723528322.5365844,108.79962301254272,1723528322.5542722,-0.01768779754638672,-72.84174092337587,-59.100632919713846,0.0,-0.696646790364722,-72.140407,-59.914946,1.0568769999999998,-0.6686679644,-0.70133392337587,0.8143130802861549,-1.0568769999999998,-0.027978825964722006,-1.6030686435096149,1.507303571923027
1723528322.6365833,108.89962196350098,1723528322.6651876,-0.02860426902770996,-72.67540709375078,-59.27099650185934,0.0,-0.6764571785531106,-71.980924,-60.10264,1.06015,-0.6483512325999999,-0.694483093750776,0.8316434981406644,-1.06015,-0.028105945953110667,-1.610352082336037,1.5158679685267085
1723528322.7365835,108.99962210655212,1723528322.7754989,-0.038915395736694336,-72.46590632327045,-59.49706053142634,0.0,-0.6541237565139971,-71.82100200000001,-60.276046,1.046503,-0.6267727681999999,-0.6449043232704383,0.7789854685736586,-1.046503,-0.027350988313997182,-1.5670961959036738,1.455296696701681
1723528322.8365822,109.0996208190918,1723528322.85688,-0.020297765731811523,-72.273496896482,-59.69821243040844,0.0,-0.6325574210603508,-71.66612,-60.441306,1.047887,-0.6062668399000001,-0.6073768964819948,0.7430935695915579,-1.047887,-0.026290581160350764,-1.5063393414342534,1.4209721715492614
1723528322.9265826,109.18962121009827,1723528322.9529667,-0.02638411521911621,-72.1162291537463,-59.86751650096063,0.0,-0.6122841717282763,-71.508162,-60.584009,1.04005,-0.5884776341,-0.6080671537463047,0.7164924990393686,-1.04005,-0.023806537628276336,-1.3640141309196188,1.4017172208205233
1723528323.0365813,109.2996199131012,1723528323.04274,-0.0061588287353515625,-71.99045962368466,-60.00977699239376,0.0,-0.5931124351444904,-71.341637,-60.73536,1.040711,-0.5684713601,-0.6488226236846515,0.7255830076062395,-1.040711,-0.024641075044490424,-1.4118296027144386,1.4249634674099372
1723528323.1365814,109.39962005615234,1723528323.1658459,-0.029264450073242188,-71.87215935182118,-60.145046526572465,0.0,-0.5764525772883244,-71.192448,-60.872247,1.031464,-0.5536566382,-0.679711351821183,0.727200473427537,-1.031464,-0.022795939088324446,-1.3061110997982923,1.433438535007279
1723528323.2365801,109.49961876869202,1723528323.275552,-0.038971900939941406,-71.72379012801139,-60.281926673624206,0.0,-0.5598375592469953,-71.052895,-61.00093,1.0243909999999998,-0.5356438413,-0.6708951280113808,0.7190033263757911,-1.0243909999999998,-0.02419371794699532,-1.3861979290927464,1.4200151326693176
1723528323.3365803,109.59961891174316,1723528323.376359,-0.039778709411621094,-71.56645757145748,-60.41835585067424,0.0,-0.5434293494841268,-70.921571,-61.133897,1.0212569999999999,-0.5219903977,-0.6448865714574765,0.7155411493257589,-1.0212569999999999,-0.021438951784126803,-1.2283614544149322,1.4038674034514822
1723528323.4365788,109.69961738586426,1723528323.4661307,-0.029551982879638672,-71.40696272669534,-60.563234841127795,0.0,-0.5287237311217884,-70.778908,-61.251656,1.037469,-0.5069152803,-0.6280547266953391,0.6884211588722025,-1.037469,-0.021808450821788394,-1.2495321898070868,1.394531590774588
1723528323.536579,109.7996175289154,1723528323.5552704,-0.018691539764404297,-71.26943812248771,-60.66300856017405,0.0,-0.5124938051601884,-70.636751,-61.353598,1.055194,-0.4891578752,-0.6326871224877095,0.6905894398259491,-1.055194,-0.023335929960188406,-1.337050297731687,1.4109008281934263
1723528323.6365776,109.89961624145508,1723528323.659972,-0.023394346237182617,-71.14454160794861,-60.74600293007882,0.0,-0.4955121697978715,-70.490422,-61.451374,1.060449,-0.47309895820000003,-0.6541196079486156,0.7053710699211848,-1.060449,-0.022413211597871463,-1.2841824298917028,1.4317726388591197
1723528323.736578,109.9996166229248,1723528323.7448251,-0.008247137069702148,-70.9746482665305,-60.85717556965301,0.0,-0.48237448524495496,-70.348586,-61.558611,1.066366,-0.45746399340000005,-0.6260622665304965,0.7014354303469901,-1.066366,-0.02491049184495492,-1.4272660483109723,1.4216546945286572
1723528323.736578,109.9996166229248,1723528323.7448251,-0.008247137069702148,-70.9746482665305,-60.85717556965301,0.0,-0.48237448524495496,-70.348586,-61.558611,1.066366,-0.45746399340000005,-0.6260622665304965,0.7014354303469901,-1.066366,-0.02491049184495492,-1.4272660483109723,1.4216546945286572
1723528323.8365767,110.09961533546448,1723528323.87665,-0.040073394775390625,-70.75563810441754,-61.033316743965536,0.0,-0.44980362773299154,-70.20857000000001,-61.662735,1.04625,-0.4413245576,-0.5470681044175336,0.6294182560344623,-1.04625,-0.00847907013299154,-0.48581493281584487,1.3379424181931214
1723528323.9365768,110.19961547851562,1723528323.9707391,-0.034162282943725586,-70.68621293559968,-61.09978232766117,0.0,-0.42901537160045766,-70.08154400000001,-61.769627,1.036107,-0.4290179586,-0.6046689355996762,0.6698446723388329,-1.036107,2.5869995423644103e-06,0.00014822415537975612,1.3739847605373807
1723528324.0365756,110.2996141910553,1723528324.0756087,-0.03903317451477051,-70.58916928399813,-61.18224060407155,0.0,-0.4324749783249331,-69.931956,-61.868954,1.050161,-0.41374589910000004,-0.6572132839981322,0.6867133959284502,-1.050161,-0.018729079224933054,-1.073097193754815,1.4164542755529363
1723528324.136576,110.39961457252502,1723528324.1627707,-0.02619481086730957,-70.44865728098449,-61.28425684221798,0.0,-0.4191083039857637,-69.786444,-61.940639,1.056692,-0.3938491061,-0.6622132809844885,0.6563821577820192,-1.056692,-0.025259197885763692,-1.4472454327400317,1.4092416220899882
1723528324.2365746,110.4996132850647,1723528324.2506855,-0.014110803604125977,-70.2897540531592,-61.35101769714679,0.0,-0.4027141193289912,-69.637553,-62.015239,1.0505149999999999,-0.3776314714,-0.6522010531592031,0.664221302853214,-1.0505149999999999,-0.02508264792899123,-1.4371298653437525,1.4036160152018053
1723528324.3365748,110.59961342811584,1723528324.3923123,-0.05573749542236328,-70.18178414715598,-61.39599907116465,0.0,-0.3841848348501933,-69.480531,-62.097654999999996,1.0256509999999999,-0.36278171340000004,-0.7012531471559811,0.7016559288353434,-1.0256509999999999,-0.02140312145019324,-1.2263085275019947,1.4268976812185785
1723528324.4365735,110.69961214065552,1723528324.4765837,-0.04001021385192871,-70.00251525033978,-61.50885087988357,0.0,-0.3680372564962604,-69.332803,-62.206582,1.0128439999999999,-0.3468312345000001,-0.669712250339785,0.6977311201164298,-1.0128439999999999,-0.021206021996260316,-1.215015560647305,1.4004271428996606
1723528324.536574,110.79961252212524,1723528324.56322,-0.026646137237548828,-69.86870358595347,-61.61998029808291,0.0,-0.3551711740039521,-69.20873,-62.291744,1.015572,-0.335592802,-0.6599735859534661,0.6717637019170937,-1.015572,-0.019578372003952075,-1.1217580855635418,1.3849975063348074
1723528324.6365726,110.89961123466492,1723528324.666973,-0.030400514602661133,-69.75278569945476,-61.687503890424495,0.0,-0.3420004787727011,-69.088224,-62.361243,1.0266929999999999,-0.32604487210000005,-0.6645616994547652,0.6737391095755072,-1.0266929999999999,-0.015955606672701073,-0.9141889219165458,1.3963041059893804
1723528324.7365727,110.99961137771606,1723528324.754429,-0.017856359481811523,-69.57300556379349,-61.7953328304435,0.0,-0.32935747196578197,-68.929872,-62.435314999999996,1.0482699999999998,-0.3097013162,-0.6431335637934836,0.6399821695564967,-1.0482699999999998,-0.01965615576578195,-1.1262147668310445,1.3863866528237883
1723528324.8365715,111.09961009025574,1723528324.8933995,-0.05682802200317383,-69.47014387023825,-61.848205295989466,0.0,-0.3188942142032207,-68.77739,-62.506475,1.0620209999999999,-0.2963274007,-0.6927538702382492,0.6582697040105359,-1.0620209999999999,-0.022566813503220703,-1.2929831707933823,1.4286761467838647
1723528324.9365718,111.19961047172546,1723528324.8933995,0.043172359466552734,-69.3097188055227,-61.90211263521398,0.0,-0.301107785145017,-68.77739,-62.506475,1.0620209999999999,-0.2963274007,-0.5323288055227096,0.6043623647860201,-1.0620209999999999,-0.004780384445016994,-0.2738958531494621,1.332860243836534
1723528325.0365705,111.29960918426514,1723528324.9957197,0.04085087776184082,-69.13459083996409,-61.97376399092584,0.0,-0.29007931645340745,-68.641555,-62.561647,1.0725879999999999,-0.2842814115,-0.4930358399640937,0.5878830090741616,-1.0725879999999999,-0.005797904953407429,-0.3321954838482399,1.3187629770323361
1723528325.1365707,111.39960932731628,1723528325.1151793,0.02139139175415039,-68.9864830192914,-62.10930267179403,0.0,-0.27120539691598333,-68.499443,-62.66146,1.050258,-0.26446185510000003,-0.48704001929139906,0.5521573282059649,-1.050258,-0.0067435418159833,-0.3863764850258299,1.282625261737393
1723528325.2365694,111.49960803985596,1723528325.2739005,-0.03733110427856445,-68.87690491002799,-62.188698188954795,0.0,-0.25664999927330134,-68.253916,-62.821163999999996,1.0327339999999998,-0.2446956945,-0.6229889100279848,0.6324658110452006,-1.0327339999999998,-0.011954304773301339,-0.684931210523261,1.3618618501576876
1723528325.33657,111.59960865974426,1723528325.385293,-0.04872298240661621,-68.77428082454503,-62.24808232992085,0.0,-0.2500694688655871,-68.122827,-62.854869,1.044215,-0.2371646506,-0.6514538245450296,0.6067866700791527,-1.044215,-0.01290481826558712,-0.7393916220014771,1.3722124889116454
1723528325.4365685,111.69960713386536,1723528325.385293,0.05127549171447754,-68.66831540998616,-62.26780319194464,0.0,-0.2407918949033285,-68.122827,-62.854869,1.044215,-0.2371646506,-0.545488409986163,0.5870658080553639,-1.044215,-0.003627244303328503,-0.2078257898435938,1.3162784031662638
1723528325.5365684,111.79960703849792,1723528325.4930117,0.04355669021606445,-68.52692697795104,-62.27250523153146,0.0,-0.22960153864415836,-67.96346,-62.875849,1.035212,-0.2226233406,-0.5634669779510375,0.603343768468541,-1.035212,-0.006978198044158362,-0.39982129653671983,1.3240780275856463
1723528325.6365666,111.89960527420044,1723528325.6274154,0.009151220321655273,-68.3756851014317,-62.316968318897466,0.0,-0.2192444420731725,-67.83089100000001,-62.922244,1.0443559999999998,-0.2134922657,-0.544794101431691,0.6052756811025333,-1.0443559999999998,-0.005752176373172518,-0.32957542919765415,1.3243257597075195
1723528325.766567,112.02960562705994,1723528325.8062222,-0.039655208587646484,-68.25652824750594,-62.37255752829245,0.0,-0.20579253394386132,-67.56219,-63.047509999999996,1.024068,-0.186685891,-0.6943382475059394,0.6749524717075488,-1.024068,-0.01910664294386133,-1.094730001346669,1.4093905454620266
1723528325.8365657,112.09960436820984,1723528325.8062222,0.03034353256225586,-68.07647837630464,-62.474436693418575,0.0,-0.1911933410701665,-67.56219,-63.047509999999996,1.024068,-0.186685891,-0.5142883763046342,0.5730733065814206,-1.024068,-0.004507450070166508,-0.25825786538648765,1.2812575140627351
1723528325.9365659,112.19960451126099,1723528325.8904035,0.04616236686706543,-67.9337015312247,-62.53526560007483,0.0,-0.18234716610230794,-67.41454900000001,-63.102191,1.0379639999999999,-0.1772733251,-0.519152531224691,0.566925399925168,-1.0379639999999999,-0.005073841002307955,-0.2907096753526732,1.2916241810423477
1723528326.0365646,112.29960322380066,1723528325.9928231,0.043741464614868164,-67.75914996255747,-62.61041893425997,0.0,-0.16931637047413606,-67.258169,-63.162917,1.047574,-0.1661248658,-0.5009809625574775,0.552498065740032,-1.047574,-0.003191504674136064,-0.18285974812427158,1.285942192700548
1723528326.136565,112.39960360527039,1723528326.1060433,0.030521631240844727,-67.5857706375402,-62.65435180302892,0.0,-0.1534689909727951,-67.09297000000001,-63.226399,1.0566259999999998,-0.1513689597,-0.492800637540185,0.5720471969710772,-1.0566259999999998,-0.0021000312727950943,-0.12032292877664535,1.298672001622611
1723528326.236565,112.49960374832153,1723528326.2154627,0.021102428436279297,-67.44328273686861,-62.68734036207856,0.0,-0.14184085058863616,-66.91806700000001,-63.288147,1.043493,-0.1386802309,-0.5252157368686028,0.6008066379214441,-1.043493,-0.0031606196886361515,-0.18109016880480383,1.313658185173715
1723528326.3665655,112.62960410118103,1723528326.4108276,-0.04426217079162598,-67.27579874574508,-62.754353016278046,0.0,-0.1285242890918967,-66.587072,-63.389714,1.0782859999999999,-0.1098963343,-0.6887267457450719,0.6353609837219523,-1.0782859999999999,-0.018627954791896703,-1.0673031905361787,1.4285407966651578
1723528326.466564,112.72960257530212,1723528326.5022511,-0.03568720817565918,-67.13001921746955,-62.793131339516144,0.0,-0.11409407235260625,-66.400651,-63.437315999999996,1.0501079999999998,-0.09374120109999999,-0.7293682174695562,0.6441846604838517,-1.0501079999999998,-0.020352871252606264,-1.1661336237474802,1.431669893907605
1723528326.566564,112.82960271835327,1723528326.6050134,-0.03844928741455078,-66.91358942394699,-62.864130702525095,0.0,-0.0987033211023265,-66.204486,-63.499665,1.0257699999999998,-0.0795370064,-0.7091034239469849,0.635534297474905,-1.0257699999999998,-0.019166314702326506,-1.0981489412628476,1.399619806240344
1723528326.6665645,112.929603099823,1723528326.7170453,-0.05048084259033203,-66.70960436994655,-62.944137661567986,0.0,-0.08410231996356643,-66.012884,-63.555411,1.053021,-0.06132768129999999,-0.6967203699465472,0.6112733384320137,-1.053021,-0.022774638663566434,-1.3048906753578222,1.402828426649985
1723528326.7665646,113.02960324287415,1723528326.7170453,0.04951930046081543,-66.52099987519696,-62.997652778288526,0.0,-0.062129432361298864,-66.012884,-63.555411,1.053021,-0.06132768129999999,-0.5081158751969639,0.5577582217114738,-1.053021,-0.0008017510612988721,-0.04593695203255992,1.2954262630327216
1723528326.8665633,113.12960195541382,1723528326.9088497,-0.04228639602661133,-66.30643496548467,-63.051089394132305,0.0,-0.04575605030012131,-65.639311,-63.642994,1.034835,-0.0277859666,-0.667123965484663,0.5919046058676969,-1.034835,-0.01797008370012131,-1.029609953513785,1.3661218558373098
1723528326.9665637,113.22960233688354,1723528326.9967384,-0.030174732208251953,-66.1027609198771,-63.09587773871595,0.0,-0.029231765717521615,-65.455568,-63.683473,1.038142,-0.009667888200000002,-0.6471929198770994,0.5875952612840507,-1.038142,-0.019563877517521613,-1.1209276126648666,1.357153520714041
1723528327.0665624,113.32960104942322,1723528327.1061509,-0.03958845138549805,-65.90912003500726,-63.14168762608757,0.0,-0.013471942712455665,-65.248975,-63.705792,1.0527609999999998,0.0082200052,-0.6601450350072611,0.5641043739124356,-1.0527609999999998,-0.021691947912455663,-1.242857064801326,1.3646651365931786
1723528327.1665626,113.42960119247437,1723528327.1061509,0.060411691665649414,-65.79441053950836,-63.14211627546012,0.0,0.0019116026202548042,-65.248975,-63.705792,1.0527609999999998,0.0082200052,-0.545435539508361,0.563675724539884,-1.0527609999999998,-0.006308402579745196,-0.36144484328884047,1.312835089916224
1723528327.2665613,113.52959990501404,1723528327.2327533,0.033807992935180664,-65.55480358542695,-63.15954901485444,0.0,0.014779156048904342,-65.04554300000001,-63.729337,1.036392,0.020366267900000002,-0.5092605854269436,0.5697879851455596,-1.036392,-0.00558711185109566,-0.32011792873530615,1.2876773934295926
1723528327.2665613,113.52959990501404,1723528327.2327533,0.033807992935180664,-65.55480358542695,-63.15954901485444,0.0,0.014779156048904342,-65.04554300000001,-63.729337,1.036392,0.020366267900000002,-0.5092605854269436,0.5697879851455596,-1.036392,-0.00558711185109566,-0.32011792873530615,1.2876773934295926
1723528327.3665617,113.62960028648376,1723528327.402016,-0.03545427322387695,-65.36688450433091,-63.17245862069111,0.0,0.02888830585154656,-64.63149,-63.78731,1.006732,0.0500834565,-0.7353945043309125,0.6148513793088881,-1.006732,-0.02119515064845344,-1.214392678300352,1.3900923046553961
1723528327.4665604,113.72959899902344,1723528327.496747,-0.03018665313720703,-65.01357455232495,-63.2075575975245,0.0,0.05218746655352602,-64.419591,-63.802245,1.022306,0.0620524967,-0.593983552324957,0.5946874024755004,-1.022306,-0.009865030146473983,-0.5652245921622835,1.3234723739963872
1723528327.5665605,113.82959914207458,1723528327.604043,-0.037482500076293945,-64.8911254811134,-63.23050885688897,0.0,0.05935438036103724,-64.199572,-63.834272999999996,1.0336269999999999,0.0735224055,-0.6915534811134023,0.6037641431110288,-1.0336269999999999,-0.014168025138962759,-0.8117680444978178,1.3824478770918125
1723528327.666559,113.92959761619568,1723528327.704776,-0.03821706771850586,-64.69602584403191,-63.2619132016103,0.0,0.06897730640052124,-63.985362,-63.861025,1.0098319999999998,0.0880285355,-0.710663844031906,0.5991117983896999,-1.0098319999999998,-0.01905122909947876,-1.091555021936953,1.3724936117913065
1723528327.7665591,114.02959775924683,1723528327.704776,0.0617830753326416,-64.54299015731094,-63.29599291832744,0.0,0.08349919126060533,-63.985362,-63.861025,1.0098319999999998,0.0880285355,-0.557628157310937,0.5650320816725554,-1.0098319999999998,-0.004529344239394675,-0.2595123088792069,1.284512002033929
1723528327.8665578,114.1295964717865,1723528327.829437,0.037120819091796875,-64.29072640116556,-63.31883017303482,0.0,0.09311749765060061,-63.757044,-63.877825,1.007885,0.10145955820000001,-0.5336824011655565,0.5589948269651828,-1.007885,-0.0083420605493994,-0.4779648619231704,1.2700883020926808
1723528327.9565582,114.21959686279297,1723528327.9579291,-0.0013709068298339844,-64.09777312285455,-63.326853669591124,0.0,0.10434363592454199,-63.541892000000004,-63.892500999999996,0.998919,0.1122129407,-0.5558811228545437,0.565647330408872,-0.998919,-0.007869304775458011,-0.450877951335888,1.275460659411223
1723528328.066557,114.3295955657959,1723528328.0663135,0.0002434253692626953,-63.807694447407485,-63.360020082140736,0.0,0.1202134938657391,-63.325981,-63.915925,0.9930410000000001,0.1252828672,-0.48171344740748623,0.5559049178592659,-0.9930410000000001,-0.005069373334260912,-0.29045369682931216,1.2358027960780482
1723528328.166557,114.42959570884705,1723528328.1669853,-0.00042819976806640625,-63.584526470109736,-63.376127038513765,0.0,0.134036115988144,-63.116031,-63.925495999999995,1.0014809999999998,0.138199023,-0.4684954701097368,0.5493689614862305,-1.0014809999999998,-0.00416290701185601,-0.2385170022847663,1.2346086241067662
1723528328.2665558,114.52959442138672,1723528328.2752187,-0.008662939071655273,-63.42989462298894,-63.38455558405299,0.0,0.14495571140521912,-62.896847,-63.922363,1.000684,0.1499350223,-0.5330476229889385,0.5378074159470074,-1.000684,-0.004979310894780875,-0.2852934991544537,1.2548884623255385
1723528328.366556,114.62959456443787,1723528328.403169,-0.03661298751831055,-63.20125480656673,-63.390007526380295,0.0,0.15859132486485983,-62.679998000000005,-63.924765,0.999571,0.16405202800000002,-0.5212568065667256,0.534757473619706,-0.999571,-0.005460703135140188,-0.3128752428173896,1.247724488028215
1723528328.4665546,114.72959327697754,1723528328.5165303,-0.04997563362121582,-62.94816155289893,-63.40109287391036,0.0,0.17106334477778473,-62.455226,-63.948257999999996,0.9907090000000001,0.17605922000000002,-0.49293555289892765,0.547165126089638,-0.9907090000000001,-0.004995875222215285,-0.2862425652069181,1.2344551256329495
1723528328.5665548,114.82959342002869,1723528328.5165303,0.05002450942993164,-62.74391664733292,-63.4017447390436,0.0,0.18382733550740005,-62.455226,-63.948257999999996,0.9907090000000001,0.17605922000000002,-0.2886906473329134,0.5465132609563952,-0.9907090000000001,0.007768115507400032,0.4450802333441478,1.1677000286630508
1723528328.6665535,114.92959213256836,1723528328.6230428,0.04351067543029785,-62.60670638298353,-63.399434322547386,0.0,0.195867055758463,-62.236402000000005,-63.94701,0.98489,0.189223409,-0.37030438298352664,0.5475756774526133,-0.98489,0.00664364675846299,0.38065291983569954,1.1861588302982442
1723528328.7665539,115.02959251403809,1723528328.727713,0.03884077072143555,-62.353783831285305,-63.40365119279421,0.0,0.21014878473345666,-62.024982,-63.942555,0.961698,0.20312430450000002,-0.32880183128530405,0.5389038072057915,-0.961698,0.0070244802334566425,0.4024730706501368,1.15038732646073
1723528328.8665526,115.12959122657776,1723528328.845722,0.020830631256103516,-62.11418097034761,-63.391864549030885,0.0,0.22371371864565415,-61.811833,-63.935508999999996,0.958337,0.2162925776,-0.3023479703476113,0.5436444509691114,-0.958337,0.007421141045654139,0.42520006108728475,1.14252938247199
1723528328.9665527,115.2295913696289,1723528328.9641743,0.0023784637451171875,-61.87868151429707,-63.376183280557385,0.0,0.23893723314922258,-61.591114000000005,-63.929119,0.9476070000000001,0.2289856216,-0.2875675142970664,0.5529357194426154,-0.9476070000000001,0.009951611549222583,0.5701853411241007,1.1341922286647517
1723528329.0665514,115.32959008216858,1723528329.084989,-0.018437623977661133,-61.71762896726434,-63.36010199085904,0.0,0.25019104819809446,-61.371897000000004,-63.92076,0.974921,0.2436597751,-0.3457319672643351,0.5606580091409583,-0.974921,0.006531273098094453,0.3742143833681459,1.1765793439642607
1723528329.1665518,115.4295904636383,1723528329.21321,-0.04665827751159668,-61.44321972044394,-63.34012969328779,0.0,0.2638472320105407,-61.147981,-63.903298,0.973708,0.25619147859999997,-0.2952387204439404,0.5631683067122069,-0.973708,0.007655753410540755,0.43864235941687113,1.1629409757156506
1723528329.2665505,115.52958917617798,1723528329.21321,0.05334043502807617,-61.257007822814884,-63.33831085013575,0.0,0.27551010542368726,-61.147981,-63.903298,0.973708,0.25619147859999997,-0.10902682281488296,0.5649871498642511,-0.973708,0.01931862682368729,1.106875782985505,1.1310192734294309
1723528329.3665507,115.62958931922913,1723528329.3541203,0.012430429458618164,-61.02088557069706,-63.318577069767024,0.0,0.2880162869944174,-60.923278,-63.887142,0.987475,0.2690500626,-0.09760757069705761,0.5685649302329736,-0.987475,0.01896622439441742,1.0866846110981838,1.1436346415587486
1723528329.4665494,115.7295880317688,1723528329.4880273,-0.021477937698364258,-60.81387343716957,-63.2871767690968,0.0,0.30221978626907786,-60.725852,-63.872769,0.965927,0.2812153516,-0.08802143716956579,0.5855922309031953,-0.965927,0.021004434669077865,1.2034654575964276,1.1329964711439207
1723528329.5665498,115.82958841323853,1723528329.6238532,-0.057303428649902344,-60.60355736418392,-63.26896994491539,0.0,0.3160548649632404,-60.513357,-63.852049,0.946423,0.2937103346999999,-0.09020036418392152,0.5830790550846103,-0.946423,0.022344530263240514,1.2802472792860238,1.1152729643931454
1723528329.6665485,115.9295871257782,1723528329.6238532,0.04269528388977051,-60.34563017771136,-63.245089000492,0.0,0.32428379332706975,-60.513357,-63.852049,0.946423,0.2937103346999999,0.16772682228864255,0.6069599995079997,-0.946423,0.030573458627069842,1.7517301444489382,1.1367714030739853
1723528329.7665486,116.02958726882935,1723528329.7415454,0.02500319480895996,-60.12854783312868,-63.203324781408675,0.0,0.3377685376241156,-60.290035,-63.821571,0.93877,0.30704169449999996,0.16148716687132492,0.6182462185913238,-0.93877,0.03072684312411561,1.7605184287723976,1.135603630130953
1723528329.8665473,116.12958598136902,1723528329.8642786,0.0022687911987304688,-59.9870198709708,-63.17742562282285,0.0,0.35158188136448837,-60.070151,-63.794157999999996,0.950459,0.3203109544999999,0.08313112902920494,0.6167323771771436,-0.950459,0.03127092686448846,1.7916921307974534,1.1360642236921472
1723528329.9665477,116.22958636283875,1723528330.0048141,-0.03826642036437988,-59.731302014222855,-63.12819898515106,0.0,0.3629797790662028,-59.850396,-63.767376,0.9481660000000001,0.3313618567999999,0.11909398577714825,0.63917701484894,-0.9481660000000001,0.031617922266202914,1.8115735028261384,1.1496736046876477
1723528330.0273502,116.29038882255554,1723528330.0048141,0.022536039352416992,-59.52594238404578,-63.09391413695434,0.0,0.37698615477445063,-59.850396,-63.767376,0.9481660000000001,0.3313618567999999,0.3244536159542264,0.6734618630456595,-0.9481660000000001,0.045624297974450716,2.6140797171832966,1.2074103666271476
1723528330.0665464,116.32958507537842,1723528330.0048141,0.06173229217529297,-59.525917998371696,-63.093909265932346,0.0,0.37698615477524466,-59.850396,-63.767376,0.9481660000000001,0.3313618567999999,0.3244780016283073,0.6734667340676523,-0.9481660000000001,0.04562429797524475,2.6140797172287913,1.2074196366601173
1723528330.1965468,116.45958542823792,1723528330.1488461,0.04770064353942871,-59.181011831512265,-63.011223883677566,0.0,0.4120565407220882,-59.629526000000006,-63.725797,0.935385,0.3424930429,0.4485141684877405,0.714573116322434,-0.935385,0.0695634978220882,3.9856948333731483,1.259652648998923
1723528330.2965455,116.55958414077759,1723528330.2960773,0.00046825408935546875,-59.063192880003534,-62.98412133379386,0.0,0.4047539442355621,-59.424112,-63.692413,0.938525,0.357314211,0.360919119996467,0.7082916662061436,-0.938525,0.04743973323556211,2.71809649562421,1.2299466944632598
1723528330.3965456,116.65958428382874,1723528330.426533,-0.029987335205078125,-58.90534556325886,-62.9442101092209,0.0,0.41817163350956843,-59.207046000000005,-63.648195,0.945642,0.3689471052999999,0.3017004367411431,0.703984890779104,-0.945642,0.04922452820956852,2.820357714930939,1.2169045452043736
1723528330.4965446,116.75958323478699,1723528330.426533,0.07001161575317383,-58.7445002017909,-62.91884448935852,0.0,0.4366575214792019,-59.207046000000005,-63.648195,0.945642,0.3689471052999999,0.46254579820910635,0.7293505106414813,-0.945642,0.06771041617920197,3.879521076142598,1.2806793412005555
1723528330.596545,116.85958361625671,1723528330.6046166,-0.008071660995483398,-58.47797497244721,-62.82762725212875,0.0,0.4523136627406892,-59.00408,-63.599621,0.93183,0.3818560363,0.526105027552795,0.7719937478712495,-0.93183,0.0704576264406892,4.036924629560848,1.319495356440721
1723528330.6965437,116.95958232879639,1723528330.7333498,-0.03680610656738281,-58.263315022817764,-62.73568312423511,0.0,0.470642069636619,-58.805443000000004,-63.54663,0.9276570000000001,0.3947134335,0.5421279771822398,0.8109468757648912,-0.9276570000000001,0.07592863613661899,4.350390394812776,1.3461370987405203
1723528330.7965438,117.05958247184753,1723528330.7333498,0.06319403648376465,-58.050427191725895,-62.67236957271219,0.0,0.48883455040681145,-58.805443000000004,-63.54663,0.9276570000000001,0.3947134335,0.7550158082741092,0.8742604272878083,-0.9276570000000001,0.09412111690681146,5.392742761817715,1.4815288303351601
1723528330.8965425,117.1595811843872,1723528330.889252,0.00729060173034668,-57.89239142582263,-62.61701786057948,0.0,0.503843893262963,-58.603666000000004,-63.508255999999996,0.93117,0.40949206109999997,0.7112745741773736,0.8912381394205156,-0.93117,0.094351832162963,5.405961772264478,1.4721733966924366
1723528330.996543,117.25958156585693,1723528331.0045006,-0.007957696914672852,-57.68754004766338,-62.55535012901785,0.0,0.5193805737669656,-58.398155,-63.463442,0.9136620000000001,0.4243506666,0.7106149523366199,0.9080918709821475,-0.9136620000000001,0.09502990716696558,5.444812608187141,1.4711841172580113
1723528331.0965416,117.3595802783966,1723528331.142592,-0.046050310134887695,-57.49740150526805,-62.495611283112986,0.0,0.5363056018078008,-58.191609,-63.416962,0.9107000000000001,0.4418639551,0.6942074947319483,0.9213507168870123,-0.9107000000000001,0.09444164670780086,5.4111077666225755,1.4697570136761449
1723528331.1965415,117.45958018302917,1723528331.142592,0.053949594497680664,-57.27604863235327,-62.41443630973395,0.0,0.5539027051849619,-58.191609,-63.416962,0.9107000000000001,0.4418639551,0.9155603676467265,1.0025256902660473,-0.9107000000000001,0.11203875008496189,6.41934752178931,1.634834253509763
1723528331.2965403,117.55957889556885,1723528331.263519,0.03302121162414551,-57.10829268990602,-62.337935843492275,0.0,0.5702902677822621,-57.984570000000005,-63.352914999999996,0.9071290000000001,0.45742701269999997,0.8762773100939825,1.0149791565077209,-0.9071290000000001,0.11286325508226214,6.466588178322059,1.6189279276643758
1723528331.3965406,117.65957927703857,1723528331.3929224,0.0036182403564453125,-56.873782707946674,-62.238359789913176,0.0,0.5884352416328612,-57.778739,-63.281115,0.896973,0.47462560049999997,0.9049562920533276,1.042755210086824,-0.896973,0.11380964113286124,6.5208121048114425,1.6464643577736884
1723528331.4965394,117.75957798957825,1723528331.515737,-0.019197702407836914,-56.72152384651904,-62.144377738928824,0.0,0.605737877371174,-57.567749,-63.226332,0.9004,0.4916451847,0.8462251534809582,1.081954261071175,-0.9004,0.11409269267117401,6.53702976334145,1.6423891723443451
1723528331.6065397,117.86957836151123,1723528331.6167932,-0.010253429412841797,-56.51928138198052,-62.06160999223484,0.0,0.6213063728643752,-57.366553,-63.164692,0.895575,0.5069922709,0.8472716180194837,1.1030820077651597,-0.895575,0.11431410196437519,6.5497155813868515,1.654301572018104
1723528331.696539,117.9595775604248,1723528331.7257009,-0.029161930084228516,-56.378566331944675,-61.99100803483478,0.0,0.6382039135748849,-57.176858,-63.09228,0.886663,0.5241649391000001,0.7982916680553274,1.1012719651652247,-0.886663,0.11403897447488487,6.533951937411026,1.6236504562603469
1723528331.8065395,118.06957817077637,1723528331.8609514,-0.054411888122558594,-56.17997750510863,-61.887819473228994,0.0,0.6553309837695651,-56.981295,-63.015239,0.891158,0.5422493854,0.8013174948913715,1.127419526771007,-0.891158,0.1130815983695651,6.479098327169532,1.6454018044014491
1723528331.8965383,118.15957689285278,1723528331.8609514,0.03558683395385742,-55.995440313069025,-61.782912088994955,0.0,0.6723087930889258,-56.981295,-63.015239,0.891158,0.5422493854,0.9858546869309777,1.232326911005046,-0.891158,0.13005940768892577,7.451855146546775,1.8123745916048963
1723528332.0065389,118.26957750320435,1723528331.9634402,0.04309868812561035,-55.80286692548066,-61.692452864339636,0.0,0.6956931313053927,-56.786752,-62.92743,0.88937,0.5590692786,0.9838850745193426,1.2349771356603654,-0.88937,0.13662385270539268,7.8279701408360145,1.8122299419129495
1723528332.0965378,118.35957646369934,1723528332.0733619,0.023175954818725586,-55.65758378507849,-61.607844629775826,0.0,0.7058845649081604,-56.588298,-62.848391,0.8890410000000001,0.5761576224,0.9307142149215153,1.2405463702241732,-0.8890410000000001,0.12972694250816041,7.432806294853866,1.787618009031668
1723528332.1965382,118.45957684516907,1723528332.1865118,0.01002645492553711,-55.580345448197995,-61.55201613585296,0.0,0.7198067587630739,-56.396361,-62.770723,0.897097,0.5927095934000001,0.8160155518020034,1.2187068641470375,-0.897097,0.1270971653630738,7.28213116338044,1.7192762514822433
1723528332.296537,118.55957555770874,1723528332.3211863,-0.024649381637573242,-55.44893926431426,-61.46480933880068,0.0,0.736102899520291,-56.213471000000006,-62.696816,0.891269,0.6082251196,0.7645317356857433,1.2320066611993212,-0.891269,0.12787777992029092,7.3268570829354545,1.7019722731205564
1723528332.3965375,118.65957617759705,1723528332.4459157,-0.049378156661987305,-55.29430765666778,-61.369897840027235,0.0,0.7527340806616936,-56.023869000000005,-62.597119,0.8887700000000001,0.6259054812000001,0.7295613433322217,1.227221159972764,-0.8887700000000001,0.12682859946169345,7.266743470710219,1.6817382798966112
1723528332.4965365,118.7595751285553,1723528332.4459157,0.05062079429626465,-55.176869948620045,-61.28820365152766,0.0,0.7700027974157218,-56.023869000000005,-62.597119,0.8887700000000001,0.6259054812000001,0.8469990513799601,1.3089153484723397,-0.8887700000000001,0.14409731621572164,8.256168058322888,1.7945971401417697
1723528332.5965369,118.85957551002502,1723528332.5480564,0.04848051071166992,-55.064251779816466,-61.19620567272896,0.0,0.7867594500579518,-55.843447000000005,-62.509584,0.884522,0.6430970201,0.7791952201835386,1.3133783272710389,-0.884522,0.14366242995795175,8.231250911184436,1.76479091968033
1723528332.6965358,118.95957446098328,1723528332.6565795,0.03995633125305176,-54.934114573459894,-61.09656608125599,0.0,0.8048327511915838,-55.654336,-62.407686,0.8776590000000001,0.6604220255000001,0.7202214265401068,1.311119918744005,-0.8776590000000001,0.14441072569158375,8.274125098549195,1.7343701060776366
1723528332.8075364,119.07057499885559,1723528332.7645223,0.0430140495300293,-54.81379006976578,-61.00997766648184,0.0,0.8220371300348006,-55.481824,-62.305636,0.871712,0.677345528,0.6680339302342233,1.295658333518162,-0.871712,0.14469160203480055,8.290218127580586,1.6984939387890803
1723528332.8965354,119.15957403182983,1723528332.8657393,0.030796051025390625,-54.69443871291469,-60.90323040324305,0.0,0.8393561114141974,-55.327138000000005,-62.213922,0.868365,0.6944294763000001,0.6326992870853161,1.3106915967569464,-0.868365,0.14492663511419734,8.303684531075985,1.6947798154664637
1723528332.996536,119.25957465171814,1723528332.9866352,0.009900808334350586,-54.606862937653744,-60.82241830266339,0.0,0.8565025605048167,-55.182597,-62.126267,0.8714580000000001,0.7102140048000001,0.5757340623462568,1.303848697336612,-0.8714580000000001,0.14628855570481658,8.381716832950431,1.6706077283001248
1723528333.096535,119.35957360267639,1723528333.089113,0.007421970367431641,-54.45692995183182,-60.70437927346703,0.0,0.8746991043755559,-55.040032000000004,-62.044201,0.8766010000000001,0.7261069751,0.5831020481681861,1.3398217265329677,-0.8766010000000001,0.14859212927555587,8.513701876351675,1.70398344201718
1723528333.2065353,119.46957397460938,1723528333.1955304,0.011004924774169922,-54.35544208900449,-60.60324478263329,0.0,0.8921128853988165,-54.904401,-61.96149,0.877532,0.7425700232,0.5489589109955091,1.358245217366708,-0.877532,0.14954286219881652,8.568174860298644,1.7077026578081183
1723528333.296534,119.55957269668579,1723528333.2900298,0.0065042972564697266,-54.27233397701858,-60.525707803376015,0.0,0.9091097103272254,-54.782192,-61.878934,0.873429,0.7590436539000001,0.5098580229814189,1.3532261966239858,-0.873429,0.15006605642722537,8.598151681452075,1.6893947321064249
1723528333.3965347,119.6595733165741,1723528333.4053903,-0.008855581283569336,-54.12520231277636,-60.36469994688151,0.0,0.927894340746742,-54.655114000000005,-61.798477999999996,0.869751,0.7750342865000002,0.5299116872236453,1.4337780531184876,-0.869751,0.15286005424674187,8.758235964479125,1.7586906219859852
1723528333.4965336,119.75957226753235,1723528333.5299957,-0.0334620475769043,-54.0413787309809,-60.27939465412787,0.0,0.9444182246074488,-54.537633,-61.700959,0.874801,0.792891337,0.4962542690190972,1.4215643458721274,-0.874801,0.1515268876074488,8.681851142659994,1.7413759727800107
1723528333.5965343,119.85957288742065,1723528333.6547809,-0.058246612548828125,-53.913178120074406,-60.18474278844436,0.0,0.9606401094208952,-54.4217,-61.601334,0.866473,0.8104419143,0.5085218799255955,1.416591211555641,-0.866473,0.15019819512089516,8.605722670909726,1.7366924375803394
1723528333.6965332,119.9595718383789,1723528333.7324827,-0.0359494686126709,-53.84232678025062,-60.106109863371955,0.0,0.9769271732298818,-54.304614,-61.506595,0.858207,0.8275053853000002,0.4622872197493777,1.400485136628042,-0.858207,0.1494217879298816,8.561237815681041,1.7063374069358834
1723528333.7965336,120.05957221984863,1723528333.8447616,-0.04822802543640137,-53.72253196715703,-59.991212285612875,0.0,0.9931538185294242,-54.194864,-61.405484,0.857299,0.8453131817,0.47233203284297076,1.4142717143871266,-0.857299,0.14784063682942417,8.470644530852365,1.7199487221327487
1723528333.8965325,120.15957117080688,1723528333.8447616,0.051770925521850586,-53.6419271637651,-59.89115339297566,0.0,1.0101406415550498,-54.194864,-61.405484,0.857299,0.8453131817,0.5529368362349061,1.5143306070243412,-0.857299,0.16482745985504976,9.44391779755636,1.8258964668450335
1723528333.9965327,120.25957131385803,1723528333.9623647,0.03416800498962402,-53.52015716225361,-59.75941819674678,0.0,1.0269877756603565,-54.070895,-61.314579,0.8548220000000001,0.8623708493000001,0.5507378377463894,1.555160803253223,-0.8548220000000001,0.1646169263603564,9.43185511686429,1.8581060092429542
1723528334.1365318,120.39957046508789,1723528334.1773307,-0.04079890251159668,-53.43567346491762,-59.667085188629265,0.0,1.0423307356057272,-53.840978,-61.124032,0.8467640000000001,0.8975588503,0.4053045350823794,1.4569468113707345,-0.8467640000000001,0.14477188530572718,8.294818020170187,1.7331979255173642
1723528334.2265306,120.4895691871643,1723528334.1773307,0.049199819564819336,-53.35780590435081,-59.58047049947486,0.0,1.0573796708580439,-53.840978,-61.124032,0.8467640000000001,0.8975588503,0.48317209564918784,1.5435615005251364,-0.8467640000000001,0.1598208205580438,9.157058496293573,1.8256633456400002
1723528334.3365312,120.59956979751587,1723528334.2856548,0.05087637901306152,-53.255679749126294,-59.47018043671855,0.0,1.0741614132625728,-53.738971,-61.020861,0.845793,0.9146633624,0.4832912508737053,1.5506805632814462,-0.845793,0.15949805086257274,9.138565154988358,1.8312690794525348
1723528334.43653,120.69956874847412,1723528334.4817126,-0.04518246650695801,-53.17406991311203,-59.367959090943245,0.0,1.0881053579638584,-53.520766,-60.803096,0.852485,0.9491074268,0.3466960868879738,1.4351369090567516,-0.852485,0.13899793116385842,7.963994816739026,1.7048597595184773
1723528334.49653,120.75956869125366,1723528334.4817126,0.014817476272583008,-53.10301996312166,-59.27302485062849,0.0,1.1032144151787016,-53.520766,-60.803096,0.852485,0.9491074268,0.41774603687834144,1.5300711493715085,-0.852485,0.15410698837870151,8.829680027571222,1.800655477511345
1723528334.6365294,120.8995680809021,1723528334.601591,0.03493833541870117,-53.01391278915104,-59.159686558151414,0.0,1.1170969879612231,-53.42322,-60.693844,0.8489650000000001,0.9661527626,0.40930721084895794,1.5341574418485848,-0.8489650000000001,0.1509442253612231,8.648467055069647,1.8005313161556917
1723528334.7265303,120.98956894874573,1723528334.7301147,-0.0035843849182128906,-52.948416939321355,-59.07637645224893,0.0,1.128985438716378,-53.317363,-60.588508,0.8392660000000001,0.9829646142,0.36894606067864544,1.5121315477510677,-0.8392660000000001,0.146020824516378,8.366376965808879,1.7683411526485298
1723528334.8265293,121.08956789970398,1723528334.85319,-0.026660680770874023,-52.87821412179568,-58.977878289044824,0.0,1.1455617622240795,-53.213882000000005,-60.476782,0.833516,0.9999979866,0.3356678782043261,1.498903710955176,-0.833516,0.1455637756240794,8.34018999324904,1.7476081315413339
1723528334.9365299,121.19956851005554,1723528334.9360952,0.00043463706970214844,-52.80986850530183,-58.86205608067188,0.0,1.1623374719878576,-53.117407,-60.377667,0.8387950000000001,1.0158820767,0.3075384946981714,1.5156109193281253,-0.8387950000000001,0.14645539528785753,8.391276036914402,1.7593275523713208
1723528335.0365288,121.2995674610138,1723528335.0166903,0.019838571548461914,-52.787029831888034,-58.7280726468843,0.0,1.176729318716223,-53.026348,-60.275871,0.840574,1.0318236644,0.23931816811196427,1.5477983531157022,-0.840574,0.14490565431622304,8.302482419901242,1.7775031862059056
1723528335.1365292,121.39956784248352,1723528335.1255329,0.010996341705322266,-52.74240434899809,-58.65359141944113,0.0,1.1873794354931793,-52.932036000000004,-60.161922,0.836789,1.0477652745000001,0.18963165100191048,1.5083305805588694,-0.836789,0.13961416099317914,7.999302185169171,1.7352916567055137
1723528335.2365282,121.49956679344177,1723528335.2552645,-0.01873636245727539,-52.66526558206737,-58.53436903044805,0.0,1.198713654168882,-52.848339,-60.049033,0.826634,1.0643332114,0.18307341793263276,1.514663969551954,-0.826634,0.13438044276888214,7.699432219756249,1.735236752425564
1723528335.3365288,121.59956741333008,1723528335.335816,0.0007128715515136719,-52.613438401564004,-58.422636574299396,0.0,1.2116315137750728,-52.763229,-59.936513,0.826141,1.081106686,0.14979059843599885,1.5138764257006017,-0.826141,0.1305248277750728,7.478521753183614,1.7311175602924385
1723528335.4365277,121.69956636428833,1723528335.4747658,-0.0382380485534668,-52.57250544272579,-58.32453704124991,0.0,1.2306065691653316,-52.676614,-59.829910999999996,0.824018,1.0949956083,0.10410855727420909,1.5053739587500843,-0.824018,0.13561096086533153,7.769935713297271,1.7193007333519688
1723528335.5365283,121.79956698417664,1723528335.5781755,-0.04164719581604004,-52.52798376196951,-58.26132759605924,0.0,1.242887691772923,-52.584962000000004,-59.733187,0.8293010000000001,1.1107328747,0.05697823803049573,1.471859403940762,-0.8293010000000001,0.13215481707292298,7.571913260601923,1.6903717854894866
1723528335.6365273,121.89956593513489,1723528335.6854608,-0.04893350601196289,-52.48430276307849,-58.193506218691525,0.0,1.2517275040478335,-52.506385,-59.64595,0.8197570000000001,1.1227180884,0.022082236921512788,1.4524437813084745,-0.8197570000000001,0.12900941564783341,7.391695034069856,1.6679574641153525
1723528335.7365274,121.99956607818604,1723528335.6854608,0.05106663703918457,-52.391336861929794,-58.072961194192466,0.0,1.2638308717617317,-52.506385,-59.64595,0.8197570000000001,1.1227180884,0.11504813807020753,1.5729888058075332,-0.8197570000000001,0.1411127833617316,8.085166921971126,1.7775070734931637
1723528335.8365264,122.09956502914429,1723528335.8062387,0.030287742614746094,-52.33023227548675,-57.98664046734832,0.0,1.2717937627823108,-52.440615,-59.553692999999996,0.829775,1.1353504496,0.11038272451325071,1.5670525326516724,-0.829775,0.13644331318231084,7.817625988128121,1.7766160352158227
1723528335.9365268,122.19956541061401,1723528335.9072452,0.0292816162109375,-52.28704910712264,-57.9116930741072,0.0,1.2840289400369391,-52.386429,-59.453894,0.8333630000000001,1.1518643686,0.0993798928773586,1.5422009258928,-0.8333630000000001,0.13216457143693905,7.572472144491877,1.7557773061245339
1723528336.0365257,122.29956436157227,1723528336.0152805,0.021245241165161133,-52.227492239440686,-57.78123569450481,0.0,1.2976452051778578,-52.331012,-59.341595,0.859576,1.1673339344,0.10351976055931544,1.56035930549519,-0.859576,0.13031127077785776,7.466285838557706,1.7844630572941793
1723528336.136526,122.39956474304199,1723528336.1361315,0.00039458274841308594,-52.19035686013666,-57.6896214558387,0.0,1.3100906998596995,-52.277435000000004,-59.226056,0.8431620000000001,1.1827257272,0.087078139863344,1.5364345441613025,-0.8431620000000001,0.12736497265969948,7.2974753911998995,1.754746668091497
1723528336.2365253,122.49956393241882,1723528336.2301855,0.0063397884368896484,-52.154183574964534,-57.6034296123907,0.0,1.3261137946536747,-52.208764,-59.11063,0.811446,1.1947728151,0.05458042503546778,1.507200387609302,-0.811446,0.13134097955367463,7.525283805539595,1.712622737827185
1723528336.3365257,122.59956431388855,1723528336.3540852,-0.017559528350830078,-52.1111468666162,-57.524328955745176,0.0,1.3373854611458398,-52.145844000000004,-59.012608,0.809701,1.20529065,0.034697133383801315,1.4882790442548242,-0.809701,0.13209481114583976,7.568475174234284,1.6946368678965138
1723528336.4365246,122.6995632648468,1723528336.4535835,-0.017058849334716797,-52.06376292511499,-57.43055199451014,0.0,1.3440971016921932,-52.108263,-58.897636,0.81542,1.218288238,0.044500074885007734,1.467084005489859,-0.81542,0.12580886369219324,7.208316914899332,1.6790549461613637
1723528336.5365252,122.79956388473511,1723528336.5756807,-0.03915548324584961,-52.02328206367128,-57.36207806355109,0.0,1.3529676107303406,-52.069319,-58.806196,0.831468,1.2364019989000001,0.046036936328718525,1.4441179364489116,-0.831468,0.11656561183034042,6.678717594238726,1.6670138118515987
1723528336.6365244,122.89956307411194,1723528336.6766307,-0.04010629653930664,-51.96442914662727,-57.25768223369455,0.0,1.3647288615293627,-52.024564000000005,-58.735802,0.82432,1.2488490697,0.060134853372737496,1.478119766305447,-0.82432,0.11587979182936259,6.639423002677037,1.6935045634816075
1723528336.7365248,122.99956345558167,1723528336.7708263,-0.0343015193939209,-51.944453982913934,-57.16796597331235,0.0,1.3725482783876668,-51.961998,-58.645108,0.798282,1.2584334118,0.017544017086066788,1.4771420266876518,-0.798282,0.11411486658766679,6.538300235171761,1.679139812840616
1723528336.836524,123.0995626449585,1723528336.8627584,-0.02623438835144043,-51.934229272135234,-57.090358903316364,0.0,1.3814060942463184,-51.904498000000004,-58.549106,0.7907460000000001,1.2699280017,-0.029731272135229858,1.4587470966836378,-0.7907460000000001,0.11147809254631835,6.3872242110728426,1.6595500224885422
1723528336.9265244,123.18956303596497,1723528336.8627584,0.0637660026550293,-51.921606702718044,-56.956274847855674,0.0,1.398069536823768,-51.904498000000004,-58.549106,0.7907460000000001,1.2699280017,-0.017108702718040547,1.5928311521443277,-0.7907460000000001,0.12814153512376802,7.341969142919307,1.7783933826536018
1723528337.0365233,123.29956197738647,1723528336.9920392,0.04448413848876953,-51.91040076325847,-56.853094045337855,0.0,1.4086382443089187,-51.837459,-58.453787,0.782578,1.2786877629,-0.0729417632584699,1.6006929546621436,-0.782578,0.12995048140891874,7.445614130424311,1.7832461305204836
1723528337.136524,123.39956259727478,1723528337.1004076,0.03611636161804199,-51.85871613303381,-56.71637951035073,0.0,1.4167335693348786,-51.790485000000004,-58.359732,0.80539,1.2914707189,-0.06823113303380524,1.6433524896492742,-0.80539,0.1252628504348785,7.177032659697007,1.8313699639481764
1723528337.236523,123.49956154823303,1723528337.2854533,-0.04893040657043457,-51.833305893062224,-56.61731049226396,0.0,1.4278258888883055,-51.695948,-58.155125,0.8491850000000001,1.3170951889,-0.137357893062223,1.5378145077360372,-0.8491850000000001,0.11073069998830554,6.344401771859221,1.762060105448995
1723528337.3665235,123.62956213951111,1723528337.406422,-0.03989839553833008,-51.787327842290864,-56.50415166919864,0.0,1.4410551068709019,-51.656225,-58.065758,0.840916,1.3323782204,-0.13110284229086488,1.5616063308013608,-0.840916,0.10867688647090179,6.226726925405068,1.7784661949870266
1723528337.3665235,123.62956213951111,1723528337.406422,-0.03989839553833008,-51.787327842290864,-56.50415166919864,0.0,1.4410551068709019,-51.656225,-58.065758,0.840916,1.3323782204,-0.13110284229086488,1.5616063308013608,-0.840916,0.10867688647090179,6.226726925405068,1.7784661949870266
1723528337.4365225,123.69956111907959,1723528337.406422,0.030100584030151367,-51.713713474988765,-56.38106673193021,0.0,1.4602226407029903,-51.656225,-58.065758,0.840916,1.3323782204,-0.05748847498876586,1.6846912680697912,-0.840916,0.12784442030299026,7.324945717657955,1.8837805903350675
1723528337.5365229,123.79956150054932,1723528337.5109715,0.025551319122314453,-51.694616242755664,-56.32585098548401,0.0,1.4666375315474092,-51.611394000000004,-57.994068999999996,0.81084,1.3442367181000001,-0.08322224275566015,1.6682180145159862,-0.81084,0.12240081344740905,7.0130500195046706,1.8567010505854036
1723528337.6365218,123.89956045150757,1723528337.6239858,0.012536048889160156,-51.649358368891704,-56.25089864027256,0.0,1.470020416880178,-51.565567,-57.913061,0.803107,1.3502884756,-0.08379136889170269,1.6621623597274393,-0.803107,0.11973194128017806,6.860134908262402,1.847913839183103
1723528337.7365222,123.9995608329773,1723528337.7444484,-0.007926225662231445,-51.60904473635364,-56.118622780238624,0.0,1.479613057765011,-51.520288,-57.815264,0.817272,1.3608772617,-0.08875673635363768,1.696641219761375,-0.817272,0.11873579606501106,6.803059991651181,1.885312363727962
1723528337.7962234,124.05926203727722,1723528337.8338118,-0.03758835792541504,-51.58895216336068,-55.97037537747033,0.0,1.490262698081912,-51.485374,-57.72516,0.827021,1.3724165636,-0.10357816336068026,1.7547846225296695,-0.827021,0.11784613448191195,6.752086137744675,1.9426685877505627
1723528337.836521,124.09955954551697,1723528337.8338118,0.0027091503143310547,-51.578677782386855,-55.883451321674194,0.0,1.4961657279947955,-51.485374,-57.72516,0.827021,1.3724165636,-0.09330378238685455,1.8417086783258085,-0.827021,0.12374916439479544,7.090304838092377,2.0210294866897143
1723528337.9365213,124.1995599269867,1723528337.956084,-0.019562721252441406,-51.56609255584123,-55.80931987952907,0.0,1.500045772183924,-51.46208,-57.627263,0.8380580000000001,1.3795109356,-0.10401255584122993,1.8179431204709289,-0.8380580000000001,0.12053483658392405,6.906137420557921,2.0045141586938726
1723528338.06652,124.32955861091614,1723528338.0542815,0.012238502502441406,-51.54645164690304,-55.718515820116195,0.0,1.5046895931181297,-51.451208,-57.516293,0.852054,1.3898374304,-0.095243646903036,1.797777179883802,-0.852054,0.11485216271812959,6.580544191698607,1.991750526472215
1723528338.1665206,124.42955923080444,1723528338.1748693,-0.008348703384399414,-51.49231832963587,-55.572672751788396,0.0,1.5123076101531705,-51.434808000000004,-57.406871,0.846118,1.4056666694,-0.05751032963586766,1.8341982482116066,-0.846118,0.10664094075317056,6.110075828461335,2.0207687452257748
1723528338.26652,124.52955865859985,1723528338.2962055,-0.029685497283935547,-51.464277702019984,-55.471596051872766,0.0,1.517551354867205,-51.4132,-57.318308,0.8369880000000001,1.4153404183,-0.051077702019981075,1.8467119481272363,-0.8369880000000001,0.10221093656720504,5.856255285380223,2.0281772267589275
1723528338.3665206,124.62955927848816,1723528338.382871,-0.016350269317626953,-51.41928731816956,-55.29940885055407,0.0,1.5242513585312807,-51.373776,-57.204662,0.83642,1.4217705366,-0.045511318169559445,1.905253149445926,-0.83642,0.10248082193128072,5.871718577694112,2.0812638612043286
1723528338.4365196,124.69955825805664,1723528338.4560668,-0.019547224044799805,-51.389736455330414,-55.17312945691208,0.0,1.5291918466582333,-51.332526,-57.107777,0.825584,1.4335603831000001,-0.05721045533041291,1.9346475430879195,-0.825584,0.09563146355823315,5.479279250545894,2.1042155529392033
1723528338.53652,124.79955863952637,1723528338.5852485,-0.04872846603393555,-51.36206142275812,-55.0397132537333,0.0,1.5342843621419648,-51.286258000000004,-56.999674,0.7928540000000001,1.4467999275,-0.07580342275811347,1.9599607462667024,-0.7928540000000001,0.08748443464196476,5.0124888780726735,2.1156109640300538
1723528338.666519,124.92955756187439,1723528338.7157106,-0.04919171333312988,-51.33922572369062,-54.85408094557365,0.0,1.5408135872826731,-51.247223000000005,-56.914561,0.768201,1.4572349271,-0.09200272369061224,2.0604800544263497,-0.768201,0.08357866018267313,4.7887044858252725,2.2009487345815906
1723528338.7665195,125.0295581817627,1723528338.7157106,0.05080890655517578,-51.30402998583497,-54.74409849689608,0.0,1.5431189054992087,-51.247223000000005,-56.914561,0.768201,1.4572349271,-0.05680698583496735,2.17046250310392,-0.768201,0.0858839783992087,4.920789490067386,2.303099495771033
1723528338.8665185,125.12955713272095,1723528338.8398063,0.02671217918395996,-51.26493234271418,-54.57337218205384,0.0,1.5481569502029249,-51.196222,-56.826176,0.76754,1.4681512689,-0.06871034271418353,2.252803817946159,-0.76754,0.08000568130292483,4.583987875726314,2.380958589507321
1723528338.966519,125.22955775260925,1723528338.9559166,0.010602474212646484,-51.206369507479025,-54.32627005431295,0.0,1.552022187584683,-51.162712,-56.713434,0.801284,1.4765448554,-0.043657507479025526,2.3871639456870497,-0.801284,0.07547733218468289,4.324532583089263,2.518434777833932
1723528339.0665183,125.32955694198608,1723528339.0566947,0.00982356071472168,-51.17466995782286,-54.17776026834155,0.0,1.5555262847024611,-51.12953,-56.593517999999996,0.822524,1.4852367229,-0.045139957822854626,2.415757731658445,-0.822524,0.07028956180246104,4.027295235104981,2.5523457376374004
1723528339.166519,125.42955756187439,1723528339.206305,-0.03978610038757324,-51.13254156355789,-53.98044882664338,0.0,1.5575320671044093,-51.115438000000005,-56.457761,0.8259230000000001,1.495719214,-0.01710356355788889,2.4773121733566157,-0.8259230000000001,0.06181285310440932,3.5416156025447827,2.611420482817016
1723528339.266518,125.52955675125122,1723528339.206305,0.06021308898925781,-51.110176219829846,-53.85380086771671,0.0,1.5589058663304929,-51.115438000000005,-56.457761,0.8259230000000001,1.495719214,0.005261780170158659,2.603960132283291,-0.8259230000000001,0.06318665233049292,3.620328500097712,2.731809813801168
1723528339.3665185,125.62955713272095,1723528339.3376644,0.0288541316986084,-51.074859672816714,-53.65506868511472,0.0,1.5582685498920839,-51.091145000000004,-56.328339,0.8213400000000001,1.5035188866,0.01628532718329012,2.673270314885279,-0.8213400000000001,0.05474966329208386,3.1369246363987338,2.7966477761649404
1723528339.4665174,125.7295560836792,1723528339.442865,0.02365255355834961,-51.04666414013188,-53.49374670230907,0.0,1.5604327112658092,-51.063445,-56.199968,0.815608,1.5116192792,0.0167808598681205,2.706221297690931,-0.815608,0.048813432065809126,2.796803640919422,2.826505212979077
1723528339.566518,125.8295567035675,1723528339.5333638,0.03315424919128418,-51.005963256534116,-53.35379518972378,0.0,1.5573640544351424,-51.025857,-56.066103,0.816011,1.5182933283,0.019893743465885905,2.712307810276215,-0.816011,0.0390707261351424,2.2385877100551417,2.8324694827721344
1723528339.666517,125.92955565452576,1723528339.634222,0.03229498863220215,-50.96158671660977,-53.1239130916116,0.0,1.5596937537036215,-50.998117,-55.929117999999995,0.8098120000000001,1.5239490701,0.03653028339022768,2.805204908388397,-0.8098120000000001,0.035744683603621485,2.0480195105179857,2.9199836497821225
1723528339.7665174,126.02955603599548,1723528339.7497492,0.016768217086791992,-50.92033100254759,-52.9384912549314,0.0,1.5603813952258534,-50.959148,-55.778484,0.8042790000000001,1.5306560995,0.03881699745240752,2.8399927450685993,-0.8042790000000001,0.029725295725853362,1.7031339898696627,2.9519366966746596
1723528339.8665168,126.1295554637909,1723528339.8764045,-0.0098876953125,-50.87668560781546,-52.754728398196725,0.0,1.5595848346257364,-50.914583,-55.639345,0.8113910000000001,1.5355470277,0.037897392184540024,2.8846166018032733,-0.8113910000000001,0.024037806925736316,1.3772648855950311,2.9967990434152325
1723528339.966517,126.22955560684204,1723528339.9785664,-0.012049436569213867,-50.814484989840025,-52.514118944825405,0.0,1.5593232172202462,-50.885706,-55.493956,0.808211,1.5415426163000001,0.07122101015997373,2.979837055174592,-0.808211,0.017780600920246137,1.0187533899365313,3.0883177181437778
1723528340.066516,126.3295545578003,1723528340.0845554,-0.018039464950561523,-50.76209940896423,-52.31808498924346,0.0,1.5615017031629268,-50.854548,-55.337061,0.8061670000000001,1.5467933376,0.09244859103576886,3.018976010756539,-0.8061670000000001,0.014708365562926762,0.8427272702912647,3.126126697272036
1723528340.066516,126.3295545578003,1723528340.0845554,-0.018039464950561523,-50.76209940896423,-52.31808498924346,0.0,1.5615017031629268,-50.854548,-55.337061,0.8061670000000001,1.5467933376,0.09244859103576886,3.018976010756539,-0.8061670000000001,0.014708365562926762,0.8427272702912647,3.126126697272036
1723528340.1665165,126.4295551776886,1723528340.1700842,-0.0035676956176757812,-50.72459318263134,-52.14826561238612,0.0,1.5615388809054274,-50.815538000000004,-55.184455,0.806027,1.5509420201,0.09094481736866555,3.036189387613881,-0.806027,0.010596860805427433,0.6071554002385942,3.142673460923736
1723528340.2665155,126.52955412864685,1723528340.2561858,0.010329723358154297,-50.65512562313869,-51.8073026751294,0.0,1.5553032053352496,-50.779929,-55.014581,0.805748,1.5551842986,0.12480337686131548,3.2072783248706003,-0.805748,0.00011890673524961315,0.006812854085482289,3.3092959939486755
1723528340.3665156,126.629554271698,1723528340.3855395,-0.019023895263671875,-50.63037643790728,-51.68856694556612,0.0,1.5595919779492589,-50.745915000000004,-54.847794,0.806075,1.5588059262,0.1155385620927234,3.1592270544338774,-0.806075,0.0007860517492588315,0.04503744771140668,3.262487033908703
1723528340.4665146,126.72955322265625,1723528340.5209439,-0.05442929267883301,-50.57474304549942,-51.473360520746205,0.0,1.5605007477391784,-50.706092000000005,-54.669412,0.806208,1.5617160465,0.13134895450058792,3.1960514792537964,-0.806208,-0.0012152987608216037,-0.06963148984255678,3.298782949081794
1723528340.5665152,126.82955384254456,1723528340.5209439,0.045571327209472656,-50.52639950152226,-51.27305017863541,0.0,1.561011281475234,-50.706092000000005,-54.669412,0.806208,1.5617160465,0.17969249847774194,3.396361821364593,-0.806208,-0.0007047650247660187,-0.040380061467525805,3.495358973681557
1723528340.6665142,126.92955279350281,1723528340.624162,0.04235219955444336,-50.484209918864956,-51.08797884938356,0.0,1.5610362249366512,-50.671783000000005,-54.504411,0.804315,1.5635714657,0.18757308113504934,3.416432150616437,-0.804315,-0.0025352407633487672,-0.1452585957894095,3.514842090301803
1723528340.7665148,127.02955341339111,1723528340.7455113,0.02100348472595215,-50.415989456751035,-50.80659653973992,0.0,1.5600167523649262,-50.631107,-54.33336,0.798987,1.5643829004,0.21511754324896515,3.526763460260078,-0.798987,-0.004366148035073847,-0.25016185513906875,3.6225289906649616
1723528340.8665137,127.12955236434937,1723528340.871253,-0.004739284515380859,-50.37479446450054,-50.5881275781222,0.0,1.5626721106355959,-50.598063,-54.154241999999996,0.790813,1.5650833377,0.22326853549946435,3.566114421877799,-0.790813,-0.0024112270644041085,-0.13815313423807454,3.659563650196278
1723528340.966514,127.22955274581909,1723528340.9766607,-0.010146617889404297,-50.32993585079053,-50.37613056205251,0.0,1.5616391834543049,-50.557551000000004,-53.975128999999995,0.795451,1.5666607534,0.2276151492094769,3.598998437947486,-0.795451,-0.005021569945695248,-0.2877147644180757,3.692877022850761
1723528341.0665133,127.32955193519592,1723528341.103664,-0.03715062141418457,-50.271927999088966,-50.131277163838924,0.0,1.5580593722404892,-50.518665000000006,-53.782829,0.798756,1.5667917024,0.24673700091103967,3.651551836161076,-0.798756,-0.008732330159510804,-0.50032566345477,3.7460273767453836
1723528341.166514,127.42955255508423,1723528341.213139,-0.04662513732910156,-50.21344113616612,-49.88081771332621,0.0,1.5582105160009532,-50.483444,-53.600726,0.7969050000000001,1.5662205663,0.2700028638338807,3.7199082866737925,-0.7969050000000001,-0.00801005029904678,-0.45894207582288343,3.8138794929530544
1723528341.2665129,127.52955150604248,1723528341.3012166,-0.034703731536865234,-50.15912827861677,-49.59379087239102,0.0,1.5609032637078917,-50.438033000000004,-53.415217,0.7880980000000001,1.5673070883,0.27890472138323474,3.82142612760898,-0.7880980000000001,-0.006403824592108309,-0.366912121869892,3.9118006020228617
1723528341.3201628,127.58320140838623,1723528341.3012166,0.018946170806884766,-50.1050826098638,-49.365655442098074,0.0,1.5569508191505896,-50.438033000000004,-53.415217,0.7880980000000001,1.5673070883,0.33295039013620453,4.049561557901924,-0.7880980000000001,-0.010356269149410348,-0.593370513762752,4.138949532324949
1723528341.3665135,127.62955212593079,1723528341.4100125,-0.043498992919921875,-50.10507422175671,-49.365618043651644,0.0,1.5569508191503338,-50.400641,-53.222773,0.788195,1.5666022987000001,0.29556677824329114,3.857154956348353,-0.788195,-0.009651479549666275,-0.552989044252702,3.947943190537167
1723528341.4665124,127.72955107688904,1723528341.4100125,0.05649995803833008,-49.99941903360127,-48.9231472149978,0.0,1.55462327813472,-50.400641,-53.222773,0.788195,1.5666022987000001,0.40122196639872953,4.299625785002199,-0.788195,-0.011979020565280107,-0.6863473210909679,4.3896483134075375
1723528341.5665114,127.82955002784729,1723528341.5436502,0.022861242294311523,-49.989571621172225,-48.84985537939657,0.0,1.5580832704435492,-50.362753000000005,-53.022942,0.792321,1.5666387239000001,0.37318137882778046,4.173086620603428,-0.792321,-0.008555453456450923,-0.49019137487525016,4.263999161773386
1723528341.62763,127.89066863059998,1723528341.66586,-0.038229942321777344,-49.93524294308923,-48.64652243341464,0.0,1.558739324535999,-50.31586,-52.817251999999996,0.79415,1.5675969509,0.3806170569107721,4.170729566585358,-0.79415,-0.008857626364001003,-0.5075046071610666,4.262690310602062
1723528341.6665103,127.92954897880554,1723528341.66586,0.0006504058837890625,-49.93523749835596,-48.64649831649206,0.0,1.5587393245360364,-50.31586,-52.817251999999996,0.79415,1.5675969509,0.38062250164404077,4.1707536835079395,-0.79415,-0.008857626363963702,-0.5075046071589293,4.262714393406251
1723528341.796511,128.05954957008362,1723528341.854126,-0.057615041732788086,-49.8562305219227,-48.34506752496425,0.0,1.5557847912210807,-50.212284000000004,-52.415369,0.775485,1.5681412402000001,0.3560534780773068,4.070301475035748,-0.775485,-0.01235644897891941,-0.7079723762608177,4.158786501150803
1723528341.86651,128.1295485496521,1723528341.854126,0.01238393783569336,-49.81871364344976,-48.12280426788901,0.0,1.5568342229025662,-50.212284000000004,-52.415369,0.775485,1.5681412402000001,0.3935703565502422,4.292564732110989,-0.775485,-0.011307017297433886,-0.6478443700243799,4.379770152661344
1723528341.9965103,128.2595489025116,1723528341.9596262,0.03688406944274902,-49.77302285923544,-47.924715496756455,0.0,1.5563110439734764,-50.16512,-52.193956,0.769883,1.5678859243,0.39209714076456237,4.2692405032435445,-0.769883,-0.011574880326523651,-0.6631917910788134,4.35578632120768
1723528342.096509,128.35954761505127,1723528342.0739799,0.022529125213623047,-49.71288343859261,-47.68439714173176,0.0,1.5531885327210855,-50.115374,-51.989545,0.771117,1.568374121,0.40249056140739015,4.305147858268242,-0.771117,-0.015185588278914475,-0.870070117805131,4.392142775600842
1723528342.1965096,128.45954823493958,1723528342.1845,0.012009620666503906,-49.63701768191677,-47.366549007551534,0.0,1.5569190586895305,-50.069918,-51.776718,0.775927,1.5681048853000001,0.4329003180832345,4.410168992448469,-0.775927,-0.011185826610469629,-0.6409006551450368,4.498783828622965
1723528342.2965086,128.55954718589783,1723528342.2888749,0.007633686065673828,-49.5922934454612,-47.17660217979521,0.0,1.554619975337949,-50.029476,-51.555883,0.7752840000000001,1.5684295866,0.4371825545388006,4.379280820204791,-0.7752840000000001,-0.013809611262050936,-0.791232442031849,4.468813530330239
1723528342.3965092,128.65954780578613,1723528342.377232,0.019277095794677734,-49.523203594924105,-46.855542914114004,0.0,1.5538479738690079,-49.984481,-51.324581,0.777966,1.5682421903000001,0.4612774050758972,4.469038085885998,-0.777966,-0.014394216430992257,-0.8247278508937191,4.559639169352016
1723528342.3965092,128.65954780578613,1723528342.377232,0.019277095794677734,-49.523203594924105,-46.855542914114004,0.0,1.5538479738690079,-49.984481,-51.324581,0.777966,1.5682421903000001,0.4612774050758972,4.469038085885998,-0.777966,-0.014394216430992257,-0.8247278508937191,4.559639169352016
1723528342.4965081,128.75954675674438,1723528342.4828253,0.013682842254638672,-49.46090372332278,-46.58262239887714,0.0,1.5579646043982809,-49.932626,-51.088115,0.7759250000000001,1.5692081587,0.47172227667721955,4.50549260112286,-0.7759250000000001,-0.011243554301719085,-0.644208208214665,4.596090196102702
1723528342.5965085,128.8595471382141,1723528342.6103017,-0.013793230056762695,-49.35373522311738,-46.19741622924977,0.0,1.5608591871695179,-49.877154000000004,-50.867687,0.766891,1.5683044095,0.5234187768826217,4.6702707707502285,-0.766891,-0.00744522233048217,-0.4265798170731833,4.761671775122497
1723528342.7065074,128.96954607963562,1723528342.7239852,-0.017477750778198242,-49.32045849195397,-46.026280198100125,0.0,1.5547948604553703,-49.826542,-50.622769999999996,0.7601300000000001,1.5678414208,0.5060835080460322,4.596489801899871,-0.7601300000000001,-0.0130465603446297,-0.7475128449100267,4.686324426774751
1723528342.7965078,129.0595464706421,1723528342.8608437,-0.06433582305908203,-49.259970996327965,-45.77607166972774,0.0,1.5519253861640214,-49.767431,-50.383449,0.75865,1.5682706051,0.5074600036720369,4.607377330272257,-0.75865,-0.01634521893597851,-0.9365120602488829,4.696912958671209
1723528342.7965078,129.0595464706421,1723528342.8608437,-0.06433582305908203,-49.259970996327965,-45.77607166972774,0.0,1.5519253861640214,-49.767431,-50.383449,0.75865,1.5682706051,0.5074600036720369,4.607377330272257,-0.75865,-0.01634521893597851,-0.9365120602488829,4.696912958671209
1723528342.8965068,129.15954542160034,1723528342.8608437,0.03566312789916992,-49.2136137870371,-45.51346276310742,0.0,1.5538691428629852,-49.767431,-50.383449,0.75865,1.5682706051,0.5538172129629046,4.869986236892579,-0.75865,-0.014401462237014773,-0.8251430049979798,4.959740847604555
1723528342.9965072,129.25954580307007,1723528342.9459968,0.050510406494140625,-49.09178485882648,-45.0725379002244,0.0,1.549734446696787,-49.713855,-50.133383,0.7563110000000001,1.5671718463,0.6220701411735234,5.060845099775605,-0.7563110000000001,-0.01743739960321289,-0.9990894029471948,5.1547192661854435
1723528343.0965064,129.3595449924469,1723528343.0556698,0.04083657264709473,-49.069715840957926,-44.946709653711345,0.0,1.5553524556600316,-49.661956,-49.881785,0.7524270000000001,1.5668934477,0.5922401590420776,4.935075346288656,-0.7524270000000001,-0.0115409920399685,-0.6612501352842733,5.027112836395984
1723528343.1965067,129.45954537391663,1723528343.162755,0.033751726150512695,-49.02207235442053,-44.76326892424266,0.0,1.5528408133440603,-49.612735,-49.64597,0.754156,1.5664174626,0.5906626455794708,4.882701075757339,-0.754156,-0.01357664925593971,-0.7778847022947748,4.975781690189072
1723528343.2965057,129.55954432487488,1723528343.2756975,0.02080821990966797,-48.95072905236393,-44.46151866388391,0.0,1.5546054845935782,-49.550175,-49.393461,0.757718,1.5652534378,0.5994459476360703,4.931942336116094,-0.757718,-0.010647953206421866,-0.6100827791807651,5.025686740977355
1723528343.396506,129.6595447063446,1723528343.383664,0.012842178344726562,-48.88708896658338,-44.21180068384077,0.0,1.5540135996776963,-49.496928000000004,-49.143371,0.749171,1.5650057069,0.6098390334166268,4.931570316159231,-0.749171,-0.010992107222303813,-0.6298013517932791,5.0252906997647795
1723528343.496505,129.75954365730286,1723528343.5042534,-0.00774836540222168,-48.84302833364444,-44.01060905723891,0.0,1.552560940145077,-49.434634,-48.893775999999995,0.751244,1.5635577964,0.5916056663555622,4.883166942761086,-0.751244,-0.010996856254922971,-0.6300734513191267,4.975910389353356
1723528343.5965054,129.85954403877258,1723528343.6056635,-0.009158134460449219,-48.76927512183332,-43.679231922284984,0.0,1.5542595509884372,-49.38526,-48.638483,0.74921,1.5628637247000001,0.6159848781666852,4.959251077715017,-0.74921,-0.008604173711562968,-0.492982839869971,5.053209301626797
1723528343.5965054,129.85954403877258,1723528343.6056635,-0.009158134460449219,-48.76927512183332,-43.679231922284984,0.0,1.5542595509884372,-49.38526,-48.638483,0.74921,1.5628637247000001,0.6159848781666852,4.959251077715017,-0.74921,-0.008604173711562968,-0.492982839869971,5.053209301626797
1723528343.6965044,129.95954298973083,1723528343.7129788,-0.016474485397338867,-48.708645255624525,-43.427644757129784,0.0,1.5521774111957471,-49.329995000000004,-48.375721999999996,0.747456,1.5630504646,0.621349744375479,4.9480772428702124,-0.747456,-0.01087305340425293,-0.622980070484045,5.042641607152104
1723528343.796505,130.05954360961914,1723528343.8456016,-0.04909658432006836,-48.708610275766645,-43.427496839332356,0.0,1.5521774111957471,-49.277339000000005,-48.116852,0.740491,1.5637423579,0.5687287242333596,4.689355160667645,-0.740491,-0.011564946704252899,-0.6626226364474221,4.7814047209715875
1723528343.896504,130.1595425605774,1723528343.8456016,0.050902366638183594,-48.55440156085215,-42.78287867714086,0.0,1.5530130760874803,-49.277339000000005,-48.116852,0.740491,1.5637423579,0.7229374391478558,5.333973322859144,-0.740491,-0.010729281812519753,-0.614742565063856,5.433436929879253
1723528343.9965029,130.25954151153564,1723528343.95602,0.04048275947570801,-48.5081333555253,-42.62057617275764,0.0,1.5516357551725157,-49.212843,-47.857213,0.7366320000000001,1.5632864083,0.704709644474697,5.236636827242364,-0.7366320000000001,-0.011650653127484256,-0.6675332527757409,5.3349421409112425
1723528344.0965018,130.3595404624939,1723528344.1283123,-0.03181052207946777,-48.44973777391549,-42.324234048488904,0.0,1.5526285141562441,-49.08012,-47.339297,0.737931,1.5622831879,0.6303822260845138,5.015062951511098,-0.737931,-0.009654673743755948,-0.5531720580929859,5.108109270497595
1723528344.2065027,130.46954131126404,1723528344.2422752,-0.03577256202697754,-48.39473852254647,-42.070468246327266,0.0,1.5514894358482092,-49.031980000000004,-47.072744,0.7195550000000001,1.5634538905,0.6372414774535358,5.002275753672734,-0.7195550000000001,-0.011964454651790746,-0.6855127557232747,5.093780405003172
1723528344.2965016,130.55954027175903,1723528344.3498878,-0.05338621139526367,-48.329286217617835,-41.83160104542635,0.0,1.5482239656937553,-48.975426,-46.813551,0.713968,1.5627419486,0.6461397823821642,4.981949954573643,-0.713968,-0.01451798290624473,-0.8318191475708963,5.074157296859962
1723528344.4065006,130.66953921318054,1723528344.3498878,0.05661273002624512,-48.261828180730014,-41.54842062211512,0.0,1.547770946831703,-48.975426,-46.813551,0.713968,1.5627419486,0.7135978192699852,5.26513037788488,-0.713968,-0.014971001768297132,-0.857775216406318,5.361023227781899
1723528344.4065006,130.66953921318054,1723528344.3498878,0.05661273002624512,-48.261828180730014,-41.54842062211512,0.0,1.547770946831703,-48.975426,-46.813551,0.713968,1.5627419486,0.7135978192699852,5.26513037788488,-0.713968,-0.014971001768297132,-0.857775216406318,5.361023227781899
1723528344.4964995,130.75953817367554,1723528344.4780796,0.018419981002807617,-48.18746503894567,-41.29005336694637,0.0,1.5470196530653286,-48.918271000000004,-46.551288,0.7107220000000001,1.5621667917,0.7308059610543367,5.261234633053633,-0.7107220000000001,-0.01514713863467132,-0.8678671154662188,5.359085087777535
1723528344.5965002,130.85953879356384,1723528344.5593386,0.03716158866882324,-48.09798526428751,-40.951720289574645,0.0,1.5297573364870987,-48.856771,-46.284211,0.715182,1.5606794112,0.7587857357124932,5.332490710425354,-0.715182,-0.03092207471290131,-1.771704374837452,5.433479388257348
1723528344.706499,130.96953773498535,1723528344.671518,0.03498101234436035,-48.050623635392476,-40.75241693222787,0.0,1.5386627634759105,-48.798058000000005,-46.019343,0.7122550000000001,1.5603096326,0.7474343646075283,5.266926067772133,-0.7122550000000001,-0.02164686912408964,-1.2402742404823894,5.367166432839481
1723528344.7964995,131.05953812599182,1723528344.7521777,0.04432177543640137,-47.97411991701419,-40.44325954679932,0.0,1.538472652950755,-48.731079,-45.744127999999996,0.7053470000000001,1.5617488712,0.7569590829858086,5.300868453200678,-0.7053470000000001,-0.02327621824924497,-1.3336290687071228,5.40089879574334
1723528344.8964984,131.15953707695007,1723528344.840839,0.05565953254699707,-47.91054912115343,-40.18194812685257,0.0,1.5359059342320212,-48.663398,-45.474222,0.697948,1.5626352818,0.7528488788465708,5.29227387314743,-0.697948,-0.026729347567978845,-1.531478804783459,5.39092530030638
1723528344.9964993,131.25953793525696,1723528344.9930093,0.003489971160888672,-47.863796394191695,-39.988003896941464,0.0,1.5327741995461928,-48.601363,-45.204471999999996,0.689335,1.5612594898,0.7375666058083041,5.216468103058531,-0.689335,-0.028485290253807305,-1.6320869097482962,5.313259518455282
1723528345.0531602,131.31619882583618,1723528345.1003175,-0.04715728759765625,-47.792949209290875,-39.71061923293199,0.0,1.5307930545441462,-48.549685000000004,-44.934723,0.6843330000000001,1.5616393436,0.7567357907091292,5.224103767068009,-0.6843330000000001,-0.030846289055853845,-1.7673621765410061,5.322801976489763
1723528345.1064982,131.36953687667847,1723528345.1003175,0.006180763244628906,-47.72594522017146,-39.51402379010768,0.0,1.5248865516486392,-48.549685000000004,-44.934723,0.6843330000000001,1.5616393436,0.8237397798285429,5.4206992098923195,-0.6843330000000001,-0.03675279195136083,-2.1057798641353567,5.525471817310101
1723528345.2074986,131.47053718566895,1723528345.2035422,0.003956317901611328,-47.68183251959447,-39.37418657952143,0.0,1.5357553338953949,-48.486183000000004,-44.66445,0.6957420000000001,1.5611103365,0.8043504804055317,5.290263420478574,-0.6957420000000001,-0.025355002604605215,-1.4527346387870883,5.39610263838136
1723528345.2964976,131.5595362186432,1723528345.303514,-0.007016420364379883,-47.612459028814044,-39.1820743141538,0.0,1.520750546037928,-48.425772,-44.389964,0.699044,1.5600307063,0.8133129711859581,5.207889685846197,-0.699044,-0.03928016026207204,-2.2505874016142173,5.317166113916184
1723528345.396498,131.65953660011292,1723528345.418478,-0.02198004722595215,-47.55174094344102,-38.9217292017336,0.0,1.5186855669191601,-48.365943,-44.119122,0.682322,1.5605024268,0.8142020565589831,5.197392798266399,-0.682322,-0.04181685988083994,-2.3959295836620633,5.30484497417788
1723528345.496497,131.75953555107117,1723528345.5264077,-0.029910802841186523,-47.4843350324754,-38.699141557976134,0.0,1.5139256778210795,-48.309835,-43.848107999999996,0.668609,1.5599886952,0.8254999675245998,5.1489664420238626,-0.668609,-0.0460630173789205,-2.639216487449908,5.257408450211186
1723528345.6364963,131.8995349407196,1723528345.6298835,0.0066127777099609375,-47.41984170241422,-38.490884464527475,0.0,1.5078238749358581,-48.237123000000004,-43.583985999999996,0.672357,1.5593454236,0.8172812975857866,5.09310153547252,-0.672357,-0.051521548664141825,-2.951967292433211,5.201893492322296
1723528345.7364967,131.99953532218933,1723528345.740612,-0.00411534309387207,-47.34574516052463,-38.219900308938904,0.0,1.5056835783310036,-48.175663,-43.316683,0.676416,1.5600838993000001,0.829917839475371,5.096782691061094,-0.676416,-0.054400320968996496,-3.116908795680532,5.208022275800617
1723528345.8364956,132.09953427314758,1723528345.865632,-0.02913641929626465,-47.281169018741636,-38.01503258315325,0.0,1.4979782791306029,-48.104241,-43.049517,0.676651,1.5599317128,0.8230719812583658,5.034484416846752,-0.676651,-0.061953433669397207,-3.5496702756001532,5.14600207982919
1723528345.8964958,132.1595344543457,1723528345.865632,0.03086376190185547,-47.193081674652014,-37.7715093884274,0.0,1.4929247176506175,-48.104241,-43.049517,0.676651,1.5599317128,0.9111593253479882,5.278007611572605,-0.676651,-0.06700699514938258,-3.8392180199132007,5.398650964804814
1723528345.9964962,132.25953483581543,1723528345.9661613,0.030334949493408203,-47.10590133490493,-37.457912038496225,0.0,1.4914845976735336,-48.043902,-42.780231,0.6725140000000001,1.5585771122,0.9380006650950747,5.322318961503775,-0.6725140000000001,-0.06709251452646647,-3.844117919286696,5.446026024166376
1723528346.0964954,132.35953402519226,1723528346.082924,0.013571500778198242,-47.0282767497844,-37.19831950623827,0.0,1.4884611400514,-47.975301,-42.51783,0.6663290000000001,1.5567673506,0.9470242502155983,5.319510493761726,-0.6663290000000001,-0.06830621054859988,-3.9136575789667565,5.444083133088485
1723528346.236495,132.49953365325928,1723528346.1882415,0.048253536224365234,-46.97066279560434,-37.00596049421477,0.0,1.4831092761475713,-47.918374,-42.250892,0.667784,1.5554780986,0.9477112043956595,5.244931505785232,-0.667784,-0.07236882245242882,-4.146428094855763,5.371535953335099
1723528346.3364954,132.599534034729,1723528346.304462,0.032033443450927734,-46.89329391367468,-36.75893527216809,0.0,1.4796009598211202,-47.862356000000005,-41.979847,0.667289,1.5528996479000001,0.969062086325323,5.220911727831911,-0.667289,-0.07329868807887996,-4.199705470765702,5.351847831028735
1723528346.4364944,132.69953298568726,1723528346.3989666,0.03752779960632324,-46.798735048472096,-36.491400769676346,0.0,1.4752858130676392,-47.797450000000005,-41.718875,0.654057,1.5525970955000001,0.9987149515279086,5.227474230323651,-0.654057,-0.07731128243236096,-4.429610192118188,5.362062004709777
1723528346.5364945,132.7995331287384,1723528346.4937587,0.04273581504821777,-46.73101489725968,-36.271707020525014,0.0,1.4693527071292787,-47.720802,-41.450787,0.6423340000000001,1.5503754662,0.9897871027403156,5.179079979474984,-0.6423340000000001,-0.08102275907072132,-4.64226213925764,5.311792626798007
1723528346.6364934,132.89953207969666,1723528346.6299787,0.006514787673950195,-46.65431788621185,-36.04098437861876,0.0,1.4650722007240995,-47.655517,-41.183839,0.6457280000000001,1.5468364214,1.0011991137881537,5.14285462138124,-0.6457280000000001,-0.08176422067590061,-4.684744759905408,5.279045176175002
1723528346.7364922,132.99953079223633,1723528346.758086,-0.021593809127807617,-46.55902228241942,-35.75591519730581,0.0,1.462407020387439,-47.603851,-40.917664,0.6455270000000001,1.5453968716,1.0448287175805788,5.161748802694191,-0.6455270000000001,-0.08298985121256086,-4.754968216898395,5.305847986790141
1723528346.8364913,133.09952998161316,1723528346.8582537,-0.021762371063232422,-46.51055338502895,-35.62561992141854,0.0,1.4561030242829327,-47.542434,-40.659796,0.641306,1.542724879,1.031880614971051,5.03417607858146,-0.641306,-0.0866218547170674,-4.963066688883344,5.178704449893896
1723528346.936492,133.19953060150146,1723528346.9528646,-0.0163726806640625,-46.43127927877485,-35.41959432029431,0.0,1.4529969864497847,-47.478468,-40.388723999999996,0.637621,1.5394827501000001,1.0471887212251474,4.969129679705688,-0.637621,-0.08648576365021542,-4.955269245123293,5.1181456145008335
1723528347.036491,133.29952955245972,1723528347.0537903,-0.017299413681030273,-46.31268548385231,-35.11276429415244,0.0,1.4507928593321413,-47.406489,-40.129515,0.6444000000000001,1.5367285403,1.0938035161476876,5.0167507058475564,-0.6444000000000001,-0.08593568096785864,-4.923751829041014,5.1748860022766685
1723528347.1364896,133.3995282649994,1723528347.1530118,-0.01652216911315918,-46.215022878447975,-34.827485442756384,0.0,1.4463075012735667,-47.325366,-39.877601999999996,0.64508,1.5329603285,1.1103431215520274,5.050116557243612,-0.64508,-0.08665282722643332,-4.96484128295094,5.210822132420562
1723528347.2364888,133.49952745437622,1723528347.2847805,-0.048291683197021484,-46.14442629937569,-34.61915578984589,0.0,1.4422123510300775,-47.243983,-39.628323,0.633322,1.5280747125,1.099556700624312,5.009167210154111,-0.633322,-0.08586236146992254,-4.919550931253257,5.167385976763778
1723528347.3364894,133.59952807426453,1723528347.2847805,0.05170893669128418,-46.07690614938502,-34.43972751493811,0.0,1.4388572718109651,-47.243983,-39.628323,0.633322,1.5280747125,1.1670768506149827,5.188595485061889,-0.633322,-0.08921744068903492,-5.111782810440444,5.355808831402593
1723528347.4364884,133.69952702522278,1723528347.3961117,0.04037666320800781,-45.97590838420633,-34.216856737516615,0.0,1.4360106144895992,-47.185471,-39.376321,0.6349400000000001,1.5245232272,1.209562615793672,5.159464262483382,-0.6349400000000001,-0.08851261271040078,-5.0713991419819715,5.337252289424665
1723528347.5364888,133.7995274066925,1723528347.4834418,0.05304694175720215,-45.87651098437227,-33.97740255227556,0.0,1.4334872069519335,-47.115342000000005,-39.101707,0.6304890000000001,1.5205187027,1.2388310156277385,5.124304447724441,-0.6304890000000001,-0.08703149574806646,-4.986537391074977,5.309492888908577
1723528347.6364877,133.89952635765076,1723528347.6128411,0.02364659309387207,-45.80184966068355,-33.74868398392459,0.0,1.4293339766160305,-47.045417,-38.835827,0.623642,1.5159001689,1.2435673393164492,5.087143016075409,-0.623642,-0.08656619228396956,-4.959877466389408,5.273937157151515
1723528347.7364883,133.99952697753906,1723528347.743893,-0.0074045658111572266,-45.72613894341993,-33.509235221803245,0.0,1.427748355133243,-46.968698,-38.586576,0.6191530000000001,1.5111126431,1.2425590565800704,5.077340778196756,-0.6191530000000001,-0.08336428796675686,-4.776421862608403,5.263714736233129
1723528347.8364873,134.09952592849731,1723528347.8364353,5.1975250244140625e-05,-45.64779077282041,-33.32924044270011,0.0,1.4245338255543336,-46.890446000000004,-38.347159,0.616576,1.507551066,1.242655227179597,5.017918557299886,-0.616576,-0.08301724044566638,-4.756537504359441,5.206137207672051
1723528347.936488,134.19952654838562,1723528347.9511554,-0.014667510986328125,-45.536340404889195,-33.06360140098392,0.0,1.4228515186347304,-46.822941,-38.104526,0.628069,1.5037062624,1.286600595110805,5.04092459901608,-0.628069,-0.08085474376526958,-4.632635571361654,5.240298901118704
1723528348.0364869,134.29952549934387,1723528348.0740428,-0.03755593299865723,-45.438052790839116,-32.80710614842225,0.0,1.4198520563899937,-46.755444000000004,-37.852705,0.626962,1.4999830339,1.3173912091608884,5.045598851577751,-0.626962,-0.08013097751000631,-4.59116681958108,5.252301278340867
1723528348.0364869,134.29952549934387,1723528348.0740428,-0.03755593299865723,-45.438052790839116,-32.80710614842225,0.0,1.4198520563899937,-46.755444000000004,-37.852705,0.626962,1.4999830339,1.3173912091608884,5.045598851577751,-0.626962,-0.08013097751000631,-4.59116681958108,5.252301278340867
1723528348.1364872,134.3995258808136,1723528348.1916153,-0.05512809753417969,-45.36391986632181,-32.622958801775454,0.0,1.4165407644739085,-46.679647,-37.605962,0.6248630000000001,1.4960975804,1.3157271336781946,4.983003198224544,-0.6248630000000001,-0.07955681592609154,-4.558269784064217,5.191523141870994
1723528348.2364862,134.49952483177185,1723528348.1916153,0.044870853424072266,-45.208268547361854,-32.217497213460504,0.0,1.4007656853361583,-46.679647,-37.605962,0.6248630000000001,1.4960975804,1.4713784526381488,5.388464786539494,-0.6248630000000001,-0.09533189506384177,-5.462115240142179,5.620583695260924
1723528348.3364851,134.5995237827301,1723528348.3229272,0.013557910919189453,-45.17242038591982,-32.129886082617276,0.0,1.410232051423364,-46.604842000000005,-37.358173,0.6218440000000001,1.4907348529,1.4324216140801838,5.228286917382725,-0.6218440000000001,-0.08050280147663602,-4.612470763590776,5.456510398715963
1723528348.4364843,134.69952297210693,1723528348.4436398,-0.007155418395996094,-45.09506958506444,-31.923057189381183,0.0,1.4089341573850511,-46.520722,-37.125571,0.6183930000000001,1.4872750186,1.4256524149355627,5.202513810618818,-0.6183930000000001,-0.078340861214949,-4.4886007110367006,5.42964498474257
1723528348.5364835,134.79952216148376,1723528348.553043,-0.016559362411499023,-45.0161404193905,-31.714363068347204,0.0,1.4070352933494208,-46.44024,-36.887729,0.605576,1.4821061215,1.4240995806095,5.173365931652796,-0.605576,-0.07507082815057918,-4.301241617580079,5.39986082876716
1723528348.6364825,134.89952111244202,1723528348.653654,-0.017171621322631836,-44.93297271361051,-31.478612685385347,0.0,1.4042452357539539,-46.365322,-36.639776,0.606118,1.4761938759,1.4323492863894884,5.161163314614651,-0.606118,-0.07194864014604607,-4.122353422073959,5.39041837599537
1723528348.7364826,134.99952125549316,1723528348.7560747,-0.0195920467376709,-44.847806197671275,-31.270082183412356,0.0,1.4003067142419916,-46.289880000000004,-36.400774999999996,0.607869,1.4724729609,1.4420738023287285,5.13069281658764,-0.607869,-0.07216624665800841,-4.134821356803964,5.3640554015323
1723528348.8364813,135.09951996803284,1723528348.8636122,-0.027130842208862305,-44.74142204037732,-31.045029981411968,0.0,1.3975643557019122,-46.206469000000006,-36.147227,0.604364,1.4690395701,1.4650469596226827,5.102197018588033,-0.604364,-0.0714752143980879,-4.095228124803132,5.34266158902885
1723528348.9364803,135.1995189189911,1723528348.972125,-0.0356447696685791,-44.60762200652718,-30.752146560988354,0.0,1.395073765168631,-46.129196,-35.916042,0.6034860000000001,1.4646394049,1.5215739934728205,5.163895439011643,-0.6034860000000001,-0.06956563973136909,-3.985817555735043,5.417120902735518
1723528349.0364795,135.29951810836792,1723528348.972125,0.06435441970825195,-44.52232526153601,-30.5036853327755,0.0,1.3944176506993573,-46.129196,-35.916042,0.6034860000000001,1.4646394049,1.6068707384639893,5.412356667224497,-0.6034860000000001,-0.0702217542006427,-4.023410145701886,5.678013175009131
1723528349.1364787,135.39951729774475,1723528349.1041036,0.03237509727478027,-44.465869857816976,-30.37001651927066,0.0,1.390344175929818,-46.054802,-35.697179,0.6093780000000001,1.4607212939,1.588932142183026,5.3271624807293385,-0.6093780000000001,-0.07037711797018198,-4.03231183398573,5.592379367982532
1723528349.2364776,135.499516248703,1723528349.2058036,0.030673980712890625,-44.37115223337024,-30.16124824406102,0.0,1.3887063501932229,-45.96698,-35.466735,0.601537,1.4572397565,1.5958277666297604,5.305486755938979,-0.601537,-0.06853340630677707,-3.9266749370335843,5.572854092882698
1723528349.3364766,135.59951519966125,1723528349.31875,0.017726659774780273,-44.25141551484174,-29.887666539333644,0.0,1.3868905783890897,-45.873022,-35.234089,0.599465,1.4527382126000001,1.6216064851582601,5.3464224606663535,-0.599465,-0.06584763421091044,-3.7727915312064213,5.6190033819931084
1723528349.4364755,135.6995141506195,1723528349.4198127,0.0166628360748291,-44.1750745490761,-29.701858143079324,0.0,1.3849995089860236,-45.787156,-34.997147999999996,0.599508,1.4497880096,1.6120814509239025,5.295289856920672,-0.599508,-0.06478850061397634,-3.712107646161587,5.567612694439499
1723528349.5364745,135.79951310157776,1723528349.5308654,0.005609035491943359,-44.06431024625635,-29.419599494404917,0.0,1.3838871634159335,-45.707131000000004,-34.764296,0.594771,1.4467152496,1.6428207537436563,5.344696505595085,-0.594771,-0.06282808618406643,-3.599784173231204,5.623023502377719
1723528349.6664734,135.92951202392578,1723528349.6627328,0.003740549087524414,-43.96742428207166,-29.1741621815893,0.0,1.3815121167403364,-45.620828,-34.533063999999996,0.58643,1.4423324126000001,1.6534037179283416,5.358901818410697,-0.58643,-0.060820295859663746,-3.4847462614957276,5.638747440586848
1723528349.736474,135.99951267242432,1723528349.763912,-0.027437925338745117,-43.87836263063856,-28.988244659813596,0.0,1.3793718837510713,-45.535989,-34.310204,0.58553,1.4397561742,1.657626369361438,5.321959340186403,-0.58553,-0.060384290448928686,-3.459764991615741,5.6048034559563
1723528349.8664727,136.12951135635376,1723528349.8535988,0.01287388801574707,-43.75086985529113,-28.704530455092698,0.0,1.3757756194139092,-45.459862,-34.064475,0.581655,1.4363308595,1.7089921447088727,5.359944544907304,-0.581655,-0.0605552400860907,-3.469559684334417,5.655791917511039
1723528349.9664717,136.229510307312,1723528349.962364,0.00410771369934082,-43.65099436787933,-28.464738630797758,0.0,1.3764840814615935,-45.372354,-33.832941,0.5894280000000001,1.4332030147,1.7213596321206737,5.3682023692022405,-0.5894280000000001,-0.05671893323840659,-3.2497554930449803,5.668165578649513
1723528350.0664706,136.32950925827026,1723528350.0860982,-0.01962757110595703,-43.58923355564917,-28.344140848120947,0.0,1.3731042560611026,-45.283802,-33.61739,0.5845090000000001,1.4305018889,1.6945684443508284,5.273249151879053,-0.5845090000000001,-0.05739763283889743,-3.2886421157103203,5.569593306648497
1723528350.1664696,136.42950820922852,1723528350.202273,-0.03580331802368164,-43.46953997567874,-28.069208018134685,0.0,1.3719737306608417,-45.198819,-33.39142,0.5772120000000001,1.4275921710000001,1.729279024321258,5.322211981865312,-0.5772120000000001,-0.055618440339158415,-3.186701894533944,5.625790612599457
1723528350.2664685,136.52950716018677,1723528350.202273,0.06419563293457031,-43.36304256276998,-27.851391204037498,0.0,1.369781390080239,-45.198819,-33.39142,0.5772120000000001,1.4275921710000001,1.8357764372300238,5.540028795962499,-0.5772120000000001,-0.05781078091976122,-3.312313757057745,5.864739370213024
1723528350.3664675,136.62950611114502,1723528350.33145,0.03501749038696289,-43.25201194062904,-27.61953899078521,0.0,1.3686890588894114,-45.114269,-33.175512,0.5828340000000001,1.4251781172,1.862257059370961,5.555973009214789,-0.5828340000000001,-0.05648905831058859,-3.2365846298651344,5.888678366650383
1723528350.4664667,136.72950530052185,1723528350.4362872,0.030179500579833984,-43.18216655299898,-27.44099240227931,0.0,1.366206568675562,-45.026727,-32.943079,0.5802160000000001,1.4219126817,1.8445604470010224,5.502086597720687,-0.5802160000000001,-0.055706113024438064,-3.1917251693790467,5.831981719631349
1723528350.5664656,136.8295042514801,1723528350.5443892,0.02207636833190918,-43.06848720842115,-27.153201571912735,0.0,1.3646675327538291,-44.933692,-32.707937,0.569736,1.4194666459,1.8652047915788472,5.554735428087266,-0.569736,-0.05479911314617092,-3.1397579043354598,5.887161769500862
1723528350.6664646,136.92950320243835,1723528350.653341,0.013123512268066406,-42.96691104992586,-26.91867967180441,0.0,1.3628413936266162,-44.847708000000004,-32.481077,0.5695100000000001,1.4165973221000001,1.8807969500741422,5.5623973281955905,-0.5695100000000001,-0.05375592847338395,-3.0799878253320307,5.899322236005221
1723528350.7664635,137.0295021533966,1723528350.7906723,-0.024208784103393555,-42.882298906809915,-26.74580363931636,0.0,1.3587847628296439,-44.763247,-32.250261,0.5633870000000001,1.4160818382,1.880948093190085,5.5044573606836416,-0.5633870000000001,-0.05729707537035611,-3.2828805971643833,5.844178426145864
1723528350.8664625,137.12950110435486,1723528350.895952,-0.029489517211914062,-42.761705206045974,-26.484408534101078,0.0,1.3590163879551973,-44.670205,-32.021308,0.554071,1.4123174787000001,1.9084997939540287,5.5368994658989195,-0.554071,-0.053301090744802826,-3.0539275431210156,5.882739313622125
1723528350.8664625,137.12950110435486,1723528350.895952,-0.029489517211914062,-42.761705206045974,-26.484408534101078,0.0,1.3590163879551973,-44.670205,-32.021308,0.554071,1.4123174787000001,1.9084997939540287,5.5368994658989195,-0.554071,-0.053301090744802826,-3.0539275431210156,5.882739313622125
1723528350.966463,137.22950172424316,1723528350.9973845,-0.030921459197998047,-42.65738551040007,-26.274921861800046,0.0,1.3572631314760297,-44.581497,-31.797027999999997,0.553999,1.4104844604,1.9241114895999303,5.522106138199952,-0.553999,-0.053221328923970246,-3.04935752742103,5.873906376335688
1723528351.066462,137.32950067520142,1723528351.1240015,-0.05753946304321289,-42.657332002639,-26.274806196370566,0.0,1.3572631314760297,-44.488006000000006,-31.561743,0.550547,1.4069515232,1.8306739973610036,5.286936803629434,-0.550547,-0.049688391723970333,-2.8469351365762687,5.6219365035007405
1723528351.066462,137.32950067520142,1723528351.1240015,-0.05753946304321289,-42.657332002639,-26.274806196370566,0.0,1.3572631314760297,-44.488006000000006,-31.561743,0.550547,1.4069515232,1.8306739973610036,5.286936803629434,-0.550547,-0.049688391723970333,-2.8469351365762687,5.6219365035007405
1723528351.1664624,137.42950105667114,1723528351.1240015,0.04246091842651367,-42.31672839784117,-25.509025001847707,0.0,1.3527904603295875,-44.488006000000006,-31.561743,0.550547,1.4069515232,2.1712776021588382,6.052717998152293,-0.550547,-0.05416106287041256,-3.1032003164173476,6.453909171192474
1723528351.2664614,137.5295000076294,1723528351.2463388,0.020122528076171875,-42.25991224894953,-25.366357079317844,0.0,1.3423165776648247,-44.398451,-31.349061,0.546958,1.4052569372000001,2.1385387510504685,5.982703920682155,-0.546958,-0.0629403595351754,-3.6062169624015388,6.3769316482187675
1723528351.3664603,137.62949895858765,1723528351.3665411,-8.082389831542969e-05,-42.19692911914935,-25.239014078662027,0.0,1.3514500810646544,-44.298149,-31.124872999999997,0.547176,1.4040387237,2.1012198808506497,5.88585892133797,-0.547176,-0.052588642635345684,-3.013107273327047,6.273584446275653
1723528351.466459,137.72949767112732,1723528351.4568295,0.009629487991333008,-42.08490180607044,-25.01460762419589,0.0,1.349112577444152,-44.211854,-30.899293,0.5505880000000001,1.4009515516,2.1269521939295615,5.884685375804111,-0.5505880000000001,-0.05183897415584804,-2.970154433417842,6.281448459806746
1723528351.5664577,137.829496383667,1723528351.552295,0.014162778854370117,-42.00032821656374,-24.846473729869864,0.0,1.3487682230955007,-44.122469,-30.671184999999998,0.5543250000000001,1.3992473686,2.122140783436265,5.824711270130134,-0.5543250000000001,-0.05047914550449928,-2.8922419908345915,6.223987394808049
1723528351.6664565,137.92949509620667,1723528351.665692,0.0007643699645996094,-41.902394777553255,-24.621012386111566,0.0,1.34692548207624,-44.034696000000004,-30.433366,0.543307,1.3966047139,2.132301222446749,5.812353613888433,-0.543307,-0.049679231823759995,-2.8464103129534553,6.214929245967232
1723528351.7664554,138.02949404716492,1723528351.8202555,-0.053800106048583984,-41.810813419987234,-24.450758219749574,0.0,1.3460870980463004,-43.936034,-30.221951999999998,0.5337780000000001,1.3934969255,2.1252205800127655,5.7711937802504245,-0.5337780000000001,-0.047409827453699586,-2.7163830205404484,6.173180632072496
1723528351.8664541,138.1294927597046,1723528351.8202555,0.04619860649108887,-41.66847242729208,-24.134330324049788,0.0,1.3425664202986776,-43.936034,-30.221951999999998,0.5337780000000001,1.3934969255,2.267561572707919,6.08762167595021,-0.5337780000000001,-0.050930505201322473,-2.918102996504865,6.518120289531673
1723528351.966453,138.22949171066284,1723528351.9382322,0.02822089195251465,-41.577371674341215,-23.956713066674,0.0,1.3428527490113709,-43.834321,-30.001754,0.509947,1.3931968215000001,2.2569493256587876,6.045040933326,-0.509947,-0.050344072488629266,-2.884502877099136,6.472741775089404
1723528352.066452,138.3294906616211,1723528352.0280666,0.03838539123535156,-41.43959084176409,-23.68842254932737,0.0,1.3408665220768796,-43.747229000000004,-29.767625,0.509954,1.3901709172,2.3076381582359176,6.0792024506726285,-0.509954,-0.04930439512312046,-2.8249337520002014,6.522418982841148
1723528352.1664507,138.42948937416077,1723528352.1244705,0.04198026657104492,-41.35657723596116,-23.51767571927746,0.0,1.3394166364057938,-43.658562,-29.529736,0.50768,1.3870915516,2.301984764038842,6.01206028072254,-0.50768,-0.04767491519420619,-2.7315714292721363,6.457688569086353
1723528352.2664497,138.52948832511902,1723528352.2520208,0.014428853988647461,-41.23454378896754,-23.267554804502687,0.0,1.3401336125806491,-43.562071,-29.289216,0.503345,1.3854788596,2.3275272110324607,6.0216611954973125,-0.503345,-0.04534524701935094,-2.598091275186985,6.475426060150766
1723528352.3664486,138.62948727607727,1723528352.3983479,-0.031899213790893555,-41.10672232562361,-23.00831754123401,0.0,1.3400684678234231,-43.46822,-29.064621,0.506872,1.3837419207000001,2.3614976743763947,6.0563034587659885,-0.506872,-0.04367345287657698,-2.5023045265913457,6.520153531561201
1723528352.4664478,138.7294864654541,1723528352.509343,-0.04289507865905762,-41.00997643408163,-22.778281086468535,0.0,1.3393636992858287,-43.361693,-28.832437,0.503204,1.3821470596,2.351716565918373,6.0541559135314635,-0.503204,-0.042783360314171404,-2.451305979389521,6.5143371802032854
1723528352.5664468,138.82948541641235,1723528352.6153913,-0.04894447326660156,-40.913425021712456,-22.56266603604841,0.0,1.3394421325957957,-43.266719,-28.605045,0.500974,1.3808614111,2.353293978287546,6.042378963951592,-0.500974,-0.04141927850420424,-2.373149848767836,6.503792050867335
1723528352.666446,138.92948460578918,1723528352.6153913,0.05105471611022949,-40.819383661962135,-22.37202089875904,0.0,1.3356839565989949,-43.266719,-28.605045,0.500974,1.3808614111,2.447335338037867,6.233024101240961,-0.500974,-0.04517745450100508,-2.5884774720518955,6.714984337445294
1723528352.7664452,139.02948379516602,1723528352.7396166,0.026828527450561523,-40.69963352506027,-22.12313802538354,0.0,1.3355946400928564,-43.166587,-28.373469999999998,0.49618199999999996,1.3790121512,2.4669534749397286,6.250331974616458,-0.49618199999999996,-0.043417511107143536,-2.487640143401699,6.737856173706446
1723528352.866444,139.12948274612427,1723528352.856564,0.00988006591796875,-40.58989003174361,-21.9071154289658,0.0,1.3353843646439039,-43.065558,-28.149853999999998,0.49571299999999996,1.3769204526,2.4756679682563956,6.242738571034199,-0.49571299999999996,-0.0415360879560962,-2.379842537368482,6.733977140865408
1723528352.966443,139.22948169708252,1723528352.995281,-0.028837919235229492,-40.484743552283824,-21.697234940490045,0.0,1.3333969010752984,-42.963138,-27.926482,0.48607,1.3751774505,2.478394447716177,6.229247059509955,-0.48607,-0.04178054942470166,-2.393849147773145,6.721772237422494
1723528353.0664418,139.3294804096222,1723528353.116548,-0.05010628700256348,-40.37574305218135,-21.457221228387017,0.0,1.3341325901652186,-42.858134,-27.695968,0.48324599999999995,1.3736317371,2.4823909478186508,6.238746771612984,-0.48324599999999995,-0.039499146934781404,-2.263134413730077,6.731846165402134
1723528353.1664422,139.42948079109192,1723528353.116548,0.049894094467163086,-40.297238788317095,-21.290817455795423,0.0,1.3315522851686437,-42.858134,-27.695968,0.48324599999999995,1.3736317371,2.5608952116829045,6.405150544204577,-0.48324599999999995,-0.042079451931356315,-2.4109749998903376,6.915031776908955
1723528353.266441,139.52947974205017,1723528353.2413685,0.025072574615478516,-40.149261048792674,-20.974836242161327,0.0,1.3318189927167712,-42.756067,-27.461378,0.486199,1.3715221723,2.6068059512073276,6.486541757838673,-0.486199,-0.039703179583228776,-2.2748246233689877,7.007642307583611
1723528353.3235743,139.5866129398346,1723528353.34751,-0.023935794830322266,-40.04972451987568,-20.753520551020635,0.0,1.3315705529501882,-42.646702000000005,-27.224186,0.49438299999999996,1.3686829078,2.5969774801243233,6.470665448979364,-0.49438299999999996,-0.03711235484981179,-2.126381300686088,6.989865373208357
1723528353.3664403,139.629478931427,1723528353.34751,0.01893019676208496,-39.96240736592985,-20.588944711613422,0.0,1.3287861874734608,-42.646702000000005,-27.224186,0.49438299999999996,1.3686829078,2.684294634070156,6.6352412883865775,-0.49438299999999996,-0.03989672032653924,-2.285913691124502,7.174697149587347
1723528353.4964392,139.75947785377502,1723528353.4696422,0.026797056198120117,-39.875087206217195,-20.41903002864107,0.0,1.3469610403961871,-42.538711,-26.998020999999998,0.48531399999999997,1.3663795331,2.6636237937828042,6.578990971358927,-0.48531399999999997,-0.019418492703812795,-1.1125976764340557,7.114319615720408
1723528353.5664382,139.8294768333435,1723528353.593529,-0.027090787887573242,-39.83597774264651,-20.327867091532354,0.0,1.3306122423188116,-42.444112000000004,-26.760537,0.48453599999999997,1.3641589516000001,2.608134257353491,6.432669908467645,-0.48453599999999997,-0.033546709281188525,-1.92208485836445,6.958188096838284
1723528353.6664371,139.92947578430176,1723528353.7162204,-0.04978322982788086,-39.72834154466203,-20.134323568289357,0.0,1.3284397785871427,-42.332604,-26.525599,0.47257099999999996,1.3629830207,2.604262455337974,6.391275431710643,-0.47257099999999996,-0.03454324211285731,-1.9791819837652924,6.917651908726835
1723528353.8074358,140.0704743862152,1723528353.8264132,-0.01897740364074707,-39.61969110681575,-19.923274356468035,0.0,1.328243588946746,-42.228327,-26.290809,0.463124,1.3625601408,2.6086358931842497,6.367534643531965,-0.463124,-0.034316551853253996,-1.9661935886332975,6.896735640806086
1723528353.8964348,140.15947341918945,1723528353.8264132,0.0700216293334961,-39.510691073545566,-19.70752865257755,0.0,1.3242497575355205,-42.228327,-26.290809,0.463124,1.3625601408,2.7176359264544345,6.583280347422448,-0.463124,-0.03831038326447955,-2.1950232725832994,7.137198960438926
1723528353.9664354,140.229474067688,1723528353.9961634,-0.029727935791015625,-39.40084270176712,-19.44989416373971,0.0,1.3253252231405899,-42.12346,-26.067134,0.46502,1.3611446567,2.7226172982328833,6.617239836260289,-0.46502,-0.035819433559410196,-2.052302367503468,7.17054751072936
1723528354.0964344,140.359472990036,1723528354.180105,-0.08367061614990234,-39.3075571284161,-19.25398103270482,0.0,1.325619321986508,-42.021965,-25.8356,0.462802,1.3588507099,2.7144078715839015,6.581618967295178,-0.462802,-0.033231387913492005,-1.9040182748051468,7.13441686581183
1723528354.1964347,140.45947337150574,1723528354.180105,0.01632976531982422,-39.176875943847776,-19.005827942789224,0.0,1.3230621398337465,-42.021965,-25.8356,0.462802,1.3588507099,2.8450890561522257,6.829772057210775,-0.462802,-0.03578857006625347,-2.0505340196045565,7.413130498116047
1723528354.2964337,140.559472322464,1723528354.3269835,-0.03054976463317871,-39.08258931147529,-18.787040467619917,0.0,1.3244250691507045,-41.917412,-25.610321,0.467711,1.3576349343,2.83482268852471,6.823280532380082,-0.467711,-0.03320986514929559,-1.9027851112532368,7.40352149172625
1723528354.2964337,140.559472322464,1723528354.3269835,-0.03054976463317871,-39.08258931147529,-18.787040467619917,0.0,1.3244250691507045,-41.917412,-25.610321,0.467711,1.3576349343,2.83482268852471,6.823280532380082,-0.467711,-0.03320986514929559,-1.9027851112532368,7.40352149172625
1723528354.3964324,140.65947103500366,1723528354.435628,-0.03919553756713867,-38.892971574020926,-18.443586904090523,0.0,1.3221784326149955,-41.814574,-25.379047,0.456893,1.3571745627,2.9216024259790743,6.935460095909477,-0.456893,-0.03499613008500457,-2.005130553161569,7.539570192715796
1723528354.4964316,140.7594702243805,1723528354.435628,0.06080365180969238,-38.8321439439242,-18.33791649094106,0.0,1.3204933308858742,-41.814574,-25.379047,0.456893,1.3571745627,2.982430056075799,7.0411305090589416,-0.456893,-0.03668123181412586,-2.1016797702904157,7.660362856838697
1723528354.4964316,140.7594702243805,1723528354.435628,0.06080365180969238,-38.8321439439242,-18.33791649094106,0.0,1.3204933308858742,-41.814574,-25.379047,0.456893,1.3571745627,2.982430056075799,7.0411305090589416,-0.456893,-0.03668123181412586,-2.1016797702904157,7.660362856838697
1723528354.5964305,140.85946917533875,1723528354.584627,0.011803627014160156,-38.64402593940717,-17.974451499755517,0.0,1.3204906290923413,-41.704171,-25.134504,0.44944199999999995,1.3555960726,3.0601450605928306,7.160052500244483,-0.44944199999999995,-0.03510544350765876,-2.0113937509237836,7.799540865300468
1723528354.6964295,140.959468126297,1723528354.7335439,-0.03711438179016113,-38.55973324846176,-17.820370558949406,0.0,1.321003571636,-41.591356000000005,-24.889349,0.448163,1.3531503496000001,3.0316227515382437,7.068978441050593,-0.448163,-0.03214677796400012,-1.8418747022813642,7.7046766825254505
1723528354.7964284,141.05946707725525,1723528354.7335439,0.06288456916809082,-38.49853129965216,-17.704783143031484,0.0,1.318103250064949,-41.591356000000005,-24.889349,0.448163,1.3531503496000001,3.0928247003478475,7.184565856968515,-0.448163,-0.03504709953505114,-2.00805088753334,7.83481979721094
1723528354.8964274,141.1594660282135,1723528354.897139,-0.0007116794586181641,-38.38805509640771,-17.464924794595248,0.0,1.316830627476097,-41.479933,-24.660543999999998,0.444453,1.3528001146,3.091877903592291,7.19561920540475,-0.444453,-0.0359694871239029,-2.0608998034497943,7.844372708452917
1723528354.8964274,141.1594660282135,1723528354.897139,-0.0007116794586181641,-38.38805509640771,-17.464924794595248,0.0,1.316830627476097,-41.479933,-24.660543999999998,0.444453,1.3528001146,3.091877903592291,7.19561920540475,-0.444453,-0.0359694871239029,-2.0608998034497943,7.844372708452917
1723528354.9964263,141.25946497917175,1723528355.013876,-0.017449617385864258,-38.28813779716945,-17.258373520543323,0.0,1.314609594624403,-41.377594,-24.444608,0.441347,1.350254088,3.0894562028305543,7.186234479456676,-0.441347,-0.03564449337559705,-2.0422790333037324,7.8346341840158145
1723528355.0964255,141.35946416854858,1723528355.013876,0.0825495719909668,-38.09630300690003,-16.883547434062322,0.0,1.3239779565131347,-41.377594,-24.444608,0.441347,1.350254088,3.2812909930999723,7.561060565937677,-0.441347,-0.02627613148686536,-1.5055114361281978,8.254168318951692
1723528355.1964245,141.45946311950684,1723528355.2104883,-0.014063835144042969,-38.06211151819481,-16.79440628171514,0.0,1.3131915773337042,-41.271326,-24.215864,0.433162,1.3499806846,3.2092144818051906,7.421457718284859,-0.433162,-0.036789107266295806,-2.1078605784128195,8.097204552977654
1723528355.3064232,141.56946182250977,1723528355.359684,-0.05326080322265625,-37.9646235829028,-16.5897629486533,0.0,1.313110271836436,-41.173294000000006,-24.000446999999998,0.43881499999999996,1.3493985214,3.2086704170972027,7.410684051346699,-0.43881499999999996,-0.03628824956356391,-2.0791635459096636,8.087420018687299
1723528355.3964224,141.65946102142334,1723528355.359684,0.03673839569091797,-37.852404590843356,-16.398108100353006,0.0,1.3111640358900463,-41.173294000000006,-24.000446999999998,0.43881499999999996,1.3493985214,3.320889409156649,7.602338899646991,-0.43881499999999996,-0.038234485509953675,-2.190674651574447,8.307612281345323
1723528355.4964213,141.7594599723816,1723528355.474817,0.021604299545288086,-37.768223728728465,-16.241140464248286,0.0,1.310383569376909,-41.066281000000004,-23.775043999999998,0.43695199999999995,1.3485939855,3.2980572712715386,7.533903535751712,-0.43695199999999995,-0.03821041612309096,-2.1892955772917455,8.235764160107015
1723528355.5964203,141.85945892333984,1723528355.5780294,0.018390893936157227,-37.60626455741337,-15.932600305453429,0.0,1.3070317849613708,-40.963866,-23.553895999999998,0.432237,1.3471832408,3.3576014425866347,7.6212956945465695,-0.432237,-0.04015145583862911,-2.3005089608593554,8.339332367470607
1723528355.6964192,141.9594578742981,1723528355.6920877,0.0043315887451171875,-37.48451096404258,-15.70521943457605,0.0,1.3041860316582374,-40.855016,-23.341222,0.43330399999999997,1.3466628360000001,3.3705050359574216,7.636002565423949,-0.43330399999999997,-0.04247680434176271,-2.433741615985974,8.358025588199133
1723528355.6964192,141.9594578742981,1723528355.6920877,0.0043315887451171875,-37.48451096404258,-15.70521943457605,0.0,1.3041860316582374,-40.855016,-23.341222,0.43330399999999997,1.3466628360000001,3.3705050359574216,7.636002565423949,-0.43330399999999997,-0.04247680434176271,-2.433741615985974,8.358025588199133
1723528355.7964196,142.05945825576782,1723528355.8365808,-0.0401611328125,-37.2823246435484,-15.305340418449067,0.0,1.2978615841098566,-40.746205,-23.104173,0.424265,1.3457957987,3.463880356451604,7.798832581550933,-0.424265,-0.047934214590143354,-2.7464281902896275,8.544018817225105
1723528355.896419,142.15945768356323,1723528355.8365808,0.059838294982910156,-37.19198928503434,-15.145233695143425,0.0,1.3032558895846467,-40.746205,-23.104173,0.424265,1.3457957987,3.5542157149656646,7.958939304856575,-0.424265,-0.042539909115353325,-2.437357253179845,8.726807262517303
1723528355.9964194,142.25945806503296,1723528355.9696128,0.02680659294128418,-37.14273418533972,-15.05797353656898,0.0,1.294512745302578,-40.643308000000005,-22.868485999999997,0.427629,1.3454328862,3.500573814660285,7.810512463431017,-0.427629,-0.05092014089742203,-2.917509165633778,8.569771790131725
1723528356.0964184,142.3594570159912,1723528356.1022437,-0.0058252811431884766,-37.016354662820795,-14.855960898087973,0.0,1.2881077993825985,-40.540439,-22.635984,0.43035799999999996,1.3439406111,3.524084337179204,7.780023101912027,-0.43035799999999996,-0.05583281171740162,-3.1989844697556826,8.551791501784912
1723528356.1964173,142.45945596694946,1723528356.2131405,-0.016723155975341797,-36.919007914321874,-14.698425923052081,0.0,1.283220985306249,-40.427111000000004,-22.410928,0.424062,1.3427953964000001,3.5081030856781297,7.712502076947917,-0.424062,-0.059574411093751056,-3.413362322649286,8.483472409721998
1723528356.2964163,142.55945491790771,1723528356.3459644,-0.04954814910888672,-36.80211355406773,-14.51432691501154,0.0,1.276923980652282,-40.317001000000005,-22.182329,0.415923,1.3427754195000001,3.514887445932274,7.6680020849884585,-0.415923,-0.06585143884771805,-3.773009520838077,8.445453313759343
1723528356.4364142,142.69945287704468,1723528356.465664,-0.02924966812133789,-36.68997129111532,-14.30761709954148,0.0,1.2701277069138062,-40.212454,-21.957658,0.401951,1.340882368,3.522482708884681,7.650040900458519,-0.401951,-0.07075466108619377,-4.0539434611174245,8.43164128859149
1723528356.4974144,142.76045298576355,1723528356.465664,0.03175044059753418,-36.54090070001884,-14.044213055259034,0.0,1.263155594584462,-40.212454,-21.957658,0.401951,1.340882368,3.671553299981163,7.913444944740965,-0.401951,-0.07772677341553802,-4.453416071879975,8.73295363175884
1723528356.5964134,142.85945200920105,1723528356.5980978,-0.001684427261352539,-36.40078422901793,-13.796114456523828,0.0,1.255545844046365,-40.109625,-21.749344,0.39946099999999996,1.3412883521,3.7088407709820714,7.953229543476173,-0.39946099999999996,-0.08574250805363515,-4.912683836339765,8.784584744098158
1723528356.696412,142.95945072174072,1723528356.712867,-0.01645493507385254,-36.265037531283646,-13.59694611982053,0.0,1.2460938513360542,-40.005901,-21.522603999999998,0.405825,1.3404753152,3.7408634687163556,7.925657880179468,-0.405825,-0.09438146386394575,-5.407659543670582,8.773528723145121
1723528356.796411,143.05944967269897,1723528356.8416362,-0.04522514343261719,-36.15418455677986,-13.419885310720586,0.0,1.2379942497776506,-39.901639,-21.295348999999998,0.40463099999999996,1.3395681721000001,3.7474544432201427,7.875463689279412,-0.40463099999999996,-0.10157392232234952,-5.819757057660289,8.730983299224086
1723528356.859082,143.1221206188202,1723528356.8416362,0.017445802688598633,-36.02638528958808,-13.234081172203247,0.0,1.22627444768756,-39.901639,-21.295348999999998,0.40463099999999996,1.3395681721000001,3.8752537104119256,8.061267827796751,-0.40463099999999996,-0.11329372441244012,-6.491252254151082,8.953510850928442
1723528356.89641,143.15944862365723,1723528356.9360137,-0.03960371017456055,-36.02637366314132,-13.234063387506335,0.0,1.2262744476868104,-39.797184,-21.069466,0.39157,1.3386245966,3.7708103368586805,7.835402612493663,-0.39157,-0.11235014891318973,-6.437189360392084,8.704359353871645
1723528356.996409,143.25944757461548,1723528356.9360137,0.060395240783691406,-35.74644644611773,-12.814557442341142,0.0,1.2048558361904398,-39.797184,-21.069466,0.39157,1.3386245966,4.050737553882271,8.254908557658856,-0.39157,-0.13376876040956032,-7.664385402164504,9.203549157289352
1723528357.096408,143.35944652557373,1723528357.0646083,0.0317995548248291,-35.73630404194721,-12.792186222820346,0.0,1.2048409690358548,-39.693682,-20.858954999999998,0.39506399999999997,1.3379998304,3.9573779580527955,8.066768777179652,-0.39506399999999997,-0.1331588613641452,-7.62944076093316,8.993868709930037
1723528357.2364058,143.4994444847107,1723528357.208687,0.027718782424926758,-35.63564913897814,-12.656775747699369,0.0,1.1926482526730613,-39.582814,-20.636385999999998,0.39428399999999997,1.3374322314,3.947164861021861,7.979610252300629,-0.39428399999999997,-0.14478397872693874,-8.295510922165484,8.911214849354886
1723528357.336405,143.59944367408752,1723528357.3160677,0.020337343215942383,-35.481958858509536,-12.45169065373817,0.0,1.1802552817377956,-39.466141,-20.412194,0.390731,1.336438069,3.9841821414904643,7.960503346261829,-0.390731,-0.15618278726220436,-8.948614542713903,8.910442838421574
1723528357.4064052,143.6694438457489,1723528357.453264,-0.046858787536621094,-35.33984970118194,-12.253319626544107,0.0,1.1689738850377545,-39.358701,-20.193738,0.38642299999999996,1.3350391394,4.018851298818063,7.940418373455893,-0.38642299999999996,-0.16606525436224562,-9.514838198723158,8.907902808318946
1723528357.5364032,143.7994418144226,1723528357.5956922,-0.059288978576660156,-35.22156120549267,-12.108614174461136,0.0,1.1568947485994112,-39.25651,-19.969274,0.378158,1.3336294479,4.034948794507329,7.860659825538862,-0.378158,-0.17673469930058872,-10.126152363437436,8.843855954282656
1723528357.5964031,143.85944175720215,1723528357.5956922,0.0007109642028808594,-35.02278071399472,-11.870203798556043,0.0,1.1425486545614876,-39.25651,-19.969274,0.378158,1.3336294479,4.233729286005278,8.099070201443956,-0.378158,-0.19108079333851238,-10.948123004308256,9.146715545378035
1723528357.7364013,143.9994399547577,1723528357.7055953,0.03080606460571289,-34.87320229854772,-11.675423161380609,0.0,1.1278145393811165,-39.154183,-19.724088,0.370728,1.3340444307000001,4.280980701452286,8.04866483861939,-0.370728,-0.2062298913188836,-11.816102382013685,9.123882983720197
1723528357.8364003,144.09943890571594,1723528357.849058,-0.012657642364501953,-34.71677315576737,-11.48394970857663,0.0,1.114855844112778,-39.0356,-19.499309,0.392377,1.3337645823,4.318826844232632,8.015359291423371,-0.392377,-0.2189087381872219,-12.54254679666213,9.113298502254843
1723528357.9363992,144.1994378566742,1723528357.9706926,-0.034293413162231445,-34.57531258101829,-11.303171854298899,0.0,1.0997888509155889,-38.923566,-19.276384999999998,0.40667299999999995,1.3316207689000001,4.348253418981713,7.973213145701099,-0.40667299999999995,-0.23183191798441127,-13.282990456929813,9.090919567975288
1723528358.036398,144.29943656921387,1723528358.0948336,-0.058435678482055664,-34.43435249036537,-11.138994169796591,0.0,1.0852323045159358,-38.810746,-19.066561999999998,0.394304,1.3318665646,4.376393509634632,7.927567830203406,-0.394304,-0.2466342600840643,-14.131102186148748,9.06391899224966
1723528358.1363971,144.3994357585907,1723528358.0948336,0.04156351089477539,-34.26153573933532,-10.957346319384303,0.0,1.0668725993399848,-38.810746,-19.066561999999998,0.394304,1.3318665646,4.54921026066468,8.109215680615694,-0.394304,-0.26499396526001534,-15.183035805835235,9.306458434597785
1723528358.236396,144.49943470954895,1723528358.2337313,0.002664804458618164,-34.09294909720165,-10.779979340876558,0.0,1.0518632330096338,-38.714602,-18.854045,0.378082,1.331252378,4.621652902798353,8.074065659123441,-0.378082,-0.27938914499036627,-16.007818849716614,9.31091605700024
1723528358.336395,144.5994336605072,1723528358.3411756,-0.00478053092956543,-33.924641961510076,-10.61535470811636,0.0,1.0337992836814394,-38.602773,-18.623967,0.35930399999999996,1.3312563366,4.678131038489923,8.00861229188364,-0.35930399999999996,-0.2974570529185607,-17.043033718633115,9.281803715841471
1723528358.4363942,144.69943284988403,1723528358.444702,-0.008307695388793945,-33.73821774948188,-10.437452258642333,0.0,1.0182426693529623,-38.489940000000004,-18.405866,0.35920799999999997,1.3290350419,4.751722250518121,7.968413741357667,-0.35920799999999997,-0.31079237254703784,-17.80709125180282,9.28458465881973
1723528358.5363932,144.79943180084229,1723528358.5712419,-0.034848690032958984,-33.591774578781305,-10.30227872580055,0.0,1.0033596188527945,-38.367247,-18.188439,0.354568,1.3284962412,4.775472421218694,7.886160274199449,-0.354568,-0.32513662234720564,-18.628956225633807,9.226179013156305
1723528358.636392,144.89943075180054,1723528358.5712419,0.06515026092529297,-33.41402734694608,-10.149077727092974,0.0,0.987045829879138,-38.367247,-18.188439,0.354568,1.3284962412,4.953219653053921,8.039361272907025,-0.354568,-0.34145041132086207,-19.563667481691382,9.449414430235391
1723528358.736391,144.9994297027588,1723528358.7123828,0.02400827407836914,-33.235444850399205,-9.98123779460884,0.0,0.9717129267354769,-38.253524,-17.961892,0.34501299999999996,1.3264070739,5.018079149600794,7.9806542053911596,-0.34501299999999996,-0.354694147164523,-20.322477650519286,9.433503795931543
1723528358.83639,145.09942865371704,1723528358.8188083,0.017581701278686523,-33.07245618527169,-9.832807630407517,0.0,0.9563858854356582,-38.152594,-17.747415,0.327071,1.3242954699,5.08013781472831,7.914607369592483,-0.327071,-0.36790958446434185,-21.07966643221867,9.410408358327558
1723528358.936389,145.1994276046753,1723528358.9438403,-0.007451295852661133,-32.856459688602705,-9.650562179241087,0.0,0.9408042472264134,-38.047836000000004,-17.524939999999997,0.328387,1.3242002336,5.191376311397299,7.874377820758911,-0.328387,-0.38339598637358663,-21.966971901461733,9.437375275592567
1723528359.036388,145.29942655563354,1723528359.0715163,-0.03512835502624512,-32.66839648864132,-9.503050022106668,0.0,0.9261148374681847,-37.946557000000006,-17.297629999999998,0.32355599999999995,1.3231338488,5.278160511358685,7.79457997789333,-0.32355599999999995,-0.3970190113318153,-22.74751373576962,9.41908402662264
1723528359.1363869,145.3994255065918,1723528359.1999156,-0.06352877616882324,-32.467364446071606,-9.3472537814556,0.0,0.912508464904378,-37.835100000000004,-17.078436,0.323677,1.3221988982000001,5.367735553928398,7.731182218544401,-0.323677,-0.40969043329562216,-23.47353273472513,9.417458801267628
1723528359.1858635,145.44890213012695,1723528359.1999156,-0.014052152633666992,-32.28884944662975,-9.196809117225609,0.0,0.8973479398963766,-37.835100000000004,-17.078436,0.323677,1.3221988982000001,5.546250553370257,7.881626882774391,-0.323677,-0.4248509583036235,-24.342166832886143,9.642909536045687
1723528359.2363858,145.49942445755005,1723528359.1999156,0.03647017478942871,-32.13131674676775,-9.092698192728863,0.0,0.8795048890991382,-37.835100000000004,-17.078436,0.323677,1.3221988982000001,5.7037832532322525,7.985737807271137,-0.323677,-0.442694009100862,-25.364498337205447,9.818855255408408
1723528359.336385,145.59942364692688,1723528359.3536556,-0.017270565032958984,-31.99449175887195,-8.9945881779782,0.0,0.8672852326723417,-37.717723,-16.857709999999997,0.319229,1.3205617295,5.723231241128051,7.863121822021798,-0.319229,-0.4532764968276583,-25.97083022069987,9.730671496963636
1723528359.436384,145.69942259788513,1723528359.5002868,-0.0639028549194336,-31.87178103918935,-8.89825182803424,0.0,0.8660029149694672,-37.604219,-16.645823,0.32122199999999995,1.3189704637,5.73243796081065,7.74757117196576,-0.32122199999999995,-0.4529675487305327,-25.953128798645974,9.64307459332872
1723528359.536383,145.79942154884338,1723528359.5002868,0.03609609603881836,-31.720062149503477,-8.791726130430632,0.0,0.8528750064707563,-37.604219,-16.645823,0.32122199999999995,1.3189704637,5.884156850496524,7.854096869569368,-0.32122199999999995,-0.4660954572292436,-26.705302549456036,9.819028620546359
1723528359.6363819,145.89942049980164,1723528359.6055307,0.030851125717163086,-31.50030884072671,-8.623467803379768,0.0,0.8396389299159058,-37.488496000000005,-16.431658,0.316449,1.3175327346,5.988187159273295,7.808190196620231,-0.316449,-0.47789380468409426,-27.381298063847893,9.845118565598021
1723528359.7363808,145.9994194507599,1723528359.7363284,5.245208740234375e-05,-31.326291039888098,-8.505354345735677,0.0,0.8246111251940098,-37.378509,-16.214026,0.296473,1.3160550382,6.0522179601119035,7.708671654264323,-0.296473,-0.4914439130059902,-28.157662082637625,9.805144422683858
1723528359.8363798,146.09941840171814,1723528359.873713,-0.03733325004577637,-31.09590493049581,-8.346117266164875,0.0,0.8100175900720616,-37.266145,-15.983846000000002,0.2834,1.3145879507,6.170240069504192,7.637728733835127,-0.2834,-0.5045703606279384,-28.90975213137479,9.82278363229924
1723528359.9363787,146.1994173526764,1723528359.873713,0.06266570091247559,-30.898944306958843,-8.20967028361752,0.0,0.7956388468586059,-37.266145,-15.983846000000002,0.2834,1.3145879507,6.367200693041159,7.774175716382482,-0.2834,-0.5189491038413941,-29.73359343220818,10.052828870256118
1723528360.0363777,146.29941630363464,1723528360.005665,0.030712604522705078,-30.673631421970743,-8.069748429922019,0.0,0.7823283673357625,-37.157458000000005,-15.779115000000001,0.285362,1.3110788349,6.483826578029262,7.709366570077982,-0.285362,-0.5287504675642375,-30.29517020699974,10.077488351610167
1723528360.1363766,146.3994152545929,1723528360.1084228,0.0279538631439209,-30.50774029814127,-7.973409529525658,0.0,0.769775399992271,-37.045802,-15.557124,0.29312299999999997,1.3074542367,6.53806170185873,7.583714470474342,-0.29312299999999997,-0.537678836707729,-30.806728076856633,10.017230010343319
1723528360.1929343,146.45597290992737,1723528360.215567,-0.022632837295532227,-30.262087342425428,-7.829782402643464,0.0,0.7536492087076971,-36.918800000000005,-15.321554,0.293481,1.3026143056000001,6.656712657574577,7.491771597356537,-0.293481,-0.548965096892303,-31.453383151919265,10.026195498285116
1723528360.2363753,146.49941396713257,1723528360.215567,0.02080821990966797,-30.11333146455456,-7.75713437152572,0.0,0.7417220514117773,-36.918800000000005,-15.321554,0.293481,1.3026143056000001,6.805468535445446,7.564419628474281,-0.293481,-0.5608922541882229,-32.13675892656414,10.179438953102768
1723528360.3363743,146.59941291809082,1723528360.342819,-0.006444692611694336,-29.95517369819987,-7.675076486613876,0.0,0.7119116802407315,-36.799508,-15.113729000000001,0.28922499999999995,1.2975319824,6.8443343018001315,7.438652513386125,-0.28922499999999995,-0.5856203021592686,-33.553571710902105,10.11247320640844
1723528360.4363735,146.69941210746765,1723528360.4830914,-0.04671788215637207,-29.84393726560323,-7.598847398150463,0.0,0.7251369142731523,-36.679215,-14.900591,0.282097,1.2934119051,6.835277734396769,7.301743601849537,-0.282097,-0.5682749908268476,-32.55975857721394,10.005801319779435
1723528360.5663724,146.82941102981567,1723528360.6123393,-0.04596686363220215,-29.634812433943647,-7.4731205924550235,0.0,0.7124679129957924,-36.551049,-14.690891,0.275916,1.2854065978,6.916236566056352,7.217770407544977,-0.275916,-0.5729386848042076,-32.82696855905725,10.000333371080334
1723528360.6363714,146.89941000938416,1723528360.6123393,0.024032115936279297,-29.497902496430783,-7.40242158489971,0.0,0.7002508450586364,-36.551049,-14.690891,0.275916,1.2854065978,7.0531465035692165,7.28846941510029,-0.275916,-0.5851557527413636,-33.526954989880885,10.146171280572739
1723528360.7663703,147.02940893173218,1723528360.7364726,0.029897689819335938,-29.311654186884006,-7.3019584053773405,0.0,0.6867738413860557,-36.432021,-14.480394,0.262379,1.2784421611,7.120366813115993,7.17843559462266,-0.262379,-0.5916683197139444,-33.900097591206055,10.114267342675404
1723528360.8363693,147.09940791130066,1723528360.8633955,-0.02702617645263672,-29.058411222987107,-7.178224159542608,0.0,0.672841907280695,-36.308569000000006,-14.260801,0.259704,1.2706858582,7.250157777012898,7.082576840457393,-0.259704,-0.597843950919305,-34.25393519510251,10.138793254632429
1723528360.9663684,147.22940707206726,1723528360.9954581,-0.029089689254760742,-28.860159087879648,-7.088461177055159,0.0,0.6597546795221246,-36.184448,-14.047868000000001,0.260246,1.2630885641,7.324288912120355,6.9594068229448425,-0.260246,-0.6033338845778754,-34.56848522354541,10.10674425203173
1723528361.0663676,147.3294062614441,1723528361.112586,-0.0462183952331543,-28.57915548541144,-6.943346032513784,0.0,0.64655166411446,-36.058509,-13.836086,0.27392999999999995,1.2545675798,7.47935351458856,6.892739967486216,-0.27392999999999995,-0.60801591568554,-34.836745845563556,10.1747545867441
1723528361.166367,147.4294056892395,1723528361.2147636,-0.04839658737182617,-28.36179800933272,-6.823534282431388,0.0,0.633067518989844,-35.925110000000004,-13.619222,0.267958,1.2456943715,7.563311990667284,6.795687717568613,-0.267958,-0.6126268525101559,-35.1009330652155,10.171374602906354
1723528361.2663662,147.52940487861633,1723528361.2147636,0.05160260200500488,-28.19913596076701,-6.762379032300253,0.0,0.6187245342041604,-35.925110000000004,-13.619222,0.267958,1.2456943715,7.7259740392329945,6.856842967699747,-0.267958,-0.6269698372958395,-35.92272555905552,10.333381432443092
1723528361.3363655,147.5994040966034,1723528361.3495202,-0.013154745101928711,-27.950340953530432,-6.665343458398529,0.0,0.6058342003996686,-35.787909,-13.416805,0.262347,1.2351115746,7.837568046469567,6.751461541601471,-0.262347,-0.6292773742003314,-36.05493768475358,10.347875713361342
1723528361.4663644,147.72940301895142,1723528361.4551344,0.011229991912841797,-27.758883104395384,-6.587044694668743,0.0,0.5972704320720313,-35.660874,-13.215166,0.25684799999999997,1.2244993995,7.901990895604616,6.628121305331257,-0.25684799999999997,-0.6272289674279686,-35.937572621971185,10.316948339868159
1723528361.5663636,147.82940220832825,1723528361.6060393,-0.03967571258544922,-27.550971256074547,-6.497597600508427,0.0,0.5837970108524146,-35.531242,-13.02973,0.244148,1.2128319955,7.980270743925452,6.532132399491574,-0.244148,-0.6290349846475853,-36.04104978638318,10.315671722032649
1723528361.6663566,147.92939519882202,1723528361.6060393,0.060317277908325195,-27.349694093166747,-6.419825411757127,0.0,0.5710294048982204,-35.531242,-13.02973,0.244148,1.2128319955,8.181547906833252,6.609904588242873,-0.244148,-0.6418025906017796,-36.772579722044604,10.520844693435302
1723528361.7663558,148.02939438819885,1723528361.7343225,0.03203320503234863,-27.126507189016795,-6.3566540387284505,0.0,0.563202967401601,-35.402173000000005,-12.830108000000001,0.240172,1.2011464882,8.27566581098321,6.4734539612715505,-0.240172,-0.637943520798399,-36.55147130946452,10.50951632537686
1723528361.866355,148.12939357757568,1723528361.8228288,0.04352617263793945,-26.84497279686981,-6.2686059947552755,0.0,0.5510244620923809,-35.26977,-12.643349,0.241312,1.1891352591,8.42479720313019,6.374743005244725,-0.241312,-0.6381107970076192,-36.56105553026578,10.56753461210943
1723528361.9663541,148.22939276695251,1723528361.9452524,0.021101713180541992,-26.628236080354867,-6.21725765320731,0.0,0.5394827369852129,-35.122407,-12.43335,0.231169,1.1769268553,8.494170919645136,6.216092346792691,-0.231169,-0.6374441183147872,-36.52285765487521,10.528256398025304
1723528362.0663533,148.32939195632935,1723528362.1306982,-0.06434488296508789,-26.34328360100684,-6.146187726379215,0.0,0.5289506918126738,-34.970892,-12.236731,0.221576,1.1646806352,8.62760839899316,6.090543273620786,-0.221576,-0.6357299433873262,-36.42464266618455,10.563116963188504
1723528362.1663527,148.42939138412476,1723528362.1306982,0.035654544830322266,-26.109272056442048,-6.082049906920776,0.0,0.5193568879022354,-34.970892,-12.236731,0.221576,1.1646806352,8.861619943557951,6.154681093079224,-0.221576,-0.6453237472977648,-36.974327139728786,10.791547771536152
1723528362.266352,148.5293905735016,1723528362.2410388,0.025313138961791992,-25.99695967205669,-6.040327754107398,0.0,0.5148199433292717,-34.807553,-12.048849,0.221591,1.1510381578,8.810593327943309,6.008521245892602,-0.221591,-0.6362182144707282,-36.45261853852177,10.666676376642489
1723528362.3663511,148.62938976287842,1723528362.3728259,-0.006474733352661133,-25.731926639349492,-5.96640344416207,0.0,0.5075441377613044,-34.658635000000004,-11.86228,0.23084000000000002,1.1376770547000001,8.926708360650512,5.89587655583793,-0.23084000000000002,-0.6301329169386958,-36.10395667285493,10.700503241595092
1723528362.4663503,148.72938895225525,1723528362.5092585,-0.0429081916809082,-25.52882989631695,-5.915105585213655,0.0,0.5022312227925658,-34.505431,-11.673355,0.23379,1.1229008673,8.976601103683052,5.758249414786346,-0.23379,-0.6206696445074342,-35.56175110216114,10.667308070062994
1723528362.5663493,148.8293879032135,1723528362.5092585,0.05709075927734375,-25.274636085434437,-5.868596035929841,0.0,0.4957321919525959,-34.505431,-11.673355,0.23379,1.1229008673,9.230794914565564,5.80475896407016,-0.23379,-0.6271686753474042,-35.934118140216775,10.906762083671872
1723528362.6663485,148.92938709259033,1723528362.6311278,0.03522062301635742,-25.09164731253516,-5.821355361020439,0.0,0.4932939539100026,-34.349887,-11.480075000000001,0.23826,1.1083808188,9.258239687464844,5.658719638979562,-0.23826,-0.6150868648899974,-35.24188139213035,10.853242736192815
1723528362.766348,149.02938652038574,1723528362.7812855,-0.014937639236450195,-24.821644742779576,-5.75119024042671,0.0,0.48852812327729417,-34.193284000000006,-11.294512000000001,0.23919500000000002,1.0929375103,9.37163925722043,5.543321759573291,-0.23919500000000002,-0.6044093870227059,-34.6301069744902,10.890971157140157
1723528362.8663473,149.12938594818115,1723528362.8985288,-0.032181501388549805,-24.514389076411895,-5.654552075821667,0.0,0.48281522430990526,-34.027114000000005,-11.109258,0.229612,1.0766381612,9.51272492358811,5.4547059241783336,-0.229612,-0.5938229368900947,-34.02354806186587,10.968066094880383
1723528362.9663463,149.2293848991394,1723528363.0079057,-0.041559457778930664,-24.288993589971703,-5.60860253667176,0.0,0.47914176381091744,-33.858019,-10.932595000000001,0.222701,1.0598533243000001,9.569025410028296,5.323992463328241,-0.222701,-0.5807115604890827,-33.27232153048045,10.952658982308547
1723528363.0663455,149.32938408851624,1723528363.0079057,0.05843973159790039,-24.120672184564945,-5.553731721897338,0.0,0.4798696790133153,-33.858019,-10.932595000000001,0.222701,1.0598533243000001,9.737346815435053,5.378863278102663,-0.222701,-0.5799836452866849,-33.230615061539645,11.126440981013898
1723528363.1663446,149.42938327789307,1723528363.1260579,0.04028677940368652,-23.818790667946296,-5.4875571414869295,0.0,0.4759316883363751,-33.694114,-10.760639000000001,0.21635000000000001,1.0432879674,9.875323332053703,5.273081858513072,-0.21635000000000001,-0.5673562790636248,-32.50712027059225,11.197062584521172
1723528363.2663376,149.52937626838684,1723528363.2646608,0.001676797866821289,-23.649276898295277,-5.446793497770353,0.0,0.4768007134267646,-33.530851000000006,-10.59965,0.21365800000000001,1.0265275514,9.881574101704729,5.152856502229647,-0.21365800000000001,-0.5497268379732355,-31.497027700938432,11.146438292163824
1723528363.3663366,149.6293752193451,1723528363.4156365,-0.04929995536804199,-23.33236202382542,-5.376950563900426,0.0,0.4705547124316922,-33.356807,-10.442033,0.216497,1.0119931259000001,10.024444976174582,5.0650824360995745,-0.216497,-0.5414384134683079,-31.02213595799327,11.23349581011384
1723528363.4663355,149.72937417030334,1723528363.4156365,0.05069899559020996,-23.077046583983762,-5.304770373426282,0.0,0.46899742718949167,-33.356807,-10.442033,0.216497,1.0119931259000001,10.279760416016241,5.137262626573718,-0.216497,-0.5429956987105085,-31.11136182986937,11.49399027562206
1723528363.566335,149.82937359809875,1723528363.5364196,0.029915332794189453,-22.841813537129365,-5.242448695825435,0.0,0.46965056723768767,-33.178127,-10.281042000000001,0.21627100000000002,0.9956371256000001,10.336313462870638,5.038593304174566,-0.21627100000000002,-0.5259865583623125,-30.136809874772062,11.501024807947967
1723528363.6663342,149.9293727874756,1723528363.6533425,0.012991666793823242,-22.519302588213353,-5.164250148241377,0.0,0.4686355390026966,-33.005529,-10.114068000000001,0.209685,0.9803750765,10.48622641178665,4.949817851758624,-0.209685,-0.5117395374973034,-29.32051570857222,11.597655320109546
1723528363.766335,150.02937364578247,1723528363.7837663,-0.017431259155273438,-22.28781494726754,-5.101306591292064,0.0,0.4641922899609092,-32.824639000000005,-9.952253,0.207468,0.9643912394,10.536824052732463,4.850946408707936,-0.207468,-0.5001989494390908,-28.65928871973756,11.601697511546394
1723528363.8189242,150.0819628238678,1723528363.7837663,0.03515791893005371,-22.045867537880877,-5.047823469154322,0.0,0.46321857245485054,-32.824639000000005,-9.952253,0.207468,0.9643912394,10.778771462119128,4.904429530845679,-0.207468,-0.5011726669451495,-28.715078623272728,11.843917689119968
1723528363.8663342,150.1293728351593,1723528363.9266348,-0.060300588607788086,-21.87074919671643,-5.001999833704622,0.0,0.4626314942234328,-32.634283,-9.785554000000001,0.207822,0.9487527491000001,10.763533803283572,4.783554166295379,-0.207822,-0.4861212548765673,-27.852696236030695,11.780460109010768
1723528363.9663332,150.22937178611755,1723528363.9266348,0.03969836235046387,-21.65042273527204,-4.95081516448488,0.0,0.45284875876188435,-32.634283,-9.785554000000001,0.207822,0.9487527491000001,10.983860264727962,4.834738835515121,-0.207822,-0.4959039903381157,-28.413205690070384,12.002627875027699
1723528364.0663323,150.32937097549438,1723528364.066206,0.00012636184692382812,-21.598030614069305,-4.9370463486972325,0.0,0.4629800747454862,-32.45644,-9.624788,0.197467,0.9359262492,10.858409385930695,4.687741651302768,-0.197467,-0.4729461744545138,-27.09781973310159,11.828734902681505
1723528364.1663313,150.42936992645264,1723528364.1946867,-0.02835536003112793,-21.452692931276108,-4.8881566259502955,0.0,0.46252190094108947,-32.253439,-9.480161,0.18771200000000002,0.9207771225000001,10.800746068723893,4.592004374049705,-0.18771200000000002,-0.45825522155891063,-26.256090135158033,11.737881223086653
1723528364.2663305,150.52936911582947,1723528364.1946867,0.07164382934570312,-21.207210515217092,-4.825893035178372,0.0,0.46301962033280075,-32.253439,-9.480161,0.18771200000000002,0.9207771225000001,11.046228484782908,4.654267964821629,-0.18771200000000002,-0.45775750216719935,-26.227572914631157,11.98818626070425
1723528364.3663297,150.6293683052063,1723528364.3634546,0.002875089645385742,-20.8776947221078,-4.744928275172823,0.0,0.45995736174828133,-32.06478,-9.342489,0.204173,0.9065021492,11.187085277892198,4.5975607248271775,-0.204173,-0.4465447874517187,-25.585131684549886,12.09669906409326
1723528364.4663286,150.72936725616455,1723528364.4953592,-0.029030561447143555,-20.611680225849778,-4.669561041189132,0.0,0.45889113722035096,-31.889743,-9.204027,0.212969,0.8903231467000001,11.278062774150222,4.534465958810868,-0.212969,-0.43143200947964916,-24.719233290032022,12.15736144334981
1723528364.5663278,150.82936644554138,1723528364.6319523,-0.06562447547912598,-20.406936106612033,-4.617277691526664,0.0,0.4603236680219589,-31.701725999999997,-9.062722,0.19922800000000002,0.8754138140000001,11.294789893387964,4.445444308473337,-0.19922800000000002,-0.41509014597804117,-23.782913482011,12.13976711603237
1723528364.666327,150.9293656349182,1723528364.6319523,0.03437471389770508,-20.096850084884185,-4.54100380997245,0.0,0.4569214932790193,-31.701725999999997,-9.062722,0.19922800000000002,0.8754138140000001,11.604875915115812,4.521718190027551,-0.19922800000000002,-0.41849232072098075,-23.977843735947445,12.456274410562939
1723528364.7663262,151.02936482429504,1723528364.7251654,0.04116082191467285,-19.827982921130886,-4.470435397637812,0.0,0.45589125002165787,-31.503573,-8.911137,0.19808900000000002,0.8615016452,11.675590078869114,4.440701602362188,-0.19808900000000002,-0.4056103951783422,-23.239763770352482,12.493137062520766
1723528364.8663256,151.12936425209045,1723528364.8478498,0.018475770950317383,-19.526763307021856,-4.405723126437406,0.0,0.45388984958971346,-31.305926,-8.763913,0.18851300000000001,0.846841646,11.779162692978144,4.358189873562594,-0.18851300000000001,-0.39295179641028655,-22.51447948639339,12.560972489136368
1723528364.9963248,151.25936341285706,1723528364.9830167,0.013308048248291016,-19.352222688173963,-4.372703892471864,0.0,0.4547632795830481,-31.103869999999997,-8.631350000000001,0.184477,0.833068134,11.751647311826034,4.258646107528137,-0.184477,-0.37830485441695194,-21.675271527402387,12.500852489900103
1723528365.066324,151.32936263084412,1723528365.0891147,-0.02279067039489746,-19.045908948047238,-4.300139820729117,0.0,0.45295941051894534,-30.905680999999998,-8.488424,0.189065,0.8194309147000001,11.85977205195276,4.188284179270883,-0.189065,-0.36647150418105473,-20.997270501385337,12.57901677655434
1723528365.1663232,151.42936182022095,1723528365.1755688,-0.009245634078979492,-18.824875364565415,-4.24580770369168,0.0,0.4509624895538162,-30.698432999999998,-8.355274000000001,0.184091,0.8046513055000001,11.873557635434583,4.109466296308321,-0.184091,-0.3536888159461839,-20.264876414695706,12.565944996647165
1723528365.2963223,151.55936098098755,1723528365.2952225,0.0010998249053955078,-18.522095454725605,-4.161838675156411,0.0,0.4496257425300217,-30.494863,-8.218511000000001,0.166383,0.7917953969,11.972767545274394,4.05667232484359,-0.166383,-0.3421696543699783,-19.604877072849863,12.642445821399306
1723528365.3963218,151.65936040878296,1723528365.426586,-0.03026413917541504,-18.20042702950657,-4.071779996922408,0.0,0.44876889723331814,-30.285629999999998,-8.098682,0.193717,0.777899546,12.085202970493427,4.026902003077592,-0.193717,-0.32913064876668185,-18.857797082733544,12.739921383450625
1723528365.4963207,151.7593593597412,1723528365.426586,0.06973481178283691,-18.005109901651604,-4.024363322256586,0.0,0.4477646758398235,-30.285629999999998,-8.098682,0.193717,0.777899546,12.280520098348394,4.074318677743414,-0.193717,-0.3301348701601765,-18.915334730277532,12.94019987673439
1723528365.5963197,151.85935831069946,1723528365.5793443,0.01697540283203125,-17.672621266847326,-3.9412867961333116,0.0,0.444368690472408,-30.084318,-7.9739569999999995,0.187669,0.7642678803,12.411696733152674,4.032670203866688,-0.187669,-0.319899189827592,-18.32887344677538,13.051737984746245
1723528365.696312,151.9593505859375,1723528365.7316072,-0.03529524803161621,-17.479782004165386,-3.9075237210198615,0.0,0.44417677707201797,-29.88185,-7.851107,0.16298500000000002,0.7507451784,12.402067995834614,3.9435832789801384,-0.16298500000000002,-0.306568401327982,-17.56507552816619,13.014979975466037
1723528365.7963111,152.05934977531433,1723528365.7316072,0.06470394134521484,-17.105317128492807,-3.822362013982738,0.0,0.4427075325663603,-29.88185,-7.851107,0.16298500000000002,0.7507451784,12.776532871507193,4.028744986017262,-0.16298500000000002,-0.3080376458336397,-17.64925703741316,13.397654365197218
1723528365.8663104,152.1293489933014,1723528365.8696485,-0.0033380985260009766,-16.9578271469265,-3.7878929650284214,0.0,0.44133323432374816,-29.671896,-7.7367989999999995,0.162128,0.7375164179,12.714068853073499,3.948906034971578,-0.162128,-0.29618318357625184,-16.97004638166771,13.314191344655995
1723528366.0063097,152.26934838294983,1723528366.0022485,0.004061222076416016,-16.624795396486583,-3.7050096588630224,0.0,0.4399154380987751,-29.464205,-7.62639,0.172098,0.7243408104000001,12.839409603513417,3.9213803411369774,-0.172098,-0.284425372301225,-16.29637341929734,13.425992718166212
1723528366.0963087,152.35934734344482,1723528366.1146655,-0.018356800079345703,-16.308877570300325,-3.6487827989801747,0.0,0.43730991994464397,-29.270905,-7.519038,0.176033,0.7110095764000001,12.962027429699674,3.8702552010198255,-0.176033,-0.2736996564553561,-15.681835169072462,13.528636961142714
1723528366.1963077,152.45934629440308,1723528366.2397056,-0.04339790344238281,-16.115870842400764,-3.600168961431127,0.0,0.43659760816045434,-29.064633999999998,-7.410725,0.174646,0.6959077951,12.948763157599235,3.810556038568873,-0.174646,-0.25931018693954566,-14.857379296384368,13.498937212239673
1723528366.2963068,152.5593454837799,1723528366.2397056,0.05660128593444824,-15.736847807931504,-3.511191867005949,0.0,0.43445215450896724,-29.064633999999998,-7.410725,0.174646,0.6959077951,13.327786192068494,3.8995331329940512,-0.174646,-0.26145564059103277,-14.98030473575551,13.887647196776205
1723528366.396306,152.65934467315674,1723528366.3701596,0.026146411895751953,-15.401773483184613,-3.446434842145113,0.0,0.4320252608572694,-28.879489999999997,-7.300757,0.168845,0.6829266103,13.477716516815384,3.8543221578548867,-0.168845,-0.2509013494427306,-14.375588397205513,14.019028155981227
1723528366.396306,152.65934467315674,1723528366.3701596,0.026146411895751953,-15.401773483184613,-3.446434842145113,0.0,0.4320252608572694,-28.879489999999997,-7.300757,0.168845,0.6829266103,13.477716516815384,3.8543221578548867,-0.168845,-0.2509013494427306,-14.375588397205513,14.019028155981227
1723528366.4963052,152.75934386253357,1723528366.4773362,0.018969058990478516,-15.234649200376996,-3.40758273402308,0.0,0.4320573482015409,-28.641994999999998,-7.193513,0.161941,0.6689883008999999,13.407345799623002,3.78593026597692,-0.161941,-0.23693095269845904,-13.575143625635446,13.932566678720386
1723528366.5963044,152.8593430519104,1723528366.5898547,0.006449699401855469,-14.948179705472384,-3.335428590393576,0.0,0.4410475209696933,-28.437993,-7.0823,0.164819,0.6560669334,13.489813294527615,3.746871409606424,-0.164819,-0.2150194124303067,-12.319704845639365,14.001473971839573
1723528366.6962974,152.95933604240417,1723528366.7477033,-0.051405906677246094,-14.674018864324104,-3.258105427727864,0.0,0.4313618231384746,-28.236178,-6.984357,0.16228800000000002,0.6425538766000001,13.562159135675895,3.7262515722721363,-0.16228800000000002,-0.21119205346152548,-12.100413330046658,14.06568336755103
1723528366.7962928,153.05933141708374,1723528366.7477033,0.048589468002319336,-14.37307364605537,-3.192512889353012,0.0,0.4288968687494687,-28.236178,-6.984357,0.16228800000000002,0.6425538766000001,13.863104353944628,3.7918441106469882,-0.16228800000000002,-0.21365700785053138,-12.241644813228945,14.373241857102062
1723528366.8962917,153.159330368042,1723528366.8604348,0.03585696220397949,-14.142321188015398,-3.13841054173311,0.0,0.4262763977265713,-28.00705,-6.883984,0.172244,0.6266863648000001,13.864728811984602,3.74557345826689,-0.172244,-0.20040996707342879,-11.482645285663263,14.362788502121909
1723528366.9962907,153.25932931900024,1723528366.9735403,0.022750377655029297,-13.95928182297361,-3.0968563747832607,0.0,0.4269616356253767,-27.781108,-6.797141,0.18718,0.6159107249999999,13.82182617702639,3.700284625216739,-0.18718,-0.1889490893746232,-10.825985364006097,14.30978761295734
1723528367.0962896,153.3593282699585,1723528367.1081922,-0.011902570724487305,-13.62774123340174,-3.025284096850384,0.0,0.4250039037033013,-27.563824999999998,-6.714123,0.181535,0.6039782256,13.936083766598259,3.688838903149616,-0.181535,-0.1789743218966987,-10.25447328589667,14.417174416620567
1723528367.1962855,153.45932412147522,1723528367.2614634,-0.06517791748046875,-13.334798773963815,-2.9802992169726976,0.0,0.42149028576186703,-27.352301999999998,-6.638504999999999,0.180677,0.5914810736,14.017503226036183,3.658205783027302,-0.180677,-0.16999078783813298,-9.739754699228824,14.48811617917382
1723528367.296278,153.55931663513184,1723528367.2614634,0.03481459617614746,-13.029473492423532,-2.90448927792278,0.0,0.42069706699997106,-27.352301999999998,-6.638504999999999,0.180677,0.5914810736,14.322828507576466,3.734015722077219,-0.180677,-0.17078400660002896,-9.785202786516056,14.802666450626182
1723528367.3962772,153.65931582450867,1723528367.3860126,0.01026463508605957,-12.807551697609046,-2.8449347010972894,0.0,0.4215791674016822,-27.122024,-6.557989,0.195265,0.5797351361,14.314472302390953,3.7130542989027107,-0.195265,-0.15815596869831783,-9.061669511216767,14.789490117740458
1723528367.4962764,153.7593150138855,1723528367.5167787,-0.020502328872680664,-12.462556831753014,-2.7719925176190157,0.0,0.4185588946263503,-26.915003,-6.491341,0.19625800000000002,0.5700691478000001,14.452446168246984,3.7193484823809846,-0.19625800000000002,-0.15151025317364974,-8.680898059808717,14.924653114294841
1723528367.5962727,153.85931134223938,1723528367.6364481,-0.040175437927246094,-12.124181916232144,-2.696859092729208,0.0,0.4177818018328155,-26.699876,-6.4123399999999995,0.19042,0.5597397520999999,14.575694083767855,3.7154809072707913,-0.19042,-0.14195795026718444,-8.133591418637705,15.043002232675466
1723528367.6962655,153.95930409431458,1723528367.7389786,-0.042713165283203125,-11.888743555610844,-2.6539977200544107,0.0,0.41400760434959455,-26.453153,-6.348151,0.20111600000000002,0.5479248777,14.564409444389156,3.694153279945589,-0.20111600000000002,-0.13391727335040543,-7.672894566878004,15.02695040801695
1723528367.7962646,154.0593032836914,1723528367.7389786,0.05728602409362793,-11.71906493683551,-2.6122188944322113,0.0,0.41279151915485895,-26.453153,-6.348151,0.20111600000000002,0.5479248777,14.73408806316449,3.7359321055677883,-0.20111600000000002,-0.135133358545141,-7.742571116064697,15.201677124447635
1723528367.8962638,154.15930247306824,1723528367.8817575,0.014506340026855469,-11.405786824078538,-2.552051436433404,0.0,0.41042935884240217,-26.218348,-6.271838,0.199934,0.5383193466,14.812561175921461,3.7197865635665956,-0.199934,-0.12788998775759786,-7.327556540490124,15.273793054551392
1723528367.996263,154.25930166244507,1723528368.0081747,-0.011911630630493164,-11.089817903442597,-2.495343190740229,0.0,0.40880152132542813,-25.99457,-6.20496,0.206043,0.5301631843,14.904752096557402,3.7096168092597708,-0.206043,-0.12136166297457185,-6.953511083132075,15.360838051656685
1723528368.0962622,154.3593008518219,1723528368.1002982,-0.00403594970703125,-10.798336146619741,-2.4637093786274886,0.0,0.4080768688178478,-25.778675,-6.142689,0.210736,0.5221406207,14.980338853380259,3.678979621372511,-0.210736,-0.11406375188215218,-6.53537157827472,15.426919746931478
1723528368.1962588,154.45929741859436,1723528368.2216966,-0.02543783187866211,-10.594916233617882,-2.4252616105116727,0.0,0.40649256316323834,-25.555241,-6.074638,0.202631,0.515272441,14.960324766382117,3.6493763894883275,-0.202631,-0.10877987783676168,-6.232627895995128,15.400335206414892
1723528368.296251,154.5592896938324,1723528368.359859,-0.06360793113708496,-10.273493231950285,-2.349293908330773,0.0,0.4028557615495502,-25.339623,-6.016147,0.203887,0.5102368888000001,15.066129768049715,3.666853091669227,-0.203887,-0.10738112725044985,-6.15248539080801,15.507277249484092
1723528368.296251,154.5592896938324,1723528368.359859,-0.06360793113708496,-10.273493231950285,-2.349293908330773,0.0,0.4028557615495502,-25.339623,-6.016147,0.203887,0.5102368888000001,15.066129768049715,3.666853091669227,-0.203887,-0.10738112725044985,-6.15248539080801,15.507277249484092
1723528368.3962502,154.65928888320923,1723528368.359859,0.036391258239746094,-9.930392702185026,-2.2831484281164145,0.0,0.40265954832079226,-25.339623,-6.016147,0.203887,0.5102368888000001,15.409230297814974,3.7329985718835856,-0.203887,-0.10757734047920782,-6.163727580700477,15.856267739211292
1723528368.5062494,154.76928806304932,1723528368.4908328,0.015416622161865234,-9.453122344381324,-2.1725518705773097,0.0,0.44209679505319865,-25.104889,-5.966372,0.222324,0.504902713,15.651766655618676,3.79382012942269,-0.222324,-0.06280591794680135,-3.59851402679667,16.106529687593333
1723528368.5962486,154.8592872619629,1723528368.6018136,-0.00556492805480957,-9.267848183117382,-2.152672035405255,0.0,0.4103510772892967,-24.873058999999998,-5.905502,0.21898,0.5002047029,15.605210816882616,3.752829964594745,-0.21898,-0.08985362561070326,-5.148233521441901,16.05161330280886
1723528368.697244,154.9602825641632,1723528368.7089899,-0.011745929718017578,-8.942723472548872,-2.0967407379861047,0.0,0.3968488688478078,-24.633799999999997,-5.830035,0.211228,0.49604488459999996,15.691076527451125,3.733294262013895,-0.211228,-0.09919601575219218,-5.683513047113844,16.130467628221368
1723528368.7962365,155.05927515029907,1723528368.8018699,-0.005633354187011719,-8.72684320154949,-2.057421579645016,0.0,0.39431312465004487,-24.378207,-5.754754,0.21243800000000002,0.4916415949,15.65136379845051,3.697332420354984,-0.21243800000000002,-0.09732847024995511,-5.57651057178702,16.083550157906654
1723528368.8962357,155.1592743396759,1723528368.9191628,-0.022927045822143555,-8.533577086691894,-2.033736895945586,0.0,0.39184616889397716,-24.141823,-5.6957819999999995,0.225941,0.488028875,15.608245913308105,3.6620451040544135,-0.225941,-0.09618270610602281,-5.51086312202228,16.03368217752582
1723528368.996235,155.25927352905273,1723528369.0605946,-0.06435966491699219,-8.362114404623178,-1.998634869122915,0.0,0.38968628766577235,-23.907550999999998,-5.628242,0.232757,0.4857599091,15.54543659537682,3.629607130877085,-0.232757,-0.09607362143422765,-5.504613030718847,15.965237946439872
1723528369.1362238,155.3992624282837,1723528369.169814,-0.03359031677246094,-8.018463758943279,-1.9293453544258652,0.0,0.38766397306180433,-23.684407,-5.56856,0.245184,0.48484251379999993,15.665943241056722,3.6392146455741345,-0.245184,-0.09717854073819558,-5.567920243538742,16.084954959912945
1723528369.196224,155.4592626094818,1723528369.169814,0.02640986442565918,-7.784086474609619,-1.8851092116908117,0.0,0.3850950335592094,-23.684407,-5.56856,0.245184,0.48484251379999993,15.90032052539038,3.6834507883091883,-0.245184,-0.09974748024079055,-5.7151096348618715,16.323238579212834
1723528369.3362222,155.59926080703735,1723528369.3014002,0.03482198715209961,-7.53178887641472,-1.8352421135936554,0.0,0.3826311459200813,-23.448514999999997,-5.508427,0.258914,0.4840357374999999,15.916726123585278,3.6731848864063448,-0.258914,-0.10140459157991862,-5.810055120777181,16.337120130621003
1723528369.436215,155.69925355911255,1723528369.4082053,0.028009653091430664,-7.1529709836874416,-1.777315381451525,0.0,0.3812149015573532,-23.203272,-5.4361369999999996,0.235568,0.47946033779999997,16.050301016312556,3.6588216185484743,-0.235568,-0.09824543624264676,-5.629048853125275,16.463736836855283
1723528369.5362108,155.79924941062927,1723528369.5067825,0.02942824363708496,-6.896794339344111,-1.7398876063723965,0.0,0.37835622932236296,-22.951583999999997,-5.372419,0.216774,0.4761922607,16.054789660655885,3.6325313936276036,-0.216774,-0.09783603137763702,-5.605591682248095,16.46203348133727
1723528369.62621,155.88924860954285,1723528369.6347141,-0.008504152297973633,-6.534541538200734,-1.7080652650043961,0.0,0.37700112207317055,-22.703013,-5.311095,0.209908,0.47534983379999995,16.168471461799264,3.6030297349956038,-0.209908,-0.09834871172682941,-5.6349661024961115,16.566392306436054
1723528369.7362065,155.99924516677856,1723528369.7433138,-0.007107257843017578,-6.335926180041267,-1.675691786548789,0.0,0.37435181572005455,-22.450651999999998,-5.248557,0.201909,0.47399765410000005,16.114725819958732,3.5728652134512107,-0.201909,-0.0996458383799455,-5.709285985213594,16.50728691609301
1723528369.836199,156.09923768043518,1723528369.8660412,-0.029842138290405273,-5.991441123039098,-1.6186221792688555,0.0,0.37119120808909273,-22.21221,-5.182493,0.202434,0.47256463359999995,16.2207688769609,3.5638708207311445,-0.202434,-0.10137342551090722,-5.808269436558815,16.608898148612937
1723528369.9361985,156.1992371082306,1723528369.9482057,-0.01200723648071289,-5.7774992980176725,-1.588159250946752,0.0,0.3686659257124867,-21.959795999999997,-5.113919,0.192088,0.470469201,16.182296701982324,3.525759749053248,-0.192088,-0.10180327528751332,-5.832898014582986,16.56304942209544
1723528370.036198,156.299236536026,1723528370.0746348,-0.0384368896484375,-5.4468003349888665,-1.5505704599652421,0.0,0.3659986093223342,-21.715951999999998,-5.04981,0.189162,0.46850653020000005,16.26915166501113,3.4992395400347576,-0.189162,-0.10250792087766586,-5.8732712329512315,16.642288169597386
1723528370.1361976,156.39923620224,1723528370.1958015,-0.05960392951965332,-5.148359676913729,-1.5093585143138002,0.0,0.3628470110442667,-21.463379,-4.990863,0.172163,0.4710550044,16.315019323086272,3.4815044856862,-0.172163,-0.10820799335573328,-6.199861328863171,16.683236169733394
1723528370.23619,156.4992287158966,1723528370.1958015,0.04038858413696289,-4.95749387736004,-1.4798197292144444,0.0,0.3582195987391015,-21.463379,-4.990863,0.172163,0.4710550044,16.50588512263996,3.5110432707855557,-0.172163,-0.1128354056608985,-6.464992524016042,16.87605725961146
1723528370.3361862,156.5992248058319,1723528370.300749,0.03543710708618164,-4.593636161734219,-1.431425936464903,0.0,0.355843422085357,-21.214561999999997,-4.915086,0.167152,0.467992103,16.620925838265777,3.4836600635350967,-0.167152,-0.11214868091464296,-6.425646094368407,16.9829032544646
1723528370.436179,156.6992175579071,1723528370.4114847,0.024694204330444336,-4.389638478406351,-1.3969208136361797,0.0,0.3542577424120643,-20.961838,-4.843593,0.168169,0.46856867939999997,16.57219952159365,3.4466721863638208,-0.168169,-0.11431093698793565,-6.549534241594608,16.927658637753886
1723528370.526175,156.78921365737915,1723528370.5434883,-0.017313241958618164,-4.094096659048519,-1.3558237351737856,0.0,0.35008925153571196,-20.699071,-4.778148,0.173163,0.4678168687,16.60497434095148,3.422324264826214,-0.173163,-0.11772761716428803,-6.745295595645613,16.954865427417708
1723528370.6361675,156.89920616149902,1723528370.6685412,-0.032373666763305664,-3.8075964702913616,-1.2993549407652636,0.0,0.3459479431572605,-20.44173,-4.724113,0.172292,0.4659887523,16.634133529708638,3.4247580592347364,-0.172292,-0.12004080914273946,-6.877831733214396,16.98390563391514
1723528370.7361667,156.99920535087585,1723528370.7740068,-0.03784012794494629,-3.5531276469501036,-1.28649704210394,0.0,0.34444749184298207,-20.183293,-4.6434809999999995,0.17583200000000002,0.46451272439999997,16.630165353049897,3.35698395789606,-0.17583200000000002,-0.12006523255701791,-6.8792310917738515,16.96651578420203
1723528370.836166,157.09920454025269,1723528370.7740068,0.062159061431884766,-3.3454843289344565,-1.2651354904860643,0.0,0.3392227362424221,-20.183293,-4.6434809999999995,0.17583200000000002,0.46451272439999997,16.83780867106554,3.3783455095139354,-0.17583200000000002,-0.12528998815757786,-7.178587536673276,17.174281240194215
1723528370.9361653,157.1992039680481,1723528370.9007766,0.03538870811462402,-2.978089422664375,-1.2036968405786341,0.0,0.3355036263643778,-19.916317999999997,-4.578167,0.175102,0.4633933292,16.93822857733562,3.3744701594213655,-0.175102,-0.12788970283562218,-7.3275402156634275,17.271980109567586
1723528371.0361645,157.29920315742493,1723528371.0025976,0.033566951751708984,-2.6802046527626366,-1.1650672778745303,0.0,0.3303672033641267,-19.66623,-4.517271,0.167713,0.4622874439,16.986025347237362,3.35220372212547,-0.167713,-0.13192024053587326,-7.558473015056179,17.314457962696697
1723528371.1361637,157.39920234680176,1723528371.1148582,0.021305561065673828,-2.3863621719289303,-1.1259711472825509,0.0,0.32564882470218176,-19.405935,-4.455596,0.161361,0.4623378936,17.01957282807107,3.329624852717449,-0.161361,-0.13668906889781823,-7.831706753417912,17.34296105865921
1723528371.236163,157.4992015361786,1723528371.2329195,0.0032434463500976562,-2.085312765657584,-1.097412159208173,0.0,0.3207727004998908,-19.144962999999997,-4.39733,0.161897,0.46099438909999996,17.059650234342413,3.299917840791827,-0.161897,-0.14022168860010914,-8.034110952983943,17.376631851791196
1723528371.336162,157.59920072555542,1723528371.3402274,-0.004065275192260742,-1.8923253064474468,-1.0871971490194372,0.0,0.3140148164742045,-18.873124999999998,-4.331035,0.16462100000000002,0.46004636899999996,16.98079969355255,3.2438378509805625,-0.16462100000000002,-0.14603155252579547,-8.366991635471077,17.288642003050718
1723528371.4361546,157.69919323921204,1723528371.460128,-0.023973464965820312,-1.5490314678734223,-1.064227529726055,0.0,0.3089844380843312,-18.590577,-4.262094,0.16786800000000002,0.45784878609999996,17.041545532126577,3.1978664702739454,-0.16786800000000002,-0.14886434801566878,-8.529298861264513,17.33980402861202
1723528371.4361546,157.69919323921204,1723528371.460128,-0.023973464965820312,-1.5490314678734223,-1.064227529726055,0.0,0.3089844380843312,-18.590577,-4.262094,0.16786800000000002,0.45784878609999996,17.041545532126577,3.1978664702739454,-0.16786800000000002,-0.14886434801566878,-8.529298861264513,17.33980402861202
1723528371.5361507,157.79918932914734,1723528371.5633554,-0.02720475196838379,-1.2497994471848322,-1.0330883085167415,0.0,0.3032278924726888,-18.328222,-4.194317,0.15539,0.4564193041,17.07842255281517,3.1612286914832586,-0.15539,-0.1531914116273112,-8.777221343896258,17.36922651658567
1723528371.6361496,157.8991882801056,1723528371.6840892,-0.04793953895568848,-0.7181972463649364,-0.983377597794893,0.0,0.2888555972241065,-18.061004999999998,-4.12503,0.137523,0.4548742527,17.34280775363506,3.1416524022051067,-0.137523,-0.16601865547589353,-9.512168279205174,17.625602774695523
1723528371.6361496,157.8991882801056,1723528371.6840892,-0.04793953895568848,-0.7181972463649364,-0.983377597794893,0.0,0.2888555972241065,-18.061004999999998,-4.12503,0.137523,0.4548742527,17.34280775363506,3.1416524022051067,-0.137523,-0.16601865547589353,-9.512168279205174,17.625602774695523
1723528371.7361486,157.99918723106384,1723528371.6840892,0.05205941200256348,-0.6292270178817742,-0.9538521063246816,0.0,0.29093377056538205,-18.061004999999998,-4.12503,0.137523,0.4548742527,17.431777982118223,3.171177893675318,-0.137523,-0.16394048213461793,-9.39309771765348,17.718413174625027
1723528371.8361409,158.09917950630188,1723528371.8003588,0.0357820987701416,-0.28063589281371537,-0.9406708842899516,0.0,0.27830759643107417,-17.809119,-4.0564919999999995,0.136264,0.4543463755,17.528483107186283,3.115821115710048,-0.136264,-0.17603877906892587,-10.086279071285388,17.80378131582489
1723528371.93614,158.1991786956787,1723528371.9094446,0.02669548988342285,-0.14574377811560368,-0.9250131399831341,0.0,0.28114975701528966,-17.538961999999998,-3.988108,0.14752,0.452361022,17.393218221884393,3.063094860016866,-0.14752,-0.17121126498471037,-9.809682888719877,17.661493492509432
1723528372.0361328,158.2991714477539,1723528371.9949474,0.04118537902832031,0.14695502620634082,-0.9063997486139415,0.0,0.27656338030668876,-17.271487999999998,-3.936085,0.151235,0.45069253299999995,17.41844302620634,3.0296852513860584,-0.151235,-0.17412915269331117,-9.976865539515801,17.680611477120568
1723528372.136129,158.3991675376892,1723528372.105981,0.030147790908813477,0.3359639194728675,-0.8906785515943957,0.0,0.2713924621661726,-16.980200999999997,-3.872395,0.150035,0.44951367709999995,17.316164919472865,2.9817164484056042,-0.150035,-0.17812121493382738,-10.20559385745092,17.571645085144993
1723528372.2361217,158.4991602897644,1723528372.2147927,0.02132892608642578,0.5799271060628051,-0.8909395510839477,0.0,0.266912605602839,-16.696468,-3.805895,0.13922,0.4473014101999999,17.276395106062804,2.9149554489160523,-0.13922,-0.1803888045971609,-10.335517174827421,17.521135104163662
1723528372.336118,158.5991566181183,1723528372.3655014,-0.029383420944213867,0.9387091526269219,-0.8814774238330044,0.0,0.26415474632057784,-16.427515,-3.7221819999999997,0.138204,0.44638890659999997,17.36622415262692,2.840704576166995,-0.138204,-0.18223416027942213,-10.441248267121475,17.597569268338017
1723528372.436117,158.69915556907654,1723528372.4708376,-0.034720659255981445,1.2897884374504995,-0.868124734026211,0.0,0.2601328421274718,-16.163123,-3.661955,0.137817,0.4440217012,17.4529114374505,2.7938302659737886,-0.137817,-0.18388885907252822,-10.536055524331845,17.67564988123635
1723528372.5361128,158.79915142059326,1723528372.4708376,0.06527519226074219,1.5352222790064378,-0.8624106631122335,0.0,0.25581136526144865,-16.163123,-3.661955,0.137817,0.4440217012,17.698345279006436,2.7995443368877666,-0.137817,-0.18821033593855135,-10.783657910018393,17.918924845944826
1723528372.6361055,158.89914417266846,1723528372.6057,0.030405521392822266,1.8042416672003312,-0.8597515828639618,0.0,0.24981232873915007,-15.89211,-3.617708,0.13839400000000002,0.44210002719999997,17.696351667200332,2.7579564171360382,-0.13839400000000002,-0.19228769846084987,-11.017273574090913,17.910509172753347
1723528372.6912434,158.95428204536438,1723528372.69622,-0.004976511001586914,2.1724803517887317,-0.8687229866377741,0.0,0.2510109874500475,-15.64242,-3.564097,0.134863,0.4407728307,17.81490035178873,2.6953740133622257,-0.134863,-0.1897618432499525,-10.872552730845367,18.01815483463386
1723528372.736102,158.99914073944092,1723528372.69622,0.03988218307495117,2.35130556156428,-0.8519733456448217,0.0,0.24909109884904182,-15.64242,-3.564097,0.134863,0.4407728307,17.99372556156428,2.712123654355178,-0.134863,-0.1916817318509582,-10.98255424481827,18.197471316921305
1723528372.8360946,159.09913325309753,1723528372.801273,0.034821510314941406,2.515752450715785,-0.8468144621270577,0.0,0.23723451615657254,-15.381771,-3.501741,0.134637,0.4404101668,17.897523450715784,2.6549265378729423,-0.134637,-0.20317565064342746,-11.641107281692863,18.093869340530578
1723528372.936091,159.19912958145142,1723528372.9067035,0.029387474060058594,2.7347867011539972,-0.8241487587160401,0.0,0.24464937945875853,-15.097173,-3.439024,0.127605,0.43910645579999996,17.831959701154,2.6148752412839595,-0.127605,-0.19445707634124143,-11.141569770806386,18.02311411346788
1723528373.0360832,159.29912185668945,1723528373.0263486,0.009734630584716797,3.0666123620516847,-0.8352463670278496,0.0,0.24135815083232215,-14.809455,-3.378919,0.11173000000000001,0.43634873789999995,17.876067362051685,2.54367263297215,-0.11173000000000001,-0.1949905870676778,-11.172137683756148,18.056481894024678
1723528373.136078,159.39911651611328,1723528373.1462371,-0.01015925407409668,3.259491986354761,-0.8241233473744408,0.0,0.23641603363059804,-14.539558,-3.303759,0.104379,0.4358029636,17.79904998635476,2.479635652625559,-0.104379,-0.19938692996940194,-11.42402957731724,17.97124559851565
1723528373.2660773,159.52911591529846,1723528373.248988,0.017089366912841797,3.5894693934915445,-0.8284062380317385,0.0,0.2345769218876903,-14.280716,-3.228211,0.077183,0.43527094619999995,17.870185393491546,2.3998047619682614,-0.077183,-0.20069402431230965,-11.498920566591277,18.030766653384795
1723528373.3660736,159.62911224365234,1723528373.34342,0.022653579711914062,3.8133794470624176,-0.8175633223345025,0.0,0.23425704186607985,-14.017798,-3.174892,0.077978,0.4332989482,17.83117744706242,2.3573286776654974,-0.077978,-0.19904190633392013,-11.404261179171872,17.986494050026973
1723528373.4360664,159.69910502433777,1723528373.4583468,-0.022280454635620117,4.125951775320842,-0.8133093843759103,0.0,0.2313347122184917,-13.760597,-3.1068219999999998,0.07878900000000001,0.4326057215,17.886548775320843,2.2935126156240893,-0.07878900000000001,-0.2012710092815083,-11.531979370168845,18.03316486134587
1723528373.5660627,159.82910132408142,1723528373.545247,0.020815610885620117,4.441616368251288,-0.8082866147611781,0.0,0.22739189611592447,-13.486983,-3.056788,0.089808,0.42988736889999996,17.928599368251287,2.248501385238822,-0.089808,-0.20249547278407548,-11.602135961033751,18.06926947232636
1723528373.6660552,159.92909383773804,1723528373.6560295,0.010025739669799805,4.681124570805663,-0.8112437642636111,0.0,0.22369606609681814,-13.202232,-2.998135,0.09663200000000001,0.42772111519999995,17.883356570805663,2.1868912357363888,-0.09663200000000001,-0.2040250491031818,-11.6897742285617,18.016833052979724
1723528373.7660544,160.02909302711487,1723528373.7623596,0.003694772720336914,4.868958173880446,-0.7987146681975065,0.0,0.22091840595698864,-12.92172,-2.9433749999999996,0.105286,0.42783332789999995,17.790678173880448,2.144660331802493,-0.105286,-0.2069149219430113,-11.855351745613415,17.919790260133887
1723528373.8660471,160.12908577919006,1723528373.8630927,0.0029544830322265625,5.222424744029749,-0.8038494933035574,0.0,0.21731879688879063,-12.658426,-2.900978,0.096209,0.42705536619999995,17.88085074402975,2.0971285066964427,-0.096209,-0.20973656931120932,-12.017020231085358,18.00366705634019
1723528373.9660435,160.22908210754395,1723528373.9902377,-0.02419424057006836,5.5221804230299005,-0.8052960065766965,0.0,0.2171683228546888,-12.378207,-2.835007,0.07574600000000001,0.4228044495,17.9003874230299,2.0297109934233033,-0.07574600000000001,-0.20563612664531122,-11.782082172194025,18.015252817207603
1723528374.0660362,160.32907485961914,1723528374.114043,-0.04800677299499512,5.719125942240764,-0.8031585164056858,0.0,0.21496572048373344,-12.113337,-2.765106,0.059357,0.4224741294999999,17.832462942240763,1.961947483594314,-0.059357,-0.20750840901626647,-11.889356050106507,17.940164318317187
1723528374.1660323,160.42907094955444,1723528374.2152758,-0.04924345016479492,6.103424431943178,-0.7923145929754886,0.0,0.2117790303101583,-11.824014,-2.700909,0.06215,0.41989649209999996,17.927438431943177,1.9085944070245113,-0.06215,-0.20811746178984167,-11.924252203533104,18.0288558695259
1723528374.266025,160.52906370162964,1723528374.2152758,0.05074930191040039,6.308962486170711,-0.7884351420926805,0.0,0.20648152098241512,-11.824014,-2.700909,0.06215,0.41989649209999996,18.132976486170712,1.9124738579073193,-0.06215,-0.21341497111758484,-12.227777129943973,18.233657206597332
1723528374.3660214,160.62906002998352,1723528374.333992,0.03202939033508301,6.612441014283102,-0.7901539873246616,0.0,0.20416364406141918,-11.545224000000001,-2.625674,0.06011,0.4185455663,18.157665014283104,1.8355200126753384,-0.06011,-0.21438192223858082,-12.283179348172487,18.250302619407503
1723528374.4660141,160.72905278205872,1723528374.4442203,0.021793842315673828,6.84041594242746,-0.7984851442098864,0.0,0.2025888310357904,-11.274683,-2.5715429999999997,0.06535300000000001,0.4163083708,18.11509894242746,1.7730578557901133,-0.06535300000000001,-0.2137195397642096,-12.245227627967584,18.201780541159277
1723528374.5660107,160.82904934883118,1723528374.5363848,0.029625892639160156,7.142194331889588,-0.8172301857400965,0.0,0.2004238120261883,-10.981253,-2.515919,0.060065,0.4141680234,18.123447331889587,1.6986888142599033,-0.060065,-0.2137442113738117,-12.246641207071578,18.20298037914925
1723528374.6660035,160.92904210090637,1723528374.6522954,0.013708114624023438,7.384079140526349,-0.8148537473294474,0.0,0.19716375442013856,-10.687837,-2.4788319999999997,0.052014,0.41344589150000005,18.071916140526348,1.6639782526705522,-0.052014,-0.2162821370798615,-12.39205363874599,18.14843470031984
1723528374.7659998,161.02903842926025,1723528374.7499654,0.016034364700317383,7.6666865594490154,-0.8211580977579518,0.0,0.1936461981796875,-10.399487,-2.4279889999999997,0.070466,0.410963961,18.066173559449016,1.606830902242048,-0.070466,-0.21731776282031245,-12.451390622828942,18.13762658358835
1723528374.8659992,161.12903785705566,1723528374.8833418,-0.017342567443847656,7.92007978254118,-0.826826441853599,0.0,0.19003848332253304,-10.156492,-2.368848,0.080707,0.4079469275,18.07657178254118,1.5420215581464007,-0.080707,-0.21790844417746696,-12.485234171630955,18.142403135059073
1723528374.9659934,161.22903203964233,1723528375.0087602,-0.04276680946350098,8.162366679486771,-0.8439535120117878,0.0,0.18883897873449126,-9.900118,-2.314753,0.05099,0.4065647245,18.062484679486772,1.4707994879882123,-0.05099,-0.2177257457655087,-12.474766323702005,18.122339912678516
1723528375.0659864,161.3290250301361,1723528375.0087602,0.05722618103027344,8.333588734732201,-0.8492311146573922,0.0,0.18575888573785804,-9.900118,-2.314753,0.05099,0.4065647245,18.233706734732202,1.465521885342608,-0.05099,-0.22080583876214196,-12.651242652916892,18.292578157950743
1723528375.1659827,161.42902135849,1723528375.1541524,0.011830329895019531,8.705516650581062,-0.8608839854230603,0.0,0.1826561355344718,-9.620696,-2.252935,0.05202,0.40713170249999997,18.326212650581063,1.3920510145769396,-0.05202,-0.22447556696552817,-12.861502590931048,18.379080015656445
1723528375.2659822,161.5290207862854,1723528375.2833767,-0.017394542694091797,8.938435363872305,-0.8697013104927522,0.0,0.17986030334575664,-9.339225,-2.214345,0.055341999999999995,0.4042608665,18.277660363872307,1.3446436895072476,-0.055341999999999995,-0.22440056315424334,-12.857205189097032,18.3271382863164
1723528375.3659787,161.62901735305786,1723528375.399677,-0.033698320388793945,9.17764461058855,-0.874518121265646,0.0,0.17944551505173711,-9.062776000000001,-2.166026,0.048612999999999996,0.40117226479999996,18.24042061058855,1.291507878734354,-0.048612999999999996,-0.22172674974826284,-12.70400696572885,18.286150493632757
1723528375.4659717,161.72901034355164,1723528375.5106626,-0.044690847396850586,9.429113327583218,-0.8801483425025254,0.0,0.17651888955224804,-8.79058,-2.111515,0.047134999999999996,0.3989477714,18.21969332758322,1.2313666574974744,-0.047134999999999996,-0.22242888184775195,-12.744236171690234,18.26131732664985
1723528375.5659683,161.8290069103241,1723528375.5106626,0.05530571937561035,9.631034332395197,-0.8833952731400515,0.0,0.1725407670819914,-8.79058,-2.111515,0.047134999999999996,0.3989477714,18.421614332395198,1.2281197268599482,-0.047134999999999996,-0.2264070043180086,-12.972165799622097,18.462566841672793
1723528375.6659615,161.92900013923645,1723528375.6350327,0.030928850173950195,9.908336173377771,-0.8905992032631231,0.0,0.17189891905316745,-8.507606000000001,-2.060934,0.034099,0.3978954462,18.415942173377772,1.170334796736877,-0.034099,-0.22599652714683255,-12.948647190127241,18.453123649167047
1723528375.7659578,162.02899646759033,1723528375.7424622,0.02349567413330078,10.10938697451787,-0.9039082543543203,0.0,0.16896455436977975,-8.214006000000001,-2.01063,0.036077,0.394808259,18.323392974517873,1.1067217456456797,-0.036077,-0.22584370463022024,-12.939891104910789,18.356820658023135
1723528375.8659508,162.1289894580841,1723528375.872554,-0.006603240966796875,10.454205369527793,-0.9332886898822623,0.0,0.16786119519055198,-7.916466000000001,-1.9703330000000001,0.036065,0.393332158,18.370671369527795,1.0370443101177378,-0.036065,-0.225470962809448,-12.918534571732517,18.399954569306978
1723528375.9659472,162.228985786438,1723528375.9608064,0.005140781402587891,10.707679067865062,-0.9419972199776554,0.0,0.1654067436436626,-7.6361110000000005,-1.914031,0.044169,0.3910140405,18.34379006786506,0.9720337800223446,-0.044169,-0.2256072968563374,-12.926345937223218,18.369579054076617
1723528376.0659394,162.32897806167603,1723528376.0564308,0.009508609771728516,10.883275272485657,-0.9449236100393144,0.0,0.16096673399901287,-7.364793000000001,-1.868096,0.032685,0.3892540348,18.248068272485657,0.9231723899606856,-0.032685,-0.2282873008009871,-13.079898852330059,18.27143429641221
1723528376.1559358,162.41897439956665,1723528376.1448045,0.01113128662109375,11.20320391794767,-0.9640653013605375,0.0,0.15983107539642338,-7.092512,-1.827807,0.027853,0.38539186249999996,18.29571591794767,0.8637416986394625,-0.027853,-0.22556078710357658,-12.923681124683826,18.31611439311901
1723528376.2659285,162.5289671421051,1723528376.2760837,-0.010155200958251953,11.410179360975539,-0.9766286293807104,0.0,0.15861239154226991,-6.840192,-1.768327,0.019712999999999998,0.3832128174999999,18.25037136097554,0.7916983706192896,-0.019712999999999998,-0.22460042595773,-12.86865648421847,18.267545804675745
1723528376.3659234,162.6289620399475,1723528376.3788888,-0.01296544075012207,11.726698625619603,-0.9895271926098964,0.0,0.15781251464944512,-6.57685,-1.7213640000000001,0.007274,0.38120423789999996,18.303548625619605,0.7318368073901037,-0.007274,-0.22339172325055484,-12.799402920411296,18.318174863073786
1723528376.495916,162.7589545249939,1723528376.5107572,-0.014841318130493164,11.992228027040428,-0.9859196161255535,0.0,0.15748085823367308,-6.297014000000001,-1.689669,0.004277,0.3785269717,18.28924202704043,0.7037493838744466,-0.004277,-0.2210461134663269,-12.665009379390444,18.302777259522518
1723528376.6285698,162.8916084766388,1723528376.614352,0.014217853546142578,12.432580937162152,-1.0454067311853077,0.0,0.15593094839597296,-6.015494,-1.64405,0.0014849999999999998,0.3776675949999999,18.448074937162154,0.5986432688146923,-0.0014849999999999998,-0.22173664660402695,-12.704574013794582,18.457785480811953
1723528376.665905,162.9289436340332,1723528376.7165413,-0.05063629150390625,12.42898461647714,-1.0436143220292708,0.0,0.15593096193453304,-5.742375,-1.6050330000000002,0.010708,0.37429526389999995,18.17135961647714,0.5614186779707293,-0.010708,-0.2183643019654669,-12.51135289894152,18.18003344068912
1723528376.7959015,163.05894017219543,1723528376.8024113,-0.0065097808837890625,12.64213663778951,-1.0693055048719171,0.0,0.1553302892560251,-5.4766900000000005,-1.562469,-0.002879,0.3712946733,18.11882663778951,0.493163495128083,0.002879,-0.2159643840439749,-12.37384773086222,18.12553715760829
1723528376.8658943,163.12893295288086,1723528376.9147155,-0.048821210861206055,12.987467696429682,-1.1024621672716646,0.0,0.15777610254265184,-5.212187,-1.520886,0.0037849999999999997,0.36877309049999996,18.199654696429683,0.4184238327283354,-0.0037849999999999997,-0.21099698795734811,-12.089236899928704,18.204464394738316
1723528376.965891,163.22892951965332,1723528376.9147155,0.05117535591125488,13.206956276975673,-1.1104611120327674,0.0,0.15899869900496766,-5.212187,-1.520886,0.0037849999999999997,0.36877309049999996,18.419143276975674,0.41042488796723253,-0.0037849999999999997,-0.2097743914950323,-12.019187282590382,18.423715748258985
1723528377.0958836,163.3589222431183,1723528377.1408553,-0.04497170448303223,13.507172544314086,-1.1038471676687143,0.0,0.16144663563375158,-4.635749000000001,-1.441847,0.006201,0.3635984397,18.142921544314085,0.33799983233128583,-0.006201,-0.20215180406624841,-11.582445193951587,18.146070773095566
1723528377.2068784,163.4699170589447,1723528377.2531316,-0.046253204345703125,13.761086357904215,-1.1052456915661188,0.0,0.16618868356181513,-4.373353000000001,-1.3936190000000002,-0.007678,0.3598581959,18.134439357904217,0.2883733084338813,0.007678,-0.1936695123381849,-11.096445677334819,18.13673369000622
1723528377.2958717,163.55891036987305,1723528377.2531316,0.0427401065826416,13.933327266352215,-1.1154180408805283,0.0,0.16950673686107812,-4.373353000000001,-1.3936190000000002,-0.007678,0.3598581959,18.306680266352217,0.27820095911947185,0.007678,-0.1903514590389219,-10.90633522708759,18.308795621225027
1723528377.3958678,163.65890645980835,1723528377.341833,0.05403470993041992,14.205957168529965,-1.1435036247757338,0.0,0.1736109179188916,-4.093738,-1.361119,-0.0015049999999999998,0.3567264624,18.299695168529965,0.21761537522426622,0.0015049999999999998,-0.1831155444811084,-10.491747862007605,18.300989098343234
1723528377.4958606,163.75889921188354,1723528377.4656875,0.030173063278198242,14.381237042111781,-1.141478942077536,0.0,0.17610656088460933,-3.808445,-1.332757,0.0032159999999999997,0.35325877349999996,18.18968204211178,0.191278057922464,-0.0032159999999999997,-0.17715221261539063,-10.150074114266102,18.190688014234713
1723528377.5958567,163.85889530181885,1723528377.59106,0.004796743392944336,14.66009294946228,-1.1460940597652927,0.0,0.1825978754571329,-3.531626,-1.280616,0.013839,0.34930208599999996,18.19171894946228,0.13452194023470732,-0.013839,-0.16670421054286705,-9.551447691166564,18.192221579745297
1723528377.70585,163.96888852119446,1723528377.7135885,-0.007738590240478516,14.945463105170248,-1.1262746998521491,0.0,0.18663328612448638,-3.246823,-1.240138,0.0051340000000000005,0.34545012129999997,18.192286105170247,0.11386330014785084,-0.0051340000000000005,-0.1588168351755136,-9.099534371181763,18.19264315434805
1723528377.7958465,164.05888509750366,1723528377.8235579,-0.02771139144897461,15.181208861393152,-1.1223552365848564,0.0,0.1911856383228918,-2.948071,-1.202307,-0.001703,0.34065004629999995,18.12927986139315,0.07995176341514365,0.001703,-0.14946440797710817,-8.563679764509772,18.12945623777496
1723528377.8958397,164.15887832641602,1723528377.9519796,-0.05613994598388672,15.401222577226273,-1.1442574192423969,0.0,0.19734591163695514,-2.656951,-1.163937,-0.0011810000000000002,0.3351329844,18.058173577226274,0.01967958075760312,0.0011810000000000002,-0.13778707276304486,-7.894617740784449,18.058184339127035
1723528377.9958348,164.258873462677,1723528377.9519796,0.04385519027709961,15.58213574869928,-1.1566704735421243,0.0,0.20237938546870593,-2.656951,-1.163937,-0.0011810000000000002,0.3351329844,18.23908674869928,0.007266526457875733,0.0011810000000000002,-0.13275359893129407,-7.606220933935586,18.23908823444158
1723528378.0958273,164.35886597633362,1723528378.0695374,0.026289939880371094,15.85521611009728,-1.1554149793034711,0.0,0.2078460985588557,-2.3538069999999998,-1.1245340000000001,-0.006196999999999999,0.3297574901,18.209023110097277,-0.030880979303471,0.006196999999999999,-0.1219113915411443,-6.9850082098744535,18.209050350354588
1723528378.195824,164.45886254310608,1723528378.1728632,0.022960662841796875,16.12414562008395,-1.154735596079311,0.0,0.21725134328389162,-2.062637,-1.09952,-0.015754,0.32459264919999997,18.18678262008395,-0.055215596079311036,0.015754,-0.10734130591610835,-6.1502037964156635,18.186873261249556
1723528378.295817,164.55885553359985,1723528378.2741117,0.021705150604248047,16.29170605793033,-1.1389807494924091,0.0,0.22557104437597308,-1.7896699999999999,-1.06812,-0.015042,0.31865930449999996,18.08137605793033,-0.07086074949240917,0.015042,-0.09308826012402688,-5.333564427322697,18.081521165429606
1723528378.3958132,164.65885186195374,1723528378.3800626,0.015750646591186523,16.575810086099274,-1.1103542530276893,0.0,0.2362840701134994,-1.529593,-1.04179,-0.011967,0.3126395029,18.105403086099273,-0.06856425302768931,0.011967,-0.07635543278650059,-4.374844041561315,18.105536865169597
1723528378.495806,164.75884461402893,1723528378.4836783,0.01212763786315918,16.867975786112858,-1.0991532630972898,0.0,0.2458690527845624,-1.255339,-1.0212860000000001,-0.017006,0.30685190399999995,18.123314786112857,-0.07786726309728964,0.017006,-0.06098285121543756,-3.4940599973188147,18.12349004334527
1723528378.5958025,164.8588411808014,1723528378.566034,0.02976846694946289,17.033972286038132,-1.0977299915153407,0.0,0.25577161126365594,-0.9775119999999999,-0.985675,-0.013345,0.30072753869999996,18.011484286038133,-0.11205499151534071,0.013345,-0.044955927436344016,-2.575784906198895,18.011837790640552
1723528378.6957955,164.95883417129517,1723528378.6960309,-0.0002353191375732422,17.34686802786763,-1.0730390855694503,0.0,0.26709057524781965,-0.693594,-0.951996,-0.01865,0.2953302585,18.04046202786763,-0.12104308556945031,0.01865,-0.028239683252180348,-1.6180146651362088,18.0408777344673
1723528378.7957907,165.05882930755615,1723528378.831957,-0.03616642951965332,17.54006693918475,-1.063969041939624,0.0,0.2745252453754356,-0.409804,-0.9388249999999999,-0.018637,0.2892909407,17.949870939184752,-0.12514404193962403,0.018637,-0.014765695324564398,-0.8460120236735923,17.95031685242328
1723528378.895784,165.1588225364685,1723528378.9326568,-0.03687286376953125,17.73363023191456,-1.052060885802916,0.0,0.2848247152991466,-0.12673600000000002,-0.917573,-0.027628,0.2842978013,17.86036623191456,-0.13448788580291593,0.027628,0.0005269139991466165,0.030189948317460986,17.860893937200505
1723528378.9957802,165.2588188648224,1723528379.0293527,-0.03357243537902832,17.955022308394632,-1.0277672950052135,0.0,0.29406186364945386,0.153765,-0.9114949999999999,-0.026420000000000003,0.2799710954,17.801257308394632,-0.11627229500521352,0.026420000000000003,0.014090768249453878,0.8073415507906504,17.80165663702845
1723528379.095773,165.35881161689758,1723528379.1128829,-0.01710987091064453,18.21832507302969,-1.0122998556090386,0.0,0.3044688194119485,0.435389,-0.899845,-0.031349,0.27475859799999997,17.78293607302969,-0.11245485560903856,0.031349,0.029710221411948512,1.7022702953038593,17.7833192692425
1723528379.1957695,165.45880818367004,1723528379.235698,-0.039928436279296875,18.45958339407244,-0.9839819591938482,0.0,0.31493082231289016,0.719786,-0.881751,-0.027214000000000002,0.27214451679999996,17.73979739407244,-0.10223095919384828,0.027214000000000002,0.0427863055128902,2.4514747268459356,17.740112833732287
1723528379.2957625,165.55880117416382,1723528379.353274,-0.05751156806945801,18.648308813853717,-0.9386484545404615,0.0,0.32640949873858194,0.988612,-0.869089,-0.022532,0.267415111,17.659696813853717,-0.06955945454046153,0.022532,0.05899438773858196,3.3801294323790794,17.65984818071704
1723528379.3957574,165.65879607200623,1723528379.353274,0.04248332977294922,18.8929009069742,-0.9125885701558742,0.0,0.33864665258161875,0.988612,-0.869089,-0.022532,0.267415111,17.9042889069742,-0.043499570155874245,0.022532,0.07123154158161876,4.081266700837384,17.90435592720462
1723528379.4957504,165.7587890625,1723528379.4549692,0.040781259536743164,19.080683853433257,-0.868881934769051,0.0,0.3518302871432848,1.266315,-0.859089,-0.037071,0.2647768902,17.81436885343326,-0.009792934769050965,0.037071,0.08705339694328477,4.987792237127279,17.81441011672251
1723528379.5957475,165.85878610610962,1723528379.6320426,-0.036295175552368164,19.333579523017676,-0.8337473586264029,0.0,0.3620704271165284,1.834903,-0.8471209999999999,-0.060614,0.25653973999999996,17.498676523017675,0.013373641373596978,0.060614,0.10553068711652845,6.0464629808926915,17.498786614176698
1723528379.6957405,165.9587790966034,1723528379.6320426,0.06369781494140625,19.492791746280144,-0.8090233229154885,0.0,0.37301584532180243,1.834903,-0.8471209999999999,-0.060614,0.25653973999999996,17.657888746280143,0.038097677084511394,0.060614,0.11647610532180247,6.673589249060549,17.658033878832665
1723528379.7957358,166.05877447128296,1723528379.7790818,0.016654014587402344,19.77302967375049,-0.7583847617739815,0.0,0.38398642462866667,2.0923760000000002,-0.8487279999999999,-0.06415,0.2557530366,17.680653673750488,0.09034323822601842,0.06415,0.12823338802866668,7.347231926706017,17.681000861215402
1723528379.8957293,166.1587679386139,1723528379.8923006,0.0034286975860595703,19.976109974966818,-0.7257057574096362,0.0,0.39626977916970807,2.361066,-0.8355969999999999,-0.062029,0.2519253964,17.615043974966817,0.10989124259036376,0.062029,0.14434438276970807,8.270323929125153,17.615495960149797
1723528380.0067244,166.2697629928589,1723528379.994554,0.01217031478881836,20.15312501788474,-0.6915280348539673,0.0,0.4099390563066904,2.641054,-0.8165349999999999,-0.06286499999999999,0.249065035,17.51207101788474,0.1250069651460326,0.06286499999999999,0.16087402130669043,9.217402454171042,17.512630016219685
1723528380.0957177,166.35875630378723,1723528380.0751145,0.020603179931640625,20.451682675098873,-0.6295648779107681,0.0,0.4208931869973891,2.929538,-0.8010619999999999,-0.058980000000000005,0.245300613,17.522144675098872,0.17149712208923185,0.058980000000000005,0.1755925739973891,10.060713403888998,17.52308317387042
1723528380.1957173,166.45875597000122,1723528380.1582813,0.03743600845336914,20.649533956645765,-0.5684724326912911,0.0,0.43402796441539326,3.216633,-0.7977439999999999,-0.07112299999999999,0.24196277580000003,17.432900956645767,0.2292715673087088,0.07112299999999999,0.19206518861539323,11.00452469904614,17.434553613354318
1723528380.2957103,166.558748960495,1723528380.2635927,0.032117605209350586,20.843952624530235,-0.4977696041501733,0.0,0.44806299980862185,3.496195,-0.8039369999999999,-0.08520399999999999,0.2391435904,17.347757624530235,0.3061673958498266,0.08520399999999999,0.20891940940862186,11.970200417479775,17.35066836739566
1723528380.3596005,166.62263917922974,1723528380.4054825,-0.04588198661804199,21.07705079015474,-0.4355702079352775,0.0,0.4588355898006897,3.752911,-0.798518,-0.096357,0.2371099046,17.32413979015474,0.36294779206472244,0.096357,0.22172568520068975,12.70394597164582,17.328209233502356
1723528380.3957067,166.65874528884888,1723528380.4054825,-0.009775876998901367,21.2115792744928,-0.3991723546730204,0.0,0.4704961292267225,3.752911,-0.798518,-0.096357,0.2371099046,17.458668274492798,0.3993456453269795,0.096357,0.2333862246267225,13.372045667603397,17.463500781191378
1723528380.5056999,166.7687385082245,1723528380.5155292,-0.009829282760620117,21.38554686270454,-0.346396559521136,0.0,0.49596283268391606,4.023085,-0.797329,-0.091098,0.235417504,17.362461862704542,0.45093244047886394,0.091098,0.26054532868391606,14.928147705437217,17.368555519828064
1723528380.5956962,166.8587348461151,1723528380.6018038,-0.0061075687408447266,21.58268886741884,-0.3092081818863608,0.0,0.49283832016649326,4.2948509999999995,-0.784516,-0.08233499999999999,0.2331601869,17.287837867418844,0.4753078181136392,0.08233499999999999,0.25967813326649325,14.878461068005805,17.294566623779442
1723528380.7356842,166.99872279167175,1723528380.7045083,0.031175851821899414,21.80198362468241,-0.23548390495869242,0.0,0.5051646991682831,4.574624999999999,-0.7929229999999999,-0.088541,0.2301959387,17.22735862468241,0.5574390950413075,0.088541,0.27496876046828306,15.754549472776294,17.236602421497714
1723528380.7956843,167.05872297286987,1723528380.8072202,-0.011535882949829102,21.958821148181162,-0.18560614157271285,0.0,0.5170877292931837,4.856209,-0.7941429999999999,-0.111021,0.2260443504,17.102612148181162,0.6085368584272871,0.111021,0.29104337889318366,16.67555726580633,17.113795168273445
1723528380.9356725,167.1987111568451,1723528380.9117477,0.023924827575683594,22.115053314010567,-0.10964043955742754,0.0,0.5300158323215918,5.119930999999999,-0.779771,-0.122274,0.22376334690000002,16.995122314010565,0.6701305604425725,0.122274,0.3062524854215918,17.54697488004898,17.00876857292423
1723528380.9956725,167.25871109962463,1723528381.055886,-0.060213565826416016,22.364112193222436,-0.015668138175010157,0.0,0.5455292779864225,5.408409,-0.7711579999999999,-0.11761999999999999,0.22164687930000002,16.955703193222437,0.7554898618249898,0.11761999999999999,0.32388239868642243,18.557094503305482,16.97293345807889
1723528381.0356653,167.2987039089203,1723528381.055886,-0.02022075653076172,22.364238907631094,-0.015619432035174319,0.0,0.5455292779899334,5.408409,-0.7711579999999999,-0.11761999999999999,0.22164687930000002,16.955829907631095,0.7555385679648255,0.11761999999999999,0.3238823986899334,18.557094503506647,16.973062211887385
1723528381.1356616,167.39870023727417,1723528381.1678607,-0.03219914436340332,22.672174314366817,0.08587646737368912,0.0,0.5703277404796441,5.676247999999999,-0.7664639999999999,-0.116862,0.2189870223,16.99592631436682,0.8523404673736891,0.116862,0.3513407181796441,20.130340322788882,17.01768645506061
1723528381.2356546,167.49869322776794,1723528381.2621436,-0.0264890193939209,22.780796758655615,0.12991891814627501,0.0,0.5816602567838934,5.9434119999999995,-0.77487,-0.125035,0.2155956265,16.837384758655617,0.9047889181462749,0.125035,0.36606463028389347,20.973958344283957,16.862141093248916
1723528381.3356514,167.59869003295898,1723528381.3623955,-0.02674412727355957,22.922793666838626,0.20493377977778668,0.0,0.5888251372503664,6.2125129999999995,-0.777689,-0.12017599999999999,0.2132590218,16.710280666838628,0.9826227797777867,0.12017599999999999,0.37556611545036644,21.518353343429016,16.739577944584955
1723528381.4356446,167.69868326187134,1723528381.4666555,-0.031010866165161133,23.216361636273348,0.34124989853342924,0.0,0.6064061764109576,6.478683999999999,-0.774223,-0.124776,0.21023220989999997,16.737677636273347,1.1154728985334292,0.124776,0.39617396651095765,22.69909623403509,16.77527053413278
1723528381.5356398,167.79867839813232,1723528381.562892,-0.027252197265625,23.337974675156136,0.3914367022870539,0.0,0.618979270447201,6.738626,-0.772752,-0.12478299999999999,0.2078184409,16.599348675156136,1.1641887022870538,0.12478299999999999,0.411160829547201,23.557780234152453,16.64059141289845
1723528381.635633,167.89867162704468,1723528381.664603,-0.028970003128051758,23.56501484897788,0.49458741654246924,0.0,0.6375566134471535,7.017732,-0.7702899999999999,-0.12784099999999998,0.2046826577,16.547282848977883,1.2648774165424692,0.12784099999999998,0.43287395574715354,24.801850725444663,16.596048562360792
1723528381.7356281,167.99866676330566,1723528381.7655253,-0.029897212982177734,23.765134441080892,0.589521437938332,0.0,0.6524411793146068,7.305498,-0.778103,-0.141409,0.20295329,16.459636441080892,1.367624437938332,0.141409,0.44948788931460676,25.75375899997046,16.516961732748708
1723528381.8356216,168.0986602306366,1723528381.8743265,-0.038704872131347656,23.95381542795631,0.6874978374839706,0.0,0.668251061135336,7.594685999999999,-0.7829699999999999,-0.128128,0.1998672663,16.35912942795631,1.4704678374839706,0.128128,0.46838379483533604,26.836414636386202,16.425583949622155
1723528381.9356167,168.19865536689758,1723528381.9809895,-0.045372724533081055,24.160648090093567,0.8029098780905493,0.0,0.6841170383977704,7.84404,-0.7923349999999999,-0.12094099999999999,0.1957560116,16.316608090093567,1.5952448780905493,0.12094099999999999,0.4883610267977704,27.98102571418754,16.394850792619675
1723528382.0356097,168.29864835739136,1723528381.9809895,0.05462026596069336,24.32731593006592,0.9167382767158396,0.0,0.7030374658496701,7.84404,-0.7923349999999999,-0.12094099999999999,0.1957560116,16.483275930065922,1.7090732767158396,0.12094099999999999,0.5072814542496701,29.065086353764855,16.572083260029675
1723528382.0356097,168.29864835739136,1723528381.9809895,0.05462026596069336,24.32731593006592,0.9167382767158396,0.0,0.7030374658496701,7.84404,-0.7923349999999999,-0.12094099999999999,0.1957560116,16.483275930065922,1.7090732767158396,0.12094099999999999,0.5072814542496701,29.065086353764855,16.572083260029675
1723528382.1356049,168.39864349365234,1723528382.1098208,0.025784015655517578,24.699926535542073,1.143664710479707,0.0,0.7328782270858635,8.102946,-0.804944,-0.11755099999999999,0.19376787410000004,16.596980535542073,1.9486087104797072,0.11755099999999999,0.5391103529858634,30.888747917898012,16.71139303114258
1723528382.2355978,168.49863648414612,1723528382.214335,0.02126288414001465,24.811635089380808,1.21838620631218,0.0,0.71116059622207,8.352057,-0.8105749999999999,-0.139522,0.1917137088,16.459578089380805,2.02896120631218,0.139522,0.5194468874220699,29.762114330491812,16.58474783786683
1723528382.335595,168.59863352775574,1723528382.3078954,0.02769947052001953,24.926730325834804,1.2915125120122208,0.0,0.7477718969501064,8.598511,-0.815278,-0.134524,0.18852438400000002,16.3282193258348,2.106790512012221,0.134524,0.5592475129501063,32.04252219522894,16.464124918156017
1723528382.4355881,168.6986267566681,1723528382.4238832,0.01170492172241211,25.109897630658498,1.4061012039797123,0.0,0.7668569976530124,8.854098,-0.813334,-0.13636399999999999,0.1857600498,16.255799630658498,2.219435203979712,0.13636399999999999,0.5810969478530124,33.294402599911294,16.407178593447362
1723528382.5355837,168.79862236976624,1723528382.5267806,0.008803129196166992,25.302847435587925,1.5423413508325698,0.0,0.7846990576419235,9.116762,-0.81775,-0.14096899999999998,0.1828035864,16.186085435587927,2.36009135083257,0.14096899999999998,0.6018954712419236,34.48607021020003,16.3578502613084
1723528382.635577,168.8986155986786,1723528382.5783036,0.05727338790893555,25.452072698190296,1.644399738370123,0.0,0.7994577710144455,9.385625,-0.827375,-0.12947799999999998,0.1803920146,16.066447698190295,2.471774738370123,0.12947799999999998,0.6190657564144455,35.469855083621596,16.25598894402961
1723528382.635577,168.8986155986786,1723528382.5783036,0.05727338790893555,25.452072698190296,1.644399738370123,0.0,0.7994577710144455,9.385625,-0.827375,-0.12947799999999998,0.1803920146,16.066447698190295,2.471774738370123,0.12947799999999998,0.6190657564144455,35.469855083621596,16.25598894402961
1723528382.7355726,168.99861121177673,1723528382.7610471,-0.02547454833984375,25.801926820783123,1.897151175676371,0.0,0.8324035443559619,9.651651,-0.8504339999999999,-0.12260099999999999,0.17797981200000002,16.150275820783122,2.747585175676371,0.12260099999999999,0.6544237323559619,37.49571787719559,16.382785611432798
1723528382.835566,169.09860467910767,1723528382.866162,-0.030596017837524414,25.89990064063042,1.9745421794449152,0.0,0.839896388399496,9.910123,-0.8680049999999999,-0.1286,0.17658969030000005,15.98977764063042,2.842547179444915,0.1286,0.6633066980994959,38.00467432385938,16.24098523563687
1723528382.9355612,169.19859981536865,1723528382.962583,-0.02702188491821289,26.01963480071627,2.0781822077059413,0.0,0.8498682458544594,10.179808,-0.879861,-0.114135,0.1739534935,15.839826800716269,2.9580432077059413,0.114135,0.6759147523544595,38.72706262054076,16.114067130726795
1723528383.0355542,169.29859280586243,1723528383.0921373,-0.05658316612243652,26.181180643489835,2.2050479814370187,0.0,0.8650973628586085,10.435186999999999,-0.8867529999999999,-0.12178499999999999,0.17182649390000002,15.745993643489836,3.091800981437019,0.12178499999999999,0.6932708689586085,39.72149485069542,16.04712998376539
1723528383.1355507,169.3985893726349,1723528383.0921373,0.043413400650024414,26.372526794015943,2.3347826557670768,0.0,0.8818558742173384,10.435186999999999,-0.8867529999999999,-0.12178499999999999,0.17182649390000002,15.937339794015944,3.2215356557670765,0.12178499999999999,0.7100293803173383,40.68168682247269,16.260132941569935
1723528383.2355442,169.49858283996582,1723528383.2018492,0.03369498252868652,26.5384958582407,2.4749623221949624,0.0,0.8984041208946324,10.674726,-0.898955,-0.129472,0.1692113831,15.863769858240701,3.3739173221949623,0.129472,0.7291927377946323,41.7796663272221,16.21910217031194
1723528383.335539,169.59857773780823,1723528383.2756643,0.059874773025512695,26.74426127687175,2.6687440467961268,0.0,0.9154671882249062,10.922085,-0.91394,-0.122211,0.1668422543,15.822176276871751,3.5826840467961265,0.122211,0.7486249339249063,42.89304915215725,16.223187807705724
1723528383.4355323,169.69857096672058,1723528383.406318,0.02921438217163086,26.871806570626767,2.7607454510433223,0.0,0.9305831303565286,11.175682,-0.9225589999999999,-0.121324,0.164647922,15.696124570626766,3.6833044510433224,0.121324,0.7659352083565286,43.88485481930243,16.122958094862273
1723528383.5355275,169.79856610298157,1723528383.5210235,0.014503955841064453,27.03821548651222,2.9321079106674404,0.0,0.9485825696041,11.431559,-0.940639,-0.12038399999999999,0.163156557,15.606656486512222,3.8727469106674404,0.12038399999999999,0.7854260126040999,45.00159564200393,16.08043493284725
1723528383.6355207,169.89855933189392,1723528383.631188,0.004332780838012695,27.19092719256104,3.12740889329476,0.0,0.9664048435237697,11.677496999999999,-0.943325,-0.11318299999999999,0.16274304820000002,15.513430192561042,4.07073389329476,0.11318299999999999,0.8036617953237697,46.0464290279586,16.03902120333321
1723528383.7355158,169.9985544681549,1723528383.7305837,0.0049321651458740234,27.385923776881743,3.301783217900481,0.0,0.9814079371691795,11.941614999999999,-0.964364,-0.11032199999999999,0.1614713443,15.444308776881744,4.266147217900481,0.11032199999999999,0.8199365928691795,46.97890623974046,16.023072633678925
1723528383.8355088,170.09854745864868,1723528383.853336,-0.017827272415161133,27.52810727550431,3.429414971437523,0.0,0.9969637701321998,12.200243,-0.987629,-0.107666,0.161077632,15.32786427550431,4.417043971437523,0.107666,0.8358861381321998,47.8927478684644,15.951968300540528
1723528383.9355037,170.1985423564911,1723528384.0025475,-0.06704378128051758,27.64329197343606,3.540768911517635,0.0,1.0111742948135785,12.445713999999999,-1.0125300000000002,-0.104891,0.1605068583,15.197577973436061,4.553298911517635,0.104891,0.8506674365135783,48.73965388144094,15.865368238971877
1723528384.0254972,170.28853583335876,1723528384.0025475,0.022949695587158203,27.779465205508682,3.6962593617465487,0.0,1.0256183757979533,12.445713999999999,-1.0125300000000002,-0.104891,0.1605068583,15.333751205508683,4.708789361746549,0.104891,0.8651115174979533,49.567238760790794,16.040811245308557
1723528384.1354926,170.3985311985016,1723528384.111952,0.023540496826171875,27.971288470198164,3.9536543020812895,0.0,1.044927682609929,12.697428,-1.030153,-0.095982,0.1608029873,15.273860470198164,4.983807302081289,0.095982,0.8841246953099289,50.656613604548774,16.066684830159733
1723528384.2354856,170.49852418899536,1723528384.21531,0.020175457000732422,28.141146239510842,4.1381047876199135,0.0,1.05972540044211,12.953543999999999,-1.0379720000000001,-0.103946,0.1621600064,15.187602239510843,5.176076787619913,0.103946,0.89756539404211,51.42670891560959,16.045742035438824
1723528384.3354826,170.59852123260498,1723528384.3207238,0.014758825302124023,28.24072076110123,4.233657461316659,0.0,1.0703440431444327,13.209704,-1.056286,-0.106442,0.1639013065,15.03101676110123,5.289943461316659,0.106442,0.9064427366444326,51.93534318001436,15.935065001304418
1723528384.425476,170.68851470947266,1723528384.4218955,0.0035805702209472656,28.40435771322832,4.405684790126292,0.0,1.0870761566189344,13.45499,-1.066799,-0.097287,0.1653150336,14.949367713228318,5.472483790126292,0.097287,0.9217611230189344,52.813022068224015,15.919834754760407
1723528384.5354717,170.79851031303406,1723528384.5460212,-0.010549545288085938,28.495489697214857,4.52923064523774,0.0,1.0969793477102314,13.705491,-1.068936,-0.093931,0.16832587940000002,14.789998697214857,5.59816664523774,0.093931,0.9286534683102314,53.2079243643622,15.814308530069551
1723528384.5949743,170.8580129146576,1723528384.5460212,0.04895305633544922,28.64325940519992,4.748328595266633,0.0,1.1136078444351964,13.705491,-1.068936,-0.093931,0.16832587940000002,14.93776840519992,5.817264595266633,0.093931,0.9452819650351965,54.16066704634981,16.030792723115493
1723528384.6354651,170.898503780365,1723528384.651353,-0.015887737274169922,28.643275745151552,4.74835077935702,0.0,1.1136078444364494,13.939732,-1.0735210000000002,-0.103352,0.1729039842,14.703543745151553,5.8218717793570205,0.103352,0.9407038602364495,53.898360963213015,15.814520900639483
1723528384.7354605,170.99849915504456,1723528384.7720718,-0.036611318588256836,28.86273098585727,5.0621176030899715,0.0,1.1293691770205836,14.179929,-1.0818,-0.096091,0.17555500400000001,14.68280198585727,6.143917603089972,0.096091,0.9538141730205836,54.64952655384031,15.916709180912177
1723528384.835454,171.0984926223755,1723528384.8845482,-0.049094200134277344,28.968247753860506,5.211291188294493,0.0,1.1492883835162457,14.414757,-1.0958240000000001,-0.092802,0.1802976503,14.553490753860507,6.307115188294493,0.092802,0.9689907332162457,55.51907940057799,15.861664708734779
1723528384.9354494,171.19848799705505,1723528384.8845482,0.050901174545288086,29.06832359072243,5.340659100186632,0.0,1.1612292136625302,14.414757,-1.0958240000000001,-0.092802,0.1802976503,14.653566590722429,6.436483100186632,0.092802,0.9809315633625302,56.20323857184267,16.005122328146346
1723528385.065443,171.32848167419434,1723528385.0122795,0.05316352844238281,29.210254180430614,5.542163860852483,0.0,1.1778916268975659,14.6548,-1.100621,-0.087849,0.1845267464,14.555454180430614,6.642784860852483,0.087849,0.9933648804975659,56.9156151690279,15.99986107917775
1723528385.1654384,171.4284770488739,1723528385.1338289,0.031609535217285156,29.30468423235123,5.693704878793099,0.0,1.1888198823909626,14.887743,-1.094324,-0.09380699999999999,0.189198119,14.416941232351231,6.788028878793099,0.09380699999999999,0.9996217633909625,57.274108151727134,15.935317075905555
1723528385.2654316,171.52847027778625,1723528385.223644,0.04178762435913086,29.38432003490503,5.81502619248209,0.0,1.1987548921072966,15.126916,-1.104366,-0.083117,0.1943770675,14.257404034905031,6.91939219248209,0.083117,1.0043778246072965,57.54661038652893,15.847979889045714
1723528385.365427,171.62846565246582,1723528385.3244517,0.040975332260131836,29.535544299724826,6.063074770920585,0.0,1.2111729826246602,15.372951,-1.097066,-0.08380699999999999,0.1997636512,14.162593299724826,7.160140770920585,0.08380699999999999,1.0114093314246602,57.94948605078133,15.869898816503486
1723528385.4654202,171.72845888137817,1723528385.4489224,0.01649785041809082,29.60994380702917,6.207063340699803,0.0,1.2176419842649011,15.604856,-1.1011650000000002,-0.091261,0.20682252610000001,14.005087807029168,7.308228340699803,0.091261,1.010819458164901,57.91568880254951,15.797500262146725
1723528385.5554156,171.81845426559448,1723528385.5865538,-0.031138181686401367,29.702994915336753,6.37918854319843,0.0,1.2239521610082384,15.852668,-1.105018,-0.073962,0.2129087233,13.850326915336753,7.484206543198431,0.073962,1.0110434377082385,57.92852188508001,15.743264388950593
1723528385.5554156,171.81845426559448,1723528385.5865538,-0.031138181686401367,29.702994915336753,6.37918854319843,0.0,1.2239521610082384,15.852668,-1.105018,-0.073962,0.2129087233,13.850326915336753,7.484206543198431,0.073962,1.0110434377082385,57.92852188508001,15.743264388950593
1723528385.6654088,171.9284474849701,1723528385.6959875,-0.03057861328125,29.938438607788168,6.813753303315625,0.0,1.2342161970018228,16.093787000000003,-1.098306,-0.085919,0.22094332120000001,13.844651607788165,7.912059303315625,0.085919,1.0132728758018228,58.05625927852809,15.94623600210331
1723528385.7654042,172.02844285964966,1723528385.7937365,-0.028332233428955078,30.014506035995314,6.951226664004357,0.0,1.2322169122026227,16.338869000000003,-1.087496,-0.098076,0.2298946688,13.675637035995312,8.038722664004357,0.098076,1.0023222434026227,57.4288342590547,15.863597615636875
1723528385.7654042,172.02844285964966,1723528385.7937365,-0.028332233428955078,30.014506035995314,6.951226664004357,0.0,1.2322169122026227,16.338869000000003,-1.087496,-0.098076,0.2298946688,13.675637035995312,8.038722664004357,0.098076,1.0023222434026227,57.4288342590547,15.863597615636875
1723528385.8653975,172.128436088562,1723528385.8837266,-0.018329143524169922,30.181893047741767,7.235673322182647,0.0,1.23426156238555,16.576339,-1.070527,-0.094328,0.2393715971,13.605554047741766,8.306200322182647,0.094328,0.99488996528555,57.002996090779,15.940921005695795
1723528385.965393,172.22843170166016,1723528385.9904633,-0.0250701904296875,30.28753289657127,7.399646696340081,0.0,1.2361987242418397,16.806056,-1.050329,-0.09534799999999999,0.24819884150000002,13.48147689657127,8.449975696340081,0.09534799999999999,0.9879998827418397,56.60822344052764,15.911046471638091
1723528386.0653868,172.32842540740967,1723528386.0606947,0.00469207763671875,30.336617906333267,7.464686995392593,0.0,1.2324891165090301,17.283879000000002,-1.017111,-0.08594299999999999,0.26894267829999996,13.052738906333264,8.481797995392593,0.08594299999999999,0.9635464382090302,55.20714427424039,15.566704095305496
1723528386.1653821,172.42842078208923,1723528386.0606947,0.10468745231628418,30.434174595257883,7.590681403488381,0.0,1.231992843823713,17.283879000000002,-1.017111,-0.08594299999999999,0.26894267829999996,13.15029559525788,8.607792403488382,0.08594299999999999,0.9630501655237131,55.1787099438841,15.717243731120927
1723528386.2653754,172.5284140110016,1723528386.3058817,-0.04050636291503906,30.535556611493668,7.733886071941929,0.0,1.2296958579439108,17.531944000000003,-0.9918739999999999,-0.082786,0.2789507198999999,13.003612611493665,8.725760071941929,0.082786,0.9507451380439109,54.47368380249894,15.66013037317024
1723528386.3653712,172.6284098625183,1723528386.3058817,0.05948948860168457,30.658281785930985,7.9099872357662155,0.0,1.2296547675281564,17.531944000000003,-0.9918739999999999,-0.082786,0.2789507198999999,13.126337785930982,8.901861235766216,0.082786,0.9507040476281565,54.47132949509777,15.860350899428193
1723528386.4653647,172.72840332984924,1723528386.4257162,0.03964853286743164,30.73275750127768,8.04014831485222,0.0,1.2281698015204956,17.763732,-0.976691,-0.076137,0.28808913669999997,12.969025501277677,9.01683931485222,0.076137,0.9400806648204956,53.86265449606696,15.795721272718898
1723528386.56536,172.8283987045288,1723528386.5103323,0.05502772331237793,30.85161061852668,8.296357456205197,0.0,1.22762304157799,17.991932000000002,-0.9581069999999999,-0.080595,0.29886076619999996,12.85967861852668,9.254464456205197,0.080595,0.92876227537799,53.214158550125966,15.843703547371197
1723528386.6653538,172.92839241027832,1723528386.646309,0.019044876098632812,30.960274159251984,8.508513942142535,0.0,1.2271612270720826,18.219351,-0.9450419999999999,-0.066758,0.308119315,12.740923159251984,9.453555942142536,0.066758,0.9190419120720826,52.65722275736364,15.865222958778299
1723528386.7553492,173.01838779449463,1723528386.7341373,0.021211862564086914,31.063679767912795,8.665332678633728,0.0,1.2289700960298875,18.433324000000002,-0.9100459999999999,-0.070019,0.3188019015,12.630355767912793,9.575378678633728,0.070019,0.9101681945298875,52.14879619360465,15.849879063375921
1723528386.8653424,173.12838101387024,1723528386.8499613,0.015381097793579102,31.158829085048215,8.779626609370906,0.0,1.2261404950294121,18.664577,-0.8740939999999999,-0.068391,0.33089068099999996,12.494252085048213,9.653720609370906,0.068391,0.8952498140294122,51.29403595375715,15.78940575504364
1723528386.9653385,173.22837710380554,1723528386.9526248,0.01271367073059082,31.338216342337333,9.015375553862368,0.0,1.2268807573538059,18.884955,-0.846444,-0.071573,0.34224546679999995,12.453261342337331,9.861819553862368,0.071573,0.884635290553806,50.685868557062385,15.885349403391308
1723528387.0653317,173.3283703327179,1723528387.0703635,-0.0050318241119384766,31.441727520498144,9.164751935360156,0.0,1.2265015625522138,19.106399,-0.8140139999999999,-0.07536699999999999,0.3542255503999999,12.335328520498145,9.978765935360157,0.07536699999999999,0.8722760121522138,49.97773406682396,15.866372600125342
1723528387.165327,173.42836570739746,1723528387.1764147,-0.011087656021118164,31.555142508569514,9.374066431536683,0.0,1.2283874130487948,19.319534,-0.7840729999999999,-0.06547599999999999,0.3644030033,12.235608508569513,10.158139431536682,0.06547599999999999,0.8639844097487949,49.502660243707524,15.902899087653642
1723528387.2653208,173.52835941314697,1723528387.2934372,-0.028116464614868164,31.63833375450685,9.507509922461885,0.0,1.2246712380314566,19.544320000000003,-0.732497,-0.060493,0.3765274131,12.094013754506847,10.240006922461886,0.060493,0.8481438249314566,48.59506158865503,15.846973523967192
1723528387.3653166,173.6283552646637,1723528387.4267097,-0.061393022537231445,31.775771466510516,9.72078160471764,0.0,1.2260789943305967,19.751273,-0.6810769999999999,-0.06438899999999999,0.3876808556,12.024498466510515,10.40185860471764,0.06438899999999999,0.8383981387305968,48.03667490088688,15.89941419508823
1723528387.4653099,173.72834849357605,1723528387.4267097,0.03860020637512207,31.843387108905425,9.833884451188627,0.0,1.2252962137998615,19.751273,-0.6810769999999999,-0.06438899999999999,0.3876808556,12.092114108905424,10.514961451188627,0.06438899999999999,0.8376153581998615,47.99182488019074,16.024599336210983
1723528387.565305,173.82834362983704,1723528387.545056,0.020248889923095703,31.99141588111177,10.083237215902226,0.0,1.2267037415697795,19.96618,-0.642021,-0.062432,0.4003161802,12.025235881111769,10.725258215902226,0.062432,0.8263875613697795,47.348519508596674,16.113390690626854
1723528387.6652987,173.92833733558655,1723528387.6358268,0.029471874237060547,32.11765699391871,10.290368606752871,0.0,1.2286666064088214,20.180220000000002,-0.610178,-0.059029,0.4121543257,11.937436993918705,10.90054660675287,0.059029,0.8165122807088214,46.782707605216615,16.16563647780722
1723528387.7652943,174.0283329486847,1723528387.7530425,0.012251853942871094,32.250343598532545,10.503492764220226,0.0,1.2311871145992548,20.404492,-0.5631999999999999,-0.064395,0.424381205,11.845851598532544,11.066692764220226,0.064395,0.8068059095992548,46.22657350625073,16.21110839974014
1723528387.8652883,174.12832689285278,1723528387.856195,0.009093284606933594,32.32894991029706,10.631935910989899,0.0,1.2328087948011142,20.623581,-0.501177,-0.07338399999999999,0.43674815759999996,11.70536891029706,11.1331129109899,0.07338399999999999,0.7960606372011142,45.61091474811886,16.154480790989695
1723528387.9652839,174.22832250595093,1723528387.971771,-0.006487131118774414,32.440405221449254,10.861234755480101,0.0,1.2361528629557776,20.837526,-0.433575,-0.085723,0.449400614,11.602879221449253,11.2948097554801,0.085723,0.7867522489557777,45.077583387591886,16.192803403757985
1723528388.0652778,174.32831645011902,1723528388.0961814,-0.03090357780456543,32.52820393389285,10.99888081577755,0.0,1.2368013518476701,21.059961,-0.38369400000000004,-0.07700399999999999,0.4623579952,11.468242933892846,11.38257481577755,0.07700399999999999,0.7744433566476702,44.37233580785629,16.1582652238281
1723528388.1652734,174.42831206321716,1723528388.2045643,-0.0392909049987793,32.637671781023684,11.149342774894894,0.0,1.2397179448561229,21.277977,-0.305222,-0.082437,0.4755751634,11.359694781023684,11.454564774894894,0.082437,0.7641427814561227,43.782156322823454,16.132467745489176
1723528388.2652671,174.52830576896667,1723528388.2045643,0.06070280075073242,32.80069133544302,11.412267718781354,0.0,1.2440238368167746,21.277977,-0.305222,-0.082437,0.4755751634,11.52271433544302,11.717489718781355,0.082437,0.7684486734167746,44.028865759208124,16.434089777804544
1723528388.3652625,174.62830114364624,1723528388.335843,0.029419422149658203,32.920041528766866,11.592894006612529,0.0,1.2470946453400442,21.497166,-0.23533500000000002,-0.09090899999999999,0.4916721783,11.422875528766866,11.828229006612528,0.09090899999999999,0.7554224670400442,43.282519110755075,16.44376329265451
1723528388.4652565,174.72829508781433,1723528388.420339,0.04491734504699707,33.001276228546004,11.737465526793379,0.0,1.2507102730440325,21.704153,-0.169401,-0.09894199999999999,0.5049058277,11.297123228546003,11.90686652679338,0.09894199999999999,0.7458044453440325,42.73144706030834,16.41366056817279
1723528388.565252,174.82829070091248,1723528388.545237,0.02001500129699707,33.12127487273966,11.94704713359652,0.0,1.2554181061712866,21.904009000000002,-0.114503,-0.083978,0.5188916433,11.21726587273966,12.06155013359652,0.083978,0.7365264628712865,42.19985782222365,16.47164526055233
1723528388.7062457,174.96928429603577,1723528388.727914,-0.021668434143066406,33.19660503497846,12.077010623099822,0.0,1.2580052219582676,22.321093,0.051178,-0.08766399999999999,0.5468245702000001,10.87551203497846,12.025832623099822,0.08766399999999999,0.7111806517582675,40.74764981711188,16.214348499975856
1723528388.795241,175.05827975273132,1723528388.8152177,-0.01997661590576172,33.307782407286304,12.285961619769724,0.0,1.2646696788000131,22.529564,0.1213,-0.09951299999999999,0.5609695246000002,10.778218407286303,12.164661619769724,0.09951299999999999,0.703700154200013,40.319048878365976,16.25296548928327
1723528388.8952346,175.15827322006226,1723528388.9270632,-0.03182864189147949,33.38466482885652,12.423629671371943,0.0,1.2676262311476938,22.725159,0.19533599999999998,-0.101962,0.5754690593,10.65950582885652,12.228293671371944,0.101962,0.6921571718476938,39.65768470658409,16.222411253515467
1723528388.9952307,175.25826930999756,1723528389.0278769,-0.03264617919921875,33.496927092751164,12.641370906955158,0.0,1.2729831052832432,22.928678,0.286165,-0.10328799999999999,0.5909959735,10.568249092751163,12.355205906955158,0.10328799999999999,0.6819871317832432,39.07498433341212,16.2588336082463
1723528389.0952241,175.3582627773285,1723528389.1495397,-0.05431556701660156,33.59285042929857,12.860864479277506,0.0,1.2785066827671105,23.122838,0.39353699999999997,-0.108494,0.6068273443000001,10.47001242929857,12.467327479277506,0.108494,0.6716793384671105,38.48439128030456,16.28088405748443
1723528389.19522,175.45825862884521,1723528389.2358534,-0.040633440017700195,33.68756908388777,13.033910012428475,0.0,1.2835805514042944,23.335182,0.492975,-0.11136599999999999,0.6227154156,10.352387083887773,12.540935012428475,0.11136599999999999,0.6608651358042943,37.864783108926055,16.26220685228659
1723528389.2952137,175.55825233459473,1723528389.340579,-0.045365333557128906,33.78487713214133,13.194823840937055,0.0,1.2878351867188045,23.544467,0.573044,-0.119014,0.639195234,10.240410132141331,12.621779840937055,0.119014,0.6486399527188045,37.16433171435276,16.253906926020704
1723528389.3952093,175.65824794769287,1723528389.340579,0.054630279541015625,33.89724335926635,13.381796145968973,0.0,1.2912696187704558,23.544467,0.573044,-0.119014,0.639195234,10.352776359266347,12.808752145968974,0.119014,0.6520743847704558,37.36111017593684,16.469920285600807
1723528389.5062032,175.76924180984497,1723528389.5387084,-0.03250527381896973,34.00416424664014,13.596535454583321,0.0,1.2979882498497926,23.938629000000002,0.763175,-0.116071,0.6710343577000001,10.065535246640135,12.833360454583321,0.116071,0.6269538921497925,35.9218119694833,16.31023031215865
1723528389.5062032,175.76924180984497,1723528389.5387084,-0.03250527381896973,34.00416424664014,13.596535454583321,0.0,1.2979882498497926,23.938629000000002,0.763175,-0.116071,0.6710343577000001,10.065535246640135,12.833360454583321,0.116071,0.6269538921497925,35.9218119694833,16.31023031215865
1723528389.5951989,175.8582375049591,1723528389.5387084,0.056490421295166016,34.167778869094924,13.954068893713432,0.0,1.3065137104651674,23.938629000000002,0.763175,-0.116071,0.6710343577000001,10.229149869094922,13.190893893713431,0.116071,0.6354793527651673,36.41028488114929,16.692772724644996
1723528389.6951923,175.95823097229004,1723528389.6805217,0.014670610427856445,34.221472534764594,14.0568432730045,0.0,1.3110354733876992,24.136656000000002,0.883139,-0.119491,0.6874210092,10.084816534764592,13.1737042730045,0.119491,0.6236144641876992,35.73047684126738,16.591090588370594
1723528389.7951882,176.05822682380676,1723528389.7695537,0.0256345272064209,34.29030108359914,14.161348427084143,0.0,1.3106189398439225,24.326947,0.999348,-0.12328,0.7033541608,9.963354083599139,13.162000427084143,0.12328,0.6072647790439225,34.79370888616124,16.508236665256977
1723528389.8951814,176.15822005271912,1723528389.8758001,0.019381284713745117,34.39306866876491,14.36207199570292,0.0,1.3141121425657376,24.50298,1.115696,-0.13178,0.7200532052,9.89008866876491,13.24637599570292,0.13178,0.5940589373657376,34.037069893083284,16.531717904197574
1723528389.9951768,176.25821542739868,1723528389.9635432,0.031633615493774414,34.460103218440025,14.530732490623796,0.0,1.3202808081113657,24.690517,1.241789,-0.147821,0.7363756281,9.769586218440026,13.288943490623796,0.147821,0.5839051800113657,33.45530245047785,16.494322811942503
1723528390.0951705,176.3582091331482,1723528390.0743182,0.020852327346801758,34.51741719393773,14.654293922597624,0.0,1.3230484192863152,24.878167,1.366217,-0.149064,0.7530791616,9.63925019393773,13.288076922597623,0.149064,0.5699692576863152,32.65683291763032,16.416770470415187
1723528390.195166,176.45820474624634,1723528390.180398,0.014768123626708984,34.63003774655772,14.908203677940866,0.0,1.32794352067671,25.077399,1.4975349999999998,-0.161906,0.7698275460000001,9.552638746557719,13.410668677940867,0.161906,0.5581159746767099,31.977689827805808,16.46587850570312
1723528390.29516,176.55819869041443,1723528390.2792304,0.015929698944091797,34.7216389214162,15.087814536994332,0.0,1.3333155203104132,25.274554000000002,1.627707,-0.16096,0.7874467823,9.447084921416199,13.460107536994332,0.16096,0.5458687380104132,31.27597485612914,16.4452977030366
1723528390.395156,176.65819454193115,1723528390.3925073,0.002648591995239258,34.796866507646776,15.24569550229754,0.0,1.3371713675695684,25.446728,1.748983,-0.158625,0.8039023214000001,9.350138507646776,13.496712502297541,0.158625,0.5332690461695684,30.55406569048331,16.419850802381816
1723528390.4951494,176.75818800926208,1723528390.48212,0.013029336929321289,34.89311501518249,15.446932439137065,0.0,1.341035541215577,25.632147,1.872465,-0.152028,0.8202399161,9.260968015182488,13.574467439137065,0.152028,0.520795625115577,29.83939130799998,16.4333443749959
1723528390.5951452,176.8581838607788,1723528390.577397,0.017748117446899414,34.96675268340849,15.61757899075436,0.0,1.3462078731168532,25.808988000000003,2.014097,-0.159695,0.8369194261,9.157764683408484,13.60348199075436,0.159695,0.5092884470168532,29.18007856883773,16.39953898018133
1723528390.695139,176.95817756652832,1723528390.7163079,-0.021168947219848633,35.04772694814754,15.799943182825508,0.0,1.3513051212246658,25.975249,2.154866,-0.16965,0.8520749723000001,9.07247794814754,13.645077182825508,0.16965,0.4992301489246658,28.603780539070904,16.386786401469593
1723528390.7951365,177.0581750869751,1723528390.8536289,-0.058492422103881836,35.151053880650245,16.043206678416222,0.0,1.3584294418273712,26.157359000000003,2.292246,-0.169425,0.8683585384,8.993694880650242,13.750960678416222,0.169425,0.49007090342737125,28.078994428551724,16.431803675075006
1723528390.8951302,177.1581687927246,1723528390.8536289,0.04150128364562988,35.22377816579257,16.233205771573612,0.0,1.363968948653735,26.157359000000003,2.292246,-0.169425,0.8683585384,9.066419165792563,13.940959771573612,0.169425,0.495610410253735,28.396384790286273,16.63066507007791
1723528390.9951262,177.2581648826599,1723528390.9635127,0.03161358833312988,35.2738895616717,16.346921334028803,0.0,1.3686485288005592,26.329289000000003,2.437475,-0.17030199999999998,0.8847220207000001,8.944600561671699,13.909446334028804,0.17030199999999998,0.48392650810055915,27.726946508665485,16.538064557205264
1723528391.0951197,177.35815834999084,1723528391.0867531,0.008366584777832031,35.369577829190455,16.527910176826687,0.0,1.3750242454413784,26.491018,2.5730530000000003,-0.18104699999999999,0.9010141016000001,8.878559829190454,13.954857176826687,0.18104699999999999,0.4740101438413783,27.15878068850005,16.540847665169846
1723528391.1951156,177.45815420150757,1723528391.2141917,-0.019076108932495117,35.43820776665112,16.686059324312904,0.0,1.3815767763451643,26.666463,2.724507,-0.190461,0.9166160249,8.771744766651118,13.961552324312905,0.190461,0.46496075144516424,26.640288697039203,16.489533800211557
1723528391.2951097,177.55814838409424,1723528391.3150005,-0.019890785217285156,35.53527383477885,16.91876091261274,0.0,1.3899967124203885,26.831471,2.874139,-0.182732,0.9338384657000001,8.703802834778848,14.04462191261274,0.182732,0.4561582467203884,26.13594232716558,16.523951689555687
1723528391.3951056,177.65814423561096,1723528391.4311433,-0.03603768348693848,35.60958122601292,17.152927973499306,0.0,1.3983520623493586,26.997747,3.0250380000000003,-0.18753,0.9499560655,8.61183422601292,14.127889973499306,0.18753,0.4483959968493586,25.691198170029608,16.54678613328068
1723528391.4950995,177.75813817977905,1723528391.540861,-0.0457613468170166,35.65657444931668,17.310427436014997,0.0,1.4049894256245803,27.169118,3.1913720000000003,-0.181894,0.966733724,8.487456449316678,14.119055436014996,0.181894,0.43825570162458033,25.11020205063315,16.474760356725916
1723528391.5950954,177.85813403129578,1723528391.540861,0.05423450469970703,35.72665916763519,17.532433616310637,0.0,1.413436579515853,27.169118,3.1913720000000003,-0.181894,0.966733724,8.55754116763519,14.341061616310636,0.181894,0.446702855515853,25.59418831750058,16.701216858235966
1723528391.705089,177.96812772750854,1723528391.6657934,0.03929567337036133,35.78877730910533,17.703531588679404,0.0,1.4225153958260757,27.333329000000003,3.3407910000000003,-0.179272,0.9832300469,8.455448309105325,14.362740588679404,0.179272,0.4392853489260756,25.169196495395862,16.667785149072294
1723528391.795085,178.058123588562,1723528391.7685559,0.02652907371520996,35.851778242161586,17.879990470158894,0.0,1.4296741289813761,27.485718000000002,3.5116780000000003,-0.178617,0.9985764385,8.366060242161584,14.368312470158894,0.178617,0.4310976904813762,24.70007822241994,16.627425274175472
1723528391.8950791,178.15811777114868,1723528391.964988,-0.06990885734558105,35.93681521428483,18.07984166551304,0.0,1.4410609473942397,27.641730000000003,3.675252,-0.180866,1.0158194440000001,8.295085214284825,14.40458966551304,0.180866,0.4252415033942396,24.364543418288,16.623277494345324
1723528391.995075,178.2581136226654,1723528391.964988,0.030086994171142578,35.990894598165326,18.212085691055673,0.0,1.4499719688938555,27.641730000000003,3.675252,-0.180866,1.0158194440000001,8.349164598165324,14.536833691055673,0.180866,0.43415252489385536,24.87510734136632,16.764867901615702
1723528392.0950685,178.35810708999634,1723528392.081525,0.013543367385864258,36.06822203171602,18.47309813113576,0.0,1.4635141901432132,27.796848,3.850727,-0.187893,1.0309490279,8.271374031716018,14.622371131135761,0.187893,0.4325651622432132,24.784158160927824,16.800734199691025
1723528392.1950645,178.45810317993164,1723528392.1918848,0.003179788589477539,36.12935568239809,18.700634523342703,0.0,1.4756883906929845,27.945986,4.017197,-0.182424,1.0455234199,8.18336968239809,14.683437523342704,0.182424,0.43016497079298444,24.646637320806335,16.810834464013876
1723528392.2950583,178.55809688568115,1723528392.3016386,-0.006580352783203125,36.17208856313204,18.90205787591194,0.0,1.48716561008609,28.084499,4.179754,-0.188573,1.0601700277000001,8.087589563132042,14.72230387591194,0.188573,0.4269955823860898,24.46504474145358,16.798538511808193
1723528392.4350483,178.698086977005,1723528392.4433646,-0.008316278457641602,36.2106059432976,19.09695432312251,0.0,1.499106875801309,28.214833000000002,4.35644,-0.187365,1.0742579882,7.995772943297599,14.740514323122511,0.187365,0.424848887601309,24.342048190382894,16.770517377653405
1723528392.5350442,178.79808282852173,1723528392.5549433,-0.01989912986755371,36.26609773032032,19.27867350733213,0.0,1.5117941412850138,28.359992000000002,4.533448,-0.193606,1.0899543121,7.906105730320316,14.74522550733213,0.193606,0.4218398291850139,24.169641842820866,16.732174585639424
1723528392.6350381,178.89807677268982,1723528392.6812367,-0.04619860649108887,36.300825088999126,19.439098264344878,0.0,1.5277091100796145,28.507178,4.721687,-0.191186,1.1028265506000001,7.793647088999126,14.717411264344879,0.191186,0.42488255947961434,24.34397744689807,16.654719492033664
1723528392.695038,178.95807671546936,1723528392.6812367,0.013801336288452148,36.35167508170897,19.69046166854338,0.0,1.543465576290962,28.507178,4.721687,-0.191186,1.1028265506000001,7.844497081708969,14.968774668543382,0.191186,0.44063902569096175,25.24675646084876,16.900795887447504
1723528392.835028,179.09806656837463,1723528392.791877,0.043150901794433594,36.39375069619742,19.870960782280115,0.0,1.5582541074880956,28.639625000000002,4.884964,-0.19658899999999999,1.1182431747000001,7.75412569619742,14.985996782280115,0.19658899999999999,0.44001093278809544,25.210769388372402,16.87439516266761
1723528392.9350238,179.19806241989136,1723528392.9021719,0.0328519344329834,36.44487509420722,20.07814722677473,0.0,1.5766107793388533,28.769117,5.054991,-0.197122,1.1322965344,7.675758094207218,15.023156226774727,0.197122,0.4443142449388533,25.45733101253819,16.87161350961288
1723528393.0350173,179.2980558872223,1723528393.044557,-0.00953984260559082,36.45626860908702,20.23818045827554,0.0,1.594235169546523,28.894424,5.226612,-0.189394,1.1473036195,7.561844609087018,15.01156845827554,0.189394,0.44693155004652296,25.607291548905696,16.809656497284752
1723528393.1350136,179.39805221557617,1723528393.145527,-0.0105133056640625,36.48975931113237,20.476614240756803,0.0,1.615837088656069,29.016774,5.417054,-0.200542,1.1624495511,7.472985311132366,15.059560240756802,0.200542,0.453387537556069,25.97719238579186,16.812973597765126
1723528393.2350073,179.49804592132568,1723528393.2496529,-0.014645576477050781,36.50943815516274,20.750410061220542,0.0,1.6406110847842887,29.142954000000003,5.587977,-0.206099,1.1770226799,7.366484155162738,15.162433061220542,0.206099,0.46358840488428865,26.561659031071738,16.85843830080528
1723528393.3350034,179.598042011261,1723528393.3591073,-0.024103879928588867,36.52236587198518,20.90281814585224,0.0,1.663727184967357,29.257900000000003,5.777237,-0.219003,1.1904017054,7.264465871985177,15.125581145852241,0.219003,0.4733254795673569,27.11955231521523,16.781049780005038
1723528393.4349973,179.69803595542908,1723528393.4700613,-0.035063982009887695,36.52779761548015,21.018184584893937,0.0,1.68553475426463,29.377689,5.981739,-0.220003,1.2032814013,7.150108615480146,15.036445584893936,0.220003,0.48225335296463,27.631081780906108,16.651340797684995
1723528393.5349932,179.7980318069458,1723528393.4700613,0.06493186950683594,36.53868493569152,21.267448239079883,0.0,1.7139346332027705,29.377689,5.981739,-0.220003,1.2032814013,7.1609959356915205,15.285709239079882,0.220003,0.5106532319027706,29.258274982744037,16.881385341632704
1723528393.634987,179.8980257511139,1723528393.6052327,0.0297544002532959,36.53431707227755,21.458750814916915,0.0,1.7374120481061954,29.493619000000002,6.1743120000000005,-0.226791,1.2134973515,7.04069807227755,15.284438814916914,0.226791,0.5239146966061954,30.01810094041199,16.829644481972654
1723528393.734983,179.99802160263062,1723528393.729761,0.0052220821380615234,36.53136127597372,21.653152359247542,0.0,1.7632188880290531,29.589831,6.361651,-0.224426,1.2219342233000001,6.941530275973722,15.291501359247542,0.224426,0.541284664729053,31.01332680412851,16.794797510586584
1723528393.734983,179.99802160263062,1723528393.729761,0.0052220821380615234,36.53136127597372,21.653152359247542,0.0,1.7632188880290531,29.589831,6.361651,-0.224426,1.2219342233000001,6.941530275973722,15.291501359247542,0.224426,0.541284664729053,31.01332680412851,16.794797510586584
1723528393.8249767,180.08801531791687,1723528393.8939462,-0.0689694881439209,36.54050116970946,21.788701626548278,0.0,1.7862559928280362,29.706529,6.536903000000001,-0.222236,1.2295255127,6.833972169709458,15.251798626548277,0.222236,0.5567304801280362,31.898306837628418,16.714362859554036
1723528393.9349728,180.19801139831543,1723528393.8939462,0.04102659225463867,36.5209514081205,22.143650302891405,0.0,1.8385165381514614,29.706529,6.536903000000001,-0.222236,1.2295255127,6.814422408120503,15.606747302891405,0.222236,0.6089910254514614,34.89261551971284,17.031039397884648
1723528394.034967,180.2980055809021,1723528394.0126483,0.022318601608276367,36.476913088256254,22.315973654113954,0.0,1.8547966289123137,29.801930000000002,6.724087,-0.221469,1.2354180199,6.674983088256251,15.591886654113953,0.221469,0.6193786090123137,35.487780217089146,16.962056985554693
1723528394.134963,180.3980016708374,1723528394.1333396,0.001623392105102539,36.422636176468465,22.540132458343393,0.0,1.8808870813823146,29.907134000000003,6.919948,-0.23246899999999998,1.2381030552,6.515502176468463,15.620184458343394,0.23246899999999998,0.6427840261823146,36.82881183867323,16.926191921403905
1723528394.184624,180.4476625919342,1723528394.2342448,-0.049620866775512695,36.40291959340292,22.697530190608123,0.0,1.9053142499196332,30.017724,7.108312,-0.230767,1.2379649912000001,6.385195593402919,15.589218190608124,0.230767,0.667349258719633,38.23629598581903,16.847780268293157
1723528394.2349575,180.49799609184265,1723528394.2342448,0.0007126331329345703,36.38385990318753,22.78799474320486,0.0,1.927977915133738,30.017724,7.108312,-0.230767,1.2379649912000001,6.366135903187526,15.679682743204859,0.230767,0.6900129239337379,39.534828350884695,16.924343138618365
1723528394.3349538,180.59799242019653,1723528394.3460548,-0.011101007461547852,36.368899547847334,22.856778908783898,0.0,1.9571588136817608,30.139611000000002,7.28265,-0.23185799999999998,1.2370913218000001,6.229288547847332,15.574128908783898,0.23185799999999998,0.7200674918817607,41.256828249395554,16.775317738031795
1723528394.4349482,180.69798684120178,1723528394.4574432,-0.022495031356811523,36.34418027427852,22.99239595555768,0.0,1.9641304656039011,30.257087000000002,7.4778080000000005,-0.224389,1.2352266374,6.087093274278519,15.51458795555768,0.224389,0.7289038282039011,41.76311302701235,16.667498144107388
1723528394.5349443,180.79798293113708,1723528394.5801225,-0.04517817497253418,36.29451926757558,23.21804575418306,0.0,1.988038783939954,30.368866,7.6693690000000005,-0.233446,1.2354847877000001,5.92565326757558,15.54867675418306,0.233446,0.7525539962399539,43.118167840253385,16.641190236534097
1723528394.6349382,180.89797687530518,1723528394.5801225,0.05481576919555664,36.25186824037421,23.41065452963227,0.0,2.01390979165188,30.368866,7.6693690000000005,-0.233446,1.2354847877000001,5.883002240374207,15.741285529632272,0.233446,0.7784250039518797,44.60046739389714,16.80631674462237
1723528394.7349343,180.99797296524048,1723528394.6934621,0.04147219657897949,36.21995277170348,23.512556198022367,0.0,2.0371704861155013,30.484138,7.856382,-0.23505399999999999,1.2331829351,5.735814771703481,15.656174198022367,0.23505399999999999,0.8039875510155012,46.06509345424718,16.675449379163044
1723528394.8249283,181.0879669189453,1723528394.8102832,0.014645099639892578,36.162597669113886,23.711781518674425,0.0,2.068794157199827,30.593733,8.035654,-0.244964,1.2327749846,5.568864669113886,15.676127518674425,0.244964,0.8360191725998269,47.900370181989196,16.637705221752864
1723528394.9249244,181.18796300888062,1723528394.946682,-0.02175760269165039,36.11674211167634,23.834055457876783,0.0,2.0922852404848014,30.701125,8.23184,-0.243339,1.2321982271,5.415617111676337,15.602215457876783,0.243339,0.8600870133848013,49.27935588096106,16.517180442291348
1723528395.0349183,181.29795694351196,1723528395.0494912,-0.014572858810424805,35.997264690190875,24.120747217887757,0.0,2.125432210972207,30.802314000000003,8.418406999999998,-0.247309,1.2319332047,5.194950690190872,15.702340217887759,0.247309,0.8934990062722068,51.19372205853052,16.54122615567815
1723528395.0349183,181.29795694351196,1723528395.0494912,-0.014572858810424805,35.997264690190875,24.120747217887757,0.0,2.125432210972207,30.802314000000003,8.418406999999998,-0.247309,1.2319332047,5.194950690190872,15.702340217887759,0.247309,0.8934990062722068,51.19372205853052,16.54122615567815
1723528395.1349146,181.39795327186584,1723528395.1799886,-0.0450739860534668,35.85050395584153,24.361645856805872,0.0,2.174948110536887,30.922377,8.602872,-0.25506900000000005,1.2314168659,4.928126955841531,15.758773856805872,0.25506900000000005,0.9435312446368869,54.060358156419205,16.5133415442666
1723528395.2349088,181.49794745445251,1723528395.1799886,0.054920196533203125,35.777299532602235,24.473583649447104,0.0,2.195982252529376,30.922377,8.602872,-0.25506900000000005,1.2314168659,4.8549225326022345,15.870711649447104,0.25506900000000005,0.964565386629376,55.26552571826773,16.59863913856271
1723528395.3349051,181.5979437828064,1723528395.3111908,0.023714303970336914,35.730293170020914,24.5791113231546,0.0,2.2009741891506494,31.037264,8.783347,-0.26374600000000004,1.232276289,4.693029170020914,15.7957643231546,0.26374600000000004,0.9686979001506493,55.50230130181744,16.480299005049236
1723528395.4348996,181.69793820381165,1723528395.4488726,-0.013972997665405273,35.67922029089102,24.733748038857975,0.0,2.224032708599509,31.144462,8.943741999999999,-0.25811900000000004,1.2308385851,4.534758290891016,15.790006038857976,0.25811900000000004,0.993194123499509,56.90583151371692,16.430305806105288
1723528395.5648956,181.82793426513672,1723528395.5682783,-0.0033826828002929688,35.62222078276107,24.87923624132759,0.0,2.247743377781106,31.255319,9.112471,-0.25031600000000004,1.2300902284,4.366901782761069,15.76676524132759,0.25031600000000004,1.0176531493811058,58.30723046773367,16.362254595723464
1723528395.6648903,181.92792892456055,1723528395.7020245,-0.03713417053222656,35.56516521375194,24.97622358724521,0.0,2.269994612541013,31.375551,9.293519,-0.24267,1.2302445622,4.189614213751938,15.682704587245212,0.24267,1.039750050341013,59.573289633054934,16.234499658436484
1723528395.7348871,181.99792575836182,1723528395.7020245,0.03286266326904297,35.44878352861697,25.169749022967817,0.0,2.300810308711511,31.375551,9.293519,-0.24267,1.2302445622,4.07323252861697,15.876230022967817,0.24267,1.0705657465115108,61.338898966381905,16.392217412640306
1723528395.8348818,182.09792041778564,1723528395.821748,0.013133764266967773,35.3332945204807,25.349494686653994,0.0,2.3274649285350835,31.498597,9.476130999999999,-0.259824,1.2305668857,3.834697520480699,15.873363686653995,0.259824,1.0968980428350834,62.84762841061047,16.3320570753761
1723528395.9941673,182.25720596313477,1723528395.9466183,0.04754900932312012,35.13701778934101,25.645715619268966,0.0,2.377893382964727,31.611951,9.659305999999999,-0.25312900000000005,1.2297765536,3.5250667893410075,15.986409619268967,0.25312900000000005,1.1481168293647268,65.78224871054054,16.3723994171597
1723528396.0348725,182.29791116714478,1723528396.072781,-0.03790855407714844,35.13699200766485,25.64575006602048,0.0,2.37789338296945,31.722089,9.848792,-0.25014200000000003,1.2295155341000001,3.4149030076648508,15.79695806602048,0.25014200000000003,1.14837784886945,65.79720402653179,16.163787232933128
1723528396.1348689,182.39790749549866,1723528396.1918855,-0.057016611099243164,35.02671831346199,25.75600518159963,0.0,2.403303845990469,31.823917,10.031198999999999,-0.254454,1.2314019521000001,3.2028013134619897,15.72480618159963,0.254454,1.1719018938904688,67.1450325233119,16.049679515196054
1723528396.2248633,182.48790192604065,1723528396.1918855,0.03297781944274902,34.88704612020927,25.90386973532967,0.0,2.4320797821978903,31.823917,10.031198999999999,-0.254454,1.2314019521000001,3.0631291202092683,15.872670735329672,0.254454,1.2006778300978902,68.79377221953483,16.167534849734544
1723528396.3348594,182.5978980064392,1723528396.3388765,-0.0040171146392822266,34.749328836906855,26.050343173675845,0.0,2.4581980761959326,31.928492000000002,10.208295999999999,-0.273971,1.2318481804,2.820836836906853,15.842047173675846,0.273971,1.2263498957959325,70.26467323541523,16.09355893586818
1723528396.4648566,182.72789525985718,1723528396.4550796,0.009777069091796875,34.67494048701771,26.137737223347273,0.0,2.4784031180155885,32.032539,10.390751,-0.27225900000000003,1.2314781264,2.6424014870177075,15.746986223347273,0.27225900000000003,1.2469249916155885,71.44353938895878,15.96947042640936
1723528396.564853,182.82789158821106,1723528396.5655122,-0.0006592273712158203,34.548640378634445,26.294259738734116,0.0,2.5083714478945867,32.147391,10.579199999999998,-0.27061,1.2323966872,2.4012493786344464,15.715059738734118,0.27061,1.2759747606945866,73.10796855301501,15.899758832840023
1723528396.6648471,182.92788577079773,1723528396.679788,-0.014940977096557617,34.46090222572079,26.39505507231476,0.0,2.528179065124128,32.260132999999996,10.765243,-0.260008,1.2356470211000001,2.2007692257207907,15.629812072314762,0.260008,1.292532044024128,74.05663100800005,15.786133622924263
1723528396.7648437,183.0278823375702,1723528396.7840745,-0.01923084259033203,34.34272831861386,26.501776425016555,0.0,2.552467815149588,32.368376,10.945786,-0.26608000000000004,1.2386913179,1.9743523186138603,15.555990425016555,0.26608000000000004,1.3137764972495878,75.27384851588198,15.683038728117157
1723528396.864838,183.12787652015686,1723528396.9027913,-0.03795337677001953,34.15959439662649,26.65145322431007,0.0,2.5822219070479093,32.473237999999995,11.125363,-0.25622500000000004,1.2404835214,1.6863563966264934,15.526090224310071,0.25622500000000004,1.3417383856479093,76.87594670832164,15.619504691266135
1723528396.9648342,183.22787284851074,1723528396.9027913,0.062042951583862305,34.043823461824815,26.73669637764961,0.0,2.604984569845584,32.473237999999995,11.125363,-0.25622500000000004,1.2404835214,1.5705854618248196,15.611333377649611,0.25622500000000004,1.364501048445584,78.18015121710783,15.692231191632288
1723528397.0648286,183.327867269516,1723528397.043923,0.020905733108520508,33.97052775762846,26.79216363475776,0.0,2.626196516289858,32.592158,11.307646,-0.252012,1.2437038125,1.3783697576284624,15.48451763475776,0.252012,1.3824927037898582,79.21099713478874,15.547787611683303
1723528397.1648252,183.42786383628845,1723528397.1412349,0.0235903263092041,33.77933467291795,26.927578746875447,0.0,2.653662371721457,32.715714999999996,11.495026999999999,-0.246532,1.2476529896,1.0636196729179517,15.432551746875449,0.246532,1.406009382121457,80.55840355135611,15.471125306700563
1723528397.2648196,183.5278582572937,1723528397.2642715,0.0005481243133544922,33.59585568717402,27.07102835577997,0.0,2.6809264435577305,32.827925,11.676091,-0.25305,1.2498787764000001,0.7679306871740224,15.39493735577997,0.25305,1.4310476671577304,81.99299161018014,15.416155423165437
1723528397.364816,183.62785458564758,1723528397.357434,0.007381916046142578,33.4505481721453,27.163606625232312,0.0,2.7031160398424667,32.929162,11.861606,-0.260025,1.2545179875,0.5213861721452986,15.302000625232312,0.260025,1.4485980523424666,82.99855461009446,15.313088508715
1723528397.4648106,183.7278492450714,1723528397.5120437,-0.04723310470581055,33.35937131653311,27.228482181745637,0.0,2.723702127441607,33.022656,12.034621,-0.278287,1.2579385775,0.33671531653310893,15.193861181745637,0.278287,1.4657635499416068,83.98206517576713,15.200139422680106
1723528397.564807,183.8278455734253,1723528397.5120437,0.05276322364807129,33.20831461346966,27.301090242766065,0.0,2.744945055921976,33.022656,12.034621,-0.278287,1.2579385775,0.18565861346966273,15.266469242766066,0.278287,1.4870064784219759,85.19919532219053,15.270134115830377
1723528397.6648014,183.92783999443054,1723528397.6515143,0.013287067413330078,33.05641240515409,27.371221555345056,0.0,2.7640858256030008,33.116845999999995,12.224369,-0.262662,1.261694094,-0.060433594845903826,15.146852555345056,0.262662,1.5023917316030007,86.08070539620348,15.149250340495172
1723528397.7647977,184.02783632278442,1723528397.772705,-0.007907390594482422,32.8905837437415,27.458709575419483,0.0,2.784194820858958,33.2241,12.395529,-0.262207,1.2665569493,-0.33351625625849834,15.063180575419484,0.262207,1.517637871558958,86.9542448695456,15.06915374703346
1723528397.8647923,184.12783098220825,1723528397.8724139,-0.0076215267181396484,32.74373838262939,27.542867198874575,0.0,2.8029061324630637,33.335190999999995,12.581002,-0.267956,1.2719002964000001,-0.5914526173706065,14.961865198874575,0.267956,1.5310058360630636,87.72017281631156,14.975948278684214
1723528397.9647887,184.22782731056213,1723528397.991497,-0.026708364486694336,32.591609451377465,27.640187367090963,0.0,2.8176336956547114,33.436617,12.746585,-0.287175,1.2768264569,-0.845007548622533,14.893602367090963,0.287175,1.5408072387547114,88.28175182385114,14.920318317880206
1723528398.0647826,184.32782125473022,1723528398.122482,-0.05769944190979004,32.4475418387204,27.704608337455408,0.0,2.832609295764728,33.53612,12.948388999999999,-0.295734,1.2807015381,-1.0885781612795995,14.75621933745541,0.295734,1.551907757664728,88.91776470780025,14.799272622229237
1723528398.164779,184.4278175830841,1723528398.122482,0.0422968864440918,32.329504799312836,27.766662260274217,0.0,2.84488566381218,33.53612,12.948388999999999,-0.295734,1.2807015381,-1.2066152006871604,14.818273260274218,0.295734,1.56418412571218,89.6211487846685,14.87025895058466
1723528398.2647731,184.52781176567078,1723528398.2371478,0.027625322341918945,32.140832103160356,27.846227601012266,0.0,2.8607086983849896,33.628068999999996,13.146142999999999,-0.293485,1.2858370328,-1.48723689683964,14.700084601012268,0.293485,1.5748716655849897,90.23349971275829,14.778040949647696
1723528398.3647697,184.62780833244324,1723528398.3605764,0.004193305969238281,31.992562302219163,27.928926176250904,0.0,2.8741104894948446,33.74021,13.345016,-0.28273200000000004,1.2923964695,-1.7476476977808346,14.583910176250905,0.28273200000000004,1.5817140199948445,90.6255377423757,14.690971577412345
1723528398.464764,184.7278027534485,1723528398.4720693,-0.007305145263671875,31.882327168077314,27.98543017313044,0.0,2.8841231814165376,33.836704,13.536966999999999,-0.28382500000000005,1.2962535308,-1.9543768319226835,14.44846317313044,0.28382500000000005,1.5878696506165375,90.9782293972402,14.582806091321647
1723528398.564761,184.82779955863953,1723528398.632584,-0.06782317161560059,31.695602364795825,28.058790985020583,0.0,2.898364100193694,33.928270999999995,13.721299,-0.28901000000000004,1.3018161173,-2.2326686352041705,14.337491985020582,0.28901000000000004,1.5965479828936942,91.47546120993343,14.513166864446019
1723528398.6647549,184.92779350280762,1723528398.632584,0.032170772552490234,31.560261102030363,28.114305076198935,0.0,2.9105708025347115,33.928270999999995,13.721299,-0.28901000000000004,1.3018161173,-2.368009897969632,14.393006076198935,0.28901000000000004,1.6087546852347114,92.17485373584618,14.589366729453392
1723528398.7647514,185.02779006958008,1723528398.7850556,-0.020304203033447266,31.430918738267508,28.16371773694835,0.0,2.9238574217936204,34.013936,13.915545999999999,-0.289704,1.3073482776,-2.5830172617324934,14.24817173694835,0.289704,1.6165091441936204,92.61915150659907,14.483311238373558
1723528398.864746,185.1277847290039,1723528398.8981218,-0.03337574005126953,31.29058148484098,28.23029095674225,0.0,2.9392889006535485,34.121235,14.104372999999999,-0.289602,1.3101386761,-2.8306535151590175,14.125917956742253,0.289602,1.6291502245535485,93.34343205970868,14.409650473273087
1723528398.964743,185.22778153419495,1723528399.0219848,-0.05724191665649414,31.07160622156838,28.318623902097666,0.0,2.9560159138335225,34.223918,14.275490999999999,-0.27715900000000004,1.3146289256,-3.152311778431617,14.043132902097668,0.27715900000000004,1.6413869882335224,94.04454697347015,14.395258537646962
1723528399.0647378,185.32777643203735,1723528399.0219848,0.042752981185913086,30.92257228298186,28.36171941795456,0.0,2.9689885882963036,34.223918,14.275490999999999,-0.27715900000000004,1.3146289256,-3.301345717018137,14.086228417954562,0.27715900000000004,1.6543596626963035,94.78782646918465,14.470574684418919
1723528399.1647341,185.42777276039124,1723528399.1535342,0.011199951171875,30.80536333762673,28.40010661936821,0.0,2.9812635546790105,34.313804,14.45656,-0.27927100000000005,1.3186512921,-3.5084406623732676,13.94354661936821,0.27927100000000005,1.6626122625790105,95.26066561247391,14.380877598371033
1723528399.2647288,185.52776741981506,1723528399.254632,0.01009678840637207,30.58427801383528,28.456704819006603,0.0,2.997856821795514,34.395832,14.64501,-0.284677,1.3238450245,-3.811553986164718,13.811694819006604,0.284677,1.674011797295514,95.91381084014243,14.330802439401326
1723528399.3647249,185.62776350975037,1723528399.4134462,-0.0487213134765625,30.409760403609635,28.50841074420739,0.0,3.011995615515657,34.480537,14.838382,-0.30031800000000003,1.3295343299,-4.070776596390363,13.67002874420739,0.30031800000000003,1.6824612856156569,96.3979308599317,14.266432590746005
1723528399.4647195,185.7277581691742,1723528399.4134462,0.051273345947265625,30.282251991632062,28.56256787962025,0.0,3.0258318751995947,34.480537,14.838382,-0.30031800000000003,1.3295343299,-4.198285008367936,13.72418587962025,0.30031800000000003,1.6962975452995948,97.19069014406836,14.355105919880176
1723528399.5647163,185.82775497436523,1723528399.5343575,0.03035879135131836,30.084423498962455,28.62431003704762,0.0,3.0409302769946693,34.568652,15.021491,-0.300841,1.3315697088,-4.4842285010375456,13.602819037047622,0.300841,1.7093605681946693,97.93914622363889,14.326042590731875
1723528399.6647108,185.92774939537048,1723528399.6157653,0.04894542694091797,29.90182980657054,28.66212103655537,0.0,3.05331307489587,34.653681,15.190942,-0.304862,1.3363518923,-4.751851193429459,13.47117903655537,0.304862,1.7169611825958702,98.37462935053405,14.287956300271563
1723528399.7647073,186.02774596214294,1723528399.785692,-0.020984649658203125,29.72028135203484,28.70140488929825,0.0,3.0668093489126864,34.747066,15.378464,-0.30470400000000003,1.3404561242,-5.026784647965158,13.32294088929825,0.30470400000000003,1.7263532247126865,98.91275372483675,14.24296887465424
1723528399.8228877,186.08592629432678,1723528399.785692,0.037195682525634766,29.536204629021118,28.759067289286445,0.0,3.0802133154921902,34.747066,15.378464,-0.30470400000000003,1.3404561242,-5.210861370978879,13.380603289286446,0.30470400000000003,1.7397571912921903,99.68074443857672,14.362676113469911
1723528399.864702,186.12774062156677,1723528399.919926,-0.055223941802978516,29.426263522811006,28.795466104039885,0.0,3.0876114252790536,34.823178999999996,15.573125999999998,-0.314325,1.3451960309,-5.3969154771889905,13.222340104039887,0.314325,1.7424153943790537,99.83304825654264,14.284809228703356
1723528399.9946988,186.25773739814758,1723528400.042247,-0.04754829406738281,29.321400083032064,28.826155635867714,0.0,3.092773176553857,34.898271,15.751178999999999,-0.294209,1.3510499689,-5.576870916967938,13.074976635867715,0.294209,1.7417232076538571,99.7933888785539,14.217702422989815
1723528400.0946934,186.3577320575714,1723528400.042247,0.05244636535644531,29.199644664943012,28.84920849418355,0.0,3.0994746969288602,34.898271,15.751178999999999,-0.294209,1.3510499689,-5.698626335056989,13.098029494183551,0.294209,1.7484247280288603,100.17735771236251,14.287031800650135
1723528400.16469,186.4277286529541,1723528400.1587534,0.005936622619628906,28.983626777423705,28.903601363060922,0.0,3.109902741754105,34.983844,15.935763,-0.30090300000000003,1.3551954269,-6.000217222576293,12.967838363060922,0.30090300000000003,1.7547073148541052,100.53732342187354,14.29188515011175
1723528400.2946846,186.5577232837677,1723528400.2537515,0.04093313217163086,28.754393717676386,28.93601133671077,0.0,3.117377904323254,35.068236,16.117255,-0.32173300000000005,1.3616400242,-6.313842282323613,12.81875633671077,0.32173300000000005,1.755737880123254,100.59637046230851,14.292957374501226
1723528400.3646812,186.6277198791504,1723528400.395691,-0.031009674072265625,28.61331772033328,28.960537503410524,0.0,3.121533931062962,35.136654,16.309362,-0.32061700000000004,1.3659681731,-6.523336279666719,12.651175503410524,0.32061700000000004,1.7555657579629622,100.58650858896313,14.23758944120807
1723528400.494676,186.75771474838257,1723528400.5423799,-0.04770374298095703,28.427724234592148,29.000763131130185,0.0,3.1266792264165097,35.222102,16.496761,-0.31111500000000003,1.3726792587,-6.794377765407852,12.504002131130186,0.31111500000000003,1.7539999677165097,100.49679541623865,14.234129093752165
1723528400.604673,186.86771154403687,1723528400.6651387,-0.06046581268310547,28.205368617977964,29.05225260063154,0.0,3.1268580120277125,35.302737,16.685216,-0.31592600000000004,1.3784428899,-7.097368382022037,12.36703660063154,0.31592600000000004,1.7484151221277124,100.17680733476831,14.262399569110459
1723528400.6946678,186.95770645141602,1723528400.6651387,0.029529094696044922,28.036507957898728,29.095387969860397,0.0,3.1257415547990384,35.302737,16.685216,-0.31592600000000004,1.3784428899,-7.266229042101273,12.410171969860397,0.31592600000000004,1.7472986648990383,100.11283904755841,14.384375622572591
1723528400.7946646,187.05770325660706,1723528400.7741947,0.02046990394592285,27.829830650690457,29.15084829693114,0.0,3.125554314513538,35.370055,16.886549000000002,-0.322794,1.3856648615,-7.540224349309543,12.264299296931139,0.322794,1.739889453013538,99.68832247700108,14.400424176011697
1723528400.8946595,187.15769815444946,1723528400.9213316,-0.0266721248626709,27.69792849691552,29.175196909985644,0.0,3.1225336182055496,35.435995999999996,17.075568,-0.319954,1.3931611768,-7.738067503084476,12.099628909985643,0.319954,1.7293724414055496,99.08574209877325,14.365969476640565
1723528400.994656,187.25769472122192,1723528400.9213316,0.07332444190979004,27.530815908721976,29.207730794787636,0.0,3.1208614742454266,35.435995999999996,17.075568,-0.319954,1.3931611768,-7.9051800912780195,12.132162794787636,0.319954,1.7277002974454265,98.98993530711991,14.483908896319518
1723528401.0946512,187.3576898574829,1723528401.0786505,0.016000747680664062,27.22850915922283,29.269894455929283,0.0,3.1216017807040686,35.513794,17.252791000000002,-0.33130600000000004,1.4008219557000001,-8.285284840777166,12.01710345592928,0.33130600000000004,1.7207798250040685,98.59342144399349,14.600222054097513
1723528401.194648,187.45768666267395,1723528401.1847377,0.009910345077514648,26.97500193218899,29.329844736328226,0.0,3.1216602257523345,35.582319999999996,17.448943,-0.33782500000000004,1.4078483236000001,-8.607318067811004,11.880901736328227,0.33782500000000004,1.7138119021523344,98.19418887261637,14.675008556024009
1723528401.294643,187.55768156051636,1723528401.2884476,0.0061953067779541016,26.768901084869462,29.379222538671595,0.0,3.119352869387857,35.655193999999995,17.642957000000003,-0.35286500000000004,1.4161499951,-8.886292915130532,11.736265538671592,0.35286500000000004,1.7032028742878569,97.58633635124512,14.725170432831481
1723528401.3946397,187.6576783657074,1723528401.4043033,-0.009663581848144531,26.61246482249222,29.427678837521942,0.0,3.1195498597792684,35.71261,17.840608,-0.35295200000000004,1.4245149212000001,-9.100145177507777,11.587070837521942,0.35295200000000004,1.6950349385792682,97.11834810780879,14.737619480763286
1723528401.4946346,187.7576732635498,1723528401.5391808,-0.04454612731933594,26.489916142789596,29.4570731786069,0.0,3.1163160679437585,35.773196999999996,18.022235000000002,-0.35332800000000003,1.4323486159,-9.2832808572104,11.434838178606899,0.35332800000000003,1.6839674520437584,96.48422783950622,14.732944998212645
1723528401.5946314,187.85767006874084,1723528401.5391808,0.0554506778717041,26.255276854985574,29.517268048566862,0.0,3.116620983181571,35.773196999999996,18.022235000000002,-0.35332800000000003,1.4323486159,-9.517920145014422,11.49503304856686,0.35332800000000003,1.684272367281571,96.5016981957421,14.928209180946645
1723528401.6946263,187.95766496658325,1723528401.6740947,0.020531654357910156,26.055598007129575,29.550595581438458,0.0,3.114772240736632,35.846171999999996,18.215721000000002,-0.36570600000000003,1.4439546956,-9.79057399287042,11.334874581438456,0.36570600000000003,1.6708175451366318,95.73079367273793,14.982271582281715
1723528401.7946236,188.05766224861145,1723528401.7801573,0.014466285705566406,25.829858131703133,29.605114943895174,0.0,3.114899289385951,35.913855,18.404432,-0.36803,1.4547724578,-10.083996868296865,11.200682943895174,0.36803,1.660126831585951,95.11826090630059,15.075733392786743
1723528401.8946185,188.15765714645386,1723528401.9118757,-0.017257213592529297,25.525712145817426,29.681704651242832,0.0,3.116125942862225,35.971968,18.596063,-0.370363,1.4669142598,-10.44625585418257,11.085641651242831,0.370363,1.649211683062225,94.49286896313265,15.236563948035743
1723528401.9946158,188.25765442848206,1723528402.038006,-0.04339027404785156,25.335629778612976,29.737823215542676,0.0,3.1158630769371243,36.031514,18.799237,-0.376637,1.4770453222,-10.695884221387026,10.938586215542674,0.376637,1.6388177547371243,93.8973407375429,15.303478790848345
1723528402.094611,188.35764956474304,1723528402.038006,0.056604862213134766,25.094755104775544,29.789571577588916,0.0,3.1173278584994097,36.031514,18.799237,-0.376637,1.4770453222,-10.936758895224457,10.990334577588914,0.376637,1.6402825362994098,93.98126653897043,15.509416645682931
1723528402.1946075,188.4576461315155,1723528402.1644044,0.03020310401916504,24.91116213643066,29.825583057768153,0.0,3.1181099200439046,36.086434,19.009462000000003,-0.39639800000000003,1.4890886049,-11.175271863569336,10.81612105776815,0.39639800000000003,1.6290213151439046,93.33604609459655,15.55738754853732
1723528402.2946024,188.5576410293579,1723528402.2938108,0.0007915496826171875,24.644324079219395,29.904418280293175,0.0,3.1224435090489733,36.132461,19.209368,-0.394816,1.5024447912,-11.488136920780605,10.695050280293174,0.394816,1.6199987178489732,92.81908934935083,15.70086844994434
1723528402.4045992,188.6676378250122,1723528402.400036,0.004563093185424805,24.47973089364557,29.939293117495698,0.0,3.1219971840300023,36.187241,19.396602,-0.40104700000000004,1.5162130574000001,-11.70751010635443,10.542691117495696,0.40104700000000004,1.6057841266300021,92.00465326500007,15.759916484090985
1723528402.4945939,188.75763249397278,1723528402.5142863,-0.019692420959472656,24.21702265258072,29.982954438744517,0.0,3.1234519554783944,36.230641,19.600457000000002,-0.396492,1.5308825526,-12.013618347419278,10.382497438744515,0.396492,1.5925694028783943,91.24750536660166,15.883339849321665
1723528402.5945911,188.85762977600098,1723528402.6597993,-0.06520819664001465,24.017569095587653,30.025507474462508,0.0,3.1243906881810037,36.26707,19.804466,-0.40279000000000004,1.5455460601,-12.249500904412344,10.221041474462506,0.40279000000000004,1.5788446280810038,90.46113369594366,15.958765648194145
1723528402.6945858,188.9576244354248,1723528402.6597993,0.03478646278381348,23.771204154371436,30.102742509779855,0.0,3.126949801051296,36.26707,19.804466,-0.40279000000000004,1.5455460601,-12.495865845628561,10.298276509779853,0.40279000000000004,1.5814037409512962,90.60776006270902,16.197635694382374
1723528402.7945824,189.05762100219727,1723528402.7840865,0.010495901107788086,23.591093316842443,30.138724507806725,0.0,3.1291203314162805,36.315369,20.001757,-0.39386200000000005,1.5622703682,-12.724275683157554,10.136967507806723,0.39386200000000005,1.5668499632162805,89.77389002252116,16.273304187852197
1723528402.894577,189.1576156616211,1723528402.9008787,-0.0063016414642333984,23.316970276147263,30.19914369549859,0.0,3.1325852552723887,36.349647999999995,20.201607000000003,-0.40273200000000003,1.5806892661,-13.032677723852732,9.997536695498589,0.40273200000000003,1.5518959891723887,88.91709042285797,16.430569731310964
1723528402.9945745,189.25761318206787,1723528403.0510404,-0.056465864181518555,23.013028377629524,30.26394045985735,0.0,3.1365644286172083,36.376909,20.395215,-0.412387,1.5988716758000001,-13.363880622370473,9.868725459857348,0.412387,1.5376927528172082,88.10330492427936,16.617915348465782
1723528403.0945694,189.35760807991028,1723528403.0510404,0.04352903366088867,22.85306749510081,30.303963556110528,0.0,3.139167157589007,36.376909,20.395215,-0.412387,1.5988716758000001,-13.523841504899188,9.908748556110528,0.412387,1.540295481789007,88.25243030957986,16.77043976870092
1723528403.1945665,189.4576051235199,1723528403.1617684,0.032798051834106445,22.680264676920157,30.327333542630083,0.0,-3.1411938270571382,36.397692,20.608900000000002,-0.423402,1.6196864801,-13.717427323079843,9.71843354263008,0.423402,1.5223050000224483,87.22165163294898,16.81651070050202
1723528403.2945616,189.55760025978088,1723528403.2973459,-0.002784252166748047,22.406641980182513,30.379654044549135,0.0,-3.1373149617709912,36.433276,20.814551,-0.43963800000000003,1.6422276792000001,-14.026634019817486,9.565103044549133,0.43963800000000003,1.5036426662085953,86.15237866955091,16.983254686596098
1723528403.3945591,189.65759778022766,1723528403.4396162,-0.045057058334350586,22.15313596469706,30.430861389300517,0.0,-3.133939139218522,36.439316999999996,21.005004,-0.445794,1.6658981634,-14.286181035302935,9.425857389300518,0.445794,1.483348004561064,84.98958021050136,17.121345986437994
1723528403.4945545,189.75759315490723,1723528403.4396162,0.054938316345214844,21.89549263965212,30.482230762239393,0.0,-3.130375699052418,36.439316999999996,21.005004,-0.445794,1.6658981634,-14.543824360347877,9.477226762239393,0.445794,1.4869114447271683,85.19375029256653,17.364889473244304
1723528403.5535452,189.81658387184143,1723528403.5540056,-0.0004603862762451172,21.624945836374554,30.548772470832745,0.0,-3.126348527592993,36.444756999999996,21.205454,-0.433767,1.6904372511,-14.819811163625442,9.343318470832745,0.433767,1.4663995284865934,84.01850406225573,17.52462715104691
1723528403.5945516,189.85759019851685,1723528403.5540056,0.04054594039916992,21.62491194780558,30.548779055852016,0.0,-3.126348527592744,36.444756999999996,21.205454,-0.433767,1.6904372511,-14.819845052194417,9.343325055852016,0.433767,1.466399528486843,84.01850406227004,17.52465931995976
1723528403.705547,189.968585729599,1723528403.6558454,0.049701690673828125,21.22730568027296,30.62551503226817,0.0,-3.111416102165098,36.46655,21.404213000000002,-0.449421,1.7155326825000001,-15.239244319727039,9.221302032268166,0.449421,1.4562365225144884,83.43620671288787,17.81765859595157
1723528403.7945442,190.0575828552246,1723528403.8319411,-0.037396907806396484,21.10965817755746,30.64946691094623,0.0,-3.1180334059628207,36.469873,21.622969,-0.460063,1.740821839,-15.36021482244254,9.02649791094623,0.460063,1.4243300622167656,81.60810119862663,17.822051562372643
1723528403.8945396,190.15757822990417,1723528403.9531453,-0.05860567092895508,20.88121433683179,30.682042879880903,0.0,-3.1159774028708163,36.458304,21.821683,-0.48460000000000003,1.7676847951,-15.57708966316821,8.860359879880903,0.48460000000000003,1.3995231092087705,80.18676748868916,17.927256810103017
1723528403.9945366,190.2575752735138,1723528403.9531453,0.04139137268066406,20.639285245238575,30.72210578195364,0.0,-3.1129781963011083,36.458304,21.821683,-0.48460000000000003,1.7676847951,-15.819018754761423,8.90042278195364,0.48460000000000003,1.4025223157784785,80.35860936702133,18.1574700115686
1723528404.0945318,190.35757040977478,1723528404.0807712,0.013760566711425781,20.46229157760208,30.753170857695256,0.0,-3.1115845355097176,36.450737,22.022711,-0.494892,1.7938196739,-15.988445422397916,8.730459857695255,0.494892,1.3777810977698686,78.94104199511492,18.22350774256946
1723528404.1945288,190.4575674533844,1723528404.1612635,0.03326535224914551,20.144788253135335,30.82158275324595,0.0,-3.107438817159538,36.431892,22.214486,-0.48199800000000004,1.8186705671,-16.287103746864663,8.607096753245948,0.48199800000000004,1.3570759229200482,77.75472286213979,18.427810099218895
1723528404.3345208,190.59755945205688,1723528404.3035438,0.03097701072692871,19.88881048603948,30.86126499389446,0.0,-3.1060266427962158,36.396677999999994,22.412085,-0.48141700000000004,1.8490078082,-16.507867513960516,8.449179993894457,0.48141700000000004,1.3281508561833706,76.09743861599391,18.55074377903992
1723528404.3945208,190.65755939483643,1723528404.4358819,-0.041361093521118164,19.635542121073943,30.9065955038351,0.0,-3.104172722279483,36.367542,22.609280000000002,-0.46197900000000003,1.8776511426,-16.731999878926057,8.297315503835097,0.46197900000000003,1.3013614423001034,74.56251826485352,18.682041888268124
1723528404.4945157,190.75755429267883,1723528404.4358819,0.05863380432128906,19.318318009691254,30.97839820593217,0.0,-3.1009693388425448,36.367542,22.609280000000002,-0.46197900000000003,1.8776511426,-17.049223990308747,8.369118205932168,0.46197900000000003,1.3045648257370417,74.74605861595221,18.998199988762767
1723528404.5945125,190.85755109786987,1723528404.5828812,0.011631250381469727,19.08399091995307,31.02004488926481,0.0,-3.098299205062472,36.32863,22.791779000000002,-0.480101,1.9068577837,-17.244639080046927,8.228265889264808,0.480101,1.2780283184171142,73.22562874350234,19.1131481843186
1723528404.7345052,190.9975438117981,1723528404.7115235,0.022981643676757812,18.91134338406777,31.039611025775052,0.0,-3.0992056201812295,36.297221,22.971925000000002,-0.5027889999999999,1.9340630894,-17.38587761593223,8.06768602577505,0.5027889999999999,1.2499165975983575,71.61494578573753,19.17313472192746
1723528404.8345003,191.09753894805908,1723528404.792593,0.041907310485839844,18.554753147868208,31.0883309208655,0.0,-3.0946427233390583,36.260194999999996,23.156653000000002,-0.502254,1.9619103805,-17.705441852131788,7.931677920865496,0.502254,1.2266322033405281,70.28084826624526,19.407381196340765
1723528404.9344974,191.1975359916687,1723528404.9218078,0.012689590454101562,18.32347472982459,31.119610905351934,0.0,-3.0957271271930202,36.210913999999995,23.333914,-0.5034259999999999,1.9875797964,-17.887439270175406,7.785696905351934,0.5034259999999999,1.1998783835865663,68.74796730848952,19.514891690288625
1723528404.9344974,191.1975359916687,1723528404.9218078,0.012689590454101562,18.32347472982459,31.119610905351934,0.0,-3.0957271271930202,36.210913999999995,23.333914,-0.5034259999999999,1.9875797964,-17.887439270175406,7.785696905351934,0.5034259999999999,1.1998783835865663,68.74796730848952,19.514891690288625
1723528405.0344927,191.29753136634827,1723528405.0533957,-0.018903017044067383,17.790178551742233,31.22789637798554,0.0,-3.0933558337064553,36.162651,23.523175000000002,-0.49891800000000003,2.0147246458,-18.372472448257763,7.704721377985539,0.49891800000000003,1.1751048276731313,67.32854711111833,19.928858335215843
1723528405.1344903,191.39752888679504,1723528405.16995,-0.03545975685119629,17.61778149461837,31.26355589710639,0.0,-3.088599773488895,36.113496,23.698921000000002,-0.49834100000000003,2.0419372021999997,-18.495714505381628,7.564634897106387,0.49834100000000003,1.1526483314906921,66.04188465721292,19.98908451989198
1723528405.2344859,191.4975244998932,1723528405.291064,-0.05657815933227539,17.466164507708246,31.290532034326265,0.0,-3.0920892413549685,36.061485,23.861137,-0.508987,2.0711502361,-18.59532049229175,7.429395034326266,0.508987,1.1199458297246176,64.16816932649773,20.03099904031964
1723528405.3344834,191.59752202033997,1723528405.291064,0.04341936111450195,17.16692303054075,31.341660674356064,0.0,-3.0938858723863527,36.061485,23.861137,-0.508987,2.0711502361,-18.894561969459247,7.480523674356064,0.508987,1.1181491986932335,64.06522995105718,20.327857098732917
1723528405.4344788,191.69751739501953,1723528405.3942993,0.04017949104309082,16.936259993760153,31.374176275445617,0.0,-3.095616388245992,36.001684999999995,24.026752000000002,-0.511774,2.0966114487999996,-19.065425006239842,7.347424275445615,0.511774,1.090957470133595,62.50725866692455,20.43861508955631
1723528405.5344758,191.79751443862915,1723528405.5574493,-0.02297353744506836,16.605306760459737,31.419913993466164,0.0,-3.0946954045497552,35.936208,24.183866000000002,-0.5058199999999999,2.120946166,-19.330901239540264,7.236047993466162,0.5058199999999999,1.0675437366298317,61.165750554514865,20.647033374531194
1723528405.5344758,191.79751443862915,1723528405.5574493,-0.02297353744506836,16.605306760459737,31.419913993466164,0.0,-3.0946954045497552,35.936208,24.183866000000002,-0.5058199999999999,2.120946166,-19.330901239540264,7.236047993466162,0.5058199999999999,1.0675437366298317,61.165750554514865,20.647033374531194
1723528405.6344717,191.89751029014587,1723528405.6881516,-0.0536799430847168,16.373400461714514,31.454734424082897,0.0,-3.0957848653772526,35.850254,24.343618,-0.49750900000000003,2.1459764614999997,-19.476853538285486,7.111116424082898,0.49750900000000003,1.0414239803023337,59.669198755039105,20.74037887199186
1723528405.734469,191.99750757217407,1723528405.6881516,0.046317338943481445,15.849710037932454,31.545716754653665,0.0,-3.1011547868534377,35.850254,24.343618,-0.49750900000000003,2.1459764614999997,-20.000543962067546,7.202098754653665,0.49750900000000003,1.0360540588261495,59.361524918137086,21.26357214711257
1723528405.8344643,192.09750294685364,1723528405.8157094,0.018754959106445312,15.726379486091743,31.567480532271258,0.0,-3.0951806711831162,35.75778,24.497846000000003,-0.517702,2.1730151081,-20.031400513908252,7.069634532271255,0.517702,1.0149895278964698,58.154616198443655,21.24864123489523
1723528405.9344616,192.19750022888184,1723528405.9199107,0.014550924301147461,15.465514294817549,31.62081199487021,0.0,-3.096322473607492,35.680583,24.666407,-0.524821,2.1977849126,-20.21506870518245,6.95440499487021,0.524821,0.9890779209720943,56.66999048127498,21.38429771280702
1723528406.034457,192.2974956035614,1723528406.024768,0.009688854217529297,15.221669918868727,31.659504750133337,0.0,-3.0979309188410684,35.604113999999996,24.829688,-0.531204,2.2239169402999996,-20.38244408113127,6.829816750133336,0.531204,0.9613374480385188,55.08057846048421,21.502851002842878
1723528406.1344545,192.39749312400818,1723528406.192343,-0.05788850784301758,14.97740686236624,31.705286836060743,0.0,-3.099877707497396,35.509204,25.001291000000002,-0.533925,2.2505600874,-20.531797137633756,6.7039958360607415,0.533925,0.9327475122821911,53.44249580509647,21.60516905225438
1723528406.23445,192.49748873710632,1723528406.192343,0.04210710525512695,14.696185032794096,31.756870459680684,0.0,-3.100658377323701,35.509204,25.001291000000002,-0.533925,2.2505600874,-20.8130189672059,6.755579459680682,0.533925,0.9319668424558858,53.39776671885596,21.88846016217123
1723528406.3344474,192.59748601913452,1723528406.2939653,0.0404820442199707,14.460923142587813,31.81183038718559,0.0,-3.10101916563424,35.415907999999995,25.170282,-0.538566,2.2754084712,-20.95498485741218,6.6415483871855905,0.538566,0.9067576703453465,51.953387551903155,21.98889739596002
1723528406.4344423,192.69748091697693,1723528406.404976,0.02946639060974121,14.071106426316646,31.860786243990447,0.0,-3.1006601563153096,35.335865999999996,25.318712,-0.531107,2.3036674150999996,-21.26475957368335,6.542074243990445,0.531107,0.8788577357642773,50.354839051716795,22.2546806264635
1723528406.5344398,192.7974784374237,1723528406.5261152,0.008324623107910156,13.829154927027046,31.90249332110304,0.0,-3.1004164005717887,35.252162999999996,25.471033000000002,-0.527384,2.3299425719999998,-21.423008072972948,6.431460321103039,0.527384,0.852826334607798,48.86334963063856,22.3738036694712
1723528406.6344354,192.89747405052185,1723528406.6428921,-0.008456707000732422,13.53381192658288,31.95870231610221,0.0,-3.102459832962006,35.148359,25.623025000000002,-0.5121669999999999,2.3553703045999996,-21.61454707341712,6.33567731610221,0.5121669999999999,0.8253551696175807,47.28936781839157,22.529797319963304
1723528406.7344332,192.9974718093872,1723528406.7808833,-0.046450138092041016,13.204923799460886,32.01245495780558,0.0,-3.1029226039047293,35.036950999999995,25.772658,-0.502594,2.381031989,-21.83202720053911,6.239796957805581,0.502594,0.7992307142748579,45.79254678517555,22.711782811759964
1723528406.8344288,193.09746742248535,1723528406.7808833,0.053545475006103516,13.004162319968783,32.048194309226794,0.0,-3.102643657445839,35.036950999999995,25.772658,-0.502594,2.381031989,-22.03278868003121,6.275536309226794,0.502594,0.7995096607337475,45.80852923998005,22.91459652091154
1723528406.9344263,193.19746494293213,1723528406.8883953,0.04603099822998047,12.63518735735427,32.11502696621582,0.0,-3.1031516937898953,34.916353,25.907911000000002,-0.506208,2.4074385596999996,-22.281165642645732,6.20711596621582,0.506208,0.772595053689692,44.26643584910259,23.135143776348826
1723528407.0344217,193.2974603176117,1723528407.0015953,0.03282642364501953,12.39928252215292,32.15247185763956,0.0,-3.1039872937468522,34.789924,26.048655,-0.513936,2.4330501231999997,-22.39064147784708,6.103816857639561,0.513936,0.7461478902327345,42.75112500292631,23.213391312627866
1723528407.1344194,193.39745807647705,1723528407.1064584,0.027961015701293945,12.04655707920508,32.21513586348932,0.0,-3.103095758904396,34.664307,26.175765000000002,-0.519457,2.4575801703,-22.61774992079492,6.039370863489321,0.519457,0.7225093779751905,41.39673801660078,23.415944300438355
1723528407.2344146,193.49745321273804,1723528407.2365558,-0.002141237258911133,11.80415305531774,32.24905370054827,0.0,-3.105586632267294,34.558355999999996,26.297092000000003,-0.519084,2.4824233272,-22.754202944682255,5.951961700548264,0.519084,0.695175347712293,39.83061344545388,23.525497825373133
1723528407.3344119,193.59745049476624,1723528407.3868134,-0.05240154266357422,11.49046894528862,32.31506953024066,0.0,-3.1059197525391045,34.454983,26.423684,-0.5207309999999999,2.5079735517999997,-22.96451405471138,5.891385530240662,0.5207309999999999,0.6692920028404823,38.34760702461754,23.713888125090886
1723528407.385843,193.64888167381287,1723528407.3868134,-0.0009703636169433594,11.207702947348544,32.3700790253381,0.0,-3.1054147719835385,34.454983,26.423684,-0.5207309999999999,2.5079735517999997,-23.247280052651455,5.946395025338099,0.5207309999999999,0.6697969833960482,38.37654027918764,24.001391718359436
1723528407.4344072,193.6974458694458,1723528407.3868134,0.04759383201599121,11.207649748026837,32.3700885722862,0.0,-3.105414771983498,34.454983,26.423684,-0.5207309999999999,2.5079735517999997,-23.24733325197316,5.946404572286198,0.5207309999999999,0.6697969833960882,38.37654027918993,24.00144561146191
1723528407.4344072,193.6974458694458,1723528407.3868134,0.04759383201599121,11.207649748026837,32.3700885722862,0.0,-3.105414771983498,34.454983,26.423684,-0.5207309999999999,2.5079735517999997,-23.24733325197316,5.946404572286198,0.5207309999999999,0.6697969833960882,38.37654027918993,24.00144561146191
1723528407.534405,193.79744362831116,1723528407.5460017,-0.0115966796875,10.750555056595573,32.46128281526761,0.0,-3.116201862949515,34.32221,26.538001,-0.509563,2.532393016,-23.571654943404425,5.923281815267607,0.509563,0.6345904282300714,36.359353256982665,24.309830083424508
1723528407.6344006,193.8974392414093,1723528407.6487546,-0.01435399055480957,10.402272735176723,32.51532475292826,0.0,-3.109194403053574,34.194537999999994,26.659499,-0.503799,2.5574430953,-23.79226526482327,5.855825752928258,0.503799,0.6165478088260123,35.32558731376923,24.50747631056235
1723528407.7343986,193.99743723869324,1723528407.7647688,-0.030370235443115234,10.266108237140463,32.53813232573383,0.0,-3.104632600628863,34.062929,26.771274000000002,-0.5106229999999999,2.5824397202,-23.796820762859532,5.766858325733825,0.5106229999999999,0.5961129863507237,34.15475823083612,24.49093851237386
1723528407.8343942,194.09743285179138,1723528407.7647688,0.0696253776550293,9.96034950473068,32.60074554747907,0.0,-3.10386573585926,34.062929,26.771274000000002,-0.5106229999999999,2.5824397202,-24.102579495269318,5.82947154747907,0.5106229999999999,0.5968798511203259,34.1986963455916,24.802778326162855
1723528407.9243922,194.18743085861206,1723528407.9130147,0.011377573013305664,9.720903718857672,32.63736524800791,0.0,-3.104228380385663,33.923722,26.877782,-0.508595,2.6079263884999997,-24.202818281142328,5.75958324800791,0.508595,0.5710305382939238,32.71763981732537,24.883887976253945
1723528408.0343878,194.29742646217346,1723528408.0253127,0.009075164794921875,9.527991755198439,32.67112407423452,0.0,-3.1045752432533216,33.790831999999995,26.987189,-0.5038389999999999,2.632285284,-24.262840244801556,5.683935074234519,0.5038389999999999,0.5463247799262645,31.302104133188475,24.924814711664286
1723528408.0940552,194.35709381103516,1723528408.1325457,-0.03849053382873535,9.160722341923792,32.74509175740625,0.0,-3.1036706053530287,33.645759999999996,27.088232,-0.501902,2.6568743479999997,-24.4850376580762,5.656859757406249,0.501902,0.5226403538265585,29.945086477485827,25.135016153763978
1723528408.2343817,194.49742031097412,1723528408.2382584,-0.0038766860961914062,9.160089234950368,32.74520531089845,0.0,-3.1036706053529577,33.507608999999995,27.18737,-0.49495100000000003,2.6795860553999997,-24.347519765049626,5.557835310898447,0.49495100000000003,0.4999286464266286,28.643801497933804,24.978715510309026
1723528408.3643794,194.62741804122925,1723528408.39118,-0.02680063247680664,9.160354882328663,32.74515766462605,0.0,-3.1036706053529577,33.367926999999995,27.278791000000002,-0.49016600000000005,2.7018656949,-24.207572117671333,5.466366664626047,0.49016600000000005,0.4776490069266288,27.367272185510856,24.821925288984925
1723528408.4643753,194.72741389274597,1723528408.4935756,-0.029200315475463867,9.160296847359342,32.7451680737254,0.0,-3.1036706053529577,33.225592,27.373944,-0.48458300000000004,2.7268352277999997,-24.065295152640658,5.371224073725401,0.48458300000000004,0.4526794740266296,25.936623333927848,24.662183591842922
1723528408.534373,194.79741168022156,1723528408.4935756,0.04079747200012207,9.160337728533925,32.745160741315075,0.0,-3.1036706053529577,33.225592,27.373944,-0.48458300000000004,2.7268352277999997,-24.065254271466074,5.371216741315074,0.48458300000000004,0.4526794740266296,25.936623333927848,24.662142103158608
1723528408.6643686,194.92740726470947,1723528408.6375148,0.02685379981994629,9.160204642796524,32.745184611452,0.0,-3.1036706053529577,33.082093,27.452938,-0.491508,2.7470725719,-23.92188835720348,5.292246611451997,0.491508,0.4324421299266288,24.77710892844382,24.505227950072136
1723528408.6643686,194.92740726470947,1723528408.6375148,0.02685379981994629,9.160204642796524,32.745184611452,0.0,-3.1036706053529577,33.082093,27.452938,-0.491508,2.7470725719,-23.92188835720348,5.292246611451997,0.491508,0.4324421299266288,24.77710892844382,24.505227950072136
1723528408.7643666,195.0274052619934,1723528408.7771204,-0.012753725051879883,9.160218129202761,32.74518219254242,0.0,-3.1036706053529577,32.946298999999996,27.547594,-0.493576,2.7679207679999998,-23.786080870797235,5.1975881925424225,0.493576,0.41159393382662857,23.582595281452708,24.35233425113779
1723528408.864362,195.12740063667297,1723528408.8841105,-0.019748449325561523,9.160164931034757,32.745191734117505,0.0,-3.1036706053529577,32.797311,27.612762,-0.48507300000000003,2.7868687859,-23.637146068965244,5.132429734117505,0.48507300000000003,0.3926459159266289,22.49695382564439,24.192804820371315
1723528408.9643598,195.22739839553833,1723528409.0344763,-0.07011651992797852,9.160142358600135,32.74519578268887,0.0,-3.1036706053529577,32.638411,27.685801,-0.47688800000000003,2.8051785790999997,-23.478268641399865,5.059394782688866,0.47688800000000003,0.37433612272662864,21.44787995152704,24.02194821677425
1723528409.0643551,195.3273937702179,1723528409.0344763,0.029878854751586914,9.160126458768243,32.74519863446825,0.0,-3.1036706053529577,32.638411,27.685801,-0.47688800000000003,2.8051785790999997,-23.478284541231755,5.059397634468251,0.47688800000000003,0.37433612272662864,21.44787995152704,24.021964357380288
1723528409.1643505,195.42738914489746,1723528409.1483364,0.01601409912109375,9.160119568187481,32.74519987035656,0.0,-3.1036706053529577,32.483446,27.766609000000003,-0.470484,2.8212292362999998,-23.323326431812518,4.978590870356555,0.470484,0.35828546552662943,20.528245035555816,23.85341229454474
1723528409.264346,195.52738451957703,1723528409.2712471,-0.006901264190673828,9.160105339501854,32.745202422400695,0.0,-3.1036706053529577,32.334582,27.842199,-0.466596,2.8362641388,-23.174476660498144,4.903003422400694,0.466596,0.3432505630266294,19.666808576915123,23.692056113289578
1723528409.3643436,195.62738227844238,1723528409.364263,8.058547973632812e-05,9.16010067649521,32.74520325875331,0.0,-3.1036706053529577,32.194741,27.91452,-0.471549,2.8504957901999997,-23.03464032350479,4.830683258753307,0.471549,0.3290189116266291,18.85139501619366,23.54044421923752
1723528409.4643393,195.72737789154053,1723528409.4831786,-0.018839359283447266,9.160088065625736,32.74520552062739,0.0,-3.1036706053529577,32.040549999999996,27.974578,-0.4681,2.8628781862999997,-22.88046193437426,4.770627520627386,0.4681,0.31663651552662864,18.141935979404384,23.37720134834187
1723528409.5643373,195.82737588882446,1723528409.6327136,-0.06837630271911621,9.16008875515895,32.74520539695334,0.0,-3.1036706053529577,31.893335,28.05874,-0.46247200000000005,2.8762473368999997,-22.733246244841048,4.686465396953338,0.46247200000000005,0.30326736492662953,17.375940074349643,23.215885145654145
1723528409.6643329,195.9273715019226,1723528409.6327136,0.03161931037902832,9.160084790330627,32.74520610808135,0.0,-3.1036706053529577,31.893335,28.05874,-0.46247200000000005,2.8762473368999997,-22.73325020966937,4.686466108081348,0.46247200000000005,0.30326736492662953,17.375940074349643,23.215889171608563
1723528409.7643304,196.02736902236938,1723528409.7411613,0.02316904067993164,9.160086585954033,32.74520578601997,0.0,-3.1036706053529577,31.744126,28.126318,-0.46079200000000003,2.8882605269,-22.584039414045968,4.618887786019972,0.46079200000000003,0.2912541749266284,16.68763498886081,23.05613345516308
1723528409.8643265,196.1273651123047,1723528409.8739665,-0.009639978408813477,9.160083565602134,32.745206327747546,0.0,-3.1036706053529577,31.601676,28.196614,-0.455872,2.9014307206999996,-22.44159243439787,4.548592327747546,0.455872,0.2780839811266296,15.933038468751514,22.902457999875285
1723528409.964324,196.22736263275146,1723528409.9691188,-0.0047948360443115234,9.160086699166259,32.74520576571433,0.0,-3.1036706053529577,31.443627000000003,28.251439,-0.45677,2.9158946773,-22.283540300833742,4.49376676571433,0.45677,0.2636200245266294,15.104314800511114,22.73672682943656
1723528410.0643203,196.32735896110535,1723528410.094758,-0.030437707901000977,9.160086191591429,32.745205856752484,0.0,-3.1036706053529577,31.296795000000003,28.319504000000002,-0.458071,2.9292650529,-22.136708808408574,4.425701856752482,0.458071,0.25024964892662843,14.338248708126361,22.579427424852412
1723528410.1643183,196.42735695838928,1723528410.094758,0.06956028938293457,9.160081322490472,32.74520673007,0.0,-3.1036706053529577,31.296795000000003,28.319504000000002,-0.458071,2.9292650529,-22.136713677509533,4.42570273007,0.458071,0.25024964892662843,14.338248708126361,22.57943236965951
1723528410.2643142,196.527352809906,1723528410.2357285,0.02858567237854004,9.160084324612562,32.74520619161212,0.0,-3.1036706053529577,31.132326000000003,28.371556,-0.45161900000000005,2.9434856657,-21.97224167538744,4.373650191612118,0.45161900000000005,0.23602903612662932,13.523467612596695,22.40785978092023
1723528410.3643117,196.62735033035278,1723528410.3287888,0.0355229377746582,9.16008318602679,32.745206395827836,0.0,-3.1036706053529577,30.973459000000002,28.431619,-0.443498,2.9570570282,-21.81337581397321,4.313587395827835,0.443498,0.22245767362662885,12.745885819104556,22.240213378002473
1723528410.4643075,196.7273461818695,1723528410.4350982,0.029209375381469727,9.16008364720718,32.74520631311094,0.0,-3.1036706053529577,30.820344000000002,28.493099,-0.434898,2.9707583322,-21.66026035279282,4.25210731311094,0.434898,0.20875636962662927,11.960858926078867,22.07796257410054
1723528410.5643053,196.82734394073486,1723528410.5399919,0.02431344985961914,9.16008256537561,32.74520650714727,0.0,-3.1036706053529577,30.66977,28.541557,-0.440618,2.9852610227999996,-21.50968743462439,4.203649507147272,0.440618,0.19425367902662874,11.129915963114785,21.921027962577437
1723528410.664304,196.92734265327454,1723528410.6632133,0.0010907649993896484,9.160085147042864,32.74520604410178,0.0,-3.1036706053529577,30.500164,28.597529,-0.44350500000000004,3.0006870499,-21.340078852957138,4.147677044101776,0.44350500000000004,0.17882765192662856,10.246069715630341,21.743939086504597
1723528410.764302,197.02734065055847,1723528410.8062322,-0.041930198669433594,9.16008449065403,32.745206161831085,0.0,-3.1036706053529577,30.329506000000002,28.654791,-0.436819,3.0132838991999997,-21.169421509345973,4.0904151618310856,0.436819,0.16623080262662907,9.524323415578046,21.565405492947697
1723528410.8642976,197.12733626365662,1723528410.8062322,0.05806541442871094,9.160082878663504,32.74520645095624,0.0,-3.1036706053529577,30.329506000000002,28.654791,-0.436819,3.0132838991999997,-21.1694231213365,4.09041545095624,0.436819,0.16623080262662907,9.524323415578046,21.56540713017862
1723528410.9642956,197.22733426094055,1723528410.959864,0.004431724548339844,9.160082421949381,32.74520653287207,0.0,-3.1036706053529577,30.159666,28.703196000000002,-0.429136,3.0281307825,-20.99958357805062,4.042010532872066,0.429136,0.15138391932662845,8.673659663564745,21.38935523352394
1723528411.0642915,197.32733011245728,1723528411.0945444,-0.030252933502197266,9.160083935589965,32.74520626138686,0.0,-3.1036706053529577,29.988234000000002,28.74297,-0.43212300000000003,3.0436618421999997,-20.82815006441004,4.002236261386862,0.43212300000000003,0.13585285962662955,7.78379549138909,21.213591409393008
1723528411.1642895,197.4273281097412,1723528411.2255268,-0.061237335205078125,9.160083351383227,32.74520636616965,0.0,-3.1036706053529577,29.799426,28.783289,-0.42026,3.0558550678999996,-20.639342648616775,3.961917366169647,0.42026,0.12365963392662872,7.085175120128594,21.020368042709624
1723528411.2642858,197.5273244380951,1723528411.2255268,0.03875899314880371,9.160083321680636,32.745206371497076,0.0,-3.1036706053529577,29.799426,28.783289,-0.42026,3.0558550678999996,-20.639342678319366,3.9619173714970763,0.42026,0.12365963392662872,7.085175120128594,21.020368072877922
1723528411.3642836,197.62732219696045,1723528411.3562908,0.007992744445800781,9.160083791836827,32.7452062871703,0.0,-3.1036706053529577,29.615116,28.822501000000003,-0.41789000000000004,3.0688274611999997,-20.455032208163175,3.922705287170295,0.41789000000000004,0.11068724062662863,6.341911733854802,20.831960816473483
1723528411.46428,197.72731852531433,1723528411.4891002,-0.024820327758789062,9.160083146123826,32.745206402984806,0.0,-3.1036706053529577,29.425272,28.863513,-0.417435,3.0828210903,-20.265188853876175,3.881693402984805,0.417435,0.09669361152662882,5.54013584635336,20.637821467811662
1723528411.5642776,197.8273162841797,1723528411.5931442,-0.02886652946472168,9.160083098874678,32.74520641145936,0.0,-3.1036706053529577,29.256681,28.908350000000002,-0.417213,3.0926206141,-20.09659790112532,3.8368564114593546,0.417213,0.08689408772662889,4.978664491375362,20.463840817623666
1723528411.664274,197.92731261253357,1723528411.695525,-0.031250953674316406,9.160082884710098,32.745206449871716,0.0,-3.1036706053529577,29.08625,28.955442,-0.3997,3.1034767577999998,-19.9261671152899,3.789764449871715,0.3997,0.07603794402662903,4.356653275577832,20.28729184938128
1723528411.7642713,198.02730989456177,1723528411.7678127,-0.0035414695739746094,9.1600828175039,32.745206461925754,0.0,-3.1036706053529577,28.900253000000003,28.988332,-0.402158,3.1118066278999996,-19.7401701824961,3.7568744619257544,0.402158,0.06770807392662916,3.8793868749556224,20.09851127853857
1723528411.8642676,198.12730622291565,1723528411.9429233,-0.07865571975708008,9.160083206440396,32.745206392166466,0.0,-3.1036706053529577,28.708309,29.038251000000002,-0.40344100000000005,3.1187445292,-19.548225793559602,3.7069553921664635,0.40344100000000005,0.06077017262662945,3.4818744117873117,19.900688797023633
1723528411.9642656,198.22730422019958,1723528411.9429233,0.02134227752685547,9.16008299538095,32.74520643002191,0.0,-3.1036706053529577,28.708309,29.038251000000002,-0.40344100000000005,3.1187445292,-19.54822600461905,3.7069554300219067,0.40344100000000005,0.06077017262662945,3.4818744117873117,19.900689011396423
1723528412.0942614,198.35730004310608,1723528412.0668192,0.027442216873168945,9.160080373845748,32.745206900218086,0.0,-3.1036706053529577,28.508569,29.075873,-0.390981,3.1252348651,-19.348488626154253,3.669333900218085,0.390981,0.05427983672662886,3.110005557095035,19.697230504059984
1723528412.2042594,198.46729803085327,1723528412.1958854,0.00837397575378418,9.160079790584847,32.74520700483123,0.0,-3.1036706053529577,28.313732,29.120330000000003,-0.382618,3.1305517729999996,-19.153652209415156,3.6248770048312267,0.382618,0.04896292882662958,2.805369174365311,19.497397846720787
1723528412.2942553,198.55729389190674,1723528412.3030145,-0.008759260177612305,9.16008102985861,32.745206782556224,0.0,-3.1036706053529577,28.125443,29.167901,-0.391484,3.1304559724999996,-18.96536197014139,3.5773057825562233,0.391484,0.049058729326629164,2.8108581386905303,19.30376468574593
1723528412.3942535,198.65729212760925,1723528412.4251652,-0.030911684036254883,9.160080692487215,32.74520684306685,0.0,-3.1036706053529577,27.931604,29.219292,-0.39959300000000003,3.1301259511999997,-18.771523307512787,3.525914843066854,0.39959300000000003,0.049388750626629084,2.8297669663299465,19.10397438573199
1723528412.494249,198.7572877407074,1723528412.5269892,-0.032740116119384766,9.160080491954353,32.745206879034235,0.0,-3.1036706053529577,27.742089,29.253324000000003,-0.396515,3.1289656266,-18.582008508045647,3.4918828790342324,0.396515,0.05054907522662891,2.896248668775142,18.91141217305567
1723528412.5942473,198.8572859764099,1723528412.6603813,-0.06613397598266602,9.160080835199118,32.74520681747017,0.0,-3.1036706053529577,27.544716,29.29885,-0.389608,3.1274376062,-18.384635164800883,3.4463568174701678,0.389608,0.05207709562662923,2.983797788705052,18.708927811337034
1723528412.694243,198.95728158950806,1723528412.6603813,0.033861637115478516,9.160080959646443,32.74520679514941,0.0,-3.1036706053529577,27.544716,29.29885,-0.389608,3.1274376062,-18.384635040353558,3.4463567951494056,0.389608,0.05207709562662923,2.983797788705052,18.708927684935134
1723528412.794241,199.057279586792,1723528412.7811172,0.013123750686645508,9.160080919890405,32.74520680228001,0.0,-3.1036706053529577,27.348139,29.354662,-0.376626,3.1274649603999998,-18.188058080109595,3.390544802280008,0.376626,0.05204974142662901,2.9822305084930827,18.50521812693879
1723528412.8942368,199.15727543830872,1723528412.865501,0.028735876083374023,9.16008065718331,32.74520684939891,0.0,-3.1036706053529577,27.143339,29.395804000000002,-0.36981,3.1269737368999997,-17.98325834281669,3.34940284939891,0.36981,0.052540964926629095,3.010375541840732,18.296252061778873
1723528412.8942368,199.15727543830872,1723528412.865501,0.028735876083374023,9.16008065718331,32.74520684939891,0.0,-3.1036706053529577,27.143339,29.395804000000002,-0.36981,3.1269737368999997,-17.98325834281669,3.34940284939891,0.36981,0.052540964926629095,3.010375541840732,18.296252061778873
1723528412.9942353,199.2572739124298,1723528413.061615,-0.06737971305847168,9.160081547532982,32.745206689706585,0.0,-3.1036706053529577,26.932858000000003,29.448106000000003,-0.372803,3.1259861894,-17.77277645246702,3.297100689706582,0.372803,0.05352851242662939,3.0669578456594446,18.079862772273433
1723528413.0942316,199.3572702407837,1723528413.061615,0.032616615295410156,9.160081046873875,32.74520677950435,0.0,-3.1036706053529577,26.932858000000003,29.448106000000003,-0.372803,3.1259861894,-17.772776953126126,3.2971007795043477,0.372803,0.05352851242662939,3.0669578456594446,18.079863280804652
1723528413.1942298,199.4572684764862,1723528413.175807,0.018422842025756836,9.160081128550186,32.74520676485496,0.0,-3.1036706053529577,26.728112000000003,29.491522,-0.36813500000000005,3.1240576626,-17.568030871449817,3.253684764854963,0.36813500000000005,0.055457039226628944,3.1774542919772895,17.870581877137862
1723528413.3042264,199.56726503372192,1723528413.3037634,0.0004630088806152344,9.160080849927926,32.74520681482841,0.0,-3.1036706053529577,26.525153000000003,29.530697,-0.37286400000000003,3.1231876472,-17.365072150072077,3.214509814828407,0.37286400000000003,0.05632705462662837,3.2273025025086426,17.66402648575157
1723528413.394224,199.65726256370544,1723528413.3895109,0.0047130584716796875,9.160081258306661,32.74520674158196,0.0,-3.1036706053529577,26.309569,29.578635000000002,-0.377313,3.1220658963999997,-17.14948774169334,3.166571741581958,0.377313,0.057448805426629584,3.291574089014136,17.44346500833606
1723528413.4942203,199.75725889205933,1723528413.512033,-0.017812728881835938,9.160081259060133,32.74520674144682,0.0,-3.1036706053529577,26.107805000000003,29.630874000000002,-0.372572,3.1210733201,-16.94772374093987,3.1143327414468196,0.372572,0.0584413817266294,3.348444521848837,17.23552199148168
1723528413.5942178,199.8572564125061,1723528413.659069,-0.06485128402709961,9.160081246130446,32.74520674376588,0.0,-3.1036706053529577,25.884981,29.678700000000003,-0.37087000000000003,3.1206883849,-16.724899753869554,3.066506743765874,0.37087000000000003,0.05882631692662901,3.3704996841948387,17.007741764956553
1723528413.7042139,199.96725249290466,1723528413.659069,0.04514479637145996,9.160081087132228,32.745206772283645,0.0,-3.1036706053529577,25.884981,29.678700000000003,-0.37087000000000003,3.1206883849,-16.72489991286777,3.066506772283642,0.37087000000000003,0.05882631692662901,3.3704996841948387,17.007741926452372
1723528413.8042119,200.0672504901886,1723528413.7624626,0.04174923896789551,9.160081152186489,32.74520676061559,0.0,-3.1036706053529577,25.685665,29.7391,-0.365423,3.1200770279,-16.52558384781351,3.0061067606155873,0.365423,0.059437673926629374,3.4055278600706385,16.80074799930832
1723528413.8042119,200.0672504901886,1723528413.7624626,0.04174923896789551,9.160081152186489,32.74520676061559,0.0,-3.1036706053529577,25.685665,29.7391,-0.365423,3.1200770279,-16.52558384781351,3.0061067606155873,0.365423,0.059437673926629374,3.4055278600706385,16.80074799930832
1723528413.894208,200.15724658966064,1723528413.8881683,0.006039619445800781,9.16008155740271,32.74520668793637,0.0,-3.1036706053529577,25.480738000000002,29.790660000000003,-0.36025,3.1208899881999996,-16.32065644259729,2.9545466879363644,0.36025,0.05862471362662915,3.3589486659689367,16.589844873023623
1723528413.9942062,200.25724482536316,1723528414.0000174,-0.005811214447021484,9.16008136880824,32.74520672176249,0.0,-3.1036706053529577,25.268926,29.845548,-0.35941,3.1206346795999997,-16.108844631191758,2.899658721762492,0.35941,0.05888002222662905,3.3735767712223246,16.37168505691057
1723528414.0942023,200.35724091529846,1723528414.123929,-0.029726743698120117,9.160081446649471,32.74520670780097,0.0,-3.1036706053529577,25.059874,29.896607,-0.35009300000000004,3.1214176675,-15.89979255335053,2.848599707800968,0.35009300000000004,0.05809703432662896,3.328714869142508,16.15674746486785
1723528414.1942008,200.45723938941956,1723528414.2605095,-0.06630873680114746,9.160081416546593,32.74520671320019,0.0,-3.1036706053529577,24.839182,29.941065000000002,-0.34585000000000005,3.1232269144,-15.679100583453408,2.8041417132001882,0.34585000000000005,0.05628778742662835,3.2250526576753455,15.931635762728769
1723528414.2941968,200.55723547935486,1723528414.2605095,0.03368735313415527,9.16008148055602,32.745206701719525,0.0,-3.1036706053529577,24.839182,29.941065000000002,-0.34585000000000005,3.1232269144,-15.679100519443981,2.804141701719523,0.34585000000000005,0.05628778742662835,3.2250526576753455,15.931635697713244
1723528414.404195,200.66723370552063,1723528414.3666694,0.03752565383911133,9.160081344055774,32.7452067262021,0.0,-3.1036706053529577,24.605063,29.994009000000002,-0.34500200000000003,3.1242310346999997,-15.444981655944227,2.751197726202097,0.34500200000000003,0.05528366712662904,3.1675208023619748,15.691895158364947
1723528414.505191,200.76822972297668,1723528414.4914377,0.013753414154052734,9.160081411460721,32.74520671411241,0.0,-3.1036706053529577,24.382741000000003,30.049665,-0.34986900000000004,3.1252069769,-15.222659588539281,2.6955417141124123,0.34986900000000004,0.05430772492662885,3.1116034332532516,15.46343165012954
1723528414.605189,200.86822772026062,1723528414.6004777,0.0047113895416259766,9.160081446925345,32.74520670775151,0.0,-3.1036706053529577,24.145825000000002,30.092257,-0.345883,3.1268286899,-14.985743553074657,2.6529497077515067,0.345883,0.05268601192662838,3.0186861227717254,15.222689875316599
1723528414.6941855,200.9572241306305,1723528414.722526,-0.028340578079223633,9.16008151354473,32.74520669580273,0.0,-3.1036706053529577,23.926143,30.154099000000002,-0.34240600000000004,3.1284639898999997,-14.76606148645527,2.5911076958027266,0.34240600000000004,0.05105071192662904,2.92499033453402,14.995587777138372
1723528414.754855,201.01789355278015,1723528414.722526,0.03232884407043457,9.16008159141206,32.74520668183652,0.0,-3.1036706053529577,23.926143,30.154099000000002,-0.34240600000000004,3.1284639898999997,-14.76606140858794,2.591107681836519,0.34240600000000004,0.05105071192662904,2.92499033453402,14.99558769804966
1723528414.8041837,201.06722235679626,1723528414.845265,-0.04108119010925293,9.160081543866456,32.74520669036425,0.0,-3.1036706053529577,23.698081000000002,30.200075000000002,-0.34118400000000004,3.129880148,-14.537999456133546,2.545131690364247,0.34118400000000004,0.049634553826628534,2.843850452280725,14.763046095900792
1723528414.90418,201.16721868515015,1723528414.845265,0.058915138244628906,9.16008147755124,32.74520670225849,0.0,-3.1036706053529577,23.698081000000002,30.200075000000002,-0.34118400000000004,3.129880148,-14.537999522448763,2.545131702258491,0.34118400000000004,0.049634553826628534,2.843850452280725,14.76304616325566
1723528414.9941778,201.25721645355225,1723528414.9722087,0.021969079971313477,9.160081535039948,32.74520669194738,0.0,-3.1036706053529577,23.462634,30.264954,-0.346549,3.1338207524999997,-14.302552464960053,2.4802526919473813,0.346549,0.04569394932662909,2.618070445700497,14.520150021203229
1723528415.1041741,201.36721277236938,1723528415.075518,0.0286562442779541,9.16008149571611,32.74520669900046,0.0,-3.1036706053529577,23.234104000000002,30.305406,-0.33676100000000003,3.1357102094,-14.074022504283892,2.439800699000461,0.33676100000000003,0.043804492426629225,2.5098125397586326,14.287902045893707
1723528415.1941721,201.45721077919006,1723528415.2114441,-0.017271995544433594,9.160081523146124,32.74520669408065,0.0,-3.1036706053529577,23.009856000000003,30.361963,-0.33692900000000003,3.1381516422,-13.849774476853879,2.383243694080651,0.33692900000000003,0.041363059626628805,2.369928744353801,14.057369053849634
1723528415.3041682,201.56720685958862,1723528415.3515327,-0.04736447334289551,9.160081502646436,32.74520669775745,0.0,-3.1036706053529577,22.774019000000003,30.397831,-0.326305,-3.1407425526000003,-13.613937497353566,2.347375697757453,0.326305,0.03707194724704266,2.1240661155871754,13.818680899467097
1723528415.3941665,201.65720510482788,1723528415.3515327,0.042633771896362305,9.160081509998525,32.745206696438785,0.0,-3.1036706053529577,22.774019000000003,30.397831,-0.326305,-3.1407425526000003,-13.613937490001478,2.3473756964387853,0.326305,0.03707194724704266,2.1240661155871754,13.818680891999938
1723528415.5041625,201.76720118522644,1723528415.4542813,0.0498812198638916,9.160081493782986,32.745206699347186,0.0,-3.1036706053529577,22.533634000000003,30.451150000000002,-0.328129,-3.1370664442000002,-13.373552506217017,2.294056699347184,0.328129,0.03339583884704256,1.9134406192345799,13.572850526584464
1723528415.594161,201.85719966888428,1723528415.5751023,0.019058704376220703,9.160081516553827,32.74520669526302,0.0,-3.1036706053529577,22.285342,30.500431000000003,-0.33274200000000004,-3.1335933738,-13.125260483446173,2.2447756952630193,0.33274200000000004,0.02992276844704245,1.714448343362761,13.31999241437176
1723528415.704157,201.96719574928284,1723528415.7026114,0.0015456676483154297,9.160081500136679,32.74520669820758,0.0,-3.1036706053529577,22.048035000000002,30.552807,-0.334378,-3.1293301467,-12.887953499863324,2.1923996982075806,0.334378,0.0256595413470424,1.4701834234269606,13.077376284951962
1723528415.8341517,202.09719038009644,1723528415.8479517,-0.013799905776977539,9.160081427032512,32.74520671131947,0.0,-3.1036706053529577,21.812263,30.598775,-0.33372100000000005,-3.125522966,-12.65218157296749,2.146431711319469,0.33372100000000005,0.021852360647042435,1.2520480374733003,12.837298678169677
1723528415.9341502,202.19718885421753,1723528415.9640086,-0.02985835075378418,9.16008144175119,32.74520670867954,0.0,-3.1036706053529577,21.562713000000002,30.641147,-0.32904900000000004,-3.1227550012000003,-12.402631558248812,2.1040597086795394,0.32904900000000004,0.01908439584704258,1.0934553365925355,12.584141213120544
1723528415.9941502,202.25718879699707,1723528415.9640086,0.030141592025756836,9.16008150409424,32.74520669749775,0.0,-3.1036706053529577,21.562713000000002,30.641147,-0.32904900000000004,-3.1227550012000003,-12.402631495905762,2.1040596974977497,0.32904900000000004,0.01908439584704258,1.0934553365925355,12.584141149807124
1723528416.0617225,202.32476115226746,1723528416.085862,-0.024139404296875,9.160081512074138,32.745206696066475,0.0,-3.1036706053529577,21.301858000000003,30.680811000000002,-0.31727700000000003,-3.1187256796000002,-12.141776487925865,2.064395696066473,0.31727700000000003,0.015055074247042553,0.8625922146116339,12.320110817984396
1723528416.094147,202.3571856021881,1723528416.085862,0.008285045623779297,9.160081508891217,32.745206696637354,0.0,-3.1036706053529577,21.301858000000003,30.680811000000002,-0.31727700000000003,-3.1187256796000002,-12.141776491108786,2.0643956966373516,0.31727700000000003,0.015055074247042553,0.8625922146116339,12.3201108212169
1723528416.1941454,202.4571840763092,1723528416.19118,0.0029654502868652344,9.160081500125552,32.74520669820956,0.0,-3.1036706053529577,21.056816,30.72362,-0.308309,-3.1147831874,-11.89673449987445,2.021586698209557,0.308309,0.011112582047042352,0.6367040507883757,12.071211992934337
1723528416.3341405,202.59717917442322,1723528416.3168797,0.01726078987121582,9.16008144796879,32.74520670756436,0.0,-3.1036706053529577,20.799238000000003,30.778734,-0.30656700000000003,-3.1114917126000003,-11.639156552031212,1.9664727075643569,0.30656700000000003,0.007821107247042658,0.4481164363747264,11.80808890031641
1723528416.4341369,202.6971755027771,1723528416.450362,-0.016225099563598633,9.160081460264788,32.74520670535895,0.0,-3.1036706053529577,20.555502,30.825381,-0.30117900000000003,-3.1091105378000004,-11.395420539735213,1.919825705358953,0.30117900000000003,0.005439932447042661,0.3116851700518187,11.559932906657252
1723528416.5341356,202.79717421531677,1723528416.5915253,-0.05738973617553711,9.160081470575587,32.745206703509616,0.0,-3.1036706053529577,20.305653000000003,30.872815000000003,-0.29454400000000003,-3.1065613611000003,-11.145571529424416,1.8723917035096136,0.29454400000000003,0.0028907557470425616,0.16562810390872618,11.30559027989356
1723528416.6341321,202.89717078208923,1723528416.5915253,0.04260683059692383,9.160081474145919,32.745206702869254,0.0,-3.1036706053529577,20.305653000000003,30.872815000000003,-0.29454400000000003,-3.1065613611000003,-11.145571525854084,1.8723917028692512,0.29454400000000003,0.0028907557470425616,0.16562810390872618,11.305590276267708
1723528416.6341321,202.89717078208923,1723528416.5915253,0.04260683059692383,9.160081474145919,32.745206702869254,0.0,-3.1036706053529577,20.305653000000003,30.872815000000003,-0.29454400000000003,-3.1065613611000003,-11.145571525854084,1.8723917028692512,0.29454400000000003,0.0028907557470425616,0.16562810390872618,11.305590276267708
1723528416.7341306,202.99716925621033,1723528416.6985893,0.03554129600524902,9.160081490691832,32.745206699901594,0.0,-3.1036706053529577,20.048727000000003,30.918002,-0.29317000000000004,-3.1038870966000003,-10.888645509308171,1.8272046999015927,0.29317000000000004,0.0002164912470425939,0.012404034757064695,11.044782781549824
1723528416.834127,203.0971655845642,1723528416.8011208,0.03300619125366211,9.16008148005835,32.7452067018088,0.0,-3.1036706053529577,19.787126,30.958022,-0.29776800000000003,-3.1024457744,-10.62704451994165,1.7871847018087976,0.29776800000000003,-0.0012248309529576673,-0.07017764422146101,10.780388219773222
1723528416.9341254,203.1971640586853,1723528416.9357083,-0.0015828609466552734,9.1600814846349,32.74520670098796,0.0,-3.1036706053529577,19.527081000000003,30.994462000000002,-0.296773,-3.1003414705,-10.366999515365103,1.7507447009879549,0.296773,-0.003329134852957605,-0.19074537650437667,10.517977950782493
1723528417.0341215,203.2971601486206,1723528417.0628788,-0.028757333755493164,9.160081485835743,32.74520670077257,0.0,-3.1036706053529577,19.267770000000002,31.044949000000003,-0.28839200000000004,-3.098461967,-10.10768851416426,1.7002577007725677,0.28839200000000004,-0.005208638352957706,-0.298432994634449,10.253751181595373
1723528417.1341197,203.39715838432312,1723528417.1848354,-0.05071568489074707,9.160081487020266,32.74520670056012,0.0,-3.1036706053529577,19.000275000000002,31.102337000000002,-0.29613300000000004,-3.095636985,-9.840193512979736,1.6428697005601158,0.29613300000000004,-0.008033620352957627,-0.4602925404348708,9.980787743439691
1723528417.2341163,203.49715495109558,1723528417.1848354,0.04928088188171387,9.160081488650377,32.74520670026774,0.0,-3.1036706053529577,19.000275000000002,31.102337000000002,-0.29613300000000004,-3.095636985,-9.840193511349625,1.6428697002677346,0.29613300000000004,-0.008033620352957627,-0.4602925404348708,9.980787741784416
1723528417.3341148,203.59715342521667,1723528417.3286004,0.005514383316040039,9.160081495108358,32.745206699109445,0.0,-3.1036706053529577,18.742291,31.149371000000002,-0.29187300000000005,-3.0930228948000003,-9.582209504891644,1.5958356991094433,0.29187300000000005,-0.010647710552957435,-0.6100688761613691,9.718570904321112
1723528417.3341148,203.59715342521667,1723528417.3286004,0.005514383316040039,9.160081495108358,32.745206699109445,0.0,-3.1036706053529577,18.742291,31.149371000000002,-0.29187300000000005,-3.0930228948000003,-9.582209504891644,1.5958356991094433,0.29187300000000005,-0.010647710552957435,-0.6100688761613691,9.718570904321112
1723528417.434111,203.69714975357056,1723528417.454882,-0.020770788192749023,9.160081500040882,32.74520669822476,0.0,-3.1036706053529577,18.487139000000003,31.186673000000003,-0.28951000000000005,-3.0914584460000003,-9.327057499959121,1.5585336982247604,0.28951000000000005,-0.012212159352957386,-0.6997051896656724,9.460805723412031
1723528417.5341098,203.79714846611023,1723528417.5856478,-0.05153799057006836,9.160081491601671,32.745206699738404,0.0,-3.1036706053529577,18.220901,31.22532,-0.28300600000000004,-3.0911232749,-9.06081950839833,1.5198866997384037,0.28300600000000004,-0.012547330452957528,-0.7189090791104379,9.191767955069876
1723528417.6341064,203.8971450328827,1723528417.5856478,0.04845857620239258,9.160081497354382,32.745206698706596,0.0,-3.1036706053529577,18.220901,31.22532,-0.28300600000000004,-3.0911232749,-9.06081950264562,1.5198866987065962,0.28300600000000004,-0.012547330452957528,-0.7189090791104379,9.191767949228508
1723528417.734105,203.99714374542236,1723528417.7158782,0.01822686195373535,9.160081496619476,32.7452066988384,0.0,-3.1036706053529577,17.939197,31.283253000000002,-0.280528,-3.0900736611000004,-8.779115503380524,1.4619536988383999,0.280528,-0.013596944252957321,-0.7790475199691145,8.904429998491063
1723528417.734105,203.99714374542236,1723528417.7158782,0.01822686195373535,9.160081496619476,32.7452066988384,0.0,-3.1036706053529577,17.939197,31.283253000000002,-0.280528,-3.0900736611000004,-8.779115503380524,1.4619536988383999,0.280528,-0.013596944252957321,-0.7790475199691145,8.904429998491063
1723528417.834102,204.0971405506134,1723528417.8212183,0.012883663177490234,9.160081500062752,32.74520669822082,0.0,-3.1036706053529577,17.660205,31.327208000000002,-0.28209,-3.0887815266,-8.50012349993725,1.417998698220817,0.28209,-0.01488907875295764,-0.8530813733823797,8.622203580897486
1723528417.9341004,204.1971390247345,1723528417.9457052,-0.011604785919189453,9.160081497393852,32.7452066986995,0.0,-3.1036706053529577,17.384778,31.368009,-0.284322,-3.0888629373,-8.224696502606148,1.3771976986994972,0.284322,-0.014807668052957634,-0.8484168838651737,8.344048481460844
1723528418.0340967,204.29713535308838,1723528418.0557191,-0.021622419357299805,9.160081497684205,32.74520669864741,0.0,-3.1036706053529577,17.106188000000003,31.407551,-0.279239,-3.090501751,-7.946106502315798,1.3376556986474064,0.279239,-0.01316885435295756,-0.7545197754469507,8.062748026162685
1723528418.1340952,204.39713382720947,1723528418.0557191,0.07837605476379395,9.160081499679238,32.745206698289586,0.0,-3.1036706053529577,17.106188000000003,31.407551,-0.279239,-3.090501751,-7.946106500320765,1.3376556982895842,0.279239,-0.01316885435295756,-0.7545197754469507,8.06274802413715
1723528418.2340913,204.49712991714478,1723528418.2148108,0.019280433654785156,9.160081499040466,32.74520669840417,0.0,-3.1036706053529577,16.817845000000002,31.452178,-0.277449,-3.0902719431000003,-7.657763500959536,1.293028698404168,0.277449,-0.013398662252957383,-0.7676867982157051,7.771115942972787
1723528418.3340898,204.59712839126587,1723528418.3341413,-5.14984130859375e-05,9.160081499063573,32.745206698400025,0.0,-3.1036706053529577,16.542402000000003,31.493602000000003,-0.268832,-3.0911535779,-7.38232050093643,1.2516046984000226,0.268832,-0.012517027452957574,-0.7171728451038556,7.492492305223097
1723528418.4340863,204.69712495803833,1723528418.4354124,-0.0013260841369628906,9.1600814991708,32.74520669838078,0.0,-3.1036706053529577,16.245701,31.544161000000003,-0.273422,-3.0934292688,-7.0856195008292,1.2010456983807742,0.273422,-0.01024133655295767,-0.5867853610575332,7.191889464543653
1723528418.4864292,204.74946784973145,1723528418.4354124,0.051016807556152344,9.160081502494835,32.74520669778458,0.0,-3.1036706053529577,16.245701,31.544161000000003,-0.273422,-3.0934292688,-7.085619497505165,1.2010456977845791,0.273422,-0.01024133655295767,-0.5867853610575332,7.191889461169172
1723528418.534085,204.797123670578,1723528418.5627341,-0.028649091720581055,9.160081501120498,32.74520669803108,0.0,-3.1036706053529577,15.972116,31.594936,-0.280409,-3.0936753127000003,-6.812034498879502,1.1502706980310826,0.280409,-0.0099952926529574,-0.5726880840125789,6.914156918956527
1723528418.6340811,204.8971197605133,1723528418.679218,-0.04513692855834961,9.160081499616672,32.74520669830082,0.0,-3.1036706053529577,15.69062,31.639027000000002,-0.27182700000000004,-3.0937555032,-6.530538500383328,1.1061796983008172,0.27182700000000004,-0.009915102152957546,-0.5680935068055434,6.629136938384272
1723528418.7340796,204.9971182346344,1723528418.679218,0.05486154556274414,9.160081500100096,32.745206698214105,0.0,-3.1036706053529577,15.69062,31.639027000000002,-0.27182700000000004,-3.0937555032,-6.530538499899903,1.1061796982141026,0.27182700000000004,-0.009915102152957546,-0.5680935068055434,6.629136937893568
1723528418.834076,205.09711456298828,1723528418.8048398,0.0292360782623291,9.160081499989774,32.74520669823389,0.0,-3.1036706053529577,15.404102,31.686474,-0.27487,-3.094733843,-6.244020500010226,1.058732698233893,0.27487,-0.008936762352957484,-0.5120387653358668,6.339105650465022
1723528418.9340744,205.19711303710938,1723528418.9155085,0.018565893173217773,9.160081500021633,32.74520669822817,0.0,-3.1036706053529577,15.118445,31.74096,-0.27402800000000005,-3.0955106204000002,-5.958363499978367,1.0042466982281724,0.27402800000000005,-0.008159984952957444,-0.46753269869471914,6.048611276446904
1723528419.0340705,205.29710912704468,1723528419.0364017,-0.002331256866455078,9.160081500419329,32.74520669815685,0.0,-3.1036706053529577,14.841332999999999,31.786453,-0.27829200000000004,-3.0961069897,-5.68125149958067,0.9587536981568476,0.27829200000000004,-0.007563615652957711,-0.43336325477356324,5.768299029391684
1723528419.134069,205.39710760116577,1723528419.1430826,-0.009013652801513672,9.160081500064507,32.74520669822049,0.0,-3.1036706053529577,14.563312999999999,31.832498,-0.278924,-3.0974063146,-5.403231499935492,0.9127086982204915,0.278924,-0.006264290752957535,-0.3589174217872954,5.48687036547051
1723528419.2340655,205.49710416793823,1723528419.252763,-0.018697500228881836,9.160081500367028,32.74520669816623,0.0,-3.1036706053529577,14.2796,31.880953,-0.275401,-3.0977083067,-5.119518499632973,0.8642536981662268,0.275401,-0.0059622986529577204,-0.3416145490110133,5.199254738294638
1723528419.3340645,205.59710311889648,1723528419.3849874,-0.05092287063598633,9.16008150058406,32.7452066981273,0.0,-3.1036706053529577,13.992923,31.921628000000002,-0.27894800000000003,-3.0976568001,-4.83284149941594,0.8235786981272959,0.27894800000000003,-0.0060138052529574715,-0.3445656598080675,4.910443036752382
1723528419.4340615,205.6971001625061,1723528419.3849874,0.04907417297363281,9.160081500471689,32.74520669814746,0.0,-3.1036706053529577,13.992923,31.921628000000002,-0.27894800000000003,-3.0976568001,-4.83284149952831,0.8235786981474611,0.27894800000000003,-0.0060138052529574715,-0.3445656598080675,4.91044303686636
1723528419.5340602,205.79709887504578,1723528419.5103717,0.023688554763793945,9.160081500725532,32.74520669810193,0.0,-3.1036706053529577,13.694301,31.964762,-0.26982700000000004,-3.0985574506,-4.534219499274467,0.7804446981019311,0.26982700000000004,-0.005113154752957705,-0.29296218734173357,4.6088010376154465
1723528419.6340568,205.89709544181824,1723528419.6342487,-0.0001919269561767578,9.160081500837896,32.74520669808177,0.0,-3.1036706053529577,13.408106,32.015773,-0.268855,-3.0985249709000002,-4.248024499162105,0.7294336980817704,0.268855,-0.005145634452957459,-0.29482313707157054,4.318572527630362
1723528419.7340555,205.9970941543579,1723528419.7564454,-0.022389888763427734,9.160081500786827,32.745206698090946,0.0,-3.1036706053529577,13.127462,32.075289,-0.270118,-3.0989571033,-3.9673804992131725,0.6699176980909485,0.270118,-0.004713502052957619,-0.2700637743607206,4.032599841501316
1723528419.7950487,206.058087348938,1723528419.7564454,0.03860330581665039,9.160081501157963,32.745206698024376,0.0,-3.1036706053529577,13.127462,32.075289,-0.270118,-3.0989571033,-3.9673804988420365,0.6699176980243777,0.270118,-0.004713502052957619,-0.2700637743607206,4.032599841125123
1723528419.834052,206.09709072113037,1723528419.8864179,-0.052365779876708984,9.160081500956705,32.745206698060464,0.0,-3.1036706053529577,12.849643,32.118914000000004,-0.27294,-3.0982476987000003,-3.689561499043295,0.6262926980604604,0.27294,-0.005422906652957416,-0.31070966390787536,3.7522796860663865
1723528419.9640508,206.22708940505981,1723528420.015846,-0.051795244216918945,9.16008149975292,32.74520669827638,0.0,-3.1036706053529577,12.555420999999999,32.172324,-0.27131900000000003,-3.0991398367,-3.395339500247079,0.5728826982763735,0.27131900000000003,-0.004530768652957651,-0.2595939217646466,3.4540033161077743
1723528420.064047,206.3270857334137,1723528420.015846,0.04820108413696289,9.160081499859505,32.745206698257256,0.0,-3.1036706053529577,12.555420999999999,32.172324,-0.27131900000000003,-3.0991398367,-3.3953395001404942,0.5728826982572528,0.27131900000000003,-0.004530768652957651,-0.2595939217646466,3.4540033159998287
1723528420.1640458,206.42708444595337,1723528420.1243856,0.03966021537780762,9.160081499903178,32.74520669824941,0.0,-3.1036706053529577,12.263008,32.225799,-0.257809,-3.0995723705000002,-3.102926500096821,0.5194076982494096,0.257809,-0.004098234852957461,-0.23481156052788002,3.156644215378866
1723528420.2640424,206.52708101272583,1723528420.24924,0.01480245590209961,9.160081499958489,32.745206698239485,0.0,-3.1036706053529577,11.973032,32.268911,-0.256987,-3.1002980212,-2.812950500041511,0.4762956982394826,0.256987,-0.003372584152957714,-0.1932348380171807,2.8645401770640646
1723528420.3640416,206.62708020210266,1723528420.3711789,-0.007137298583984375,9.160081499989102,32.74520669823399,0.0,-3.1036706053529577,11.671748,32.316588,-0.25726400000000005,-3.1012894524,-2.5116665000108966,0.4286186982339899,0.25726400000000005,-0.002381152952957599,-0.13643001457958348,2.560930956009706
1723528420.4640384,206.7270770072937,1723528420.4815304,-0.017492055892944336,9.160081500048651,32.74520669822333,0.0,-3.1036706053529577,11.373472,32.37345,-0.281783,-3.1013884656000004,-2.2133904999513483,0.37175669822332935,0.281783,-0.002282139752957324,-0.130756976103483,2.2620128662405508
1723528420.564037,206.82707571983337,1723528420.6255076,-0.06147050857543945,9.160081500080473,32.745206698217615,0.0,-3.1036706053529577,11.083586,32.432794,-0.27342,-3.1009673457,-1.9235044999195274,0.31241269821761364,0.27342,-0.002703259652957701,-0.15488536904247588,1.9677981989061482
1723528420.6640341,206.927072763443,1723528420.6255076,0.03852653503417969,9.160081500133273,32.74520669820814,0.0,-3.1036706053529577,11.083586,32.432794,-0.27342,-3.1009673457,-1.923504499866727,0.3124126982081421,0.27342,-0.002703259652957701,-0.15488536904247588,1.9677981988530326
1723528420.6640341,206.927072763443,1723528420.6255076,0.03852653503417969,9.160081500133273,32.74520669820814,0.0,-3.1036706053529577,11.083586,32.432794,-0.27342,-3.1009673457,-1.923504499866727,0.3124126982081421,0.27342,-0.002703259652957701,-0.15488536904247588,1.9677981988530326
1723528420.7640328,207.02707147598267,1723528420.7316918,0.03234100341796875,9.16008150048469,32.74520669814511,0.0,-3.1036706053529577,10.787168,32.489135000000005,-0.260261,-3.1014589825,-1.6270864995153094,0.25607169814510655,0.260261,-0.0022116228529576176,-0.12671665534915375,1.6675487937739337
1723528420.8640296,207.1270682811737,1723528420.8573024,0.0067272186279296875,9.160081500367935,32.74520669816605,0.0,-3.1036706053529577,10.505782,32.540294,-0.26219400000000004,-3.1011503163,-1.3457004996320645,0.20491269816604785,0.26219400000000004,-0.002520289052957647,-0.1444019258874964,1.38623401423269
1723528420.9640284,207.22706699371338,1723528420.951024,0.013004302978515625,9.160081500455517,32.74520669815034,0.0,-3.1036706053529577,10.209209999999999,32.581404,-0.267251,-3.1014398603,-1.0491284995444818,0.16380269815034154,0.267251,-0.0022307450529575057,-0.1278122767041524,1.0949543504086312
1723528421.0640252,207.32706379890442,1723528421.1238022,-0.059777021408081055,9.160081500409632,32.74520669815857,0.0,-3.1036706053529577,9.919305999999999,32.632272,-0.260898,-3.1013145349,-0.759224499590367,0.11293469815856838,0.260898,-0.0023560704529574927,-0.1349928931899405,0.810705774760739
1723528421.1640236,207.4270622730255,1723528421.1238022,0.040221452713012695,9.160081500406749,32.74520669815908,0.0,-3.1036706053529577,9.919305999999999,32.632272,-0.260898,-3.1013145349,-0.75922449959325,0.11293469815907997,0.260898,-0.0023560704529574927,-0.1349928931899405,0.8107057747635101
1723528421.2640202,207.52705883979797,1723528421.245063,0.018957138061523438,9.160081500474627,32.74520669814691,0.0,-3.1036706053529577,9.621502999999999,32.681512,-0.25772100000000003,-3.1004191966000003,-0.4614214995253718,0.06369469814691087,0.25772100000000003,-0.0032514087529573743,-0.18629199901635168,0.5323409890636535
1723528421.3640187,207.62705731391907,1723528421.3462834,0.01773524284362793,9.160081500512906,32.74520669814003,0.0,-3.1036706053529577,9.329056999999999,32.741746,-0.264487,-3.0998690691000004,-0.16897549948709312,0.0034606981400315817,0.264487,-0.003801536252957316,-0.21781198296043153,0.31387588156392177
1723528421.4640157,207.7270543575287,1723528421.497425,-0.03340935707092285,9.160081500541137,32.745206698134965,0.0,-3.1036706053529577,9.032604,32.796269,-0.265407,-3.0994858354000003,0.12747750054113816,-0.051062301865037796,0.265407,-0.004184769952957358,-0.23976965653761664,0.2988289602180018
1723528421.5640144,207.82705307006836,1723528421.6209488,-0.056934356689453125,9.160081500600453,32.74520669812433,0.0,-3.1036706053529577,8.74265,32.845693000000004,-0.251892,-3.0986869871000002,0.4174315006004541,-0.10048630187567653,0.251892,-0.004983618252957456,-0.2855402925988229,0.4977912556706842
1723528421.664011,207.92704963684082,1723528421.6209488,0.04306221008300781,9.160081500595354,32.74520669812525,0.0,-3.1036706053529577,8.74265,32.845693000000004,-0.251892,-3.0986869871000002,0.41743150059535417,-0.10048630187475283,0.251892,-0.004983618252957456,-0.2855402925988229,0.4977912556662211
1723528421.7640102,208.02704882621765,1723528421.7612689,0.0027413368225097656,9.160081500585575,32.745206698127,0.0,-3.1036706053529577,8.446985,32.896082,-0.260763,-3.0988311727,0.7130965005855749,-0.15087530187300047,0.260763,-0.004839432652957498,-0.27727906625226384,0.7741235805939914
1723528421.8640072,208.12704586982727,1723528421.8856163,-0.021609067916870117,9.160081500619839,32.745206698120846,0.0,-3.1036706053529577,8.162386,32.93557,-0.269349,-3.0977771193000003,0.9976955006198391,-0.1903633018791524,0.269349,-0.005893486052957364,-0.33767187745367094,1.0508013049384763
1723528421.9640062,208.22704482078552,1723528421.9688885,-0.004882335662841797,9.16008150061059,32.7452066981225,0.0,-3.1036706053529577,7.875672,32.984064000000004,-0.269303,-3.0958563972000004,1.2844095006105896,-0.23885730187750198,0.269303,-0.007814208152957303,-0.44772114740117186,1.3338983026182858
1723528422.0640032,208.32704186439514,1723528422.1051006,-0.041097402572631836,9.160081500627129,32.74520669811953,0.0,-3.1036706053529577,7.57219,33.044765,-0.26664000000000004,-3.0927725478,1.587891500627129,-0.2995583018804666,0.26664000000000004,-0.010898057552957585,-0.6244127026751393,1.6377519603375186
1723528422.1640024,208.42704105377197,1723528422.1051006,0.05890178680419922,9.160081500643628,32.745206698116576,0.0,-3.1036706053529577,7.57219,33.044765,-0.26664000000000004,-3.0927725478,1.5878915006436278,-0.2995583018834225,0.26664000000000004,-0.010898057552957585,-0.6244127026751393,1.6377519603540556
1723528422.2639995,208.5270380973816,1723528422.2291238,0.03487563133239746,9.160081500641503,32.74520669811695,0.0,-3.1036706053529577,7.261488,33.086503,-0.27485600000000004,-3.0911123697000003,1.8985935006415033,-0.34129630188304816,0.27485600000000004,-0.012558235652957439,-0.7195339010451789,1.948508729026689
1723528422.3639984,208.62703704833984,1723528422.3363857,0.027612686157226562,9.160081500651462,32.74520669811517,0.0,-3.1036706053529577,6.952421999999999,33.132686,-0.274928,-3.0872618805000003,2.207659500651462,-0.3874793018848308,0.274928,-0.01640872485295741,-0.9401506812658819,2.258204172653531
1723528422.4639957,208.72703433036804,1723528422.4535067,0.01048898696899414,9.160081500654297,32.74520669811466,0.0,-3.1036706053529577,6.6399479999999995,33.164875,-0.27631900000000004,-3.0837263506,2.520133500654297,-0.4196683018853449,0.27631900000000004,-0.01994425475295758,-1.1427216228782016,2.569736666370391
1723528422.5639946,208.8270332813263,1723528422.5542245,0.00977015495300293,9.160081500660567,32.745206698113535,0.0,-3.1036706053529577,6.351324999999999,33.219477,-0.276291,-3.0805890007000003,2.808756500660568,-0.47427030188646313,0.276291,-0.023081604652957388,-1.3224785310039815,2.8618843645289855
1723528422.6639915,208.92703008651733,1723528422.6584873,0.005504131317138672,9.160081500667182,32.74520669811235,0.0,-3.1036706053529577,6.0532889999999995,33.264006,-0.26872500000000005,-3.0769715597,3.106792500667183,-0.518799301887654,0.26872500000000005,-0.026699045652957665,-1.5297426329415815,3.1612537834640806
1723528422.7639906,209.02702927589417,1723528422.8021126,-0.038121938705444336,9.160081500671657,32.74520669811154,0.0,-3.1036706053529577,5.7445889999999995,33.304886,-0.281229,-3.0734236601,3.4154925006716574,-0.5596793018884654,0.281229,-0.030246945252957676,-1.733022306157735,3.472451539409541
1723528422.8639874,209.1270260810852,1723528422.902789,-0.03880167007446289,9.1600815006754,32.745206698110856,0.0,-3.1036706053529577,5.437104,33.358246,-0.29452,-3.0709047184,3.7229775006754,-0.6130393018891453,0.29452,-0.03276588695295768,-1.877347034407244,3.784589896751824
1723528422.9639862,209.22702479362488,1723528422.902789,0.06119704246520996,9.160081500679297,32.74520669811015,0.0,-3.1036706053529577,5.437104,33.358246,-0.29452,-3.0709047184,3.7229775006792973,-0.6130393018898488,0.29452,-0.03276588695295768,-1.877347034407244,3.7845898967557714
1723528423.0639832,209.3270218372345,1723528423.0307496,0.033233642578125,9.16008150068706,32.74520669810876,0.0,-3.1036706053529577,5.129903,33.394956,-0.290404,-3.0666473882000003,4.03017850068706,-0.6497493018912408,0.290404,-0.03702321715295742,-2.121274086860816,4.092535569292509
1723528423.1639822,209.42702078819275,1723528423.141778,0.022204160690307617,9.160081500685227,32.745206698109094,0.0,-3.1036706053529577,4.838551,33.440123,-0.282625,-3.0639379190000002,4.321530500685227,-0.6949163018909061,0.282625,-0.03973268635295746,-2.2765152367415054,4.3861613542608575
1723528423.263979,209.5270175933838,1723528423.2798586,-0.01587963104248047,9.160081500680723,32.74520669810989,0.0,-3.1036706053529577,4.537615,33.480618,-0.286582,-3.061065627,4.622466500680724,-0.7354113018901103,0.286582,-0.04260497835295762,-2.4410854458707054,4.689366223231792
1723528423.4039783,209.66701698303223,1723528423.3922703,0.01170802116394043,9.160081500641775,32.745206698116874,0.0,-3.1036706053529577,4.229356999999999,33.512385,-0.274077,-3.0598452476,4.930724500641776,-0.7671783018831277,0.274077,-0.04382535775295749,-2.511008034895405,4.997571895434659
1723528423.463975,209.72701358795166,1723528423.523655,-0.05967998504638672,9.160081500686296,32.74520669810889,0.0,-3.1036706053529577,3.9235160000000002,33.543978,-0.25879,-3.0583194253,5.236565500686296,-0.7987713018911151,0.25879,-0.045351180052957574,-2.598431212972354,5.303454166842846
1723528423.5639744,209.82701301574707,1723528423.523655,0.04031944274902344,9.16008150068122,32.7452066981098,0.0,-3.1036706053529577,3.9235160000000002,33.543978,-0.25879,-3.0583194253,5.236565500681221,-0.7987713018902056,0.25879,-0.045351180052957574,-2.598431212972354,5.303454166837697
1723528423.6639717,209.92701029777527,1723528423.6283665,0.03560519218444824,9.160081500683523,32.74520669810938,0.0,-3.1036706053529577,3.5970400000000002,33.586876000000004,-0.252168,-3.0569898373,5.563041500683523,-0.8416693018906258,0.252168,-0.04668076805295751,-2.674610993863591,5.632000235466635
1723528423.7939708,210.05700945854187,1723528423.741021,0.05294990539550781,9.160081500663788,32.74520669811293,0.0,-3.1036706053529577,3.3005970000000002,33.639339,-0.28235000000000005,-3.0546796995000003,5.859484500663788,-0.894132301887069,0.28235000000000005,-0.0489909058529574,-2.8069721398972214,5.93403342670877
1723528423.8639684,210.12700700759888,1723528423.8746886,-0.010720252990722656,9.160081500683441,32.745206698109406,0.0,-3.1036706053529577,2.9917540000000002,33.670383,-0.25799,-3.0531680571,6.168327500683441,-0.9251763018905947,0.25799,-0.050502548252957524,-2.8935828695502552,6.242657621988217
1723528424.0049675,210.2680060863495,1723528423.9898,0.015167474746704102,9.160081500656075,32.745206698114316,0.0,-3.1036706053529577,2.676914,33.719022,-0.236381,-3.0510110008,6.483167500656075,-0.9738153018856863,0.236381,-0.052659604552957706,-3.0171730917123707,6.560156481434787
1723528424.103965,210.3670036792755,1723528424.1334448,-0.0294797420501709,9.160081500664775,32.745206698112746,0.0,-3.1036706053529577,2.363306,33.753804,-0.25176800000000005,-3.0502689160000003,6.796775500664776,-1.0085973018872565,0.25176800000000005,-0.053401689352957415,-3.059691418793164,6.875813613648582
1723528424.1939645,210.45700311660767,1723528424.232424,-0.03845953941345215,9.160081500666255,32.74520669811248,0.0,-3.1036706053529577,2.052549,33.790403,-0.25927700000000004,-3.0488219883000003,7.107532500666255,-1.0451963018875148,0.25927700000000004,-0.054848617052957405,-3.1425942692637348,7.1886492556137025
1723528424.2939615,210.55700016021729,1723528424.232424,0.06153750419616699,9.16008150066635,32.74520669811246,0.0,-3.1036706053529577,2.052549,33.790403,-0.25927700000000004,-3.0488219883000003,7.107532500666349,-1.045196301887536,0.25927700000000004,-0.054848617052957405,-3.1425942692637348,7.188649255613799
1723528424.3939607,210.65699934959412,1723528424.3687477,0.025213003158569336,9.160081500669612,32.74520669811187,0.0,-3.1036706053529577,1.74872,33.825134,-0.24679199999999998,-3.0477402374,7.411361500669612,-1.0799273018881266,0.24679199999999998,-0.05593036795295747,-3.204574030318217,7.493692585250284
1723528424.493958,210.75699663162231,1723528424.4932613,0.0006966590881347656,9.160081500669484,32.7452066981119,0.0,-3.1036706053529577,1.443365,33.869727000000005,-0.240205,-3.0469882514,7.7167165006694844,-1.1245203018881043,0.240205,-0.056682353952957516,-3.247659654371144,7.801920142060427
1723528424.493958,210.75699663162231,1723528424.4932613,0.0006966590881347656,9.160081500669484,32.7452066981119,0.0,-3.1036706053529577,1.443365,33.869727000000005,-0.240205,-3.0469882514,7.7167165006694844,-1.1245203018881043,0.240205,-0.056682353952957516,-3.247659654371144,7.801920142060427
1723528424.593957,210.85699558258057,1723528424.6148348,-0.020877838134765625,9.160081500673167,32.74520669811124,0.0,-3.1036706053529577,1.146441,33.905024000000004,-0.19945,-3.0457920356000003,8.013640500673167,-1.159817301888765,0.19945,-0.057878569752957354,-3.316197771098,8.099591999001545
1723528424.7039542,210.96699285507202,1723528424.7303388,-0.026384592056274414,9.160081500664955,32.745206698112725,0.0,-3.1036706053529577,0.827191,33.939525,-0.230233,-3.0438284473,8.332890500664956,-1.1943183018872787,0.230233,-0.05984215805295756,-3.4287030933892804,8.421191574627914
1723528424.7039542,210.96699285507202,1723528424.7303388,-0.026384592056274414,9.160081500664955,32.745206698112725,0.0,-3.1036706053529577,0.827191,33.939525,-0.230233,-3.0438284473,8.332890500664956,-1.1943183018872787,0.230233,-0.05984215805295756,-3.4287030933892804,8.421191574627914
1723528424.8039534,211.06699204444885,1723528424.8196363,-0.01568293571472168,9.160081500672176,32.745206698111446,0.0,-3.1036706053529577,0.5155080000000001,33.972358,-0.233871,-3.0439116565,8.644573500672175,-1.2271513018885543,0.233871,-0.059758948852957516,-3.4239355574126176,8.734371584200627
1723528424.8939502,211.15698885917664,1723528424.933307,-0.03935670852661133,9.160081500670076,32.74520669811183,0.0,-3.1036706053529577,0.200298,34.004852,-0.242097,-3.0429351039,8.959783500670076,-1.2596453018881704,0.242097,-0.060735501452957585,-3.479887899865149,9.051134604172985
1723528424.99395,211.25698852539062,1723528424.933307,0.06064295768737793,9.16008150067167,32.74520669811155,0.0,-3.1036706053529577,0.200298,34.004852,-0.242097,-3.0429351039,8.95978350067167,-1.2596453018884475,0.242097,-0.060735501452957585,-3.479887899865149,9.051134604174601
1723528425.093947,211.35698556900024,1723528425.0703375,0.023609399795532227,9.160081500673018,32.74520669811132,0.0,-3.1036706053529577,-0.116974,34.0343,-0.232129,-3.0417353842000003,9.277055500673018,-1.289093301888684,0.232129,-0.061935221152957354,-3.5486267752738367,9.369066344955764
1723528425.1939461,211.45698475837708,1723528425.1876383,0.006307840347290039,9.160081500673343,32.745206698111254,0.0,-3.1036706053529577,-0.428826,34.083973,-0.226736,-3.0394244469,9.588907500673344,-1.3387663018887466,0.226736,-0.06424615845295767,-3.6810337292832127,9.684567697178764
1723528425.2939434,211.55698204040527,1723528425.3350465,-0.04110312461853027,9.160081500672776,32.74520669811135,0.0,-3.1036706053529577,-0.7463040000000001,34.130306000000004,-0.223818,-3.0392702928000004,9.906385500672776,-1.3850993018886513,0.223818,-0.0644003125529573,-3.6898661086078297,10.005252033864826
1723528425.3939426,211.6569812297821,1723528425.3350465,0.05889606475830078,9.160081500673158,32.745206698111275,0.0,-3.1036706053529577,-0.7463040000000001,34.130306000000004,-0.223818,-3.0392702928000004,9.906385500673158,-1.3850993018887294,0.223818,-0.0644003125529573,-3.6898661086078297,10.005252033865215
1723528425.49394,211.75697875022888,1723528425.4644666,0.029473543167114258,9.160081500673742,32.74520669811117,0.0,-3.1036706053529577,-1.059292,34.164112,-0.22758399999999998,-3.0390686625,10.219373500673742,-1.4189053018888345,0.22758399999999998,-0.06460194285295762,-3.701418673819804,10.319916737990521
1723528425.5939395,211.8569781780243,1723528425.5651088,0.028830766677856445,9.160081500673956,32.745206698111126,0.0,-3.1036706053529577,-1.372753,34.19467,-0.233503,-3.0391169396000004,10.532834500673955,-1.4494633018888763,0.233503,-0.0645536657529573,-3.698652599742655,10.63466361165783
1723528425.693937,211.95697569847107,1723528425.6545782,0.03935885429382324,9.160081500674153,32.74520669811108,0.0,-3.1036706053529577,-1.6849619999999998,34.226217,-0.24328,-3.0393228889,10.845043500674153,-1.4810103018889151,0.24328,-0.06434771645295756,-3.686852574058996,10.948403774259322
1723528425.7939363,212.0569748878479,1723528425.7763736,0.0175626277923584,9.160081500673884,32.74520669811113,0.0,-3.1036706053529577,-1.996827,34.25776,-0.22883399999999998,-3.0398118252,11.156908500673884,-1.5125533018888646,0.22883399999999998,-0.06385878015295754,-3.6588385876182525,11.261296096942843
1723528425.8939333,212.15697193145752,1723528425.9050305,-0.011097192764282227,9.160081500674579,32.745206698111005,0.0,-3.1036706053529577,-2.331972,34.295982,-0.223577,-3.0425968069000002,11.49205350067458,-1.5507753018889971,0.223577,-0.06107379845295746,-3.499270890187079,11.598369901595861
1723528425.9939325,212.25697112083435,1723528425.986974,0.006958484649658203,9.160081500674156,32.745206698111076,0.0,-3.1036706053529577,-2.661208,34.325068,-0.234752,-3.0438697305,11.821289500674157,-1.5798613018889256,0.234752,-0.05980087485295771,-3.4263377402644943,11.928703018076158
1723528426.0939293,212.3569679260254,1723528426.150855,-0.05692577362060547,9.160081500674899,32.74520669811094,0.0,-3.1036706053529577,-2.979752,34.368141,-0.240811,-3.0447251578000003,12.139833500674898,-1.6229343018890603,0.240811,-0.05894544755295739,-3.3773253662942047,12.250202574246588
1723528426.1939282,212.45696687698364,1723528426.150855,0.043073177337646484,9.160081500674886,32.74520669811094,0.0,-3.1036706053529577,-2.979752,34.368141,-0.240811,-3.0447251578000003,12.139833500674886,-1.6229343018890603,0.240811,-0.05894544755295739,-3.3773253662942047,12.250202574246574
1723528426.2939255,212.55696415901184,1723528426.2797365,0.014189004898071289,9.160081500675092,32.745206698110906,0.0,-3.1036706053529577,-3.296906,34.411482,-0.240941,-3.046315648,12.456987500675092,-1.666275301889094,0.240941,-0.05735495735295748,-3.2861969904772916,12.570245166230533
1723528426.3939247,212.65696334838867,1723528426.3664782,0.027446508407592773,9.160081500675096,32.74520669811091,0.0,-3.1036706053529577,-3.602251,34.446698,-0.23065,-3.0465564922,12.762332500675097,-1.7014913018890852,0.23065,-0.05711411315295755,-3.272397634297091,12.877321263783555
1723528426.504922,212.76796054840088,1723528426.472639,0.03228282928466797,9.160081500674664,32.74520669811099,0.0,-3.1036706053529577,-3.939772,34.496137000000004,-0.199076,-3.0508734211000004,13.099853500674664,-1.7509303018890137,0.199076,-0.05279718425295732,-3.0250558278690245,13.217849670615392
1723528426.6039214,212.86696004867554,1723528426.6032069,0.0007145404815673828,9.160081500675012,32.74520669811094,0.0,-3.1036706053529577,-4.242147,34.514499,-0.210334,-3.0531368942,13.402228500675012,-1.7692923018890596,0.210334,-0.05053371115295757,-2.895368372197646,13.520146612569905
1723528426.693919,212.95695757865906,1723528426.6915283,0.002390623092651367,9.160081500675147,32.745206698110906,0.0,-3.1036706053529577,-4.532821,34.546016,-0.23455499999999999,-3.0528983234,13.692902500675148,-1.800809301889096,0.23455499999999999,-0.05077228195295769,-2.9090374721527126,13.812802361678495
1723528426.7939184,213.05695700645447,1723528426.8247938,-0.030875444412231445,9.160081500675284,32.74520669811089,0.0,-3.1036706053529577,-4.8382130000000005,34.577434000000004,-0.231127,-3.0559887245,13.998294500675286,-1.8322273018891124,0.231127,-0.047681880852957555,-2.7319705321201178,14.119586591099358
1723528426.9049158,213.16795444488525,1723528426.9509013,-0.04598546028137207,9.160081500674918,32.74520669811094,0.0,-3.1036706053529577,-5.14093,34.61743,-0.223389,-3.0576457463000004,14.301011500674917,-1.8722233018890577,0.223389,-0.04602485905295728,-2.6370301764189312,14.42477218814542
1723528427.0039153,213.2669539451599,1723528426.9509013,0.05301403999328613,9.160081500675052,32.74520669811092,0.0,-3.1036706053529577,-5.14093,34.61743,-0.223389,-3.0576457463000004,14.301011500675052,-1.872223301889079,0.223389,-0.04602485905295728,-2.6370301764189312,14.424772188145557
1723528427.0939126,213.35695123672485,1723528427.0655756,0.02833700180053711,9.160081500675318,32.74520669811086,0.0,-3.1036706053529577,-5.4426380000000005,34.656305,-0.207737,-3.0580622941000004,14.602719500675319,-1.9110983018891403,0.207737,-0.045608311252957286,-2.613163745513472,14.72870897927092
1723528427.2339094,213.49694800376892,1723528427.1772609,0.05664849281311035,9.160081500674467,32.74520669811101,0.0,-3.1036706053529577,-5.741247,34.720337,-0.175338,-3.0574614132,14.901328500674467,-1.9751303018889885,0.175338,-0.04620919215295771,-2.647591685073519,15.032680207092056
1723528427.2939093,213.55694794654846,1723528427.2947867,-0.00087738037109375,9.160081500675414,32.74520669811085,0.0,-3.1036706053529577,-6.051613000000001,34.776199,-0.15819,-3.0609868854,15.211694500675414,-2.0309923018891496,0.15819,-0.0426837199529575,-2.4455970072228053,15.347495019980023
1723528427.3939085,213.6569471359253,1723528427.4421237,-0.04821515083312988,9.16008150067526,32.74520669811087,0.0,-3.1036706053529577,-6.35249,34.801102,-0.175498,-3.0650791482,15.51257150067526,-2.05589530188913,0.175498,-0.03859145715295753,-2.2111276201244183,15.64919741085453
1723528427.533905,213.79694366455078,1723528427.5576732,-0.023768186569213867,9.160081500674593,32.74520669811099,0.0,-3.1036706053529577,-6.654463000000001,34.833857,-0.139585,-3.0634384427000003,15.814544500674593,-2.088650301889011,0.139585,-0.04023216265295737,-2.3051331206983106,15.952484503036606
1723528427.6339018,213.89694046974182,1723528427.6678026,-0.03390073776245117,9.160081500674687,32.74520669811096,0.0,-3.1036706053529577,-6.952799000000001,34.867074,-0.134465,-3.0648989416,16.112880500674688,-2.12186730188904,0.134465,-0.0387716637529576,-2.2214526977448243,16.252548099054298
1723528427.6339018,213.89694046974182,1723528427.6678026,-0.03390073776245117,9.160081500674687,32.74520669811096,0.0,-3.1036706053529577,-6.952799000000001,34.867074,-0.134465,-3.0648989416,16.112880500674688,-2.12186730188904,0.134465,-0.0387716637529576,-2.2214526977448243,16.252548099054298
1723528427.693902,213.95694065093994,1723528427.6678026,0.026099443435668945,9.160081500675346,32.74520669811084,0.0,-3.1036706053529577,-6.952799000000001,34.867074,-0.134465,-3.0648989416,16.112880500675345,-2.1218673018891607,0.134465,-0.0387716637529576,-2.2214526977448243,16.252548099054966
1723528427.8338983,214.09693694114685,1723528427.8022556,0.03164267539978027,9.160081500674744,32.74520669811094,0.0,-3.1036706053529577,-7.240728000000001,34.911546,-0.128019,-3.0653982223000003,16.400809500674747,-2.16633930188906,0.128019,-0.03827238305295744,-2.192846020842478,16.54375915905128
1723528427.9338975,214.19693613052368,1723528427.9148626,0.019034862518310547,9.160081500674766,32.745206698110934,0.0,-3.1036706053529577,-7.540154,34.957952,-0.106708,-3.0660738431000003,16.700235500674765,-2.212745301889065,0.106708,-0.037596762252957376,-2.154135800451222,16.84652765843139
1723528428.033895,214.29693365097046,1723528428.0554953,-0.02160024642944336,9.160081500674792,32.74520669811093,0.0,-3.1036706053529577,-7.830509,34.997445,-0.10481599999999999,-3.0686171027,16.99059050067479,-2.252238301889072,0.10481599999999999,-0.03505350265295748,-2.008417759165098,17.139537021867675
1723528428.1338947,214.39693331718445,1723528428.181548,-0.0476534366607666,9.160081500674787,32.74520669811093,0.0,-3.1036706053529577,-8.127047000000001,35.055737,-0.08496899999999999,-3.0700283893,17.28712850067479,-2.3105303018890737,0.08496899999999999,-0.033642216052957696,-1.927556993301743,17.441060225965373
1723528428.1338947,214.39693331718445,1723528428.181548,-0.0476534366607666,9.160081500674787,32.74520669811093,0.0,-3.1036706053529577,-8.127047000000001,35.055737,-0.08496899999999999,-3.0700283893,17.28712850067479,-2.3105303018890737,0.08496899999999999,-0.033642216052957696,-1.927556993301743,17.441060225965373
1723528428.2338922,214.49693083763123,1723528428.2795494,-0.04565715789794922,9.160081500674979,32.74520669811089,0.0,-3.1036706053529577,-8.408262,35.091364,-0.07865699999999999,-3.0722421908000004,17.568343500674978,-2.3461573018891073,0.07865699999999999,-0.03142841455295731,-1.8007155106719896,17.72448403668116
1723528428.3338919,214.59693050384521,1723528428.2795494,0.05434250831604004,9.160081500674858,32.74520669811091,0.0,-3.1036706053529577,-8.408262,35.091364,-0.07865699999999999,-3.0722421908000004,17.568343500674857,-2.346157301889086,0.07865699999999999,-0.03142841455295731,-1.8007155106719896,17.724484036681037
1723528428.4338896,214.69692826271057,1723528428.421367,0.012522697448730469,9.16008150067493,32.74520669811091,0.0,-3.1036706053529577,-8.69858,35.132334,-0.08002999999999999,-3.0725374405,17.85866150067493,-2.3871273018890875,0.08002999999999999,-0.03113316485295758,-1.7837989489595016,18.017673882940972
1723528428.5338893,214.79692792892456,1723528428.5442696,-0.010380268096923828,9.160081500674924,32.74520669811093,0.0,-3.1036706053529577,-8.992034,35.174662,-0.072224,-3.0734558595,18.152115500674924,-2.429455301889071,0.072224,-0.030214745852957577,-1.7311774164348759,18.314113861169908
1723528428.6338873,214.8969259262085,1723528428.6592767,-0.025389432907104492,9.16008150067501,32.74520669811091,0.0,-3.1036706053529577,-9.266431,35.21761,-0.058535000000000004,-3.0756410627000004,18.42651250067501,-2.472403301889088,0.058535000000000004,-0.02802954265295732,-1.6059744956963793,18.591733845205223
1723528428.7338872,214.99692583084106,1723528428.77236,-0.038472890853881836,9.16008150067501,32.745206698110906,0.0,-3.1036706053529577,-9.549556,35.251497,-0.061329,-3.0779586756,18.70963750067501,-2.506290301889095,0.061329,-0.025711929752957552,-1.473185057981317,18.876858523871206
1723528428.833885,215.09692358970642,1723528428.8932645,-0.05937957763671875,9.160081500675055,32.7452066981109,0.0,-3.1036706053529577,-9.845867,35.286753000000004,-0.052429,-3.0782444950000003,19.005948500675053,-2.541546301889106,0.052429,-0.025426110352957384,-1.456808812658346,19.17519973337956
1723528428.9338849,215.196923494339,1723528428.8932645,0.04062032699584961,9.160081500675043,32.74520669811092,0.0,-3.1036706053529577,-9.845867,35.286753000000004,-0.052429,-3.0782444950000003,19.005948500675043,-2.5415463018890847,0.052429,-0.025426110352957384,-1.456808812658346,19.175199733379547
1723528429.0338824,215.29692101478577,1723528429.005418,0.028464317321777344,9.160081500675055,32.74520669811091,0.0,-3.1036706053529577,-10.136185000000001,35.347746,-0.055196,-3.0801081759000004,19.296266500675056,-2.602539301889088,0.055196,-0.02356242945295728,-1.3500277627291972,19.47105950587609
1723528429.1338823,215.39692091941833,1723528429.138708,-0.0048258304595947266,9.160081500675068,32.74520669811091,0.0,-3.1036706053529577,-10.428199000000001,35.40858,-0.028847,-3.0813248331,19.58828050067507,-2.663373301889088,0.028847,-0.02234577225295764,-1.2803184400550138,19.76853870339818
1723528429.23388,215.4969186782837,1723528429.2880478,-0.054167747497558594,9.160081500675073,32.74520669811091,0.0,-3.1036706053529577,-10.709828,35.44836,-0.020254,-3.0832137157000004,19.86990950067507,-2.7031533018890883,0.020254,-0.020456889652957333,-1.1720934390792985,20.052948699955508
1723528429.3338797,215.59691834449768,1723528429.3717542,-0.037874460220336914,9.160081500675094,32.74520669811093,0.0,-3.1036706053529577,-10.989341,35.488724,-0.02755,-3.0839211539,20.149422500675094,-2.743517301889071,0.02755,-0.019749451452957704,-1.1315602159529878,20.335360171361028
1723528429.4338775,215.69691610336304,1723528429.3717542,0.06212329864501953,9.160081500675103,32.74520669811092,0.0,-3.1036706053529577,-10.989341,35.488724,-0.02755,-3.0839211539,20.1494225006751,-2.743517301889078,0.02755,-0.019749451452957704,-1.1315602159529878,20.335360171361035
1723528429.5338767,215.79691529273987,1723528429.5022063,0.031670331954956055,9.160081500675103,32.74520669811093,0.0,-3.1036706053529577,-11.263742,35.544339,-0.01802,-3.0858310895,20.423823500675105,-2.799132301889074,0.01802,-0.01783951585295762,-1.0221289669311966,20.61475279382723
1723528429.6338744,215.89691305160522,1723528429.6177983,0.016076087951660156,9.16008150067513,32.74520669811093,0.0,-3.1036706053529577,-11.547781,35.597436,0.002095,-3.0891941918000003,20.70786250067513,-2.852229301889075,-0.002095,-0.014476413552957368,-0.829437399070442,20.903367808237192
1723528429.7338738,215.99691247940063,1723528429.7320046,0.00186920166015625,9.160081500675135,32.74520669811092,0.0,-3.1036706053529577,-11.837738,35.645082,0.012184,-3.0894773856000004,20.997819500675135,-2.8998753018890824,-0.012184,-0.014193219752957287,-0.8132115895461655,21.197118884397835
1723528429.8338716,216.096910238266,1723528429.8649323,-0.03106069564819336,9.160081500675137,32.74520669811091,0.0,-3.1036706053529577,-12.139403,35.694365,0.019528,-3.0908979774,21.299484500675135,-2.949158301889085,-0.019528,-0.012772627952957638,-0.7318176749952928,21.502696482694574
1723528429.9338713,216.19690990447998,1723528429.994975,-0.06110382080078125,9.160081500675142,32.745206698110906,0.0,-3.1036706053529577,-12.434825,35.743030000000005,0.021449999999999997,-3.0930117455,21.594906500675144,-2.997823301889099,-0.021449999999999997,-0.010658859852957558,-0.6107076839959014,21.80200429833805
1723528430.0338693,216.29690790176392,1723528429.994975,0.0388941764831543,9.160081500675139,32.745206698110906,0.0,-3.1036706053529577,-12.434825,35.743030000000005,0.021449999999999997,-3.0930117455,21.594906500675137,-2.997823301889099,-0.021449999999999997,-0.010658859852957558,-0.6107076839959014,21.802004298338044
1723528430.133869,216.3969075679779,1723528430.137943,-0.0040740966796875,9.160081500675147,32.745206698110906,0.0,-3.1036706053529577,-12.717094000000001,35.79707,0.018768999999999997,-3.0959088734,21.87717550067515,-3.0518633018890924,-0.018768999999999997,-0.0077617319529577075,-0.4447144826163107,22.08902509791049
1723528430.233867,216.49690556526184,1723528430.2449863,-0.011119365692138672,9.160081500675142,32.745206698110906,0.0,-3.1036706053529577,-12.994878,35.842446,0.009853,-3.0960791297,22.15495950067514,-3.097239301889097,-0.009853,-0.007591475652957591,-0.4349595151907908,22.370409447556636
1723528430.3338666,216.59690523147583,1723528430.35363,-0.019763469696044922,9.160081500675142,32.745206698110906,0.0,-3.1036706053529577,-13.283872,35.894614000000004,0.018269999999999998,-3.0956069404,22.443953500675143,-3.1494073018890987,-0.018269999999999998,-0.008063664952957517,-0.4620139692120232,22.663851148614622
1723528430.4338644,216.6969029903412,1723528430.46761,-0.033745527267456055,9.160081500675155,32.745206698110906,0.0,-3.1036706053529577,-13.574599000000001,35.958476000000005,0.030317,-3.0987558451000004,22.734680500675154,-3.213269301889099,-0.030317,-0.00491476025295734,-0.2815950198131044,22.960655831110987
1723528430.4338644,216.6969029903412,1723528430.46761,-0.033745527267456055,9.160081500675155,32.745206698110906,0.0,-3.1036706053529577,-13.574599000000001,35.958476000000005,0.030317,-3.0987558451000004,22.734680500675154,-3.213269301889099,-0.030317,-0.00491476025295734,-0.2815950198131044,22.960655831110987
1723528430.5338638,216.7969024181366,1723528430.5965443,-0.06268048286437988,9.160081500675162,32.745206698110906,0.0,-3.1036706053529577,-13.869435000000001,36.003032000000005,0.049844,-3.0993107088,23.029516500675165,-3.257825301889099,-0.049844,-0.004359896552957654,-0.24980367159810937,23.25885939543972
1723528430.6638613,216.92689990997314,1723528430.7038498,-0.03998851776123047,9.16008150067513,32.7452066981109,0.0,-3.1036706053529577,-14.16156,36.049411,0.069873,-3.0991136964000003,23.321641500675128,-3.3042043018891007,-0.069873,-0.00455690895295735,-0.2610916506298352,23.55465157014138
1723528430.733861,216.99689960479736,1723528430.7038498,0.03001117706298828,9.160081500675156,32.74520669811089,0.0,-3.1036706053529577,-14.16156,36.049411,0.069873,-3.0991136964000003,23.321641500675156,-3.304204301889108,-0.069873,-0.00455690895295735,-0.2610916506298352,23.554651570141413
1723528430.8338587,217.09689736366272,1723528430.8324118,0.0014469623565673828,9.160081500675156,32.745206698110884,0.0,-3.1036706053529577,-14.438941,36.088372,0.072396,-3.1009857003000003,23.599022500675154,-3.3431653018891154,-0.072396,-0.002684905052957376,-0.15383372792780642,23.83476155542454
1723528430.9338584,217.1968970298767,1723528430.9662998,-0.03244137763977051,9.160081500675153,32.74520669811088,0.0,-3.1036706053529577,-14.725965,36.133893,0.07274,-3.100693879,23.886046500675153,-3.3886863018891233,-0.07274,-0.002976726352957648,-0.17055385678984308,24.125333228633895
1723528431.033856,217.2968945503235,1723528430.9662998,0.06755614280700684,9.160081500675151,32.74520669811087,0.0,-3.1036706053529577,-14.725965,36.133893,0.07274,-3.100693879,23.88604650067515,-3.3886863018891304,-0.07274,-0.002976726352957648,-0.17055385678984308,24.12533322863389
1723528431.1338556,217.39689421653748,1723528431.1029038,0.030951738357543945,9.160081500675151,32.74520669811087,0.0,-3.1036706053529577,-15.009555,36.189799,0.062585,-3.1023086865000002,24.169636500675153,-3.4445923018891307,-0.062585,-0.0013619188529574444,-0.07803220231375972,24.413939902916685
1723528431.233853,217.49689173698425,1723528431.264678,-0.030824899673461914,9.16008150067515,32.74520669811086,0.0,-3.1036706053529577,-15.298437,36.239476,0.075703,-3.1033868936,24.458518500675147,-3.4942693018891404,-0.075703,-0.00028371175295749396,-0.016255486042722655,24.706978288455314
1723528431.3338528,217.59689140319824,1723528431.389128,-0.05527520179748535,9.16008150067515,32.745206698110856,0.0,-3.1036706053529577,-15.577853000000001,36.287558000000004,0.09456400000000001,-3.1047668717000003,24.737934500675152,-3.5423513018891484,-0.09456400000000001,0.0010962663470426293,0.06281143490776668,24.99045014512115
1723528431.4638505,217.72688913345337,1723528431.4764326,-0.012582063674926758,9.160081500675137,32.74520669811085,0.0,-3.1036706053529577,-15.860872,36.333365,0.09202700000000001,-3.1069025591000003,25.020953500675137,-3.588158301889152,-0.09202700000000001,0.0032319537470426596,0.18517730928703646,25.27709364327894
1723528431.4638505,217.72688913345337,1723528431.4764326,-0.012582063674926758,9.160081500675137,32.74520669811085,0.0,-3.1036706053529577,-15.860872,36.333365,0.09202700000000001,-3.1069025591000003,25.020953500675137,-3.588158301889152,-0.09202700000000001,0.0032319537470426596,0.18517730928703646,25.27709364327894
1723528431.5338502,217.7968888282776,1723528431.4764326,0.05741763114929199,9.16008150067515,32.74520669811084,0.0,-3.1036706053529577,-15.860872,36.333365,0.09202700000000001,-3.1069025591000003,25.020953500675148,-3.588158301889159,-0.09202700000000001,0.0032319537470426596,0.18517730928703646,25.277093643278945
1723528431.663848,217.92688655853271,1723528431.7166996,-0.05285167694091797,9.16008150067514,32.745206698110835,0.0,-3.1036706053529577,-16.447491,36.40187,0.120663,-3.1111654534000004,25.60757250067514,-3.656663301889168,-0.120663,0.0074948480470427015,0.42942316118741425,25.867615186566496
1723528431.7638476,218.0268862247467,1723528431.7166996,0.04714798927307129,9.160081500675142,32.74520669811083,0.0,-3.1036706053529577,-16.447491,36.40187,0.120663,-3.1111654534000004,25.60757250067514,-3.656663301889175,-0.120663,0.0074948480470427015,0.42942316118741425,25.867615186566496
1723528431.8638456,218.12688422203064,1723528431.8141408,0.049704790115356445,9.160081500675144,32.74520669811082,0.0,-3.1036706053529577,-16.741207,36.461546,0.09470600000000001,-3.1135736783000003,25.901288500675143,-3.716339301889178,-0.09470600000000001,0.009903072947042625,0.5674042840757246,26.16671345485345
1723528431.9338453,218.19688391685486,1723528431.9236963,0.010149002075195312,9.160081500675147,32.74520669811081,0.0,-3.1036706053529577,-17.030531,36.5344,0.08313000000000001,-3.1184271272000004,26.190612500675147,-3.789193301889185,-0.08313000000000001,0.01475652184704268,0.8454864221281397,26.463429098219738
1723528432.0638416,218.3268802165985,1723528432.0544465,0.009395122528076172,9.160081500675142,32.74520669811081,0.0,-3.1036706053529577,-17.333554999999997,36.605604,0.074657,-3.1230973410000002,26.493636500675137,-3.8603973018891864,-0.074657,0.01942673564704256,1.1130699622918871,26.77351332989356
1723528432.1638412,218.4268798828125,1723528432.1367786,0.027062654495239258,9.160081500675142,32.745206698110806,0.0,-3.1036706053529577,-17.628587999999997,36.670496,0.09363300000000001,-3.1284263115,26.78866950067514,-3.925289301889194,-0.09363300000000001,0.024755706147042474,1.4183974810916022,27.07488646067823
1723528432.2638388,218.52687740325928,1723528432.2455525,0.01828622817993164,9.160081500675142,32.745206698110806,0.0,-3.1036706053529577,-17.925516,36.730417,0.09932300000000001,-3.1318822358,27.085597500675142,-3.9852103018891967,-0.09932300000000001,0.028211630447042335,1.6164073577982978,27.377387716456663
1723528432.3638384,218.62687706947327,1723528432.3822558,-0.0184173583984375,9.16008150067514,32.745206698110806,0.0,-3.1036706053529577,-18.219019,36.786363,0.112254,-3.1369314589000004,27.37910050067514,-4.041156301889195,-0.112254,0.03326085354704267,1.9057065312482788,27.6759586905835
1723528432.463836,218.72687458992004,1723528432.4975917,-0.03375577926635742,9.160081500675137,32.745206698110806,0.0,-3.1036706053529577,-18.506224,36.84305,0.112247,3.1403352141,27.666305500675136,-4.097843301889192,-0.112247,0.039179487726628964,2.2448192902204482,27.968363898743423
1723528432.5638356,218.82687425613403,1723528432.6030366,-0.03920102119445801,9.160081500675139,32.745206698110806,0.0,-3.1036706053529577,-18.803714999999997,36.902857000000004,0.119095,3.1383513934,27.963796500675137,-4.157650301889198,-0.119095,0.041163308426629436,2.3584838436411637,28.271437076721007
1723528432.6638331,218.9268717765808,1723528432.7044547,-0.04062151908874512,9.160081500675139,32.745206698110806,0.0,-3.1036706053529577,-19.083130999999998,36.971119,0.09864200000000001,3.1347374782,28.243212500675135,-4.2259123018891955,-0.09864200000000001,0.044777223626628414,2.565545932119282,28.5577855826693
1723528432.7638328,219.0268714427948,1723528432.7985876,-0.03475475311279297,9.160081500675139,32.745206698110806,0.0,-3.1036706053529577,-19.365423,37.052336000000004,0.072689,3.1293207364,28.52550450067514,-4.307129301889198,-0.072689,0.05019396542662882,2.875902375971402,28.848935050222412
1723528432.8638306,219.12686920166016,1723528432.8849483,-0.021117687225341797,9.160081500675139,32.745206698110806,0.0,-3.1036706053529577,-19.671429999999997,37.135191,0.06194,3.1253060284,28.831511500675134,-4.389984301889193,-0.06194,0.054208673426629404,3.1059282003488433,29.16387927124915
1723528432.9638302,219.22686886787415,1723528433.0246978,-0.0608675479888916,9.160081500675144,32.745206698110806,0.0,-3.1036706053529577,-19.984015,37.213606,0.08307300000000001,3.123216973,29.144096500675143,-4.4683993018891925,-0.08307300000000001,0.056297728826628445,3.225622257937802,29.484773261551766
1723528433.063828,219.3268666267395,1723528433.0246978,0.039130210876464844,9.160081500675146,32.745206698110806,0.0,-3.1036706053529577,-19.984015,37.213606,0.08307300000000001,3.123216973,29.144096500675147,-4.4683993018891925,-0.08307300000000001,0.056297728826628445,3.225622257937802,29.48477326155177
1723528433.1638277,219.4268662929535,1723528433.2035422,-0.03971457481384277,9.160081500675147,32.745206698110806,0.0,-3.1036706053529577,-20.585604999999997,37.360752,0.09080300000000001,3.110073603,29.745686500675145,-4.615545301889192,-0.09080300000000001,0.06944109882662833,3.978681887516656,30.101783485618387
1723528433.2638257,219.52686429023743,1723528433.2035422,0.06028342247009277,9.16008150067515,32.745206698110806,0.0,-3.1036706053529577,-20.585604999999997,37.360752,0.09080300000000001,3.110073603,29.74568650067515,-4.615545301889192,-0.09080300000000001,0.06944109882662833,3.978681887516656,30.10178348561839
1723528433.363825,219.62686371803284,1723528433.3300035,0.03382158279418945,9.160081500675153,32.745206698110806,0.0,-3.1036706053529577,-20.888391,37.436758,0.08854100000000001,3.1017402581,30.048472500675153,-4.6915513018891914,-0.08854100000000001,0.07777444372662881,4.456147379513553,30.412648565206712
1723528433.463823,219.72686171531677,1723528433.434402,0.029421091079711914,9.160081500675155,32.745206698110806,0.0,-3.1036706053529577,-21.196163,37.525982,0.07123600000000001,3.0924306073,30.356244500675153,-4.780775301889193,-0.07123600000000001,0.08708409452662938,4.989551079094176,30.730481077256506
1723528433.5638227,219.82686138153076,1723528433.5728114,-0.008988618850708008,9.160081500675156,32.745206698110806,0.0,-3.1036706053529577,-21.487326,37.623314,0.055467999999999996,3.0825495492,30.647407500675158,-4.8781073018891945,-0.055467999999999996,0.09696515262662887,5.5556940053477035,31.03324981467794
1723528433.663819,219.92685770988464,1723528433.671926,-0.00810694694519043,9.160081500675158,32.745206698110806,0.0,-3.1036706053529577,-21.783012999999997,37.712895,0.05795,3.0705494466,30.943094500675155,-4.967688301889197,-0.05795,0.10896525522662895,6.243249238051673,31.339374316424056
1723528433.7638185,220.02685713768005,1723528433.7798674,-0.016048908233642578,9.16008150067516,32.745206698110806,0.0,-3.1036706053529577,-22.075694,37.809615,0.058175,3.0595677452,31.23577550067516,-5.064408301889195,-0.058175,0.11994695662662938,6.872454380144606,31.643724289461375
1723528433.8638163,220.1268548965454,1723528433.885505,-0.02168869972229004,9.160081500675162,32.745206698110806,0.0,-3.1036706053529577,-22.369618,37.905875,0.056192,3.0491061009,31.52969950067516,-5.160668301889196,-0.056192,0.13040860092662876,7.471862445301665,31.949297417405962
1723528433.8638163,220.1268548965454,1723528433.885505,-0.02168869972229004,9.160081500675162,32.745206698110806,0.0,-3.1036706053529577,-22.369618,37.905875,0.056192,3.0491061009,31.52969950067516,-5.160668301889196,-0.056192,0.13040860092662876,7.471862445301665,31.949297417405962
1723528433.963816,220.2268545627594,1723528433.9939911,-0.030175209045410156,9.160081500675162,32.745206698110806,0.0,-3.1036706053529577,-22.664074,38.009596,0.045695,3.0413984179,31.82415550067516,-5.264389301889196,-0.045695,0.13811628392662836,7.913480151026374,32.25666994725314
1723528434.0638134,220.32685208320618,1723528434.099187,-0.03537344932556152,9.160081500675163,32.745206698110806,0.0,-3.1036706053529577,-22.971183999999997,38.124059,0.029397,3.0350721787999997,32.13126550067516,-5.3788523018891965,-0.029397,0.1444425230266291,8.275946951647057,32.578384535517195
1723528434.163813,220.42685174942017,1723528434.099187,0.06462621688842773,9.160081500675165,32.745206698110806,0.0,-3.1036706053529577,-22.971183999999997,38.124059,0.029397,3.0350721787999997,32.13126550067516,-5.3788523018891965,-0.029397,0.1444425230266291,8.275946951647057,32.578384535517195
1723528434.2638109,220.52684950828552,1723528434.2344465,0.029364347457885742,9.160081500675167,32.745206698110806,0.0,-3.1036706053529577,-23.283417,38.232738,0.025856999999999998,3.0314015587,32.44349850067517,-5.487531301889192,-0.025856999999999998,0.1481131431266294,8.486257991572963,32.90431982790367
1723528434.3638113,220.62684988975525,1723528434.352663,0.011148214340209961,9.160081500675169,32.745206698110806,0.0,-3.1036706053529577,-23.58103,38.33285,0.021394999999999997,3.0285122372999997,32.74111150067517,-5.5876433018891944,-0.021394999999999997,0.15100246452662905,8.651803913449774,33.21449378983241
1723528434.4638097,220.72684836387634,1723528434.4356458,0.028163909912109375,9.16008150067517,32.745206698110806,0.0,-3.1036706053529577,-23.867544,38.43226,0.022801,3.0268707896,33.02762550067517,-5.687053301889193,-0.022801,0.152643912226629,8.745851938951226,33.51368588139745
1723528434.5638103,220.82684898376465,1723528434.5423174,0.021492958068847656,9.160081500675172,32.745206698110806,0.0,-3.1036706053529577,-24.149161999999997,38.529924,0.033389,3.0237793383,33.309243500675166,-5.784717301889195,-0.033389,0.15573536352662945,8.922979051011483,33.80783595078762
1723528434.6638086,220.92684721946716,1723528434.6530206,0.0107879638671875,9.160081500675174,32.745206698110806,0.0,-3.1036706053529577,-24.441323999999998,38.628294000000004,0.026653999999999997,3.0228443372,33.60140550067517,-5.883087301889198,-0.026653999999999997,0.15667036462662878,8.976550667881535,34.11254722617719
1723528434.763809,221.0268476009369,1723528434.7555034,0.008305549621582031,9.160081500675176,32.745206698110806,0.0,-3.1036706053529577,-24.722271,38.728124,0.01755,3.0237106739999997,33.882352500675175,-5.982917301889195,-0.01755,0.15580402782662908,8.926913225604682,34.406531624442394
1723528434.8638074,221.12684607505798,1723528434.845563,0.018244504928588867,9.160081500675178,32.745206698110806,0.0,-3.1036706053529577,-25.003771999999998,38.832561,0.006237,3.0223108153,34.163853500675174,-6.087354301889192,-0.006237,0.15720388652662923,9.007119221029361,34.70194241411413
1723528434.9638078,221.2268464565277,1723528434.933914,0.029893875122070312,9.16008150067518,32.745206698110806,0.0,-3.1036706053529577,-25.306179999999998,38.93471,0.005022,3.0213014380999996,34.466261500675174,-6.1895033018891965,-0.005022,0.15821326372662917,9.06495227452609,35.017612114156286
1723528435.0638063,221.3268449306488,1723528435.1026003,-0.03879404067993164,9.16008150067518,32.745206698110806,0.0,-3.1036706053529577,-25.878556,39.146636,0.012727,3.0273857440999996,35.03863750067518,-6.401429301889195,-0.012727,0.15212895772662918,8.716347219459967,35.61859875103645
1723528435.1638062,221.42684483528137,1723528435.2127528,-0.04894661903381348,9.16008150067518,32.745206698110806,0.0,-3.1036706053529577,-26.175718,39.258321,0.004784,3.0322959056,35.33579950067518,-6.513114301889196,-0.004784,0.1472187962266285,8.435015688782302,35.93103682261404
1723528435.303803,221.56684160232544,1723528435.2998202,0.0039827823638916016,9.16008150067518,32.745206698110806,0.0,-3.1036706053529577,-26.464855,39.358192,-7.300000000000001e-05,3.0385140260999997,35.624936500675176,-6.612985301889196,7.300000000000001e-05,0.14100067572662867,8.078743627628535,36.233515911176355
1723528435.3638034,221.62684202194214,1723528435.4029706,-0.039167165756225586,9.16008150067518,32.745206698110806,0.0,-3.1036706053529577,-26.735049999999998,39.443827,-0.0039369999999999995,3.0458380928,35.89513150067518,-6.698620301889193,0.0039369999999999995,0.1336766090266288,7.6591055168462345,36.51481883974799
1723528435.4638,221.7268385887146,1723528435.5042558,-0.04045581817626953,9.16008150067518,32.745206698110806,0.0,-3.1036706053529577,-27.010513,39.527116,-0.009337,3.0552093126999997,36.17059450067518,-6.781909301889193,0.009337,0.1243053891266295,7.122174167687264,36.80090063423575
1723528435.6048,221.86783862113953,1723528435.584745,0.020055055618286133,9.16008150067518,32.745206698110806,0.0,-3.1036706053529577,-27.295906,39.604716,-0.008565,3.065384579,36.45598750067518,-6.859509301889197,0.008565,0.11413012282662852,6.539174353275511,37.09571357813884
1723528435.6937966,221.95683526992798,1723528435.6706634,0.023133277893066406,9.16008150067518,32.745206698110806,0.0,-3.1036706053529577,-27.593853,39.683543,-0.006715,3.0776201778999996,36.75393450067518,-6.938336301889194,0.006715,0.10189452392662915,5.838126176490635,37.4031049113474
1723528435.793797,222.0568356513977,1723528435.8026443,-0.008847236633300781,9.16008150067518,32.745206698110806,0.0,-3.1036706053529577,-27.873388,39.760307000000005,-0.014103,3.0879530913999997,37.03346950067518,-7.015100301889198,0.014103,0.09156161042662905,5.246093842866878,37.69203754637859
1723528435.8937948,222.15683341026306,1723528435.920598,-0.026803255081176758,9.16008150067518,32.745206698110806,0.0,-3.1036706053529577,-28.14396,39.832358,-0.015853000000000003,3.0984983194,37.30404150067518,-7.087151301889193,0.015853000000000003,0.08101638242662924,4.6418967844637065,37.97129807074779
1723528435.9937952,222.2568337917328,1723528436.023671,-0.029875755310058594,9.16008150067518,32.745206698110806,0.0,-3.1036706053529577,-28.417264999999997,39.894449,-0.027156000000000003,3.1090932374999998,37.577346500675176,-7.1492423018891955,0.027156000000000003,0.07042146432662857,4.034852693046903,38.25139700679261
1723528436.0937932,222.35683178901672,1723528436.1042194,-0.01042628288269043,9.16008150067518,32.745206698110806,0.0,-3.1036706053529577,-28.681174,39.951118,-0.029624,3.1183690202,37.841255500675175,-7.205911301889195,0.029624,0.061145681626628944,3.503389492656461,38.521249371476124
1723528436.1937933,222.45683193206787,1723528436.215541,-0.021747589111328125,9.16008150067518,32.745206698110806,0.0,-3.1036706053529577,-28.959208999999998,40.012895,-0.026916000000000002,3.1291793352,38.11929050067518,-7.267688301889194,0.026916000000000002,0.050335366626628436,2.884004067949465,38.805931582676095
1723528436.2937918,222.55683040618896,1723528436.3690333,-0.0752415657043457,9.16008150067518,32.745206698110806,0.0,-3.1036706053529577,-29.225237,40.068027,-0.020782000000000002,3.1387184552,38.38531850067518,-7.322820301889195,0.020782000000000002,0.04079624662662897,2.337452751680662,39.07757420136978
1723528436.3937922,222.6568307876587,1723528436.3690333,0.02475881576538086,9.16008150067518,32.745206698110806,0.0,-3.1036706053529577,-29.225237,40.068027,-0.020782000000000002,3.1387184552,38.38531850067518,-7.322820301889195,0.020782000000000002,0.04079624662662897,2.337452751680662,39.07757420136978
1723528436.4937906,222.75682926177979,1723528436.4737284,0.02006220817565918,9.16008150067518,32.745206698110806,0.0,-3.1036706053529577,-29.494996999999998,40.124745000000004,-0.024063,-3.1348244859000003,38.655078500675174,-7.379538301889198,0.024063,0.031153880547042604,1.7849858708002575,39.35318612857641
1723528436.5937905,222.85682916641235,1723528436.6139722,-0.020181655883789062,9.16008150067518,32.745206698110806,0.0,-3.1036706053529577,-29.757845999999997,40.168614,-0.031802000000000004,-3.1249977018000004,38.91792750067518,-7.423407301889192,0.031802000000000004,0.02132709644704267,1.2219526156839982,39.6196045952601
1723528436.6937888,222.95682740211487,1723528436.721161,-0.027372121810913086,9.16008150067518,32.745206698110806,0.0,-3.1036706053529577,-30.030638,40.216783,-0.036982,-3.1152784228000003,39.19071950067518,-7.471576301889193,0.036982,0.011607817447042645,0.6650789490738656,39.89659528185179
1723528436.7937891,223.0568277835846,1723528436.8022008,-0.008411645889282227,9.16008150067518,32.745206698110806,0.0,-3.1036706053529577,-30.307066,40.253055,-0.038956000000000005,-3.1052448175,39.46714750067518,-7.507848301889197,0.038956000000000005,0.001574212147042342,0.09019571208375396,40.17493043595928
1723528436.9037857,223.1668243408203,1723528436.9372041,-0.03341841697692871,9.16008150067518,32.745206698110806,0.0,-3.1036706053529577,-30.573210999999997,40.30031,-0.037047000000000004,-3.0962988435,39.73329250067518,-7.555103301889197,0.037047000000000004,-0.007371761852957625,-0.42237084175001127,40.44521592631985
1723528437.0047858,223.2678244113922,1723528436.9372041,0.0675816535949707,9.16008150067518,32.745206698110806,0.0,-3.1036706053529577,-30.573210999999997,40.30031,-0.037047000000000004,-3.0962988435,39.73329250067518,-7.555103301889197,0.037047000000000004,-0.007371761852957625,-0.42237084175001127,40.44521592631985
1723528437.1037822,223.36682081222534,1723528437.090641,0.013141155242919922,9.16008150067518,32.745206698110806,0.0,-3.1036706053529577,-30.84562,40.34358,-0.036238,-3.0859071683000003,40.00570150067518,-7.598373301889197,0.036238,-0.017763437052957354,-1.0177699727807614,40.72091284080737
1723528437.1037822,223.36682081222534,1723528437.090641,0.013141155242919922,9.16008150067518,32.745206698110806,0.0,-3.1036706053529577,-30.84562,40.34358,-0.036238,-3.0859071683000003,40.00570150067518,-7.598373301889197,0.036238,-0.017763437052957354,-1.0177699727807614,40.72091284080737
1723528437.203782,223.4668207168579,1723528437.195604,0.008177995681762695,9.16008150067518,32.745206698110806,0.0,-3.1036706053529577,-31.121976999999998,40.376478,-0.033507,-3.0750587266,40.28205850067518,-7.631271301889193,0.033507,-0.02861187875295768,-1.639339896484508,40.998556821599266
1723528437.3037803,223.56681895256042,1723528437.2845106,0.019269704818725586,9.16008150067518,32.745206698110806,0.0,-3.1036706053529577,-31.386212999999998,40.410417,-0.040499,-3.0645833391000004,40.546294500675174,-7.665210301889196,0.040499,-0.03908726625295734,-2.239535388998587,41.26450153432937
1723528437.3037803,223.56681895256042,1723528437.2845106,0.019269704818725586,9.16008150067518,32.745206698110806,0.0,-3.1036706053529577,-31.386212999999998,40.410417,-0.040499,-3.0645833391000004,40.546294500675174,-7.665210301889196,0.040499,-0.03908726625295734,-2.239535388998587,41.26450153432937
1723528437.403781,223.66681957244873,1723528437.4064064,-0.0026254653930664062,9.16008150067518,32.745206698110806,0.0,-3.1036706053529577,-31.661237,40.455713,-0.041395,-3.0537657758,40.821318500675176,-7.710506301889197,0.041395,-0.04990482955295761,-2.8593361107042137,41.54315425086381
1723528437.504779,223.767817735672,1723528437.4996355,0.005143642425537109,9.16008150067518,32.745206698110806,0.0,-3.1036706053529577,-31.917567,40.483126,-0.056789,-3.0422605078,41.07764850067518,-7.7379193018891925,0.056789,-0.061410097552957676,-3.5185394092711393,41.80014146457034
1723528437.5937796,223.85681819915771,1723528437.660511,-0.06673145294189453,9.16008150067518,32.745206698110806,0.0,-3.1036706053529577,-32.187169000000004,40.505637,-0.056503000000000005,-3.0310491615000004,41.34725050067519,-7.760430301889194,0.056503000000000005,-0.07262144385295734,-4.160902234920731,42.06925950174394
1723528437.6937778,223.95681643486023,1723528437.660511,0.03326678276062012,9.16008150067518,32.745206698110806,0.0,-3.1036706053529577,-32.187169000000004,40.505637,-0.056503000000000005,-3.0310491615000004,41.34725050067519,-7.760430301889194,0.056503000000000005,-0.07262144385295734,-4.160902234920731,42.06925950174394
1723528437.793778,224.05681657791138,1723528437.7863653,0.00741267204284668,9.16008150067518,32.745206698110806,0.0,-3.1036706053529577,-32.468831,40.525891,-0.053202,-3.0181965745,41.628912500675185,-7.780684301889195,0.053202,-0.08547403085295757,-4.897301225845453,42.34983157755577
1723528437.8937762,224.1568148136139,1723528437.8942683,-0.000492095947265625,9.16008150067518,32.745206698110806,0.0,-3.1036706053529577,-32.734660000000005,40.550505,-0.049832,-3.0064845969,41.89474150067518,-7.805298301889195,0.049832,-0.09718600845295766,-5.568348112077217,42.61566062163173
1723528437.9937763,224.25681495666504,1723528438.024653,-0.030876636505126953,9.16008150067518,32.745206698110806,0.0,-3.1036706053529577,-33.005971,40.572289,-0.070878,-2.9953724408,42.16605250067518,-7.827082301889192,0.070878,-0.10829816455295749,-6.20502775789776,42.886410721126175
1723528438.0937748,224.35681343078613,1723528438.1356397,-0.041864871978759766,9.16008150067518,32.745206698110806,0.0,-3.1036706053529577,-33.268568,40.589106,-0.067604,-2.9848874706000004,42.42864950067518,-7.843899301889195,0.067604,-0.11878313475295733,-6.80577229867819,43.147672301181416
1723528438.203775,224.46681356430054,1723528438.2554078,-0.05163288116455078,9.16008150067518,32.745206698110806,0.0,-3.1036706053529577,-33.544024,40.579555,-0.07733599999999999,-2.9714434204,42.70410550067518,-7.834348301889193,0.07733599999999999,-0.1322271849529577,-7.576059634700221,43.41685871622919
1723528438.3037732,224.56681180000305,1723528438.2554078,0.04836535453796387,9.16008150067518,32.745206698110806,0.0,-3.1036706053529577,-33.544024,40.579555,-0.07733599999999999,-2.9714434204,42.70410550067518,-7.834348301889193,0.07733599999999999,-0.1322271849529577,-7.576059634700221,43.41685871622919
1723528438.3937736,224.65681219100952,1723528438.3821213,0.011652231216430664,9.16008150067518,32.745206698110806,0.0,-3.1036706053529577,-33.807454,40.576079,-0.064609,-2.9588788291,42.96753550067518,-7.830872301889194,0.064609,-0.1447917762529576,-8.295957687497008,43.675345932610064
1723528438.5047698,224.7678084373474,1723528438.4837263,0.02104353904724121,9.16008150067518,32.745206698110806,0.0,-3.1036706053529577,-34.075657,40.571411,-0.067011,-2.9460042957000003,43.23573850067518,-7.826204301889192,0.067011,-0.15766630965295736,-9.033614114517208,43.93840060753004
1723528438.59377,224.85680866241455,1723528438.5851934,0.008576631546020508,9.16008150067518,32.745206698110806,0.0,-3.1036706053529577,-34.343309000000005,40.569201,-0.068016,-2.9324202897,43.50339050067518,-7.8239943018891935,0.068016,-0.17125031565295767,-9.811920327197614,44.20140832673192
1723528438.6937668,224.9568054676056,1723528438.6902947,0.0034720897674560547,9.16008150067518,32.745206698110806,0.0,-3.1036706053529577,-34.624990000000004,40.569666,-0.057512,-2.9214909669,43.78507150067519,-7.824459301889192,0.057512,-0.18217963845295768,-10.438124396573716,44.47873601302428
1723528438.793767,225.05680561065674,1723528438.8203793,-0.026612281799316406,9.16008150067518,32.745206698110806,0.0,-3.1036706053529577,-34.902260000000005,40.566119,-0.057826,-2.9108325443000003,44.06234150067519,-7.820912301889194,0.057826,-0.19283806105295742,-11.048807027820557,44.751088831471364
1723528438.9037638,225.16680240631104,1723528438.956267,-0.052503347396850586,9.16008150067518,32.745206698110806,0.0,-3.1036706053529577,-35.164984000000004,40.547543000000005,-0.080484,-2.9005401525,44.32506550067518,-7.8023363018891985,0.080484,-0.2031304528529576,-11.638517639055623,45.0066035274956
1723528438.993764,225.25680255889893,1723528438.956267,0.03749680519104004,9.16008150067518,32.745206698110806,0.0,-3.1036706053529577,-35.164984000000004,40.547543000000005,-0.080484,-2.9005401525,44.32506550067518,-7.8023363018891985,0.080484,-0.2031304528529576,-11.638517639055623,45.0066035274956
1723528439.0937622,225.35680079460144,1723528439.055526,0.038236141204833984,9.16008150067518,32.745206698110806,0.0,-3.1036706053529577,-35.424253,40.525526,-0.085327,-2.8920622137,44.58433450067518,-7.780319301889193,0.085327,-0.21160839165295764,-12.124267751265831,45.25818745823096
1723528439.1607168,225.42375540733337,1723528439.162077,-0.001360177993774414,9.16008150067518,32.745206698110806,0.0,-3.1036706053529577,-35.691361,40.501656000000004,-0.074164,-2.8834915717,44.85144250067518,-7.756449301889198,0.074164,-0.22017903365295768,-12.615329365583396,45.51724838413505
1723528439.2037625,225.46680116653442,1723528439.162077,0.04168558120727539,9.16008150067518,32.745206698110806,0.0,-3.1036706053529577,-35.691361,40.501656000000004,-0.074164,-2.8834915717,44.85144250067518,-7.756449301889198,0.074164,-0.22017903365295768,-12.615329365583396,45.51724838413505
1723528439.3037605,225.56679916381836,1723528439.3110979,-0.007337331771850586,9.16008150067518,32.745206698110806,0.0,-3.1036706053529577,-35.966032000000006,40.484971,-0.06683299999999999,-2.8755259633000003,45.12611350067519,-7.7397643018891955,0.06683299999999999,-0.22814464205295737,-13.071725108157334,45.785090780455015
1723528439.393761,225.65679955482483,1723528439.414241,-0.02048015594482422,9.16008150067518,32.745206698110806,0.0,-3.1036706053529577,-36.237906,40.455265000000004,-0.067025,-2.8690728046,45.397987500675185,-7.710058301889198,0.067025,-0.23459780075295766,-13.44146386619548,46.04809182236128
1723528439.4937594,225.75679802894592,1723528439.5454879,-0.05172848701477051,9.16008150067518,32.745206698110806,0.0,-3.1036706053529577,-36.507162,40.437631,-0.065547,-2.8655246794,45.667243500675184,-7.692424301889197,0.065547,-0.2381459259529577,-13.644756465339492,46.31063395160408
1723528439.5937598,225.85679841041565,1723528439.5454879,0.048271894454956055,9.16008150067518,32.745206698110806,0.0,-3.1036706053529577,-36.507162,40.437631,-0.065547,-2.8655246794,45.667243500675184,-7.692424301889197,0.065547,-0.2381459259529577,-13.644756465339492,46.31063395160408
1723528439.7337575,225.99679613113403,1723528439.7799714,-0.04621386528015137,9.16008150067518,32.745206698110806,0.0,-3.1036706053529577,-37.055582,40.409346,-0.064603,-2.8625539378,46.21566350067518,-7.664139301889193,0.064603,-0.2411166675529577,-13.814967421043434,46.84688631695826
1723528439.8337545,226.09679317474365,1723528439.7799714,0.05378317832946777,9.16008150067518,32.745206698110806,0.0,-3.1036706053529577,-37.055582,40.409346,-0.064603,-2.8625539378,46.21566350067518,-7.664139301889193,0.064603,-0.2411166675529577,-13.814967421043434,46.84688631695826
1723528439.9337544,226.19679307937622,1723528439.9035575,0.0301969051361084,9.16008150067518,32.745206698110806,0.0,-3.1036706053529577,-37.324868,40.386923,-0.085312,-2.8598246327,46.484949500675185,-7.641716301889197,0.085312,-0.2438459726529576,-13.97134508427696,47.108954947612936
1723528440.0337512,226.29678988456726,1723528440.035527,-0.0017757415771484375,9.16008150067518,32.745206698110806,0.0,-3.1036706053529577,-37.594204000000005,40.369382,-0.07728099999999999,-2.8551115424,46.75428550067518,-7.624175301889196,0.07728099999999999,-0.24855906295295774,-14.241385266931015,47.37190342455688
1723528440.1337516,226.396790266037,1723528440.144444,-0.010692358016967773,9.16008150067518,32.745206698110806,0.0,-3.1036706053529577,-37.866534,40.336721000000004,-0.077692,-2.8517764576,47.02661550067518,-7.591514301889198,0.077692,-0.2518941477529575,-14.432471550289232,47.63548772596955
1723528440.2337487,226.4967873096466,1723528440.2854345,-0.05168581008911133,9.16008150067518,32.745206698110806,0.0,-3.1036706053529577,-38.131866,40.313652,-0.077565,-2.8476248024000004,47.29194750067518,-7.5684453018891915,0.077565,-0.2560458029529573,-14.670343871242764,47.89379583018588
1723528440.333749,226.59678769111633,1723528440.2854345,0.048314571380615234,9.16008150067518,32.745206698110806,0.0,-3.1036706053529577,-38.131866,40.313652,-0.077565,-2.8476248024000004,47.29194750067518,-7.5684453018891915,0.077565,-0.2560458029529573,-14.670343871242764,47.89379583018588
1723528440.4337459,226.69678449630737,1723528440.4019265,0.03181934356689453,9.16008150067518,32.745206698110806,0.0,-3.1036706053529577,-38.408294000000005,40.296162,-0.079248,-2.8410728301000003,47.56837550067519,-7.550955301889196,0.079248,-0.26259777525295736,-15.04574423151939,48.16402759311007
1723528440.4337459,226.69678449630737,1723528440.4019265,0.03181934356689453,9.16008150067518,32.745206698110806,0.0,-3.1036706053529577,-38.408294000000005,40.296162,-0.079248,-2.8410728301000003,47.56837550067519,-7.550955301889196,0.079248,-0.26259777525295736,-15.04574423151939,48.16402759311007
1723528440.533746,226.79678463935852,1723528440.5556316,-0.02188563346862793,9.16008150067518,32.745206698110806,0.0,-3.1036706053529577,-38.683814000000005,40.27915,-0.080604,-2.8376952771000004,47.84389550067519,-7.533943301889195,0.080604,-0.26597532825295733,-15.239263763501139,48.43351252346277
1723528440.633743,226.89678168296814,1723528440.6901531,-0.05641007423400879,9.16008150067518,32.745206698110806,0.0,-3.1036706053529577,-38.952762,40.252183,-0.085933,-2.8323652801000003,48.11284350067518,-7.506976301889196,0.085933,-0.27130532525295736,-15.54465009641853,48.695048900253475
1723528440.7337437,226.99678230285645,1723528440.6901531,0.043590545654296875,9.16008150067518,32.745206698110806,0.0,-3.1036706053529577,-38.952762,40.252183,-0.085933,-2.8323652801000003,48.11284350067518,-7.506976301889196,0.085933,-0.27130532525295736,-15.54465009641853,48.695048900253475
1723528440.833741,227.09677958488464,1723528440.8349187,-0.0011777877807617188,9.16008150067518,32.745206698110806,0.0,-3.1036706053529577,-39.222543,40.228604000000004,-0.09092,-2.8262033878,48.38262450067518,-7.483397301889198,0.09092,-0.27746721755295756,-15.8977005190227,48.958021357052985
1723528440.933741,227.1967797279358,1723528440.9429934,-0.009252309799194336,9.16008150067518,32.745206698110806,0.0,-3.1036706053529577,-39.495118000000005,40.192331,-0.08673399999999999,-2.8215691263,48.65519950067518,-7.447124301889197,0.08673399999999999,-0.2821014790529577,-16.163224144132673,49.22190184872022
1723528441.0337384,227.296777009964,1723528441.0990531,-0.06531476974487305,9.16008150067518,32.745206698110806,0.0,-3.1036706053529577,-39.766040000000004,40.153732,-0.08315199999999999,-2.8154719506,48.92612150067518,-7.408525301889192,0.08315199999999999,-0.2881986547529576,-16.512566578692393,49.48392189896297
1723528441.1337392,227.39677786827087,1723528441.0990531,0.03468608856201172,9.16008150067518,32.745206698110806,0.0,-3.1036706053529577,-39.766040000000004,40.153732,-0.08315199999999999,-2.8154719506,48.92612150067518,-7.408525301889192,0.08315199999999999,-0.2881986547529576,-16.512566578692393,49.48392189896297
1723528441.2337363,227.4967749118805,1723528441.2456665,-0.011930227279663086,9.16008150067518,32.745206698110806,0.0,-3.1036706053529577,-40.043130000000005,40.121063,-0.09254799999999999,-2.8094901412000004,49.20321150067518,-7.375856301889193,0.09254799999999999,-0.2941804641529573,-16.85529901116406,49.75306868222901
1723528441.333737,227.5967755317688,1723528441.338405,-0.004667997360229492,9.16008150067518,32.745206698110806,0.0,-3.1036706053529577,-40.317468000000005,40.088004,-0.09440599999999999,-2.8030746034000003,49.47754950067518,-7.342797301889192,0.09440599999999999,-0.30059600195295744,-17.222882250410713,50.019531078382066
1723528441.4337337,227.69677233695984,1723528441.4495852,-0.015851497650146484,9.16008150067518,32.745206698110806,0.0,-3.1036706053529577,-40.592200000000005,40.049184000000004,-0.101403,-2.7969323912000004,49.75228150067518,-7.303977301889198,0.101403,-0.3067382141529574,-17.574805086344472,50.28566278291803
1723528441.5337343,227.79677295684814,1723528441.6014516,-0.06771731376647949,9.16008150067518,32.745206698110806,0.0,-3.1036706053529577,-40.867684000000004,40.00982,-0.107834,-2.7912233396,50.02776550067519,-7.264613301889192,0.107834,-0.3124472657529575,-17.90190964804689,50.552582086260315
1723528441.6337311,227.89676976203918,1723528441.6014516,0.03227949142456055,9.16008150067518,32.745206698110806,0.0,-3.1036706053529577,-40.867684000000004,40.00982,-0.107834,-2.7912233396,50.02776550067519,-7.264613301889192,0.107834,-0.3124472657529575,-17.90190964804689,50.552582086260315
1723528441.7337317,227.9967703819275,1723528441.738076,-0.00434422492980957,9.16008150067518,32.745206698110806,0.0,-3.1036706053529577,-41.143149,39.969134000000004,-0.100769,-2.784673413,50.303230500675184,-7.223927301889198,0.100769,-0.31899719235295754,-18.277192798347365,50.81938880839083
1723528441.8337283,228.09676694869995,1723528441.8440177,-0.010289430618286133,9.16008150067518,32.745206698110806,0.0,-3.1036706053529577,-41.418791,39.929230000000004,-0.10742399999999999,-2.7780252674000003,50.578872500675175,-7.184023301889198,0.10742399999999999,-0.32564533795295736,-18.658103482815825,51.086633028194555
1723528441.933729,228.19676756858826,1723528442.0068312,-0.07310223579406738,9.16008150067518,32.745206698110806,0.0,-3.1036706053529577,-41.695649,39.881931,-0.11076799999999999,-2.7724211861000003,50.85573050067518,-7.1367243018891955,0.11076799999999999,-0.33124941925295737,-18.979193689354013,51.35416660864339
1723528441.933729,228.19676756858826,1723528442.0068312,-0.07310223579406738,9.16008150067518,32.745206698110806,0.0,-3.1036706053529577,-41.695649,39.881931,-0.11076799999999999,-2.7724211861000003,50.85573050067518,-7.1367243018891955,0.11076799999999999,-0.33124941925295737,-18.979193689354013,51.35416660864339
1723528442.0337257,228.2967643737793,1723528442.0068312,0.026894569396972656,9.16008150067518,32.745206698110806,0.0,-3.1036706053529577,-41.695649,39.881931,-0.11076799999999999,-2.7724211861000003,50.85573050067518,-7.1367243018891955,0.11076799999999999,-0.33124941925295737,-18.979193689354013,51.35416660864339
1723528442.1337264,228.3967649936676,1723528442.1068945,0.026831865310668945,9.16008150067518,32.745206698110806,0.0,-3.1036706053529577,-41.969574,39.828573,-0.11687499999999999,-2.7671902801000003,51.129655500675184,-7.083366301889193,0.11687499999999999,-0.33648032525295735,-19.27890252618367,51.61811125516013
1723528442.2337232,228.49676179885864,1723528442.278005,-0.044281721115112305,9.16008150067518,32.745206698110806,0.0,-3.1036706053529577,-42.240011,39.781784,-0.11370599999999999,-2.7609746584000003,51.400092500675186,-7.036577301889196,0.11370599999999999,-0.34269594695295735,-19.6350314166436,51.87962854780153
1723528442.333724,228.59676265716553,1723528442.278005,0.05571913719177246,9.16008150067518,32.745206698110806,0.0,-3.1036706053529577,-42.240011,39.781784,-0.11370599999999999,-2.7609746584000003,51.400092500675186,-7.036577301889196,0.11370599999999999,-0.34269594695295735,-19.6350314166436,51.87962854780153
1723528442.4337215,228.6967601776123,1723528442.4251592,0.008562326431274414,9.16008150067518,32.745206698110806,0.0,-3.1036706053529577,-42.517336,39.729207,-0.11265599999999999,-2.7540024587,51.677417500675176,-6.984000301889196,0.11265599999999999,-0.34966814665295765,-20.034509033375997,52.14733388324099
1723528442.5337224,228.7967610359192,1723528442.5364563,-0.002733945846557617,9.16008150067518,32.745206698110806,0.0,-3.1036706053529577,-42.801105,39.666428,-0.11553799999999999,-2.747588903,51.96118650067518,-6.921221301889197,0.11553799999999999,-0.3560817023529576,-20.401978706658067,52.42023994505479
1723528442.63372,228.89675855636597,1723528442.6724625,-0.0387425422668457,9.16008150067518,32.745206698110806,0.0,-3.1036706053529577,-43.0707,39.617054,-0.12533,-2.7413608899,52.23078150067518,-6.871847301889197,0.12533,-0.36230971545295754,-20.75881757204025,52.68104525463266
1723528442.7337208,228.99675941467285,1723528442.6724625,0.06125831604003906,9.16008150067518,32.745206698110806,0.0,-3.1036706053529577,-43.0707,39.617054,-0.12533,-2.7413608899,52.23078150067518,-6.871847301889197,0.12533,-0.36230971545295754,-20.75881757204025,52.68104525463266
1723528442.8337178,229.09675645828247,1723528442.8296535,0.004064321517944336,9.16008150067518,32.745206698110806,0.0,-3.1036706053529577,-43.345557,39.558013,-0.133745,-2.7339147658000003,52.505638500675175,-6.8128063018891964,0.133745,-0.36975583955295743,-21.185449056700893,52.945956330919834
1723528442.9337187,229.19675731658936,1723528442.9837558,-0.05003714561462402,9.16008150067518,32.745206698110806,0.0,-3.1036706053529577,-43.624781,39.508182,-0.141293,-2.7299070162000003,52.784862500675175,-6.762975301889192,0.141293,-0.3737635891529574,-21.415076194126133,53.21653415867099
1723528443.0337157,229.29675436019897,1723528442.9837558,0.04995989799499512,9.16008150067518,32.745206698110806,0.0,-3.1036706053529577,-43.624781,39.508182,-0.141293,-2.7299070162000003,52.784862500675175,-6.762975301889192,0.141293,-0.3737635891529574,-21.415076194126133,53.21653415867099
1723528443.1637166,229.42675518989563,1723528443.1039696,0.05974698066711426,9.16008150067518,32.745206698110806,0.0,-3.1036706053529577,-43.891264,39.453602000000004,-0.142044,-2.7234747721000003,53.05134550067518,-6.7083953018891975,0.142044,-0.38019583325295736,-21.783616633854056,53.4739937114889
1723528443.2337136,229.49675226211548,1723528443.231791,0.001922607421875,9.16008150067518,32.745206698110806,0.0,-3.1036706053529577,-44.154909,39.391961,-0.131295,-2.7163588961,53.31499050067518,-6.646754301889196,0.131295,-0.38731170925295766,-22.191326296192507,53.72787724462779
1723528443.3337142,229.59675288200378,1723528443.3619287,-0.028214454650878906,9.16008150067518,32.745206698110806,0.0,-3.1036706053529577,-44.435957,39.329683,-0.12822999999999998,-2.7109166284,53.59603850067518,-6.584476301889197,0.12822999999999998,-0.39275397695295755,-22.503145266382873,53.99913993823324
1723528443.3938434,229.6568820476532,1723528443.3619287,0.031914710998535156,9.16008150067518,32.745206698110806,0.0,-3.1036706053529577,-44.435957,39.329683,-0.12822999999999998,-2.7109166284,53.59603850067518,-6.584476301889197,0.12822999999999998,-0.39275397695295755,-22.503145266382873,53.99913993823324
1723528443.4337115,229.69675016403198,1723528443.4953682,-0.06165671348571777,9.16008150067518,32.745206698110806,0.0,-3.1036706053529577,-44.724675000000005,39.263463,-0.130992,-2.7046180918,53.88475650067518,-6.5182563018891955,0.130992,-0.3990525135529577,-22.864024830671557,54.27772846442856
1723528443.5337126,229.79675126075745,1723528443.4953682,0.038344383239746094,9.16008150067518,32.745206698110806,0.0,-3.1036706053529577,-44.724675000000005,39.263463,-0.130992,-2.7046180918,53.88475650067518,-6.5182563018891955,0.130992,-0.3990525135529577,-22.864024830671557,54.27772846442856
1723528443.6337097,229.89674830436707,1723528443.6222417,0.011467933654785156,9.16008150067518,32.745206698110806,0.0,-3.1036706053529577,-45.000544000000005,39.193545,-0.14245,-2.6986905753,54.16062550067518,-6.448338301889194,0.14245,-0.4049800300529576,-23.20364650911571,54.54332877156012
1723528443.7637107,230.0267493724823,1723528443.7375255,0.026185274124145508,9.16008150067518,32.745206698110806,0.0,-3.1036706053529577,-45.278409,39.120943000000004,-0.138205,-2.6920780184,54.43849050067519,-6.375736301889198,0.138205,-0.4115925869529575,-23.582518111275814,54.81075042366557
1723528443.7637107,230.0267493724823,1723528443.7375255,0.026185274124145508,9.16008150067518,32.745206698110806,0.0,-3.1036706053529577,-45.278409,39.120943000000004,-0.138205,-2.6920780184,54.43849050067519,-6.375736301889198,0.138205,-0.4115925869529575,-23.582518111275814,54.81075042366557
1723528443.8637094,230.12674808502197,1723528443.852887,0.010822534561157227,9.16008150067518,32.745206698110806,0.0,-3.1036706053529577,-45.545382000000004,39.055219,-0.134228,-2.6857118262000004,54.70546350067518,-6.310012301889195,0.134228,-0.4179587791529573,-23.94727405590491,55.06833944499944
1723528443.9637103,230.22674894332886,1723528444.0124786,-0.04876828193664551,9.16008150067518,32.745206698110806,0.0,-3.1036706053529577,-45.820494000000004,38.983813,-0.13758299999999998,-2.6779419462000003,54.98057550067519,-6.238606301889192,0.13758299999999998,-0.42572865915295743,-24.392455387228026,55.333559618529016
1723528444.0637093,230.3267478942871,1723528444.0124786,0.051230669021606445,9.16008150067518,32.745206698110806,0.0,-3.1036706053529577,-45.820494000000004,38.983813,-0.13758299999999998,-2.6779419462000003,54.98057550067519,-6.238606301889192,0.13758299999999998,-0.42572865915295743,-24.392455387228026,55.333559618529016
1723528444.1637099,230.42674851417542,1723528444.1540382,0.009671688079833984,9.16008150067518,32.745206698110806,0.0,-3.1036706053529577,-46.098652,38.912917,-0.141431,-2.6723263189,55.25873350067518,-6.167710301889194,0.141431,-0.43134428645295747,-24.714207130836474,55.6020528505417
1723528444.2637072,230.5267457962036,1723528444.26346,0.0002472400665283203,9.16008150067518,32.745206698110806,0.0,-3.1036706053529577,-46.370332000000005,38.841147,-0.132553,-2.6670660788,55.53041350067518,-6.095940301889193,0.132553,-0.4366045265529577,-25.01559668779196,55.86416456027938
1723528444.3637083,230.62674689292908,1723528444.4054978,-0.04178953170776367,9.16008150067518,32.745206698110806,0.0,-3.1036706053529577,-46.629588000000005,38.758647,-0.134287,-2.6598607713,55.78966950067519,-6.013440301889197,0.134287,-0.44380983405295765,-25.428430397635918,56.1129817444887
1723528444.3637083,230.62674689292908,1723528444.4054978,-0.04178953170776367,9.16008150067518,32.745206698110806,0.0,-3.1036706053529577,-46.629588000000005,38.758647,-0.134287,-2.6598607713,55.78966950067519,-6.013440301889197,0.134287,-0.44380983405295765,-25.428430397635918,56.1129817444887
1723528444.4637055,230.72674417495728,1723528444.4054978,0.05820775032043457,9.16008150067518,32.745206698110806,0.0,-3.1036706053529577,-46.629588000000005,38.758647,-0.134287,-2.6598607713,55.78966950067519,-6.013440301889197,0.134287,-0.44380983405295765,-25.428430397635918,56.1129817444887
1723528444.5637062,230.82674479484558,1723528444.5519252,0.011780977249145508,9.16008150067518,32.745206698110806,0.0,-3.1036706053529577,-46.898975,38.684605,-0.13851,-2.6535605625,56.05905650067518,-5.939398301889192,0.13851,-0.45011004285295764,-25.789405771927097,56.37298513432189
1723528444.6637034,230.92674207687378,1723528444.7119715,-0.04826807975769043,9.16008150067518,32.745206698110806,0.0,-3.1036706053529577,-47.165711,38.614403,-0.152714,-2.6490929277000004,56.32579250067518,-5.869196301889197,0.152714,-0.4545776776529573,-26.04538239037285,56.630960504171405
1723528444.763704,231.02674269676208,1723528444.7119715,0.051732540130615234,9.16008150067518,32.745206698110806,0.0,-3.1036706053529577,-47.165711,38.614403,-0.152714,-2.6490929277000004,56.32579250067518,-5.869196301889197,0.152714,-0.4545776776529573,-26.04538239037285,56.630960504171405
1723528444.8637013,231.12673997879028,1723528444.8479874,0.015713930130004883,9.16008150067518,32.745206698110806,0.0,-3.1036706053529577,-47.432365000000004,38.532874,-0.143562,-2.6414271037000003,56.59244650067518,-5.7876673018891935,0.143562,-0.46224350165295736,-26.48460175206295,56.88780804159168
1723528444.963702,231.2267405986786,1723528445.0302694,-0.06656742095947266,9.16008150067518,32.745206698110806,0.0,-3.1036706053529577,-47.706139,38.444322,-0.148982,-2.6334179433,56.86622050067518,-5.699115301889194,0.148982,-0.4702526620529577,-26.943492840426277,57.151282968031104
1723528445.063699,231.3267376422882,1723528445.0302694,0.033429622650146484,9.16008150067518,32.745206698110806,0.0,-3.1036706053529577,-47.706139,38.444322,-0.148982,-2.6334179433,56.86622050067518,-5.699115301889194,0.148982,-0.4702526620529577,-26.943492840426277,57.151282968031104
1723528445.1636996,231.4267382621765,1723528445.1836298,-0.019930124282836914,9.16008150067518,32.745206698110806,0.0,-3.1036706053529577,-47.98888,38.335255000000004,-0.15637299999999998,-2.6260702334,57.148961500675185,-5.5900483018891975,0.15637299999999998,-0.47760037195295757,-27.364485606782765,57.421919970845956
1723528445.263698,231.5267367362976,1723528445.3051224,-0.04142427444458008,9.16008150067518,32.745206698110806,0.0,-3.1036706053529577,-48.251635,38.23322,-0.161599,-2.6171578624,57.41171650067518,-5.488013301889197,0.161599,-0.48651274295295766,-27.87512685053756,57.67364732520749
1723528445.3636992,231.62673783302307,1723528445.3051224,0.05857682228088379,9.16008150067518,32.745206698110806,0.0,-3.1036706053529577,-48.251635,38.23322,-0.161599,-2.6171578624,57.41171650067518,-5.488013301889197,0.161599,-0.48651274295295766,-27.87512685053756,57.67364732520749
1723528445.3636992,231.62673783302307,1723528445.3051224,0.05857682228088379,9.16008150067518,32.745206698110806,0.0,-3.1036706053529577,-48.251635,38.23322,-0.161599,-2.6171578624,57.41171650067518,-5.488013301889197,0.161599,-0.48651274295295766,-27.87512685053756,57.67364732520749
1723528445.4636967,231.72673535346985,1723528445.4325435,0.031153202056884766,9.16008150067518,32.745206698110806,0.0,-3.1036706053529577,-48.522142,38.146079,-0.173562,-2.6096987466000003,57.68222350067518,-5.400872301889194,0.173562,-0.49397185875295735,-28.302502704776888,57.93477758109547
1723528445.5636973,231.82673597335815,1723528445.564177,-0.00047969818115234375,9.16008150067518,32.745206698110806,0.0,-3.1036706053529577,-48.788312000000005,38.052642,-0.161972,-2.6008626099,57.94839350067518,-5.307435301889193,0.161972,-0.5028079954529576,-28.80877604488756,58.191162677176486
1723528445.6636949,231.92673349380493,1723528445.7246711,-0.060976266860961914,9.16008150067518,32.745206698110806,0.0,-3.1036706053529577,-49.042786,37.966303,-0.15474,-2.5912040859000003,58.20286750067518,-5.221096301889197,0.15474,-0.5124665194529574,-29.36216870641336,58.43678273452734
1723528445.7193117,231.98235034942627,1723528445.7246711,-0.0053594112396240234,9.16008150067518,32.745206698110806,0.0,-3.1036706053529577,-49.042786,37.966303,-0.15474,-2.5912040859000003,58.20286750067518,-5.221096301889197,0.15474,-0.5124665194529574,-29.36216870641336,58.43678273452734
1723528445.7636957,232.02673435211182,1723528445.7246711,0.03902459144592285,9.16008150067518,32.745206698110806,0.0,-3.1036706053529577,-49.042786,37.966303,-0.15474,-2.5912040859000003,58.20286750067518,-5.221096301889197,0.15474,-0.5124665194529574,-29.36216870641336,58.43678273452734
1723528445.863693,232.12673163414001,1723528445.868115,-0.00442194938659668,9.16008150067518,32.745206698110806,0.0,-3.1036706053529577,-49.306604,37.872123,-0.158919,-2.5804272993,58.46668550067518,-5.126916301889196,0.158919,-0.5232433060529575,-29.979633095306507,58.69125862894746
1723528445.9636936,232.22673225402832,1723528446.0052269,-0.04153323173522949,9.16008150067518,32.745206698110806,0.0,-3.1036706053529577,-49.567384000000004,37.769938,-0.155888,-2.5701504709000003,58.72746550067518,-5.024731301889197,0.155888,-0.5335201344529574,-30.568451989406686,58.94223807981609
1723528446.0636907,232.32672929763794,1723528446.0052269,0.05846381187438965,9.16008150067518,32.745206698110806,0.0,-3.1036706053529577,-49.567384000000004,37.769938,-0.155888,-2.5701504709000003,58.72746550067518,-5.024731301889197,0.155888,-0.5335201344529574,-30.568451989406686,58.94223807981609
1723528446.1636915,232.42673015594482,1723528446.138911,0.0247805118560791,9.16008150067518,32.745206698110806,0.0,-3.1036706053529577,-49.822579000000005,37.665693000000005,-0.154674,-2.5567193612000003,58.98266050067518,-4.920486301889198,0.154674,-0.5469512441529574,-31.337997889393904,59.18774661390027
1723528446.263689,232.5267276763916,1723528446.2779436,-0.014254570007324219,9.16008150067518,32.745206698110806,0.0,-3.1036706053529577,-50.077781,37.558569,-0.162391,-2.5433592222000003,59.23786250067518,-4.8133623018891925,0.162391,-0.5603113831529574,-32.10347746780204,59.43331709685257
1723528446.3636892,232.62672781944275,1723528446.3997428,-0.03605365753173828,9.16008150067518,32.745206698110806,0.0,-3.1036706053529577,-50.343276,37.430345,-0.171733,-2.5289658167,59.50335750067518,-4.6851383018891966,0.171733,-0.5747047886529578,-32.928158855772445,59.68776731445293
1723528446.4636867,232.72672533988953,1723528446.5155246,-0.051837921142578125,9.16008150067518,32.745206698110806,0.0,-3.1036706053529577,-50.606109000000004,37.308618,-0.170907,-2.5132291676,59.76619050067518,-4.563411301889197,0.170907,-0.5904414377529577,-33.82980243288078,59.94039922185917
1723528446.5636876,232.8267261981964,1723528446.5155246,0.04816293716430664,9.16008150067518,32.745206698110806,0.0,-3.1036706053529577,-50.606109000000004,37.308618,-0.170907,-2.5132291676,59.76619050067518,-4.563411301889197,0.170907,-0.5904414377529577,-33.82980243288078,59.94039922185917
1723528446.6636848,232.9267234802246,1723528446.6850247,-0.021339893341064453,9.16008150067518,32.745206698110806,0.0,-3.1036706053529577,-50.860739,37.185689,-0.167517,-2.4960128348,60.020820500675185,-4.4404823018891975,0.167517,-0.6076577705529576,-34.816225641013425,60.185088174671236
1723528446.763686,233.02672457695007,1723528446.6850247,0.07866120338439941,9.16008150067518,32.745206698110806,0.0,-3.1036706053529577,-50.860739,37.185689,-0.167517,-2.4960128348,60.020820500675185,-4.4404823018891975,0.167517,-0.6076577705529576,-34.816225641013425,60.185088174671236
1723528446.863683,233.1267216205597,1723528446.8440554,0.01962757110595703,9.16008150067518,32.745206698110806,0.0,-3.1036706053529577,-51.112208,37.077889,-0.162319,-2.4813840340000004,60.272289500675186,-4.332682301889193,0.162319,-0.6222865713529573,-35.65439418619101,60.42803459521139
1723528447.0036843,233.26672291755676,1723528446.9745545,0.029129743576049805,9.16008150067518,32.745206698110806,0.0,-3.1036706053529577,-51.361702,36.965423,-0.158099,-2.4652150526,60.521783500675184,-4.220216301889195,0.158099,-0.6384555527529576,-36.58080857943656,60.668950040619066
1723528447.0636818,233.3267204761505,1723528447.0755305,-0.011848688125610352,9.16008150067518,32.745206698110806,0.0,-3.1036706053529577,-51.600182000000004,36.818941,-0.159976,-2.4433830719,60.76026350067518,-4.073734301889196,0.159976,-0.6602875334529577,-37.83168893195763,60.896884355067336
1723528447.1636827,233.4267213344574,1723528447.2142696,-0.05058693885803223,9.16008150067518,32.745206698110806,0.0,-3.1036706053529577,-51.867378,36.656471,-0.160683,-2.4228298713000003,61.02745950067518,-3.9112643018891973,0.160683,-0.6808407340529575,-39.009300581823375,61.15287908653419
1723528447.2636805,233.52671909332275,1723528447.2142696,0.04941082000732422,9.16008150067518,32.745206698110806,0.0,-3.1036706053529577,-51.867378,36.656471,-0.160683,-2.4228298713000003,61.02745950067518,-3.9112643018891973,0.160683,-0.6808407340529575,-39.009300581823375,61.15287908653419
1723528447.3936815,233.656720161438,1723528447.369114,0.024567604064941406,9.16008150067518,32.745206698110806,0.0,-3.1036706053529577,-52.125307,36.512308000000004,-0.1592,-2.4022182262,61.28538850067518,-3.7671013018891983,0.1592,-0.7014523791529577,-40.190260854874886,61.401264160743345
1723528447.5036807,233.76671934127808,1723528447.5108204,-0.007139682769775391,9.16008150067518,32.745206698110806,0.0,-3.1036706053529577,-52.371682,36.362607000000004,-0.160943,-2.3798405633,61.53176350067518,-3.617400301889198,0.160943,-0.7238300420529575,-41.47240649441136,61.63821385387786
1723528447.5936818,233.85672044754028,1723528447.615832,-0.022150278091430664,9.16008150067518,32.745206698110806,0.0,-3.1036706053529577,-52.607274000000004,36.208475,-0.16182,-2.3577583708,61.76735550067518,-3.463268301889194,0.16182,-0.7459122345529576,-42.737622927056805,61.86458290969122
1723528447.6936793,233.95671796798706,1723528447.7278,-0.03412055969238281,9.16008150067518,32.745206698110806,0.0,-3.1036706053529577,-52.833824,36.054321,-0.15684299999999998,-2.338745088,61.99390550067518,-3.3091143018891955,0.15684299999999998,-0.7649255173529577,-43.827003786185486,62.082357851617246
1723528447.79368,234.05671858787537,1723528447.8434944,-0.049814462661743164,9.16008150067518,32.745206698110806,0.0,-3.1036706053529577,-53.049031,35.902541,-0.153491,-2.3167317613000002,62.209112500675175,-3.1573343018891933,0.153491,-0.7869388440529574,-45.08827449913812,62.28937307039322
1723528447.8936775,234.15671610832214,1723528447.8434944,0.05018305778503418,9.16008150067518,32.745206698110806,0.0,-3.1036706053529577,-53.049031,35.902541,-0.153491,-2.3167317613000002,62.209112500675175,-3.1573343018891933,0.153491,-0.7869388440529574,-45.08827449913812,62.28937307039322
1723528447.8936775,234.15671610832214,1723528447.8434944,0.05018305778503418,9.16008150067518,32.745206698110806,0.0,-3.1036706053529577,-53.049031,35.902541,-0.153491,-2.3167317613000002,62.209112500675175,-3.1573343018891933,0.153491,-0.7869388440529574,-45.08827449913812,62.28937307039322
1723528447.9936786,234.2567172050476,1723528447.99944,-0.005761384963989258,9.16008150067518,32.745206698110806,0.0,-3.1036706053529577,-53.246403,35.7369,-0.14068,-2.2946512869,62.40648450067518,-2.9916933018891925,0.14068,-0.8090193184529575,-46.353392491904785,62.47831085591207
1723528448.0936759,234.3567144870758,1723528448.1386502,-0.044974327087402344,9.16008150067518,32.745206698110806,0.0,-3.1036706053529577,-53.466684,35.549198000000004,-0.14945899999999998,-2.2710987561000002,62.62676550067518,-2.803991301889198,0.14945899999999998,-0.8325718492529575,-47.70285310359667,62.689683858592794
1723528448.1936767,234.4567153453827,1723528448.1386502,0.05502653121948242,9.16008150067518,32.745206698110806,0.0,-3.1036706053529577,-53.466684,35.549198000000004,-0.14945899999999998,-2.2710987561000002,62.62676550067518,-2.803991301889198,0.14945899999999998,-0.8325718492529575,-47.70285310359667,62.689683858592794
1723528448.2936738,234.5567123889923,1723528448.2515,0.04217386245727539,9.16008150067518,32.745206698110806,0.0,-3.1036706053529577,-53.688417,35.36202,-0.155744,-2.2463077534,62.84849850067518,-2.616813301889195,0.155744,-0.8573628519529577,-49.12327292820411,62.903145643440205
1723528448.3936749,234.65671348571777,1723528448.368188,0.02548694610595703,9.16008150067518,32.745206698110806,0.0,-3.1036706053529577,-53.906293000000005,35.178966,-0.159774,-2.2235708364,63.06637450067518,-2.4337593018891965,0.159774,-0.8800997689529577,-50.42600231144336,63.11351919145391
1723528448.4936752,234.7567138671875,1723528448.5383155,-0.044640302658081055,9.16008150067518,32.745206698110806,0.0,-3.1036706053529577,-54.127277,34.978782,-0.161946,-2.2007346546,63.28735850067518,-2.2335753018891964,0.161946,-0.9029359507529575,-51.734419148776816,63.32696764514395
1723528448.5936763,234.85671496391296,1723528448.6352344,-0.041558027267456055,9.16008150067518,32.745206698110806,0.0,-3.1036706053529577,-54.345774,34.780792,-0.164824,-2.1772189046,63.50585550067518,-2.035585301889192,0.164824,-0.9264517007529576,-53.08177237586158,63.538684730995804
1723528448.6936736,234.95671224594116,1723528448.6352344,0.05843925476074219,9.16008150067518,32.745206698110806,0.0,-3.1036706053529577,-54.345774,34.780792,-0.164824,-2.1772189046,63.50585550067518,-2.035585301889192,0.164824,-0.9264517007529576,-53.08177237586158,63.538684730995804
1723528448.8036747,235.06671333312988,1723528448.7745934,0.029081344604492188,9.16008150067518,32.745206698110806,0.0,-3.1036706053529577,-54.544445,34.579325000000004,-0.15917299999999998,-2.1538773497,63.704526500675186,-1.8341183018891982,0.15917299999999998,-0.9497932556529576,-54.41914495890449,63.731122873086754
1723528448.893674,235.15671253204346,1723528448.8922374,0.001436471939086914,9.16008150067518,32.745206698110806,0.0,-3.1036706053529577,-54.713061,34.382646,-0.15591,-2.1321581055000003,63.873142500675186,-1.637439301889195,0.15591,-0.9715124998529574,-55.66356598577847,63.894317809231126
1723528448.993675,235.25671362876892,1723528449.0352137,-0.04153871536254883,9.16008150067518,32.745206698110806,0.0,-3.1036706053529577,-54.890387000000004,34.191358,-0.151473,-2.1108128207,64.05046850067518,-1.446151301889195,0.151473,-0.9928577846529576,-56.88656071732323,64.06697130982288
1723528449.0936725,235.3567111492157,1723528449.0352137,0.058458805084228516,9.16008150067518,32.745206698110806,0.0,-3.1036706053529577,-54.890387000000004,34.191358,-0.151473,-2.1108128207,64.05046850067518,-1.446151301889195,0.151473,-0.9928577846529576,-56.88656071732323,64.06697130982288
1723528449.1936736,235.45671224594116,1723528449.1599429,0.03373074531555176,9.16008150067518,32.745206698110806,0.0,-3.1036706053529577,-55.060445,33.991639,-0.144563,-2.0896418048000003,64.22052650067518,-1.2464323018891932,0.144563,-1.0140288005529574,-58.099570576397575,64.23278380989014
1723528449.3036711,235.5667097568512,1723528449.2596705,0.04400062561035156,9.16008150067518,32.745206698110806,0.0,-3.1036706053529577,-55.255721,33.760884000000004,-0.13888599999999998,-2.0658950359,64.41580250067518,-1.0156773018891982,0.13888599999999998,-1.0377755694529576,-59.460160211440105,64.42395906422206
1723528449.393672,235.65671062469482,1723528449.3497283,0.04394364356994629,9.16008150067518,32.745206698110806,0.0,-3.1036706053529577,-55.441566,33.533941,-0.140401,-2.0415390604000003,64.60164750067518,-0.7887343018891926,0.140401,-1.0621315449529574,-60.85565481351413,64.60661478549446
1723528449.4936695,235.7567081451416,1723528449.465147,0.028522491455078125,9.16008150067518,32.745206698110806,0.0,-3.1036706053529577,-55.604692,33.32348,-0.138851,-2.0220206486000003,64.76477350067518,-0.5782733018891975,0.138851,-1.0816499567529574,-61.97397743245248,64.76750393681723
1723528449.5936704,235.8567090034485,1723528449.5992398,-0.0055694580078125,9.16008150067518,32.745206698110806,0.0,-3.1036706053529577,-55.760289,33.097656,-0.13175699999999999,-2.0021405451,64.92037050067518,-0.35244930188919454,0.13175699999999999,-1.1015300602529576,-63.11302345928575,64.92146090748717
1723528449.6936677,235.95670628547668,1723528449.7533689,-0.05970120429992676,9.16008150067518,32.745206698110806,0.0,-3.1036706053529577,-55.906419,32.868777,-0.132081,-1.9842966708,65.06650050067518,-0.12357030188919538,0.132081,-1.1193739345529576,-64.1354021468377,65.06675189691302
1723528449.8036687,236.0667073726654,1723528449.8374302,-0.03376150131225586,9.16008150067518,32.745206698110806,0.0,-3.1036706053529577,-56.066702,32.636507,-0.136036,-1.9679959617,65.22678350067518,0.10869969811080438,0.136036,-1.1356746436529577,-65.0693639813382,65.22701593098996
1723528449.8936665,236.1567051410675,1723528449.8374302,0.05623626708984375,9.16008150067518,32.745206698110806,0.0,-3.1036706053529577,-56.066702,32.636507,-0.136036,-1.9679959617,65.22678350067518,0.10869969811080438,0.136036,-1.1356746436529577,-65.0693639813382,65.22701593098996
1723528450.0036676,236.26670622825623,1723528449.9832075,0.020460128784179688,9.16008150067518,32.745206698110806,0.0,-3.1036706053529577,-56.212447000000004,32.411855,-0.143803,-1.9530787208,65.37252850067519,0.33335169811080334,0.143803,-1.1505918845529577,-65.92405892688814,65.37353658193071
1723528450.0936654,236.35670399665833,1723528450.104753,-0.011087656021118164,9.16008150067518,32.745206698110806,0.0,-3.1036706053529577,-56.360205,32.177152,-0.140927,-1.9387934847,65.52028650067518,0.5680546981108066,0.140927,-1.1648771206529578,-66.74254266476606,65.52290049814594
1723528450.1936665,236.4567050933838,1723528450.2385516,-0.04488515853881836,9.16008150067518,32.745206698110806,0.0,-3.1036706053529577,-56.499453,31.950673000000002,-0.137964,-1.9258909733,65.65953450067518,0.7945336981108042,0.137964,-1.1777796320529577,-67.48180211310549,65.66448651065569
1723528450.3336616,236.5967001914978,1723528450.3656485,-0.03198695182800293,9.16008150067518,32.745206698110806,0.0,-3.1036706053529577,-56.634893000000005,31.718453,-0.138407,-1.9132859451,65.79497450067518,1.0267536981108059,0.138407,-1.1903846602529577,-68.20401702960888,65.80313099844665
1723528450.4036615,236.6667001247406,1723528450.3656485,0.03801298141479492,9.16008150067518,32.745206698110806,0.0,-3.1036706053529577,-56.634893000000005,31.718453,-0.138407,-1.9132859451,65.79497450067518,1.0267536981108059,0.138407,-1.1903846602529577,-68.20401702960888,65.80313099844665
1723528450.5046592,236.7676978111267,1723528450.455541,0.0491182804107666,9.16008150067518,32.745206698110806,0.0,-3.1036706053529577,-56.768486,31.484852,-0.133777,-1.902327604,65.92856750067519,1.260354698110806,0.133777,-1.2013430013529578,-68.83188372510362,65.94074918395955
1723528450.59366,236.85669875144958,1723528450.554887,0.0387730598449707,9.16008150067518,32.745206698110806,0.0,-3.1036706053529577,-56.892402000000004,31.255325000000003,-0.133215,-1.893959021,66.05248350067518,1.4898816981108034,0.133215,-1.2097115843529578,-69.31136821150855,66.0694185710572
1723528450.7336588,236.99669742584229,1723528450.7173269,0.016331911087036133,9.16008150067518,32.745206698110806,0.0,-3.1036706053529577,-57.006859,31.022123,-0.123025,-1.8884436687,66.16694050067518,1.7230836981108055,0.123025,-1.2152269366529578,-69.62737462082633,66.18948683742161
1723528450.7936587,237.05669736862183,1723528450.8335936,-0.03993487358093262,9.16008150067518,32.745206698110806,0.0,-3.1036706053529577,-57.125889,30.793327,-0.12768,-1.8848578957,66.28597050067518,1.9518796981108046,0.12768,-1.2188127096529577,-69.83282428001829,66.3148250525829
1723528450.8936563,237.1566948890686,1723528450.9375508,-0.04389452934265137,9.16008150067518,32.745206698110806,0.0,-3.1036706053529577,-57.264012,30.549341000000002,-0.125303,-1.8822706679999999,66.42409350067518,2.1958656981108042,0.125303,-1.2213999373529578,-69.98106150786764,66.4604974732539
1723528450.9594228,237.22246146202087,1723528450.9375508,0.02187204360961914,9.16008150067518,32.745206698110806,0.0,-3.1036706053529577,-57.264012,30.549341000000002,-0.125303,-1.8822706679999999,66.42409350067518,2.1958656981108042,0.125303,-1.2213999373529578,-69.98106150786764,66.4604974732539
1723528450.993657,237.2566957473755,1723528451.03136,-0.03770279884338379,9.16008150067518,32.745206698110806,0.0,-3.1036706053529577,-57.407542,30.2907,-0.11516299999999999,-1.8787018344,66.56762350067518,2.454506698110805,0.11516299999999999,-1.2249687709529578,-70.18554061093211,66.61295943114435
1723528451.0936546,237.35669326782227,1723528451.1414783,-0.04782366752624512,9.16008150067518,32.745206698110806,0.0,-3.1036706053529577,-57.559904,30.040022,-0.100328,-1.8749669026,66.71998550067518,2.7051846981108056,0.100328,-1.2287037027529577,-70.39953643984131,66.77487967169077
1723528451.233653,237.4966917037964,1723528451.2639818,-0.030328750610351562,9.16008150067518,32.745206698110806,0.0,-3.1036706053529577,-57.705361,29.800726,-0.102014,-1.8723906518,66.86544250067519,2.944480698110805,0.102014,-1.2312799535529577,-70.54714473764851,66.93032029094768
1723528451.333654,237.59669256210327,1723528451.3821461,-0.0484921932220459,9.16008150067518,32.745206698110806,0.0,-3.1036706053529577,-57.8425,29.560819000000002,-0.102992,-1.8696582827,67.00258150067518,3.184387698110804,0.102992,-1.2340123226529578,-70.70369795515047,67.07828903690495
1723528451.433651,237.6966896057129,1723528451.3821461,0.05150485038757324,9.16008150067518,32.745206698110806,0.0,-3.1036706053529577,-57.8425,29.560819000000002,-0.102992,-1.8696582827,67.00258150067518,3.184387698110804,0.102992,-1.2340123226529578,-70.70369795515047,67.07828903690495
1723528451.533652,237.79669070243835,1723528451.5160666,0.01758551597595215,9.16008150067518,32.745206698110806,0.0,-3.1036706053529577,-57.977901,29.321567,-0.10493799999999999,-1.8649826563,67.13798250067518,3.4236396981108044,0.10493799999999999,-1.2386879490529576,-70.97159161445042,67.22530040860576
1723528451.6336496,237.89668822288513,1723528451.7349622,-0.10131263732910156,9.16008150067518,32.745206698110806,0.0,-3.1036706053529577,-58.097734,29.086468,-0.103529,-1.8615143574,67.25781550067518,3.658738698110806,0.103529,-1.2421562479529578,-71.17031050351028,67.35733689092642
1723528451.7336469,237.99668550491333,1723528451.7349622,-0.0013153553009033203,9.16008150067518,32.745206698110806,0.0,-3.1036706053529577,-58.097734,29.086468,-0.103529,-1.8615143574,67.25781550067518,3.658738698110806,0.103529,-1.2421562479529578,-71.17031050351028,67.35733689092642
1723528451.8336444,238.0966830253601,1723528451.7349622,0.09868216514587402,9.16008150067518,32.745206698110806,0.0,-3.1036706053529577,-58.097734,29.086468,-0.103529,-1.8615143574,67.25781550067518,3.658738698110806,0.103529,-1.2421562479529578,-71.17031050351028,67.35733689092642
1723528451.9336455,238.19668412208557,1723528451.9494965,-0.01585102081298828,9.16008150067518,32.745206698110806,0.0,-3.1036706053529577,-58.242192,28.836631,-0.10216299999999999,-1.8569935298,67.40227350067518,3.9085756981108055,0.10216299999999999,-1.2466770755529577,-71.42933484489653,67.51558245565427
1723528452.0336432,238.29668188095093,1723528451.9494965,0.08414673805236816,9.16008150067518,32.745206698110806,0.0,-3.1036706053529577,-58.242192,28.836631,-0.10216299999999999,-1.8569935298,67.40227350067518,3.9085756981108055,0.10216299999999999,-1.2466770755529577,-71.42933484489653,67.51558245565427
1723528452.133644,238.3966827392578,1723528452.1324828,0.001161336898803711,9.16008150067518,32.745206698110806,0.0,-3.1036706053529577,-58.382778,28.582574,-0.095985,-1.8526994272,67.54285950067518,4.162632698110805,0.095985,-1.2509711781529578,-71.6753688006727,67.67107649230617
1723528452.2336419,238.49668049812317,1723528452.313252,-0.07961010932922363,9.16008150067518,32.745206698110806,0.0,-3.1036706053529577,-58.529999000000004,28.320383,-0.09111699999999999,-1.8467204029,67.69008050067518,4.4248236981108064,0.09111699999999999,-1.2569502024529577,-72.01794165866886,67.83461037888357
1723528452.333643,238.59668159484863,1723528452.313252,0.020390987396240234,9.16008150067518,32.745206698110806,0.0,-3.1036706053529577,-58.529999000000004,28.320383,-0.09111699999999999,-1.8467204029,67.69008050067518,4.4248236981108064,0.09111699999999999,-1.2569502024529577,-72.01794165866886,67.83461037888357
1723528452.4336405,238.6966791152954,1723528452.4696133,-0.03597283363342285,9.16008150067518,32.745206698110806,0.0,-3.1036706053529577,-58.672131,28.049513,-0.081534,-1.8427260155,67.83221250067518,4.695693698110805,0.081534,-1.2609445898529577,-72.24680319842908,67.99459713709898
1723528452.5336416,238.79668021202087,1723528452.4696133,0.06402826309204102,9.16008150067518,32.745206698110806,0.0,-3.1036706053529577,-58.672131,28.049513,-0.081534,-1.8427260155,67.83221250067518,4.695693698110805,0.081534,-1.2609445898529577,-72.24680319842908,67.99459713709898
1723528452.6336386,238.8966772556305,1723528452.6789014,-0.045262813568115234,9.16008150067518,32.745206698110806,0.0,-3.1036706053529577,-58.810821000000004,27.782156,-0.07876699999999999,-1.8383242386,67.97090250067518,4.963050698110806,0.07876699999999999,-1.2653463667529576,-72.49900643715726,68.15190139114681
1723528452.7336397,238.99667835235596,1723528452.6789014,0.05473828315734863,9.16008150067518,32.745206698110806,0.0,-3.1036706053529577,-58.810821000000004,27.782156,-0.07876699999999999,-1.8383242386,67.97090250067518,4.963050698110806,0.07876699999999999,-1.2653463667529576,-72.49900643715726,68.15190139114681
1723528452.8336372,239.09667587280273,1723528452.8058393,0.027797937393188477,9.16008150067518,32.745206698110806,0.0,-3.1036706053529577,-58.946742,27.524859,-0.086195,-1.8350297204,68.10682350067518,5.220347698110807,0.086195,-1.2686408849529578,-72.68776842554631,68.30665316804298
1723528452.9336386,239.19667720794678,1723528452.9300518,0.0035867691040039062,9.16008150067518,32.745206698110806,0.0,-3.1036706053529577,-59.075680000000006,27.257546,-0.087323,-1.8304517458,68.23576150067518,5.487660698110805,0.087323,-1.2732188595529577,-72.95006704884439,68.45612604304267
1723528453.0336363,239.29667496681213,1723528452.9300518,0.10358452796936035,9.16008150067518,32.745206698110806,0.0,-3.1036706053529577,-59.075680000000006,27.257546,-0.087323,-1.8304517458,68.23576150067518,5.487660698110805,0.087323,-1.2732188595529577,-72.95006704884439,68.45612604304267
1723528453.1336374,239.3966760635376,1723528453.1412878,-0.0076503753662109375,9.16008150067518,32.745206698110806,0.0,-3.1036706053529577,-59.209643,26.986253,-0.07693499999999999,-1.8255492917,68.36972450067518,5.758953698110805,0.07693499999999999,-1.2781213136529577,-73.230956978031,68.61188450253668
1723528453.2336357,239.4966742992401,1723528453.2935126,-0.05987691879272461,9.16008150067518,32.745206698110806,0.0,-3.1036706053529577,-59.34124,26.723954000000003,-0.07789499999999999,-1.8199785957999999,68.50132150067518,6.021252698110803,0.07789499999999999,-1.2836920095529578,-73.55013434205183,68.76548988427548
1723528453.2855172,239.54855585098267,1723528453.2935126,-0.007995367050170898,9.16008150067518,32.745206698110806,0.0,-3.1036706053529577,-59.34124,26.723954000000003,-0.07789499999999999,-1.8199785957999999,68.50132150067518,6.021252698110803,0.07789499999999999,-1.2836920095529578,-73.55013434205183,68.76548988427548
1723528453.3336372,239.59667587280273,1723528453.2935126,0.04012465476989746,9.16008150067518,32.745206698110806,0.0,-3.1036706053529577,-59.34124,26.723954000000003,-0.07789499999999999,-1.8199785957999999,68.50132150067518,6.021252698110803,0.07789499999999999,-1.2836920095529578,-73.55013434205183,68.76548988427548
1723528453.4336355,239.69667410850525,1723528453.424046,0.009589433670043945,9.16008150067518,32.745206698110806,0.0,-3.1036706053529577,-59.482303,26.431672000000002,-0.07571399999999999,-1.8140435292,68.64238450067518,6.313534698110804,0.07571399999999999,-1.2896270761529578,-73.89018860936089,68.93216522736375
1723528453.533637,239.79667568206787,1723528453.5456517,-0.012014627456665039,9.16008150067518,32.745206698110806,0.0,-3.1036706053529577,-59.614134,26.1412,-0.07610199999999999,-1.8093689976,68.77421550067518,6.604006698110805,0.07610199999999999,-1.2943016077529577,-74.15801954124143,69.09060293351338
1723528453.6336353,239.89667391777039,1723528453.646715,-0.013079643249511719,9.16008150067518,32.745206698110806,0.0,-3.1036706053529577,-59.735156,25.862981,-0.063814,-1.8053319685,68.89523750067518,6.882225698110805,0.063814,-1.2983386368529577,-74.38932427044293,69.23816038183547
1723528453.7336366,239.99667525291443,1723528453.646715,0.08692169189453125,9.16008150067518,32.745206698110806,0.0,-3.1036706053529577,-59.735156,25.862981,-0.063814,-1.8053319685,68.89523750067518,6.882225698110805,0.063814,-1.2983386368529577,-74.38932427044293,69.23816038183547
1723528453.8336346,240.09667325019836,1723528453.8532636,-0.01962900161743164,9.16008150067518,32.745206698110806,0.0,-3.1036706053529577,-59.863561000000004,25.593134000000003,-0.067257,-1.801982046,69.02364250067518,7.152072698110803,0.067257,-1.3016885593529577,-74.58126069138883,69.39322655305865
1723528453.9336362,240.196674823761,1723528453.8532636,0.08037257194519043,9.16008150067518,32.745206698110806,0.0,-3.1036706053529577,-59.863561000000004,25.593134000000003,-0.067257,-1.801982046,69.02364250067518,7.152072698110803,0.067257,-1.3016885593529577,-74.58126069138883,69.39322655305865
1723528454.0336342,240.29667282104492,1723528454.0448997,-0.01126551628112793,9.16008150067518,32.745206698110806,0.0,-3.1036706053529577,-60.003525,25.320128,-0.057908,-1.7980308502,69.16360650067519,7.425078698110806,0.057908,-1.3056397551529577,-74.80764753475866,69.56104952622438
1723528454.1336355,240.39667415618896,1723528454.2118063,-0.0781707763671875,9.16008150067518,32.745206698110806,0.0,-3.1036706053529577,-60.12856,25.043081,-0.058666,-1.7946956082,69.28864150067518,7.702125698110805,0.058666,-1.3089749971529576,-74.99874282501342,69.71543604524139
1723528454.2636335,240.52667212486267,1723528454.2118063,0.051827192306518555,9.16008150067518,32.745206698110806,0.0,-3.1036706053529577,-60.12856,25.043081,-0.058666,-1.7946956082,69.28864150067518,7.702125698110805,0.058666,-1.3089749971529576,-74.99874282501342,69.71543604524139
1723528454.3336349,240.59667348861694,1723528454.3868024,-0.05316758155822754,9.16008150067518,32.745206698110806,0.0,-3.1036706053529577,-60.253136000000005,24.744145,-0.059066,-1.7927506613,69.41321750067519,8.001061698110806,0.059066,-1.3109199440529578,-75.11018007376047,69.87285052783643
1723528454.4336329,240.69667148590088,1723528454.3868024,0.04683041572570801,9.16008150067518,32.745206698110806,0.0,-3.1036706053529577,-60.253136000000005,24.744145,-0.059066,-1.7927506613,69.41321750067519,8.001061698110806,0.059066,-1.3109199440529578,-75.11018007376047,69.87285052783643
1723528454.5336344,240.7966730594635,1723528454.504577,0.02905750274658203,9.16008150067518,32.745206698110806,0.0,-3.1036706053529577,-60.376959,24.456368,-0.055246,-1.7953207373,69.53704050067518,8.288838698110805,0.055246,-1.3083498680529577,-74.96292556593262,70.02933600053876
1723528454.6336322,240.89667081832886,1723528454.6256135,0.008018732070922852,9.16008150067518,32.745206698110806,0.0,-3.1036706053529577,-60.512052000000004,24.148695,-0.050207,-1.7960244451,69.67213350067519,8.596511698110806,0.050207,-1.3076461602529577,-74.92260607898217,70.20048946164486
1723528454.733633,240.99667167663574,1723528454.761458,-0.027824878692626953,9.16008150067518,32.745206698110806,0.0,-3.1036706053529577,-60.658213,23.852888,-0.050691,-1.7976307284,69.81829450067518,8.892318698110806,0.050691,-1.3060398769529578,-74.83057282518983,70.38231417330111
1723528454.8636312,241.12666988372803,1723528454.8950346,-0.031403303146362305,9.16008150067518,32.745206698110806,0.0,-3.1036706053529577,-60.804005000000004,23.559327,-0.042460000000000005,-1.7995996736,69.96408650067518,9.185879698110806,0.042460000000000005,-1.3040709317529577,-74.71776057513729,70.56454909197481
1723528454.9236329,241.18667149543762,1723528454.8950346,0.028598308563232422,9.16008150067518,32.745206698110806,0.0,-3.1036706053529577,-60.804005000000004,23.559327,-0.042460000000000005,-1.7995996736,69.96408650067518,9.185879698110806,0.042460000000000005,-1.3040709317529577,-74.71776057513729,70.56454909197481
1723528455.033631,241.2966697216034,1723528455.0431814,-0.009550333023071289,9.16008150067518,32.745206698110806,0.0,-3.1036706053529577,-60.940378,23.268471,-0.045110000000000004,-1.8014430398999999,70.10045950067519,9.476735698110804,0.045110000000000004,-1.3022275654529578,-74.61214346605065,70.73814371758527
1723528455.1336327,241.39667129516602,1723528455.190362,-0.05672931671142578,9.16008150067518,32.745206698110806,0.0,-3.1036706053529577,-61.08214,22.966826,-0.037139,-1.8025254021,70.24222150067519,9.778380698110805,0.037139,-1.3011452032529578,-74.55012868008616,70.9195867848398
1723528455.233631,241.49666953086853,1723528455.190362,0.04326891899108887,9.16008150067518,32.745206698110806,0.0,-3.1036706053529577,-61.08214,22.966826,-0.037139,-1.8025254021,70.24222150067519,9.778380698110805,0.037139,-1.3011452032529578,-74.55012868008616,70.9195867848398
1723528455.3636324,241.62667107582092,1723528455.323327,0.040305376052856445,9.16008150067518,32.745206698110806,0.0,-3.1036706053529577,-61.214188,22.651467,-0.037289,-1.8034543512999999,70.37426950067518,10.093739698110806,0.037289,-1.3002162540529578,-74.4969038115441,71.09446377402674
1723528455.4636307,241.72666931152344,1723528455.472857,-0.009226322174072266,9.16008150067518,32.745206698110806,0.0,-3.1036706053529577,-61.357937,22.356105,-0.030292000000000003,-1.8057848861999999,70.51801850067518,10.389101698110807,0.030292000000000003,-1.2978857191529578,-74.36337399776616,71.27920653991961
1723528455.563632,241.82667064666748,1723528455.5739164,-0.010284423828125,9.16008150067518,32.745206698110806,0.0,-3.1036706053529577,-61.505379000000005,22.086091,-0.019589000000000002,-1.8095726696999999,70.66546050067518,10.659115698110806,0.019589000000000002,-1.2940979356529578,-74.14634998950687,71.46484757534377
1723528455.6636302,241.92666888237,1723528455.6798759,-0.016245603561401367,9.16008150067518,32.745206698110806,0.0,-3.1036706053529577,-61.649079,21.796413,-0.023664,-1.8104894946999999,70.80916050067518,10.948793698110805,0.023664,-1.2931811106529578,-74.09381978645479,71.65063750057682
1723528455.7636282,242.02666687965393,1723528455.7836356,-0.02000737190246582,9.16008150067518,32.745206698110806,0.0,-3.1036706053529577,-61.78944,21.498549,-0.020673,-1.8129511996,70.94952150067517,11.246657698110806,0.020673,-1.2907194057529576,-73.9527744852781,71.83538360673084
1723528455.863629,242.12666773796082,1723528455.9092307,-0.045601606369018555,9.16008150067518,32.745206698110806,0.0,-3.1036706053529577,-61.940322,21.190079,-0.019694,-1.8146534456999999,71.10040350067518,11.555127698110805,0.019694,-1.2890171596529578,-73.8552429680555,72.03324747595451
1723528455.9636307,242.22666931152344,1723528456.0044212,-0.040790557861328125,9.16008150067518,32.745206698110806,0.0,-3.1036706053529577,-62.089146,20.891787,-0.014861,-1.8158617859,71.24922750067518,11.853419698110805,0.014861,-1.2878088194529578,-73.78601017437951,72.22849990711319
1723528456.0636284,242.3266670703888,1723528456.0044212,0.05920720100402832,9.16008150067518,32.745206698110806,0.0,-3.1036706053529577,-62.089146,20.891787,-0.014861,-1.8158617859,71.24922750067518,11.853419698110805,0.014861,-1.2878088194529578,-73.78601017437951,72.22849990711319
1723528456.0636284,242.3266670703888,1723528456.0044212,0.05920720100402832,9.16008150067518,32.745206698110806,0.0,-3.1036706053529577,-62.089146,20.891787,-0.014861,-1.8158617859,71.24922750067518,11.853419698110805,0.014861,-1.2878088194529578,-73.78601017437951,72.22849990711319
1723528456.1636302,242.42666888237,1723528456.1320016,0.03162860870361328,9.16008150067518,32.745206698110806,0.0,-3.1036706053529577,-62.234849000000004,20.594919,-0.015995000000000002,-1.8167180627,71.39493050067519,12.150287698110805,0.015995000000000002,-1.2869525426529578,-73.73694912764454,72.42144605145032
1723528456.2636282,242.52666687965393,1723528456.2643244,-0.0006961822509765625,9.16008150067518,32.745206698110806,0.0,-3.1036706053529577,-62.38487,20.303916,-0.018139000000000002,-1.8191415689,71.54495150067518,12.441290698110805,0.018139000000000002,-1.2845290364529578,-73.59809245076076,72.61863485698545
1723528456.3636298,242.62666845321655,1723528456.365721,-0.0020911693572998047,9.16008150067518,32.745206698110806,0.0,-3.1036706053529577,-62.542873,19.990076000000002,-0.023343000000000003,-1.8208368808,71.70295450067518,12.755130698110804,0.023343000000000003,-1.2828337245529577,-73.50095823393245,72.82861792006925
1723528456.4636278,242.7266664505005,1723528456.4915392,-0.02791142463684082,9.16008150067518,32.745206698110806,0.0,-3.1036706053529577,-62.689635,19.676268,-0.023266000000000002,-1.8232973988999999,71.84971650067519,13.068938698110806,0.023266000000000002,-1.2803732064529578,-73.3599809313869,73.02862083614293
1723528456.5636296,242.8266682624817,1723528456.59458,-0.030950307846069336,9.16008150067518,32.745206698110806,0.0,-3.1036706053529577,-62.840459,19.360518000000003,-0.022394,-1.8226072636,72.00054050067519,13.384688698110804,0.022394,-1.2810633417529578,-73.3995227713699,73.23406465181309
1723528456.6636279,242.9266664981842,1723528456.59458,0.06904792785644531,9.16008150067518,32.745206698110806,0.0,-3.1036706053529577,-62.840459,19.360518000000003,-0.022394,-1.8226072636,72.00054050067519,13.384688698110804,0.022394,-1.2810633417529578,-73.3995227713699,73.23406465181309
1723528456.7636292,243.02666783332825,1723528456.7436814,0.01994776725769043,9.16008150067518,32.745206698110806,0.0,-3.1036706053529577,-63.005786,19.05636,-0.027182,-1.8234848789,72.16586750067518,13.688846698110805,0.027182,-1.2801857264529577,-73.34923911864378,73.45269018157543
1723528456.8636272,243.12666583061218,1723528456.8551123,0.008514881134033203,9.16008150067518,32.745206698110806,0.0,-3.1036706053529577,-63.164234,18.757149000000002,-0.021622000000000002,-1.8258929355,72.32431550067518,13.988057698110804,0.021622000000000002,-1.2777776698529577,-73.21126763863516,73.66459691274885
1723528456.8636272,243.12666583061218,1723528456.8551123,0.008514881134033203,9.16008150067518,32.745206698110806,0.0,-3.1036706053529577,-63.164234,18.757149000000002,-0.021622000000000002,-1.8258929355,72.32431550067518,13.988057698110804,0.021622000000000002,-1.2777776698529577,-73.21126763863516,73.66459691274885
1723528456.9636288,243.2266674041748,1723528456.965668,-0.002039194107055664,9.16008150067518,32.745206698110806,0.0,-3.1036706053529577,-63.311345,18.445220000000003,-0.025463000000000003,-1.8273504617,72.47142650067518,14.299986698110803,0.025463000000000003,-1.2763201436529577,-73.12775753884542,73.86878858471472
1723528457.0636268,243.32666540145874,1723528457.0518858,0.011740922927856445,9.16008150067518,32.745206698110806,0.0,-3.1036706053529577,-63.473040000000005,18.116416,-0.025962000000000002,-1.8285340512,72.63312150067519,14.628790698110805,0.025962000000000002,-1.2751365541529578,-73.05994285581943,74.09164953114771
1723528457.1636283,243.42666697502136,1723528457.213534,-0.04990577697753906,9.16008150067518,32.745206698110806,0.0,-3.1036706053529577,-63.629512000000005,17.810869,-0.028542,-1.8293472388,72.78959350067518,14.934337698110806,0.028542,-1.2743233665529576,-73.01335063838705,74.30585561798284
1723528457.263626,243.52666473388672,1723528457.213534,0.05009198188781738,9.16008150067518,32.745206698110806,0.0,-3.1036706053529577,-63.629512000000005,17.810869,-0.028542,-1.8293472388,72.78959350067518,14.934337698110806,0.028542,-1.2743233665529576,-73.01335063838705,74.30585561798284
1723528457.3636272,243.62666583061218,1723528457.3352473,0.02837991714477539,9.16008150067518,32.745206698110806,0.0,-3.1036706053529577,-63.787824,17.501362,-0.023831,-1.8306790206999999,72.94790550067518,15.243844698110806,0.023831,-1.2729915846529578,-72.93704515628514,74.52363575424992
1723528457.463625,243.72666358947754,1723528457.445245,0.018379926681518555,9.16008150067518,32.745206698110806,0.0,-3.1036706053529577,-63.951477000000004,17.193566,-0.01905,-1.8320457729,73.11155850067519,15.551640698110806,0.01905,-1.2716248324529578,-72.85873602358492,74.7472666905171
1723528457.5636265,243.82666516304016,1723528457.6036904,-0.04006385803222656,9.16008150067518,32.745206698110806,0.0,-3.1036706053529577,-64.12132100000001,16.880020000000002,-0.009637,-1.8327918559,73.28140250067518,15.865186698110804,0.009637,-1.2708787494529576,-72.81598861651845,74.97911838841294
1723528457.6636243,243.92666292190552,1723528457.6036904,0.05993390083312988,9.16008150067518,32.745206698110806,0.0,-3.1036706053529577,-64.12132100000001,16.880020000000002,-0.009637,-1.8327918559,73.28140250067518,15.865186698110804,0.009637,-1.2708787494529576,-72.81598861651845,74.97911838841294
1723528457.7636256,244.02666425704956,1723528457.7244554,0.039170265197753906,9.16008150067518,32.745206698110806,0.0,-3.1036706053529577,-64.285381,16.562796000000002,-0.015662,-1.8329598141999999,73.44546250067518,16.182410698110804,0.015662,-1.2707107911529578,-72.80636531479428,75.20709157545356
1723528457.8636236,244.1266622543335,1723528457.825114,0.03850960731506348,9.16008150067518,32.745206698110806,0.0,-3.1036706053529577,-64.4515,16.251517,-0.014418,-1.8333408775,73.61158150067517,16.493689698110806,0.014418,-1.2703297278529577,-72.78453199597693,75.43677444566963
1723528457.9636254,244.2266640663147,1723528457.9519928,0.011632680892944336,9.16008150067518,32.745206698110806,0.0,-3.1036706053529577,-64.620141,15.927161,-0.009064,-1.8339830382,73.78022250067518,16.818045698110808,0.009064,-1.2696875671529577,-72.74773889809777,75.67276904877326
1723528458.0636237,244.3266623020172,1723528458.0546205,0.009003162384033203,9.16008150067518,32.745206698110806,0.0,-3.1036706053529577,-64.777807,15.637099999999998,0.007463,-1.8362006672,73.93788850067517,17.10810669811081,-0.007463,-1.2674699381529577,-72.62067811587195,75.89136134257038
1723528458.1936252,244.4566638469696,1723528458.1518164,0.0418088436126709,9.16008150067518,32.745206698110806,0.0,-3.1036706053529577,-64.929913,15.325994,0.012231,-1.8354602574,74.08999450067518,17.419212698110805,-0.012231,-1.2682103479529576,-72.66310047252207,76.11015967483883
1723528458.2636235,244.52666211128235,1723528458.2525609,0.0110626220703125,9.16008150067518,32.745206698110806,0.0,-3.1036706053529577,-65.085567,15.026871,0.019847,-1.8351781817,74.24564850067517,17.718335698110806,-0.019847,-1.2684924236529578,-72.67926221963528,76.33057143176752
1723528458.3636253,244.62666392326355,1723528458.3235116,0.04011368751525879,9.16008150067518,32.745206698110806,0.0,-3.1036706053529577,-65.241258,14.728598,0.029089,-1.8363820428,74.40133950067518,18.016608698110808,-0.029089,-1.2672885625529577,-72.6102860594853,76.55167114208214
1723528458.4636235,244.72666215896606,1723528458.4243667,0.03925681114196777,9.16008150067518,32.745206698110806,0.0,-3.1036706053529577,-65.400631,14.411807,0.031881,-1.8353005051,74.56071250067518,18.333399698110806,-0.031881,-1.2683701002529577,-72.67225360507959,76.78160202481575
1723528458.593625,244.85666370391846,1723528458.5864267,0.007198333740234375,9.16008150067518,32.745206698110806,0.0,-3.1036706053529577,-65.707502,13.803139999999999,0.047352,-1.833679106,74.86758350067518,18.942066698110807,-0.047352,-1.2699914993529577,-72.7651529304159,77.22667409799642
1723528458.6636229,244.92666149139404,1723528458.6808646,-0.017241716384887695,9.16008150067518,32.745206698110806,0.0,-3.1036706053529577,-65.845101,13.52137,0.07271000000000001,-1.8329631945,75.00518250067518,19.22383669811081,-0.07271000000000001,-1.2707074108529577,-72.80617163787078,77.4295717804207
1723528458.7636244,245.02666306495667,1723528458.78346,-0.019835472106933594,9.16008150067518,32.745206698110806,0.0,-3.1036706053529577,-65.99072,13.240784999999999,0.097764,-1.8314603902,75.15080150067517,19.504421698110807,-0.097764,-1.2722102151529577,-72.8922759816949,77.64067870498889
1723528458.8636224,245.1266610622406,1723528458.8746212,-0.010998725891113281,9.16008150067518,32.745206698110806,0.0,-3.1036706053529577,-66.131533,12.964792999999998,0.11793000000000001,-1.8312636446,75.29161450067518,19.780413698110806,-0.11793000000000001,-1.2724069607529578,-72.90354867421266,77.8466819310341
1723528459.0036237,245.26666235923767,1723528458.9850843,0.0185394287109375,9.16008150067518,32.745206698110806,0.0,-3.1036706053529577,-66.28174,12.688692999999999,0.13889100000000001,-1.8302716705,75.44182150067518,20.056513698110805,-0.13889100000000001,-1.2733989348529577,-72.96038460352895,78.0624843556245
1723528459.063622,245.32666063308716,1723528459.0656369,-0.0020148754119873047,9.16008150067518,32.745206698110806,0.0,-3.1036706053529577,-66.43347800000001,12.403307,0.152056,-1.8293606675,75.59355950067518,20.341899698110808,-0.152056,-1.2743099378529577,-73.0125812305527,78.28283491505181
1723528459.1936238,245.45666241645813,1723528459.174164,0.01945972442626953,9.16008150067518,32.745206698110806,0.0,-3.1036706053529577,-66.569484,12.125309999999999,0.163126,-1.8272038867,75.72956550067518,20.619896698110807,-0.163126,-1.2764667186529577,-73.13615566772755,78.4867749423665
1723528459.2936213,245.5566599369049,1723528459.2547483,0.03887295722961426,9.16008150067518,32.745206698110806,0.0,-3.1036706053529577,-66.693952,11.858982,0.195004,-1.8271177657,75.85403350067517,20.88622469811081,-0.195004,-1.2765528396529577,-73.141090037555,78.67723182103919
1723528459.393623,245.6566617488861,1723528459.35653,0.037093162536621094,9.16008150067518,32.745206698110806,0.0,-3.1036706053529577,-66.814057,11.602856,0.221174,-1.8273212459,75.97413850067518,21.142350698110807,-0.221174,-1.2763493594529578,-73.12943148088053,78.86138238643777
1723528459.504621,245.76765966415405,1723528459.524275,-0.019654035568237305,9.16008150067518,32.745206698110806,0.0,-3.1036706053529577,-67.069862,11.091821,0.286149,-1.8272665146,76.22994350067518,21.653385698110807,-0.286149,-1.2764040907529577,-73.13256735337778,79.24616886359541
1723528459.593623,245.85666155815125,1723528459.6187596,-0.025136709213256836,9.16008150067518,32.745206698110806,0.0,-3.1036706053529577,-67.19641,10.844771,0.301695,-1.8256113192999999,76.35649150067518,21.900435698110805,-0.301695,-1.2780592860529578,-73.22740305833769,79.43572180028826
1723528459.6936212,245.95665979385376,1723528459.7040904,-0.010469198226928711,9.16008150067518,32.745206698110806,0.0,-3.1036706053529577,-67.328245,10.595984,0.31419899999999995,-1.8239526195,76.48832650067517,22.149222698110805,-0.31419899999999995,-1.2797179858529577,-73.32243955635687,79.63134356530722
1723528459.6936212,245.95665979385376,1723528459.7040904,-0.010469198226928711,9.16008150067518,32.745206698110806,0.0,-3.1036706053529577,-67.328245,10.595984,0.31419899999999995,-1.8239526195,76.48832650067517,22.149222698110805,-0.31419899999999995,-1.2797179858529577,-73.32243955635687,79.63134356530722
1723528459.793623,246.05666160583496,1723528459.8183374,-0.02471446990966797,9.16008150067518,32.745206698110806,0.0,-3.1036706053529577,-67.447687,10.351064,0.330437,-1.8241593349,76.60776850067518,22.394142698110805,-0.330437,-1.2795112704529576,-73.3105956363765,79.81451628900196
1723528459.8936214,246.15666007995605,1723528459.919888,-0.02626657485961914,9.16008150067518,32.745206698110806,0.0,-3.1036706053529577,-67.570986,10.107327999999999,0.351547,-1.8230800649999999,76.73106750067518,22.637878698110807,-0.351547,-1.2805905403529578,-73.37243324660203,80.0015865907468
1723528459.9936233,246.25666189193726,1723528460.034851,-0.04122781753540039,9.16008150067518,32.745206698110806,0.0,-3.1036706053529577,-67.6922,9.88233,0.37541399999999997,-1.8218279186,76.85228150067518,22.862876698110806,-0.37541399999999997,-1.2818426867529578,-73.44417595065453,80.18182611068067
1723528460.0936217,246.35666036605835,1723528460.1258368,-0.032215118408203125,9.16008150067518,32.745206698110806,0.0,-3.1036706053529577,-67.816311,9.641380999999999,0.39737799999999995,-1.8202351684,76.97639250067517,23.103825698110807,-0.39737799999999995,-1.2834354369529577,-73.53543381493313,80.36983061809681
1723528460.1936228,246.4566614627838,1723528460.2315135,-0.03789067268371582,9.16008150067518,32.745206698110806,0.0,-3.1036706053529577,-67.925745,9.413138,0.418913,-1.8189301248,77.08582650067518,23.332068698110806,-0.418913,-1.2847404805529576,-73.61020730529368,80.54058334235683
1723528460.293621,246.55665969848633,1723528460.3547065,-0.06108546257019043,9.16008150067518,32.745206698110806,0.0,-3.1036706053529577,-68.025936,9.189214,0.444374,-1.8163828102,77.18601750067518,23.555992698110806,-0.444374,-1.2872877951529578,-73.75615768096576,80.70169488839662
1723528460.3936226,246.65666127204895,1723528460.3547065,0.03891611099243164,9.16008150067518,32.745206698110806,0.0,-3.1036706053529577,-68.025936,9.189214,0.444374,-1.8163828102,77.18601750067518,23.555992698110806,-0.444374,-1.2872877951529578,-73.75615768096576,80.70169488839662
1723528460.4936206,246.75665926933289,1723528460.4934971,0.00012350082397460938,9.16008150067518,32.745206698110806,0.0,-3.1036706053529577,-68.141915,8.964747999999998,0.466757,-1.8132593887,77.30199650067517,23.780458698110806,-0.466757,-1.2904112166529578,-73.93511655055617,80.87846895793713
1723528460.5936222,246.8566608428955,1723528460.5857162,0.007905960083007812,9.16008150067518,32.745206698110806,0.0,-3.1036706053529577,-68.25215,8.745087999999999,0.48109599999999997,-1.8113925723,77.41223150067518,24.000118698110807,-0.48109599999999997,-1.2922780330529577,-74.04207725140198,81.04869361562066
1723528460.6936202,246.95665884017944,1723528460.673805,0.01981520652770996,9.16008150067518,32.745206698110806,0.0,-3.1036706053529577,-68.354532,8.521954,0.48751799999999995,-1.8086810388999999,77.51461350067518,24.223252698110805,-0.48751799999999995,-1.2949895664529578,-74.19743667123073,81.21280041493405
1723528460.7936218,247.05666041374207,1723528460.7585933,0.03502845764160156,9.16008150067518,32.745206698110806,0.0,-3.1036706053529577,-68.461079,8.292349,0.49886899999999995,-1.8061005437,77.62116050067517,24.452857698110805,-0.49886899999999995,-1.2975700616529577,-74.3452881552445,81.38326411096321
1723528460.89362,247.15665864944458,1723528460.8452623,0.04835772514343262,9.16008150067518,32.745206698110806,0.0,-3.1036706053529577,-68.56737100000001,8.062315,0.503494,-1.8043348906,77.72745250067518,24.682891698110808,-0.503494,-1.2993357147529576,-74.44645262595868,81.55400370940363
1723528460.9936218,247.25666046142578,1723528460.9486067,0.04501509666442871,9.16008150067518,32.745206698110806,0.0,-3.1036706053529577,-68.68011,7.834093,0.502762,-1.8013550237,77.84019150067518,24.911113698110807,-0.502762,-1.3023155816529577,-74.61718642283942,81.73072719712356
1723528461.0936227,247.35666131973267,1723528461.0407789,0.05284380912780762,9.16008150067518,32.745206698110806,0.0,-3.1036706053529577,-68.79622,7.5942870000000005,0.514618,-1.7986253043,77.95630150067518,25.150919698110805,-0.514618,-1.3050453010529577,-74.77358782371441,81.91470281341998
1723528461.1936245,247.45666313171387,1723528461.1541862,0.03943824768066406,9.16008150067518,32.745206698110806,0.0,-3.1036706053529577,-68.90873,7.368632,0.5358280000000001,-1.7968584859999999,78.06881150067518,25.376574698110808,-0.5358280000000001,-1.3068121193529578,-74.8748190554709,82.09139409330514
1723528461.2936227,247.55666136741638,1723528461.3236558,-0.030033111572265625,9.16008150067518,32.745206698110806,0.0,-3.1036706053529577,-69.114632,6.902591,0.578246,-1.7915857844,78.27471350067518,25.842615698110805,-0.578246,-1.3120848209529576,-75.17692260378276,82.43243250183474
1723528461.3936245,247.65666317939758,1723528461.4105108,-0.016886234283447266,9.16008150067518,32.745206698110806,0.0,-3.1036706053529577,-69.225469,6.659836,0.594113,-1.7897879829,78.38555050067518,26.085370698110808,-0.594113,-1.3138826224529576,-75.27992904213505,82.61412749650344
1723528461.493623,247.75666165351868,1723528461.5119472,-0.01832413673400879,9.16008150067518,32.745206698110806,0.0,-3.1036706053529577,-69.327405,6.424262000000001,0.602692,-1.7881116609,78.48748650067517,26.320944698110807,-0.602692,-1.3155589444529576,-75.37597521783998,82.7855114415653
1723528461.603625,247.8666636943817,1723528461.6048481,-0.0012230873107910156,9.16008150067518,32.745206698110806,0.0,-3.1036706053529577,-69.425073,6.192595,0.604554,-1.7847668943,78.58515450067517,26.552611698110805,-0.604554,-1.3189037110529578,-75.56761622747631,82.95199323358393
1723528461.693623,247.9566617012024,1723528461.7333272,-0.039704084396362305,9.16008150067518,32.745206698110806,0.0,-3.1036706053529577,-69.530334,5.966659,0.612444,-1.7828770286,78.69041550067517,26.778547698110806,-0.612444,-1.3207935767529577,-75.67589755593283,83.12428764291475
1723528461.693623,247.9566617012024,1723528461.7333272,-0.039704084396362305,9.16008150067518,32.745206698110806,0.0,-3.1036706053529577,-69.530334,5.966659,0.612444,-1.7828770286,78.69041550067517,26.778547698110806,-0.612444,-1.3207935767529577,-75.67589755593283,83.12428764291475
1723528461.7936249,248.0566635131836,1723528461.7333272,0.06029772758483887,9.16008150067518,32.745206698110806,0.0,-3.1036706053529577,-69.530334,5.966659,0.612444,-1.7828770286,78.69041550067517,26.778547698110806,-0.612444,-1.3207935767529577,-75.67589755593283,83.12428764291475
1723528461.893623,248.1566617488861,1723528461.8571522,0.036470890045166016,9.16008150067518,32.745206698110806,0.0,-3.1036706053529577,-69.640867,5.730336,0.6085090000000001,-1.7811614881,78.80094850067518,27.014870698110805,-0.6085090000000001,-1.3225091172529577,-75.7741907861666,83.3052399711134
1723528461.993625,248.2566635608673,1723528461.94921,0.04441499710083008,9.16008150067518,32.745206698110806,0.0,-3.1036706053529577,-69.747457,5.481382,0.613692,-1.7778346412,78.90753850067517,27.263824698110806,-0.613692,-1.3258359641529578,-75.9648050726228,83.48707916363894
1723528462.0936232,248.35666179656982,1723528462.0603588,0.0332643985748291,9.16008150067518,32.745206698110806,0.0,-3.1036706053529577,-69.855593,5.226599,0.623124,-1.7753663103,79.01567450067517,27.518607698110806,-0.623124,-1.3283042950529578,-76.10623001563451,83.67280842638515
1723528462.1936247,248.45666337013245,1723528462.2070186,-0.013393878936767578,9.16008150067518,32.745206698110806,0.0,-3.1036706053529577,-69.96719,4.962414,0.629271,-1.7720101878999999,79.12727150067518,27.782792698110807,-0.629271,-1.3316604174529578,-76.29852166468383,83.86539600597617
1723528462.293623,248.55666160583496,1723528462.3163593,-0.022736310958862305,9.16008150067518,32.745206698110806,0.0,-3.1036706053529577,-70.08859,4.706842,0.625471,-1.7697866517,79.24867150067517,28.038364698110804,-0.625471,-1.3338839536529576,-76.42592090453839,84.0648145393662
1723528462.3936248,248.65666341781616,1723528462.4029958,-0.009371042251586914,9.16008150067518,32.745206698110806,0.0,-3.1036706053529577,-70.199623,4.438334,0.620639,-1.7668828331,79.35970450067518,28.306872698110805,-0.620639,-1.3367877722529578,-76.59229745478997,84.25928395820758
1723528462.493623,248.75666165351868,1723528462.5057206,-0.012097597122192383,9.16008150067518,32.745206698110806,0.0,-3.1036706053529577,-70.315094,4.172379,0.611333,-1.7632335823,79.47517550067518,28.572827698110807,-0.611333,-1.3404370230529576,-76.8013841240147,84.45758539980844
1723528462.6036248,248.86666345596313,1723528462.6104002,-0.006775379180908203,9.16008150067518,32.745206698110806,0.0,-3.1036706053529577,-70.442021,3.894495,0.6216050000000001,-1.7596405549,79.60210250067517,28.850711698110807,-0.6216050000000001,-1.3440300504529576,-77.00724942970957,84.67139233998417
1723528462.6936226,248.95666122436523,1723528462.7131004,-0.01947784423828125,9.16008150067518,32.745206698110806,0.0,-3.1036706053529577,-70.562779,3.6188200000000004,0.62643,-1.7562785973,79.72286050067518,29.126386698110807,-0.62643,-1.3473920080529578,-77.19987541109151,84.87916884043399
1723528462.7936244,249.05666303634644,1723528462.8341472,-0.04052281379699707,9.16008150067518,32.745206698110806,0.0,-3.1036706053529577,-70.672116,3.350651,0.6184080000000001,-1.7538608102,79.83219750067518,29.394555698110807,-0.6184080000000001,-1.3498097951529577,-77.33840440768269,85.07409764981708
1723528462.933625,249.19666361808777,1723528462.9344492,-0.0008242130279541016,9.16008150067518,32.745206698110806,0.0,-3.1036706053529577,-70.788869,3.084534,0.612759,-1.7498492133999999,79.94895050067518,29.660672698110805,-0.612759,-1.3538213919529578,-77.56825197343088,85.27582110220897
1723528462.993625,249.2566635608673,1723528463.026986,-0.033360958099365234,9.16008150067518,32.745206698110806,0.0,-3.1036706053529577,-70.90723200000001,2.8063100000000003,0.610348,-1.7459959982,80.06731350067518,29.938896698110806,-0.610348,-1.3576746071529577,-77.78902494194652,85.48382742599127
1723528463.1336248,249.3966634273529,1723528463.123538,0.010086774826049805,9.16008150067518,32.745206698110806,0.0,-3.1036706053529577,-71.02614200000001,2.5111440000000003,0.6044860000000001,-1.7417465824,80.18622350067518,30.234062698110804,-0.6044860000000001,-1.3619240229529577,-78.03249853268274,85.6988587430295
1723528463.233623,249.49666166305542,1723528463.2072198,0.026403188705444336,9.16008150067518,32.745206698110806,0.0,-3.1036706053529577,-71.140786,2.2250430000000003,0.601928,-1.7390781068999999,80.30086750067518,30.520163698110807,-0.601928,-1.3645924984529578,-78.1853909165668,85.90734561629556
1723528463.3336246,249.59666323661804,1723528463.3231242,0.010500431060791016,9.16008150067518,32.745206698110806,0.0,-3.1036706053529577,-71.253562,1.930941,0.602619,-1.7350547463,80.41364350067518,30.814265698110805,-0.602619,-1.3686158590529578,-78.41591249840603,86.11757184934216
1723528463.3936248,249.65666341781616,1723528463.449826,-0.05620121955871582,9.16008150067518,32.745206698110806,0.0,-3.1036706053529577,-71.371377,1.6459139999999999,0.5982740000000001,-1.7311560071,80.53145850067517,31.099292698110805,-0.5982740000000001,-1.3725145982529576,-78.63929379998822,86.32983114977007
1723528463.5336244,249.79666304588318,1723528463.5507383,-0.017113924026489258,9.16008150067518,32.745206698110806,0.0,-3.1036706053529577,-71.507803,1.360725,0.5920270000000001,-1.7275937994,80.66788450067517,31.384481698110807,-0.5920270000000001,-1.3760768059529578,-78.84339326694723,86.56005878719151
1723528463.6236227,249.88666129112244,1723528463.6568105,-0.0331878662109375,9.16008150067518,32.745206698110806,0.0,-3.1036706053529577,-71.621093,1.0836729999999999,0.608043,-1.724178824,80.78117450067518,31.661533698110805,-0.608043,-1.3794917813529577,-79.03905694450823,86.76647155505972
1723528463.7336245,249.9966630935669,1723528463.7400014,-0.006376981735229492,9.16008150067518,32.745206698110806,0.0,-3.1036706053529577,-71.728793,0.807004,0.611093,-1.7218255345,80.88887450067517,31.938202698110807,-0.611093,-1.3818450708529577,-79.17389050083068,86.96799551689253
1723528463.8336225,250.09666109085083,1723528463.8544214,-0.020798921585083008,9.16008150067518,32.745206698110806,0.0,-3.1036706053529577,-71.83428,0.5141840000000001,0.62165,-1.7181560185,80.99436150067518,32.231022698110806,-0.62165,-1.3855145868529577,-79.38413828048641,87.17403207257703
1723528463.933624,250.19666266441345,1723528463.9891686,-0.05554461479187012,9.16008150067518,32.745206698110806,0.0,-3.1036706053529577,-71.93563900000001,0.22361699999999998,0.5833940000000001,-1.7148519035,81.09572050067518,32.52158969811081,-0.5833940000000001,-1.3888187018529576,-79.57345012501227,87.37568327958948
1723528464.033622,250.2966606616974,1723528463.9891686,0.04445338249206543,9.16008150067518,32.745206698110806,0.0,-3.1036706053529577,-71.93563900000001,0.22361699999999998,0.5833940000000001,-1.7148519035,81.09572050067518,32.52158969811081,-0.5833940000000001,-1.3888187018529576,-79.57345012501227,87.37568327958948
1723528464.133624,250.39666271209717,1723528464.0935302,0.04009389877319336,9.16008150067518,32.745206698110806,0.0,-3.1036706053529577,-72.055862,-0.06396099999999999,0.603508,-1.7064705228,81.21594350067518,32.809167698110805,-0.603508,-1.3972000825529578,-80.05366786561468,87.59472122025211
1723528464.2336226,250.49666118621826,1723528464.2024012,0.031221389770507812,9.16008150067518,32.745206698110806,0.0,-3.1036706053529577,-72.176439,-0.339359,0.6435430000000001,-1.7019477508,81.33652050067518,33.08456569811081,-0.6435430000000001,-1.4017228545529576,-80.31280361291462,87.81020556963873
1723528464.3336246,250.59666323661804,1723528464.2835398,0.050084829330444336,9.16008150067518,32.745206698110806,0.0,-3.1036706053529577,-72.296066,-0.628509,0.6385120000000001,-1.6967119008,81.45614750067517,33.37371569811081,-0.6385120000000001,-1.4069587045529577,-80.6127957200782,88.03020255982729
1723528464.4336233,250.69666194915771,1723528464.404235,0.029388427734375,9.16008150067518,32.745206698110806,0.0,-3.1036706053529577,-72.401477,-0.90565,0.646,-1.6922011893,81.56155850067518,33.65085669811081,-0.646,-1.4114694160529577,-80.87124045162932,88.23313038522349
1723528464.5336254,250.7966639995575,1723528464.532645,0.000980377197265625,9.16008150067518,32.745206698110806,0.0,-3.1036706053529577,-72.49316400000001,-1.183521,0.652593,-1.6889419754,81.65324550067518,33.928727698110805,-0.652593,-1.4147286299529578,-81.0579796526297,88.42418753728944
1723528464.633624,250.89666271209717,1723528464.6417878,-0.008163690567016602,9.16008150067518,32.745206698110806,0.0,-3.1036706053529577,-72.579841,-1.4552230000000002,0.6671790000000001,-1.6863157877,81.73992250067518,34.20042969811081,-0.6671790000000001,-1.4173548176529578,-81.20844912404887,88.6088564973606
1723528464.7336261,250.99666476249695,1723528464.745115,-0.011488914489746094,9.16008150067518,32.745206698110806,0.0,-3.1036706053529577,-72.666693,-1.7300280000000001,0.678044,-1.684063291,81.82677450067517,34.4752346981108,-0.678044,-1.4196073143529577,-81.337507678326,88.79539727001678
1723528464.8336246,251.09666323661804,1723528464.8291872,0.004437446594238281,9.16008150067518,32.745206698110806,0.0,-3.1036706053529577,-72.755347,-2.013521,0.6788230000000001,-1.6798494151,81.91542850067518,34.7587276981108,-0.6788230000000001,-1.4238211902529576,-81.5789449827879,88.98745629753651
1723528464.9336267,251.19666528701782,1723528464.9316642,0.001962423324584961,9.16008150067518,32.745206698110806,0.0,-3.1036706053529577,-72.836505,-2.2943149999999997,0.680847,-1.6778276347999999,81.99658650067518,35.0395216981108,-0.680847,-1.4258429705529578,-81.6947844610806,89.1721471718187
1723528465.033625,251.29666352272034,1723528465.0243347,0.009290218353271484,9.16008150067518,32.745206698110806,0.0,-3.1036706053529577,-72.921611,-2.573321,0.681255,-1.6767874195999999,82.08169250067517,35.318527698110806,-0.681255,-1.4268831857529578,-81.75438440182596,89.36031977848245
1723528465.1336267,251.39666533470154,1723528465.1600208,-0.026394128799438477,9.16008150067518,32.745206698110806,0.0,-3.1036706053529577,-73.01298200000001,-2.84521,0.6915600000000001,-1.6736103188,82.17306350067518,35.59041669811081,-0.6915600000000001,-1.4300602865529577,-81.93641886875359,89.55204286371563
1723528465.223628,251.48666667938232,1723528465.2517915,-0.028163433074951172,9.16008150067518,32.745206698110806,0.0,-3.1036706053529577,-73.104523,-3.118997,0.689552,-1.670797073,82.26460450067518,35.864203698110806,-0.689552,-1.4328735323529578,-82.0976059798265,89.74509313891649
1723528465.223628,251.48666667938232,1723528465.2517915,-0.028163433074951172,9.16008150067518,32.745206698110806,0.0,-3.1036706053529577,-73.104523,-3.118997,0.689552,-1.670797073,82.26460450067518,35.864203698110806,-0.689552,-1.4328735323529578,-82.0976059798265,89.74509313891649
1723528465.3336287,251.5966672897339,1723528465.336256,-0.0026273727416992188,9.16008150067518,32.745206698110806,0.0,-3.1036706053529577,-73.20349,-3.391607,0.688874,-1.668457578,82.36357150067518,36.13681369811081,-0.688874,-1.4352130273529577,-82.23164916951846,89.94499297896841
1723528465.433627,251.6966655254364,1723528465.4425578,-0.00893092155456543,9.16008150067518,32.745206698110806,0.0,-3.1036706053529577,-73.281381,-3.662795,0.6940660000000001,-1.6659977395999999,82.44146250067517,36.40800169811081,-0.6940660000000001,-1.4376728657529578,-82.37258752812268,90.12557380961425
1723528465.533629,251.79666757583618,1723528465.5656013,-0.031972408294677734,9.16008150067518,32.745206698110806,0.0,-3.1036706053529577,-73.371319,-3.937029,0.711418,-1.6646611346,82.53140050067518,36.68223569811081,-0.711418,-1.4390094707529577,-82.44916935349875,90.3190157164333
1723528465.6336274,251.89666604995728,1723528465.6836972,-0.05006980895996094,9.16008150067518,32.745206698110806,0.0,-3.1036706053529577,-73.458562,-4.230593,0.7236980000000001,-1.6620850613,82.61864350067518,36.975799698110805,-0.7236980000000001,-1.4415855440529577,-82.5967674813051,90.51836143016328
1723528465.7336295,251.99666810035706,1723528465.6836972,0.049932241439819336,9.16008150067518,32.745206698110806,0.0,-3.1036706053529577,-73.458562,-4.230593,0.7236980000000001,-1.6620850613,82.61864350067518,36.975799698110805,-0.7236980000000001,-1.4415855440529577,-82.5967674813051,90.51836143016328
1723528465.833628,252.09666657447815,1723528465.8006356,0.03299236297607422,9.16008150067518,32.745206698110806,0.0,-3.1036706053529577,-73.54272,-4.5122219999999995,0.726481,-1.6591668994,82.70280150067518,37.25742869811081,-0.726481,-1.4445037059529577,-82.76396584211096,90.71051286316406
1723528465.93363,252.19666862487793,1723528465.9139926,0.019637346267700195,9.16008150067518,32.745206698110806,0.0,-3.1036706053529577,-73.619129,-4.780248,0.7220270000000001,-1.6561045132,82.77921050067518,37.525454698110806,-0.7220270000000001,-1.4475660921529576,-82.93942764661007,90.89047675308886
1723528466.0336287,252.2966673374176,1723528466.0215614,0.012067317962646484,9.16008150067518,32.745206698110806,0.0,-3.1036706053529577,-73.703072,-5.049326,0.7239610000000001,-1.654553716,82.86315350067518,37.79453269811081,-0.7239610000000001,-1.4491168893529578,-83.02828178105078,91.07827968003427
1723528466.163631,252.42666959762573,1723528466.123359,0.04027199745178223,9.16008150067518,32.745206698110806,0.0,-3.1036706053529577,-73.786663,-5.312176,0.725144,-1.652935357,82.94674450067518,38.05738269811081,-0.725144,-1.4507352483529576,-83.12100692148779,91.26364355487615
1723528466.2336295,252.49666810035706,1723528466.240737,-0.00710749626159668,9.16008150067518,32.745206698110806,0.0,-3.1036706053529577,-73.862897,-5.589846,0.7247830000000001,-1.649587848,83.02297850067518,38.33505269811081,-0.7247830000000001,-1.4540827573529578,-83.31280505906986,91.44898323594197
1723528466.3336315,252.59667015075684,1723528466.3639524,-0.03032088279724121,9.16008150067518,32.745206698110806,0.0,-3.1036706053529577,-73.934797,-5.863436,0.737483,-1.6480830415,83.09487850067518,38.608642698110806,-0.737483,-1.4555875638529576,-83.3990241205037,91.62930756699869
1723528466.43363,252.69666862487793,1723528466.4653986,-0.0317685604095459,9.16008150067518,32.745206698110806,0.0,-3.1036706053529577,-74.01178300000001,-6.134488,0.7403150000000001,-1.6452002866,83.17186450067518,38.879694698110804,-0.7403150000000001,-1.4584703187529577,-83.56419380964437,91.8136034073176
1723528466.563632,252.82667064666748,1723528466.5481982,0.015433788299560547,9.16008150067518,32.745206698110806,0.0,-3.1036706053529577,-74.09795,-6.408726,0.744232,-1.6429292324,83.25803150067517,39.15393269811081,-0.744232,-1.4607413729529577,-83.69431563034982,92.00806560495353
1723528466.6336303,252.89666891098022,1723528466.6741016,-0.04047131538391113,9.16008150067518,32.745206698110806,0.0,-3.1036706053529577,-74.173141,-6.684391,0.7571840000000001,-1.6381345679,83.33322250067518,39.429597698110804,-0.7571840000000001,-1.4655360374529578,-83.96902967038103,92.19377676715364
1723528466.7636323,253.02667093276978,1723528466.8162978,-0.05266547203063965,9.16008150067518,32.745206698110806,0.0,-3.1036706053529577,-74.250568,-6.963573,0.75349,-1.6368470125999999,83.41064950067518,39.7087796981108,-0.75349,-1.4668235927529578,-84.04280115496073,92.38339343419726
1723528466.8636308,253.12666940689087,1723528466.8162978,0.0473330020904541,9.16008150067518,32.745206698110806,0.0,-3.1036706053529577,-74.250568,-6.963573,0.75349,-1.6368470125999999,83.41064950067518,39.7087796981108,-0.75349,-1.4668235927529578,-84.04280115496073,92.38339343419726
1723528466.9636314,253.22667002677917,1723528466.9301667,0.033464670181274414,9.16008150067518,32.745206698110806,0.0,-3.1036706053529577,-74.33128500000001,-7.249051,0.752568,-1.6345606195,83.49136650067518,39.99425769811081,-0.752568,-1.4691099858529577,-84.17380182989855,92.57923788608106
1723528467.0636299,253.32666850090027,1723528467.031826,0.03180384635925293,9.16008150067518,32.745206698110806,0.0,-3.1036706053529577,-74.418609,-7.553387,0.746924,-1.6331479758,83.57869050067518,40.29859369811081,-0.746924,-1.4705226295529576,-84.2547403518643,92.78971955618167
1723528467.163632,253.42667055130005,1723528467.1419647,0.0216672420501709,9.16008150067518,32.745206698110806,0.0,-3.1036706053529577,-74.496484,-7.859821,0.759677,-1.6288047198,83.65656550067517,40.6050276981108,-0.759677,-1.4748658855529577,-84.50359059000917,92.99336715528388
1723528467.2636302,253.52666878700256,1723528467.270973,-0.007342815399169922,9.16008150067518,32.745206698110806,0.0,-3.1036706053529577,-74.573203,-8.162732,0.7541800000000001,-1.6258686304999999,83.73328450067518,40.907938698110804,-0.7541800000000001,-1.4778019748529578,-84.6718161151727,93.1949095673782
1723528467.363632,253.62667059898376,1723528467.405958,-0.04232597351074219,9.16008150067518,32.745206698110806,0.0,-3.1036706053529577,-74.649257,-8.468518000000001,0.743271,-1.6233120117,83.80933850067518,41.21372469811081,-0.743271,-1.4803585936529577,-84.81829958223649,93.39769148748734
1723528467.4236302,253.68666887283325,1723528467.405958,0.017672300338745117,9.16008150067518,32.745206698110806,0.0,-3.1036706053529577,-74.649257,-8.468518000000001,0.743271,-1.6233120117,83.80933850067518,41.21372469811081,-0.743271,-1.4803585936529577,-84.81829958223649,93.39769148748734
1723528467.563632,253.82667064666748,1723528467.6112857,-0.0476536750793457,9.16008150067518,32.745206698110806,0.0,-3.1036706053529577,-74.795973,-9.028759,0.764717,-1.6185020326,83.95605450067518,41.77396569811081,-0.764717,-1.4851685727529578,-85.09389108421263,93.77775903463127
1723528467.663631,253.92666959762573,1723528467.711822,-0.048191070556640625,9.16008150067518,32.745206698110806,0.0,-3.1036706053529577,-74.87478,-9.312108,0.7618050000000001,-1.6151273797999999,84.03486150067518,42.05731469811081,-0.7618050000000001,-1.4885432255529578,-85.28724444697464,93.97476264355028
1723528467.763633,254.0266716480255,1723528467.711822,0.05181097984313965,9.16008150067518,32.745206698110806,0.0,-3.1036706053529577,-74.87478,-9.312108,0.7618050000000001,-1.6151273797999999,84.03486150067518,42.05731469811081,-0.7618050000000001,-1.4885432255529578,-85.28724444697464,93.97476264355028
1723528467.8636317,254.12667036056519,1723528467.8413007,0.02233099937438965,9.16008150067518,32.745206698110806,0.0,-3.1036706053529577,-74.941629,-9.588897000000001,0.7662110000000001,-1.6131668287,84.10171050067518,42.33410369811081,-0.7662110000000001,-1.4905037766529576,-85.39957575052436,94.15870179839088
1723528467.9636338,254.22667241096497,1723528467.9512877,0.012346029281616211,9.16008150067518,32.745206698110806,0.0,-3.1036706053529577,-75.023548,-9.877534,0.761372,-1.6099933364999999,84.18362950067518,42.6227406981108,-0.761372,-1.4936772688529578,-85.58140345990206,94.36186299479108
1723528468.063632,254.32667064666748,1723528468.0535538,0.010078191757202148,9.16008150067518,32.745206698110806,0.0,-3.1036706053529577,-75.09688200000001,-10.169740000000001,0.765594,-1.6065132908,84.25696350067518,42.91494669811081,-0.765594,-1.4971573145529578,-85.78079539102471,94.55958271179415
1723528468.163634,254.42667269706726,1723528468.1347628,0.02887129783630371,9.16008150067518,32.745206698110806,0.0,-3.1036706053529577,-75.168709,-10.445399,0.765208,-1.6041346965,84.32879050067518,43.19060569811081,-0.765208,-1.4995359088529576,-85.91707880558857,94.74892543538269
1723528468.2636323,254.52667093276978,1723528468.2247443,0.038887977600097656,9.16008150067518,32.745206698110806,0.0,-3.1036706053529577,-75.232732,-10.726976,0.7714000000000001,-1.6017706622999999,84.39281350067517,43.47218269811081,-0.7714000000000001,-1.5018999430529578,-86.05252798787316,94.93457061080366
1723528468.3636343,254.62667298316956,1723528468.3290787,0.034555673599243164,9.16008150067518,32.745206698110806,0.0,-3.1036706053529577,-75.292938,-11.022727000000001,0.769729,-1.5991224085,84.45301950067518,43.76793369811081,-0.769729,-1.5045481968529577,-86.20426175369265,95.12379831418154
1723528468.4636357,254.7266743183136,1723528468.4436805,0.019955158233642578,9.16008150067518,32.745206698110806,0.0,-3.1036706053529577,-75.363176,-11.310534,0.7835150000000001,-1.5978696649,84.52325750067517,44.05574069811081,-0.7835150000000001,-1.5058009404529578,-86.27603867478467,95.31895531708184
1723528468.5636365,254.82667517662048,1723528468.5684555,-0.004818916320800781,9.16008150067518,32.745206698110806,0.0,-3.1036706053529577,-75.446456,-11.603816,0.782764,-1.5979612649,84.60653750067517,44.34902269811081,-0.782764,-1.5057093404529578,-86.27079038138127,95.52860682335107
1723528468.663635,254.92667365074158,1723528468.6596277,0.0040073394775390625,9.16008150067518,32.745206698110806,0.0,-3.1036706053529577,-75.512337,-11.889122,0.786558,-1.5986708749,84.67241850067518,44.63432869811081,-0.786558,-1.5049997304529577,-86.23013272328099,95.71969717133378
1723528468.7636373,255.02667593955994,1723528468.763511,0.00012636184692382812,9.16008150067518,32.745206698110806,0.0,-3.1036706053529577,-75.58125700000001,-12.186669,0.7860790000000001,-1.5995136768,84.74133850067518,44.93187569811081,-0.7860790000000001,-1.5041569285529577,-86.18184373144538,95.91968424067468
1723528468.8636358,255.12667441368103,1723528468.8494103,0.014225482940673828,9.16008150067518,32.745206698110806,0.0,-3.1036706053529577,-75.653583,-12.476725,0.788805,-1.6004961014999999,84.81366450067517,45.22193169811081,-0.788805,-1.5031745038529578,-86.12555494244599,96.11973265604577
1723528468.9636376,255.22667622566223,1723528468.9746773,-0.01103973388671875,9.16008150067518,32.745206698110806,0.0,-3.1036706053529577,-75.727221,-12.766910000000001,0.7839,-1.6011285363,84.88730250067518,45.51211669811081,-0.7839,-1.5025420690529576,-86.08931909758877,96.32144824177837
1723528469.063636,255.32667469978333,1723528469.08232,-0.018683910369873047,9.16008150067518,32.745206698110806,0.0,-3.1036706053529577,-75.808356,-13.062925,0.782965,-1.6012284298,84.96843750067518,45.808131698110806,-0.782965,-1.5024421755529578,-86.083595621638,96.53306860951243
1723528469.163638,255.4266767501831,1723528469.1835737,-0.01993560791015625,9.16008150067518,32.745206698110806,0.0,-3.1036706053529577,-75.887101,-13.355067,0.794052,-1.6030549869,85.04718250067518,46.100273698110804,-0.794052,-1.5006156184529578,-85.97894160876834,96.74135106004351
1723528469.2636368,255.52667546272278,1723528469.304358,-0.04072117805480957,9.16008150067518,32.745206698110806,0.0,-3.1036706053529577,-75.96037100000001,-13.637563,0.795844,-1.6044310513,85.12045250067519,46.382769698110806,-0.795844,-1.4992395540529577,-85.90009892631014,96.94063196854052
1723528469.363637,255.62667560577393,1723528469.4156566,-0.052019596099853516,9.16008150067518,32.745206698110806,0.0,-3.1036706053529577,-76.02325,-13.932919,0.8132790000000001,-1.6058464934,85.18333150067518,46.678125698110804,-0.8132790000000001,-1.4978241119529576,-85.81900006783499,97.13757669910441
1723528469.4636354,255.72667407989502,1723528469.4156566,0.047978878021240234,9.16008150067518,32.745206698110806,0.0,-3.1036706053529577,-76.02325,-13.932919,0.8132790000000001,-1.6058464934,85.18333150067518,46.678125698110804,-0.8132790000000001,-1.4978241119529576,-85.81900006783499,97.13757669910441
1723528469.5636375,255.8266761302948,1723528469.5429997,0.02063775062561035,9.16008150067518,32.745206698110806,0.0,-3.1036706053529577,-76.09320600000001,-14.218335000000002,0.8103370000000001,-1.6071670159,85.25328750067519,46.96354169811081,-0.8103370000000001,-1.4965035894529577,-85.74333970183294,97.33629294644696
1723528469.663636,255.9266746044159,1723528469.6501365,0.01349949836730957,9.16008150067518,32.745206698110806,0.0,-3.1036706053529577,-76.162077,-14.520104,0.7892640000000001,-1.6064027625,85.32215850067517,47.26531069811081,-0.7892640000000001,-1.4972678428529578,-85.78712819613146,97.54231524966475
1723528469.763638,256.0266766548157,1723528469.7738,-0.010161876678466797,9.16008150067518,32.745206698110806,0.0,-3.1036706053529577,-76.234921,-14.818942000000002,0.802161,-1.6065721992,85.39500250067518,47.564148698110806,-0.802161,-1.4970984061529578,-85.77742018832683,97.75120539275328
1723528469.863637,256.1266756057739,1723528469.858111,0.005526065826416016,9.16008150067518,32.745206698110806,0.0,-3.1036706053529577,-76.311421,-15.105210000000001,0.8164680000000001,-1.6079683339,85.47150250067517,47.850416698110806,-0.8164680000000001,-1.4957022714529578,-85.69742756238507,97.95767829986983
1723528469.9636378,256.2266764640808,1723528469.948303,0.015334844589233398,9.16008150067518,32.745206698110806,0.0,-3.1036706053529577,-76.387173,-15.401261,0.8308500000000001,-1.6088020645,85.54725450067518,48.146467698110804,-0.8308500000000001,-1.4948685408529576,-85.64965831775416,98.16875987874664
1723528470.0936365,256.35667514801025,1723528470.08029,0.013346433639526367,9.16008150067518,32.745206698110806,0.0,-3.1036706053529577,-76.46175600000001,-15.713161000000001,0.823515,-1.6101661242,85.62183750067518,48.458367698110806,-0.823515,-1.4935044811529576,-85.57150345394028,98.38694341177879
1723528470.1936371,256.45667576789856,1723528470.1822424,0.011394739151000977,9.16008150067518,32.745206698110806,0.0,-3.1036706053529577,-76.55323,-15.999388999999999,0.810903,-1.6118232102999999,85.71331150067518,48.74459569811081,-0.810903,-1.4918473950529578,-85.47655941412049,98.60763125569677
1723528470.2636356,256.5266742706299,1723528470.3031197,-0.03948402404785156,9.16008150067518,32.745206698110806,0.0,-3.1036706053529577,-76.62765,-16.292476,0.8166490000000001,-1.612933818,85.78773150067518,49.03768269811081,-0.8166490000000001,-1.4907367873529578,-85.41292628021576,98.81748891781118
1723528470.3636382,256.6266767978668,1723528470.409844,-0.046205759048461914,9.16008150067518,32.745206698110806,0.0,-3.1036706053529577,-76.70952700000001,-16.589261999999998,0.821489,-1.6133987736,85.86960850067518,49.334468698110804,-0.821489,-1.4902718317529577,-85.38628628667479,99.03612628713435
1723528470.504637,256.76767563819885,1723528470.512941,-0.00830388069152832,9.16008150067518,32.745206698110806,0.0,-3.1036706053529577,-76.791448,-16.883215,0.824793,-1.6156128199,85.95152950067518,49.628421698110806,-0.824793,-1.4880577854529577,-85.25943077803822,99.253846007315
1723528470.5936394,256.8566780090332,1723528470.59472,-0.0010805130004882812,9.16008150067518,32.745206698110806,0.0,-3.1036706053529577,-76.861591,-17.175051999999997,0.8184640000000001,-1.6160208305,86.02167250067518,49.9202586981108,-0.8184640000000001,-1.4876497748529578,-85.23605349266163,99.46069701957161
1723528470.6636384,256.9266769886017,1723528470.7026098,-0.0389714241027832,9.16008150067518,32.745206698110806,0.0,-3.1036706053529577,-76.939227,-17.473338,0.82752,-1.6166323539,86.09930850067518,50.218544698110804,-0.82752,-1.4870382514529576,-85.20101578276812,99.67787089038866
1723528470.7936409,257.0566794872284,1723528470.7933493,0.00029158592224121094,9.16008150067518,32.745206698110806,0.0,-3.1036706053529577,-77.018445,-17.775933,0.839779,-1.6163711476,86.17852650067518,50.5211396981108,-0.839779,-1.4872994577529577,-85.21598180134036,99.89909516603461
1723528470.9036396,257.1666781902313,1723528470.9120836,-0.008444070816040039,9.16008150067518,32.745206698110806,0.0,-3.1036706053529577,-77.101768,-18.072665,0.8316760000000001,-1.6153111853,86.26184950067518,50.81787169811081,-0.8316760000000001,-1.4883594200529577,-85.27671316757335,100.12119879511911
1723528470.9936416,257.25668025016785,1723528471.003512,-0.009870290756225586,9.16008150067518,32.745206698110806,0.0,-3.1036706053529577,-77.186021,-18.372348,0.830812,-1.6160055721,86.34610250067517,51.11755469811081,-0.830812,-1.4876650332529577,-85.23692773458374,100.3461213199135
1723528471.09364,257.35667872428894,1723528471.0914154,0.0022246837615966797,9.16008150067518,32.745206698110806,0.0,-3.1036706053529577,-77.251265,-18.677052999999997,0.8432280000000001,-1.6154233706,86.41134650067518,51.42225969811081,-0.8432280000000001,-1.4882472347529576,-85.27028542335992,100.55784718250328
1723528471.193642,257.45668053627014,1723528471.1927423,0.0008995532989501953,9.16008150067518,32.745206698110806,0.0,-3.1036706053529577,-77.327185,-18.982329,0.851493,-1.6156915172,86.48726650067518,51.727535698110806,-0.851493,-1.4879790881529578,-85.25492175488915,100.77951307923246
1723528471.2936401,257.55667877197266,1723528471.3136363,-0.019996166229248047,9.16008150067518,32.745206698110806,0.0,-3.1036706053529577,-77.420624,-19.289772,0.8678250000000001,-1.6143619441,86.58070550067518,52.034978698110805,-0.8678250000000001,-1.4893086612529578,-85.33110068207328,101.01787313806462
1723528471.393642,257.65668058395386,1723528471.4356909,-0.04204893112182617,9.16008150067518,32.745206698110806,0.0,-3.1036706053529577,-77.497094,-19.581464999999998,0.853151,-1.6133186972,86.65717550067518,52.3266716981108,-0.853151,-1.4903519081529577,-85.39087432643338,101.23376167754257
1723528471.4936404,257.75667905807495,1723528471.5432615,-0.0496211051940918,9.16008150067518,32.745206698110806,0.0,-3.1036706053529577,-77.577427,-19.884771,0.8451120000000001,-1.6128615759,86.73750850067518,52.62997769811081,-0.8451120000000001,-1.4908090294529577,-85.41706544764891,101.45947046826572
1723528471.6036417,257.86668038368225,1723528471.6443405,-0.04069876670837402,9.16008150067518,32.745206698110806,0.0,-3.1036706053529577,-77.652473,-20.177267999999998,0.855237,-1.6112541296,86.81255450067518,52.922474698110804,-0.855237,-1.4924164757529577,-85.50916533643283,101.6756577428002
1723528471.7036402,257.96667885780334,1723528471.7452419,-0.04160165786743164,9.16008150067518,32.745206698110806,0.0,-3.1036706053529577,-77.723515,-20.476955999999998,0.864581,-1.6096871608,86.88359650067518,53.22216269811081,-0.864581,-1.4939834445529576,-85.59894603530151,101.8926172176467
1723528471.7936409,258.0566794872284,1723528471.8291962,-0.035555362701416016,9.16008150067518,32.745206698110806,0.0,-3.1036706053529577,-77.789823,-20.783196,0.8743620000000001,-1.6094663634,86.94990450067517,53.52840269811081,-0.8743620000000001,-1.4942042419529578,-85.61159679444899,102.10945253498666
1723528471.9036396,258.1666781902313,1723528471.947241,-0.04360151290893555,9.16008150067518,32.745206698110806,0.0,-3.1036706053529577,-77.860955,-21.084,0.906713,-1.6076026165,87.02103650067518,53.82920669811081,-0.906713,-1.4960679888529578,-85.71838162589957,102.32822883185338
1723528472.0036404,258.2666790485382,1723528472.0562866,-0.05264616012573242,9.16008150067518,32.745206698110806,0.0,-3.1036706053529577,-77.943594,-21.391088999999997,0.8976540000000001,-1.605335073,87.10367550067518,54.1362956981108,-0.8976540000000001,-1.4983355323529577,-85.84830229831189,102.56019978697354
1723528472.093639,258.35667753219604,1723528472.0562866,0.03735232353210449,9.16008150067518,32.745206698110806,0.0,-3.1036706053529577,-77.943594,-21.391088999999997,0.8976540000000001,-1.605335073,87.10367550067518,54.1362956981108,-0.8976540000000001,-1.4983355323529577,-85.84830229831189,102.56019978697354
1723528472.2036412,258.46667981147766,1723528472.1634042,0.0402369499206543,9.16008150067518,32.745206698110806,0.0,-3.1036706053529577,-78.021745,-21.694098999999998,0.8820870000000001,-1.6035875468,87.18182650067517,54.4393056981108,-0.8820870000000001,-1.5000830585529576,-85.94842817416043,102.78660882800715
1723528472.29364,258.5566785335541,1723528472.264633,0.0290069580078125,9.16008150067518,32.745206698110806,0.0,-3.1036706053529577,-78.096777,-22.002509999999997,0.8833150000000001,-1.6025271568,87.25685850067518,54.74771669811081,-0.8833150000000001,-1.5011434485529578,-86.0091840457983,103.01384413976928
1723528472.3936422,258.65668082237244,1723528472.3658712,0.02777099609375,9.16008150067518,32.745206698110806,0.0,-3.1036706053529577,-78.166291,-22.306296,0.884872,-1.6010492007,87.32637250067518,55.05150269811081,-0.884872,-1.5026214046529578,-86.09386469263393,103.23442391907442
1723528472.503641,258.76667952537537,1723528472.4696953,0.033945560455322266,9.16008150067518,32.745206698110806,0.0,-3.1036706053529577,-78.237108,-22.617037999999997,0.895092,-1.5983429949999999,87.39718950067518,55.3622446981108,-0.895092,-1.5053276103529578,-86.24891885773818,103.46036951566957
1723528472.593643,258.8566815853119,1723528472.57338,0.020262956619262695,9.16008150067518,32.745206698110806,0.0,-3.1036706053529577,-78.310311,-22.924239999999998,0.885787,-1.5970831137,87.47039250067517,55.669446698110804,-0.885787,-1.5065874916529578,-86.32110473891562,103.68674687974996
1723528472.6936414,258.956680059433,1723528472.6836889,0.009952545166015625,9.16008150067518,32.745206698110806,0.0,-3.1036706053529577,-78.389908,-23.22523,0.8920060000000001,-1.5947167548999999,87.54998950067518,55.9704366981108,-0.8920060000000001,-1.5089538504529578,-86.45668711096927,103.915764542487
1723528472.7936416,259.05668020248413,1723528472.7642553,0.029386281967163086,9.16008150067518,32.745206698110806,0.0,-3.1036706053529577,-78.464528,-23.530717,0.889333,-1.5932577467,87.62460950067518,56.2759236981108,-0.889333,-1.5104128586529577,-86.54028212310423,104.14337564822014
1723528472.89364,259.1566786766052,1723528472.8648717,0.028768301010131836,9.16008150067518,32.745206698110806,0.0,-3.1036706053529577,-78.537847,-23.830209999999997,0.9004880000000001,-1.5920648271,87.69792850067518,56.5754166981108,-0.9004880000000001,-1.5116057782529577,-86.60863138148268,104.36721380065941
1723528473.0046403,259.26767897605896,1723528472.9519494,0.052690982818603516,9.16008150067518,32.745206698110806,0.0,-3.1036706053529577,-78.614833,-24.138177,0.9016730000000001,-1.590099583,87.77491450067518,56.883383698110805,-0.9016730000000001,-1.5135710223529577,-86.72123157412567,104.59908207410936
1723528473.103639,259.3666775226593,1723528473.0616565,0.041982412338256836,9.16008150067518,32.745206698110806,0.0,-3.1036706053529577,-78.688778,-24.428476,0.9117470000000001,-1.5896408528,87.84885950067518,57.17368269811081,-0.9117470000000001,-1.5140297525529578,-86.74751487852086,104.81928921446487
1723528473.1936412,259.4566798210144,1723528473.1617446,0.03189659118652344,9.16008150067518,32.745206698110806,0.0,-3.1036706053529577,-78.750493,-24.730418,0.926346,-1.5896722511999999,87.91057450067518,57.475624698110806,-0.926346,-1.5139983541529578,-86.74571588271739,105.03606361811434
1723528473.2936392,259.55667781829834,1723528473.2640214,0.029617786407470703,9.16008150067518,32.745206698110806,0.0,-3.1036706053529577,-78.819986,-25.025308,0.906082,-1.585874293,87.98006750067518,57.7705146981108,-0.906082,-1.5177963123529576,-86.96332285834448,105.25562042237327
1723528473.39364,259.6566786766052,1723528473.3469608,0.04667925834655762,9.16008150067518,32.745206698110806,0.0,-3.1036706053529577,-78.885395,-25.318205,0.893522,-1.5828848716,88.04547650067518,58.063411698110805,-0.893522,-1.5207857337529578,-87.13460408775059,105.47115288940262
1723528473.4936388,259.7566773891449,1723528473.4442735,0.04936528205871582,9.16008150067518,32.745206698110806,0.0,-3.1036706053529577,-78.952906,-25.616941999999998,0.9183410000000001,-1.5800620912,88.11298750067517,58.3621486981108,-0.9183410000000001,-1.5236085141529576,-87.29633749116283,105.69239479331905
1723528473.5936399,259.85667848587036,1723528473.6393764,-0.04573655128479004,9.16008150067518,32.745206698110806,0.0,-3.1036706053529577,-79.09261000000001,-26.215804,0.909926,-1.5765359265999999,88.25269150067518,58.961010698110805,-0.909926,-1.5271346787529578,-87.49837184061127,106.14031423065205
1723528473.6936383,259.95667695999146,1723528473.7446008,-0.05096244812011719,9.16008150067518,32.745206698110806,0.0,-3.1036706053529577,-79.159762,-26.50209,0.9131370000000001,-1.5734303943999999,88.31984350067518,59.2472966981108,-0.9131370000000001,-1.5302402109529578,-87.67630572881325,106.35539827013245
1723528473.8336375,260.0966761112213,1723528473.8346803,-0.0010428428649902344,9.16008150067518,32.745206698110806,0.0,-3.1036706053529577,-79.231159,-26.78632,0.906684,-1.5692680868,88.39124050067518,59.53152669811081,-0.906684,-1.5344025185529577,-87.91478838732847,106.57314926439932
1723528473.9046376,260.16767621040344,1723528473.9189858,-0.014348268508911133,9.16008150067518,32.745206698110806,0.0,-3.1036706053529577,-79.292713,-27.078374999999998,0.918899,-1.5628754094,88.45279450067518,59.8235816981108,-0.918899,-1.5407951959529578,-88.28106182213715,106.78764983621193
1723528473.9936383,260.25667691230774,1723528474.0042057,-0.010567426681518555,9.16008150067518,32.745206698110806,0.0,-3.1036706053529577,-79.347308,-27.369778,0.917591,-1.5566653656,88.50738950067517,60.1149846981108,-0.917591,-1.5470052397529577,-88.63687112246852,106.99631467822432
1723528474.0936372,260.356675863266,1723528474.0857124,0.007924795150756836,9.16008150067518,32.745206698110806,0.0,-3.1036706053529577,-79.398881,-27.653855999999998,0.9196230000000001,-1.5537501248999999,88.55896250067518,60.399062698110804,-0.9196230000000001,-1.5499204804529578,-88.8039021108433,107.19879812977588
1723528474.2036395,260.4666781425476,1723528474.1936705,0.009968996047973633,9.16008150067518,32.745206698110806,0.0,-3.1036706053529577,-79.452789,-27.934089999999998,0.921818,-1.5502164098,88.61287050067517,60.679296698110804,-0.921818,-1.5534541955529577,-89.00636907207493,107.40143208808675
1723528474.2936382,260.556676864624,1723528474.27779,0.015848159790039062,9.16008150067518,32.745206698110806,0.0,-3.1036706053529577,-79.515208,-28.226843,0.934127,-1.5443207797,88.67528950067518,60.97204969811081,-0.934127,-1.5593498256529577,-89.34416379437522,107.61863410055703
1723528474.3936388,260.65667748451233,1723528474.3603892,0.033249616622924805,9.16008150067518,32.745206698110806,0.0,-3.1036706053529577,-79.575072,-28.516827,0.934467,-1.5370698099,88.73515350067518,61.262033698110805,-0.934467,-1.5666007954529577,-89.75961376129204,107.83245090505427
1723528474.4936376,260.756676197052,1723528474.516213,-0.02257537841796875,9.16008150067518,32.745206698110806,0.0,-3.1036706053529577,-79.657099,-29.075405,0.930355,-1.5228767347,88.81718050067518,61.82061169811081,-0.930355,-1.5807938706529576,-90.57281706856384,108.21804444381785
1723528474.633635,260.8966736793518,1723528474.668912,-0.03527688980102539,9.16008150067518,32.745206698110806,0.0,-3.1036706053529577,-79.749475,-29.640393,0.937758,-1.5080447773999999,88.90955650067518,62.38559969811081,-0.937758,-1.5956258279529578,-91.4226256237721,108.61745567313865
1723528474.733637,260.9966757297516,1723528474.777584,-0.04394698143005371,9.16008150067518,32.745206698110806,0.0,-3.1036706053529577,-79.790909,-29.921830999999997,0.9396960000000001,-1.4998490823,88.95099050067518,62.6670376981108,-0.9396960000000001,-1.6038215230529578,-91.89220436317815,108.81323151841444
1723528474.8336358,261.09667444229126,1723528474.8600576,-0.026421785354614258,9.16008150067518,32.745206698110806,0.0,-3.1036706053529577,-79.83507300000001,-30.194701,0.942647,-1.4931607357,88.99515450067518,62.9399076981108,-0.942647,-1.6105098696529576,-92.2754183952788,109.00668827651064
1723528474.8936357,261.1566743850708,1723528474.8600576,0.03357815742492676,9.16008150067518,32.745206698110806,0.0,-3.1036706053529577,-79.83507300000001,-30.194701,0.942647,-1.4931607357,88.99515450067518,62.9399076981108,-0.942647,-1.6105098696529576,-92.2754183952788,109.00668827651064
1723528475.0336368,261.2966754436493,1723528475.0210598,0.012577056884765625,9.16008150067518,32.745206698110806,0.0,-3.1036706053529577,-79.90604400000001,-30.756864,0.948461,-1.4773542376,89.06612550067518,63.502070698110806,-0.948461,-1.6263163677529577,-93.18106402529037,109.39006935237954
1723528475.1336377,261.3966763019562,1723528475.1014974,0.032140254974365234,9.16008150067518,32.745206698110806,0.0,-3.1036706053529577,-79.926805,-31.022233,0.954144,-1.470116201,89.08688650067518,63.767439698110806,-0.954144,-1.6335544043529577,-93.5957729744316,109.5612618711975
1723528475.2336364,261.49667501449585,1723528475.1846693,0.04896712303161621,9.16008150067518,32.745206698110806,0.0,-3.1036706053529577,-79.94368,-31.283953,0.969545,-1.4620218313,89.10376150067518,64.0291596981108,-0.969545,-1.6416487740529577,-94.05954619606017,109.72763381538128
1723528475.3336375,261.5966761112213,1723528475.3112824,0.022355079650878906,9.16008150067518,32.745206698110806,0.0,-3.1036706053529577,-79.967463,-31.566848999999998,0.962296,-1.455090054,89.12754450067517,64.31205569811081,-0.962296,-1.6485805513529577,-94.45670777987475,109.91217271270892
1723528475.4336364,261.69667506217957,1723528475.4413054,-0.007668972015380859,9.16008150067518,32.745206698110806,0.0,-3.1036706053529577,-79.997257,-31.847471,0.9678800000000001,-1.4466145352,89.15733850067518,64.5926776981108,-0.9678800000000001,-1.6570560701529577,-94.94231923629854,110.1007802535041
1723528475.5336375,261.79667615890503,1723528475.5444765,-0.010838985443115234,9.16008150067518,32.745206698110806,0.0,-3.1036706053529577,-80.020115,-32.127246,0.9760460000000001,-1.4391851719,89.18019650067518,64.8724526981108,-0.9760460000000001,-1.6644854334529577,-95.36799039785792,110.28370338704525
1723528475.6336365,261.8966751098633,1723528475.6251855,0.008450984954833984,9.16008150067518,32.745206698110806,0.0,-3.1036706053529577,-80.03383000000001,-32.386598,0.9841270000000001,-1.4317216530999999,89.19391150067518,65.13180469811081,-0.9841270000000001,-1.6719489522529578,-95.79561852541447,110.4476090188251
1723528475.7336383,261.9966769218445,1723528475.73015,0.003488302230834961,9.16008150067518,32.745206698110806,0.0,-3.1036706053529577,-80.05548,-32.644743999999996,0.96968,-1.4236182031,89.21556150067518,65.3899506981108,-0.96968,-1.6800524022529577,-96.25991200990975,110.61736909493246
1723528475.833637,262.09667563438416,1723528475.8317544,0.0018825531005859375,9.16008150067518,32.745206698110806,0.0,-3.1036706053529577,-80.060619,-32.911474999999996,0.981688,-1.4159658586,89.22070050067518,65.6566816981108,-0.981688,-1.6877047467529578,-96.69835905313991,110.77949702344547
1723528475.9336393,262.1966779232025,1723528475.9543102,-0.02067089080810547,9.16008150067518,32.745206698110806,0.0,-3.1036706053529577,-80.072557,-33.17368,0.9763860000000001,-1.4096871683999999,89.23263850067518,65.91888669811081,-0.9763860000000001,-1.6939834369529578,-97.05810150247007,110.9446561440953
1723528476.033638,262.2966766357422,1723528476.0638435,-0.030205488204956055,9.16008150067518,32.745206698110806,0.0,-3.1036706053529577,-80.083277,-33.436841,0.979846,-1.4013399156,89.24335850067517,66.18204769811081,-0.979846,-1.7023306897529578,-97.53636385843882,111.10985812329507
1723528476.1336389,262.3966774940491,1723528476.148693,-0.01505422592163086,9.16008150067518,32.745206698110806,0.0,-3.1036706053529577,-80.09222100000001,-33.711026,0.982379,-1.3929466354,89.25230250067519,66.4562326981108,-0.982379,-1.7107239699529577,-98.01726339016953,111.28058875921317
1723528476.2336373,262.49667596817017,1723528476.2346938,-0.0010564327239990234,9.16008150067518,32.745206698110806,0.0,-3.1036706053529577,-80.095422,-33.986619,0.986776,-1.3849647713,89.25550350067518,66.73182569811081,-0.986776,-1.7187058340529577,-98.47459051574653,111.44799322121622
1723528476.333638,262.5966765880585,1723528476.3248167,0.008821249008178711,9.16008150067518,32.745206698110806,0.0,-3.1036706053529577,-80.095349,-34.257825,0.99209,-1.3779751128,89.25543050067517,67.0030316981108,-0.99209,-1.7256954925529577,-98.87506844803427,111.61058360732193
1723528476.4336367,262.69667530059814,1723528476.4303052,0.003331422805786133,9.16008150067518,32.745206698110806,0.0,-3.1036706053529577,-80.093082,-34.529292,1.002406,-1.3692801631,89.25316350067517,67.2744986981108,-1.002406,-1.7343904422529577,-99.3732523689228,111.77204564536342
1723528476.5336375,262.79667615890503,1723528476.5333588,0.00027871131896972656,9.16008150067518,32.745206698110806,0.0,-3.1036706053529577,-80.093601,-34.808881,1.004452,-1.3632119698,89.25368250067518,67.5540876981108,-1.004452,-1.7404586355529577,-99.72093423428237,111.94098234550061
1723528476.6236362,262.88667488098145,1723528476.643458,-0.019821643829345703,9.16008150067518,32.745206698110806,0.0,-3.1036706053529577,-80.08474100000001,-35.080543999999996,1.012416,-1.3537369711,89.24482250067518,67.8257506981108,-1.012416,-1.7499336342529577,-100.2638116706843,112.09815246959404
1723528476.7336385,262.99667716026306,1723528476.7459066,-0.01226806640625,9.16008150067518,32.745206698110806,0.0,-3.1036706053529577,-80.07083,-35.359034,1.0168249999999999,-1.3459061759,89.23091150067518,68.1042406981108,-1.0168249999999999,-1.7577644294529577,-100.71248318587561,112.25585553274342
1723528476.8336372,263.09667587280273,1723528476.8315117,0.0021255016326904297,9.16008150067518,32.745206698110806,0.0,-3.1036706053529577,-80.064617,-35.637031,1.0149329999999999,-1.3385741795,89.22469850067517,68.3822376981108,-1.0149329999999999,-1.7650964258529578,-101.13257563500073,112.4197818185563
1723528476.9336395,263.1966781616211,1723528476.933894,-0.0002543926239013672,9.16008150067518,32.745206698110806,0.0,-3.1036706053529577,-80.060255,-35.926607,1.0228199999999998,-1.3316549665,89.22033650067517,68.67181369811081,-1.0228199999999998,-1.7720156388529578,-101.52901733745279,112.59277331442792
1723528477.0336385,263.29667711257935,1723528477.0428975,-0.00925898551940918,9.16008150067518,32.745206698110806,0.0,-3.1036706053529577,-80.043726,-36.211327,1.03134,-1.3250707676,89.20380750067518,68.9565336981108,-1.03134,-1.7785998377529577,-101.90626414589745,112.75365392958139
1723528477.1336393,263.39667797088623,1723528477.1537912,-0.020151853561401367,9.16008150067518,32.745206698110806,0.0,-3.1036706053529577,-80.029792,-36.499409,1.029598,-1.317753505,89.18987350067518,69.2446156981108,-1.029598,-1.7859171003529577,-102.32551241046637,112.91904361216977
1723528477.233638,263.4966766834259,1723528477.2616982,-0.028060197830200195,9.16008150067518,32.745206698110806,0.0,-3.1036706053529577,-80.01310000000001,-36.781404,1.0216509999999999,-1.3098722380999999,89.17318150067518,69.5266106981108,-1.0216509999999999,-1.7937983672529578,-102.77707574105254,113.0789532357141
1723528477.3336387,263.5966773033142,1723528477.365544,-0.031905412673950195,9.16008150067518,32.745206698110806,0.0,-3.1036706053529577,-79.993661,-37.060121,1.0236319999999999,-1.3020151301,89.15374250067518,69.8053276981108,-1.0236319999999999,-1.8016554752529577,-103.22725486863101,113.23524804312814
1723528477.4336371,263.6966757774353,1723528477.4528499,-0.019212722778320312,9.16008150067518,32.745206698110806,0.0,-3.1036706053529577,-79.975133,-37.354177,1.037702,-1.2919568549,89.13521450067518,70.09938369811081,-1.037702,-1.8117137504529577,-103.80355158677212,113.40232309956063
1723528477.563638,263.82667660713196,1723528477.5637474,-0.00010943412780761719,9.16008150067518,32.745206698110806,0.0,-3.1036706053529577,-79.950227,-37.664515,1.036532,-1.2842481961999999,89.11030850067517,70.40972169811081,-1.036532,-1.8194224091529578,-104.24522519598892,113.57486689086605
1723528477.6336367,263.89667534828186,1723528477.6885169,-0.05488014221191406,9.16008150067518,32.745206698110806,0.0,-3.1036706053529577,-79.923913,-37.969775999999996,1.0345959999999998,-1.2769003873,89.08399450067517,70.7149826981108,-1.0345959999999998,-1.8267702180529577,-104.66622363462758,113.7437349618591
1723528477.7336373,263.99667596817017,1723528477.769082,-0.03544473648071289,9.16008150067518,32.745206698110806,0.0,-3.1036706053529577,-79.902199,-38.23753,1.024258,-1.2687914778,89.06228050067517,70.98273669811081,-1.024258,-1.8348791275529577,-105.13082992543112,113.89331772138713
1723528477.8336358,264.09667444229126,1723528477.8511024,-0.01746654510498047,9.16008150067518,32.745206698110806,0.0,-3.1036706053529577,-79.8691,-38.521141,1.035923,-1.2604122797,89.02918150067518,71.2663476981108,-1.035923,-1.8432583256529578,-105.61092261226516,114.04455536925083
1723528477.9336364,264.19667506217957,1723528477.9317014,0.0019350051879882812,9.16008150067518,32.745206698110806,0.0,-3.1036706053529577,-79.840413,-38.824038,1.039774,-1.252150604,89.00049450067517,71.56924469811081,-1.039774,-1.8515200013529578,-106.08428176158095,114.21175919314898
1723528478.0336351,264.29667377471924,1723528478.0323675,0.0012676715850830078,9.16008150067518,32.745206698110806,0.0,-3.1036706053529577,-79.800466,-39.109178,1.0478539999999998,-1.2441270601,88.96054750067518,71.8543846981108,-1.0478539999999998,-1.8595435452529576,-106.54399696378889,114.35965027040481
1723528478.133636,264.3966746330261,1723528478.11382,0.019815921783447266,9.16008150067518,32.745206698110806,0.0,-3.1036706053529577,-79.766875,-39.406545,1.0396489999999998,-1.2347929507,88.92695650067517,72.15175169811081,-1.0396489999999998,-1.8688776546529577,-107.07880203792227,114.52056468434834
1723528478.2336347,264.4966733455658,1723528478.2387407,-0.0051059722900390625,9.16008150067518,32.745206698110806,0.0,-3.1036706053529577,-79.721402,-39.700417,1.023474,-1.2272316711,88.88148350067517,72.44562369811081,-1.023474,-1.8764389342529577,-107.51203144672064,114.6705454827775
1723528478.3336356,264.5966742038727,1723528478.299074,0.0345616340637207,9.16008150067518,32.745206698110806,0.0,-3.1036706053529577,-79.668362,-39.988489,1.021771,-1.2201249412,88.82844350067518,72.73369569811081,-1.021771,-1.8835456641529578,-107.91921707613008,114.81170184538885
1723528478.4636347,264.7266733646393,1723528478.4843729,-0.02073812484741211,9.16008150067518,32.745206698110806,0.0,-3.1036706053529577,-79.567381,-40.591342,1.035618,-1.2023855269,88.72746250067517,73.3365486981108,-1.035618,-1.9012850784529578,-108.9356106465541,115.1168297053086
1723528478.563636,264.8266746997833,1723528478.574564,-0.010927915573120117,9.16008150067518,32.745206698110806,0.0,-3.1036706053529577,-79.511885,-40.881394,1.027347,-1.1941941936,88.67196650067518,73.6266006981108,-1.027347,-1.9094764117529577,-109.40493947322906,115.25905350693421
1723528478.6636353,264.92667388916016,1723528478.6548738,0.008761405944824219,9.16008150067518,32.745206698110806,0.0,-3.1036706053529577,-79.448725,-41.163275999999996,1.0379909999999999,-1.1866361595,88.60880650067517,73.9084826981108,-1.0379909999999999,-1.9170344458529578,-109.83798292857502,115.3909087819622
1723528478.7636359,265.02667450904846,1723528478.764583,-0.0009472370147705078,9.16008150067518,32.745206698110806,0.0,-3.1036706053529577,-79.394315,-41.463407,1.029396,-1.1775348273,88.55439650067518,74.20861369811081,-1.029396,-1.9261357780529578,-110.35945085158154,115.5415905322367
1723528478.863635,265.1266736984253,1723528478.8532343,0.010400772094726562,9.16008150067518,32.745206698110806,0.0,-3.1036706053529577,-79.333001,-41.77111,1.0372439999999998,-1.1681485708,88.49308250067517,74.51631669811081,-1.0372439999999998,-1.9355220345529578,-110.89724373445877,115.6926228410437
1723528478.9636374,265.22667598724365,1723528478.9337702,0.029867172241210938,9.16008150067518,32.745206698110806,0.0,-3.1036706053529577,-79.26758,-42.077835,1.042762,-1.1600739576999999,88.42766150067517,74.82304169811081,-1.042762,-1.9435966476529578,-111.35988498628983,115.8405207171647
1723528479.0636363,265.3266749382019,1723528479.0946941,-0.03105783462524414,9.16008150067518,32.745206698110806,0.0,-3.1036706053529577,-79.138093,-42.668354,1.0289199999999998,-1.1418322289,88.29817450067517,75.41356069811081,-1.0289199999999998,-1.9618383764529577,-112.40505905755205,116.12420692381812
1723528479.1636372,265.4266757965088,1723528479.2096548,-0.04601764678955078,9.16008150067518,32.745206698110806,0.0,-3.1036706053529577,-79.066236,-42.961681999999996,1.031532,-1.1332308778,88.22631750067518,75.7068886981108,-1.031532,-1.9704397275529577,-112.89788017369227,116.26039804828257
1723528479.263639,265.52667760849,1723528479.2096548,0.05398416519165039,9.16008150067518,32.745206698110806,0.0,-3.1036706053529577,-79.066236,-42.961681999999996,1.031532,-1.1332308778,88.22631750067518,75.7068886981108,-1.031532,-1.9704397275529577,-112.89788017369227,116.26039804828257
1723528479.36364,265.62667870521545,1723528479.3179264,0.04571366310119629,9.16008150067518,32.745206698110806,0.0,-3.1036706053529577,-78.993495,-43.266352,1.0381429999999998,-1.1244425006,88.15357650067517,76.0115586981108,-1.0381429999999998,-1.9792281047529576,-113.40141709602126,116.40398552654966
1723528479.4636388,265.7266774177551,1723528479.422999,0.04063987731933594,9.16008150067518,32.745206698110806,0.0,-3.1036706053529577,-78.912098,-43.577766,1.047818,-1.1161712763,88.07217950067518,76.3229726981108,-1.047818,-1.9874993290529577,-113.87532333981731,116.54614058833883
1723528479.56364,265.82667875289917,1723528479.523891,0.0397491455078125,9.16008150067518,32.745206698110806,0.0,-3.1036706053529577,-78.836941,-43.875116,1.0479319999999999,-1.1067930458,87.99702250067517,76.62032269811081,-1.0479319999999999,-1.9968775595529578,-114.41265636676819,116.6843947613544
1723528479.6636388,265.92667746543884,1723528479.6286361,0.035002708435058594,9.16008150067518,32.745206698110806,0.0,-3.1036706053529577,-78.755457,-44.157678,1.045231,-1.0996303089,87.91553850067518,76.9028846981108,-1.045231,-2.004040296452958,-114.82305096090082,116.80876719064364
1723528479.76364,266.0266785621643,1723528479.7339385,0.02970147132873535,9.16008150067518,32.745206698110806,0.0,-3.1036706053529577,-78.667959,-44.462778,1.048987,-1.0922982979,87.82804050067517,77.2079846981108,-1.048987,-2.011372307452958,-115.2431442465443,116.94416604969278
1723528479.8636389,266.12667751312256,1723528479.8452246,0.01841425895690918,9.16008150067518,32.745206698110806,0.0,-3.1036706053529577,-78.58881600000001,-44.756285999999996,1.0483,-1.0854811923,87.74889750067518,77.50149269811081,-1.0483,-2.0181894130529576,-115.63373562591929,117.07881668307603
1723528479.9636414,266.2266800403595,1723528479.9805176,-0.016876220703125,9.16008150067518,32.745206698110806,0.0,-3.1036706053529577,-78.499377,-45.052467,1.0547259999999998,-1.0783213269,87.65945850067517,77.7976736981108,-1.0547259999999998,-2.025349278452958,-116.04396569522105,117.20823838111546
1723528479.9636414,266.2266800403595,1723528479.9805176,-0.016876220703125,9.16008150067518,32.745206698110806,0.0,-3.1036706053529577,-78.499377,-45.052467,1.0547259999999998,-1.0783213269,87.65945850067517,77.7976736981108,-1.0547259999999998,-2.025349278452958,-116.04396569522105,117.20823838111546
1723528480.0636404,266.32667899131775,1723528480.0826309,-0.018990516662597656,9.16008150067518,32.745206698110806,0.0,-3.1036706053529577,-78.41033300000001,-45.339624,1.031817,-1.0717595352,87.57041450067518,78.0848306981108,-1.031817,-2.0319110701529577,-116.41992866567502,117.33236095508424
1723528480.1636407,266.4266793727875,1723528480.1921713,-0.028530597686767578,9.16008150067518,32.745206698110806,0.0,-3.1036706053529577,-78.323702,-45.632478,1.052076,-1.0650447753999999,87.48378350067517,78.37768469811081,-1.052076,-2.0386258299529576,-116.80465606265912,117.46310356081716
1723528480.26364,266.5266785621643,1723528480.2793722,-0.015732288360595703,9.16008150067518,32.745206698110806,0.0,-3.1036706053529577,-78.233202,-45.921155,1.04599,-1.0608659639,87.39328350067518,78.6663616981108,-1.04599,-2.0428046414529577,-117.04408432498985,117.58859025827071
1723528480.3636405,266.6266791820526,1723528480.4046435,-0.04100298881530762,9.16008150067518,32.745206698110806,0.0,-3.1036706053529577,-78.136919,-46.232481,1.042287,-1.0554223942,87.29700050067518,78.9776876981108,-1.042287,-2.0482482111529574,-117.35597789428513,117.72564636792431
1723528480.4636393,266.7266778945923,1723528480.4046435,0.058995723724365234,9.16008150067518,32.745206698110806,0.0,-3.1036706053529577,-78.136919,-46.232481,1.042287,-1.0554223942,87.29700050067518,78.9776876981108,-1.042287,-2.0482482111529574,-117.35597789428513,117.72564636792431
1723528480.5636404,266.82667899131775,1723528480.532114,0.03152632713317871,9.16008150067518,32.745206698110806,0.0,-3.1036706053529577,-78.052561,-46.528656,1.048547,-1.055286942,87.21264250067517,79.2738626981108,-1.048547,-2.0483836633529577,-117.36373873367091,117.86216428456041
1723528480.663639,266.9266777038574,1723528480.6337054,0.029933691024780273,9.16008150067518,32.745206698110806,0.0,-3.1036706053529577,-77.964318,-46.806644999999996,1.046187,-1.0551914248,87.12439950067518,79.5518516981108,-1.046187,-2.048479180552958,-117.36921146610183,117.98412013567942
1723528480.76364,267.0266785621643,1723528480.7343845,0.029255390167236328,9.16008150067518,32.745206698110806,0.0,-3.1036706053529577,-77.881783,-47.087709,1.0472789999999998,-1.0563500907999999,87.04186450067517,79.83291569811081,-1.0472789999999998,-2.0473205145529576,-117.3028247944365,118.11298572942522
1723528480.8636386,267.126677274704,1723528480.8301983,0.033440351486206055,9.16008150067518,32.745206698110806,0.0,-3.1036706053529577,-77.791197,-47.381623,1.0425119999999999,-1.0582881186,86.95127850067517,80.12682969811081,-1.0425119999999999,-2.045382486752958,-117.1917839809175,118.24517115570586
1723528480.9636397,267.22667837142944,1723528480.9399588,0.023680925369262695,9.16008150067518,32.745206698110806,0.0,-3.1036706053529577,-77.702459,-47.658212,1.0454789999999998,-1.0587483854,86.86254050067518,80.40341869811081,-1.0454789999999998,-2.0449222199529578,-117.1654126358275,118.36766326541465
1723528481.0636382,267.32667684555054,1723528481.0501742,0.013463973999023438,9.16008150067518,32.745206698110806,0.0,-3.1036706053529577,-77.616195,-47.936895,1.061975,-1.0592259706,86.77627650067518,80.68210169811081,-1.061975,-2.0444446347529577,-117.13804901950958,118.49409896128395
1723528481.1636393,267.426677942276,1723528481.1639235,-0.0002841949462890625,9.16008150067518,32.745206698110806,0.0,-3.1036706053529577,-77.53203,-48.212106999999996,1.06452,-1.0608950771999999,86.69211150067518,80.9573136981108,-1.06452,-2.0427755281529576,-117.04241625577215,118.6201586598594
1723528481.2636385,267.52667713165283,1723528481.266884,-0.0032455921173095703,9.16008150067518,32.745206698110806,0.0,-3.1036706053529577,-77.452027,-48.489129999999996,1.0732949999999999,-1.0623012713,86.61210850067518,81.23433669811081,-1.0732949999999999,-2.0413693340529577,-116.96184726866596,118.75111266793161
1723528481.3636398,267.6266784667969,1723528481.372067,-0.008427143096923828,9.16008150067518,32.745206698110806,0.0,-3.1036706053529577,-77.373468,-48.763092,1.062654,-1.0639550693,86.53354950067518,81.5082986981108,-1.062654,-2.0397155360529577,-116.86709162309879,118.88139963581338
1723528481.4636385,267.72667717933655,1723528481.4535365,0.010102033615112305,9.16008150067518,32.745206698110806,0.0,-3.1036706053529577,-77.28845100000001,-49.027147,1.054741,-1.0647323738,86.44853250067519,81.7723536981108,-1.054741,-2.0389382315529576,-116.82255535585224,119.00075243218554
1723528481.5636399,267.8266785144806,1723528481.5733418,-0.009701967239379883,9.16008150067518,32.745206698110806,0.0,-3.1036706053529577,-77.206755,-49.288796,1.049845,-1.0667402017,86.36683650067518,82.03400269811081,-1.049845,-2.0369304036529576,-116.70751529119363,119.12140958002485
1723528481.6636388,267.92667746543884,1723528481.694446,-0.0308072566986084,9.16008150067518,32.745206698110806,0.0,-3.1036706053529577,-77.128033,-49.561837,1.04941,-1.0677641423,86.28811450067518,82.3070436981108,-1.04941,-2.0359064630529575,-116.64884781634154,119.2526285150665
1723528481.76364,268.0266785621643,1723528481.778669,-0.015029191970825195,9.16008150067518,32.745206698110806,0.0,-3.1036706053529577,-77.04390000000001,-49.830342,1.06213,-1.068619089,86.20398150067518,82.57554869811081,-1.06213,-2.035051516352958,-116.59986297872292,119.3774509256238
1723528481.8269928,268.09003138542175,1723528481.8638334,-0.03684067726135254,9.16008150067518,32.745206698110806,0.0,-3.1036706053529577,-76.97051,-50.095513,1.0615489999999999,-1.0690152522,86.13059150067518,82.8407196981108,-1.0615489999999999,-2.0346553531529574,-116.5771644993645,119.50811904902756
1723528481.8636389,268.12667751312256,1723528481.8638334,-0.000194549560546875,9.16008150067518,32.745206698110806,0.0,-3.1036706053529577,-76.97051,-50.095513,1.0615489999999999,-1.0690152522,86.13059150067518,82.8407196981108,-1.0615489999999999,-2.0346553531529574,-116.5771644993645,119.50811904902756
1723528481.9636397,268.22667837142944,1723528481.9647195,-0.0010797977447509766,9.16008150067518,32.745206698110806,0.0,-3.1036706053529577,-76.899849,-50.355384,1.0530899999999999,-1.0698036952999999,86.05993050067518,83.1005906981108,-1.0530899999999999,-2.033866910052958,-116.53199003734832,119.63748915245623
1723528482.0636382,268.32667684555054,1723528482.0730982,-0.009459972381591797,9.16008150067518,32.745206698110806,0.0,-3.1036706053529577,-76.818871,-50.609691,1.037513,-1.0728848194,85.97895250067518,83.3548976981108,-1.037513,-2.0307857859529577,-116.35545463026226,119.75598388640563
1723528482.163639,268.4266777038574,1723528482.190268,-0.026628971099853516,9.16008150067518,32.745206698110806,0.0,-3.1036706053529577,-76.74795400000001,-50.870937,1.050783,-1.0748161682,85.90803550067518,83.6161436981108,-1.050783,-2.0288544371529578,-116.2447964952546,119.88725618447306
1723528482.2636378,268.5266764163971,1723528482.190268,0.07336974143981934,9.16008150067518,32.745206698110806,0.0,-3.1036706053529577,-76.74795400000001,-50.870937,1.050783,-1.0748161682,85.90803550067518,83.6161436981108,-1.050783,-2.0288544371529578,-116.2447964952546,119.88725618447306
1723528482.3272128,268.59025144577026,1723528482.3416002,-0.014387369155883789,9.16008150067518,32.745206698110806,0.0,-3.1036706053529577,-76.681377,-51.122575,1.062871,-1.0761273894999999,85.84145850067517,83.8677816981108,-1.062871,-2.027543215852958,-116.16966904875694,120.0153760950977
1723528482.3636389,268.62667751312256,1723528482.3416002,0.022038698196411133,9.16008150067518,32.745206698110806,0.0,-3.1036706053529577,-76.681377,-51.122575,1.062871,-1.0761273894999999,85.84145850067517,83.8677816981108,-1.062871,-2.027543215852958,-116.16966904875694,120.0153760950977
1723528482.5036376,268.76667618751526,1723528482.4649272,0.03871035575866699,9.16008150067518,32.745206698110806,0.0,-3.1036706053529577,-76.604731,-51.365681,1.0623509999999998,-1.0766419193999999,85.76481250067518,84.11088769811082,-1.0623509999999998,-2.027028685952958,-116.14018865705367,120.13065005354537
1723528482.5636384,268.8266770839691,1723528482.5461888,0.017449617385864258,9.16008150067518,32.745206698110806,0.0,-3.1036706053529577,-76.519901,-51.609704,1.0534089999999998,-1.0779214579,85.67998250067518,84.35491069811081,-1.0534089999999998,-2.0257491474529576,-116.06687650127915,120.24109127383839
1723528482.6936371,268.95667576789856,1723528482.6535244,0.04011273384094238,9.16008150067518,32.745206698110806,0.0,-3.1036706053529577,-76.44789300000001,-51.853018,1.054587,-1.0782775241,85.60797450067518,84.59822469811081,-1.054587,-2.0253930812529575,-116.04647541079188,120.36069571883036
1723528482.7936382,269.056676864624,1723528482.7628808,0.030757427215576172,9.16008150067518,32.745206698110806,0.0,-3.1036706053529577,-76.390852,-52.096695,1.0509439999999999,-1.0787882439,85.55093350067517,84.8419016981108,-1.0509439999999999,-2.0248823614529576,-116.01721332173813,120.49155567872786
1723528482.7936382,269.056676864624,1723528482.7628808,0.030757427215576172,9.16008150067518,32.745206698110806,0.0,-3.1036706053529577,-76.390852,-52.096695,1.0509439999999999,-1.0787882439,85.55093350067517,84.8419016981108,-1.0509439999999999,-2.0248823614529576,-116.01721332173813,120.49155567872786
1723528482.87364,269.1366786956787,1723528482.8637729,0.009867191314697266,9.16008150067518,32.745206698110806,0.0,-3.1036706053529577,-76.322211,-52.336245,1.0473649999999999,-1.0799843834,85.48229250067517,85.08145169811081,-1.0473649999999999,-2.023686221952958,-115.94867957667925,120.61166082793228
1723528482.9636412,269.2266798019409,1723528482.9721315,-0.008490324020385742,9.16008150067518,32.745206698110806,0.0,-3.1036706053529577,-76.258315,-52.569328999999996,1.0540019999999999,-1.0796412254,85.41839650067517,85.3145356981108,-1.0540019999999999,-2.0240293799529576,-115.96834108178538,120.73103736134625
1723528483.1036398,269.3666784763336,1723528483.0804696,0.02317023277282715,9.16008150067518,32.745206698110806,0.0,-3.1036706053529577,-76.19013,-52.817219,1.050276,-1.0787365646,85.35021150067517,85.56242569811081,-1.050276,-2.0249340407529575,-116.0201743275163,120.85814153060146
1723528483.1936405,269.45667910575867,1723528483.1618888,0.03175163269042969,9.16008150067518,32.745206698110806,0.0,-3.1036706053529577,-76.12120300000001,-53.057851,1.068431,-1.077411603,85.28128450067518,85.8030576981108,-1.068431,-2.0262590023529574,-116.0960890352132,120.98017912547574
1723528483.2936397,269.5566782951355,1723528483.2665284,0.027111291885375977,9.16008150067518,32.745206698110806,0.0,-3.1036706053529577,-76.047636,-53.28709,1.064574,-1.0752415074,85.20771750067517,86.0322966981108,-1.064574,-2.028429097952958,-116.22042635423314,121.09105877243005
1723528483.4036405,269.66667914390564,1723528483.3767586,0.026881933212280273,9.16008150067518,32.745206698110806,0.0,-3.1036706053529577,-75.978312,-53.508879,1.0540209999999999,-1.0713115257999999,85.13839350067518,86.2540856981108,-1.0540209999999999,-2.0323590795529576,-116.4455977134772,121.19993526302434
1723528483.5036395,269.7666780948639,1723528483.523188,-0.019548654556274414,9.16008150067518,32.745206698110806,0.0,-3.1036706053529577,-75.924554,-53.743065,1.049831,-1.0678794534,85.08463550067518,86.48827169811081,-1.049831,-2.0357911519529575,-116.64224097698052,121.32896803623424
1723528483.6036403,269.8666789531708,1723528483.6103497,-0.00670933723449707,9.16008150067518,32.745206698110806,0.0,-3.1036706053529577,-75.855473,-53.975418,1.0590359999999999,-1.0640726049,85.01555450067518,86.72062469811081,-1.0590359999999999,-2.0395980004529575,-116.86035732927623,121.44641951221598
1723528483.693639,269.9566776752472,1723528483.712822,-0.019182920455932617,9.16008150067518,32.745206698110806,0.0,-3.1036706053529577,-75.770354,-54.199208999999996,1.071642,-1.0601491527,84.93043550067517,86.9444156981108,-1.071642,-2.043521452652958,-117.08515458145757,121.5469403646032
1723528483.79364,270.0566785335541,1723528483.7983534,-0.004713535308837891,9.16008150067518,32.745206698110806,0.0,-3.1036706053529577,-75.692502,-54.426878,1.085122,-1.0541387360999999,84.85258350067518,87.17208469811081,-1.085122,-2.0495318692529576,-117.42952608575293,121.65570585512437
1723528483.8936384,270.15667700767517,1723528483.913516,-0.01987767219543457,9.16008150067518,32.745206698110806,0.0,-3.1036706053529577,-75.630472,-54.650724,1.086579,-1.0482664248,84.79055350067517,87.3959306981108,-1.086579,-2.0554041805529577,-117.7659847392299,121.77301556364236
1723528483.993641,270.2566795349121,1723528484.044402,-0.05076098442077637,9.16008150067518,32.745206698110806,0.0,-3.1036706053529577,-75.55468400000001,-54.861833,1.072409,-1.0406892044,84.71476550067518,87.60703969811081,-1.072409,-2.0629814009529577,-118.20012748859034,121.87179722792321
1723528484.0936396,270.3566782474518,1723528484.044402,0.049237728118896484,9.16008150067518,32.745206698110806,0.0,-3.1036706053529577,-75.55468400000001,-54.861833,1.072409,-1.0406892044,84.71476550067518,87.60703969811081,-1.072409,-2.0629814009529577,-118.20012748859034,121.87179722792321
1723528484.1936402,270.4566788673401,1723528484.2244844,-0.03084421157836914,9.16008150067518,32.745206698110806,0.0,-3.1036706053529577,-75.414025,-55.289257,1.0488499999999998,-1.0264545228,84.57410650067517,88.03446369811081,-1.0488499999999998,-2.0772160825529578,-119.01571466698287,122.08172007030387
1723528484.293639,270.55667757987976,1723528484.3259265,-0.03228759765625,9.16008150067518,32.745206698110806,0.0,-3.1036706053529577,-75.338941,-55.491851,1.0498079999999999,-1.0199456897999999,84.49902250067518,88.2370576981108,-1.0498079999999999,-2.083724915552958,-119.38864332743836,122.17596020341404
1723528484.3936403,270.6566789150238,1723528484.4572208,-0.06358051300048828,9.16008150067518,32.745206698110806,0.0,-3.1036706053529577,-75.256609,-55.707104,1.0783399999999999,-1.0103635352,84.41669050067517,88.45231069811081,-1.0783399999999999,-2.0933070701529575,-119.9376603446602,122.2749022493067
1723528484.493639,270.7566776275635,1723528484.4572208,0.03641819953918457,9.16008150067518,32.745206698110806,0.0,-3.1036706053529577,-75.256609,-55.707104,1.0783399999999999,-1.0103635352,84.41669050067517,88.45231069811081,-1.0783399999999999,-2.0933070701529575,-119.9376603446602,122.2749022493067
1723528484.604638,270.8676767349243,1723528484.563701,0.040937185287475586,9.16008150067518,32.745206698110806,0.0,-3.1036706053529577,-75.182062,-55.912086,1.073041,-0.9983203839,84.34214350067518,88.65729269811081,-1.073041,-2.105350221452958,-120.62768208618772,122.37182737801481
1723528484.6936367,270.9566752910614,1723528484.7364404,-0.04280376434326172,9.16008150067518,32.745206698110806,0.0,-3.1036706053529577,-75.023827,-56.321448,1.059953,-0.9818376021999999,84.18390850067517,89.0666546981108,-1.059953,-2.1218330031529575,-121.57207591223316,122.55987487724015
1723528484.749678,271.01271653175354,1723528484.7364404,0.013237476348876953,9.16008150067518,32.745206698110806,0.0,-3.1036706053529577,-75.023827,-56.321448,1.059953,-0.9818376021999999,84.18390850067517,89.0666546981108,-1.059953,-2.1218330031529575,-121.57207591223316,122.55987487724015
1723528484.793638,271.05667662620544,1723528484.8223038,-0.028665781021118164,9.16008150067518,32.745206698110806,0.0,-3.1036706053529577,-74.932561,-56.532112,1.084682,-0.973530591,84.09264250067518,89.2773186981108,-1.084682,-2.130140014352958,-122.04803259436109,122.65067750204861
1723528484.9046373,271.16767597198486,1723528484.9252021,-0.020564794540405273,9.16008150067518,32.745206698110806,0.0,-3.1036706053529577,-74.837616,-56.718902,1.0672709999999999,-0.9651263918999999,83.99769750067517,89.4641086981108,-1.0672709999999999,-2.138544213452958,-122.52955773297874,122.72155066633472
1723528484.9936385,271.2566771507263,1723528485.0325043,-0.03886580467224121,9.16008150067518,32.745206698110806,0.0,-3.1036706053529577,-74.752937,-56.916855,1.071489,-0.9561759781,83.91301850067518,89.6620616981108,-1.071489,-2.1474946272529576,-123.04237866861436,122.80809448292733
1723528485.1036377,271.3666763305664,1723528485.1305082,-0.0268704891204834,9.16008150067518,32.745206698110806,0.0,-3.1036706053529577,-74.660078,-57.117722,1.0656219999999998,-0.9459995076,83.82015950067517,89.8629286981108,-1.0656219999999998,-2.157671097752958,-123.62544747860377,122.89141810218995
1723528485.2036388,271.46667742729187,1723528485.2342243,-0.030585527420043945,9.16008150067518,32.745206698110806,0.0,-3.1036706053529577,-74.573995,-57.312405999999996,1.069612,-0.9333771613999999,83.73407650067517,90.0576126981108,-1.069612,-2.170293443952958,-124.34865464341676,122.97525459267972
1723528485.2936378,271.55667638778687,1723528485.3324673,-0.03882956504821777,9.16008150067518,32.745206698110806,0.0,-3.1036706053529577,-74.4939,-57.497752999999996,1.0614359999999998,-0.9221718533,83.65398150067517,90.24295969811081,-1.0614359999999998,-2.1814987520529576,-124.9906715056905,123.05651970689019
1723528485.393639,271.6566777229309,1723528485.413883,-0.02024388313293457,9.16008150067518,32.745206698110806,0.0,-3.1036706053529577,-74.388908,-57.679531,1.0800669999999999,-0.9102175351999999,83.54898950067518,90.4247376981108,-1.0800669999999999,-2.193453070152958,-125.67560347977738,123.11877752431008
1723528485.503638,271.7666766643524,1723528485.5248528,-0.021214723587036133,9.16008150067518,32.745206698110806,0.0,-3.1036706053529577,-74.293177,-57.863457,1.080014,-0.8942469619,83.45325850067518,90.6086636981108,-1.080014,-2.2094236434529577,-126.59064992627168,123.18905276759803
1723528485.593639,271.85667753219604,1723528485.6331408,-0.03950190544128418,9.16008150067518,32.745206698110806,0.0,-3.1036706053529577,-74.199861,-58.04264,1.073323,-0.8794987843,83.35994250067517,90.7878466981108,-1.073323,-2.2241718210529577,-127.43565825826106,123.25771839547359
1723528485.7036376,271.966676235199,1723528485.7374585,-0.03382086753845215,9.16008150067518,32.745206698110806,0.0,-3.1036706053529577,-74.09807500000001,-58.219643,1.0673009999999998,-0.8641191417999999,83.25815650067518,90.96484969811081,-1.0673009999999998,-2.239551463552958,-128.3168468639311,123.31935629054918
1723528485.7936385,272.0566771030426,1723528485.8388612,-0.04522275924682617,9.16008150067518,32.745206698110806,0.0,-3.1036706053529577,-73.995707,-58.397357,1.069618,-0.8493612264,83.15578850067517,91.1425636981108,-1.069618,-2.2543093789529576,-129.1624131307622,123.38150656115013
1723528485.9036372,272.16667580604553,1723528485.920447,-0.016809940338134766,9.16008150067518,32.745206698110806,0.0,-3.1036706053529577,-73.889315,-58.576827,1.069883,-0.8348157612,83.04939650067517,91.3220336981108,-1.069883,-2.2688548441529575,-129.99580689777662,123.44254026679349
1723528485.9936385,272.2566771507263,1723528486.0214481,-0.027809619903564453,9.16008150067518,32.745206698110806,0.0,-3.1036706053529577,-73.776877,-58.750929,1.0760109999999998,-0.8210958200999999,82.93695850067517,91.4961356981108,-1.0760109999999998,-2.2825747852529576,-130.78190161797468,123.49590978126338
1723528486.1336389,272.3966774940491,1723528486.103425,0.03021383285522461,9.16008150067518,32.745206698110806,0.0,-3.1036706053529577,-73.671989,-58.923587,1.072137,-0.8052154075,82.83207050067517,91.6687936981108,-1.072137,-2.2984551978529577,-131.69178223688107,123.55350711024916
1723528486.1936388,272.4566774368286,1723528486.2260964,-0.032457590103149414,9.16008150067518,32.745206698110806,0.0,-3.1036706053529577,-73.560912,-59.098328,1.064871,-0.7890567102,82.72099350067518,91.8435346981108,-1.064871,-2.3146138951529576,-132.6176073946005,123.60878440397539
1723528486.3336391,272.59667778015137,1723528486.3129478,0.020691394805908203,9.16008150067518,32.745206698110806,0.0,-3.1036706053529577,-73.442722,-59.251146,1.060098,-0.7754390636999999,82.60280350067518,91.9963526981108,-1.060098,-2.3282315416529578,-133.3978410659516,123.64334136416711
1723528486.3336391,272.59667778015137,1723528486.3129478,0.020691394805908203,9.16008150067518,32.745206698110806,0.0,-3.1036706053529577,-73.442722,-59.251146,1.060098,-0.7754390636999999,82.60280350067518,91.9963526981108,-1.060098,-2.3282315416529578,-133.3978410659516,123.64334136416711
1723528486.393639,272.6566777229309,1723528486.3936822,-4.315376281738281e-05,9.16008150067518,32.745206698110806,0.0,-3.1036706053529577,-73.33062,-59.417116,1.0630499999999998,-0.7589132290999999,82.49070150067517,92.16232269811081,-1.0630499999999998,-2.3447573762529577,-134.34470164146288,123.69211629884381
1723528486.5336387,272.7966773509979,1723528486.546706,-0.013067245483398438,9.16008150067518,32.745206698110806,0.0,-3.1036706053529577,-73.09235,-59.742122,1.064036,-0.7268082766999999,82.25243150067517,92.48732869811082,-1.064036,-2.3768623286529578,-136.18417991545127,123.77600991345192
1723528486.6336377,272.8966763019562,1723528486.687372,-0.05373430252075195,9.16008150067518,32.745206698110806,0.0,-3.1036706053529577,-72.962925,-59.900777,1.060657,-0.7092073992,82.12300650067517,92.6459836981108,-1.060657,-2.394463206152958,-137.19263591192805,123.80868905441248
1723528486.7336361,272.99667477607727,1723528486.687372,0.0462641716003418,9.16008150067518,32.745206698110806,0.0,-3.1036706053529577,-72.962925,-59.900777,1.060657,-0.7092073992,82.12300650067517,92.6459836981108,-1.060657,-2.394463206152958,-137.19263591192805,123.80868905441248
1723528486.833635,273.0966737270355,1723528486.8028998,0.030735254287719727,9.16008150067518,32.745206698110806,0.0,-3.1036706053529577,-72.84075200000001,-60.058481,1.064806,-0.6930779785,82.00083350067518,92.8036876981108,-1.064806,-2.410592626852958,-138.116783644029,123.84585159379208
1723528486.9336362,273.196674823761,1723528486.9063647,0.027271509170532227,9.16008150067518,32.745206698110806,0.0,-3.1036706053529577,-72.706318,-60.218795,1.063326,-0.6753038149999999,81.86639950067517,92.9640016981108,-1.063326,-2.4283667903529578,-139.13516819695448,123.87713122732853
1723528487.0336351,273.29667377471924,1723528487.08466,-0.0510249137878418,9.16008150067518,32.745206698110806,0.0,-3.1036706053529577,-72.444897,-60.516505,1.059904,-0.6425973396999999,81.60497850067517,93.26171169811082,-1.059904,-2.4610732656529577,-141.00911119439334,123.92837762775083
1723528487.1336362,273.3966748714447,1723528487.166554,-0.03291773796081543,9.16008150067518,32.745206698110806,0.0,-3.1036706053529577,-72.308064,-60.670051,1.062014,-0.6261112769,81.46814550067518,93.4152576981108,-1.062014,-2.4775593284529576,-141.95369301362098,123.95401153597179
1723528487.2336352,273.49667382240295,1723528487.2492704,-0.015635251998901367,9.16008150067518,32.745206698110806,0.0,-3.1036706053529577,-72.174085,-60.810325,1.0626019999999998,-0.6097925071,81.33416650067518,93.5555316981108,-1.0626019999999998,-2.493878098252958,-142.8886896500065,123.97182451946964
1723528487.333636,273.59667468070984,1723528487.37308,-0.0394439697265625,9.16008150067518,32.745206698110806,0.0,-3.1036706053529577,-72.04864500000001,-60.945418,1.0606559999999998,-0.5941539358,81.20872650067518,93.69062469811081,-1.0606559999999998,-2.5095166695529576,-143.78471378311093,123.99159409949552
1723528487.433635,273.6966736316681,1723528487.4736624,-0.04002737998962402,9.16008150067518,32.745206698110806,0.0,-3.1036706053529577,-71.917582,-61.080857,1.0589849999999998,-0.5767705109,81.07766350067517,93.8260636981108,-1.0589849999999998,-2.526900094452958,-144.78071066336358,124.00822229610779
1723528487.5336363,273.79667496681213,1723528487.57203,-0.03839373588562012,9.16008150067518,32.745206698110806,0.0,-3.1036706053529577,-71.771566,-61.219538,1.051293,-0.5602826008999999,80.93164750067518,93.9647446981108,-1.051293,-2.5433880044529578,-145.72539831935512,124.01778110547913
1723528487.6336353,273.8966739177704,1723528487.6539342,-0.02029895782470703,9.16008150067518,32.745206698110806,0.0,-3.1036706053529577,-71.622046,-61.343545999999996,1.044803,-0.5446765545,80.78212750067517,94.0887526981108,-1.044803,-2.5589940508529576,-146.61955891296043,124.01426176505024
1723528487.7336361,273.99667477607727,1723528487.7344787,-0.0008425712585449219,9.16008150067518,32.745206698110806,0.0,-3.1036706053529577,-71.467644,-61.453458,1.045578,-0.5293281997,80.62772550067518,94.1986646981108,-1.045578,-2.5743424056529576,-147.49895486546978,123.99722490311393
1723528487.8336356,274.0966742038727,1723528487.8358555,-0.0022199153900146484,9.16008150067518,32.745206698110806,0.0,-3.1036706053529577,-71.31551,-61.569883,1.045264,-0.5125041483,80.47559150067518,94.3150896981108,-1.045264,-2.5911664570529576,-148.46290200500096,123.98689264989234
1723528487.9336364,274.19667506217957,1723528487.961314,-0.027677536010742188,9.16008150067518,32.745206698110806,0.0,-3.1036706053529577,-71.172022,-61.67798,1.042255,-0.49582473390000004,80.33210350067517,94.42318669811081,-1.042255,-2.6078458714529575,-149.41856205487068,123.976091786096
1723528488.0336356,274.2966742515564,1723528488.0487661,-0.01513051986694336,9.16008150067518,32.745206698110806,0.0,-3.1036706053529577,-71.020456,-61.785864,1.0471519999999999,-0.48057353259999996,80.18053750067517,94.5310706981108,-1.0471519999999999,-2.623097072752958,-150.29239152186514,123.96022930173815
1723528488.1336367,274.39667534828186,1723528488.131752,0.0018846988677978516,9.16008150067518,32.745206698110806,0.0,-3.1036706053529577,-70.861874,-61.902425,1.046336,-0.4637921884000001,80.02195550067518,94.64763169811081,-1.046336,-2.6398784169529574,-151.25389171908145,123.94669163490474
1723528488.2336357,274.4966742992401,1723528488.2132788,0.02035689353942871,9.16008150067518,32.745206698110806,0.0,-3.1036706053529577,-70.71780100000001,-62.01535,1.045714,-0.4471817846,79.87788250067518,94.7605566981108,-1.045714,-2.6564888207529576,-152.20559775282953,123.94003685773754
1723528488.3336365,274.596675157547,1723528488.3351154,-0.0014789104461669922,9.16008150067518,32.745206698110806,0.0,-3.1036706053529577,-70.561756,-62.122912,1.0543989999999999,-0.4332894014,79.72183750067518,94.8681186981108,-1.0543989999999999,-2.6703812039529575,-153.00157267756796,123.92192331082543
1723528488.4336352,274.69667387008667,1723528488.4202318,0.01340341567993164,9.16008150067518,32.745206698110806,0.0,-3.1036706053529577,-70.421355,-62.230481,1.060203,-0.41768964960000005,79.58143650067518,94.9756876981108,-1.060203,-2.6859809557529575,-153.89537261715958,123.91412477857915
1723528488.5336359,274.796674489975,1723528488.525007,0.00862884521484375,9.16008150067518,32.745206698110806,0.0,-3.1036706053529577,-70.285698,-62.334351999999996,1.0288819999999999,-0.40042108590000003,79.44577950067517,95.0795586981108,-1.0288819999999999,-2.7032495194529575,-154.8847884354224,123.90646859977618
1723528488.633635,274.8966736793518,1723528488.6336262,8.821487426757812e-06,9.16008150067518,32.745206698110806,0.0,-3.1036706053529577,-70.144374,-62.422034,1.0341239999999998,-0.38892787630000003,79.30445550067518,95.1672406981108,-1.0341239999999998,-2.7147427290529578,-155.54330083856166,123.88329095079006
1723528488.7336357,274.9966742992401,1723528488.7149103,0.01872539520263672,9.16008150067518,32.745206698110806,0.0,-3.1036706053529577,-69.986197,-62.505689,1.059251,-0.3716272734,79.14627850067518,95.25089569811081,-1.059251,-2.7320433319529576,-156.53455236776344,123.84663315762695
1723528488.8336344,275.0966730117798,1723528488.8227162,0.010918140411376953,9.16008150067518,32.745206698110806,0.0,-3.1036706053529577,-69.792694,-62.570422,1.0616729999999999,-0.3562370247,78.95277550067517,95.3156286981108,-1.0616729999999999,-2.7474335806529577,-157.41634866393014,123.7729250803061
1723528488.9336355,275.19667410850525,1723528488.9238052,0.009830236434936523,9.16008150067518,32.745206698110806,0.0,-3.1036706053529577,-69.619079,-62.661145,1.058204,-0.3475521869,78.77916050067518,95.4063516981108,-1.058204,-2.7561184184529575,-157.9139532156258,123.73216182238296
1723528489.0336344,275.2966730594635,1723528489.0198321,0.013802289962768555,9.16008150067518,32.745206698110806,0.0,-3.1036706053529577,-69.474928,-62.765647,1.053262,-0.3324580944,78.63500950067518,95.51085369811081,-1.053262,-2.7712125109529575,-158.7787810114559,123.72104612455331
1723528489.1336355,275.39667415618896,1723528489.1437905,-0.010154962539672852,9.16008150067518,32.745206698110806,0.0,-3.1036706053529577,-69.32430000000001,-62.84619,1.0511359999999998,-0.3156308786,78.48438150067518,95.5913966981108,-1.0511359999999998,-2.7880397267529577,-159.74290945775175,123.6875828413249
1723528489.2336345,275.4966731071472,1723528489.2257087,0.007925748825073242,9.16008150067518,32.745206698110806,0.0,-3.1036706053529577,-69.17138200000001,-62.939776,1.0647659999999999,-0.3047392045,78.33146350067518,95.68498269811082,-1.0647659999999999,-2.7989314008529576,-160.3669564155137,123.663122290884
1723528489.3336358,275.59667444229126,1723528489.333216,0.00041985511779785156,9.16008150067518,32.745206698110806,0.0,-3.1036706053529577,-69.009891,-63.020404,1.0709579999999999,-0.288551388,78.16997250067517,95.7656106981108,-1.0709579999999999,-2.8151192173529576,-161.29444998049593,123.62339480930052
1723528489.433635,275.6966736316681,1723528489.4155293,0.018105745315551758,9.16008150067518,32.745206698110806,0.0,-3.1036706053529577,-68.842738,-63.096744,1.0708369999999998,-0.27295784759999997,78.00281950067517,95.84195069811081,-1.0708369999999998,-2.830712757752958,-162.1878940330827,123.5769640974991
1723528489.5336359,275.796674489975,1723528489.5312095,0.0024263858795166016,9.16008150067518,32.745206698110806,0.0,-3.1036706053529577,-68.680345,-63.165293999999996,1.06001,-0.2568524206,77.84042650067518,95.91050069811081,-1.06001,-2.8468181847529577,-163.11066702743872,123.52764776830097
1723528489.6336355,275.89667415618896,1723528489.6329625,0.0006730556488037109,9.16008150067518,32.745206698110806,0.0,-3.1036706053529577,-68.506091,-63.253862999999996,1.124023,-0.2356101649,77.66617250067517,95.9990696981108,-1.124023,-2.8680604404529575,-164.3277586263864,123.48732388999244
1723528489.7336366,275.99667525291443,1723528489.7372391,-0.0036025047302246094,9.16008150067518,32.745206698110806,0.0,-3.1036706053529577,-68.342004,-63.341041,1.0895819999999998,-0.22215411,77.50208550067518,96.08624769811081,-1.0895819999999998,-2.8815164953529577,-165.09873378105277,123.4517211001588
1723528489.833636,276.09667468070984,1723528489.8442705,-0.010634422302246094,9.16008150067518,32.745206698110806,0.0,-3.1036706053529577,-68.188872,-63.401441999999996,0.999939,-0.21101258369999998,77.34895350067518,96.1466486981108,-0.999939,-2.8926580216529576,-165.73709621537677,123.40193896990137
1723528489.933635,276.1966736316681,1723528489.94479,-0.011154890060424805,9.16008150067518,32.745206698110806,0.0,-3.1036706053529577,-68.02225800000001,-63.442463,0.994635,-0.1896043113,77.18233950067518,96.1876696981108,-0.994635,-2.9140662940529576,-166.96369987056318,123.32952051935324
1723528490.033634,276.29667258262634,1723528490.025848,0.0077860355377197266,9.16008150067518,32.745206698110806,0.0,-3.1036706053529577,-67.829555,-63.495566,1.0476999999999999,-0.1713009768,76.98963650067518,96.2407726981108,-1.0476999999999999,-2.9323696285529577,-168.01240368842937,123.25091534477757
1723528490.1336353,276.3966739177704,1723528490.132815,0.0008203983306884766,9.16008150067518,32.745206698110806,0.0,-3.1036706053529577,-67.637815,-63.549453,1.096773,-0.1558381884,76.79789650067518,96.2946596981108,-1.096773,-2.9478324169529575,-168.8983562032532,123.17378497195298
1723528490.2636344,276.526673078537,1723528490.2583733,0.00526118278503418,9.16008150067518,32.745206698110806,0.0,-3.1036706053529577,-67.44540500000001,-63.609697,1.089392,-0.1388744538,76.60548650067518,96.3549036981108,-1.089392,-2.9647961515529575,-169.87030660061325,123.10099432420112
1723528490.3636358,276.62667441368103,1723528490.3712528,-0.007616996765136719,9.16008150067518,32.745206698110806,0.0,-3.1036706053529577,-67.255616,-63.681208,1.079524,-0.1229726201,76.41569750067518,96.4264146981108,-1.079524,-2.9806979852529576,-170.78141455814216,123.03892736899697
1723528490.4636347,276.7266733646393,1723528490.4739358,-0.01030111312866211,9.16008150067518,32.745206698110806,0.0,-3.1036706053529577,-67.060122,-63.749649,1.064862,-0.1087569392,76.22020350067518,96.4948556981108,-1.064862,-2.9949136661529576,-171.5959130766169,122.9711776350971
1723528490.5636363,276.8266749382019,1723528490.576523,-0.012886762619018555,9.16008150067518,32.745206698110806,0.0,-3.1036706053529577,-66.857944,-63.815001,1.051785,-0.09206680639999999,76.01802550067518,96.56020769811082,-1.051785,-3.0116037989529576,-172.55218724556977,122.89719347247042
1723528490.6636357,276.9266743659973,1723528490.6815302,-0.017894506454467773,9.16008150067518,32.745206698110806,0.0,-3.1036706053529577,-66.654105,-63.860355,1.0534729999999999,-0.07437698329999999,75.81418650067518,96.6055616981108,-1.0534729999999999,-3.0292936220529576,-173.5657394495328,122.80690221289836
1723528490.763637,277.02667570114136,1723528490.8025692,-0.038932085037231445,9.16008150067518,32.745206698110806,0.0,-3.1036706053529577,-66.44797,-63.910292,1.036697,-0.057057566000000004,75.60805150067517,96.6554986981108,-1.036697,-3.0466130393529576,-174.55806896444867,122.71893749938945
1723528490.8636365,277.12667512893677,1723528490.9217443,-0.058107852935791016,9.16008150067518,32.745206698110806,0.0,-3.1036706053529577,-66.24275,-63.953233,1.050269,-0.03881796590000001,75.40283150067518,96.6984396981108,-1.050269,-3.064852639452958,-175.60312107018507,122.62658073737825
1723528490.9636378,277.2266764640808,1723528490.9217443,0.04189348220825195,9.16008150067518,32.745206698110806,0.0,-3.1036706053529577,-66.24275,-63.953233,1.050269,-0.03881796590000001,75.40283150067518,96.6984396981108,-1.050269,-3.064852639452958,-175.60312107018507,122.62658073737825
1723528491.0636373,277.3266758918762,1723528491.022438,0.0411992073059082,9.16008150067518,32.745206698110806,0.0,-3.1036706053529577,-66.02899000000001,-63.987958,1.0619189999999998,-0.0208883676,75.18907150067518,96.73316469811081,-1.0619189999999998,-3.0827822377529577,-176.63041138114,122.52277052698423
1723528491.1636388,277.42667746543884,1723528491.123365,0.04027390480041504,9.16008150067518,32.745206698110806,0.0,-3.1036706053529577,-65.812211,-64.02857,1.0721399999999999,-0.0033428871,74.97229250067518,96.77377669811081,-1.0721399999999999,-3.1003277182529576,-177.63569336331906,122.42204859992422
1723528491.2636383,277.52667689323425,1723528491.224499,0.0391392707824707,9.16008150067518,32.745206698110806,0.0,-3.1036706053529577,-65.609868,-64.062116,1.059439,0.01373488,74.76994950067518,96.80732269811081,-1.059439,-3.1174054853529576,-178.61417734165644,122.32467243898265
1723528491.3636396,277.6266782283783,1723528491.3640554,-0.000415802001953125,9.16008150067518,32.745206698110806,0.0,-3.1036706053529577,-65.406098,-64.093283,1.054439,0.0333904846,74.56617950067518,96.8384896981108,-1.054439,-3.1370610899529576,-179.74036052901437,122.22487493936225
1723528491.4636385,277.72667717933655,1723528491.464741,-0.001102447509765625,9.16008150067518,32.745206698110806,0.0,-3.1036706053529577,-65.177374,-64.132948,1.0371709999999998,0.051700683899999995,74.33745550067518,96.8781546981108,-1.0371709999999998,3.127814017926629,179.21054232905226,122.11678783733706
1723528491.5636399,277.8266785144806,1723528491.592192,-0.02855205535888672,9.16008150067518,32.745206698110806,0.0,-3.1036706053529577,-64.956277,-64.153439,1.029556,0.07232816430000001,74.11635850067518,96.89864569811081,-1.029556,3.107186537526629,178.02867476014342,121.99853327432159
1723528491.6636388,277.92667746543884,1723528491.673035,-0.009396076202392578,9.16008150067518,32.745206698110806,0.0,-3.1036706053529577,-64.706815,-64.177667,1.0066169999999999,0.09008530699999999,73.86689650067518,96.9228736981108,-1.0066169999999999,3.089429394826629,177.0112654272219,121.86621813417403
1723528491.7636402,278.0266788005829,1723528491.7816486,-0.01800847053527832,9.16008150067518,32.745206698110806,0.0,-3.1036706053529577,-64.462841,-64.18849900000001,1.033258,0.10940496790000001,73.62292250067517,96.93370569811081,-1.033258,3.070109733926629,175.90433039602794,121.72734138229976
1723528491.8636389,278.12667751312256,1723528491.9143703,-0.05073142051696777,9.16008150067518,32.745206698110806,0.0,-3.1036706053529577,-64.227467,-64.19434600000001,1.0093509999999999,0.12856124000000002,73.38754850067518,96.93955269811082,-1.0093509999999999,3.0509534618266287,174.80675685349374,121.58958813027519
1723528491.96364,278.226678609848,1723528491.9143703,0.049269676208496094,9.16008150067518,32.745206698110806,0.0,-3.1036706053529577,-64.227467,-64.19434600000001,1.0093509999999999,0.12856124000000002,73.38754850067518,96.93955269811082,-1.0093509999999999,3.0509534618266287,174.80675685349374,121.58958813027519
1723528492.063639,278.3266775608063,1723528492.029945,0.03369402885437012,9.16008150067518,32.745206698110806,0.0,-3.1036706053529577,-63.984638000000004,-64.20219900000001,1.0050919999999999,0.1474806489,73.14471950067518,96.94740569811081,-1.0050919999999999,3.032034052926629,173.72275457264152,121.44941198851069
1723528492.1636405,278.4266791343689,1723528492.15167,0.01197052001953125,9.16008150067518,32.745206698110806,0.0,-3.1036706053529577,-63.75184,-64.208025,1.0104769999999998,0.1633816575,72.91192150067518,96.95323169811081,-1.0104769999999998,3.016133044326629,172.8116938898603,121.31404905201914
1723528492.2636395,278.52667808532715,1723528492.2526302,0.01100921630859375,9.16008150067518,32.745206698110806,0.0,-3.1036706053529577,-63.502055000000006,-64.201801,1.0104259999999998,0.1824537302,72.66213650067519,96.94700769811081,-1.0104259999999998,2.9970609716266288,171.7189446175836,121.15910755350498
1723528492.3636408,278.6266794204712,1723528492.3733554,-0.009714603424072266,9.16008150067518,32.745206698110806,0.0,-3.1036706053529577,-63.251893,-64.20274900000001,1.02619,0.1993236355,72.41197450067519,96.94795569811082,-1.02619,2.980191066326629,170.75237024310823,121.01013689375527
1723528492.46364,278.726678609848,1723528492.4828792,-0.019239187240600586,9.16008150067518,32.745206698110806,0.0,-3.1036706053529577,-63.007558,-64.209117,1.015831,0.2151479321,72.16763950067518,96.95432369811081,-1.015831,2.964366769726629,169.84570483416502,120.86910683660248
1723528492.563641,278.8266797065735,1723528492.6043448,-0.040703773498535156,9.16008150067518,32.745206698110806,0.0,-3.1036706053529577,-62.766956,-64.182907,0.98575,0.23532640140000002,71.92703750067518,96.9281136981108,-0.98575,2.944188300426629,168.6895637062407,120.70430668273576
1723528492.6636403,278.9266788959503,1723528492.7132976,-0.049657344818115234,9.16008150067518,32.745206698110806,0.0,-3.1036706053529577,-62.506532,-64.160492,0.979442,0.2537043992,71.66661350067518,96.90569869811081,-0.979442,2.925810302626629,167.6365819964,120.53122930367697
1723528492.7137158,278.9767544269562,1723528492.7132976,0.0004181861877441406,9.16008150067518,32.745206698110806,0.0,-3.1036706053529577,-62.506532,-64.160492,0.979442,0.2537043992,71.66661350067518,96.90569869811081,-0.979442,2.925810302626629,167.6365819964,120.53122930367697
1723528492.7636414,279.0266799926758,1723528492.8138216,-0.05018019676208496,9.16008150067518,32.745206698110806,0.0,-3.1036706053529577,-62.253672,-64.15066700000001,0.9932840000000001,0.2712278602,71.41375350067518,96.89587369811082,-0.9932840000000001,2.9082868416266288,166.6325616386379,120.37325758606062
1723528492.8636405,279.1266791820526,1723528492.8138216,0.049818992614746094,9.16008150067518,32.745206698110806,0.0,-3.1036706053529577,-62.253672,-64.15066700000001,0.9932840000000001,0.2712278602,71.41375350067518,96.89587369811082,-0.9932840000000001,2.9082868416266288,166.6325616386379,120.37325758606062
1723528492.9636414,279.2266800403595,1723528492.917351,0.04629039764404297,9.16008150067518,32.745206698110806,0.0,-3.1036706053529577,-62.00271,-64.135795,0.997587,0.2907382054,71.16279150067518,96.88100169811081,-0.997587,2.888776496426629,165.51470120183458,120.2125890413333
1723528493.0636404,279.32667899131775,1723528493.065045,-0.0014047622680664062,9.16008150067518,32.745206698110806,0.0,-3.1036706053529577,-61.754784,-64.108141,0.9431930000000001,0.3105489334,70.91486550067518,96.85334769811081,-0.9431930000000001,2.8689657684266288,164.37963009835292,120.04323688715348
1723528493.1636415,279.4266800880432,1723528493.202618,-0.038976430892944336,9.16008150067518,32.745206698110806,0.0,-3.1036706053529577,-61.502229,-64.068852,0.983935,0.3302274354,70.66231050067518,96.81405869811081,-0.983935,2.849287266426629,163.25213498661319,119.86280580304843
1723528493.2636404,279.52667903900146,1723528493.302479,-0.03883862495422363,9.16008150067518,32.745206698110806,0.0,-3.1036706053529577,-61.245751000000006,-64.03657600000001,0.978435,0.35042658720000003,70.40583250067519,96.78178269811082,-0.978435,2.829088114626629,162.0948088387291,119.68563843413585
1723528493.3636413,279.62667989730835,1723528493.302479,0.06116223335266113,9.16008150067518,32.745206698110806,0.0,-3.1036706053529577,-61.245751000000006,-64.03657600000001,0.978435,0.35042658720000003,70.40583250067519,96.78178269811082,-0.978435,2.829088114626629,162.0948088387291,119.68563843413585
1723528493.4636402,279.7266788482666,1723528493.4320872,0.031553030014038086,9.16008150067518,32.745206698110806,0.0,-3.1036706053529577,-60.973048000000006,-63.999546,0.9457920000000001,0.36864153769999997,70.13312950067518,96.7447526981108,-0.9457920000000001,2.810873164126629,161.0511690510394,119.49517793904639
1723528493.5636413,279.82667994499207,1723528493.5555065,0.008134841918945312,9.16008150067518,32.745206698110806,0.0,-3.1036706053529577,-60.716041000000004,-63.94276,0.967541,0.38491712809999995,69.87612250067518,96.68796669811081,-0.967541,2.794597573726629,160.11864641203576,119.29866527137271
1723528493.6636398,279.92667841911316,1723528493.6891406,-0.025500774383544922,9.16008150067518,32.745206698110806,0.0,-3.1036706053529577,-60.453928000000005,-63.894824,0.942543,0.4054714198,69.61400950067518,96.6400306981108,-0.942543,2.774043282026629,158.94097224674496,119.10623090081704
1723528493.803641,280.06667971611023,1723528493.8146803,-0.011039257049560547,9.16008150067518,32.745206698110806,0.0,-3.1036706053529577,-60.194922000000005,-63.855019,0.9316380000000001,0.422233639,69.35500350067518,96.6002256981108,-0.9316380000000001,2.757281062826629,157.98056783131182,118.92261376570757
1723528493.8636403,280.12667894363403,1723528493.8146803,0.048959970474243164,9.16008150067518,32.745206698110806,0.0,-3.1036706053529577,-60.194922000000005,-63.855019,0.9316380000000001,0.422233639,69.35500350067518,96.6002256981108,-0.9316380000000001,2.757281062826629,157.98056783131182,118.92261376570757
1723528494.0036414,280.2666800022125,1723528494.0409799,-0.0373384952545166,9.16008150067518,32.745206698110806,0.0,-3.1036706053529577,-59.681314,-63.703855,0.948702,0.45716369679999996,68.84139550067518,96.4490616981108,-0.948702,2.722351005026629,155.9792229412238,118.50088300266445
1723528494.0636406,280.3266792297363,1723528494.0409799,0.02266073226928711,9.16008150067518,32.745206698110806,0.0,-3.1036706053529577,-59.681314,-63.703855,0.948702,0.45716369679999996,68.84139550067518,96.4490616981108,-0.948702,2.722351005026629,155.9792229412238,118.50088300266445
1723528494.193642,280.45668053627014,1723528494.2039232,-0.01028132438659668,9.16008150067518,32.745206698110806,0.0,-3.1036706053529577,-59.433787,-63.621339,0.94976,0.4769383134,68.59386850067519,96.3665456981108,-0.94976,2.702576388426629,154.84622086855447,118.29003326456373
1723528494.304641,280.567679643631,1723528494.3248188,-0.020177841186523438,9.16008150067518,32.745206698110806,0.0,-3.1036706053529577,-59.199186000000005,-63.53976,0.943376,0.495319949,68.35926750067519,96.28496669811081,-0.943376,2.684194752826629,153.79303072812704,118.0875701484392
1723528494.3936422,280.65668082237244,1723528494.4526591,-0.05901694297790527,9.16008150067518,32.745206698110806,0.0,-3.1036706053529577,-58.966018000000005,-63.46234,0.933662,0.5134892767,68.12609950067518,96.2075466981108,-0.933662,2.6660254251266284,152.75200493432686,117.88947874842484
1723528494.4636412,280.7266798019409,1723528494.4526591,0.010982036590576172,9.16008150067518,32.745206698110806,0.0,-3.1036706053529577,-58.966018000000005,-63.46234,0.933662,0.5134892767,68.12609950067518,96.2075466981108,-0.933662,2.6660254251266284,152.75200493432686,117.88947874842484
1723528494.593642,280.8566806316376,1723528494.553281,0.04036092758178711,9.16008150067518,32.745206698110806,0.0,-3.1036706053529577,-58.727061,-63.386146,0.924158,0.5310325077,67.88714250067518,96.1313526981108,-0.924158,2.648482194126629,151.74685183900382,117.6892312681348
1723528494.693641,280.9566795825958,1723528494.6853194,0.008321523666381836,9.16008150067518,32.745206698110806,0.0,-3.1036706053529577,-58.486199,-63.291117,0.909837,0.5508535114,67.64628050067518,96.0363236981108,-0.909837,2.628661190426629,150.61119198128063,117.47264591551054
1723528494.7936418,281.0566804409027,1723528494.793912,-0.0002701282501220703,9.16008150067518,32.745206698110806,0.0,-3.1036706053529577,-58.244355,-63.201328,0.91725,0.5689756078,67.40443650067517,95.94653469811081,-0.91725,2.610539094026629,149.5728723416314,117.26012505584255
1723528494.8936405,281.1566791534424,1723528494.9147463,-0.02110576629638672,9.16008150067518,32.745206698110806,0.0,-3.1036706053529577,-58.009109,-63.101293999999996,0.926559,0.5862483579000001,67.16919050067519,95.8465006981108,-0.926559,2.593266343926629,148.58321666031725,117.04319869248887
1723528494.9936416,281.25668025016785,1723528495.032691,-0.039049386978149414,9.16008150067518,32.745206698110806,0.0,-3.1036706053529577,-57.782166000000004,-62.994295,0.897642,0.6067832404,66.94224750067518,95.73950169811081,-0.897642,2.5727314614266286,147.40665456027017,116.82517899410375
1723528494.9936416,281.25668025016785,1723528495.032691,-0.039049386978149414,9.16008150067518,32.745206698110806,0.0,-3.1036706053529577,-57.782166000000004,-62.994295,0.897642,0.6067832404,66.94224750067518,95.73950169811081,-0.897642,2.5727314614266286,147.40665456027017,116.82517899410375
1723528495.1036406,281.36667919158936,1723528495.1332972,-0.029656648635864258,9.16008150067518,32.745206698110806,0.0,-3.1036706053529577,-57.547309000000006,-62.902256,0.9027120000000001,0.6234764136000001,66.70739050067519,95.64746269811081,-0.9027120000000001,2.556038288226629,146.45020618922928,116.6152989832424
1723528495.193642,281.45668053627014,1723528495.1332972,0.060344696044921875,9.16008150067518,32.745206698110806,0.0,-3.1036706053529577,-57.547309000000006,-62.902256,0.9027120000000001,0.6234764136000001,66.70739050067519,95.64746269811081,-0.9027120000000001,2.556038288226629,146.45020618922928,116.6152989832424
1723528495.2936409,281.5566794872284,1723528495.2573214,0.03631949424743652,9.16008150067518,32.745206698110806,0.0,-3.1036706053529577,-57.316874000000006,-62.796197,0.894981,0.6404094994,66.47695550067519,95.5414036981108,-0.894981,2.539105202426629,145.48001183875638,116.39650520627538
1723528495.4046419,281.66768050193787,1723528495.3962126,0.008429288864135742,9.16008150067518,32.745206698110806,0.0,-3.1036706053529577,-57.104007,-62.680678,0.893891,0.6575363093000001,66.26408850067519,95.4258846981108,-0.893891,2.521978392526629,144.49871791496352,116.18015293655941
1723528495.4936407,281.75667929649353,1723528495.5188863,-0.02524566650390625,9.16008150067518,32.745206698110806,0.0,-3.1036706053529577,-56.890289,-62.567707999999996,0.880725,0.6747819713000001,66.05037050067519,95.3129146981108,-0.880725,2.5047327305266287,143.51061426745437,115.96542082901884
1723528495.5936415,281.8566801548004,1723528495.6221611,-0.028519630432128906,9.16008150067518,32.745206698110806,0.0,-3.1036706053529577,-56.676970000000004,-62.458588999999996,0.883897,0.6922455632000001,65.83705150067519,95.20379569811081,-0.883897,2.4872691386266284,142.5100241564455,115.75431456121534
1723528495.693641,281.9566795825958,1723528495.7433531,-0.049712181091308594,9.16008150067518,32.745206698110806,0.0,-3.1036706053529577,-56.487583,-62.349042,0.881294,0.7067778922,65.64766450067518,95.0942486981108,-0.881294,2.472736809626629,141.67738303824996,115.55651720680142
1723528495.803642,282.06668066978455,1723528495.7433531,0.06028890609741211,9.16008150067518,32.745206698110806,0.0,-3.1036706053529577,-56.487583,-62.349042,0.881294,0.7067778922,65.64766450067518,95.0942486981108,-0.881294,2.472736809626629,141.67738303824996,115.55651720680142
1723528495.9036415,282.16668009757996,1723528495.889637,0.01400446891784668,9.16008150067518,32.745206698110806,0.0,-3.1036706053529577,-56.309327,-62.23917,0.886846,0.7216643778,65.46940850067519,94.98437669811081,-0.886846,2.4578503240266283,140.82445024158764,115.3649069777487
1723528495.9936423,282.2566809654236,1723528496.011651,-0.018008708953857422,9.16008150067518,32.745206698110806,0.0,-3.1036706053529577,-56.136651,-62.134557,0.89203,0.7356939614,65.29673250067518,94.8797636981108,-0.89203,2.443820740426629,140.02061431298173,115.18085149969579
1723528496.0936413,282.35667991638184,1723528496.094071,-0.0004296302795410156,9.16008150067518,32.745206698110806,0.0,-3.1036706053529577,-55.975421000000004,-62.021346,0.878231,0.7481887391,65.13550250067519,94.76655269811081,-0.878231,2.4313259627266284,139.30471628481752,114.99610639490642
1723528496.1936424,282.4566810131073,1723528496.2111764,-0.01753401756286621,9.16008150067518,32.745206698110806,0.0,-3.1036706053529577,-55.82287,-61.926639,0.8746130000000001,0.7618799559,64.98295150067518,94.67184569811081,-0.8746130000000001,2.417634745926629,138.52026734577893,114.83164764787526
1723528496.2936413,282.55667996406555,1723528496.3127348,-0.01909351348876953,9.16008150067518,32.745206698110806,0.0,-3.1036706053529577,-55.670493,-61.823347999999996,0.87982,0.7744743740000001,64.83057450067518,94.5685546981108,-0.87982,2.405040327826629,137.79866034322578,114.6603201243114
1723528496.404642,282.66768074035645,1723528496.4433992,-0.0387570858001709,9.16008150067518,32.745206698110806,0.0,-3.1036706053529577,-55.51784,-61.723059,0.878047,0.7865339712,64.67792150067518,94.4682656981108,-0.878047,2.392980730626629,137.107696321038,114.49129975762598
1723528496.504641,282.7676796913147,1723528496.5644445,-0.05980348587036133,9.16008150067518,32.745206698110806,0.0,-3.1036706053529577,-55.370244,-61.620374,0.866715,0.8000545176,64.53032550067518,94.3655806981108,-0.866715,2.3794601842266285,136.33302607560717,114.32312506490528
1723528496.5936418,282.856680393219,1723528496.5644445,0.029197216033935547,9.16008150067518,32.745206698110806,0.0,-3.1036706053529577,-55.370244,-61.620374,0.866715,0.8000545176,64.53032550067518,94.3655806981108,-0.866715,2.3794601842266285,136.33302607560717,114.32312506490528
1723528496.703641,282.9666795730591,1723528496.668348,0.035292863845825195,9.16008150067518,32.745206698110806,0.0,-3.1036706053529577,-55.217133000000004,-61.510851,0.8615940000000001,0.8135990012000001,64.37721450067518,94.25605769811081,-0.8615940000000001,2.365915700626629,135.55698432964303,114.14627678499362
1723528496.7936416,283.05668020248413,1723528496.769331,0.024310588836669922,9.16008150067518,32.745206698110806,0.0,-3.1036706053529577,-55.069448,-61.405583,0.8563930000000001,0.8256903669000001,64.22952950067518,94.1507896981108,-0.8563930000000001,2.353824334926629,134.86420010648376,113.97603726058578
1723528496.8936408,283.15667939186096,1723528496.8739097,0.01973104476928711,9.16008150067518,32.745206698110806,0.0,-3.1036706053529577,-54.93396,-61.303891,0.875374,0.8372339117,64.09404150067517,94.04909769811081,-0.875374,2.3422807901266287,134.20280370882358,113.81583902673187
1723528496.993642,283.256680727005,1723528496.9784808,0.015161275863647461,9.16008150067518,32.745206698110806,0.0,-3.1036706053529577,-54.797178,-61.194232,0.869695,0.8500096958000001,63.95725950067518,93.9394386981108,-0.869695,2.3295050060266287,133.47080519992323,113.64816564795865
1723528497.0936413,283.35667991638184,1723528497.0992188,-0.005577564239501953,9.16008150067518,32.745206698110806,0.0,-3.1036706053529577,-54.658229,-61.070555999999996,0.852836,0.8631458473,63.81831050067518,93.8157626981108,-0.852836,2.316368854526629,132.7181591599288,113.46762276099611
1723528497.2336414,283.496680021286,1723528497.2039907,0.02965068817138672,9.16008150067518,32.745206698110806,0.0,-3.1036706053529577,-54.518894,-60.961137,0.8516980000000001,0.8762323350000001,63.67897550067518,93.7063436981108,-0.8516980000000001,2.303282366826629,131.96835864606894,113.29879151856504
1723528497.2936413,283.55667996406555,1723528497.3303635,-0.03672218322753906,9.16008150067518,32.745206698110806,0.0,-3.1036706053529577,-54.381682000000005,-60.850094999999996,0.841373,0.8889521921,63.54176350067519,93.5953016981108,-0.841373,2.2905625097266284,131.2395645182294,113.12976671619742
1723528497.3936427,283.6566812992096,1723528497.4312541,-0.03761148452758789,9.16008150067518,32.745206698110806,0.0,-3.1036706053529577,-54.246641000000004,-60.738779,0.8478260000000001,0.901334438,63.40672250067519,93.48398569811081,-0.8478260000000001,2.278180263826629,130.53011408726624,112.96188228428426
1723528497.4936419,283.7566804885864,1723528497.4312541,0.062387704849243164,9.16008150067518,32.745206698110806,0.0,-3.1036706053529577,-54.246641000000004,-60.738779,0.8478260000000001,0.901334438,63.40672250067519,93.48398569811081,-0.8478260000000001,2.278180263826629,130.53011408726624,112.96188228428426
1723528497.5936427,283.8566813468933,1723528497.5609043,0.032738447189331055,9.16008150067518,32.745206698110806,0.0,-3.1036706053529577,-54.114244,-60.623007,0.8459840000000001,0.9131847919,63.274325500675175,93.36821369811081,-0.8459840000000001,2.266329909926629,129.85113882305984,112.79175185123128
1723528497.7336426,283.9966812133789,1723528497.691987,0.041655540466308594,9.16008150067518,32.745206698110806,0.0,-3.1036706053529577,-53.981501,-60.506275,0.846225,0.9260506008,63.141582500675185,93.25148169811081,-0.846225,2.2534641010266285,129.113982273068,112.6206658492716
1723528497.7936425,284.05668115615845,1723528497.792717,0.0009255409240722656,9.16008150067518,32.745206698110806,0.0,-3.1036706053529577,-53.854653,-60.384867,0.845219,0.9379572619000001,63.014734500675175,93.1300736981108,-0.845219,2.241557439926629,128.4317808439454,112.4490186100532
1723528497.9336424,284.19668102264404,1723528497.9148858,0.018756628036499023,9.16008150067518,32.745206698110806,0.0,-3.1036706053529577,-53.726737,-60.256473,0.848974,0.9489653921000002,62.886818500675176,93.0016796981108,-0.848974,2.2305493097266287,127.8010614431549,112.2710342192479
1723528498.0336413,284.2966799736023,1723528498.0040188,0.029622554779052734,9.16008150067518,32.745206698110806,0.0,-3.1036706053529577,-53.596734000000005,-60.133818999999995,0.838429,0.9614743846,62.75681550067519,92.87902569811081,-0.838429,2.2180403172266288,127.08434896694409,112.09653995375663
1723528498.0936413,284.35667991638184,1723528498.1318185,-0.0381772518157959,9.16008150067518,32.745206698110806,0.0,-3.1036706053529577,-53.479099000000005,-60.019386,0.834126,0.973064381,62.63918050067518,92.7645926981108,-0.834126,2.206450320826629,126.42029108865229,111.93584036592762
1723528498.1936424,284.4566810131073,1723528498.1318185,0.06182384490966797,9.16008150067518,32.745206698110806,0.0,-3.1036706053529577,-53.479099000000005,-60.019386,0.834126,0.973064381,62.63918050067518,92.7645926981108,-0.834126,2.206450320826629,126.42029108865229,111.93584036592762
1723528498.3336425,284.5966811180115,1723528498.378356,-0.044713497161865234,9.16008150067518,32.745206698110806,0.0,-3.1036706053529577,-53.250333000000005,-59.7844,0.832431,0.9966169845,62.41041450067519,92.5296066981108,-0.832431,2.1828977173266293,125.07082631155725,111.61308568094925
1723528498.4336414,284.6966800689697,1723528498.4594994,-0.025857925415039062,9.16008150067518,32.745206698110806,0.0,-3.1036706053529577,-53.120055,-59.669523999999996,0.814832,1.0057417142,62.280136500675184,92.4147306981108,-0.814832,2.1737729876266294,124.54801781054958,111.4448823577615
1723528498.5336423,284.7966809272766,1723528498.5635033,-0.029860973358154297,9.16008150067518,32.745206698110806,0.0,-3.1036706053529577,-53.004494,-59.560423,0.817071,1.0158916969,62.164575500675184,92.3056296981108,-0.817071,2.1636230049266287,123.96646663970874,111.2898527547006
1723528498.6336412,284.89667987823486,1723528498.6712577,-0.03761649131774902,9.16008150067518,32.745206698110806,0.0,-3.1036706053529577,-52.889515,-59.448659,0.83221,1.029130147,62.04959650067518,92.19386569811081,-0.83221,2.1503845548266285,123.20795932168419,111.13304581330432
1723528498.7336426,284.9966812133789,1723528498.6712577,0.062384843826293945,9.16008150067518,32.745206698110806,0.0,-3.1036706053529577,-52.889515,-59.448659,0.83221,1.029130147,62.04959650067518,92.19386569811081,-0.83221,2.1503845548266285,123.20795932168419,111.13304581330432
1723528498.7336426,284.9966812133789,1723528498.6712577,0.062384843826293945,9.16008150067518,32.745206698110806,0.0,-3.1036706053529577,-52.889515,-59.448659,0.83221,1.029130147,62.04959650067518,92.19386569811081,-0.83221,2.1503845548266285,123.20795932168419,111.13304581330432
1723528498.8336415,285.09668016433716,1723528498.7962384,0.037403106689453125,9.16008150067518,32.745206698110806,0.0,-3.1036706053529577,-52.762304,-59.318011999999996,0.866333,1.0449504256,61.922385500675176,92.0632186981108,-0.866333,2.134564276226629,122.30152412718307,110.9539030229099
1723528498.9336429,285.1966814994812,1723528498.9155252,0.018117666244506836,9.16008150067518,32.745206698110806,0.0,-3.1036706053529577,-52.676964000000005,-59.185083999999996,0.86041,1.0567608649,61.83704550067519,91.93029069811081,-0.86041,2.1227538369266292,121.62483580109766,110.79593336156266
1723528499.033642,285.29668068885803,1723528499.0235415,0.010100603103637695,9.16008150067518,32.745206698110806,0.0,-3.1036706053529577,-52.589586000000004,-59.061821,0.854549,1.0660705945,61.74966750067519,91.8070276981108,-0.854549,2.1134441073266292,121.09142758660964,110.64484635625388
1723528499.1336432,285.3966817855835,1723528499.134847,-0.001203775405883789,9.16008150067518,32.745206698110806,0.0,-3.1036706053529577,-52.473465000000004,-58.927254,0.7940740000000001,1.0760626474000001,61.63354650067518,91.6724606981108,-0.7940740000000001,2.103452054426629,120.51892512676817,110.46793497759897
1723528499.233642,285.49668073654175,1723528499.2621498,-0.028507709503173828,9.16008150067518,32.745206698110806,0.0,-3.1036706053529577,-52.377121,-58.811386,0.7907540000000001,1.0841897145000001,61.53720250067518,91.5565926981108,-0.7907540000000001,2.0953249873266286,120.05327848211853,110.31800510336187
1723528499.3336432,285.5966818332672,1723528499.3923795,-0.058736324310302734,9.16008150067518,32.745206698110806,0.0,-3.1036706053529577,-52.292047000000004,-58.703089,0.817899,1.0959113811,61.45212850067519,91.4482956981108,-0.817899,2.083603320726629,119.38167645707908,110.18086876643697
1723528499.433642,285.6966805458069,1723528499.3923795,0.04126238822937012,9.16008150067518,32.745206698110806,0.0,-3.1036706053529577,-52.292047000000004,-58.703089,0.817899,1.0959113811,61.45212850067519,91.4482956981108,-0.817899,2.083603320726629,119.38167645707908,110.18086876643697
1723528499.5336428,285.79668140411377,1723528499.522032,0.011610746383666992,9.16008150067518,32.745206698110806,0.0,-3.1036706053529577,-52.229049,-58.589742,0.840211,1.1117091912000001,61.38913050067518,91.33494869811081,-0.840211,2.0678055106266293,118.47652861279995,110.05182484556984
1723528499.6336415,285.89668011665344,1723528499.61531,0.018331527709960938,9.16008150067518,32.745206698110806,0.0,-3.1036706053529577,-52.147158000000005,-58.463107,0.835646,1.123208374,61.30723950067518,91.2083136981108,-0.835646,2.0563063278266287,117.8176739705105,109.90101185650407
1723528499.7336428,285.9966814517975,1723528499.7218237,0.011819124221801758,9.16008150067518,32.745206698110806,0.0,-3.1036706053529577,-52.045968,-58.357849,0.8277,1.1323655154,61.20604950067518,91.10305569811081,-0.8277,2.0471491864266285,117.29300841588596,109.75715165902484
1723528499.8336418,286.09668040275574,1723528499.8261244,0.007517337799072266,9.16008150067518,32.745206698110806,0.0,-3.1036706053529577,-51.926362000000005,-58.256595,0.819832,1.1495561632,61.08644350067519,91.0018016981108,-0.819832,2.029958538626629,116.30805684985013,109.60635755453096
1723528499.9336429,286.1966814994812,1723528499.9536493,-0.020006418228149414,9.16008150067518,32.745206698110806,0.0,-3.1036706053529577,-51.838849,-58.150527,0.814959,1.1619420538,60.998930500675186,90.8957336981108,-0.814959,2.0175726480266283,115.59839759295934,109.46948472024411
1723528500.033642,286.29668068885803,1723528500.0615315,-0.027889490127563477,9.16008150067518,32.745206698110806,0.0,-3.1036706053529577,-51.771019,-58.0516,0.824241,1.1685207137,60.931100500675186,90.7968066981108,-0.824241,2.010993988126629,115.22146814583742,109.3496158567718
1723528500.1336432,286.3966817855835,1723528500.1649487,-0.031305551528930664,9.16008150067518,32.745206698110806,0.0,-3.1036706053529577,-51.697479,-57.957874,0.8286530000000001,1.1793264218000001,60.85756050067518,90.7030806981108,-0.8286530000000001,2.0001882800266286,114.60234667705707,109.23084813373805
1723528500.2336423,286.4966809749603,1723528500.301408,-0.06776571273803711,9.16008150067518,32.745206698110806,0.0,-3.1036706053529577,-51.652865000000006,-57.847741,0.822902,1.1881700414,60.81294650067518,90.5929476981108,-0.822902,1.991344660426629,114.09564459835792,109.11449858945522
1723528500.3336434,286.5966820716858,1723528500.301408,0.03223538398742676,9.16008150067518,32.745206698110806,0.0,-3.1036706053529577,-51.652865000000006,-57.847741,0.822902,1.1881700414,60.81294650067518,90.5929476981108,-0.822902,1.991344660426629,114.09564459835792,109.11449858945522
1723528500.4336426,286.6966812610626,1723528500.4325056,0.0011370182037353516,9.16008150067518,32.745206698110806,0.0,-3.1036706053529577,-51.606779,-57.729929999999996,0.802112,1.1971603528,60.76686050067518,90.4751366981108,-0.802112,1.982354349026629,113.58053769862958,108.99084860349927
1723528500.5336435,286.7966821193695,1723528500.5339675,-0.00032401084899902344,9.16008150067518,32.745206698110806,0.0,-3.1036706053529577,-51.533606,-57.608835,0.8069930000000001,1.2121627237,60.69368750067518,90.3540416981108,-0.8069930000000001,1.9673519781266287,112.72096516336967,108.84956495694233
1723528500.6336427,286.89668130874634,1723528500.6215107,0.012131929397583008,9.16008150067518,32.745206698110806,0.0,-3.1036706053529577,-51.474417,-57.476735,0.820758,1.2287093077,60.63449850067518,90.22194169811081,-0.820758,1.9508053941266292,111.77291573481101,108.70701364631563
1723528500.7336435,286.9966821670532,1723528500.7314463,0.002197265625,9.16008150067518,32.745206698110806,0.0,-3.1036706053529577,-51.417582,-57.340326,0.826559,1.2341138656000001,60.577663500675186,90.0855326981108,-0.826559,1.9454008362266288,111.4632573770069,108.56214679382452
1723528500.8336425,287.0966811180115,1723528500.836849,-0.003206491470336914,9.16008150067518,32.745206698110806,0.0,-3.1036706053529577,-51.346486,-57.226642,0.8444090000000001,1.2432132159,60.506567500675175,89.9718486981108,-0.8444090000000001,1.9363014859266292,110.94190300850582,108.42827719478339
1723528500.933643,287.1966817378998,1723528500.9647112,-0.031068086624145508,9.16008150067518,32.745206698110806,0.0,-3.1036706053529577,-51.275988000000005,-57.105326,0.841724,1.2574879448,60.43606950067519,89.85053269811081,-0.841724,1.922026757026629,110.12402128884239,108.28825061897018
1723528501.0336418,287.29668045043945,1723528501.0897963,-0.056154489517211914,9.16008150067518,32.745206698110806,0.0,-3.1036706053529577,-51.20621,-56.994742,0.801733,1.2745009339,60.366291500675175,89.73994869811081,-0.801733,1.9050137679266286,109.1492488165103,108.15724810518867
1723528501.133643,287.3966815471649,1723528501.0897963,0.04384660720825195,9.16008150067518,32.745206698110806,0.0,-3.1036706053529577,-51.20621,-56.994742,0.801733,1.2745009339,60.366291500675175,89.73994869811081,-0.801733,1.9050137679266286,109.1492488165103,108.15724810518867
1723528501.2336416,287.4966802597046,1723528501.2153635,0.018278121948242188,9.16008150067518,32.745206698110806,0.0,-3.1036706053529577,-51.121446,-56.873912,0.778849,1.2958536684,60.28152750067518,89.61911869811081,-0.778849,1.8836610334266288,107.92582724859692,108.00951624651196
1723528501.3336427,287.59668135643005,1723528501.301984,0.03165864944458008,9.16008150067518,32.745206698110806,0.0,-3.1036706053529577,-51.046202,-56.739238,0.8029080000000001,1.3125536435,60.206283500675184,89.4844446981108,-0.8029080000000001,1.866961058326629,106.96898915739335,107.85595522338758
1723528501.4336414,287.6966800689697,1723528501.4097836,0.023857831954956055,9.16008150067518,32.745206698110806,0.0,-3.1036706053529577,-50.985284,-56.59274,0.8195870000000001,1.3271905208,60.14536550067518,89.33794669811081,-0.8195870000000001,1.8523241810266289,106.13035786285252,107.7005359053281
1723528501.5336423,287.7966809272766,1723528501.5331767,0.00046563148498535156,9.16008150067518,32.745206698110806,0.0,-3.1036706053529577,-50.913993000000005,-56.437540999999996,0.808636,1.346196389,60.07407450067518,89.1827476981108,-0.808636,1.833318312826629,105.04140182901062,107.53190599202665
1723528501.6636415,287.9266800880432,1723528501.6617954,0.0018460750579833984,9.16008150067518,32.745206698110806,0.0,-3.1036706053529577,-50.854036,-56.283236,0.800767,1.3657474585,60.014117500675184,89.02844269811081,-0.800767,1.8137672433266288,103.92120806169366,107.37038295742423
1723528501.7336423,287.9966809749603,1723528501.7654145,-0.03177213668823242,9.16008150067518,32.745206698110806,0.0,-3.1036706053529577,-50.803329000000005,-56.122954,0.8030470000000001,1.3854341817,59.96341050067518,88.86816069811081,-0.8030470000000001,1.7940805201266292,102.7932419098914,107.20916690853417
1723528501.8636415,288.12668013572693,1723528501.8763332,-0.012691736221313477,9.16008150067518,32.745206698110806,0.0,-3.1036706053529577,-50.742046,-55.939676999999996,0.825914,1.405879139,59.90212750067518,88.68488369811081,-0.825914,1.7736355628266287,101.62183214427618,107.02315454886377
1723528501.9636428,288.226681470871,1723528501.960666,0.0029768943786621094,9.16008150067518,32.745206698110806,0.0,-3.1036706053529577,-50.686387,-55.754137,0.810478,1.4280660198000001,59.846468500675186,88.4993436981108,-0.810478,1.751448682026629,100.35061751387637,106.83815096484558
1723528502.033642,288.29668068885803,1723528502.0730987,-0.03945660591125488,9.16008150067518,32.745206698110806,0.0,-3.1036706053529577,-50.634051,-55.583379,0.8068620000000001,1.4481025756,59.794132500675175,88.3285856981108,-0.8068620000000001,1.7314121262266282,99.20260743055795,106.6673725148597
1723528502.1636431,288.42668175697327,1723528502.1947775,-0.031134366989135742,9.16008150067518,32.745206698110806,0.0,-3.1036706053529577,-50.578725000000006,-55.393336,0.804811,1.4693640789,59.73880650067518,88.1385426981108,-0.804811,1.7101506229266283,97.98441302536449,106.47899056535769
1723528502.2636423,288.5266809463501,1723528502.3208857,-0.05724334716796875,9.16008150067518,32.745206698110806,0.0,-3.1036706053529577,-50.528468000000004,-55.195719,0.804725,1.4897998878,59.68854950067518,87.9409256981108,-0.804725,1.689714814026629,96.81352742445863,106.2872378814165
1723528502.3636434,288.62668204307556,1723528502.3208857,0.04275774955749512,9.16008150067518,32.745206698110806,0.0,-3.1036706053529577,-50.528468000000004,-55.195719,0.804725,1.4897998878,59.68854950067518,87.9409256981108,-0.804725,1.689714814026629,96.81352742445863,106.2872378814165
1723528502.4636421,288.72668075561523,1723528502.5026588,-0.0390167236328125,9.16008150067518,32.745206698110806,0.0,-3.1036706053529577,-50.441595,-54.782417,0.8060050000000001,1.5273089055,59.60167650067518,87.5276236981108,-0.8060050000000001,1.6522057963266283,94.6644190165671,105.89662126805203
1723528502.4636421,288.72668075561523,1723528502.5026588,-0.0390167236328125,9.16008150067518,32.745206698110806,0.0,-3.1036706053529577,-50.441595,-54.782417,0.8060050000000001,1.5273089055,59.60167650067518,87.5276236981108,-0.8060050000000001,1.6522057963266283,94.6644190165671,105.89662126805203
1723528502.563643,288.8266816139221,1723528502.603518,-0.039875030517578125,9.16008150067518,32.745206698110806,0.0,-3.1036706053529577,-50.399814,-54.557409,0.807362,1.5434877368,59.55989550067518,87.3026156981108,-0.807362,1.6360269650266288,93.73744026562296,105.68717847110128
1723528502.6636443,288.92668294906616,1723528502.705449,-0.04180479049682617,9.16008150067518,32.745206698110806,0.0,-3.1036706053529577,-50.360225,-54.335797,0.800909,1.555881596,59.520306500675176,87.0810036981108,-0.800909,1.6236331058266285,93.02732444158356,105.481797226967
1723528502.7636454,289.0266840457916,1723528502.810971,-0.04732561111450195,9.16008150067518,32.745206698110806,0.0,-3.1036706053529577,-50.330327000000004,-54.111942,0.7890170000000001,1.5671770151,59.49040850067519,86.8571486981108,-0.7890170000000001,1.6123376867266288,92.38014459932212,105.28008136095464
1723528502.8636441,289.1266827583313,1723528502.810971,0.0526731014251709,9.16008150067518,32.745206698110806,0.0,-3.1036706053529577,-50.330327000000004,-54.111942,0.7890170000000001,1.5671770151,59.49040850067519,86.8571486981108,-0.7890170000000001,1.6123376867266288,92.38014459932212,105.28008136095464
1723528502.9636455,289.22668409347534,1723528502.9176116,0.04603385925292969,9.16008150067518,32.745206698110806,0.0,-3.1036706053529577,-50.283037,-53.889846,0.7949860000000001,1.5767837971,59.44311850067518,86.6350526981108,-0.7949860000000001,1.6027309047266292,91.8297165360199,105.0702084124227
1723528503.0636442,289.326682806015,1723528503.012516,0.05112814903259277,9.16008150067518,32.745206698110806,0.0,-3.1036706053529577,-50.240319,-53.651616,0.792342,1.5847865173,59.400400500675175,86.39682269811081,-0.792342,1.5947281845266288,91.37119444393578,104.84963689881988
1723528503.1636455,289.42668414115906,1723528503.1148853,0.048760175704956055,9.16008150067518,32.745206698110806,0.0,-3.1036706053529577,-50.205679,-53.415912999999996,0.788216,1.5911584202,59.36576050067518,86.16111969811081,-0.788216,1.588356281626629,91.00611130029863,104.63581295100812
1723528503.1636455,289.42668414115906,1723528503.1148853,0.048760175704956055,9.16008150067518,32.745206698110806,0.0,-3.1036706053529577,-50.205679,-53.415912999999996,0.788216,1.5911584202,59.36576050067518,86.16111969811081,-0.788216,1.588356281626629,91.00611130029863,104.63581295100812
1723528503.2636447,289.5266833305359,1723528503.225438,0.03820657730102539,9.16008150067518,32.745206698110806,0.0,-3.1036706053529577,-50.156537,-53.172303,0.7864920000000001,1.5975155563,59.316618500675176,85.9175096981108,-0.7864920000000001,1.581999145526629,90.64187423197836,104.40736694671342
1723528503.3636458,289.62668442726135,1723528503.3238673,0.03977847099304199,9.16008150067518,32.745206698110806,0.0,-3.1036706053529577,-50.116992,-52.920284,0.791265,1.6035654422,59.277073500675186,85.6654906981108,-0.791265,1.5759492596266285,90.29524130337263,104.17760718913054
1723528503.463645,289.7266836166382,1723528503.4257927,0.03785228729248047,9.16008150067518,32.745206698110806,0.0,-3.1036706053529577,-50.078703000000004,-52.654497,0.785197,1.6081006394000001,59.23878450067518,85.39970369811081,-0.785197,1.5714140624266284,90.03539364455308,103.93728645279981
1723528503.5636458,289.82668447494507,1723528503.513807,0.04983878135681152,9.16008150067518,32.745206698110806,0.0,-3.1036706053529577,-50.035634,-52.393476,0.7768780000000001,1.6139572182,59.19571550067518,85.13868269811081,-0.7768780000000001,1.5655574836266288,89.69983639692731,103.69827175335833
1723528503.6536453,289.9166839122772,1723528503.6212687,0.03237652778625488,9.16008150067518,32.745206698110806,0.0,-3.1036706053529577,-49.99944,-52.145633,0.767248,1.6178975584,59.15952150067518,84.8908396981108,-0.767248,1.561617143426629,89.4740715336216,103.47411424280324
1723528503.7636464,290.02668499946594,1723528503.8008366,-0.03719019889831543,9.16008150067518,32.745206698110806,0.0,-3.1036706053529577,-49.918522,-51.616749,0.7759980000000001,1.6239725216,59.078603500675186,84.3619556981108,-0.7759980000000001,1.5555421802266285,89.12600178156427,102.9942868983324
1723528503.8636456,290.1266841888428,1723528503.9129686,-0.049323081970214844,9.16008150067518,32.745206698110806,0.0,-3.1036706053529577,-49.872727000000005,-51.367131,0.76122,1.625164556,59.03280850067519,84.1123376981108,-0.76122,1.5543501458266287,89.05770324140987,102.76350173289553
1723528503.9636462,290.2266848087311,1723528504.0138054,-0.05015921592712402,9.16008150067518,32.745206698110806,0.0,-3.1036706053529577,-49.83688,-51.101417,0.7586550000000001,1.6239099872,58.996961500675184,83.8466236981108,-0.7586550000000001,1.555604714626629,89.12958473875868,102.52547648898673
1723528504.0636451,290.32668375968933,1723528504.0138054,0.04983973503112793,9.16008150067518,32.745206698110806,0.0,-3.1036706053529577,-49.83688,-51.101417,0.7586550000000001,1.6239099872,58.996961500675184,83.8466236981108,-0.7586550000000001,1.555604714626629,89.12958473875868,102.52547648898673
1723528504.1636462,290.4266848564148,1723528504.203444,-0.03979778289794922,9.16008150067518,32.745206698110806,0.0,-3.1036706053529577,-49.744231,-50.596942999999996,0.7616550000000001,1.6184528636,58.904312500675175,83.3421496981108,-0.7616550000000001,1.5610618382266284,89.44225488931988,102.05984551143771
1723528504.2636452,290.52668380737305,1723528504.2840154,-0.0203702449798584,9.16008150067518,32.745206698110806,0.0,-3.1036706053529577,-49.707503,-50.338938999999996,0.764356,1.6163761552,58.86758450067518,83.0841456981108,-0.764356,1.563138546626629,89.56124151591929,101.82805120114875
1723528504.3636463,290.6266849040985,1723528504.390012,-0.02636575698852539,9.16008150067518,32.745206698110806,0.0,-3.1036706053529577,-49.665984,-50.071681999999996,0.764383,1.6135917407,58.826065500675185,82.8168886981108,-0.764383,1.5659229611266288,89.7207767151843,101.58605867586205
1723528504.463645,290.7266836166382,1723528504.4935226,-0.029877662658691406,9.16008150067518,32.745206698110806,0.0,-3.1036706053529577,-49.618181,-49.823101,0.75295,1.6121879350000001,58.77826250067518,82.5683076981108,-0.75295,1.5673267668266286,89.80120885705071,101.35569304400558
1723528504.5636456,290.8266842365265,1723528504.5823,-0.018654346466064453,9.16008150067518,32.745206698110806,0.0,-3.1036706053529577,-49.572398,-49.560618999999996,0.751653,1.6095945551,58.73247950067518,82.3058256981108,-0.751653,1.569920146726629,89.94979857999479,101.11537011937124
1723528504.663645,290.9266836643219,1723528504.7007136,-0.03706860542297363,8.779585203928002,22.304750609552702,0.0,-3.1031102570741944,-49.51842,-49.298615999999996,0.7495930000000001,1.6075765643,58.298005203928,71.6033666095527,-0.7495930000000001,1.572498485805392,90.09752652736155,92.33775722988334
1723528504.7636461,291.02668476104736,1723528504.791128,-0.027481794357299805,8.217905274979303,8.001000413458033,0.0,-3.102345567521917,-49.476159,-49.037309,0.740309,1.6047322883000001,57.694064274979304,57.03830941345804,-0.740309,1.5761074513576692,90.30430502191514,81.13274216200448
1723528504.8636456,291.1266841888428,1723528504.8720894,-0.008443832397460938,7.938126728854904,2.0243116732420137,0.0,-3.1020345768977817,-49.425748,-48.776151999999996,0.7437050000000001,1.602621228,57.3638747288549,50.80046367324201,-0.7437050000000001,1.5785295022818044,90.44307831763385,76.62802575070796
1723528504.9636467,291.22668528556824,1723528504.9814365,-0.017789840698242188,7.748376873617166,-1.2108449792284717,0.0,-3.1018828658718403,-49.372963000000006,-48.50505,0.746098,1.6003828104,57.121339873617174,47.29420502077153,-0.746098,1.5809196309077465,90.58002260039373,74.16296892472457
1723528505.0636463,291.3266849517822,1723528505.0627494,0.0008969306945800781,7.59425291807687,-3.212759228323647,0.0,-3.1018161870340513,-49.321507000000004,-48.239307,0.734368,1.5986755547,56.91575991807687,45.02654777167635,-0.734368,1.582693565445535,90.68166156254149,72.57639442440387
1723528505.1636472,291.4266858100891,1723528505.1899767,-0.026329517364501953,7.457154078599157,-4.5529133941136415,0.0,-3.1018104517290417,-49.268048,-47.97276,0.727645,1.5962800564,56.72520207859915,43.41984660588636,-0.727645,1.5850947990505448,90.81924211373355,71.43921260332196
1723528505.2269287,291.4899673461914,1723528505.1899767,0.03695201873779297,7.413441560417541,-4.9043627249431845,0.0,-3.1018197956516755,-49.268048,-47.97276,0.727645,1.5962800564,56.68148956041754,43.06839727505682,-0.727645,1.585085455127911,90.81870674640253,71.19134476799739
1723528505.2736468,291.53668546676636,1723528505.2937903,-0.020143508911132812,7.326067236211491,-5.501149502725673,0.0,-3.101861460184118,-49.219367000000005,-47.700126,0.735784,1.5945022133,56.5454342362115,42.19897649727432,-0.735784,1.5868216336954684,90.91818245080464,70.55976990094204
1723528505.363648,291.62668657302856,1723528505.3743598,-0.010711908340454102,7.202576610510344,-6.1969884174901235,0.0,-3.101951429962652,-49.167343,-47.430012,0.733441,1.5922195727000001,56.369919610510344,41.23302358250987,-0.733441,1.5890143045169343,91.04381323473612,69.8445989776711
1723528505.4636471,291.7266857624054,1723528505.4617097,0.0019373893737792969,7.0886765722720995,-6.716038190443437,0.0,-3.1020771942847127,-49.105687,-47.166928,0.7220850000000001,1.589826776,56.1943635722721,40.450889809556564,-0.7220850000000001,1.5912813368948735,91.17370462201154,69.24306745389616
1723528505.5636485,291.82668709754944,1723528505.5623727,0.001275777816772461,6.980906303997584,-7.109912228700744,0.0,-3.1022402900527783,-49.051156,-46.897422,0.717341,1.5880199044,56.032062303997584,39.787509771299256,-0.717341,1.5929251127268078,91.26788603964698,68.72519565596436
1723528505.6636477,291.92668628692627,1723528505.6919649,-0.02831721305847168,6.8779976031977155,-7.408909300580264,0.0,-3.1024389224093074,-48.996663000000005,-46.621855,0.7164980000000001,1.5849150308,55.87466060319772,39.212945699419734,-0.7164980000000001,1.5958313539702795,91.43440139714477,68.2652633286665
1723528505.763649,292.0266876220703,1723528505.7925107,-0.02886176109313965,6.77846752357418,-7.636143702462284,0.0,-3.10267528189406,-48.943485,-46.35112,0.7189340000000001,1.582375938,55.72195252357418,38.71497629753772,-0.7189340000000001,1.5981340872855265,91.56633829745259,67.85500901816106
1723528505.832286,292.0953245162964,1723528505.7925107,0.03977513313293457,6.746395111513564,-7.698787772714421,0.0,-3.1027596114682687,-48.943485,-46.35112,0.7189340000000001,1.582375938,55.68988011151357,38.652332227285584,-0.7189340000000001,1.5980497577113175,91.56150656876228,67.79293768188225
1723528505.8636482,292.12668681144714,1723528505.8775132,-0.013864994049072266,6.6833276805649415,-7.805942046556218,0.0,-3.1029451284238947,-48.88599,-46.077199,0.708859,1.5798956321,55.56931768056494,38.27125695344378,-0.708859,1.6003445466556914,91.69298829014818,67.47696390148232
1723528505.9636495,292.2266881465912,1723528505.9824233,-0.018773794174194336,6.591895224368221,-7.929203572422378,0.0,-3.1032391153984378,-48.831088,-45.803817,0.697647,1.577352138,55.422983224368224,37.87461342757762,-0.697647,1.6025940537811485,91.82187555442148,67.13181155840839
1723528506.0936484,292.3566870689392,1723528506.0874798,0.0061686038970947266,6.475764772837159,-8.03230839668309,0.0,-3.1036752440551547,-48.763974000000005,-45.522796,0.6962170000000001,1.5760833045,55.239738772837164,37.49048760331691,-0.6962170000000001,1.6034267586244317,91.8695860275217,66.76413796745103
1723528506.2036498,292.4666883945465,1723528506.214627,-0.01097726821899414,6.3917307938902095,-8.073319503831925,0.0,-3.104042336174073,-48.697562000000005,-45.248157,0.6937730000000001,1.5729993068,55.089292793890216,37.174837496168074,-0.6937730000000001,1.6061436642055134,92.02525325065322,66.46262140762278
1723528506.2636516,292.5266902446747,1723528506.214627,0.04902458190917969,6.337724378513778,-8.087285490919506,0.0,-3.1042996934540876,-48.697562000000005,-45.248157,0.6937730000000001,1.5729993068,55.03528637851378,37.16087150908049,-0.6937730000000001,1.6058863069254985,92.0105077646814,66.41004772664257
1723528506.363653,292.6266915798187,1723528506.3197353,0.04391765594482422,6.25869700568433,-8.09122087095274,0.0,-3.1047042159727454,-48.628912,-44.964629,0.684331,1.5696400481000001,54.88760900568433,36.87340812904726,-0.684331,1.608841043106841,92.17980167744693,66.12689436477211
1723528506.493652,292.7566907405853,1723528506.5560017,-0.062349557876586914,6.156390535133637,-8.06919757335812,0.0,-3.1052824784717337,-48.511782000000004,-44.40639,0.6845950000000001,1.5646492701,54.66817253513364,36.337192426641884,-0.6845950000000001,1.613253558607853,92.43262019269098,65.64654836391603
1723528506.5936532,292.8566918373108,1723528506.5560017,0.03765153884887695,6.0794711491834095,-8.034401860975228,0.0,-3.1057617579837213,-48.511782000000004,-44.40639,0.6845950000000001,1.5646492701,54.591253149183416,36.37198813902477,-0.6845950000000001,1.6127742790958648,92.40515949944697,65.60179198693898
1723528506.5936532,292.8566918373108,1723528506.5560017,0.03765153884887695,6.0794711491834095,-8.034401860975228,0.0,-3.1057617579837213,-48.511782000000004,-44.40639,0.6845950000000001,1.5646492701,54.591253149183416,36.37198813902477,-0.6845950000000001,1.6127742790958648,92.40515949944697,65.60179198693898
1723528506.6636524,292.92669105529785,1723528506.64239,0.021262407302856445,6.028719374850018,-8.00383439605615,0.0,-3.1060996258853977,-48.451074000000006,-44.121001,0.675374,1.5617107000000001,54.479793374850026,36.11716660394385,-0.675374,1.6153749812941884,92.55416875918131,65.36783413654813
1723528506.803654,293.0666925907135,1723528506.7594995,0.04415440559387207,5.927251075774101,-7.926215662861934,0.0,-3.106808695775596,-48.384269,-43.837406,0.668115,1.5595934558,54.311520075774105,35.911190337138066,-0.668115,1.6167831556039902,92.6348512039517,65.11375570510887
1723528506.9036534,293.1666920185089,1723528506.8722286,0.031424760818481445,5.852185347945639,-7.855065249059331,0.0,-3.107375052296171,-48.315924,-43.562008,0.674698,1.5569353255,54.168109347945645,35.70694275094067,-0.674698,1.6188749293834148,92.75470101320884,64.88162334853494
1723528506.9936547,293.2566933631897,1723528507.0033748,-0.009720087051391602,5.776683662608048,-7.773698395159215,0.0,-3.1079761671011914,-48.245028000000005,-43.278635,0.674408,1.5528808916,54.021711662608055,35.504936604840786,-0.674408,1.622328248478395,92.95256162266315,64.64828443525931
1723528507.093654,293.3566925525665,1723528507.1039345,-0.010280609130859375,5.701251750357068,-7.684098919104224,0.0,-3.1086077603716675,-48.176616,-43.001549,0.668756,1.5490216374,53.87786775035707,35.317450080895775,-0.668756,1.6255559094079184,93.13749297162411,64.42510495241018
1723528507.193655,293.456693649292,1723528507.2254157,-0.03176069259643555,5.624528323518659,-7.5851921275592655,0.0,-3.109280307698137,-48.103909,-42.727416999999996,0.6608050000000001,1.5456890818,53.72843732351866,35.14222487244073,-0.6608050000000001,1.6282159176814501,93.28990021916736,64.204031099772
1723528507.293654,293.55669260025024,1723528507.2254157,0.0682382583618164,5.547822338709039,-7.479335774119632,0.0,-3.109981779787928,-48.103909,-42.727416999999996,0.6608050000000001,1.5456890818,53.65173133870904,35.24808122588036,-0.6608050000000001,1.6275144455916586,93.24970882897608,64.19791405486083
1723528507.403655,293.66669368743896,1723528507.3711302,0.032524824142456055,5.469749339400639,-7.364802871201294,0.0,-3.110724794807434,-48.037319000000004,-42.447013999999996,0.6547540000000001,1.5421804916,53.50706833940065,35.082211128798704,-0.6547540000000001,1.630280020772153,93.40816461474455,63.985909407958054
1723528507.5036545,293.7666931152344,1723528507.4731562,0.030498266220092773,5.391953129017618,-7.245483945368739,0.0,-3.1114896748207337,-47.969342000000005,-42.18398,0.6538090000000001,1.5384353895,53.36129512901762,34.93849605463126,-0.6538090000000001,1.6332602428588532,93.57891876232414,63.78521608189538
1723528507.6046557,293.86769437789917,1723528507.5739496,0.030706167221069336,5.312867925090775,-7.119267730256871,0.0,-3.112291427225943,-47.892823,-41.897272,0.6571750000000001,1.534452831,53.20569092509078,34.77800426974313,-0.6571750000000001,1.6364410489536436,93.76116552700512,63.567184983945786
1723528507.703655,293.96669363975525,1723528507.677878,0.025777101516723633,5.233991498980197,-6.988835640075658,0.0,-3.1131152618094586,-47.816717000000004,-41.613188,0.6524920000000001,1.5307917313000001,53.0507084989802,34.624352359924345,-0.6524920000000001,1.6392783140701275,93.92372884353934,63.35336766422155
1723528507.8046565,294.0676951408386,1723528507.7639565,0.04069995880126953,5.153916559204029,-6.852025534051024,0.0,-3.1139725502966575,-47.732922,-41.332681,0.6418820000000001,1.5259096997000001,52.88683855920403,34.48065546594898,-0.6418820000000001,1.6433030571829284,94.15432963752717,63.13751109008583
1723528507.8936558,294.15669441223145,1723528507.8647523,0.028903484344482422,5.074335098676351,-6.712017630515433,0.0,-3.1148464452307234,-47.666311,-41.056882,0.6426820000000001,1.5188180667,52.74064609867635,34.34486436948457,-0.6426820000000001,1.6495207952488633,94.51057978682309,62.940912764411344
1723528508.0036569,294.26669549942017,1723528507.988313,0.015343904495239258,4.993710275004233,-6.56622117963319,0.0,-3.115751839623719,-47.584889000000004,-40.777808,0.647262,1.5143779858,52.57859927500424,34.21158682036681,-0.647262,1.6530554817558676,94.71310240557627,62.73245350363411
1723528508.0036569,294.26669549942017,1723528507.988313,0.015343904495239258,4.993710275004233,-6.56622117963319,0.0,-3.115751839623719,-47.584889000000004,-40.777808,0.647262,1.5143779858,52.57859927500424,34.21158682036681,-0.647262,1.6530554817558676,94.71310240557627,62.73245350363411
1723528508.104656,294.36769461631775,1723528508.0759726,0.02868342399597168,4.913823458184385,-6.4179752268687125,0.0,-3.1166680708877794,-47.505599000000004,-40.502947,0.642486,1.5086875808,52.419422458184386,34.08497177313129,-0.642486,1.6578296554918073,94.98664241130781,62.52994434576892
1723528508.2036572,294.46669578552246,1723528508.1806417,0.023015499114990234,4.833406938616766,-6.264595884743108,0.0,-3.1176069710587497,-47.422250000000005,-40.222463,0.639278,1.5026514305,52.255656938616774,33.95786711525689,-0.639278,1.662926905620837,95.27869333082373,62.32334311849082
1723528508.2936566,294.5566952228546,1723528508.2615929,0.03206372261047363,4.754214887161253,-6.109361869193568,0.0,-3.1185554130942763,-47.337267000000004,-39.940706,0.636995,1.4969492198,52.09148188716126,33.83134413080643,-0.636995,1.6676806742853103,95.5510642120796,62.116729578492176
1723528508.2936566,294.5566952228546,1723528508.2615929,0.03206372261047363,4.754214887161253,-6.109361869193568,0.0,-3.1185554130942763,-47.337267000000004,-39.940706,0.636995,1.4969492198,52.09148188716126,33.83134413080643,-0.636995,1.6676806742853103,95.5510642120796,62.116729578492176
1723528508.393658,294.65669655799866,1723528508.3897505,0.003907442092895508,4.6743138234770925,-5.950274487285409,0.0,-3.1195233157450475,-47.245206,-39.660151,0.6444840000000001,1.4901611281,51.919519823477096,33.70987651271459,-0.6444840000000001,1.673500863334539,95.88453648056866,61.90644290240842
1723528508.393658,294.65669655799866,1723528508.3897505,0.003907442092895508,4.6743138234770925,-5.950274487285409,0.0,-3.1195233157450475,-47.245206,-39.660151,0.6444840000000001,1.4901611281,51.919519823477096,33.70987651271459,-0.6444840000000001,1.673500863334539,95.88453648056866,61.90644290240842
1723528508.503657,294.76669573783875,1723528508.4929757,0.010681390762329102,4.594133837220513,-5.789951601241579,0.0,-3.1204898776760044,-47.161631,-39.381149,0.6431020000000001,1.4848640074000001,51.75576483722051,33.591197398758425,-0.6431020000000001,1.677831422103582,96.1326592209682,61.70446755908708
1723528508.6036584,294.8666970729828,1723528508.6137645,-0.010106086730957031,4.513797294694794,-5.626383841027079,0.0,-3.1214678574110253,-47.074463,-39.098779,0.627209,1.4795773826,51.5882602946948,33.47239515897292,-0.627209,1.6821400671685611,96.37952639861136,61.499131937298905
1723528508.7036574,294.96669602394104,1723528508.735258,-0.0316007137298584,4.434639549385736,-5.461654699300326,0.0,-3.1224487964723355,-46.981388,-38.82438,0.616901,1.4722561314,51.41602754938574,33.36272530069967,-0.616901,1.688480379307251,96.74279952495385,61.29486026815739
1723528508.8036587,295.0666973590851,1723528508.8197718,-0.0161130428314209,4.355430722833386,-5.293681045359901,0.0,-3.1234464696028104,-46.889705,-38.544408,0.619413,1.4665389436,51.24513572283338,33.25072695464009,-0.619413,1.6931998939767763,97.01320779686775,61.09057579306494
1723528508.9036577,295.16669631004333,1723528508.9423149,-0.038657188415527344,4.277367048552472,-5.124754608784677,0.0,-3.124446916252516,-46.791403,-38.258159,0.615954,1.4607909601,51.06877004855247,33.13340439121532,-0.615954,1.6979474308270703,97.28522162147242,60.87874144686183
1723528509.0046587,295.26769733428955,1723528509.043968,-0.03930926322937012,4.199143073087318,-4.9533881606895855,0.0,-3.125457221413469,-46.699711,-37.981075,0.6159100000000001,1.4551892325,50.89885407308732,33.02768683931041,-0.6159100000000001,1.702538853266118,97.54829074919152,60.678668319575834
1723528509.093658,295.3566966056824,1723528509.043968,0.04969000816345215,4.122007021265987,-4.781854823094066,0.0,-3.1264653548893993,-46.699711,-37.981075,0.6159100000000001,1.4551892325,50.82171802126599,33.19922017690593,-0.6159100000000001,1.7015307197901868,97.4905289558348,60.707615569348874
1723528509.1936593,295.4566979408264,1723528509.1573687,0.036290645599365234,4.044713082889997,-4.608239886026798,0.0,-3.1274813470948737,-46.592397000000005,-37.711899,0.623788,1.4491195104,50.637110082890004,33.10365911397321,-0.623788,1.7065844496847122,97.7800863495902,60.5008948342899
1723528509.2936585,295.55669713020325,1723528509.2637863,0.02987217903137207,3.9680328788757286,-4.4343554462658075,0.0,-3.1284920521021324,-46.489725,-37.441621,0.608757,1.4417486574,50.457757878875725,33.00726555373419,-0.608757,1.7129445976774538,98.1444959866529,60.2978896362304
1723528509.4036596,295.66669821739197,1723528509.4540212,-0.05036163330078125,3.89098007171996,-4.257467625895678,0.0,-3.1295152745163923,-46.281146,-36.868551,0.5992770000000001,1.4306489525000001,50.17212607171996,32.61108337410432,-0.5992770000000001,1.7230210801631938,98.72183590542329,59.84216010733631
1723528509.4574084,295.72044706344604,1723528509.4540212,0.0033872127532958984,3.8655366029958502,-4.198350296234048,0.0,-3.129857165907216,-46.281146,-36.868551,0.5992770000000001,1.4306489525000001,50.14668260299585,32.67020070376595,-0.5992770000000001,1.7226791887723707,98.70224697167727,59.85307780751701
1723528509.493659,295.7566976547241,1723528509.4540212,0.03963780403137207,3.8149255067015333,-4.0805291396044945,0.0,-3.130535299623372,-46.281146,-36.868551,0.5992770000000001,1.4306489525000001,50.096071506701534,32.7880218603955,-0.5992770000000001,1.7220010550562146,98.66339277179601,59.87511913011159
1723528509.5936606,295.85669922828674,1723528509.5685718,0.025088787078857422,3.738356882113515,-3.9002821402297685,0.0,-3.131567420272612,-46.178879,-36.583406,0.6039680000000001,1.4243764464,49.917235882113516,32.68312385977023,-0.6039680000000001,1.7272414405069745,98.96364474114631,59.66809700911088
1723528509.69366,295.95669865608215,1723528509.6903012,0.0033588409423828125,3.6623745335180895,-3.7192601340373885,0.0,-3.1325997158629977,-46.066273,-36.307249,0.601553,1.4169643508,49.72864753351809,32.58798886596261,-0.601553,1.7336212405165885,99.32918035583471,59.458197667376254
1723528509.7936614,296.0566999912262,1723528509.8125255,-0.018864154815673828,3.585822305487193,-3.5349443396558615,0.0,-3.1336444799443086,-45.950375,-36.026922,0.6069260000000001,1.4112717023,49.53619730548719,32.49197766034414,-0.6069260000000001,1.7382691249352773,99.59548451669019,59.24467752412815
1723528509.9046607,296.1676993370056,1723528509.9138448,-0.009184122085571289,3.5099761728435706,-3.3492980570362634,0.0,-3.134698841014801,-45.82943,-35.75663,0.603464,1.4054654851000001,49.339406172843574,32.40733194296374,-0.603464,1.7430209810647848,99.86774581776434,59.03368812762395
1723528510.003662,296.2667007446289,1723528510.000629,0.003033161163330078,3.4339005022417934,-3.160276175311316,0.0,-3.135773674890429,-45.711701000000005,-35.475837,0.600782,1.3994594906,49.145601502241796,32.31556082468868,-0.600782,1.7479521416891581,100.15028050964203,58.82131040229237
1723528510.133663,296.39670157432556,1723528510.1019444,0.03171849250793457,0.8162599049563621,-1.422290954937548,0.0,0.24517416640481704,-45.591144,-35.189517,0.59877,1.3953475103,46.40740390495636,33.76722604506246,-0.59877,-1.1501733438951829,-65.90007831364301,57.39539369574011
1723528510.193663,296.4567015171051,1723528510.2101188,-0.016455888748168945,1.1417073598161473,-1.4094587613253136,0.0,0.24276404591237188,-45.473881,-34.908738,0.60014,1.3908124329,46.615588359816144,33.49927923867469,-0.60014,-1.1480483869876281,-65.77832725119295,57.407098477994225
1723528510.3625197,296.62555837631226,1723528510.3373036,0.025216102600097656,1.7536100993581087,-1.395226409940927,0.0,0.24002896127558504,-45.354079,-34.626557,0.589802,1.3867170494,47.107689099358105,33.23133059005907,-0.589802,-1.146688088124415,-65.7003878674544,57.65243768885044
1723528510.4336624,296.6967010498047,1723528510.441711,-0.008048534393310547,1.7534896050958693,-1.3932973487843803,0.0,0.24002902574657048,-45.235313000000005,-34.348121,0.580585,1.3814035395,46.98880260509588,32.95482365121562,-0.580585,-1.1413745137534295,-65.39594248186805,57.39603689354876
1723528510.5336633,296.7967019081116,1723528510.542664,-0.009000778198242188,1.9346468739608973,-1.3981577890413017,0.0,0.2372440799100355,-45.104600000000005,-34.068905,0.574099,1.3774610705,47.039246873960906,32.6707472109587,-0.574099,-1.1402169905899646,-65.32962128991288,57.27475935744827
1723528510.6336622,296.8967008590698,1723528510.6624799,-0.02881765365600586,2.1767259653906414,-1.3924307732012642,0.0,0.23555584735868162,-44.977629,-33.784344,0.574546,1.3731099723,47.15435496539064,32.391913226798735,-0.574546,-1.1375541249413184,-65.17705032683507,57.21100713849246
1723528510.7336633,296.9967019557953,1723528510.7836607,-0.04999732971191406,2.446522405115834,-1.3798317293224216,0.0,0.23481677609329,-44.850092000000004,-33.50109,0.579377,1.3702872004,47.29661440511584,32.12125827067758,-0.579377,-1.13547042430671,-65.05766307470329,57.17587467442814
1723528510.8336625,297.0967011451721,1723528510.7836607,0.05000185966491699,2.7213789363597827,-1.3486766221603799,0.0,0.23233094290138687,-44.850092000000004,-33.50109,0.579377,1.3702872004,47.57147093635979,32.152413377839615,-0.579377,-1.137956257498613,-65.20009082517286,57.42088653770972
1723528510.9336638,297.19670248031616,1723528510.8903644,0.04329943656921387,2.9769169233962223,-1.3552848476497237,0.0,0.22971251333030862,-44.724144,-33.209813,0.5735180000000001,1.3671178866,47.70106092339623,31.854528152350273,-0.5735180000000001,-1.1374053732696914,-65.16852748385534,57.3622794170765
1723528511.033663,297.296701669693,1723528510.9925098,0.0411531925201416,3.2483857720303986,-1.3578925895994702,0.0,0.22768378091020616,-44.599004,-32.923218,0.5655840000000001,1.3640093309,47.8473897720304,31.56532541040053,-0.5655840000000001,-1.136325549989794,-65.10665816729724,57.32418653170869
1723528511.1336644,297.39670300483704,1723528511.104117,0.029547452926635742,3.461433954785749,-1.3611807684779944,0.0,0.22524647482675333,-44.471167,-32.640644,0.560782,1.3605988844,47.93260095478575,31.27946323152201,-0.560782,-1.1353524095732468,-65.05090132855548,57.23856681289625
1723528511.2336638,297.49670243263245,1723528511.1846862,0.04897761344909668,3.7535331825278195,-1.365485604935674,0.0,0.22506479563051807,-44.344379,-32.349254,0.5555880000000001,1.3577545105,48.09791218252782,30.983768395064327,-0.5555880000000001,-1.132689714869482,-64.89834015989791,57.21635900949037
1723528511.3336651,297.5967037677765,1723528511.3140464,0.019618749618530273,4.020856464709425,-1.3690685499347794,0.0,0.22273756471974115,-44.211811000000004,-32.055955,0.555185,1.3558814343,48.23266746470943,30.686886450065217,-0.555185,-1.133143869580259,-64.92436130807143,57.16977734034532
1723528511.4336643,297.6967029571533,1723528511.462114,-0.02844977378845215,4.2754647297931125,-1.3680704582706904,0.0,0.2211603899072063,-44.079269000000004,-31.768092,0.556915,1.3533280789,48.35473372979312,30.40002154172931,-0.556915,-1.1321676889927936,-64.86843028036706,57.11962655807567
1723528511.5336657,297.79670429229736,1723528511.5827222,-0.0490565299987793,4.50928144631023,-1.363811372912625,0.0,0.22025015367417655,-43.941169,-31.47653,0.543598,1.3514576478,48.450450446310235,30.112718627087375,-0.543598,-1.1312074941258234,-64.81341516697955,57.04837833234266
1723528511.6336648,297.8967034816742,1723528511.5827222,0.05094265937805176,4.724497593156671,-1.3620980017364508,0.0,0.21788804297523925,-43.941169,-31.47653,0.543598,1.3514576478,48.66566659315667,30.114431998263548,-0.543598,-1.1335696048247608,-64.94875414077136,57.23217293026649
1723528511.7336662,297.99670481681824,1723528511.6846476,0.04901862144470215,4.985033789088684,-1.3561607077437636,0.0,0.21517421209380536,-43.803544,-31.187855,0.5308160000000001,1.348692126,48.788577789088684,29.831694292256234,-0.5308160000000001,-1.1335179139061946,-64.94579246929835,57.18860964085809
1723528511.8336654,298.09670400619507,1723528511.820509,0.013156414031982422,5.171625378628707,-1.3578449012819043,0.0,0.2142307589625907,-43.662694,-30.90278,0.532692,1.3464307569,48.834319378628706,29.544935098718096,-0.532692,-1.1321999979374093,-64.87028144653407,57.078697426695356
1723528511.9336667,298.1967053413391,1723528511.9527962,-0.019129514694213867,5.433427209967931,-1.3621236993681607,0.0,0.21365137955386126,-43.529883000000005,-30.630297,0.5343490000000001,1.3431959054,48.963310209967936,29.268173300631837,-0.5343490000000001,-1.1295445258461387,-64.71813410308948,57.04662342266341
1723528512.0336657,298.29670429229736,1723528512.0945709,-0.06090521812438965,5.552976404576411,-1.3709948550193813,0.0,0.21066774924747203,-43.404529000000004,-30.336168,0.530271,1.3418614208,48.957505404576416,28.965173144980618,-0.530271,-1.131193671552528,-64.8126231918677,56.886727609269954
1723528512.133667,298.3967056274414,1723528512.0945709,0.03909611701965332,5.817704943587219,-1.382485742738236,0.0,0.20951190533419609,-43.404529000000004,-30.336168,0.530271,1.3418614208,49.22223394358722,28.953682257261764,-0.530271,-1.1323495154658039,-64.8788481698743,57.10888913282367
1723528512.233666,298.49670457839966,1723528512.2003744,0.03329157829284668,6.0227532863552335,-1.381264964264673,0.0,0.20792606141918935,-43.264817,-30.044362,0.520584,1.3388751043,49.28757028635523,28.663097035735326,-0.520584,-1.1309490428808107,-64.79860700143041,57.01849457950852
1723528512.3336673,298.5967059135437,1723528512.324297,0.00937032699584961,6.122441478293633,-1.3738858713215558,0.0,0.2063306339022675,-43.114598,-29.753722,0.500835,1.3364657974,49.23703947829363,28.379836128678445,-0.500835,-1.1301351634977326,-64.75197514774733,56.83266658335603
1723528512.4336665,298.69670510292053,1723528512.4380403,-0.004373788833618164,6.30483805262989,-1.3639838682378138,0.0,0.20572286966538833,-42.976401,-29.464491,0.49620899999999996,1.3346096024,49.28123905262989,28.100507131762186,-0.49620899999999996,-1.1288867327346117,-64.68044533400621,56.73204779484301
1723528512.5336678,298.7967064380646,1723528512.5710826,-0.0374147891998291,6.394783252200466,-1.3510060459772448,0.0,0.20467090062173912,-42.836397000000005,-29.178124,0.49615499999999996,1.3333526972,49.231180252200474,27.827117954022757,-0.49615499999999996,-1.128681796578261,-64.66870335717768,56.55354783243731
1723528512.633667,298.8967056274414,1723528512.5710826,0.06258440017700195,6.561831003204841,-1.3719436706484414,0.0,0.20472761176353194,-42.836397000000005,-29.178124,0.49615499999999996,1.3333526972,49.39822800320485,27.80618032935156,-0.49615499999999996,-1.1286250854364681,-64.66545404810158,56.68875341854903
1723528512.7336683,298.99670696258545,1723528512.7199295,0.013738870620727539,6.711512493334913,-1.3764867894817194,0.0,0.2034694936993624,-42.685108,-28.887401,0.5014040000000001,1.3299816748,49.396620493334915,27.51091421051828,-0.5014040000000001,-1.1265121811006376,-64.5443935471436,56.543150980753346
1723528512.8336678,299.09670639038086,1723528512.8336997,-3.1948089599609375e-05,6.849942219456636,-1.388673322697974,0.0,0.20122123539718204,-42.543291,-28.583717,0.48973,1.3269404237,49.39323321945664,27.195043677302024,-0.48973,-1.125719188302818,-64.49895840664426,56.38707053886466
1723528512.933669,299.1967077255249,1723528512.970163,-0.03649401664733887,6.950757103118137,-1.3886605758408008,0.0,0.2005590592421682,-42.386132,-28.295858,0.485106,1.3254643868,49.33688910311814,26.907197424159197,-0.485106,-1.1249053275578318,-64.45232762084518,56.199299172029654
1723528513.0336683,299.29670691490173,1723528512.970163,0.06350517272949219,7.045530270423311,-1.3924181177517287,0.0,0.19921722912967563,-42.386132,-28.295858,0.485106,1.3254643868,49.43166227042332,26.90343988224827,-0.485106,-1.1262471576703244,-64.52920882311457,56.280721745071595
1723528513.1336696,299.3967082500458,1723528513.1136556,0.020014047622680664,7.1003846401056565,-1.3914405426139667,0.0,0.19897983405926478,-42.246084,-28.008961,0.487102,1.3227243365,49.34646864010566,26.617520457386032,-0.487102,-1.1237445024407353,-64.38581724088277,56.06963198476248
1723528513.2336688,299.4967074394226,1723528513.2715166,-0.03784775733947754,7.136203647144051,-1.390406246290475,0.0,0.19855645590153245,-42.100950000000005,-27.718436999999998,0.484203,1.3198509683,49.237153647144055,26.328030753709523,-0.484203,-1.1212945123984674,-64.24544315161174,55.83634081121322
1723528513.33367,299.59670853614807,1723528513.393228,-0.05955815315246582,7.178286765002201,-1.3950203320690575,0.0,0.19791199247382887,-41.955786,-27.428845,0.47758199999999995,1.3173976208,49.1340727650022,26.03382466793094,-0.47758199999999995,-1.1194856283261712,-64.14180172864073,55.60706086356143
1723528513.433669,299.6967077255249,1723528513.393228,0.040441036224365234,7.20452440930458,-1.3948639245482282,0.0,0.19722343062812617,-41.955786,-27.428845,0.47758199999999995,1.3173976208,49.160310409304586,26.03398107545177,-0.47758199999999995,-1.1201741901718738,-64.18125341633323,55.63031884451936
1723528513.5336697,299.7967083454132,1723528513.510013,0.023656606674194336,7.229304134758951,-1.3958426202502354,0.0,0.19688183347510213,-41.807605,-27.145059999999997,0.47961299999999996,1.3152485408,49.03690913475895,25.749217379749762,-0.47961299999999996,-1.118366707324898,-64.07769227765922,55.38836233172075
1723528513.6336718,299.896710395813,1723528513.655929,-0.022257328033447266,7.253055350138443,-1.4070483373710192,0.0,0.19752161432841664,-41.661721,-26.857778,0.472593,1.3151188103,48.914776350138446,25.45072966262898,-0.472593,-1.1175971959715834,-64.03360252482689,55.14180201886709
1723528513.7336733,299.9967119693756,1723528513.794526,-0.060852766036987305,7.253649578349139,-1.403587519361807,0.0,0.19741663804791987,-41.505065,-26.566098999999998,0.470574,1.3133128177,48.75871457834914,25.16251148063819,-0.470574,-1.11589617965208,-63.93614146883648,54.870626670702805
1723528513.8636723,300.12671089172363,1723528513.9060059,-0.04233360290527344,7.238505367065123,-1.3927501016516486,0.0,0.19775985291214893,-41.349526000000004,-26.262231999999997,0.463794,1.3119039495,48.58803136706513,24.869481898348347,-0.463794,-1.114144096587851,-63.83575450389981,54.58482414456986
1723528513.8636723,300.12671089172363,1723528513.9060059,-0.04233360290527344,7.238505367065123,-1.3927501016516486,0.0,0.19775985291214893,-41.349526000000004,-26.262231999999997,0.463794,1.3119039495,48.58803136706513,24.869481898348347,-0.463794,-1.114144096587851,-63.83575450389981,54.58482414456986
1723528513.9336736,300.1967122554779,1723528513.9060059,0.027667760848999023,7.2132305204326235,-1.3927071574527434,0.0,0.19716471977612837,-41.349526000000004,-26.262231999999997,0.463794,1.3119039495,48.56275652043263,24.869524842547253,-0.463794,-1.1147392297238716,-63.86985312084217,54.562346830312684
1723528514.033673,300.2967116832733,1723528514.0330958,0.0005772113800048828,7.209839650944571,-1.3906533008225124,0.0,0.1981642116160729,-41.192757,-25.97749,0.45543,1.3130081385,48.402596650944574,24.586836699177486,-0.45543,-1.1148439268839272,-63.875851826240364,54.291171638775225
1723528514.1636746,300.4267132282257,1723528514.17014,-0.006465435028076172,7.207589090698707,-1.3964369112212234,0.0,0.19805983769340507,-41.042819,-25.683338,0.44532,1.3137925764,48.250408090698706,24.286901088778777,-0.44532,-1.115732738706595,-63.92677699246055,54.01993849790544
1723528514.2636738,300.52671241760254,1723528514.3127801,-0.04910635948181152,7.2011990586329695,-1.392177873607216,0.0,0.19811180072599832,-40.899771,-25.391889,0.44062599999999996,1.3146412166,48.10097005863297,23.999711126392782,-0.44062599999999996,-1.1165294158740018,-63.9724232317874,53.757637652743654
1723528514.2636738,300.52671241760254,1723528514.3127801,-0.04910635948181152,7.2011990586329695,-1.392177873607216,0.0,0.19811180072599832,-40.899771,-25.391889,0.44062599999999996,1.3146412166,48.10097005863297,23.999711126392782,-0.44062599999999996,-1.1165294158740018,-63.9724232317874,53.757637652743654
1723528514.333675,300.59671354293823,1723528514.3127801,0.020894765853881836,7.202649810621389,-1.3940745790074924,0.0,0.19724938587436647,-40.899771,-25.391889,0.44062599999999996,1.3146412166,48.10242081062139,23.997814420992505,-0.44062599999999996,-1.1173918307256336,-64.02183596297532,53.75808902945094
1723528514.4636743,300.7267129421234,1723528514.4347398,0.028934478759765625,7.199099499644641,-1.3884851447943347,0.0,0.19658496225081468,-40.750559,-25.100845,0.44361199999999995,1.3159555132,47.94965849964464,23.712359855205666,-0.44361199999999995,-1.1193705509491854,-64.13520828062201,53.49432261223482
1723528514.5636759,300.82671451568604,1723528514.5629168,0.000759124755859375,7.205891789909907,-1.3853068644536606,0.0,0.19764589091705176,-40.602551000000005,-24.809226,0.44259699999999996,1.3173371881,47.80844278990991,23.42391913554634,-0.44259699999999996,-1.1196912971829482,-64.15358568611134,53.240239309840746
1723528514.5636759,300.82671451568604,1723528514.5629168,0.000759124755859375,7.205891789909907,-1.3853068644536606,0.0,0.19764589091705176,-40.602551000000005,-24.809226,0.44259699999999996,1.3173371881,47.80844278990991,23.42391913554634,-0.44259699999999996,-1.1196912971829482,-64.15358568611134,53.240239309840746
1723528514.6636753,300.92671394348145,1723528514.690217,-0.026541709899902344,7.212779522574971,-1.3981146082741904,0.0,0.19745795379000788,-40.445597,-24.512912,0.442057,1.3182777433000001,47.65837652257497,23.11479739172581,-0.442057,-1.1208197895099923,-64.21824353366385,52.969898297233954
1723528514.7636766,301.0267152786255,1723528514.8341298,-0.07045316696166992,7.214380756736207,-1.400190564541874,0.0,0.19659518248173402,-40.298776000000004,-24.215255,0.44538,1.3195609139,47.51315675673621,22.815064435458126,-0.44538,-1.122965731418266,-64.34119694808818,52.70887585149862
1723528514.8636758,301.1267144680023,1723528514.8341298,0.029546022415161133,7.2159232534250535,-1.3863259484296027,0.0,0.1978806518441094,-40.298776000000004,-24.215255,0.44538,1.3195609139,47.51469925342506,22.828929051570398,-0.44538,-1.1216802620558906,-64.2675449789307,52.716268932175645
1723528514.963677,301.2267155647278,1723528514.9828937,-0.01921677589416504,7.213744203613035,-1.3878610856831988,0.0,0.19740211956928455,-40.148941,-23.917457,0.44498899999999997,1.3226759364,47.36268520361303,22.5295959143168,-0.44498899999999997,-1.1252738168307155,-64.47344050097726,52.4500205621415
1723528515.0636759,301.32671451568604,1723528515.110544,-0.046868085861206055,7.214296886560623,-1.386778706864491,0.0,0.19759961220137257,-40.007901000000004,-23.606111,0.434411,1.3237384613,47.22219788656063,22.21933229313551,-0.434411,-1.1261388490986275,-64.52300319907124,52.1902616750212
1723528515.1636772,301.4267158508301,1723528515.110544,0.053133249282836914,7.212219092399881,-1.3918758993168217,0.0,0.19751647640437667,-40.007901000000004,-23.606111,0.434411,1.3237384613,47.22012009239988,22.214235100683176,-0.434411,-1.1262219848956234,-64.52776652936556,52.18621173802533
1723528515.2636793,301.52671790122986,1723528515.2351859,0.028493404388427734,7.21289473958755,-1.3887067698784508,0.0,0.19689664571633259,-39.859972,-23.314501,0.42163599999999996,1.326223572,47.072866739587546,21.92579423012155,-0.42163599999999996,-1.1293269262836674,-64.70566656653598,51.93046324288947
1723528515.3636806,301.6267192363739,1723528515.4302664,-0.06658577919006348,7.218921027238069,-1.395044731675455,0.0,0.19745536664182858,-39.712825,-23.023224,0.409474,1.3296355166,46.93174602723807,21.628179268324544,-0.409474,-1.1321801499581714,-64.86914424109187,51.67721541051372
1723528515.4636798,301.72671842575073,1723528515.4302664,0.03341341018676758,7.215857715049686,-1.3895031116911938,0.0,0.19729053627753587,-39.712825,-23.023224,0.409474,1.3296355166,46.92868271504969,21.633720888308805,-0.409474,-1.1323449803224641,-64.87858832530145,51.676753088789624
1723528515.5636811,301.8267197608948,1723528515.584213,-0.020531892776489258,7.2175558590304,-1.3895928697917683,0.0,0.19741299939344212,-39.570377,-22.739881999999998,0.415576,1.3320865235000001,46.7879328590304,21.35028913020823,-0.415576,-1.134673524106558,-65.01200405654144,51.43071271697876
1723528515.6636832,301.92672181129456,1723528515.7077487,-0.04406547546386719,7.2135837378920185,-1.3894558942521227,0.0,0.19790246208095663,-39.427959,-22.427795,0.42455499999999996,1.335124727,46.64154273789202,21.038339105747877,-0.42455499999999996,-1.1372222649190433,-65.1580361481696,51.168598458889534
1723528515.6636832,301.92672181129456,1723528515.7077487,-0.04406547546386719,7.2135837378920185,-1.3894558942521227,0.0,0.19790246208095663,-39.427959,-22.427795,0.42455499999999996,1.335124727,46.64154273789202,21.038339105747877,-0.42455499999999996,-1.1372222649190433,-65.1580361481696,51.168598458889534
1723528515.7636843,302.02672290802,1723528515.810989,-0.047304630279541016,7.22620013085913,-1.3906722285543698,0.0,0.19777586642905517,-39.289287,-22.126597999999998,0.40557,1.3385427998000001,46.51548713085913,20.73592577144563,-0.40557,-1.140766933370945,-65.36113069023673,50.92969318231678
1723528515.863684,302.126722574234,1723528515.810989,0.05269503593444824,7.227909373270102,-1.3893124018780472,0.0,0.20166954590070008,-39.289287,-22.126597999999998,0.40557,1.3385427998000001,46.5171963732701,20.73728559812195,-0.40557,-1.1368732538993,-65.13803928973475,50.931807934063656
1723528515.963685,302.2267236709595,1723528515.9618545,0.0018305778503417969,7.230417789010019,-1.3871842236878407,0.0,0.19805953431212056,-39.154025000000004,-21.847112,0.40858799999999995,1.3410145261,46.38444278901002,20.45992777631216,-0.40858799999999995,-1.1429549917878794,-65.48649720285516,50.69804849905564
1723528516.0636847,302.32672333717346,1723528516.084017,-0.02033233642578125,7.230930137246037,-1.3909671957800651,0.0,0.1973683510242461,-39.023375,-21.566912,0.393501,1.3450865811000001,46.254305137246035,20.175944804219935,-0.393501,-1.147718230075754,-65.7594106535655,50.46468404250041
1723528516.1636858,302.4267244338989,1723528516.194232,-0.030546188354492188,7.224669716303325,-1.3879326996263202,0.0,0.1980262547191094,-38.882918000000004,-21.272392,0.39955799999999997,1.348364503,46.10758771630333,19.88445930037368,-0.39955799999999997,-1.1503382482808906,-65.90952663896726,50.21415152404935
1723528516.2636855,302.5267241001129,1723528516.3010163,-0.03733086585998535,7.223543004920116,-1.3808798352800908,0.0,0.197861113849235,-38.743032,-20.973733,0.40023699999999995,1.3502446264,45.96657500492012,19.59285316471991,-0.40023699999999995,-1.152383512550765,-66.02671164961997,49.969651814610344
1723528516.3636866,302.6267251968384,1723528516.4022987,-0.03861212730407715,7.227966974766047,-1.3819055256355983,0.0,0.19749556370936272,-38.609965,-20.661989,0.39391699999999996,1.3529700344,45.83793197476605,19.2800834743644,-0.39391699999999996,-1.1554744706906372,-66.20381050568625,49.72919461548345
1723528516.4636862,302.72672486305237,1723528516.4022987,0.06138753890991211,7.227237967275258,-1.3886811680559699,0.0,0.19756373739153332,-38.609965,-20.661989,0.39391699999999996,1.3529700344,45.83720296727526,19.273307831944027,-0.39391699999999996,-1.1554062970084666,-66.19990444142401,49.72589608293602
1723528516.563687,302.82672572135925,1723528516.529566,0.034121036529541016,7.224071895929202,-1.3882868467564067,0.0,0.19764458230427318,-38.473935000000004,-20.35014,0.389727,1.3549443463,45.698006895929204,18.96185315324359,-0.389727,-1.1572997639957268,-66.30839210844137,49.47738469644587
1723528516.663686,302.9267246723175,1723528516.6676607,-0.0039746761322021484,7.226087398426111,-1.392753928315016,0.0,0.19795214962472582,-38.329581000000005,-20.060277,0.388856,1.3589877272,45.555668398426114,18.667523071684982,-0.388856,-1.161035577575274,-66.5224384595971,49.23359168137124
1723528516.7636871,303.02672576904297,1723528516.7505467,0.013140439987182617,7.227620596037382,-1.3908294472075804,0.0,0.1972260415882814,-38.190694,-19.753705999999998,0.39391699999999996,1.3621435943,45.41831459603738,18.362876552792418,-0.39391699999999996,-1.1649175527117186,-66.74485925109008,48.99156770956207
1723528516.8636863,303.1267249584198,1723528516.8722003,-0.008513927459716797,7.228001645810484,-1.3849454212209054,0.0,0.19688112227669222,-38.059795,-19.449063,0.399178,1.3637979171,45.28779664581049,18.064117578779094,-0.399178,-1.166916794823308,-66.85940738630897,48.75916541541624
1723528516.9636877,303.22672629356384,1723528516.9753323,-0.011644601821899414,7.221972504243977,-1.3867508877317236,0.0,0.19747630520624607,-37.942946,-19.155365999999997,0.377374,1.3673396985,45.16491850424398,17.768615112268275,-0.377374,-1.1698633932937539,-67.02823504258524,48.535924402846234
1723528517.0636866,303.3267252445221,1723528517.103152,-0.03946542739868164,7.227436772033402,-1.3856918191405145,0.0,0.19755293726376033,-37.806035,-18.869215,0.363471,1.3694933869,45.0334717720334,17.483523180859486,-0.363471,-1.1719404496362398,-67.14724160482055,48.30961885407523
1723528517.163688,303.42672657966614,1723528517.103152,0.06053590774536133,7.2198077329381665,-1.3858048780355956,0.0,0.1975929187928567,-37.806035,-18.869215,0.363471,1.3694933869,45.025842732938166,17.483410121964404,-0.363471,-1.1719004681071434,-67.14495083194485,48.30246633943166
1723528517.2636871,303.52672576904297,1723528517.2313616,0.03232550621032715,7.219507648605374,-1.3905987226660752,0.0,0.19820985185062323,-37.680218,-18.582628,0.36091799999999996,1.372751732,44.899725648605376,17.192029277333923,-0.36091799999999996,-1.1745418801493768,-67.29629259391986,48.07994899950979
1723528517.4046884,303.6677269935608,1723528517.4592848,-0.0545964241027832,7.219482330484247,-1.381473716546179,0.0,0.1982207516786949,-37.423888000000005,-17.966798,0.35366499999999995,1.3769223665,44.64337033048425,16.585324283453822,-0.35366499999999995,-1.1787016148213052,-67.53462783451559,47.62592335046439
1723528517.4936879,303.7567265033722,1723528517.4592848,0.034403085708618164,7.220329431860917,-1.3847454681610023,0.0,0.19803765477382027,-37.423888000000005,-17.966798,0.35366499999999995,1.3769223665,44.64421743186092,16.582052531838997,-0.35366499999999995,-1.1788847117261798,-67.54511851440681,47.62557816136375
1723528517.6046891,303.86772775650024,1723528517.5916128,0.013076305389404297,7.222750303440171,-1.3843633984821915,0.0,0.1978494092462606,-37.302440000000004,-17.669014999999998,0.342437,1.3770737206,44.525190303440176,16.284651601517808,-0.342437,-1.1792243113537395,-67.5645761397902,47.41096616226407
1723528517.6936886,303.95672726631165,1723528517.724694,-0.031005382537841797,7.23126809579538,-1.384124580791753,0.0,0.19741021526915728,-37.173252000000005,-17.371463,0.331026,1.3753860129,44.404520095795384,15.987338419208246,-0.331026,-1.1779757976308427,-67.49304157280405,47.196037682001055
1723528517.7936897,304.0567283630371,1723528517.8466299,-0.05294013023376465,7.235367024666036,-1.383252534865588,0.0,0.19746100691606386,-37.034238,-17.071627,0.32622399999999996,1.3749035693,44.269605024666035,15.688374465134412,-0.32622399999999996,-1.1774425623839362,-67.46248944366869,46.968387714465926
1723528517.903689,304.1667275428772,1723528517.9500628,-0.046373844146728516,7.229314008081793,-1.3839006475666353,0.0,0.19828217767294556,-36.908965,-16.772968,0.33044599999999996,1.3726062498,44.138279008081795,15.389067352433363,-0.33044599999999996,-1.1743240721270545,-67.28381311349669,46.74526994608033
1723528518.00369,304.26672863960266,1723528518.052372,-0.04868197441101074,7.208876376672876,-1.3832018097646686,0.0,0.19742358745011046,-36.785361,-16.486674,0.31689999999999996,1.3713685953,43.99423737667288,15.103472190235331,-0.31689999999999996,-1.1739450078498896,-67.26209433025097,46.51567714401514
1723528518.0636895,304.32672810554504,1723528518.052372,0.01131749153137207,7.21692154877929,-1.388904273180329,0.0,0.19752283026030606,-36.785361,-16.486674,0.31689999999999996,1.3713685953,44.00228254877929,15.097769726819672,-0.31689999999999996,-1.173845765039694,-67.25640813607976,46.521435337236525
1723528518.1936908,304.45672941207886,1723528518.1810029,0.012687921524047852,7.2199255839136045,-1.3857595096026873,0.0,0.19747184086630873,-36.655774,-16.189867,0.307395,1.3692364736,43.87569958391361,14.804107490397312,-0.307395,-1.1717646327336912,-67.13716803833746,46.306944449521815
1723528518.3036902,304.5667288303375,1723528518.3314912,-0.027801036834716797,7.228875103865267,-1.3863928764021132,0.0,0.1976174332969651,-36.532905,-15.914538,0.307295,1.3678121294,43.76178010386526,14.528145123597888,-0.307295,-1.170194696103035,-67.04721729529787,46.111330807171505
1723528518.3936918,304.6567304134369,1723528518.4327323,-0.039040565490722656,7.238274270855064,-1.3877519855799871,0.0,0.19712102090095884,-36.405947000000005,-15.641522,0.29898199999999997,1.3659878645,43.64422127085507,14.253770014420013,-0.29898199999999997,-1.1688668435990412,-66.97113695100315,45.91380402667221
1723528518.5036907,304.7667293548584,1723528518.5356717,-0.03198099136352539,7.227552290114562,-1.3837242425484555,0.0,0.19706384121872844,-36.274151,-15.357999000000001,0.293985,1.3633396325,43.50170329011456,13.974274757451546,-0.293985,-1.1662757912812716,-66.82268058869735,45.69206683132354
1723528518.6036918,304.86673045158386,1723528518.6415358,-0.037843942642211914,7.226501379126053,-1.3822968950071766,0.0,0.19737243967000762,-36.145809,-15.083935,0.276155,1.3598405034,43.372310379126056,13.701638104992824,-0.276155,-1.1624680637299925,-66.60451387047338,45.485914918438894
1723528518.7036905,304.96672916412354,1723528518.6415358,0.06215476989746094,7.222223048267577,-1.3902047277127179,0.0,0.19759507606080762,-36.145809,-15.083935,0.276155,1.3598405034,43.36803204826758,13.693730272287283,-0.276155,-1.1622454273391924,-66.59175774491452,45.47945375764474
1723528518.7936919,305.0567305088043,1723528518.76982,0.023871898651123047,7.221764358931159,-1.3862140341390385,0.0,0.19746789953120514,-36.015142000000004,-14.816777,0.270738,1.3547367669000001,43.236906358931165,13.430562965860961,-0.270738,-1.157268867368795,-66.30662186211698,45.2756379539326
1723528518.8936908,305.1567294597626,1723528518.9077644,-0.014073610305786133,7.22741571430251,-1.3877989603003325,0.0,0.19766733277158632,-35.885846,-14.546009000000002,0.267677,1.3481562144,43.11326171430251,13.15821003969967,-0.267677,-1.1504888816284138,-65.91815729403426,45.07730557687676
1723528519.0036922,305.2667307853699,1723528519.0204437,-0.016751527786254883,7.232032795336986,-1.3895366122522135,0.0,0.19746822124566552,-35.7597,-14.278066,0.26631499999999997,1.3407819570000001,42.991732795336986,12.888529387747788,-0.26631499999999997,-1.1433137357543346,-65.50705171805882,44.882894316250564
1723528519.0936918,305.3567304611206,1723528519.1213915,-0.027699708938598633,7.231416881004722,-1.3877971103437399,0.0,0.1974524948243528,-35.63066,-14.010044,0.274088,1.3327466811,42.86207688100472,12.62224688965626,-0.274088,-1.1352941862756472,-65.04756537933369,44.682814093657306
1723528519.2036932,305.4667317867279,1723528519.2486126,-0.044919490814208984,7.226564255628721,-1.3796796477233002,0.0,0.19770031722420844,-35.511646,-13.759428000000002,0.26582799999999995,1.3226393238,42.73821025562872,12.379748352276701,-0.26582799999999995,-1.1249390065757916,-64.45425728643242,44.49588126608585
1723528519.3036926,305.5667312145233,1723528519.2486126,0.05507993698120117,7.225845169614478,-1.377415822493486,0.0,0.19808757507848718,-35.511646,-13.759428000000002,0.26582799999999995,1.3226393238,42.73749116961448,12.382012177506516,-0.26582799999999995,-1.1245517487215129,-64.43206904579895,44.49582049543956
1723528519.3036926,305.5667312145233,1723528519.2486126,0.05507993698120117,7.225845169614478,-1.377415822493486,0.0,0.19808757507848718,-35.511646,-13.759428000000002,0.26582799999999995,1.3226393238,42.73749116961448,12.382012177506516,-0.26582799999999995,-1.1245517487215129,-64.43206904579895,44.49582049543956
1723528519.3936942,305.6567327976227,1723528519.364575,0.029119253158569336,7.2336915825074035,-1.3870748742534387,0.0,0.1973633561266146,-35.372409000000005,-13.509188,0.266555,1.3110230806,42.60610058250741,12.122113125746562,-0.266555,-1.1136597244733855,-63.808002026027104,44.29781580448589
1723528519.5036936,305.76673221588135,1723528519.5094788,-0.005785226821899414,7.233290095524359,-1.3905956831564232,0.0,0.18803443272763642,-35.227528,-13.275394,0.25815899999999997,1.2980935164,42.46081809552436,11.884798316843577,-0.25815899999999997,-1.1100590836723636,-63.60170050458595,44.09349328917519
1723528519.6046948,305.86773347854614,1723528519.6105053,-0.00581049919128418,7.223156508068261,-1.3827614595247222,0.0,0.1977178834072797,-35.084626,-13.0305,0.253142,1.2845342417,42.30778250806826,11.647738540475277,-0.253142,-1.0868163582927204,-62.26999043595079,43.88259740181116
1723528519.7036943,305.9667329788208,1723528519.752302,-0.048607587814331055,7.230867649829706,-1.3784562042414803,0.0,0.19740810077034077,-34.943341000000004,-12.776518000000001,0.24790900000000002,1.2699803995,42.17420864982971,11.39806179575852,-0.24790900000000002,-1.0725722987296593,-61.453865939854424,43.687997743219846
1723528519.7936954,306.056734085083,1723528519.752302,0.04139351844787598,7.23607073030001,-1.3900176332281857,0.0,0.19712752294888247,-34.943341000000004,-12.776518000000001,0.24790900000000002,1.2699803995,42.17941173030001,11.386500366771816,-0.24790900000000002,-1.0728528765511176,-61.46994186484896,43.69000598980213
1723528519.9036944,306.1667330265045,1723528519.884092,0.019602298736572266,7.228645879767122,-1.3879620714656262,0.0,0.19775702039382415,-34.796404,-12.542335000000001,0.241574,1.2549488101,42.025049879767124,11.154372928534375,-0.241574,-1.0571917897061758,-60.57262768604594,43.48083728291362
1723528520.003696,306.26673460006714,1723528519.991951,0.011744976043701172,7.2269734015806355,-1.3909546943193083,0.0,0.1976279476510574,-34.649095,-12.312722,0.23451,1.2390012995,41.87606840158064,10.921767305680692,-0.23451,-1.0413733518489425,-59.666297958336514,43.277535752320695
1723528520.0936954,306.3567340373993,1723528520.1004484,-0.006752967834472656,7.233954657144601,-1.3852369436306975,0.0,0.19704377481322413,-34.491249,-12.088849000000002,0.229347,1.2219130572,41.725203657144604,10.703612056369304,-0.229347,-1.024869282386776,-58.72068443336362,43.076821276991375
1723528520.203697,306.46673560142517,1723528520.201094,0.0026030540466308594,7.232209597096634,-1.3787583198380038,0.0,0.19781546183028187,-34.331511,-11.861692000000001,0.22975700000000002,1.2036762054,41.56372059709663,10.482933680161997,-0.22975700000000002,-1.0058607435697182,-57.631575384435614,42.86592535680571
1723528520.2936964,306.5567350387573,1723528520.322556,-0.028859615325927734,7.225559289031629,-1.3859735667255961,0.0,0.19719009732944492,-34.17452,-11.647867000000002,0.224725,1.1840052384,41.40007928903163,10.261893433274405,-0.224725,-0.986815141070555,-56.54034274294975,42.6535288493181
1723528520.3936982,306.6567368507385,1723528520.423836,-0.03013777732849121,7.225585652174278,-1.3882452713541908,0.0,0.1974717488599618,-34.00493,-11.435491,0.231523,1.1629279435,41.230515652174276,10.04724572864581,-0.231523,-0.9654561946400382,-55.31656525763512,42.437673953404996
1723528520.4936976,306.75673627853394,1723528520.5412188,-0.047521114349365234,7.22649597053559,-1.3877535791349442,0.0,0.19804690839740724,-33.829354,-11.225801,0.23497400000000002,1.1415630514000001,41.05584997053559,9.838047420865056,-0.23497400000000002,-0.9435161430025929,-54.05949289651041,42.21877789134821
1723528520.6046991,306.86773777008057,1723528520.5412188,0.06348037719726562,7.221784861141525,-1.3888784512329266,0.0,0.19731978689029317,-33.829354,-11.225801,0.23497400000000002,1.1415630514000001,41.051138861141524,9.836922548767074,-0.23497400000000002,-0.944243264509707,-54.10115389006124,42.21393442700931
1723528520.7046988,306.96773743629456,1723528520.6705072,0.03419160842895508,7.228647934291065,-1.3912415000449383,0.0,0.19761920843738467,-33.659136000000004,-11.026171000000001,0.237198,1.1203216102,40.887783934291065,9.634929499955064,-0.237198,-0.9227024017626153,-52.86695336758231,42.00832065695532
1723528520.8037,307.06673860549927,1723528520.7920933,0.011606693267822266,7.224698426621824,-1.3845886278514097,0.0,0.19797651183431597,-33.489995,-10.83341,0.230127,1.0981627665,40.71469342662182,9.448821372148592,-0.230127,-0.900186254665684,-51.57687316803241,41.797361694043595
1723528520.9036996,307.16673827171326,1723528520.9028807,0.0008189678192138672,7.223712458549278,-1.38584414689038,0.0,0.19794518463207386,-33.322389,-10.648288,0.22731600000000002,1.0759183954,40.54610145854928,9.262443853109621,-0.22731600000000002,-0.8779732107679261,-50.30415950255205,41.59123564145259
1723528520.9937012,307.2567398548126,1723528521.0331128,-0.03941154479980469,7.219419638274478,-1.3918386396748599,0.0,0.19763624289964987,-33.144452,-10.479709000000001,0.219284,1.0549573199,40.36387163827448,9.087870360325141,-0.219284,-0.8573210770003501,-49.120879399730335,41.374866849209695
1723528521.0937006,307.35673928260803,1723528521.0331128,0.06058788299560547,7.224275738056335,-1.3865422197342476,0.0,0.19777700915838192,-33.144452,-10.479709000000001,0.219284,1.0549573199,40.368727738056336,9.093166780265754,-0.219284,-0.857180310741618,-49.11281408720714,41.380767836710135
1723528521.193702,307.4567406177521,1723528521.1543515,0.03935050964355469,7.223704298235405,-1.3912133431659746,0.0,0.1974898848403579,-32.973808000000005,-10.302968,0.21526700000000001,1.0343819461000001,40.19751229823541,8.911754656834026,-0.21526700000000001,-0.8368920612596422,-47.95038301818145,41.17409022567079
1723528521.3037014,307.56674003601074,1723528521.262428,0.04127335548400879,7.223025613368585,-1.383580978703636,0.0,0.19725253119638,-32.796272,-10.126893,0.21426,1.0135267102,40.019297613368586,8.743312021296365,-0.21426,-0.8162741790036201,-46.76906538241371,40.963832754232286
1723528521.359134,307.62217259407043,1723528521.3645873,-0.005453348159790039,7.228455642901344,-1.3848511552553366,0.0,0.19744564173129353,-32.606163,-9.955644000000001,0.21682,0.9927321413,39.83461864290135,8.570792844744664,-0.21682,-0.7952864995687065,-45.56655992901965,40.74680776852722
1723528521.4337025,307.696741104126,1723528521.4732847,-0.039582252502441406,7.229724778520151,-1.3855589101051395,0.0,0.19770522655020617,-32.421002,-9.790426,0.21452300000000002,0.9710267689000001,39.65072677852015,8.40486708989486,-0.21452300000000002,-0.7733215423497939,-44.308060583190546,40.532307422365946
1723528521.5337038,307.79674243927,1723528521.4732847,0.06041908264160156,7.2342996267122315,-1.38491896801933,0.0,0.21995158181189825,-32.421002,-9.790426,0.21452300000000002,0.9710267689000001,39.65530162671223,8.40550703198067,-0.21452300000000002,-0.7510751870881018,-43.03343831714694,40.53691546834479
1723528521.6337032,307.89674186706543,1723528521.641233,-0.007529735565185547,7.240794741168999,-1.3914073484137455,0.0,0.19824866056390933,-10.53281,-2.8412379999999997,0.088052,0.4122116395999999,17.773604741169,1.4498306515862542,-0.088052,-0.21396297903609057,-12.2591756708141,17.8328569659572
