timestamp_s,x_m,y_m,z_m,qx,qy,qz,qw,frame_id,child_frame_id
1723528213.3738317,0.0,0.0,0.0,0.0,0.0,0.0,1.0,orbslam3_map,base_link
1723528213.5405755,0.0009543820500111149,0.0009190478011369299,0.0010838895088515206,-3.2675785667699994e-05,8.924665049373184e-05,-7.462595729917638e-05,0.9999999926991474,orbslam3_map,base_link
1723528213.7073185,0.000610163171733951,0.0009592129565306933,0.00047798393284613527,0.00010069283041160137,1.8292052165537976e-05,-4.191151485730487e-05,0.9999999938848899,orbslam3_map,base_link
1723528213.8407133,0.0014554786526405398,0.0008868545393354628,0.0005493098513510692,0.0001212753233138605,3.278888552863172e-05,-5.895455846734244e-05,0.9999999903707725,orbslam3_map,base_link
1723528213.9741087,0.0007356369186677714,0.0005477465384328436,0.0009899054437081131,0.0002304696504034274,5.407677392859644e-05,-5.1634687714323254e-05,0.9999999706466506,orbslam3_map,base_link
1723528214.1074786,0.0011731065461798175,0.0004397143391445885,-0.00010576118348982885,0.00014580619651713918,-2.584494110852928e-05,-6.107098529426054e-05,0.9999999871714633,orbslam3_map,base_link
1723528214.2741807,9.45760107502126e-05,-0.0007764253645354043,0.002357539714214516,0.000494522195864658,4.0339466322414176e-05,-5.982023130600092e-05,0.999999875121025,orbslam3_map,base_link
1723528214.4075406,-0.000207170737089278,-0.00021124303066778812,0.002748277784854259,0.0005492426637421433,1.671609487818939e-05,2.6631291463378798e-06,0.9999998490229767,orbslam3_map,base_link
1723528214.5742385,-0.00014636538943497873,0.0005715801020190629,0.0020100489665460133,0.0004366035605476441,-2.4275677513525758e-05,-3.4724378593291925e-05,0.9999999037911154,orbslam3_map,base_link
1723528214.7409358,-0.00016773751787202908,-0.00048744437815665976,0.000794350018132702,0.0004933149603426632,-0.00011897824739841184,-5.3282172079717015e-05,0.9999998698227598,orbslam3_map,base_link
1723528214.8742921,0.0005952488950403208,-0.001143509958328712,0.002661155529104644,0.0005835318033669321,2.9101784279126148e-05,1.137619550032308e-05,0.9999998292571368,orbslam3_map,base_link
1723528215.0076478,-0.0005059050394933582,-0.0005473467681341304,0.003217804417866831,0.0005722334084707178,4.5952352499001325e-05,-1.5160190610848844e-05,0.9999998351037245,orbslam3_map,base_link
1723528215.1743908,0.0001278265512448055,0.0013453274169932285,0.0015540894344253722,0.00035096701001468997,-8.867512481167888e-05,-6.691867388034112e-05,0.9999999322403833,orbslam3_map,base_link
1723528215.374484,-0.0004884422777072428,0.000614371800451018,0.001668504424985942,0.0003486285818663025,-8.2110248480919e-05,-8.127511283107766e-05,0.9999999325551853,orbslam3_map,base_link
1723528215.50788,0.0010309276852374675,0.0010032290953183936,0.00043656776501003976,0.0003010519232285159,-0.0001787264530999909,2.715315534729243e-05,0.9999999383436484,orbslam3_map,base_link
1723528215.6746264,0.001954724934831923,0.0026029316251026,-4.3921627490078115e-05,0.0003459541638569096,-0.00018889615622297244,4.998734018972719e-05,0.9999999210676092,orbslam3_map,base_link
1723528215.8413723,0.005790294800382371,0.0025485639973624402,0.0020739090607593057,0.00035770020629520696,-0.00013550007714674083,0.00030552075460609136,0.9999998801736729,orbslam3_map,base_link
1723528215.9747698,0.009407060404223594,0.0009327659752694714,0.0019182993380290254,0.0005084717809481571,-0.00013517289157594553,0.0005719082361950958,0.9999996980528078,orbslam3_map,base_link
1723528216.1415138,0.013808202798829612,0.0008992457895060876,0.0017936706287920386,0.00032576934659692776,-5.469970244033837e-05,0.0008968755398564242,0.9999995432481664,orbslam3_map,base_link
1723528216.3082564,0.02157579994378561,-0.0005085678137259986,0.0014791149403106975,0.0003244378021276398,-6.817875407822419e-05,0.0012467706140826737,0.9999991678270567,orbslam3_map,base_link
1723528216.4750001,0.02582141650582378,0.001476300471058442,0.0002568001481185059,0.0001694527704994822,-0.00012874518479694772,0.0015536745370858516,0.9999987704021784,orbslam3_map,base_link
1723528216.6083953,0.03310028932366669,-0.0012024998491859031,0.0020529086355125866,0.0003122058465726823,-0.00013262969224292037,0.0019458917975374796,0.9999980492190905,orbslam3_map,base_link
1723528216.7417905,0.03842913630147796,-0.001808301637299452,0.002322651512655308,0.0003841018790744506,-0.00012221395665990437,0.0022907461099999347,0.999997295002219,orbslam3_map,base_link
1723528216.875186,0.04331574906790108,-0.0023546233573929634,0.0023289850514208407,0.00039791519144934817,-0.00012343754408641498,0.002687807279857269,0.9999963010525087,orbslam3_map,base_link
1723528217.0085814,0.0494867700902795,-0.0023326113603414017,0.003908020369492514,0.0003274770154897752,-8.000924941197568e-05,0.0030444787427731995,0.9999953087422507,orbslam3_map,base_link
1723528217.175389,0.06050642313504033,-0.003997682569388822,0.001293186992706843,0.00027426471100173186,-0.00024440489575789417,0.003580184574235867,0.9999935236407932,orbslam3_map,base_link
1723528217.3088374,0.06759752592323777,-0.0034951552944087975,0.0013881738181152938,2.203021275037151e-05,-0.0001878633558029908,0.0040498236544466715,0.9999917815414271,orbslam3_map,base_link
1723528217.442287,0.07348530213088997,-0.002794353790708715,0.0018275825896033404,0.00011202193430877424,-0.00024056623391797277,0.004440086938051229,0.9999901075545478,orbslam3_map,base_link
1723528217.5757382,0.08418859075522099,-0.004787386842683292,0.0036911697576128494,0.00021024787225869948,-0.0001115679753997759,0.004868883443240406,0.9999881185906336,orbslam3_map,base_link
1723528217.709191,0.08773150284445029,-0.006565539185687901,0.0038943270908705883,0.0002214753667290239,-0.00011374906217521934,0.00541182128088968,0.9999853249924404,orbslam3_map,base_link
1723528217.8426452,0.09653254920530675,-0.0049017451472283795,0.003810448367113307,0.00011396901391930694,-6.953164498717837e-05,0.005709660534189404,0.999983690843505,orbslam3_map,base_link
1723528217.976101,0.10245428316717227,-0.007005580862713624,0.002666233598383916,0.00021374668783851586,-0.00010570130814421992,0.006216256427635738,0.9999806504606041,orbslam3_map,base_link
1723528218.109498,0.11085918370989002,-0.00711407354782574,0.004213271587547696,0.0002491221223108856,-5.774099947453138e-05,0.006610501178211601,0.9999781176997415,orbslam3_map,base_link
1723528218.2428658,0.11675463940950807,-0.006473172183591386,0.004772538214410637,0.000169757544041588,-4.4413200390555525e-05,0.0069466438339998125,0.9999758563831866,orbslam3_map,base_link
1723528218.442916,0.12690229964260852,-0.009028358626685103,0.0044618433715162605,0.00018999990019876766,-4.350700154632909e-05,0.007671772100250586,0.9999705525264334,orbslam3_map,base_link
1723528218.6096237,0.13961065257094588,-0.0012761635365979712,0.006497180960494408,0.00044353124028490725,-0.00011572489588175514,0.007882794509517548,0.9999688252333211,orbslam3_map,base_link
1723528218.742989,0.1512708110615419,-0.002907595951121597,0.007880182026383208,0.0003276850169975284,-0.00018000446763747043,0.008565310211293458,0.9999632471655674,orbslam3_map,base_link
1723528218.909694,0.17418025358652134,-0.005842271623131369,0.008063793378551209,0.00040501650394196375,-0.0005231331207830158,0.010078189787177437,0.999948994891231,orbslam3_map,base_link
1723528219.0764167,0.20735809158229074,-0.00879279389231935,0.008622868360382837,0.0003279111333140327,-0.0005857913897164371,0.012126250600979235,0.9999262489649418,orbslam3_map,base_link
1723528219.2765682,0.26432487101533136,-0.011853185780171228,0.009936833125357734,-7.003016619686087e-05,-0.00046663320318226267,0.015415364467313463,0.9998810648710023,orbslam3_map,base_link
1723528219.4100037,0.3054589208363675,-0.01769526258693762,0.013037963027305418,-0.00010675545018593142,-0.00035473100404279605,0.018044465477211506,0.999837116751939,orbslam3_map,base_link
1723528219.5767992,0.36908252085710097,-0.020694047605475517,0.015140865734953483,-0.0001533336761466286,-0.00023347253859460612,0.02155551784884775,0.9997676138131428,orbslam3_map,base_link
1723528219.710237,0.4256069495856831,-0.025206609121919042,0.01887009611527558,-0.00021181599817270556,-9.096741410435325e-05,0.024781749496930208,0.9996928587075052,orbslam3_map,base_link
1723528219.8770368,0.5077958402037518,-0.03002814380337878,0.020952268303207226,-0.00017856028765801294,-0.00011585578708547585,0.028879736434815652,0.9995828707601565,orbslam3_map,base_link
1723528220.0104773,0.5796451418348073,-0.03403267160958515,0.025498089414344796,-0.00011717151478179459,0.00010836128610433769,0.03253584832755063,0.9994705563958723,orbslam3_map,base_link
1723528220.143881,0.6566964805244487,-0.03906376763137549,0.028944903345002673,-0.0003697012393478349,0.0002671959703413429,0.03576334694413583,0.9993601827882981,orbslam3_map,base_link
1723528220.2772725,0.7292589286492023,-0.04209009468834518,0.03436489741021693,-0.0005497903096443367,0.00035982632056753415,0.03916388536316993,0.999232584706331,orbslam3_map,base_link
1723528220.4440112,0.8281549684788457,-0.04543845501629448,0.03845695328307475,-0.0008911127623784477,0.0006134394291535324,0.04255161587172124,0.9990936840941479,orbslam3_map,base_link
1723528220.5774028,0.9150886452866271,-0.04542900124106233,0.04171895695190351,-0.001545262590064944,0.0006944414331268049,0.04523707138891149,0.9989748431701262,orbslam3_map,base_link
1723528220.7107944,1.0035172675258963,-0.04993019924019024,0.047733456571030675,-0.0018777880531797792,0.0007979915726925183,0.04738845975144598,0.9988744520728633,orbslam3_map,base_link
1723528220.8775342,1.113032664161254,-0.058313330293637944,0.05508485487725384,-0.0020836643954370055,0.0008619833424793067,0.04977439621152033,0.9987579410493731,orbslam3_map,base_link
1723528221.0109258,1.210952097820969,-0.06695626165582924,0.05926256827974484,-0.0018231900933084965,0.000855710373972414,0.05121158426754894,0.9986857951199903,orbslam3_map,base_link
1723528221.1776345,1.3375164247107176,-0.0720127989570217,0.06509927281311817,-0.0014515768767719352,0.001122345319363641,0.05292158283187745,0.9985969854431385,orbslam3_map,base_link
1723528221.3109949,1.4453211985519436,-0.08520689289421216,0.07248800378803812,-0.0010113203681628388,0.0012538087657164429,0.054501664961309225,0.9985123803494562,orbslam3_map,base_link
1723528221.477694,1.5885505001997946,-0.09145894153669978,0.07808049646260246,-0.0013181912234158568,0.0011778146391532118,0.05614803904537768,0.9984208896231754,orbslam3_map,base_link
1723528221.611052,1.6943191359603582,-0.09813232833711072,0.08540179479277377,-0.0009732243210367247,0.0012428318432748807,0.057615099067372416,0.9983376225320206,orbslam3_map,base_link
1723528221.7444088,1.810363772754619,-0.10106727991525219,0.09184676201020427,-0.0014347453735460976,0.001052140795591327,0.058833986060999155,0.9982661952553705,orbslam3_map,base_link
1723528221.8777647,1.9412934954168222,-0.11159932493648439,0.09788269523806199,-0.0019263648111728922,0.0010230350562890316,0.0602186135971267,0.9981828294928379,orbslam3_map,base_link
1723528222.0111196,2.0736618845850456,-0.11858499220617086,0.1014528281531279,-0.0019826476899855285,0.00060971014418913,0.06118053308863977,0.9981245612310456,orbslam3_map,base_link
1723528222.1444867,2.21375060203558,-0.12726684412941636,0.10365522579401523,-0.0022134398539991884,-0.00020955448947805773,0.06215767554485803,0.9980638657630025,orbslam3_map,base_link
1723528222.2778578,2.3559957149775386,-0.1378605864796913,0.11166940728034316,-0.0025675045216651325,-0.0005371670369101146,0.06252688222778736,0.9980398330582694,orbslam3_map,base_link
1723528222.4445708,2.5496527264421216,-0.14834009003468895,0.12432700217550144,-0.003896434378740739,0.0006645445352785689,0.06237101067464983,0.9980452059937545,orbslam3_map,base_link
1723528222.611284,2.7448347313988912,-0.16428020036261315,0.12877693351347566,-0.004032445735644031,0.001541722634004184,0.061859824677752404,0.9980755104517627,orbslam3_map,base_link
1723528222.7446535,2.9190478273730163,-0.1774461011706629,0.13270642596230134,-0.0038715624186793775,0.002233436129225766,0.06145552376720009,0.998099815332111,orbslam3_map,base_link
1723528222.9113648,3.128818319289838,-0.19167572821393097,0.14017406334697619,-0.0036384291678048485,0.002894701297513392,0.06066626482561844,0.9981472771338391,orbslam3_map,base_link
1723528223.0447333,3.2966477961554914,-0.20009541411905224,0.15062479839967635,-0.003717257677805575,0.003252623546771571,0.06015244760484241,0.9981769810422231,orbslam3_map,base_link
1723528223.211444,3.5059214507642813,-0.22111392796770152,0.15870051591944784,-0.003232522079527356,0.0032106859820990475,0.05956178254270431,0.9982142236799,orbslam3_map,base_link
1723528223.3781524,3.71866037461323,-0.23869297335128276,0.1671480167111535,-0.002887940667063189,0.0030718945467152424,0.059028814467214384,0.9982473753159548,orbslam3_map,base_link
1723528223.5115187,3.8907855148110198,-0.248864809142679,0.1747417414132315,-0.003543642003087179,0.0026370591004289696,0.05857371765117628,0.9982733133371717,orbslam3_map,base_link
1723528223.6782262,4.109455829669882,-0.26169943687196723,0.18761550196054932,-0.004561984395013786,0.0029759850491174705,0.05798344061604768,0.9983026857750571,orbslam3_map,base_link
1723528223.8115914,4.302965904237058,-0.27676847905426016,0.19824732178864474,-0.005578004545464909,0.0041473453885958605,0.057754500161754756,0.99830661777962,orbslam3_map,base_link
1723528223.9449556,4.503886709005218,-0.29645402469895665,0.20103439668596712,-0.005539445639642298,0.004055527628957912,0.05693561663477952,0.99835424714681,orbslam3_map,base_link
1723528224.1116645,4.752992585142874,-0.31953445394208313,0.21822627307952935,-0.006111818002610637,0.0026166393427610756,0.056142353359320676,0.9984006385407264,orbslam3_map,base_link
1723528224.245037,4.952622028059909,-0.330273388664884,0.22309890771462348,-0.006065081965519975,0.001742810313743329,0.05555969906608979,0.9984354246683396,orbslam3_map,base_link
1723528224.378409,5.170661853512033,-0.3539384664995766,0.23224875209638596,-0.005970648300540127,0.0017020409931154915,0.05504607007204327,0.9984645134329777,orbslam3_map,base_link
1723528224.5117805,5.387692252001258,-0.3587525710604894,0.23585707115337906,-0.005630187075080014,0.0010683322022618708,0.054502945758378746,0.9984971650252515,orbslam3_map,base_link
1723528224.6451514,5.605330925315253,-0.3724462529150552,0.24668940865643524,-0.005378001589974327,0.0001584733061095693,0.05365119599805956,0.9985452424167306,orbslam3_map,base_link
1723528224.7785218,5.827970067891909,-0.3939959324812633,0.2605335283014341,-0.006324597104158619,-0.0006992321588637767,0.05323605957878387,0.9985616818736749,orbslam3_map,base_link
1723528224.9118915,6.032872574393042,-0.41201460172742854,0.27352717042170516,-0.006815621772821897,-0.001574723996075186,0.052734300097064736,0.9985840781513888,orbslam3_map,base_link
1723528225.0452611,6.2978683476956725,-0.44280291843681985,0.28293463932022594,-0.007650023219510723,-0.002369573266232356,0.05295473024524126,0.998564799505736,orbslam3_map,base_link
1723528225.1786344,6.532478269661265,-0.4591622779746515,0.29006944440230104,-0.008248221272635416,-0.002668304904533579,0.0527876654237764,0.998568129560463,orbslam3_map,base_link
1723528225.345351,6.827602123018087,-0.48730924223171534,0.30720208239250146,-0.007116423326776014,-0.0016184630158282095,0.05272891959584597,0.9985821939804231,orbslam3_map,base_link
1723528225.478723,7.061629868194628,-0.5090365258263635,0.32011427691836114,-0.007042551541541348,-0.00155686463822636,0.05336590117706867,0.9985489768818765,orbslam3_map,base_link
1723528225.6454368,7.356264770266044,-0.5374841357400704,0.33374181145881654,-0.006309136030891683,-0.0008710063160129868,0.055191799754723984,0.9984554578900231,orbslam3_map,base_link
1723528225.7788076,7.5935475307113895,-0.5536962932015097,0.34689055739708835,-0.006082433742305012,-0.00021132766479838445,0.05646298331312954,0.9983861431609364,orbslam3_map,base_link
1723528225.9121778,7.829859695967456,-0.577758375128225,0.36686574840758385,-0.005727815502303257,0.00013664385644942542,0.058564775150675014,0.9982671689330361,orbslam3_map,base_link
1723528226.0455472,8.010964199384143,-0.5851685517675793,0.37400503889758285,-0.007364274265926707,-0.0008220300296403743,0.06069454722936729,0.9981288812912833,orbslam3_map,base_link
1723528226.2122595,8.288864148885388,-0.6058273847921014,0.38648243535451277,-0.007910777717285414,-0.0031020973349508885,0.06313845577372747,0.9979686027077913,orbslam3_map,base_link
1723528226.3789697,8.57153109749637,-0.6222009011458551,0.3980603630058235,-0.0076042757949938405,-0.0033292238725625475,0.0660085677366112,0.9977845259590876,orbslam3_map,base_link
1723528226.5456796,8.855109420798438,-0.6336119781505894,0.41275693688732973,-0.008342524536838399,-0.0028995170387545576,0.06869261584010279,0.9975987768709114,orbslam3_map,base_link
1723528226.7123876,9.128659168197823,-0.6453072949990655,0.42833888571640966,-0.00816453538241525,-0.003397081845861789,0.07087687752121302,0.9974458724310632,orbslam3_map,base_link
1723528226.8457537,9.365529413471906,-0.643999743450725,0.44424762601053336,-0.007827926273468688,-0.0035131416248276024,0.07309510456871716,0.9972880662548156,orbslam3_map,base_link
1723528227.0124605,9.638926722983566,-0.649789481964762,0.45807639495203356,-0.008536332346983245,-0.0032226829295339985,0.07545440126047186,0.9971075060770634,orbslam3_map,base_link
1723528227.1458845,9.857360709170736,-0.6607111505636203,0.47818608664280704,-0.008521720685022403,-0.0021404335112735515,0.07732616474334769,0.9969671323905492,orbslam3_map,base_link
1723528227.3126912,10.141358348196718,-0.666511100900278,0.4918207453280592,-0.008085369375071047,-0.0014560415990691098,0.08004815231635695,0.9967571419637121,orbslam3_map,base_link
1723528227.479502,10.41248496354019,-0.686026704740132,0.5088822369787149,-0.007096623965295521,-0.002942723866714421,0.08292206352171792,0.9965264219707572,orbslam3_map,base_link
1723528227.6463149,10.701992552240204,-0.7011362023425913,0.5174061540019391,-0.008000622264487408,-0.004838989480084582,0.08566807331272278,0.9962798579912567,orbslam3_map,base_link
1723528227.7797678,10.917157059069776,-0.7052816731735694,0.5323841362061911,-0.008837417358486083,-0.005050010964198151,0.0877296002028277,0.9960923223737574,orbslam3_map,base_link
1723528227.9465873,11.17216803755828,-0.6940229456019749,0.5492582273945371,-0.009703436009818553,-0.004573391707918107,0.08993271373681987,0.9958900714525778,orbslam3_map,base_link
1723528228.113378,11.448586409312206,-0.6798947974452652,0.5745104894097893,-0.009919493058710458,-0.004682159325511569,0.09185062449002922,0.995712380068813,orbslam3_map,base_link
1723528228.2467756,11.676228067585484,-0.6819847225168563,0.5930850436330151,-0.009326346832092658,-0.003943035948735172,0.09399059616281824,0.9955215917071978,orbslam3_map,base_link
1723528228.4135227,11.92878921803475,-0.6828262354734085,0.6123494750839685,-0.007581170335773612,-0.004279062790178394,0.09669771602978466,0.9952757242054088,orbslam3_map,base_link
1723528228.5469203,12.137125586292388,-0.6850756648423697,0.6234242148477256,-0.007235299494586643,-0.004313280268531849,0.09860863528757825,0.9950906406460017,orbslam3_map,base_link
1723528228.6803179,12.37659220949085,-0.6834566193483271,0.63791365715326,-0.0075132755734700525,-0.003910044875365807,0.10031223481269708,0.9949199554668265,orbslam3_map,base_link
1723528228.8137155,12.589258667604193,-0.6760631237409389,0.6478362582781965,-0.007883528950479618,-0.003578395959673315,0.10172699989593996,0.9947746792846178,orbslam3_map,base_link
1723528228.9804623,12.920374639197643,-0.6571642051633573,0.6598200491652856,-0.008612159956828293,-0.004331659282160884,0.10334597453834532,0.9945987517463819,orbslam3_map,base_link
1723528229.1472344,13.219580698072544,-0.6622027413336622,0.6821702233469764,-0.00852720023523176,-0.0039021753711810025,0.10544738060480639,0.994380666448773,orbslam3_map,base_link
1723528229.2806652,13.474146534702246,-0.6573745406463694,0.6889516336291801,-0.008470292848659666,-0.0034842083022006013,0.10758884645918383,0.9941532852378184,orbslam3_map,base_link
1723528229.4140973,13.689595015712916,-0.6554272545336972,0.7017163949599641,-0.008748332476722648,-0.0030249939774996486,0.10902160415890554,0.9939962806353613,orbslam3_map,base_link
1723528229.6142473,14.046556279273243,-0.6457473042111015,0.7284109795496273,-0.009476443801616167,-0.002705227656526146,0.11145756760743623,0.9937203275465563,orbslam3_map,base_link
1723528229.7476819,14.280003912103169,-0.6402358428800068,0.7457983808515637,-0.009643637940012773,-0.002569243057174356,0.11323054351901846,0.9935186174661161,orbslam3_map,base_link
1723528229.8811176,14.551359755724503,-0.606506864981522,0.7497072512968611,-0.010040559358794426,-0.0031069867718053292,0.11390231169065927,0.9934363578974178,orbslam3_map,base_link
1723528230.047913,14.870808048230021,-0.5968638293618227,0.7700683527728593,-0.009335394195579999,-0.0022312172076351996,0.11636180560223404,0.993160511841854,orbslam3_map,base_link
1723528230.1813068,15.103809135196913,-0.582251213001288,0.7840835266873436,-0.008607841199408635,-0.0019898434519030673,0.11772612278565794,0.9930068003829475,orbslam3_map,base_link
1723528230.348049,15.403460505408507,-0.557905888840915,0.7968394365361661,-0.010307424344986292,-0.002983153207232564,0.11920861484793685,0.9928112428585562,orbslam3_map,base_link
1723528230.51479,15.720462824046,-0.5387411699377429,0.8136887933195383,-0.012246796399738904,-0.0036527783081138,0.12076614412617159,0.9925987163106106,orbslam3_map,base_link
1723528230.6815317,16.102233584763834,-0.5409565323283592,0.8435131855663126,-0.012208690458792075,-0.003598911118032255,0.12334674760470622,0.9922820040549898,orbslam3_map,base_link
1723528230.8149242,16.34183251743801,-0.5248620312672898,0.856273364135394,-0.011547126474831432,-0.004116153900647701,0.12410697693624102,0.992193115992541,orbslam3_map,base_link
1723528230.9483166,16.612227504099355,-0.5168885413916455,0.8720055612266151,-0.00995618075795309,-0.003648237982531156,0.12537656908844547,0.9920525594684729,orbslam3_map,base_link
1723528231.1150515,16.92982822239336,-0.4964340111046792,0.8873626428394602,-0.009397519538883403,-0.004426087314129498,0.12618422655423325,0.9919524370384469,orbslam3_map,base_link
1723528231.248433,17.165367796028082,-0.4819968899396154,0.884008353097385,-0.00997738706124125,-0.004930419517577061,0.12727135405705298,0.9918054976391768,orbslam3_map,base_link
1723528231.4151602,17.505631987861456,-0.45563574989697697,0.8981474556488596,-0.010506688730827848,-0.0041626936516245714,0.12903271592959492,0.991575937431576,orbslam3_map,base_link
1723528231.5485413,17.777476152692927,-0.44479454440532695,0.9144731937479591,-0.01060881170393725,-0.004239729301409978,0.1305761593798529,0.9913724549387524,orbslam3_map,base_link
1723528231.6819215,18.08167507782827,-0.41706459133949014,0.9427087344844971,-0.010026400438750329,-0.0037426064647104362,0.13343154216850012,0.9910002460875719,orbslam3_map,base_link
1723528231.8153017,18.359837375340785,-0.395168315694141,0.9595538444552134,-0.009287301883428955,-0.0034159843394047074,0.1363004219061382,0.9906181262539706,orbslam3_map,base_link
1723528231.9486814,18.608616273287744,-0.35755851984760056,0.973640306861721,-0.007694668354289292,-0.004116857898526573,0.1386627138552526,0.9903012144525811,orbslam3_map,base_link
1723528232.082064,18.961612924497775,-0.333274997156884,1.0008183169034828,-0.0065212532458415835,-0.004984621027489736,0.14288440119087334,0.9897053474169176,orbslam3_map,base_link
1723528232.2155101,19.2264566081133,-0.2997137510742305,1.0163110799144734,-0.00582658096886576,-0.005718319496929654,0.14834944464326563,0.9889013065267833,orbslam3_map,base_link
1723528232.3823195,19.5317914839593,-0.24788790659662707,1.0318375101128363,-0.00528735773927215,-0.006585406940572985,0.15555369788563514,0.9877913359296429,orbslam3_map,base_link
1723528232.5157688,19.776565767903815,-0.1836708962621687,1.0525794897245595,-0.005595101396978431,-0.004277657438115703,0.16203603457164747,0.9867597073186033,orbslam3_map,base_link
1723528232.6825826,20.105462368533104,-0.1224387801023914,1.0677220045837854,-0.00789457426727415,-0.0025804580601732395,0.17019116113103908,0.9853760630369539,orbslam3_map,base_link
1723528232.8160348,20.362553009144825,-0.0645528104250288,1.0869683486489796,-0.009068537654960603,-0.000702750636509558,0.17739249418736405,0.9840981509851187,orbslam3_map,base_link
1723528232.9828515,20.691270247874,0.01976150241945529,1.095907362328478,-0.009968830040273123,0.0009134627758312883,0.1875831969590824,0.9821977052671195,orbslam3_map,base_link
1723528233.1162963,20.973520656471806,0.07653787122701416,1.1329083218884406,-0.009081961618815216,0.0038844448766135456,0.1971387690775675,0.9803258309295623,orbslam3_map,base_link
1723528233.283067,21.305406257744366,0.15492972445900444,1.1518552821055532,-0.00731218465627936,0.006235762190926052,0.21079649660120167,0.9774827283620465,orbslam3_map,base_link
1723528233.449839,21.632866260760636,0.26273791108670785,1.145691247526052,-0.007568996105588551,0.006088367628731011,0.22438191567929044,0.9744528710992969,orbslam3_map,base_link
1723528233.6166136,21.936993106545156,0.37141669926764287,1.1470378904772556,-0.009928529083855043,0.0054660176950776535,0.23833138635749443,0.9711177566277444,orbslam3_map,base_link
1723528233.7500346,22.17466170022226,0.4731475511834953,1.1576897120877478,-0.012336070891842969,0.0048082300790780325,0.24937703281882015,0.9683159596851325,orbslam3_map,base_link
1723528233.9168117,22.458158528575762,0.6053758093014574,1.1626128677449723,-0.01493458516929679,0.004145708273208402,0.2627721668156187,0.9647334137551986,orbslam3_map,base_link
1723528234.083592,22.744811790478742,0.7437734438227297,1.170343970809351,-0.01631161662439622,0.0020330822635498996,0.27712475987380103,0.9606933252628003,orbslam3_map,base_link
1723528234.2502947,22.986784894925442,0.870606377950323,1.191771712193874,-0.01673807252840069,0.0009355015658343281,0.2912903310357066,0.9564877964772801,orbslam3_map,base_link
1723528234.5503566,23.437801653294645,1.125303151927083,1.222816171941205,-0.01906849363800352,-0.001261844653820512,0.31704312420032005,0.9482185706342962,orbslam3_map,base_link
1723528234.6837158,23.664839053861968,1.2586031888694116,1.2325588114204418,-0.02017708262649752,-0.0014542165014051775,0.3288500679509697,0.9441654534030004,orbslam3_map,base_link
1723528234.8170736,23.881029995281576,1.3984553858908138,1.2359340148173068,-0.0214844850653256,-0.0022157803295568103,0.3405400973230537,0.9399818877692347,orbslam3_map,base_link
1723528234.9504304,24.10057464794486,1.5535406699190046,1.2420411856316707,-0.02271695386415942,-0.0021055573728701238,0.3523048773251574,0.9356071718665848,orbslam3_map,base_link
1723528235.0837862,24.3232456426161,1.720287673871077,1.2510257304973063,-0.02377903977153754,-0.0013992904663947933,0.36451732908244483,0.9308918927847288,orbslam3_map,base_link
1723528235.2505405,24.587923451776824,1.9276372719949197,1.2662240846464752,-0.023783943738341543,-0.0010694801796745817,0.37858207922030074,0.925261470896541,orbslam3_map,base_link
1723528235.3839452,24.807095157103806,2.1039755902537323,1.279725793464292,-0.025290885717056583,-0.000646097013146388,0.3903038069434255,0.9203384659698657,orbslam3_map,base_link
1723528235.5173512,25.01498763917333,2.287611830750871,1.2931055550369857,-0.025831728731687965,-0.0009421790033774803,0.40105772474122353,0.9156880121061164,orbslam3_map,base_link
1723528235.68411,25.27525617114661,2.5102775827754735,1.3110355803700613,-0.026362617873522145,-0.0026393697151178147,0.4146549423289024,0.9095929446233497,orbslam3_map,base_link
1723528235.8175173,25.46983827947516,2.6988937496800753,1.3222589456317875,-0.02654353406018912,-0.003247452376667781,0.42490242068389067,0.9048440902993327,orbslam3_map,base_link
1723528235.9509258,25.6554187767353,2.880050625295758,1.3388535850623822,-0.027003912002045077,-0.0039529365468893305,0.4353408280224787,0.8998519469812492,orbslam3_map,base_link
1723528236.0843349,25.86650523371317,3.0721046777595333,1.3536502950496958,-0.027425878292542574,-0.00405091830128616,0.446025950963354,0.8945905556890452,orbslam3_map,base_link
1723528236.2510614,26.27940405233489,3.404261604302837,1.3792313977513895,-0.02524554650626067,-0.0038876056500000904,0.4619944589523946,0.8865149004958657,orbslam3_map,base_link
1723528236.4177885,26.516922694802524,3.6677386148157005,1.3895727733435996,-0.026165253047277744,-0.0038296048745968736,0.47513500998731817,0.8795154552046412,orbslam3_map,base_link
1723528236.5511696,26.692513195746216,3.890069392224997,1.4042219939347111,-0.02809471382182597,-0.002940423623653938,0.48502265714703413,0.8740452293893113,orbslam3_map,base_link
1723528236.6845505,26.9245415078638,4.136954532111958,1.4092276812456117,-0.02897331940090582,-0.002146464813657859,0.49607909407679607,0.8677911453060824,orbslam3_map,base_link
1723528236.8179312,27.113739458874317,4.381522641352906,1.4200411657809282,-0.030484562910287272,-0.0009162202229071385,0.5057886358781168,0.8621181518685392,orbslam3_map,base_link
1723528236.9513113,27.29249873037211,4.6141881877945075,1.4327972987195599,-0.031250632526627256,-0.00015273269324797214,0.5144396461585155,0.8569569563867906,orbslam3_map,base_link
1723528237.118038,27.483287022769257,4.907444625817721,1.4399783834549487,-0.032051879532317334,-0.00023464624100202316,0.5232777641650148,0.8515591602995358,orbslam3_map,base_link
1723528237.2847729,27.69864275793835,5.207516937642665,1.461597828704879,-0.032238485549489826,0.00031318105548592987,0.5309190596444747,0.8468090304627889,orbslam3_map,base_link
1723528237.4181602,27.96978346373866,5.481683992768487,1.4617208235066461,-0.0324528673768646,-0.0005962193269134297,0.5364639896096755,0.8432987867734685,orbslam3_map,base_link
1723528237.5515468,28.12803582427805,5.716204375740911,1.4715523992565247,-0.03273708151948055,-0.0018565809510029316,0.5413898116824888,0.8401320779539122,orbslam3_map,base_link
1723528237.7182796,28.317549267363376,6.012605349333076,1.475561378891201,-0.03360906916182718,-0.0033631871274750883,0.5471177148064406,0.8363739149372125,orbslam3_map,base_link
1723528237.8516655,28.490631532177225,6.279176516325489,1.4933893215826297,-0.03516707198794409,-0.0039819763564408585,0.5513823206348781,0.833501624115627,orbslam3_map,base_link
1723528238.0183978,28.688138921953442,6.589937483582315,1.4977644528482137,-0.03629537271734186,-0.005289584246238983,0.555393714213542,0.8307782426315086,orbslam3_map,base_link
1723528238.1517684,28.839320534482674,6.835855134580151,1.5077221222317194,-0.03797795629832614,-0.005967914816185195,0.5568928721293621,0.8296941531670927,orbslam3_map,base_link
1723528238.2851238,29.01933759536093,7.081314188040195,1.5220510871676896,-0.038431281641269806,-0.00538036823144894,0.5569184969653306,0.8296600966461992,orbslam3_map,base_link
1723528238.4184775,29.195089458070868,7.334728730148182,1.535421912551813,-0.03721995903252016,-0.0040944926600531934,0.5567676084838151,0.8298239210354733,orbslam3_map,base_link
1723528238.5851674,29.465178976864518,7.656422559939184,1.563467623284659,-0.034653784087468574,-0.0025421606173447386,0.5571783669072132,0.8296655471444054,orbslam3_map,base_link
1723528238.7518566,29.678753070152425,7.968742893521855,1.56622783551756,-0.03508430397143162,-0.002017529591670949,0.556791260536592,0.8299087379822313,orbslam3_map,base_link
1723528238.885206,29.845896255680227,8.225002944975332,1.584460738055745,-0.036505656279398675,-0.0019286737122505744,0.5565152137824627,0.8300327909823695,orbslam3_map,base_link
1723528239.0185542,29.985243136873517,8.485613746838013,1.5837032379182598,-0.03900552807977734,-0.0032250665894721234,0.5549174540250831,0.830984227854555,orbslam3_map,base_link
1723528239.1852636,30.182624849310482,8.801559341606687,1.5900788371094143,-0.039921211913796516,-0.00390164124495719,0.554855638234263,0.8309791181218563,orbslam3_map,base_link
1723528239.3186448,30.35478819087201,9.037894227024394,1.6005943180256124,-0.03802434576718876,-0.004203305312101521,0.5556161863084516,0.8305583271905005,orbslam3_map,base_link
1723528239.4853709,30.50328574182972,9.330469293636511,1.613977418826984,-0.03523477456588201,-0.002722540747811382,0.5558246917279359,0.8305480181775843,orbslam3_map,base_link
1723528239.68544,30.727028419884668,9.698412279367062,1.6178471876003335,-0.03366989164218721,-0.003944452651682407,0.5558510720903491,0.8305903715707832,orbslam3_map,base_link
1723528239.818819,30.888571219440706,9.93932027366434,1.6300937232148074,-0.03451390809816543,-0.004107284675697442,0.5565872120877496,0.8300618023380973,orbslam3_map,base_link
1723528240.018886,31.108796158599176,10.304247863109904,1.6410193628399896,-0.03765453400737661,-0.004238015729828042,0.5567123439330698,0.829840672300357,orbslam3_map,base_link
1723528240.1522796,31.259804395746997,10.520464129221281,1.666832935880601,-0.03765896033901674,-0.0025928651988153853,0.5581641412836807,0.8288714442790851,orbslam3_map,base_link
1723528240.31904,31.463581005051687,10.825172771264342,1.6754668886009978,-0.03887023764006179,-0.0017668145932860822,0.559467539831277,0.8279384366407545,orbslam3_map,base_link
1723528240.4524488,31.604950924164214,11.06165599838742,1.6859277771899914,-0.03815331329831089,-0.0010056488116998931,0.5602243033776689,0.8274612034771383,orbslam3_map,base_link
1723528240.619211,31.825355591754292,11.381119811146537,1.690694578092414,-0.037507101597300196,0.0003180868050370154,0.5618489043369252,0.8263890880486933,orbslam3_map,base_link
1723528240.75262,31.9824384537065,11.623498784054656,1.6997613659298487,-0.03627860024710344,0.0008705202281053506,0.5627403869431516,0.825836764900737,orbslam3_map,base_link
1723528240.9193814,32.18633705367962,11.943897057259402,1.6974339155363343,-0.03688916543530477,-0.0015642743737950785,0.5652611511442497,0.8240852950552193,orbslam3_map,base_link
1723528241.0527909,32.33256625196064,12.184920389699855,1.7027693352718802,-0.036376684540969366,-0.0022144736670422047,0.5663112744433961,0.8233853128192664,orbslam3_map,base_link
1723528241.3529172,32.71083842184266,12.763085771593108,1.736105690806886,-0.03684160155693234,-0.0040037949348568835,0.5702259573509707,0.8206515847690838,orbslam3_map,base_link
1723528241.519649,32.88825970986047,13.073245904875689,1.747585795065808,-0.03778416180456742,-0.0057891772596926,0.5719234177462378,0.8194159180641077,orbslam3_map,base_link
1723528241.6863816,33.05783252073561,13.380489119760227,1.7441682949989257,-0.03794152929002551,-0.006346353128300316,0.5734858675277975,0.8183117522698758,orbslam3_map,base_link
1723528241.8197665,33.20980297363402,13.628828498241763,1.7533910886403152,-0.03763041556917085,-0.005263656587506523,0.5752856935597299,0.8170695298008125,orbslam3_map,base_link
1723528241.9864967,33.41780899039346,13.955990578521563,1.7742057301896499,-0.03610976882089101,-0.002289085768828512,0.5774709096710225,0.8156090933564721,orbslam3_map,base_link
1723528242.1866353,33.6293348213209,14.32027200751148,1.7839073685544844,-0.03466791151772665,-0.0029085304732378,0.5792096683518742,0.8144359007615009,orbslam3_map,base_link
1723528242.3536682,33.80460995243771,14.65161295085985,1.7895253834316955,-0.03729941266740487,-0.0028354729295139245,0.5815328130210831,0.8126624768547633,orbslam3_map,base_link
1723528242.4873002,33.93561176799737,14.913669683526106,1.7938820383044076,-0.038608754113382875,-0.0023520684690608007,0.5823316569479945,0.8120305863672453,orbslam3_map,base_link
1723528242.620938,34.06972723839074,15.14421629426408,1.8025795179547512,-0.03886625074076175,-0.0014864159586328927,0.584256145762557,0.8106367628350173,orbslam3_map,base_link
1723528242.7879922,34.27100837840574,15.476037698386806,1.8166489296306951,-0.038215622484286296,-0.0005277287637765708,0.5878558594992284,0.8080623590744181,orbslam3_map,base_link
1723528242.9216423,34.39063148099004,15.735338685826315,1.7956305179342626,-0.037623233587153124,-0.0022916853245150987,0.5905096522712734,0.8061498564456113,orbslam3_map,base_link
1723528243.088713,34.54322978285438,16.048668584842268,1.805362999184757,-0.03950257883618679,-0.001910253576895121,0.5946790430670496,0.802989871003004,orbslam3_map,base_link
1723528243.2222118,34.654623546318334,16.297441611101533,1.8104773920657882,-0.04042949275795885,-0.001232034705218784,0.5980163452387381,0.8004626093910455,orbslam3_map,base_link
1723528243.3555496,34.776600774554296,16.555003972606222,1.8159336577479643,-0.041900881707347015,-0.0012485492381345462,0.6022240101860825,0.7972258141783544,orbslam3_map,base_link
1723528243.5222192,34.912762831582626,16.873995921480365,1.819722381901904,-0.04310046856678624,-0.0017807115753957707,0.6073171305141074,0.7932875151291109,orbslam3_map,base_link
1723528243.6888878,35.053648228242494,17.224434003545973,1.8256871857251644,-0.04281894995356267,-0.003452148674087158,0.6118085517927517,0.7898385380238558,orbslam3_map,base_link
1723528243.8555534,35.20325070084233,17.557783706205342,1.8166892443075224,-0.042910832045928195,-0.0023453769296056517,0.6172527206130689,0.7855903758295089,orbslam3_map,base_link
1723528244.05555,35.38202539208267,17.951786567819042,1.810968654552221,-0.04404460551347049,0.000601372893972273,0.6256901703874937,0.7788270165808799,orbslam3_map,base_link
1723528244.2222214,35.492253159668586,18.285606014698864,1.81893855873841,-0.0438666589788443,0.001617120038567193,0.6335351807379404,0.7724676536400472,orbslam3_map,base_link
1723528244.3555675,35.60376268911625,18.56683772060886,1.831952010351016,-0.044507731892467824,0.0029417341365095603,0.6414367430813013,0.7658781317072,orbslam3_map,base_link
1723528244.488912,35.654980614751814,18.848709661266295,1.8242906072892116,-0.045922740918670275,0.003846369278877661,0.6482099302154515,0.7600659140363859,orbslam3_map,base_link
1723528244.6555903,35.75806055639174,19.203087522848605,1.8171926499089144,-0.046207523643867925,0.004397914994089728,0.659108826909592,0.7506138004275351,orbslam3_map,base_link
1723528244.8222675,35.86880047469324,19.58870299112551,1.7758314914903732,-0.042889970903278694,0.002809103319332568,0.6720853570259068,0.7392251566375543,orbslam3_map,base_link
1723528244.9889414,35.944764075218465,19.94444674319859,1.7887637967057537,-0.040308184447033386,0.0023278590458091497,0.6852406284646901,0.7271967494702952,orbslam3_map,base_link
1723528245.1222794,36.0038725953965,20.253712906748977,1.8294162864315577,-0.04117593557860635,0.00402909901375373,0.6963073487450817,0.7165503365249081,orbslam3_map,base_link
1723528245.2556264,36.03971269236511,20.54635196894694,1.8258530820816823,-0.04155084325429941,0.0033236880719132644,0.7084586697515072,0.7045202578892833,orbslam3_map,base_link
1723528245.4223132,36.05662677156044,20.959708318046665,1.8372581949315352,-0.04183053596249591,0.0033418916811416973,0.7220622011679285,0.6905542814765597,orbslam3_map,base_link
1723528245.5556612,36.0761112902491,21.257917161525135,1.8318911288480475,-0.040321387294083244,0.004548215516767918,0.73475935468975,0.6771131295124883,orbslam3_map,base_link
1723528245.7223444,36.0976788551759,21.670893358118633,1.8280258780010412,-0.03957599413190287,0.008134157249630259,0.7502199265058657,0.6599527544058312,orbslam3_map,base_link
1723528245.8556907,36.08492433374202,21.97152050590546,1.8192666018625951,-0.044271704113811074,0.009712059171616732,0.7620497607236532,0.6459302240200013,orbslam3_map,base_link
1723528246.0223722,36.04160484313904,22.339268620597878,1.8225066449823184,-0.04736650506755527,0.009874642302623797,0.775434741240993,0.6295711776388708,orbslam3_map,base_link
1723528246.1557167,36.01306373730396,22.616173240788484,1.8188386433254076,-0.04472969759650115,0.00879390617943605,0.7882222302640804,0.6136999568881782,orbslam3_map,base_link
1723528246.2890615,35.957853746631876,22.906935705642393,1.835405417787177,-0.04290585099664545,0.010848795451372942,0.8007833801539099,0.5973168084499101,orbslam3_map,base_link
1723528246.4557402,35.86590089176805,23.243082258379356,1.829945603205428,-0.04132360022296584,0.01120874198981317,0.8169838096410288,0.5750688471409745,orbslam3_map,base_link
1723528246.6224182,35.781321179886454,23.576276299738332,1.7815832508037281,-0.036070202872036536,0.008453391436319747,0.8343846585862269,0.5499361073378798,orbslam3_map,base_link
1723528246.7557585,35.690865214115696,23.823086900783405,1.7805393758829209,-0.03652258502644849,0.009008182982375797,0.8480641656232931,0.5285566425729694,orbslam3_map,base_link
1723528246.889098,35.559271156653274,24.046416313039607,1.7639337808105062,-0.03770907638174995,0.0058747699685304956,0.8602380339966418,0.5084624248672116,orbslam3_map,base_link
1723528247.0557694,35.36780931839103,24.297428917170972,1.7788596660322904,-0.04161397205710297,0.0014558101844261656,0.87478102422377,0.4827259238992138,orbslam3_map,base_link
1723528247.2224424,35.19467499408544,24.56474308035542,1.776763585761807,-0.04109385389707626,0.0009430209523028883,0.8884777059676157,0.45707523656603016,orbslam3_map,base_link
1723528247.3891144,35.03660601524972,24.82397723357839,1.7775754536859867,-0.04091599439553551,0.0029694810397947443,0.9012261038007083,0.4314030289800638,orbslam3_map,base_link
1723528247.5557854,34.844301485736935,25.057778972703062,1.7632981697976422,-0.041353284299954295,0.002436848753087045,0.9120840563763822,0.4079051872062502,orbslam3_map,base_link
1723528247.6891196,34.68079688351395,25.2409423169871,1.7432849443869491,-0.041461378614335354,0.00034179379132243034,0.9206423624834673,0.3881990181096069,orbslam3_map,base_link
1723528247.855785,34.489181407408736,25.4453647979817,1.740932566919584,-0.04152054382021181,0.0007249929045362874,0.9300155845846376,0.36516644322261743,orbslam3_map,base_link
1723528247.9891157,34.310763810901605,25.61906503063999,1.742050841721134,-0.0427666695424586,0.0012290015246977791,0.9368606816312098,0.34707573344301007,orbslam3_map,base_link
1723528248.122445,34.1440413698837,25.778486723780752,1.737681800684311,-0.04331178952751921,0.0007879046959754048,0.9430150012909424,0.3299184375483703,orbslam3_map,base_link
1723528248.2558224,33.96764332723443,25.964252292223062,1.7332292081297538,-0.04305694035486337,0.0022108009564623795,0.9488320103617931,0.31282427712568406,orbslam3_map,base_link
1723528248.3892167,33.789931121269184,26.11161165743498,1.7194642757035123,-0.043337621639486075,0.0020813973510876733,0.9537937083202495,0.2973131014678068,orbslam3_map,base_link
1723528248.5559611,33.559610862867565,26.29548241354349,1.710133015416254,-0.044285592096562694,0.00139909962399798,0.9591196099933283,0.27951100618606156,orbslam3_map,base_link
1723528248.6893568,33.376161980391174,26.423164851717154,1.7047757311171265,-0.045314553848424706,0.0009568477737425925,0.9629895768521374,0.26570049026299825,orbslam3_map,base_link
1723528248.8227537,33.19121722942488,26.545141137869628,1.6913580589242458,-0.04611350693297667,-0.0002977316063241259,0.9662599039958863,0.25340728830105436,orbslam3_map,base_link
1723528248.9895,32.963052093315085,26.692839937356013,1.6850002846853158,-0.046637012255849694,0.0006194732103350158,0.9704572811933558,0.23672192699365513,orbslam3_map,base_link
1723528249.1562486,32.72651894733781,26.842515153678445,1.6765404018583916,-0.04577493896168694,0.0008422162262396158,0.9743929420230678,0.22014163661268785,orbslam3_map,base_link
1723528249.323005,32.4846652354238,26.976953321465317,1.6619681471107803,-0.04495440927494517,3.190542455029566e-05,0.978198375631096,0.20274870648531867,orbslam3_map,base_link
1723528249.4564106,32.28532235680172,27.09130515418554,1.6618452979343696,-0.045091442156843145,0.0013217342056300071,0.9808289166436603,0.1895775596913556,orbslam3_map,base_link
1723528249.5898168,32.07697640810416,27.185501700480852,1.6531596379021045,-0.04507672151145811,0.001012056966589717,0.9833064707433834,0.1762823006222307,orbslam3_map,base_link
1723528249.7232234,31.86797813199865,27.27061117770573,1.6425706994955407,-0.04577899223822767,-0.0004334491947183269,0.9855464813229124,0.16310189803761968,orbslam3_map,base_link
1723528249.8899825,31.613656024706238,27.37984217410981,1.6307823716754544,-0.04585512686374206,-0.001789037742664217,0.9879595558174727,0.14774986549302618,orbslam3_map,base_link
1723528250.0233896,31.353058064453002,27.50850404277667,1.630865794891871,-0.04598238488906694,-0.0020345459859905934,0.9897367997827716,0.1352869101513614,orbslam3_map,base_link
1723528250.190132,31.08057950043996,27.615844024472985,1.6200936446498284,-0.046512380521637885,-0.0030662715872540333,0.9913171660372893,0.12295313235766388,orbslam3_map,base_link
1723528250.356807,30.811226671866958,27.709578534845818,1.6011419593580638,-0.0467934663148713,-0.004318799901211807,0.9925642159551818,0.11228533601021823,orbslam3_map,base_link
1723528250.4901452,30.58784406039699,27.798568606640558,1.5899299492461634,-0.046681466694589245,-0.003950821088172798,0.9933165738033957,0.10548656733183885,orbslam3_map,base_link
1723528250.6568148,30.30752494348104,27.89179515628698,1.5730559485090696,-0.047122704593299106,-0.003951648384797468,0.9939125496201007,0.09950718011544048,orbslam3_map,base_link
1723528250.8234832,30.03007365338213,27.996220807701796,1.5584866854682313,-0.0482580044389407,-0.005025588375905768,0.994207123318411,0.09590674852155691,orbslam3_map,base_link
1723528250.9901476,29.720452783775297,28.117623536432948,1.5476139866782677,-0.047524405394562354,-0.004720163116246304,0.9945714748270478,0.09244853926590951,orbslam3_map,base_link
1723528251.1568112,29.430780123832726,28.23137232982952,1.5331149374362827,-0.04774905397146469,-0.0037670363795981186,0.9948668830556435,0.08913878101529914,orbslam3_map,base_link
1723528251.2901776,29.191115463087662,28.318167921780613,1.5213732976960512,-0.04919522366446127,-0.004149750205156277,0.9950365492041265,0.08639950977744125,orbslam3_map,base_link
1723528251.456884,28.89994006134739,28.42608601955284,1.5098483764870068,-0.05036033929267101,-0.0043981000639049745,0.9952382981918934,0.08333800306138275,orbslam3_map,base_link
1723528251.5902488,28.624940764631145,28.533612485866648,1.5008784846758756,-0.051059565459680975,-0.004484162238074633,0.9953941439041847,0.08101426630752545,orbslam3_map,base_link
1723528251.7236125,28.384007629309778,28.621838910990057,1.4879429276499851,-0.05110145867349397,-0.005140129621564942,0.9954848853093091,0.0798252034737543,orbslam3_map,base_link
1723528251.8903167,28.077196630986144,28.725714493707933,1.473346794783231,-0.05145547120897966,-0.006114850194013715,0.9955197443399432,0.07909097116043529,orbslam3_map,base_link
1723528252.0236785,27.789112018780983,28.833526202562254,1.4636031382134695,-0.05300998455318424,-0.005556048109370126,0.9955054794720165,0.07828098241762246,orbslam3_map,base_link
1723528252.1903832,27.481269911956367,28.94465618503328,1.4482609703017522,-0.05288152388664295,-0.00576780833940205,0.9955257146891608,0.07809499478853892,orbslam3_map,base_link
1723528252.357103,27.094797192138817,29.09552938760938,1.4294051507483942,-0.05296460171274148,-0.005745283132280652,0.9956205716645794,0.07682070011030137,orbslam3_map,base_link
1723528252.5238209,26.766656320720962,29.21129234714756,1.4092014496767842,-0.053282769049550316,-0.005756958375756475,0.9956438223040052,0.07629667791288687,orbslam3_map,base_link
1723528252.6905386,26.415340070647364,29.33365800305895,1.3943730215854058,-0.053940409179110235,-0.00690645961120783,0.9957040376328198,0.07494132714950497,orbslam3_map,base_link
1723528252.8239117,26.143413013287862,29.435114132553103,1.3804863689169395,-0.05415362232986605,-0.006820962589943515,0.9957614372849022,0.0740271549784732,orbslam3_map,base_link
1723528252.9906263,25.77718505050521,29.554452783856654,1.3529970877865516,-0.05481906978058492,-0.007296905603995984,0.9958424113528124,0.07238450461261565,orbslam3_map,base_link
1723528253.1573412,25.438372951035827,29.6755045711907,1.3386797730019127,-0.05494781073499441,-0.0071969068060471165,0.9959206000032093,0.0712116641927721,orbslam3_map,base_link
1723528253.2907023,25.147200631050016,29.780891232037295,1.3236402857790315,-0.05483947110152419,-0.007634687055016222,0.9960355180810124,0.06962464135610538,orbslam3_map,base_link
1723528253.4240625,24.864636596206743,29.8740304050659,1.3084199455354057,-0.0543020129255168,-0.007616212747477439,0.9961767569889436,0.06800848131382774,orbslam3_map,base_link
1723528253.557422,24.589521626086384,29.963259959066608,1.2948676059431516,-0.053746861706588864,-0.007842083308867577,0.9963321973904948,0.06612056434345939,orbslam3_map,base_link
1723528253.6907804,24.25938188152251,30.063963656403896,1.2769205893299338,-0.053562415573127166,-0.008419099743887581,0.996501242614385,0.06360392963851177,orbslam3_map,base_link
1723528253.8241382,23.93185002723989,30.196253917524743,1.2535565121958792,-0.0535841723014435,-0.009063168358786695,0.9966476542852853,0.06115593728909664,orbslam3_map,base_link
1723528253.957495,23.660268264941937,30.26798248811051,1.2378588674630282,-0.0537482753234815,-0.009430771231707838,0.9967502988156002,0.059253905058975494,orbslam3_map,base_link
1723528254.1241896,23.237638206436372,30.376455208842536,1.215967450376403,-0.05398318587192987,-0.00916032969222811,0.9969293632937827,0.05597989465602372,orbslam3_map,base_link
1723528254.2575984,22.92345102758469,30.476193141007272,1.193838160545429,-0.0537353614462325,-0.009819054466834343,0.9970594061143805,0.05374604895672706,orbslam3_map,base_link
1723528254.4243824,22.562789903266008,30.59081998843184,1.178191831734724,-0.054110936263112655,-0.009003370732532039,0.9971914940367258,0.0509908826456712,orbslam3_map,base_link
1723528254.5911663,22.19520310658031,30.69799142910191,1.1563047958326456,-0.053488922111130134,-0.009440996694011047,0.997341520855316,0.048576677231140175,orbslam3_map,base_link
1723528254.757952,21.820958757968512,30.80979509282533,1.1505528471523143,-0.05289102789642561,-0.009716675080099614,0.9975018851413299,0.04580518019766243,orbslam3_map,base_link
1723528254.8913805,21.506106330728414,30.894667127697918,1.127196422211324,-0.053488442137171584,-0.00992865106430901,0.9975684571953649,0.04356124027895775,orbslam3_map,base_link
1723528255.0248096,21.203716798710907,30.970747075060522,1.1115150954048976,-0.05414893573111154,-0.009922783303878253,0.9976020894540559,0.04194642115358655,orbslam3_map,base_link
1723528255.158239,20.882108229018595,31.090395570215122,1.0782508475939037,-0.05438515604068126,-0.009462297392910034,0.9977047155245103,0.039217602561028186,orbslam3_map,base_link
1723528255.291622,20.5745519450079,31.175186652328886,1.0607592057703563,-0.05496874704401787,-0.008933996708805887,0.9977511362381449,0.0373000092052075,orbslam3_map,base_link
1723528255.4250069,20.26821864318154,31.259536453064317,1.0502054379067922,-0.05570003318545578,-0.008509210704477792,0.9977699696113859,0.03577970623160863,orbslam3_map,base_link
1723528255.5583913,19.918547881584683,31.333962042855884,1.0305252702963115,-0.05695856839612477,-0.008491510767493668,0.9977801287383661,0.033442942842983936,orbslam3_map,base_link
1723528255.6917756,19.60955556618052,31.414231101807967,1.0120995343414951,-0.05657534172674087,-0.009136330238835545,0.9978491000011805,0.03182658959272064,orbslam3_map,base_link
1723528255.8918512,19.0525410106707,31.55858529482175,0.9801636321842813,-0.056286556298972584,-0.009203489198572801,0.997957834278341,0.02876248196971106,orbslam3_map,base_link
1723528256.0919266,18.546689375520494,31.687199718341933,0.9547838312431662,-0.05650750970144801,-0.008832357099961356,0.9980120085563209,0.026474923848382095,orbslam3_map,base_link
1723528256.2253063,18.19435667186177,31.79168481917543,0.937467881915338,-0.05705390399469386,-0.0094376888183612,0.9980241864103219,0.024566347077807325,orbslam3_map,base_link
1723528256.3920188,17.82115820260042,31.853796058206225,0.9278830117255491,-0.05777884129510064,-0.010262684118655354,0.9980002127912713,0.023491659836065167,orbslam3_map,base_link
1723528256.558732,17.39693740563406,31.97861713707136,0.9086291386613904,-0.058319807741721026,-0.010666807913926827,0.9979761187844759,0.022993163544189572,orbslam3_map,base_link
1723528256.6921017,17.056151446388395,32.054610824215146,0.8748482918580991,-0.05816800720071917,-0.010930036474179792,0.9979829730573203,0.022956539997180288,orbslam3_map,base_link
1723528256.8588135,16.591414289091617,32.166144969120346,0.8496937113494316,-0.059218811667574166,-0.010515584992197928,0.9978980866889885,0.0241239175800359,orbslam3_map,base_link
1723528257.0255253,16.1485095103576,32.27635705057612,0.8199804309778653,-0.059984860539438106,-0.010793581836286871,0.9978136809168642,0.025557254788919192,orbslam3_map,base_link
1723528257.1588945,15.775807099395742,32.376534412731445,0.7774692208979571,-0.060376013618920865,-0.01084334216940148,0.9977633388514505,0.02656084626081457,orbslam3_map,base_link
1723528257.292254,15.437713091746494,32.46527528063574,0.7689232165892427,-0.06154298655275251,-0.010922573279053998,0.9976620965375107,0.027631491662779596,orbslam3_map,base_link
1723528257.425609,15.081912468252009,32.56407509328499,0.7452116736598283,-0.061987358117105776,-0.011410724359763681,0.9976038558515457,0.028529100816105244,orbslam3_map,base_link
1723528257.5923016,14.607574917630306,32.68719611831546,0.7156559457200997,-0.06238985020948327,-0.011306906202191096,0.9975439726748093,0.029760427468914167,orbslam3_map,base_link
1723528257.7589939,14.116696115380803,32.80941647503667,0.6793871287207627,-0.06049549150008063,-0.010647717300288306,0.997642427523045,0.030602425236946503,orbslam3_map,base_link
1723528257.9256837,13.655750294757713,32.94012860958184,0.6438474513595419,-0.05935756717664665,-0.011284786817783882,0.997666161384199,0.03180508189369348,orbslam3_map,base_link
1723528258.059035,13.287843326780663,33.02503420185731,0.626552072108693,-0.05845123776311703,-0.012334837729333793,0.9976551176718421,0.03340016115729543,orbslam3_map,base_link
1723528258.2257626,12.836161038064423,33.170054807361616,0.6005928337055277,-0.05676296167316851,-0.013812639989244889,0.9977074596182959,0.03416141362158015,orbslam3_map,base_link
1723528258.3926506,12.376837017882256,33.300053323001194,0.5703498656066072,-0.0567880890008315,-0.01420751030722966,0.997655688459586,0.03544554813701202,orbslam3_map,base_link
1723528258.5261688,12.008459416906396,33.39247963551921,0.5536262607026458,-0.05664184710870594,-0.013460295700358945,0.9976660364856277,0.03567914291054685,orbslam3_map,base_link
1723528258.6596935,11.634226348391797,33.48643184272347,0.5262088355946886,-0.05706388160570481,-0.01481460059459761,0.9975777062996719,0.03691830060008513,orbslam3_map,base_link
1723528258.793225,11.266476547314525,33.60695892005053,0.5173951982574158,-0.05838569660363359,-0.013394925733968272,0.9975010610392865,0.037460907919959756,orbslam3_map,base_link
1723528258.960149,10.784761559599545,33.75065310529644,0.4895735625961149,-0.058961027954434996,-0.012023023579299191,0.9974659731408876,0.03795624471243301,orbslam3_map,base_link
1723528259.0936952,10.41814850321157,33.874196384185694,0.4682360245815467,-0.05855147085070437,-0.012204853273624977,0.9974960369132664,0.03774153097207484,orbslam3_map,base_link
1723528259.260557,9.961205197414575,33.989837282548635,0.44062525251577445,-0.05814696962011976,-0.013258296430843804,0.9975123148187318,0.03758096971505562,orbslam3_map,base_link
1723528259.3949828,9.595625572012148,34.111947220559024,0.42307130350371774,-0.05902549174716761,-0.013480530298467307,0.9975053058506362,0.036296438209636406,orbslam3_map,base_link
1723528259.5634878,9.105542982831775,34.21385292121569,0.3877672492541697,-0.059251603162123155,-0.0134081091072618,0.997539093975363,0.03500323018948347,orbslam3_map,base_link
1723528259.69833,8.73856225249492,34.308846682315476,0.36569696717005157,-0.05946684194297017,-0.014115600069427407,0.997543873302175,0.03421498767067215,orbslam3_map,base_link
1723528259.8332071,8.375047490988692,34.41223403114453,0.34435440115439897,-0.06105778827298211,-0.014130253088460606,0.9974890636785042,0.032982575409581306,orbslam3_map,base_link
1723528260.0018518,7.929039467820742,34.528702112380444,0.310201952546185,-0.062319108764209104,-0.015488214914438627,0.9974473857711326,0.03122749589596329,orbslam3_map,base_link
1723528260.1705515,7.489840421279356,34.625514460281245,0.2861479202507359,-0.06393696346231023,-0.015562569931701567,0.9973539774129726,0.030901696698790178,orbslam3_map,base_link
1723528260.305544,7.117804873981799,34.715410435052135,0.25900029621805604,-0.06396576512589695,-0.016656891506368718,0.9973996868633311,0.02871921834125212,orbslam3_map,base_link
1723528260.4387858,6.767356589112787,34.803577158323755,0.2386233816301971,-0.06488010402458352,-0.016968377163285017,0.9973803932850361,0.02711083489659388,orbslam3_map,base_link
1723528260.5720224,6.439038837129171,34.88227851209791,0.22706768858384954,-0.06497127685941725,-0.017405241571145248,0.9974206670842201,0.025056009705790156,orbslam3_map,base_link
1723528260.7052538,6.073722967625075,34.966592248841124,0.19872350049292925,-0.06454880953904112,-0.018266796972700578,0.9974564563079615,0.02409134875872258,orbslam3_map,base_link
1723528260.8384805,5.720766271648562,35.05100759553811,0.18043699022143306,-0.06327334664413174,-0.018423144947339803,0.9975944082584465,0.021505067918537773,orbslam3_map,base_link
1723528260.9717016,5.350960708315564,35.148387927556996,0.15080007624984584,-0.06050168168650264,-0.018793935124199888,0.9977939468734188,0.019838702034602574,orbslam3_map,base_link
1723528261.104918,4.98483259165288,35.24620317605626,0.12970109043392988,-0.058822105682285984,-0.018738744714482034,0.9979368360889757,0.017632087407690608,orbslam3_map,base_link
1723528261.2381291,4.611509589522733,35.31752651378261,0.10133094344555263,-0.058086524534166455,-0.018885594175400682,0.9979985336856787,0.01637732461115994,orbslam3_map,base_link
1723528261.3713505,4.2457524237425694,35.40574609991305,0.07977695452462147,-0.057490995568374295,-0.01817084521015698,0.9980742156253007,0.014576210647708305,orbslam3_map,base_link
1723528261.5378854,3.8109868067234545,35.50067051322714,0.06626383209884118,-0.05829251094341386,-0.01643426274850852,0.9980820887073752,0.012807902925460059,orbslam3_map,base_link
1723528261.7044127,3.3715083924688622,35.61017265827486,0.047001772751958215,-0.05908799067520358,-0.01610781469055653,0.998072659418581,0.01000570762030614,orbslam3_map,base_link
1723528261.9042337,2.7442412406124688,35.739798547545604,-0.010658278592197867,-0.05687758445668517,-0.016230091209915278,0.998215059092495,0.008259559713281189,orbslam3_map,base_link
1723528262.0374403,2.38005679386477,35.82813039966345,-0.02893227648101343,-0.056861698914515584,-0.015504404195026564,0.998241844724037,0.006291270862379718,orbslam3_map,base_link
1723528262.2039409,1.9373601806544176,35.91779414392297,-0.05212744235722799,-0.05559810697393858,-0.014776620108513334,0.9983251699069785,0.0061120478798563005,orbslam3_map,base_link
1723528262.3704603,1.4735357843940502,36.01882573091903,-0.0818300487143594,-0.05521210780433155,-0.015158811355304471,0.9983479645035748,0.004814079524294463,orbslam3_map,base_link
1723528262.5370076,1.0198847397135706,36.108919180165174,-0.10513605052603459,-0.05746577927570756,-0.0152335804518339,0.9982221592741415,0.00425945688131311,orbslam3_map,base_link
1723528262.6702397,0.6965425016846076,36.21200366077341,-0.11853376916414438,-0.05698603747168025,-0.014286798791144768,0.9982654405259433,0.0038195765631613044,orbslam3_map,base_link
1723528262.9699936,-0.0815572974448262,36.38625616765083,-0.15354720806538824,-0.05916935607954414,-0.013143647961726347,0.998144415150328,0.005827377077207359,orbslam3_map,base_link
1723528263.136511,-0.5477923175285326,36.4881551987621,-0.1901839327912882,-0.05934011374103188,-0.011747175853253251,0.9981457432796443,0.006769780897540671,orbslam3_map,base_link
1723528263.2697196,-0.9181749288937686,36.56582197053202,-0.2089163235170841,-0.05923561829531044,-0.011354948673828762,0.9981490726747931,0.007786872558204846,orbslam3_map,base_link
1723528263.402979,-1.2780805745573272,36.64543456506165,-0.23403425890002272,-0.05893251561884036,-0.01095438998696545,0.9981617807399873,0.00894535705414321,orbslam3_map,base_link
1723528263.5695689,-1.7074217443176245,36.74562279750249,-0.26136090975800286,-0.05871410177239517,-0.01108150735596949,0.998158757664878,0.010437861116520092,orbslam3_map,base_link
1723528263.7361505,-2.1890024703112463,36.854044343355866,-0.28764487303892194,-0.058599719434351154,-0.010120361935170479,0.9981738966273727,0.010607697593902534,orbslam3_map,base_link
1723528263.8694112,-2.534455534560725,36.940800822765276,-0.3162557822431916,-0.05850536170367863,-0.009943382463800122,0.9981713876034866,0.01149490177558944,orbslam3_map,base_link
1723528264.0026677,-2.943984618883656,37.0309125642063,-0.3427362706980044,-0.05900452209271598,-0.010098604148671345,0.9981348758265449,0.01196888572869332,orbslam3_map,base_link
1723528264.1359196,-3.3020264764071294,37.121688849746626,-0.3695478663193349,-0.058659468286968386,-0.009592275511075997,0.9981518305021283,0.012648252688028242,orbslam3_map,base_link
1723528264.269167,-3.663818661655796,37.20666779181193,-0.38863806056718164,-0.057784438941964174,-0.008896740429483197,0.9981951131067863,0.01372307529757497,orbslam3_map,base_link
1723528264.4024162,-4.02057135602837,37.308175592122815,-0.3986334434055733,-0.053440364424745035,-0.004693233926442678,0.9984316663629178,0.016009641133688784,orbslam3_map,base_link
1723528264.5356617,-4.368921328080875,37.39463403462438,-0.4081225810154552,-0.04741483365032284,-0.005519445420665708,0.9987247545492142,0.01643879322737604,orbslam3_map,base_link
1723528264.6689022,-4.640435664559137,37.46977931708813,-0.4171000051888325,-0.041908810895124785,-0.00966619315487844,0.9989192299216777,0.017623517581110748,orbslam3_map,base_link
1723528264.9686756,-5.409786429105013,37.671198028178374,-0.43323081777624906,-0.033176764228669935,-0.01257257295394596,0.9991682796807725,0.02009929362934696,orbslam3_map,base_link
1723528265.1352046,-5.865614037130478,37.796651322406746,-0.42972548129291965,-0.032267855491965786,-0.006030930573366572,0.9992553823454872,0.02027545885900199,orbslam3_map,base_link
1723528265.2684228,-6.260253616067974,37.913205958883935,-0.448846104655255,-0.03549003416399087,-0.004449812661726171,0.9991170881784153,0.022038619562014215,orbslam3_map,base_link
1723528265.434982,-6.684517133438337,38.00471482524482,-0.4596073876056428,-0.038508811233720124,-0.009511840063773598,0.9989439516182823,0.023185725807438728,orbslam3_map,base_link
1723528265.568232,-7.04158295364957,38.082745538339836,-0.4370105512770164,-0.041359408905464655,-0.011001611927933669,0.9987895664666744,0.024243880615334196,orbslam3_map,base_link
1723528265.7014778,-7.425837877204736,38.16680827651111,-0.4710375656038861,-0.04250031090774563,-0.010424636754697526,0.9987456553014006,0.02433447221234802,orbslam3_map,base_link
1723528265.8347192,-7.7605840504076085,38.25682799514379,-0.4859511038125641,-0.044417366411219336,-0.009373149613185455,0.9986381237069454,0.025712633208059436,orbslam3_map,base_link
1723528265.9679563,-8.098854861122113,38.3421775638935,-0.49986589237129686,-0.043696727377461476,-0.008173634910970125,0.9986304290447521,0.027587205272307264,orbslam3_map,base_link
1723528266.134496,-8.523459958701132,38.4806587074639,-0.5195616122718556,-0.045937820421798836,-0.006603855584592096,0.9985302751981181,0.027989198971802756,orbslam3_map,base_link
1723528266.2677233,-8.842363999781288,38.567259166608125,-0.5304428711460341,-0.047556005729344396,-0.007363895026708322,0.9983916989279119,0.0299702332480763,orbslam3_map,base_link
1723528266.4675686,-9.343960932352859,38.70269195548067,-0.5469677511112583,-0.04753897312362149,-0.009645577816047655,0.998317834661382,0.031757044257230756,orbslam3_map,base_link
1723528266.6007926,-9.66161684329177,38.79053001936272,-0.5537298754750937,-0.04728706565656644,-0.01057259581308873,0.998268096343518,0.033361077051756845,orbslam3_map,base_link
1723528266.7340112,-10.00071261259125,38.891154558082654,-0.5643019822423749,-0.050154717011538875,-0.0065885619979447205,0.9981318046515065,0.03426362145801772,orbslam3_map,base_link
1723528266.867224,-10.353402867263785,39.03383452989171,-0.5713624338884304,-0.048537313825120686,-0.004347306832325002,0.9982179144534007,0.03444162241025755,orbslam3_map,base_link
1723528267.033733,-10.76029456228532,39.1412579663298,-0.5898836394932667,-0.04440357208202275,-0.005343878994741077,0.9983474392200962,0.03608540350782346,orbslam3_map,base_link
1723528267.1669333,-11.048706132545064,39.21286725676134,-0.5812895204955153,-0.045161467862343374,-0.005226944069046815,0.9982321542192548,0.03828429389454163,orbslam3_map,base_link
1723528267.333445,-11.448434075403513,39.32865674543173,-0.601430644465411,-0.04472187229025004,-0.005352180801495178,0.9981872343524055,0.039919337111462644,orbslam3_map,base_link
1723528267.5333412,-11.979027947490835,39.528600357430165,-0.6272056667778347,-0.043971597693464745,-0.004507025396294009,0.9982156834840615,0.04014516863595451,orbslam3_map,base_link
1723528267.6999145,-12.3881417950696,39.6457727293075,-0.6469124008902489,-0.0477106840167271,-0.0029853395580374353,0.9979893578325895,0.04161754475308371,orbslam3_map,base_link
1723528267.8331676,-12.741979101633532,39.7183153622945,-0.6690519949376301,-0.050037734259875226,-0.003472674141195845,0.9977816587229005,0.04377130567648959,orbslam3_map,base_link
1723528267.966416,-13.067259534254987,39.81507463451098,-0.6822617043601316,-0.050371278323740165,-0.0028945604022339575,0.9977264595279217,0.04467961277796215,orbslam3_map,base_link
1723528268.1662805,-13.543060312401423,39.9557321361679,-0.7044939305022133,-0.04822485607214324,-0.003023227165283314,0.9977282409695101,0.04694231061862355,orbslam3_map,base_link
1723528268.2995186,-13.863017429335581,40.0606142768765,-0.715817370413997,-0.047265984313454766,-0.005370566549337798,0.9976969626038102,0.048351365574829525,orbslam3_map,base_link
1723528268.4327734,-14.164146344386964,40.1479042021151,-0.732969171448165,-0.046939917136358665,-0.007476308820686443,0.9976702886296049,0.048936123379057665,orbslam3_map,base_link
1723528268.5660236,-14.473265298955933,40.23999755922573,-0.7461910314479792,-0.04579343591737647,-0.009985583135557911,0.9976067064023155,0.050834129258285864,orbslam3_map,base_link
1723528268.6992695,-14.779197351641237,40.331261450661486,-0.7600703552631125,-0.045665402652800904,-0.011183759086787773,0.9975408406230485,0.05197947500993091,orbslam3_map,base_link
1723528268.8325105,-15.076347345033788,40.43162028867644,-0.774925405774598,-0.046507247058631025,-0.010431988226962013,0.9974585499874883,0.0529593301460407,orbslam3_map,base_link
1723528268.999055,-15.451640214147648,40.55318740856136,-0.788497032963849,-0.04660308004529056,-0.008536381805861753,0.9973568837969181,0.05508656332407634,orbslam3_map,base_link
1723528269.1322856,-15.749147518117763,40.65001629066913,-0.805780349058522,-0.047303808805400666,-0.00825301435201996,0.9972493894675525,0.05646142606418267,orbslam3_map,base_link
1723528269.2988186,-16.11987769944079,40.75524456001423,-0.8231031514746578,-0.051411282934272176,-0.012705597281648676,0.996876776932686,0.05858446378579191,orbslam3_map,base_link
1723528269.465427,-16.469855958262915,40.87844522998086,-0.834656597891196,-0.05648968892472862,-0.015920554905800403,0.9965250529786653,0.05910388957206684,orbslam3_map,base_link
1723528269.598691,-16.747015187670204,40.978554253331225,-0.8448443445745228,-0.05736763452244067,-0.015486726190071966,0.9964460692438383,0.059702151633900795,orbslam3_map,base_link
1723528269.7652647,-17.068525756309224,41.11193464782589,-0.8618159089357409,-0.058708777643315974,-0.01073458167158415,0.9963443563434503,0.06112259620238154,orbslam3_map,base_link
1723528269.931831,-17.43748825737363,41.27855701705543,-0.8679900889941263,-0.06183367448617704,-0.0074065931553531925,0.9961078030082604,0.062377751349541356,orbslam3_map,base_link
1723528270.0983906,-17.78664819553218,41.38686484111993,-0.8938572324853502,-0.06312635604426989,-0.008270931413086685,0.9958257798513742,0.06540390698983073,orbslam3_map,base_link
1723528270.2316327,-18.083234099946182,41.475929648958065,-0.9292679926822425,-0.06541037520123419,-0.011538878450633507,0.9956082164477519,0.06597436200420362,orbslam3_map,base_link
1723528270.3648887,-18.370854192491507,41.5712407292785,-0.9522678690182707,-0.06769431785913506,-0.013878437208128837,0.9953274671735249,0.06743961298956254,orbslam3_map,base_link
1723528270.4981937,-18.637896218980682,41.68005850143622,-0.9694625048393106,-0.06689293824748647,-0.012316601517712977,0.9952914152011977,0.06905530368095616,orbslam3_map,base_link
1723528270.631497,-18.924779828574437,41.79065009918174,-0.9874936602018365,-0.06498350491502514,-0.008838495417918953,0.9953645312762603,0.07034539760991401,orbslam3_map,base_link
1723528270.764797,-19.208637614169028,41.89391865972291,-1.004488171326469,-0.06579912237820043,-0.008577316743834182,0.9952396582399017,0.07137876293589256,orbslam3_map,base_link
1723528270.898095,-19.505588504322056,41.98440580178618,-1.026368069784982,-0.0678670402762855,-0.008849532446044911,0.9949926307623461,0.07283828216157452,orbslam3_map,base_link
1723528271.064713,-19.85549578088858,42.12026531346816,-1.050668593384553,-0.06752913724188656,-0.009648579848976336,0.9948450274410063,0.07503393836236916,orbslam3_map,base_link
1723528271.2313282,-20.204720330338557,42.26161799095087,-1.0790774980056126,-0.06817516722893571,-0.009617099029589198,0.994726351582657,0.07602067775689854,orbslam3_map,base_link
1723528271.364629,-20.522688204221254,42.37881001362827,-1.1066843784296234,-0.06836688486467081,-0.00646291936968102,0.9946850154166965,0.07671974864797318,orbslam3_map,base_link
1723528271.4986122,-20.812944821840258,42.495257214529495,-1.1281815061950538,-0.06805254105174673,-0.005908540797363397,0.9945485243696123,0.0787856171916734,orbslam3_map,base_link
1723528271.6326094,-21.07470298147003,42.56606312690269,-1.1572793474123153,-0.06646304045205718,-0.008915482568354477,0.9944490365095063,0.08108200916205756,orbslam3_map,base_link
1723528271.7666204,-21.336655159895965,42.677407499101044,-1.1734544453955675,-0.06682242720091855,-0.010200296197249301,0.9944043907026953,0.08118266398479358,orbslam3_map,base_link
1723528271.9006455,-21.63440463343118,42.801158241467995,-1.1981719312555144,-0.0662955508817693,-0.00879713580596443,0.9943459420513581,0.08248428856995453,orbslam3_map,base_link
1723528272.0681958,-22.02310123517212,42.94521970204211,-1.2251459127027036,-0.06427994823522476,-0.008912907162627836,0.9942556910261172,0.08511327277790051,orbslam3_map,base_link
1723528272.235769,-22.374683094981723,43.08902496309944,-1.2519435856998373,-0.06492265155360065,-0.008889906695865271,0.9940643932683902,0.08684469419680062,orbslam3_map,base_link
1723528272.3698401,-22.690540024253153,43.23338905178779,-1.275598689058068,-0.06549798595502292,-0.008697885525920039,0.9940727557603943,0.08633491112029368,orbslam3_map,base_link
1723528272.5033994,-23.0232795861556,43.345443487472394,-1.2925245459137713,-0.0655584395069929,-0.00872126924482611,0.9940301331075577,0.08677629253625876,orbslam3_map,base_link
1723528272.6374865,-23.319389560181335,43.46917975640423,-1.3157529798791767,-0.0645438262574118,-0.008034082926038931,0.9942235358833991,0.08537627714477931,orbslam3_map,base_link
1723528272.771589,-23.626846604282886,43.591317554848054,-1.3325653306622356,-0.06456485232272326,-0.007551292354834557,0.9944916341050322,0.08222376495527134,orbslam3_map,base_link
1723528272.9392383,-24.07029483623663,43.71622761242953,-1.3859798844025706,-0.0642521421116525,-0.008393481173990955,0.9947756007169017,0.07888419313254784,orbslam3_map,base_link
1723528273.0733755,-24.379591801886136,43.83248469546035,-1.4076552969576572,-0.06286080626141184,-0.00988359525185678,0.995154445968158,0.07495640233409778,orbslam3_map,base_link
1723528273.2075279,-24.702568390458946,43.9321730299754,-1.4139936190554998,-0.06252864592803896,-0.00997605744597009,0.9954152849836577,0.07168721739015962,orbslam3_map,base_link
1723528273.3416955,-25.025867232563037,44.04981368622156,-1.432682132469549,-0.0633867023047255,-0.010071039039986232,0.9956377783571854,0.06772085684303951,orbslam3_map,base_link
1723528273.509144,-25.399625844668527,44.162653382430975,-1.463209880002477,-0.06318895824362356,-0.008623980703410037,0.995919001511827,0.06386019840713249,orbslam3_map,base_link
1723528273.642207,-25.710224440834338,44.28158807766481,-1.481732589684516,-0.062438061417331554,-0.007934035873274969,0.996294216789536,0.05862058642603308,orbslam3_map,base_link
1723528273.7752593,-26.03715946042049,44.38964192732381,-1.5047989642167838,-0.062015210355448144,-0.008416406899255558,0.99658848327797,0.05380216331330133,orbslam3_map,base_link
1723528273.9083,-26.356802562175815,44.48280124549337,-1.5253951049756798,-0.06253711587601178,-0.009654214548205585,0.9967700068484361,0.04945157961821019,orbslam3_map,base_link
1723528274.0413299,-26.691179306613474,44.58062104652364,-1.546201368718683,-0.06419322196568505,-0.011139429785818975,0.9969048530589598,0.043998378438357855,orbslam3_map,base_link
1723528274.1743484,-27.02194227963384,44.6682031968352,-1.5695438165463909,-0.0644495716830843,-0.012071245337301978,0.9970655597447197,0.03950705401346171,orbslam3_map,base_link
1723528274.3406055,-27.434568226790127,44.78211779321348,-1.6000350477718293,-0.06326746068751612,-0.011611431648717675,0.9973747152364069,0.03325778826556321,orbslam3_map,base_link
1723528274.5068722,-27.848016349813037,44.89372093978745,-1.626243566348303,-0.061766934171332895,-0.010476760278801775,0.9976750177152636,0.02682615074854006,orbslam3_map,base_link
1723528274.6399512,-28.18927575250858,44.97259735201172,-1.6527109170969703,-0.0620684251791531,-0.00955181480835497,0.9977839050745023,0.021989820461369446,orbslam3_map,base_link
1723528274.7730193,-28.529339564092425,45.04877099267681,-1.6774444268041955,-0.06215672680050901,-0.009418558954823852,0.9978784407497477,0.016924820457352812,orbslam3_map,base_link
1723528274.906077,-28.86920555869561,45.11103114191171,-1.7045327299893405,-0.062099407732891576,-0.010428736529025326,0.9979384882507544,0.01239672059181211,orbslam3_map,base_link
1723528275.039124,-29.21576570725287,45.155108947184175,-1.736128345775799,-0.06361061606411095,-0.011918758353370633,0.9978752573929647,0.007523523521796884,orbslam3_map,base_link
1723528275.2054172,-29.617220376487392,45.23431970880484,-1.7579051219445354,-0.06367985918866914,-0.00939096575857846,0.9979247998175632,0.0016670947510707677,orbslam3_map,base_link
1723528275.3384404,-29.96024885766557,45.28813987049104,-1.77658606899301,-0.06270897203143883,-0.007554241498859786,0.9979982787771748,-0.0031549675011713447,orbslam3_map,base_link
1723528275.5047956,-30.37126551497172,45.360514763983886,-1.8042435803765215,-0.06099485026319657,-0.006545231094701752,0.9980685789545075,-0.009792849177702411,orbslam3_map,base_link
1723528275.672131,-30.799437532145813,45.43102810285543,-1.8310046310315649,-0.06224800251732598,-0.005912239104942012,0.9979038404220221,-0.01667803592598679,orbslam3_map,base_link
1723528275.8395128,-31.227558328440736,45.50501990065096,-1.8610609073467312,-0.0632473134144335,-0.005170614893829244,0.9977153480657831,-0.023175985878693666,orbslam3_map,base_link
1723528275.9734507,-31.570288773580252,45.555506967100456,-1.8826683424096444,-0.0632543313822903,-0.002365134219057839,0.9976180760037713,-0.027412955550959416,orbslam3_map,base_link
1723528276.1744118,-32.06675859064461,45.593946776907366,-1.9022631093821465,-0.06353936054925574,-0.0015250080258199746,0.9973674377368756,-0.03490871171631093,orbslam3_map,base_link
1723528276.3084226,-32.405731071089036,45.629075086325166,-1.9269230269831747,-0.06425287142173276,-0.0029817443897255753,0.9971248504811131,-0.04005883507385537,orbslam3_map,base_link
1723528276.4424622,-32.765997769487484,45.65296102251294,-1.9712333286005195,-0.06251310242113306,-0.0040870510509852164,0.9970333422436215,-0.04472049299711601,orbslam3_map,base_link
1723528276.5760956,-33.08759893561263,45.67418004457457,-1.9904027200332886,-0.06149301111805997,-0.003917854725537986,0.9969193517573818,-0.04852902316784768,orbslam3_map,base_link
1723528276.7093015,-33.42526871059247,45.70976534286325,-2.011999841572668,-0.06082582744372996,-0.002382127530500402,0.9967051733058246,-0.053603560419249206,orbslam3_map,base_link
1723528276.8757994,-33.870747901399014,45.74916437261144,-2.0398103574440403,-0.06091545422945809,-0.0016151403742587257,0.9964238583612461,-0.058533693255060026,orbslam3_map,base_link
1723528277.042289,-34.2929802643314,45.768256996624544,-2.06798588006822,-0.060904826955921115,-0.005054518117807048,0.9960868771114219,-0.06384345813379262,orbslam3_map,base_link
1723528277.208768,-34.733345604458904,45.81036792657645,-2.095704154051676,-0.060403565470685226,-0.005814123399365338,0.9957426013234048,-0.06938499230543074,orbslam3_map,base_link
1723528277.3419445,-35.09797880990324,45.82238671510446,-2.129987061850683,-0.06067727819465352,-0.005160923712807183,0.995456759733509,-0.07319475581066182,orbslam3_map,base_link
1723528277.475115,-35.432605239391286,45.83806220615952,-2.1484510049688716,-0.061790365325710105,-0.00410607205421259,0.9950832557432756,-0.07729427575547626,orbslam3_map,base_link
1723528277.6083262,-35.76908646607755,45.86302985262839,-2.169019703363657,-0.06168062715487016,-0.004134557442178391,0.9948111957388962,-0.08080278770616124,orbslam3_map,base_link
1723528277.77485,-36.18292175828364,45.87041795472873,-2.19305391991467,-0.0622810440821267,-0.004777726217978956,0.9943463189588707,-0.08586991820870786,orbslam3_map,base_link
1723528277.908062,-36.51731902909934,45.8618801928139,-2.2167752569105197,-0.06315708682385843,-0.005090465998295695,0.9939431550566095,-0.0897901668110521,orbslam3_map,base_link
1723528278.0412686,-36.84892324188956,45.865797945691895,-2.2446579513986755,-0.0631958606686694,-0.005610740633588197,0.9935201646891931,-0.09429997423036336,orbslam3_map,base_link
1723528278.174469,-37.18833311275523,45.864983893830335,-2.265653190298836,-0.06355922409957379,-0.00532292575297053,0.993096556993077,-0.09844348623339544,orbslam3_map,base_link
1723528278.3409612,-37.645061424954775,45.85933659873518,-2.2939425896604635,-0.06477987269846772,-0.0031913254855758595,0.9924451721097381,-0.10414395753421117,orbslam3_map,base_link
1723528278.4741488,-37.98655805640206,45.84967187135072,-2.3235602464234306,-0.06425681953384858,-0.00168387320928915,0.9920512394510037,-0.10817838979267877,orbslam3_map,base_link
1723528278.6406605,-38.40748943294502,45.84505233239174,-2.3497269461709216,-0.06349249045051698,-0.0029596694966956293,0.9914001818511934,-0.11439240988056015,orbslam3_map,base_link
1723528278.773869,-38.752598145367266,45.81547429454356,-2.374921685403173,-0.06167204983256048,-0.004144322222216404,0.991026346205733,-0.11851651357040179,orbslam3_map,base_link
1723528278.940371,-39.160311059928,45.79381994257578,-2.4069564636851406,-0.06263638149581055,-0.004513268119801362,0.990204728821602,-0.12470328441275196,orbslam3_map,base_link
1723528279.273348,-40.021036408638885,45.71839535905667,-2.478302958213839,-0.06327225149209985,-0.0043637996603257175,0.9888845705624739,-0.13448005631734591,orbslam3_map,base_link
1723528279.4731166,-40.53455967815434,45.6792264485281,-2.5078258365364716,-0.06419211246503331,-0.0040548997276553325,0.9878653742389497,-0.14136807583473443,orbslam3_map,base_link
1723528279.6396418,-40.95541344443653,45.63238889408382,-2.5161586118409467,-0.06428674110552281,-0.003544460907397398,0.9870753323072273,-0.14675469350410666,orbslam3_map,base_link
1723528279.7728672,-41.276252583593575,45.5870553789628,-2.5464102192446036,-0.06295123797006079,-0.0034602951112145085,0.9865487085190722,-0.15082046848863354,orbslam3_map,base_link
1723528279.9060874,-41.64685871613173,45.53274559889899,-2.567385687238824,-0.06279341636948056,-0.0047080370091999255,0.9859667295552743,-0.15461057356547686,orbslam3_map,base_link
1723528280.0393026,-41.972395722423585,45.48102135434959,-2.590803344803154,-0.06228354254232625,-0.0051666652684302546,0.985321479791235,-0.15885731761676328,orbslam3_map,base_link
1723528280.172513,-42.36084731350095,45.43262995309559,-2.6251177932549545,-0.06251227676788204,-0.004862357538919791,0.9845737815876096,-0.16334944549258065,orbslam3_map,base_link
1723528280.3057182,-42.678813829335105,45.37657410453407,-2.6478334590056676,-0.06218978965161707,-0.004477223769254481,0.9838533727526821,-0.1677644940193834,orbslam3_map,base_link
1723528280.4389184,-43.025086579074255,45.32788346764859,-2.673717438923449,-0.06189129879932324,-0.0038511088888414117,0.9831147841628396,-0.17216258958819283,orbslam3_map,base_link
1723528280.6054537,-43.44824654693543,45.255369368121414,-2.713587298297691,-0.0626580994261339,-0.0032889544665447783,0.9821583104223558,-0.1772800006293016,orbslam3_map,base_link
1723528280.8053188,-43.94723219328765,45.154667235891,-2.7539038213849754,-0.06438896807219177,-0.004000685410350309,0.9808119008029136,-0.1839730158208569,orbslam3_map,base_link
1723528280.9385562,-44.29429157632916,45.08865784188214,-2.780320695382068,-0.06509614013846096,-0.005529246334632256,0.9798841853383989,-0.18857068514948772,orbslam3_map,base_link
1723528281.105096,-44.69378412634819,45.00612310773808,-2.7991189091453053,-0.06582377200791162,-0.004833847241145606,0.9785568403284517,-0.19511631199337753,orbslam3_map,base_link
1723528281.238322,-45.02054921384192,44.94131273494739,-2.822745589525418,-0.06488757827438808,-0.0044235281701287465,0.9774472827882222,-0.2009150167462211,orbslam3_map,base_link
1723528281.3715432,-45.358492996189696,44.854870967830436,-2.8600400668253396,-0.06294176086894913,-0.003251716903093097,0.9765146320714847,-0.20602653815999283,orbslam3_map,base_link
1723528281.5047598,-45.68452740545786,44.77404778847817,-2.886378244890616,-0.06272280734348334,-0.002266455384927001,0.9754832418385726,-0.2109340122195785,orbslam3_map,base_link
1723528281.6379929,-46.00422327415156,44.676100293161994,-2.917316960484719,-0.06256975631805739,-0.003900106737258214,0.9744672789367919,-0.21559994676080427,orbslam3_map,base_link
1723528281.7712204,-46.32426950606413,44.586975377380234,-2.9439403507970257,-0.06205533224915958,-0.005153134533173266,0.97336381038658,-0.22064784969187307,orbslam3_map,base_link
1723528281.9044425,-46.73024722804303,44.4928570539145,-2.972362398108291,-0.061986212913551594,-0.004677131650963746,0.9719022450125903,-0.22702832419687707,orbslam3_map,base_link
1723528282.037659,-47.042625098894824,44.408097243850996,-2.9911197723065657,-0.06276016142555524,-0.003988097275241408,0.970504845755278,-0.23273504588584346,orbslam3_map,base_link
1723528282.2041712,-47.41173135632421,44.28752992066393,-3.0108970361179175,-0.06259845202103517,-0.0018263794080181838,0.9684202312079101,-0.24133038335453383,orbslam3_map,base_link
1723528282.3706756,-47.78775174297394,44.15668388031037,-3.0464164735853574,-0.06237519976380646,-0.0013740350769384322,0.9662379658179331,-0.24998327922894267,orbslam3_map,base_link
1723528282.5371804,-48.168182931710064,44.01106155121584,-3.075042014222624,-0.06182701025799362,-0.003046430376349999,0.9635174718599394,-0.26038859707205125,orbslam3_map,base_link
1723528282.670408,-48.48993475959523,43.89258942167435,-3.096075355433013,-0.062099505572456595,-0.0037953257456344045,0.9611918896790429,-0.2687738791723845,orbslam3_map,base_link
1723528282.8369353,-48.86227631202455,43.735660204838574,-3.1257312807850024,-0.06135954073892483,-0.0018614010962313759,0.9582316734389698,-0.27932705197423846,orbslam3_map,base_link
1723528282.97015,-49.15767125739879,43.609366852933796,-3.149583650202393,-0.06062805498244958,-0.00048344417561491836,0.9557963794591077,-0.2877104208116828,orbslam3_map,base_link
1723528283.13666,-49.534368521250286,43.43694769742587,-3.17679669142265,-0.05948310338517226,-0.0015228451267531556,0.9525601869237444,-0.29847702029166323,orbslam3_map,base_link
1723528283.2698622,-49.83438100907179,43.28756208536429,-3.1935288203101893,-0.05932353041093544,-0.002804504244496811,0.9496090182291033,-0.30775894137048915,orbslam3_map,base_link
1723528283.4030588,-50.108214102262735,43.14199382894762,-3.2166005978939958,-0.05827441940275909,-0.002964374731914228,0.9461794604309263,-0.3183390224027859,orbslam3_map,base_link
1723528283.5696208,-50.47797339081238,42.944718292859505,-3.246537782893645,-0.057491638739140205,-0.0015038472676544362,0.9419176370676344,-0.3308830834288873,orbslam3_map,base_link
1723528283.7696195,-50.94645217990494,42.68156733191307,-3.2845595023509593,-0.057415987325818776,-0.000556944255483993,0.9364045885599283,-0.3461929241570503,orbslam3_map,base_link
1723528283.9362798,-51.28531432752955,42.460487520744465,-3.306476875135285,-0.058565372957203946,-0.0003230392786194927,0.9313838251072573,-0.35929676183425613,orbslam3_map,base_link
1723528284.0696054,-51.524894924884336,42.29973004276249,-3.3224123400240586,-0.05770973642252103,-0.0015811774836457942,0.9271491929666374,-0.3702181251385745,orbslam3_map,base_link
1723528284.236259,-51.84866730726709,42.06433329179148,-3.3396124538850307,-0.05731732697619617,-0.0006275257627849409,0.9215940557403178,-0.3838993704915818,orbslam3_map,base_link
1723528284.4029074,-52.17547610640385,41.80231760795616,-3.376155180148124,-0.05630476880490718,0.00047668186443896454,0.9152242545004216,-0.39899136551857056,orbslam3_map,base_link
1723528284.5695002,-52.494858260754015,41.53912323723599,-3.395033181565082,-0.05698828149185204,0.002154919431394271,0.9089860498308073,-0.41290683368991926,orbslam3_map,base_link
1723528284.7027054,-52.72883762837605,41.328098262304,-3.4123812092592685,-0.05615308804099772,0.0028112081040435203,0.9041144032755264,-0.4235753458384876,orbslam3_map,base_link
1723528284.8692024,-53.02681374976463,41.057040758846085,-3.437585528823902,-0.05395147024758955,0.0019238222872013267,0.8985395493506674,-0.4355596583920856,orbslam3_map,base_link
1723528285.0023932,-53.25673601828075,40.8300980741943,-3.4554361368612403,-0.05331382822789752,0.0010284842676126726,0.8940849221987361,-0.44471196277666897,orbslam3_map,base_link
1723528285.1355782,-53.48286267444661,40.612638260453735,-3.464950376004996,-0.05320043387854087,-0.000975429420410885,0.8903098136527943,-0.4522357770965357,orbslam3_map,base_link
1723528285.2687566,-53.707580167231214,40.37804364513183,-3.485692322460053,-0.052616042772338306,-0.0024067836722292584,0.8873360237088128,-0.4581053813959927,orbslam3_map,base_link
1723528285.4019287,-53.91318871868613,40.15908707095622,-3.5018045840837146,-0.05207904208012707,-0.002509027949258526,0.8850407847982638,-0.4625843570619738,orbslam3_map,base_link
1723528285.568422,-54.20500642767936,39.87752563250434,-3.521621035346093,-0.05296033548402352,-0.0012939484830456639,0.881985415539204,-0.4682897130397811,orbslam3_map,base_link
1723528285.7349584,-54.488131112885895,39.59757641055355,-3.5305075236908143,-0.05432805530677728,-0.0001184885077210774,0.8786549341007891,-0.47435635881412547,orbslam3_map,base_link
1723528285.901488,-54.73331145438341,39.33087066871259,-3.552082219995088,-0.053635676204155304,0.0003222742025592345,0.8752301543421603,-0.48072371202974734,orbslam3_map,base_link
1723528286.034705,-54.94181249382838,39.0931729152809,-3.5695953709133312,-0.0528629916512264,0.00046011294779541376,0.8717774057689214,-0.4870415251296003,orbslam3_map,base_link
1723528286.167917,-55.17375179306073,38.837743010327614,-3.579531007365508,-0.0526227047635123,0.0005773895956407626,0.8679136341151127,-0.4939194684173983,orbslam3_map,base_link
1723528286.3011234,-55.37793995053301,38.57984546743559,-3.5974833072044543,0.05283915816140926,-0.0007281917252136582,-0.8640589047297174,0.5006093309746497,orbslam3_map,base_link
1723528286.467624,-55.62264362542551,38.24706678834642,-3.6246585646187874,0.05265517359194041,-0.0006227274394537493,-0.8593964683409062,0.5085909506742297,orbslam3_map,base_link
1723528286.6008666,-55.81703826959402,37.971987195754,-3.645184877195749,0.05166664640568873,-0.0004807014540971569,-0.8550934934070223,0.515892861075123,orbslam3_map,base_link
1723528286.7674332,-56.05571888560049,37.65327824759386,-3.654909677660581,0.05121387715337518,0.00015255178597358145,-0.8503258460497168,0.5237585999816183,orbslam3_map,base_link
1723528286.9006805,-56.241153982216474,37.388189185456454,-3.672439912074411,0.05147659146820452,0.00023585527714424967,-0.8468495783010603,0.5293353347684433,orbslam3_map,base_link
1723528287.0672328,-56.45984225379333,37.0675217555896,-3.6902720995258784,0.050679603553964454,0.0008252473078828417,-0.8435255577352821,0.5346919956366236,orbslam3_map,base_link
1723528287.2004697,-56.653204583368975,36.810979642471615,-3.711769502667725,0.049027433795297094,0.0012869693946157162,-0.8414350304899286,0.538127999559248,orbslam3_map,base_link
1723528287.3670096,-56.883652646442535,36.48248584219609,-3.7250380784709427,0.049500202624619107,0.001167617913167042,-0.8388038806787257,0.5421774768162548,orbslam3_map,base_link
1723528287.5002363,-57.0665382321416,36.20631065484939,-3.751144204185822,0.04923829277986322,0.0010346955970896223,-0.8370627369641634,0.5448857626284702,orbslam3_map,base_link
1723528287.633866,-57.254094638672186,35.93769737029393,-3.762677592669627,0.049873445333874514,0.001019766318917435,-0.8354890369663526,0.5472382192758657,orbslam3_map,base_link
1723528287.7675114,-57.43239134075716,35.66608883832239,-3.777960574137518,0.049303095787923315,0.0012528742278332514,-0.8346696322983158,0.5485382757573897,orbslam3_map,base_link
1723528287.901172,-57.61627064830089,35.38995544658313,-3.7933023104333916,0.04879548682549231,0.0017715322173458986,-0.8337042685322653,0.5500482294946021,orbslam3_map,base_link
1723528288.068268,-57.93459147666297,35.01573923714527,-3.8066039163074605,0.04941442119606468,0.001693657008071031,-0.832567724707805,0.5517121806509854,orbslam3_map,base_link
1723528288.2019627,-58.12353523184699,34.72483697817725,-3.8268481297470327,0.05037198643468858,0.0011945167769391281,-0.8324014749581021,0.5518777225073225,orbslam3_map,base_link
1723528288.3356724,-58.33253883996933,34.44884094059807,-3.834576183365669,0.0510860002135754,0.0004658337582476495,-0.8321387562202115,0.5522092845809163,orbslam3_map,base_link
1723528288.5028298,-58.565912936257185,34.10328509918222,-3.8542644145895593,0.05011125647640772,6.010815642427758e-05,-0.8320536457904355,0.5524269986959449,orbslam3_map,base_link
1723528288.6366265,-58.76657856784378,33.813042055584035,-3.8681820118797674,0.04969231174082696,0.00046193851852934924,-0.8317995072479113,0.5528472126264087,orbslam3_map,base_link
1723528288.8039038,-59.028391434030794,33.44265996478266,-3.880887725010533,0.04903720941800322,-0.0001521852423864278,-0.8315325179153678,0.5533073292316627,orbslam3_map,base_link
1723528288.9377518,-59.21789045227304,33.14430155672617,-3.901475929201956,0.04832326021814712,-0.0003843906837004054,-0.8314665723231934,0.5534691083292828,orbslam3_map,base_link
1723528289.0716221,-59.41581728166137,32.850284469655186,-3.9183625742202874,0.04741607893816319,-4.075019864827934e-05,-0.8313041052917014,0.5537916560609368,orbslam3_map,base_link
1723528289.2055154,-59.607445847749574,32.55167834307645,-3.935086805613787,0.04712385213992054,0.0002734374791474324,-0.8311947196326431,0.5539806908604773,orbslam3_map,base_link
1723528289.3729146,-59.84679898586126,32.195188149500254,-3.954186331754656,0.04693176223109541,8.329775326061987e-05,-0.831060551114868,0.5541983066881566,orbslam3_map,base_link
1723528289.5068567,-60.03215430847975,31.912104772150172,-3.9611664456477444,0.04704817812073003,0.0006738516265043321,-0.8310492321214722,0.5542050059768651,orbslam3_map,base_link
1723528289.640247,-60.2463102439937,31.611852337704214,-3.978032876037486,0.04714289516553363,0.0011791311982277445,-0.830811362678481,0.554552645588635,orbslam3_map,base_link
1723528289.7736347,-60.45676229001913,31.312296165210093,-3.989597567408952,0.04739716216166675,0.0015634345347844256,-0.8308241636723864,0.5545108418683584,orbslam3_map,base_link
1723528289.9403684,-60.70264557701329,30.927454896776432,-4.011380875743454,0.047408699486285684,0.0023662363380839084,-0.8308236759841334,0.554507741661758,orbslam3_map,base_link
1723528290.0737555,-60.89359643113571,30.635474301108705,-4.026764443137817,0.047928797956280134,0.0021803767068762827,-0.8310514222592736,0.5541223780400143,orbslam3_map,base_link
1723528290.2071426,-61.130939891616514,30.32729150067783,-4.034854894080823,0.04954517030016931,0.0017768105936673063,-0.830701736627802,0.5545058555214681,orbslam3_map,base_link
1723528290.340529,-61.33310063002041,30.01752142990806,-4.05501307330352,0.04849121484424413,0.0019858325321093625,-0.830794744579408,0.5544589713687749,orbslam3_map,base_link
1723528290.4739153,-61.53490889084051,29.729234583206278,-4.064161253127324,0.048671412696044074,0.0025137035300921294,-0.8307305806409883,0.5545371739285118,orbslam3_map,base_link
1723528290.6072943,-61.72031798813709,29.41770207773354,-4.082188301864326,0.04962736801878012,0.0028284953829820197,-0.8309161249684737,0.5541728225245015,orbslam3_map,base_link
1723528290.7406662,-61.915895603231206,29.098556273507537,-4.103392407388381,0.050179663915987174,0.002796839276109456,-0.8311331182207427,0.5537977237367513,orbslam3_map,base_link
1723528290.9073806,-62.17062870929266,28.718583552268083,-4.120801798697798,0.05124537241918015,0.0029679582217363373,-0.8307504855181215,0.5542731581458901,orbslam3_map,base_link
1723528291.040751,-62.370304013827834,28.42190646146039,-4.129090350157777,0.05123537895793951,0.003468460564401132,-0.8306937776291607,0.5543561612650695,orbslam3_map,base_link
1723528291.2074625,-62.6283896577702,28.040697779146385,-4.1488857263898655,0.05253402341632856,0.00392401009436244,-0.8304040147850424,0.5546656206737126,orbslam3_map,base_link
1723528291.3408315,-62.91112984886609,27.63846117202356,-4.165014986061575,0.05206106156091411,0.004236304079372454,-0.8296432633432002,0.5558450820022997,orbslam3_map,base_link
1723528291.4742,-63.13255150118134,27.309061284816096,-4.185531795344454,0.0509084839100691,0.004130976159523223,-0.829451107906154,0.5562392658696449,orbslam3_map,base_link
1723528291.6409092,-63.38545855817735,26.918799302490772,-4.208065997890861,0.05126233273793665,0.005545369944879808,-0.8294134339226882,0.5562506429146972,orbslam3_map,base_link
1723528291.7742748,-63.61203959548765,26.585683340210167,-4.228209426054956,0.05239220861987077,0.0057012408569813,-0.8291071929091575,0.5566002290647388,orbslam3_map,base_link
1723528291.9743223,-63.93131720121488,26.091371178866474,-4.2616599460202735,0.05227104526052175,0.005914443572339194,-0.8288627841334685,0.5569732868487656,orbslam3_map,base_link
1723528292.1743684,-64.25440962108053,25.61164306905637,-4.2896536815115685,0.05141179037341058,0.004579198628669008,-0.8285297857218763,0.5575609858322059,orbslam3_map,base_link
1723528292.3410718,-64.53959146202935,25.188204069325145,-4.316290285894039,0.049752327819038364,0.002849352342855572,-0.8281539465851903,0.5582809577830743,orbslam3_map,base_link
1723528292.5411155,-64.85673956084624,24.71617468369986,-4.334593779936425,0.04636290907578003,0.00035523521136408885,-0.8283488654929895,0.558290705194393,orbslam3_map,base_link
1723528292.7078192,-65.12461206711805,24.314358760670522,-4.348338409186594,0.03897153610918956,-0.0023000315962387395,-0.828423521328108,0.5587400097883487,orbslam3_map,base_link
1723528292.8745208,-65.39793864234316,23.916482700325684,-4.350921293115059,0.03319745450823431,-0.0060489919946944285,-0.8284851934334159,0.5589934015456867,orbslam3_map,base_link
1723528293.0412216,-65.66812685267126,23.546171604863538,-4.353218281489415,0.028091921066683356,-0.010036938762198088,-0.8282017134384074,0.5596356186741094,orbslam3_map,base_link
1723528293.174581,-65.86724697489161,23.238881850557632,-4.354292125752371,0.024528857708853682,-0.011644027411578982,-0.827865885477236,0.5602685315347713,orbslam3_map,base_link
1723528293.3079393,-66.08643114979012,22.927962518760218,-4.346427562095368,0.020096903253841725,-0.012177571271857474,-0.8275285685379192,0.560931626395862,orbslam3_map,base_link
1723528293.4412966,-66.29365624301926,22.608903958901294,-4.337158658864784,0.018213541308418724,-0.012858426679522448,-0.8271917690366989,0.5614772524459656,orbslam3_map,base_link
1723528293.6079993,-66.53441472168448,22.237987487303375,-4.319959418006036,0.017583239546502597,-0.012265884534871657,-0.8266307293934961,0.5623362116972409,orbslam3_map,base_link
1723528293.7413692,-66.7329806414474,21.94381378038065,-4.32325079450591,0.01571729880931891,-0.012268187330054088,-0.8262702670989474,0.5629208681564465,orbslam3_map,base_link
1723528293.908082,-66.95843327691531,21.610906509967766,-4.318742408271198,0.014617214988891939,-0.01246772062052151,-0.8260431912363057,0.563279272812907,orbslam3_map,base_link
1723528294.0747926,-67.18783500452417,21.26347559703241,-4.310359947965765,0.017028160761718758,-0.010781508649977753,-0.825554847643446,0.5639618731303652,orbslam3_map,base_link
1723528294.208161,-67.3556807024999,20.99525920172464,-4.309086363975622,0.018208545907568884,-0.00965743132751634,-0.8255297676653317,0.5639820791253121,orbslam3_map,base_link
1723528294.3415291,-67.51813245521781,20.732294618971423,-4.293358293226956,0.018727916290282625,-0.008798756989945982,-0.8252971228603855,0.5643195070394305,orbslam3_map,base_link
1723528294.5082386,-67.71517997707916,20.409319194243185,-4.290970290969495,0.01727326284941499,-0.008496239731343601,-0.8252854860218379,0.5643875573244518,orbslam3_map,base_link
1723528294.67496,-67.91767179725684,20.094538419521843,-4.2835273934402105,0.017752572314806283,-0.009011891003890755,-0.8247981856050927,0.5650766187158063,orbslam3_map,base_link
1723528294.8083394,-68.08126046596226,19.85797254168432,-4.269287484115411,0.019284336278381376,-0.00892194641118019,-0.8247446040811944,0.565106053131173,orbslam3_map,base_link
1723528294.9750633,-68.28368070697766,19.55781131030581,-4.260463216762997,0.0193293144527497,-0.009140422201416008,-0.8238141338124692,0.5664566207712448,orbslam3_map,base_link
1723528295.1417859,-68.47429655088114,19.264654094575647,-4.247636466152145,0.019073294834370386,-0.009562920450075497,-0.8238093062992505,0.5664653447752777,orbslam3_map,base_link
1723528295.275164,-68.61457775703482,19.034864136650178,-4.245853120290441,0.019123370615355385,-0.010535606724459924,-0.8236722984388483,0.5666456057111182,orbslam3_map,base_link
1723528295.4418857,-68.7926490310548,18.75000455733871,-4.235660173591034,0.018113493331124223,-0.009341230888568199,-0.823409789337319,0.5670810890765989,orbslam3_map,base_link
1723528295.575259,-68.9184100166473,18.52086490031634,-4.235929546087416,0.017377315312734752,-0.008035302842355036,-0.8236709998506562,0.5667446928077702,orbslam3_map,base_link
1723528295.7419608,-69.10004096834973,18.23504658341254,-4.224712473765663,0.019353116369264255,-0.0068180803174146395,-0.822950593147603,0.5677422759541441,orbslam3_map,base_link
1723528295.9086616,-69.27580174190469,17.95328286669848,-4.213513965506665,0.021655137013111402,-0.005747805872398471,-0.8228120849883499,0.5678717201672583,orbslam3_map,base_link
1723528296.042021,-69.41512961513264,17.72904531415431,-4.209354209703601,0.025952064305228895,-0.004168325002499373,-0.8222689461277152,0.5684917727276159,orbslam3_map,base_link
1723528296.208718,-69.60644316671512,17.443388112642026,-4.224162477164371,0.03216267174966754,-0.00396120581172586,-0.8213891983339007,0.5694467984411119,orbslam3_map,base_link
1723528296.3420749,-69.75551896901624,17.216378571296698,-4.2204471352290795,0.03660055912623982,-0.0019517893767012264,-0.8208492284380944,0.5699676602777222,orbslam3_map,base_link
1723528296.475431,-69.92995859490156,16.949475419071412,-4.233814599103829,0.03980921657377117,0.0017136019223107743,-0.8201173053467822,0.5708063553561465,orbslam3_map,base_link
1723528296.6088023,-70.06843647059696,16.710210654686122,-4.236915594704964,0.042593947369299896,0.0031705503799698844,-0.8196637352938627,0.5712504392137497,orbslam3_map,base_link
1723528296.7755375,-70.24230899721182,16.426057269266742,-4.245559461568229,0.04493112775160211,0.005051676811119488,-0.8187313910690808,0.5723937312711006,orbslam3_map,base_link
1723528296.9089255,-70.41753525524038,16.110365728175115,-4.234583917011551,0.04677561282627141,0.0071532938997617415,-0.8179783156034733,0.5732995269783631,orbslam3_map,base_link
1723528297.0756602,-70.58472897457075,15.81993945104537,-4.243562099888559,0.04757263889594807,0.006945445471825545,-0.8173427984899335,0.5741422772904966,orbslam3_map,base_link
1723528297.2423954,-70.77728751289513,15.513095140808625,-4.27074001261583,0.04644180008920809,0.005854927588999421,-0.816069028153363,0.5760557441048801,orbslam3_map,base_link
1723528297.3757837,-70.91715647985555,15.271032190941195,-4.268160630683586,0.047124237542456975,0.006237350955936572,-0.8151362184126915,0.5773156390753255,orbslam3_map,base_link
1723528297.5091717,-71.1161400205069,14.968022647593417,-4.276008834132263,0.04628878937986638,0.007630697302225442,-0.8138255376079934,0.5792124953533796,orbslam3_map,base_link
1723528297.6425614,-71.27374596849259,14.69650051960948,-4.292660797472328,0.04684165680753546,0.007695801875769237,-0.8123840393248183,0.5811874107990519,orbslam3_map,base_link
1723528297.7759516,-71.41925962020312,14.430412324415302,-4.30056536051816,0.04799422474056718,0.007765476531950131,-0.8111597582270165,0.5828002216873908,orbslam3_map,base_link
1723528297.9093418,-71.5621886414113,14.145384439995084,-4.3272455224764315,0.04745322472831871,0.008527555846512859,-0.8101304401823888,0.5842637607656812,orbslam3_map,base_link
1723528298.0427322,-71.71576209366292,13.869791669543003,-4.346954729982965,0.04739547167258063,0.008427932640374742,-0.8086756997082105,0.5862817171955637,orbslam3_map,base_link
1723528298.1761222,-71.88309799531893,13.58489906110743,-4.362790781787621,0.04817721296509292,0.008709766914814399,-0.8068518322266626,0.5887216803751016,orbslam3_map,base_link
1723528298.3095124,-72.01061180037078,13.319418243487666,-4.377225587437694,0.047899906118821944,0.010042390602249046,-0.805610713400522,0.5904202976178087,orbslam3_map,base_link
1723528298.4429028,-72.17092499971554,13.029482270242603,-4.390796205408093,0.04787455401440668,0.010332918863014054,-0.803960570838387,0.5926623477182492,orbslam3_map,base_link
1723528298.6096318,-72.39749504954264,12.590017212576875,-4.416928619618792,0.047362188062988544,0.010251883475670768,-0.8017199488168218,0.5957321929325625,orbslam3_map,base_link
1723528298.776349,-72.59704149731205,12.209045947108292,-4.432277098416783,0.04706367196270146,0.010477666139656623,-0.7997324872405762,0.5984172274806723,orbslam3_map,base_link
1723528298.9430647,-72.78541507626757,11.836959502922236,-4.451941628090609,0.04605856358183933,0.008614507226536488,-0.798072872566409,0.6007362891149676,orbslam3_map,base_link
1723528299.076437,-73.00392641106046,11.470274897439552,-4.4392477527549,0.04563328416488717,0.004425908986157877,-0.7961498095149939,0.6033601706403993,orbslam3_map,base_link
1723528299.2098088,-73.1666894136348,11.159396086303863,-4.4511028716584,0.04420860685975799,0.0014034634797913642,-0.7947153696604563,0.6053685741721523,orbslam3_map,base_link
1723528299.3431802,-73.3137222258813,10.835867591415216,-4.4667668557719225,0.042253230595563615,0.0008659418451680685,-0.7935206784227746,0.6070740050145603,orbslam3_map,base_link
1723528299.4765513,-73.45284339048133,10.527542909285222,-4.48284113554183,0.03962296286635451,0.0025885960790550267,-0.7923135892546251,0.6088205780576771,orbslam3_map,base_link
1723528299.6433198,-73.65597917613403,10.10193961989747,-4.49792912088838,0.039275908967138694,0.001750384394141844,-0.7903805513796061,0.6113533537408197,orbslam3_map,base_link
1723528299.8101277,-73.85239677415561,9.7339695619563,-4.504777086614565,0.04167649258393283,-0.004065669201641411,-0.7889871302778673,0.612981115986243,orbslam3_map,base_link
1723528299.943577,-74.02015586918091,9.407495345856118,-4.50864472108608,0.041863578861009554,-0.006862894829707834,-0.7878633467179926,0.6143872462363038,orbslam3_map,base_link
1723528300.1103938,-74.25227716440904,8.913552896898707,-4.525518279758538,0.040943552495631044,-0.006521585705363066,-0.7867788887260758,0.6158409491775342,orbslam3_map,base_link
1723528300.2772133,-74.45082039056184,8.49875303075919,-4.534754374011864,0.04146645355361971,-0.0035009604436973185,-0.7857676311671314,0.6171203337402291,orbslam3_map,base_link
1723528300.4440386,-74.63844664956108,8.097490912459335,-4.533016884317361,0.040294596663382906,-0.0022567196698663355,-0.784436268468063,0.6188949776884347,orbslam3_map,base_link
1723528300.577479,-74.82473140200906,7.705542010041804,-4.547859342849762,0.0400121972760358,-0.0031834389107874336,-0.7836163996968345,0.6199469557244521,orbslam3_map,base_link
1723528300.7108552,-74.98980108809106,7.38414689469469,-4.556538209543561,0.041986689533951654,-0.0036978583945148054,-0.7823882767154307,0.6213630405837899,orbslam3_map,base_link
1723528300.8442307,-75.14568991793108,7.039919321723018,-4.562157128629638,0.04373771321302641,-0.004109228705553543,-0.7816875362659593,0.6221211476302626,orbslam3_map,base_link
1723528301.010949,-75.28868386297944,6.639440932624431,-4.584761734951851,0.04241750000592103,-0.0036304873285135015,-0.7812681972737255,0.6227419844395176,orbslam3_map,base_link
1723528301.1776674,-75.46126348217314,6.236399898170996,-4.5858911452685795,0.04377822486647234,-0.0004743734630254824,-0.780779943548609,0.6232703440318567,orbslam3_map,base_link
1723528301.344384,-75.64561199853603,5.828589703278565,-4.5902516901150285,0.04581734929311934,0.001003877015645169,-0.7799012684421692,0.6242225358131387,orbslam3_map,base_link
1723528301.477757,-75.8425360615292,5.417275536449708,-4.608821798725238,0.04546228554824664,-0.0006941615455792384,-0.7788343437108897,0.6255795423356698,orbslam3_map,base_link
1723528301.6444793,-76.01777879175606,5.005866825731076,-4.622290381459699,0.044818523593181385,-0.00041437270732664087,-0.7782155017698046,0.626395850116648,orbslam3_map,base_link
1723528301.7778594,-76.15698934127933,4.674582893916968,-4.63336669299734,0.0451832782157602,0.00024121647136822133,-0.7778864556300202,0.6267783302984044,orbslam3_map,base_link
1723528301.9445834,-76.33723416880063,4.2578936801167835,-4.640131909708826,0.045458886877644995,0.0003057728389917558,-0.7771209876130194,0.6277072300986994,orbslam3_map,base_link
1723528302.1113083,-76.52735036701056,3.830216501680326,-4.636004661828884,0.046224245813002426,-0.00122081200168829,-0.7761782577593371,0.6288156652777946,orbslam3_map,base_link
1723528302.2446876,-76.66296789409537,3.505741256395755,-4.654469252914211,0.0454319845998333,-0.0012232182727276101,-0.7759033782257212,0.6292125127254631,orbslam3_map,base_link
1723528302.3780663,-76.80595662172499,3.163015380657596,-4.6693596126784405,0.045274443104569684,-0.00047192088461129336,-0.7755440061313533,0.629667766878678,orbslam3_map,base_link
1723528302.5447893,-76.98546416924671,2.7378174216756825,-4.675898846329288,0.04478266253414213,-0.00013487897715542535,-0.7747709807354269,0.6306539640359675,orbslam3_map,base_link
1723528302.6781983,-77.13583014739903,2.440628229757552,-4.691540156541197,0.04527909021226832,-0.0008171907879610501,-0.7740121771191706,0.6315491159522014,orbslam3_map,base_link
1723528302.8116086,-77.27020357398521,2.1060248489696924,-4.7043554083856085,0.04563449464219212,-0.0007326828031378232,-0.7737216368533237,0.6318795650594148,orbslam3_map,base_link
1723528302.978373,-77.44584093516242,1.6777045459005269,-4.724938199776464,0.0447681052692857,-0.0013353670047590123,-0.7729288216255294,0.6329100016954474,orbslam3_map,base_link
1723528303.178491,-77.65969221251737,1.1772074199377638,-4.74020092981616,0.04586362114823419,-0.0019716988275246348,-0.7723859706012042,0.6334923465025765,orbslam3_map,base_link
1723528303.3119047,-77.82468362077891,0.7907695003716508,-4.749852015042989,0.047051753674748134,-0.0008956211888506032,-0.7713139681652145,0.6347126065015942,orbslam3_map,base_link
1723528303.4453187,-77.95970137632891,0.44238702955746945,-4.75791074283272,0.0470286273716546,-0.0006440699888870519,-0.7710584861913111,0.635024963488642,orbslam3_map,base_link
1723528303.6120858,-78.14629234010879,0.011309237089369262,-4.773895149265993,0.04655188880963254,-0.0007856098184942995,-0.7700818365717106,0.6362438757644822,orbslam3_map,base_link
1723528303.7454991,-78.31137339315823,-0.3413203318662461,-4.769166511290292,0.04632897047712046,-0.0004676443020151153,-0.7695402001469008,0.6369154482042375,orbslam3_map,base_link
1723528303.8789134,-78.44825134589132,-0.6933655655409492,-4.783658121225892,0.044893621985776594,-0.0008452629562234819,-0.7688358123028611,0.6378678091549475,orbslam3_map,base_link
1723528304.012328,-78.59347461142401,-1.030273439264235,-4.795370188958147,0.044481755126476334,-0.0003261501401642545,-0.7680876495399537,0.6387978003336764,orbslam3_map,base_link
1723528304.1457434,-78.72753073787484,-1.425642492219696,-4.804712367885362,0.04512211071817965,-0.0003188542241032033,-0.7677087080103735,0.6392082861645045,orbslam3_map,base_link
1723528304.279159,-78.86895179407409,-1.7679338826340487,-4.810747898078498,0.04562087291828106,-8.673276024467611e-05,-0.7669551094135918,0.6400770176908305,orbslam3_map,base_link
1723528304.4459307,-79.03752930161374,-2.2031692534509215,-4.826479321539503,0.04517216763809119,-0.0005426383516216491,-0.7662467468831554,0.640956397663271,orbslam3_map,base_link
1723528304.6126854,-79.21122223844431,-2.6352332792593547,-4.833879168242813,0.04480877997490557,0.00011573582350663123,-0.7658893647624745,0.6414091056308079,orbslam3_map,base_link
1723528304.7460701,-79.3388476069364,-2.986427771366488,-4.865795860683233,0.04463964354959577,-5.3213077795790074e-05,-0.7647814804490063,0.642741461673634,orbslam3_map,base_link
1723528304.8794544,-79.4771749759062,-3.3197694539743594,-4.87454948575237,0.04459590661754281,0.00041382120735295076,-0.7642043763236955,0.6434304197601161,orbslam3_map,base_link
1723528305.0128388,-79.60675995386254,-3.660686107136918,-4.887416251005133,0.04494621786010295,0.00025240711542193027,-0.7634022306902043,0.6443576708381304,orbslam3_map,base_link
1723528305.1795695,-79.71303577771621,-3.9426065500100034,-4.90054635852694,0.04493694276829325,0.0005827256122048207,-0.7623126784132896,0.6456467392745482,orbslam3_map,base_link
1723528305.3462992,-79.87909588347671,-4.370084509972271,-4.915587409345601,0.04679629474741447,-6.54029008860606e-05,-0.761200076640295,0.6468265191248599,orbslam3_map,base_link
1723528305.51303,-80.10520550275591,-4.929231189922238,-4.909484282308721,0.04736623988601935,-0.0006539038748213529,-0.7602448819049095,0.6479071934051766,orbslam3_map,base_link
1723528305.6797786,-80.26147403466507,-5.361300945151749,-4.919603657822913,0.046263680085813205,0.00014559968547781757,-0.7590726942481549,0.6493599121846806,orbslam3_map,base_link
1723528305.8131857,-80.40017074223704,-5.767524618340881,-4.91524978359837,0.04461420312921898,0.0017521592195597568,-0.7585703133617955,0.6500596761093564,orbslam3_map,base_link
1723528305.979946,-80.56820535400033,-6.210785318766918,-4.93557434918086,0.043208474828983864,-0.0007436909634187822,-0.7568984497032935,0.6521021480285545,orbslam3_map,base_link
1723528306.1800592,-80.73918637110543,-6.6798605927189545,-4.93854111932649,0.04342043449256241,-0.0027824462096075267,-0.7552989718743072,0.6539345433200346,orbslam3_map,base_link
1723528306.346821,-80.88274674948549,-7.110117088678333,-4.953767452888339,0.04330211576152343,-0.0010447570357754639,-0.7539652041458351,0.6554847871542412,orbslam3_map,base_link
1723528306.4802315,-80.98133187992818,-7.436381418445158,-4.962020219016909,0.04359635421423668,0.0006887938019524012,-0.7529994044285485,0.6565750378993831,orbslam3_map,base_link
1723528306.6469784,-81.13873918033413,-7.875251218510705,-4.972520305290738,0.04567631016047222,0.0012279963389011167,-0.7511535981983677,0.6585441812276237,orbslam3_map,base_link
1723528306.780355,-81.27975677691006,-8.29347792361141,-4.977601844087124,0.044811708295620395,0.0010024252385862568,-0.7498509353195566,0.6600867221385802,orbslam3_map,base_link
1723528306.9137309,-81.39151127641952,-8.62901948488221,-4.982633047686525,0.0436390893519498,0.0007762168796300556,-0.7487726872146414,0.661388305195407,orbslam3_map,base_link
1723528307.047107,-81.51032301143914,-9.000837339904557,-4.996507640058175,0.04333271333468741,0.0011452305695584322,-0.7482709850400165,0.6619754507149338,orbslam3_map,base_link
1723528307.1804821,-81.6183687588212,-9.349672384037087,-5.018466101063437,0.042660768511577504,0.0011745486522322498,-0.747001535622073,0.6634511172978231,orbslam3_map,base_link
1723528307.3472006,-81.76051539984597,-9.754724397163981,-5.018350269327877,0.040878110871963774,0.0009773936124378485,-0.7455603435353779,0.6651825305137492,orbslam3_map,base_link
1723528307.480575,-81.90930343489192,-10.175055183799257,-5.03255502694218,0.04187536900787855,0.0011947151931486237,-0.7438386456663387,0.6670450474588117,orbslam3_map,base_link
1723528307.647296,-82.03291576354071,-10.613281820811013,-5.043802854346298,0.04384596339376478,0.0030978176837317627,-0.7425015752895635,0.6684005877557168,orbslam3_map,base_link
1723528307.780674,-82.13466068337834,-10.966251299127075,-5.052591711308398,0.04509308525685448,0.004565546068978745,-0.7415173851929309,0.6694010284633186,orbslam3_map,base_link
1723528307.9473956,-82.27538003215174,-11.428349435101826,-5.0676412543523455,0.04587854799139171,0.006208040179334412,-0.7400684974315418,0.670936090980917,orbslam3_map,base_link
1723528308.147461,-82.42434532690284,-11.907398709788755,-5.076744296229881,0.047347443457745796,0.0055500248267607135,-0.7383849900921549,0.6726923689392099,orbslam3_map,base_link
1723528308.2808373,-82.52820297154769,-12.283877536727012,-5.091222709796419,0.047296013384385834,0.005106695176337387,-0.7371352086543056,0.6740687598045864,orbslam3_map,base_link
1723528308.4142132,-82.63911576760167,-12.614658863349725,-5.103150211802806,0.04515165285863276,0.002335310006967776,-0.7364939917453145,0.6749314592566845,orbslam3_map,base_link
1723528308.5475886,-82.75784556057825,-12.957415927297726,-5.105972156386023,0.04286372818808951,0.0007433577658198886,-0.7349590649365598,0.6767549934005861,orbslam3_map,base_link
1723528308.7476532,-82.89865226329583,-13.47337965191871,-5.123267801598333,0.042719073997748575,0.0010936656626828083,-0.7332066916007423,0.6786617950084468,orbslam3_map,base_link
1723528308.8810296,-82.99332171901312,-13.799059238407832,-5.124055171411005,0.043597991201505946,0.0011529314377412396,-0.7322316766131047,0.6796577503984303,orbslam3_map,base_link
1723528309.0144053,-83.08326289206659,-14.137080575693654,-5.1203918610524894,0.042207502285879106,0.004778330640883376,-0.7309078700257949,0.6811529782959401,orbslam3_map,base_link
1723528309.1477804,-83.19683341245732,-14.45723880324627,-5.128615457287882,0.04398770292075731,0.0037445289832439693,-0.7289824747424423,0.683107321006614,orbslam3_map,base_link
1723528309.3144994,-83.30476724129662,-14.858738802867048,-5.147458915700339,0.04513578711393349,-0.0011751300548018592,-0.7276569960347762,0.6844535600846895,orbslam3_map,base_link
1723528309.4478738,-83.39486723522532,-15.195248179501087,-5.165315198370212,0.044082739642421515,-0.003294856145402175,-0.7271348324391397,0.6850699171926204,orbslam3_map,base_link
1723528309.5812476,-83.44973230274879,-15.479895048253336,-5.166053950449967,0.042692035519417616,-0.0017056956669533677,-0.7264367996090036,0.6859038248029594,orbslam3_map,base_link
1723528309.7146363,-83.5235837219828,-15.782319415012141,-5.169763506946434,0.04129825278790727,0.0005663773330334784,-0.7254644014548677,0.6870193125051968,orbslam3_map,base_link
1723528309.8813717,-83.63854972783344,-16.256369193333548,-5.196709381694164,0.0409369374819809,0.002031677555984832,-0.7242417525367215,0.6883269014926289,orbslam3_map,base_link
1723528310.0147603,-83.7450943245518,-16.6278989206796,-5.192958682447171,0.04276604355599734,0.0003439892762253344,-0.7233488521216361,0.6891570106472513,orbslam3_map,base_link
1723528310.1481485,-83.8417847296051,-16.94610799539314,-5.205382942797279,0.043474888384283795,-0.0020723899987946694,-0.7223241775350209,0.6901836145751524,orbslam3_map,base_link
1723528310.2815368,-83.90426267899319,-17.250156277332948,-5.207865069782672,0.042400945509937324,-0.0020551426889677386,-0.7212621334730241,0.6913601601382111,orbslam3_map,base_link
1723528310.414925,-83.97430830371628,-17.589103762476732,-5.2118109096090315,0.041299276805242396,-0.0020433527867560184,-0.7209403187801829,0.6917624239591805,orbslam3_map,base_link
1723528310.5816603,-84.07239136143181,-17.995099547015535,-5.219927244629745,0.0411665813370318,-0.0013122935970881777,-0.7192495705741128,0.6935298448484326,orbslam3_map,base_link
1723528310.7150545,-84.15742517316066,-18.31114589103177,-5.230383267928586,0.04176546114585813,-0.0023233571946842534,-0.7178690234337073,0.6949203648339537,orbslam3_map,base_link
1723528310.8484488,-84.22238470772241,-18.63074741937918,-5.239782564603873,0.041104017876322674,-0.00198055049600716,-0.7169299067078174,0.6959296271909078,orbslam3_map,base_link
1723528311.015191,-84.31834795285796,-19.04542994943451,-5.24762431671524,0.041070522360440356,-0.0015857959128134104,-0.7157677844040096,0.6971278048204208,orbslam3_map,base_link
1723528311.181935,-84.4040362649043,-19.44404475338923,-5.2417906583796015,0.04118875108446903,-0.0005286107979342232,-0.7142575223501794,0.6986697353692294,orbslam3_map,base_link
1723528311.348678,-84.49931713537522,-19.850986850677646,-5.255906720977554,0.04123891353581779,-6.951799303271101e-05,-0.712120102853915,0.7008454225355,orbslam3_map,base_link
1723528311.4820735,-84.55563174885913,-20.165757023341186,-5.256701216805004,0.04089320925965693,6.689866082964056e-05,-0.710512698591331,0.7024951573509097,orbslam3_map,base_link
1723528311.6154668,-84.62405986216598,-20.477765283503047,-5.25726113284472,0.04106081488042209,0.0002635842660776197,-0.708655210588958,0.7043590934387162,orbslam3_map,base_link
1723528311.7488542,-84.70127925824607,-20.84019597871429,-5.270941596253357,0.040089803511848675,-0.0001690733617395096,-0.7065974940931611,0.7064791294934656,orbslam3_map,base_link
1723528311.8822415,-84.76978439849823,-21.174405170197815,-5.277692839472021,0.040101532233838555,-0.0002010969318163923,-0.7037695228580813,0.709295626215636,orbslam3_map,base_link
1723528312.0156286,-84.79295728364762,-21.467142632324816,-5.2742210445739115,0.04006612732590949,1.1438716151156481e-07,-0.701149337422887,0.7118878507690222,orbslam3_map,base_link
1723528312.1490157,-84.84844801166217,-21.78241583874776,-5.280671752011951,0.03905013300439408,0.000809908993613255,-0.697749961170393,0.7152757669923372,orbslam3_map,base_link
1723528312.2824025,-84.89247368606479,-22.098098916559195,-5.2819130106662024,0.037827106104995914,0.0024961536864161957,-0.6945089714262793,0.7184846330081853,orbslam3_map,base_link
1723528312.4491365,-84.9483681101556,-22.48360202491451,-5.277468890316676,0.036595403246172185,0.001491100048868324,-0.6909020334441959,0.7220200366087978,orbslam3_map,base_link
1723528312.5825229,-84.99812738388127,-22.81923366409199,-5.287926150117664,0.038859778385812074,0.0033584439645475373,-0.6868724409628428,0.7257305893537136,orbslam3_map,base_link
1723528312.7159226,-85.02259001129211,-23.124893918722165,-5.29063914643084,0.039381776247048104,0.004967930850366118,-0.6841140969490525,0.7282941011145675,orbslam3_map,base_link
1723528312.8493226,-85.07604815614263,-23.460628439501214,-5.306910737876176,0.03938790516146981,0.00338494360814939,-0.6807484769750781,0.7314496880714847,orbslam3_map,base_link
1723528312.9827225,-85.10117081809668,-23.77952282697222,-5.3126956893408686,0.0390270995287247,0.002291133115314904,-0.6779635402667217,0.7340552256339002,orbslam3_map,base_link
1723528313.149473,-85.14360702678499,-24.184077661139444,-5.316902552762655,0.04152226667599813,0.0032967551670042322,-0.6733514235839083,0.7381482866829538,orbslam3_map,base_link
1723528313.3162243,-85.19520488737504,-24.658084804260007,-5.32477060632819,0.0411138759970177,0.001579979888174362,-0.6698908370284082,0.7413187029405325,orbslam3_map,base_link
1723528313.4496257,-85.20998159947348,-24.971893636383307,-5.3285865638150876,0.03780786929327496,0.0018021713651661022,-0.6673695755674874,0.7437641876325755,orbslam3_map,base_link
1723528313.5830271,-85.26673249747344,-25.35688701650261,-5.334688380636864,0.039922792242989995,0.0032978036543041354,-0.6631059269007866,0.747452891398267,orbslam3_map,base_link
1723528313.7498114,-85.29887032604852,-25.759990039110033,-5.328201566559563,0.04247922443037339,0.0021122994364710704,-0.6594324937937737,0.7505596843768051,orbslam3_map,base_link
1723528313.9165986,-85.3114587424793,-26.155036140182055,-5.333342203353014,0.043124770110304245,-3.342258112784497e-05,-0.6551211423761957,0.754292079964766,orbslam3_map,base_link
1723528314.0833864,-85.32578985194549,-26.56534248096307,-5.340378070180993,0.0404804944661816,-0.0008056072310043005,-0.6508120662467344,0.7581585157422022,orbslam3_map,base_link
1723528314.2168183,-85.34019645950367,-26.895116290734073,-5.340504325061078,0.04039805143247609,-0.00046215455531399986,-0.6470173656670396,0.7614041715008596,orbslam3_map,base_link
1723528314.3502512,-85.34064517848869,-27.247200310864955,-5.345761387878671,0.03864560323132849,-0.000612349779311713,-0.6433609044086589,0.7645867439716091,orbslam3_map,base_link
1723528314.483685,-85.3447617937678,-27.580040900759563,-5.350201625818662,0.038973903040987634,-0.0010797688993677158,-0.6387419523251312,0.7684325522261245,orbslam3_map,base_link
1723528314.6171088,-85.34051258405263,-27.925247939585383,-5.345015535541668,0.03684990579153878,-0.0017423337400160749,-0.6346558580365933,0.7719138491931135,orbslam3_map,base_link
1723528314.7504995,-85.31940787327433,-28.2720373624091,-5.341232837886968,0.036591161293474374,-0.0008191139973986827,-0.6311260859377177,0.7748162876555906,orbslam3_map,base_link
1723528314.8838902,-85.30991038110628,-28.599223327943946,-5.338489838276114,0.03537951524980044,4.886726541344425e-05,-0.6268387161012141,0.7783453677573092,orbslam3_map,base_link
1723528315.0506287,-85.29838879109501,-29.006464477727313,-5.355556392892298,0.03536961777951245,0.0006573621177305977,-0.6216350730436645,0.7825077596900718,orbslam3_map,base_link
1723528315.184019,-85.28659089532997,-29.33140685200554,-5.350502487386283,0.0352454017914276,2.32589480931755e-05,-0.6172049590059235,0.786012595121782,orbslam3_map,base_link
1723528315.317409,-85.28757065181483,-29.690401138263447,-5.361650129107288,0.0364243841117217,4.0072628272506376e-06,-0.6129145407909413,0.7893092105842002,orbslam3_map,base_link
1723528315.4507992,-85.25848307542033,-30.0155574728517,-5.3654695736167435,0.035745823619040246,0.0011317099473774834,-0.6094222774058939,0.7920387889035518,orbslam3_map,base_link
1723528315.5841892,-85.24374819376997,-30.341497160362714,-5.366726371394181,0.03689323077015857,0.001614618896656098,-0.6055589541593932,0.7949431649913976,orbslam3_map,base_link
1723528315.7509892,-85.17906817101941,-30.756118641090588,-5.35673932828966,0.03684687271334055,0.0022336054576589195,-0.6016612015388938,0.7978979367943503,orbslam3_map,base_link
1723528315.8844311,-85.1373480316257,-31.054834967839632,-5.343748541186489,0.036682362204681726,0.0029747095751082296,-0.5982181092394993,0.8004877570481305,orbslam3_map,base_link
1723528316.0178745,-85.10535247663633,-31.38810034640978,-5.347435279788866,0.0359198596083043,0.0024691157839261597,-0.5948277374206274,0.8030464681125387,orbslam3_map,base_link
1723528316.151319,-85.05201487954626,-31.75642556464998,-5.344789388982667,0.034907115799773895,0.001604097045601291,-0.5912621830254491,0.805722006068588,orbslam3_map,base_link
1723528316.3181274,-85.00345855256333,-32.16708617291564,-5.342661486681761,0.0352440948501346,0.00041964968214521837,-0.5866554396893601,0.8090692632619426,orbslam3_map,base_link
1723528316.451575,-84.95992459198851,-32.494619354170524,-5.343835424463637,0.03557945290534572,-0.0004439721890615346,-0.5831930697057197,0.8115539100188424,orbslam3_map,base_link
1723528316.585024,-84.93338547726158,-32.85534107472753,-5.358040849628041,0.03393415705366136,-0.001180562666780228,-0.5798116708462503,0.8140426927424179,orbslam3_map,base_link
1723528316.7184126,-84.8779951809669,-33.1831001970952,-5.366395075043275,0.03398222429663864,-0.0005842254347174467,-0.5770999353833466,0.8159660113589485,orbslam3_map,base_link
1723528316.8518007,-84.82087295694537,-33.54989530611182,-5.3479296630891175,0.03316311232573296,-0.0002080286906819726,-0.5750118060327004,0.8174726831080943,orbslam3_map,base_link
1723528316.985189,-84.75927847294196,-33.88951505097856,-5.3518627406738135,0.033062574963225226,0.0004222141591880257,-0.5725490570340867,0.8192034333188448,orbslam3_map,base_link
1723528317.1852705,-84.69094380825054,-34.38309897274868,-5.340920962076168,0.034584641417177084,0.0011184450934371838,-0.5697220527975609,0.8211086616366627,orbslam3_map,base_link
1723528317.3520043,-84.61452648732993,-34.85459629963269,-5.353660060151607,0.03409614682150615,0.001339892050644066,-0.5685860487517741,0.8219157880379621,orbslam3_map,base_link
1723528317.4853916,-84.57991855597521,-35.21274779456735,-5.342795109984581,0.034539216523543304,0.0022223309701795996,-0.5671953243807751,0.8228557393417062,orbslam3_map,base_link
1723528317.6187885,-84.52988790940557,-35.536301472405306,-5.343365210014289,0.03483291491207573,0.002091004432853266,-0.5663323895199746,0.8234378667026345,orbslam3_map,base_link
1723528317.7522159,-84.47932962347296,-35.87653061098661,-5.342966012054822,0.034261513957545925,0.0009967789979454906,-0.565418632869677,0.8240915754312452,orbslam3_map,base_link
1723528317.8856435,-84.43432415265221,-36.244051482421334,-5.323804202599311,0.034039302326616,0.0014777966866173402,-0.5646772140170524,0.8246082621366405,orbslam3_map,base_link
1723528318.019072,-84.36804648489772,-36.540482904123195,-5.323680070105709,0.034430592506794026,0.0017553611570546525,-0.5642771766376871,0.8248652744131251,orbslam3_map,base_link
1723528318.1525013,-84.303325285678,-36.8790133863275,-5.327696164626143,0.03428096326097263,0.0022757159086863334,-0.5632496544451112,0.8255722036517857,orbslam3_map,base_link
1723528318.2859313,-84.25540800423774,-37.17585821587167,-5.327987942972664,0.03302306629769096,0.0030193623560401807,-0.56184047830955,0.8265806902391063,orbslam3_map,base_link
1723528318.419362,-84.18583600288126,-37.57906131514521,-5.331950119301799,0.033482180095660376,0.0021282386731654905,-0.5601574896761311,0.8277064702996632,orbslam3_map,base_link
1723528318.5861518,-84.11690461168948,-37.995185171293414,-5.327263325535423,0.034997357361353995,0.000911824663600813,-0.5585516943715314,0.8287305703714543,orbslam3_map,base_link
1723528318.7195284,-84.05890785425825,-38.30672796652335,-5.331755845066626,0.03445696937479087,0.0007157742712082192,-0.5570648816342811,0.8297535312238699,orbslam3_map,base_link
1723528318.8529048,-83.9848961982287,-38.6269134585205,-5.324887816450285,0.03342083401150244,-0.0009282857424122499,-0.5554435739157221,0.8308818341589169,orbslam3_map,base_link
1723528318.9862807,-83.92562268150684,-38.953833454314235,-5.320904586787929,0.031555954961114865,-0.0005641126843086851,-0.5533628726969064,0.8323421379480909,orbslam3_map,base_link
1723528319.1529994,-83.842088336208,-39.35660175953316,-5.333488835409234,0.030280647650328042,-0.0010388568118237648,-0.5522972916217307,0.8330964558931351,orbslam3_map,base_link
1723528319.3197186,-83.76472421717202,-39.77272602834168,-5.333431558030852,0.030111319053760573,-0.002911531134716169,-0.5492598333665812,0.8351038659360941,orbslam3_map,base_link
1723528319.4864361,-83.67309840001958,-40.170729016515686,-5.327545504680591,0.030620632098274668,-0.0030539249310747953,-0.5476615688633328,0.8361338747010376,orbslam3_map,base_link
1723528319.619811,-83.59560909991583,-40.51083680698633,-5.329325588537072,0.03210066321496802,-0.0017397803160174134,-0.54601630783691,0.837157519324625,orbslam3_map,base_link
1723528319.7531881,-83.54801468218375,-40.83859850875791,-5.316105032095258,0.03579120394715697,-0.002021273225815597,-0.5441768267716087,0.8382043219760575,orbslam3_map,base_link
1723528319.91991,-83.460130142982,-41.23068346753185,-5.322827007912822,0.036937725281427775,-0.0020128588695858102,-0.5406663042856346,0.8404234053501357,orbslam3_map,base_link
1723528320.08663,-83.35346741215746,-41.61111005610839,-5.309610762440976,0.033173171050287525,0.00044511202690120826,-0.5361879879093389,0.8434463730549124,orbslam3_map,base_link
1723528320.2200065,-83.25595883073852,-41.939389750321695,-5.313352419068958,0.03137416230421363,0.0014952003444946215,-0.5325180654380132,0.8458356437853601,orbslam3_map,base_link
1723528320.3867276,-83.1611404535452,-42.32997192505315,-5.304178080465506,0.03256305138962439,-0.0028068541345770658,-0.5260886676644684,0.8498014374011663,orbslam3_map,base_link
1723528320.553447,-83.04449045039527,-42.73290895948532,-5.299032377941054,0.03565972028815934,-0.008809152067644412,-0.518398407969044,0.8543499715011291,orbslam3_map,base_link
1723528320.6868122,-82.93522250510854,-43.04393855040816,-5.298783665989287,0.03553780365683261,-0.008496893344192484,-0.5128672082812825,0.8576899754483023,orbslam3_map,base_link
1723528320.8535132,-82.7862708057738,-43.4159908374827,-5.2898472145105515,0.03213768175685433,-0.0012512665105162326,-0.5041753389880862,0.8630022197536128,orbslam3_map,base_link
1723528320.9868724,-82.65050219061536,-43.73116611016053,-5.291248701117202,0.02874477640755463,0.000630587166047136,-0.49650394100094103,0.8675581690927934,orbslam3_map,base_link
1723528321.120231,-82.57554790830444,-43.98839436290734,-5.283533604704766,0.029591614307225754,-0.0005058236110449568,-0.4890058552991592,0.8717782711150266,orbslam3_map,base_link
1723528321.3202667,-82.40086246497445,-44.459349081278745,-5.284594121390141,0.03419697558645824,-0.002921763931978599,-0.477357258389968,0.8780387679474513,orbslam3_map,base_link
1723528321.5203001,-82.2042472641823,-44.87558292510718,-5.273371058609075,0.03299077816656416,-0.003656500122386949,-0.4660389220674621,0.8841413697373387,orbslam3_map,base_link
1723528321.6536632,-82.05239537661414,-45.06539453080239,-5.277252124491372,0.031198554107244023,-0.0033677131462028086,-0.4583314648547018,0.8882272102643138,orbslam3_map,base_link
1723528321.7870328,-81.9111525307141,-45.3326236731432,-5.270784854941074,0.030556054780942643,-0.0026071338589668354,-0.44999031606084616,0.8925067203224439,orbslam3_map,base_link
1723528321.9537442,-81.73696976337745,-45.65628356359456,-5.258626680242283,0.03134416186560982,-0.00376532054208277,-0.4389081781403582,0.8979771584175565,orbslam3_map,base_link
1723528322.1204555,-81.56069814217972,-45.969999629374584,-5.2537257862009925,0.03227284627257184,-0.005375407239547509,-0.4266368371006499,0.9038310559054881,orbslam3_map,base_link
1723528322.2871652,-81.36988482994303,-46.26621973286004,-5.243056321205055,0.03181521837879441,-0.004776052648000912,-0.41411797697675756,0.9096544851454814,orbslam3_map,base_link
1723528322.4205327,-81.20147861313524,-46.52422500837954,-5.233509365245835,0.03150999960562095,-0.003453447318881235,-0.4025963763729403,0.9148285912441999,orbslam3_map,base_link
1723528322.587242,-80.99307688162735,-46.81794280025627,-5.223463356590843,0.030216349808840984,-0.0031225798533548034,-0.38734792404249135,0.9214330184225339,orbslam3_map,base_link
1723528322.7539654,-80.77056436923155,-47.08692572168921,-5.209519735168477,0.02875841415164163,-0.002799004685774225,-0.37279382982837134,0.927464220134743,orbslam3_map,base_link
1723528322.9206843,-80.53633825104524,-47.368203544024006,-5.198704212554881,0.028933217452509402,-0.0018958638616345465,-0.3590246005654365,0.9328775969101696,orbslam3_map,base_link
1723528323.0540583,-80.362413446251,-47.5679318084138,-5.194226027238337,0.02873907647596606,-0.0012794726913929527,-0.34865472797773517,0.936809644000163,orbslam3_map,base_link
1723528323.2207744,-80.18992339212343,-47.75867568715762,-5.177303611433947,0.029986944474101378,-0.002787080104035988,-0.33719476182246205,0.9409530848799499,orbslam3_map,base_link
1723528323.354147,-80.03993485374951,-47.92869110173828,-5.1805610420534824,0.03011673066693634,-0.005386196699168811,-0.32782667497746654,0.944242364328286,orbslam3_map,base_link
1723528323.520862,-79.84813407486202,-48.10822457450246,-5.167479811380239,0.025723165995585575,-0.006222524454870196,-0.31567499526948173,0.9484982320922822,orbslam3_map,base_link
1723528323.6875806,-79.6461110284195,-48.27884526905231,-5.159172976262881,0.02100466801526855,-0.005659498694535121,-0.304194926462645,0.9523613918626064,orbslam3_map,base_link
1723528323.8876514,-79.414344477852,-48.50848775064234,-5.125756417667169,0.022675034416819763,-0.015635106588946332,-0.2910208494824227,0.9563201615686441,orbslam3_map,base_link
1723528324.0543768,-79.20811270477611,-48.666823655386594,-5.12583139964576,0.017366951049686486,-0.010106466496934936,-0.2774476877260497,0.9605305975978342,orbslam3_map,base_link
1723528324.2211006,-78.99901968704974,-48.7698662677857,-5.128575893443517,0.010631097674190374,-0.00034066351746542267,-0.26897658370575017,0.9630879820289491,orbslam3_map,base_link
1723528324.3878248,-78.80605088539977,-48.919196809916166,-5.106774382189278,0.010095186784327328,-0.004147270582913905,-0.2561848421743533,0.9665661974177472,orbslam3_map,base_link
1723528324.521203,-78.6569185116287,-49.09198101372034,-5.103019297261591,0.013893927449442152,-0.010315998447182216,-0.24839986568720934,0.9685029920876052,orbslam3_map,base_link
1723528324.654578,-78.48762005232985,-49.20432338729688,-5.098129252643888,0.01283485626563454,-0.01002862831072304,-0.24025415647958123,0.9705733529069973,orbslam3_map,base_link
1723528324.7879431,-78.3284367439751,-49.30495412363019,-5.081837531935162,0.009775132294771048,-0.007269202542736489,-0.23155773520005252,0.9727448898616917,orbslam3_map,base_link
1723528324.921307,-78.15832657926146,-49.38222454046506,-5.068396846394054,0.008166016541932726,-0.005653870065154352,-0.2243557100881385,0.9744567026184234,orbslam3_map,base_link
1723528325.0880105,-77.96667466502605,-49.541101580884714,-5.038943072231552,0.016578009394743007,-0.0012595861763348515,-0.21051493928259674,0.9774492536116731,orbslam3_map,base_link
1723528325.2547133,-77.79203056654798,-49.667381014484924,-5.017701024492666,0.02057940044963143,-0.010570407292833955,-0.20527977424469876,0.9784298488153572,orbslam3_map,base_link
1723528325.3880742,-77.63192631417286,-49.71480251687268,-5.025962512364392,0.004962682876178263,-0.015044921480689989,-0.19792197261585698,0.980089748376218,orbslam3_map,base_link
1723528325.5214343,-77.4693027606236,-49.771167660019486,-5.020381293732143,-0.002687504391733623,-0.013110789549572182,-0.19276712492016124,0.981153260233867,orbslam3_map,base_link
1723528325.6881363,-77.24655527795174,-49.90631915958016,-5.000761210085029,-0.000275428224511213,-0.00970000903670767,-0.18243551893247237,0.9831699321052391,orbslam3_map,base_link
1723528325.821502,-77.07999406519004,-50.00460084852911,-4.987193195376241,0.0027825274852640086,-0.009853984321532514,-0.1759517750495997,0.984345533535191,orbslam3_map,base_link
1723528325.954867,-76.89431806169873,-50.091797354784205,-4.978500840185909,0.0017806142622660938,-0.007622334732542277,-0.16754823390394583,0.9858328046589557,orbslam3_map,base_link
1723528326.0882308,-76.67085159273674,-50.22277498063217,-4.9598394555182646,0.0007570289645835309,-0.00605831081454192,-0.15900640023141333,0.9872586735312426,orbslam3_map,base_link
1723528326.2215943,-76.46505986994387,-50.316752786274776,-4.947856370026312,7.398610929516158e-05,-0.00453634394148124,-0.1502860069949442,0.9886321521229298,orbslam3_map,base_link
1723528326.3549573,-76.25555212616642,-50.4070222165371,-4.931002671212379,0.001795902696163026,-0.0015961779690437739,-0.13935086430914,0.9902401544906633,orbslam3_map,base_link
1723528326.4883194,-76.0377606553194,-50.51322697247338,-4.916254363641273,0.00405737524522132,-0.00035155635373016847,-0.12981479342682925,0.9915298954251451,orbslam3_map,base_link
1723528326.621681,-75.81109336032326,-50.602360188917785,-4.898699260818047,0.0032740754766042183,0.0014593779162273602,-0.11760979396394551,0.9930534159901115,orbslam3_map,base_link
1723528326.7550473,-75.55046368187428,-50.75602505109646,-4.8757626551616475,0.00619502097895545,0.002119237092493539,-0.10734943280122632,0.9941997937167716,orbslam3_map,base_link
1723528326.9217548,-75.26930521342693,-50.85485872023462,-4.859885618153755,0.004713168274449058,-0.0002287534549665689,-0.09428427627771561,0.9955341324954464,orbslam3_map,base_link
1723528327.0551195,-75.03860032815544,-50.927657383700264,-4.848204509231628,0.001355387212816499,-0.0015001890698379638,-0.08411315762738737,0.9964541580384962,orbslam3_map,base_link
1723528327.2218242,-74.67852242007885,-51.00226285201522,-4.84794877712506,-0.004302749850484355,-0.001738165401677067,-0.07291561086038456,0.997327317793721,orbslam3_map,base_link
1723528327.3885286,-74.35443861389219,-51.10241107332285,-4.826273845210459,-0.004644465313619406,-0.0026027314118223094,-0.061937894907326714,0.9980658053984203,orbslam3_map,base_link
1723528327.5218909,-74.03047647622486,-51.19452132270405,-4.805215321384723,-0.003468045215796323,-0.001502580289797693,-0.05383001553116051,0.9985429606896085,orbslam3_map,base_link
1723528327.6552572,-73.76046934546078,-51.26600156635761,-4.792996054813556,-0.0020549397991443015,-0.0006276199174995881,-0.04510103151094004,0.9989801200586077,orbslam3_map,base_link
1723528327.823021,-73.40461590984125,-51.358637497930815,-4.772845896325063,-0.0008506078988664184,0.0011256639642066592,-0.03555417074388969,0.9993667546449384,orbslam3_map,base_link
1723528327.9578168,-73.11673848183919,-51.47726346855457,-4.750078692098956,-0.0025282967536102,0.0014503896000377999,-0.02588076638792811,0.9996607874757854,orbslam3_map,base_link
1723528328.0926476,-72.8477152696357,-51.52800977239788,-4.732422672649867,-0.002348990166422431,0.00044975195704532843,-0.018118440211950856,0.999832987099676,orbslam3_map,base_link
1723528328.2612355,-72.50469889928897,-51.59414105216635,-4.711079110271902,-0.001659210104651225,-0.000644998059855225,-0.007275038429792926,0.9999719520142435,orbslam3_map,base_link
1723528328.3961446,-72.15701368727503,-51.64345011956786,-4.688926433801633,-0.0008531512368927079,-0.0016828334791327798,0.0004619577382283462,0.9999981133979686,orbslam3_map,base_link
1723528328.5648293,-71.8299115132737,-51.684585890941534,-4.66682179981446,-0.0018792652498567809,-0.0032785250520619377,0.010985318146669403,0.9999325189335629,orbslam3_map,base_link
1723528328.7335637,-71.4372352576691,-51.74960019221292,-4.652259962584252,-0.003488227276763266,-0.006294848396208331,0.022294409797234,0.999725545560344,orbslam3_map,base_link
1723528328.9334207,-71.0213313356003,-51.788968010122204,-4.623640052620528,-0.004135748551739077,-0.0034198481679629865,0.03519239392597062,0.9993661469312357,orbslam3_map,base_link
1723528329.0999587,-70.69162584812513,-51.817840275289825,-4.594867133875555,-0.002137027773030213,-0.0028352585487328584,0.04485000043728559,0.9989874232852156,orbslam3_map,base_link
1723528329.233184,-70.43180232861265,-51.82392049481746,-4.591313617582209,-0.0003392435376178166,-0.005283455628589161,0.053387399299458134,0.9985598407739434,orbslam3_map,base_link
1723528329.3997092,-70.07649132408817,-51.84798377734811,-4.5691372341545335,0.0021213899993329207,-0.0040343887541252985,0.06403740098707611,0.9979370895435603,orbslam3_map,base_link
1723528329.532923,-69.79207204997601,-51.85267655560375,-4.555287556620159,0.001650574783410093,-0.0011497961743521083,0.07094845111439323,0.9974779550727477,orbslam3_map,base_link
1723528329.699433,-69.44338341299526,-51.85145101139577,-4.528378034428334,-0.0016530763758712168,0.001047793510639679,0.08088845192058354,0.9967212387689679,orbslam3_map,base_link
1723528329.8326805,-69.17730839886585,-51.84055992788182,-4.52405479944086,-0.004242229655481351,-0.0007602568702281602,0.08907366833971912,0.9960157162944504,orbslam3_map,base_link
1723528329.965937,-68.90340166240019,-51.82799393173995,-4.508192129636595,-0.0032435572472117357,-0.0026540859469767,0.09684543750243638,0.9952906090178546,orbslam3_map,base_link
1723528330.0991893,-68.62783009806603,-51.81394526799579,-4.48942169485889,-0.0026919798575640165,-0.002674558915286582,0.1059076806231796,0.9943687259583709,orbslam3_map,base_link
1723528330.2657495,-68.23738879407317,-51.795788705243005,-4.4657061964731835,-0.0027890388089326385,-0.005002716603299052,0.11874237200467962,0.9929085774530361,orbslam3_map,base_link
1723528330.432302,-67.89981435474424,-51.76109095114822,-4.441886793902221,-0.0012834766081566745,-0.005638736538227532,0.13148194757868947,0.9913016971633629,orbslam3_map,base_link
1723528330.5988493,-67.60803480058382,-51.7396265554009,-4.431141689835927,-0.002061292468144627,-0.00614056391467675,0.1457432224969523,0.9893012471660866,orbslam3_map,base_link
1723528330.732083,-67.33673769911329,-51.698626279282514,-4.412124505595687,-0.002576786186515171,-0.0063712171353058015,0.15661234491042272,0.987636239304139,orbslam3_map,base_link
1723528330.865332,-67.08918324398593,-51.65946308198244,-4.3879432272868515,-0.003775235247421244,-0.00675418652458564,0.16763702612933287,0.9858184194027473,orbslam3_map,base_link
1723528330.9985766,-66.81823157632162,-51.59523975572767,-4.358738063403043,-0.004821141142169025,-0.00633987560041027,0.17855301199148968,0.9838980559408711,orbslam3_map,base_link
1723528331.1318164,-66.55375468791568,-51.53923100757009,-4.335996559661945,-0.005805164892184512,-0.005704639706133163,0.18935023929234657,0.9818758801530512,orbslam3_map,base_link
1723528331.2650511,-66.29282689501926,-51.471490908209276,-4.326175194190464,-0.00592158464766174,-0.0053985203353448625,0.2000547092683284,0.9797519605048076,orbslam3_map,base_link
1723528331.3982816,-66.04541444693598,-51.42167490431608,-4.297590246030729,-0.007538384817919317,-0.004322689009714293,0.21121033140641504,0.9774020068637339,orbslam3_map,base_link
1723528331.531507,-65.79241387449233,-51.343511391538065,-4.274639772435408,-0.009322944909142964,-0.003200714555726967,0.22201335419979432,0.9749937993041343,orbslam3_map,base_link
1723528331.6980317,-65.48234997863997,-51.23752153322576,-4.259999197131397,-0.010514155231603041,-0.0020553780748196254,0.23573869084253735,0.9717574273452105,orbslam3_map,base_link
1723528331.8313625,-65.21059633182757,-51.127051048101244,-4.252293634751103,-0.011102922560863655,-0.001627091668182697,0.24586851282956534,0.9692382328830661,orbslam3_map,base_link
1723528331.9647293,-65.00222925508788,-51.0544274457459,-4.241755334584736,-0.010282620109736927,-0.0011552953117859462,0.2563287423711059,0.9665342771215455,orbslam3_map,base_link
1723528332.1314366,-64.77508538327723,-50.95380277695746,-4.224234936606207,-0.01021126109161736,-0.0015592228749155169,0.26852357334579346,0.9632177269592538,orbslam3_map,base_link
1723528332.2648005,-64.57207428472641,-50.86759160810554,-4.206859618154303,-0.010495229503185044,-0.002060814643536772,0.27931121794185665,0.9601410556436576,orbslam3_map,base_link
1723528332.3981636,-64.39693174609978,-50.776667579736745,-4.195130601093166,-0.010707817500119763,-0.0025815556411937107,0.28983853394084846,0.9570121746654403,orbslam3_map,base_link
1723528332.5648649,-64.18814579077934,-50.673995771980856,-4.176412350217539,-0.01205748468011666,-0.003182252091771379,0.3030348476468904,0.9528978809119261,orbslam3_map,base_link
1723528332.7315662,-63.98083623443773,-50.55110023344375,-4.172448359722884,-0.013140796639973069,-0.004008111793492567,0.3164375342677535,0.9485138593663575,orbslam3_map,base_link
1723528332.8984258,-63.77541761365999,-50.42516977442434,-4.1541308560999965,-0.01431769831824086,-0.003983907625452376,0.3297205352015572,0.9439615991454834,orbslam3_map,base_link
1723528333.0319378,-63.60905438384043,-50.316761923766535,-4.142990737787237,-0.014618967834792497,-0.004078238545816633,0.3405543167840615,0.9401023407425118,orbslam3_map,base_link
1723528333.1988318,-63.38650101785823,-50.14724207417455,-4.1313781638447615,-0.014281067202805198,-0.0048806571200698985,0.3539451196031414,0.9351444180524969,orbslam3_map,base_link
1723528333.3657272,-63.193249468629574,-50.01205549240207,-4.122338146352602,-0.014305020335980958,-0.005135433769937096,0.3670176482223643,0.9300898019043681,orbslam3_map,base_link
1723528333.4992461,-63.02409166268299,-49.87436437920983,-4.115988788876564,-0.01529312619222139,-0.005574832383554627,0.3765044861533579,0.9262717816286751,orbslam3_map,base_link
1723528333.6327667,-62.876532039405,-49.756772772101534,-4.101227211551631,-0.015868092007473175,-0.005009379566269211,0.38666265632005514,0.9220710926929236,orbslam3_map,base_link
1723528333.799671,-62.70033207969607,-49.61462131260629,-4.090238238906457,-0.015354655091847734,-0.005480145161945707,0.3989856205613539,0.9168122365900696,orbslam3_map,base_link
1723528333.9329212,-62.57778259867485,-49.49489236918674,-4.077576496473743,-0.014506376844821376,-0.0058492481002140285,0.40865867936383105,0.912553250560266,orbslam3_map,base_link
1723528334.0661674,-62.44561149516025,-49.36954947961311,-4.068532056595604,-0.015241900871059916,-0.005519780712589264,0.41780807174079604,0.9083906822876155,orbslam3_map,base_link
1723528334.2327185,-62.27940573746343,-49.186929995836934,-4.05955181504373,-0.015901268520694643,-0.006185655107769587,0.4288701053573045,0.903205026592044,orbslam3_map,base_link
1723528334.3992639,-62.122897040967246,-49.05446266427404,-4.0407084004845775,-0.011124641337273117,-0.007783715648501844,0.44007704688697974,0.8978573655815579,orbslam3_map,base_link
1723528334.532495,-62.03029607349863,-48.97611978721162,-4.026463538896653,-0.0038041753830231045,-0.010745621310354734,0.4479054529259826,0.8940082578541879,orbslam3_map,base_link
1723528334.665722,-61.93427841439517,-48.864571230949565,-4.020716382372498,-0.004823132430053006,-0.011985496267455034,0.45691480389582606,0.8894166331105035,orbslam3_map,base_link
1723528334.8322492,-61.82844096524728,-48.68013960944304,-4.018823041728728,-0.018120514085789904,-0.009743436687583849,0.4666766057554069,0.8841887004771065,orbslam3_map,base_link
1723528334.9654636,-61.71881787738535,-48.537856730193994,-4.008915927471914,-0.025796761159963405,-0.008606808558003555,0.4735590640790651,0.8803421282596111,orbslam3_map,base_link
1723528335.1319737,-61.61432102040373,-48.407339748965974,-3.991532443793096,-0.025400166435273822,-0.011994622892880492,0.4818010443020623,0.875830299930392,orbslam3_map,base_link
1723528335.265175,-61.541211518789744,-48.310314127681664,-3.9727166334751365,-0.025751251193080072,-0.015991549780756127,0.49150208694754954,0.8703486898501106,orbslam3_map,base_link
1723528335.3983703,-61.461401983364254,-48.2059105229863,-3.9712503985066983,-0.025882859887980045,-0.017437134270926066,0.49770053843139883,0.8667872852998783,orbslam3_map,base_link
1723528335.5981524,-61.3120694642966,-48.045438761447,-3.9731817214304206,-0.02021427099913855,-0.008665416399911224,0.5072072794886351,0.8615434228408497,orbslam3_map,base_link
1723528335.7646267,-61.20321324132998,-47.931552838080655,-3.97570418901119,-0.014725253804610797,-0.005182820132304146,0.5157129208865265,0.8566192202528222,orbslam3_map,base_link
1723528335.931161,-61.12221402654919,-47.78317153839066,-3.965481132146027,-0.018483485015898388,-0.007583978202163731,0.5238025111648477,0.8516054094201703,orbslam3_map,base_link
1723528336.0977013,-61.0404476081048,-47.60949368727614,-3.954720049969344,-0.02463057351312115,-0.006032462642106431,0.5333571504266872,0.8455099611072661,orbslam3_map,base_link
1723528336.2309282,-60.95822309470332,-47.50863630576379,-3.9370205491120385,-0.0203236430330209,-0.00022104665912323301,0.5388031301686996,0.8421864921694316,orbslam3_map,base_link
1723528336.3641496,-60.88224299106198,-47.432877459201926,-3.9205471593341326,-0.014864764786479604,0.0032881313855830287,0.5444638675882147,0.8386461255206016,orbslam3_map,base_link
1723528336.4973657,-60.82326880755779,-47.32462368028401,-3.9221807248154184,-0.01469676593424422,0.000786155476911101,0.5500659374391696,0.8349915278012152,orbslam3_map,base_link
1723528336.6638784,-60.77019438494999,-47.166243933564076,-3.924597950842812,-0.020541168052428515,-0.008453483044636965,0.5548388838821021,0.8316612363047343,orbslam3_map,base_link
1723528336.8303933,-60.71862796177953,-46.99988450431598,-3.9220767884568355,-0.035502873449098984,-0.011424768914843775,0.5623394711295242,0.8260649731358101,orbslam3_map,base_link
1723528336.963633,-60.68459998901265,-46.869172600232154,-3.901519686719794,-0.042626357065632635,-0.008069538728849846,0.5646484464212796,0.8241905169207251,orbslam3_map,base_link
1723528337.1301756,-60.60705997033956,-46.73177756842211,-3.889452673499987,-0.04220318681155682,-0.009316650856441231,0.5730210015756809,0.8184002827424801,orbslam3_map,base_link
1723528337.2634027,-60.53551866085185,-46.6371036585227,-3.892005634572942,-0.03122455462642881,-0.01233781948478518,0.5796855549986001,0.8141483051168914,orbslam3_map,base_link
1723528337.4299293,-60.41926166049501,-46.4573585423984,-3.8986550255039236,-0.0201354233954956,-0.011376911428484337,0.5874304160768766,0.8089441494187223,orbslam3_map,base_link
1723528337.5631442,-60.3515793234631,-46.307079306454234,-3.889803517767722,-0.022869821747001286,-0.008769029929910094,0.5915977793517319,0.8058611188247317,orbslam3_map,base_link
1723528337.6963542,-60.288297399435216,-46.14516907765861,-3.873999956653464,-0.02915240875403773,-0.009413539998497316,0.5960437323527712,0.8023673668909475,orbslam3_map,base_link
1723528337.8295732,-60.22807467169661,-45.987972905623444,-3.8702611535817386,-0.033197773676750184,-0.012083066054138458,0.5996682059301961,0.7994685423042601,orbslam3_map,base_link
1723528338.0294535,-60.1086081331191,-45.7260696571009,-3.8598143125333157,-0.03298738218999562,-0.01195967376951709,0.6051525567998793,0.7953358924493139,orbslam3_map,base_link
1723528338.2293227,-59.97504464710473,-45.47249340281402,-3.850025904504942,-0.03100283252584419,-0.009727147755598917,0.6100161508154979,0.7917224909753157,orbslam3_map,base_link
1723528338.395872,-59.87905843010735,-45.25785730748695,-3.837992087746284,-0.03162447887925787,-0.00894249388281321,0.6132685499652029,0.7891904774909214,orbslam3_map,base_link
1723528338.5624123,-59.77932928291523,-45.025324667031214,-3.8309835261011314,-0.03244382578866222,-0.008604895697364353,0.6163157675347165,0.7867834699752694,orbslam3_map,base_link
1723528338.7289455,-59.68174655196596,-44.795639339925486,-3.821481763429148,-0.03336855494308111,-0.008832118141800368,0.6187952365235421,0.7847935961040415,orbslam3_map,base_link
1723528338.862174,-59.59151025304588,-44.59216311051201,-3.8153599962159346,-0.034281700948243066,-0.008890141993329017,0.6202510719957725,0.7836034316180148,orbslam3_map,base_link
1723528338.9954035,-59.497617463031794,-44.38038316796876,-3.812065667077806,-0.03504711269546576,-0.008830314148283227,0.6213314703723974,0.7827138234173641,orbslam3_map,base_link
1723528339.1286273,-59.37916184808222,-44.135603961170375,-3.798692060844958,-0.035681596633833274,-0.008264299676057059,0.6219367294175004,0.7822104765432304,orbslam3_map,base_link
1723528339.2618458,-59.287451059259226,-43.92065622680012,-3.7911011159953185,-0.03574540744570088,-0.007971976157637495,0.62233967801512,0.7818900425320171,orbslam3_map,base_link
1723528339.3950589,-59.17453293185688,-43.69540240632763,-3.782294230580303,-0.03582898050209711,-0.00777295692145258,0.6228144844555472,0.7815100659935537,orbslam3_map,base_link
1723528339.5282662,-59.07653652998529,-43.4516124574541,-3.7724628606112383,-0.03581181179876837,-0.00763059528501306,0.6229527187574371,0.7814020721395635,orbslam3_map,base_link
1723528339.694767,-58.94175368947409,-43.156951612051444,-3.7595879752489827,-0.036252556200168956,-0.008007044207538862,0.6231455830899966,0.7812241814533394,orbslam3_map,base_link
1723528339.8612866,-58.79710838718084,-42.85914026289419,-3.751682312768194,-0.035625076061788684,-0.007104165357450917,0.6235146228527155,0.7809672847687038,orbslam3_map,base_link
1723528340.0611432,-58.616855884006696,-42.461146173704215,-3.7379793980350184,-0.03591031953523229,-0.007492652322171554,0.623683512585278,0.7808157178498304,orbslam3_map,base_link
1723528340.1943746,-58.50187448081228,-42.203144663515644,-3.7327265269378067,-0.03591883604250537,-0.008328066157370724,0.6238108997009849,0.7807050928139754,orbslam3_map,base_link
1723528340.3609056,-58.36288625470946,-41.88469285111249,-3.7211090501800514,-0.03651393958385696,-0.009338299637152062,0.6237645404071179,0.7807030975387828,orbslam3_map,base_link
1723528340.494125,-58.23338655063437,-41.61838875499349,-3.7157236940320177,-0.03637445462849471,-0.009037912372959492,0.6238804096676103,0.7806205541896736,orbslam3_map,base_link
1723528340.6606424,-58.07348785961297,-41.27867217725586,-3.705477676106689,-0.03585993703416502,-0.008984566180721068,0.6241524232077124,0.7804275079021694,orbslam3_map,base_link
1723528340.79385,-57.948112444412274,-40.982905545296404,-3.6882610833327867,-0.03557368296633763,-0.009049023620828238,0.6239633595117161,0.7805910287971372,orbslam3_map,base_link
1723528340.92707,-57.815082796611335,-40.70218096358856,-3.680773356158263,-0.03537478182307004,-0.009142416065461947,0.6238278984115402,0.7807072397530956,orbslam3_map,base_link
1723528341.0602834,-57.67570156945103,-40.4123104826173,-3.6718392833350944,-0.03518876849199301,-0.00819887187865493,0.6239008292781373,0.7806678450519062,orbslam3_map,base_link
1723528341.2267914,-57.49137802411809,-40.056754972364146,-3.6596223186292973,-0.03564915349193543,-0.008435065946192529,0.6238080349462578,0.7807185940236598,orbslam3_map,base_link
1723528341.3599913,-57.35726776234131,-39.75557999521541,-3.649725131351573,-0.0357497844351631,-0.008357781096922427,0.6233998200577949,0.7810408214426978,orbslam3_map,base_link
1723528341.4931855,-57.238886646866916,-39.38894054668231,-3.63309231119971,-0.03575343866557006,-0.007678368182286239,0.6223948092358016,0.7818487294368232,orbslam3_map,base_link
1723528341.6263733,-57.09282354864755,-39.08710900480692,-3.625394320706751,-0.03586196732438309,-0.006468601412447532,0.6223155949574795,0.7819177557570298,orbslam3_map,base_link
1723528341.759555,-56.92784807035794,-38.792463659527044,-3.6179865113561314,-0.03589750753034658,-0.006157112911799799,0.6225097889310174,0.7817640447083508,orbslam3_map,base_link
1723528341.9260576,-56.762275210833934,-38.38491428029026,-3.5949850007769197,-0.03847431512464839,-0.006157739636618974,0.621845572003972,0.7821699904095719,orbslam3_map,base_link
1723528342.059258,-56.60805038296084,-38.062075055190675,-3.5914167670132224,-0.038415106868943893,-0.004961444078944574,0.6218231625775459,0.782199218945505,orbslam3_map,base_link
1723528342.2257488,-56.42934796919306,-37.669207512617625,-3.57526166177638,-0.037426182176555446,-0.004450697281037698,0.6214081115749975,0.7825799838036974,orbslam3_map,base_link
1723528342.3589346,-56.29799172140737,-37.33187222854334,-3.562000086064265,-0.03753390942086211,-0.0049332219892289165,0.6212404920093251,0.7827050019339362,orbslam3_map,base_link
1723528342.5254083,-56.11487352825011,-36.934541528321816,-3.550957316249616,-0.037466119137985934,-0.005730515534506045,0.6209154478314997,0.7829607000052144,orbslam3_map,base_link
1723528342.6918705,-55.925076641930794,-36.52907967434747,-3.5311358931573267,-0.03775704218738552,-0.006777560530377751,0.6206100832262332,0.7831804358105767,orbslam3_map,base_link
1723528342.8583457,-55.77440122821922,-36.160856701176584,-3.513709112442136,-0.03711041243324416,-0.007751505405696507,0.6202713250454636,0.7834706215164197,orbslam3_map,base_link
1723528343.0248413,-55.59119582794149,-35.760499795486474,-3.501487042837832,-0.036701910163330874,-0.007451829130130936,0.6201226556428566,0.7836104465813541,orbslam3_map,base_link
1723528343.1913276,-55.40462555381731,-35.360662522007544,-3.478124273556146,-0.03730284975619249,-0.007945027371666046,0.6199379601749904,0.7837233564684687,orbslam3_map,base_link
1723528343.3245084,-55.27418210261219,-35.04466321830655,-3.479112114704556,-0.036194508194255404,-0.008636817898633114,0.6199865310825983,0.7837295861643403,orbslam3_map,base_link
1723528343.4576828,-55.113980682670544,-34.7243466846045,-3.466969901168198,-0.0370722578282323,-0.008260698702445292,0.6201073944874052,0.783596980506246,orbslam3_map,base_link
1723528343.5908504,-54.979167442554356,-34.41495042990116,-3.4635613307822917,-0.03743628887242156,-0.007487849280039363,0.6197275844508779,0.7838878602576391,orbslam3_map,base_link
1723528343.7572997,-54.786336322976275,-33.98469653350906,-3.4623320590836473,-0.037053058867337105,-0.008000620895810688,0.6199030964841867,0.7837622164044221,orbslam3_map,base_link
1723528343.891109,-54.65207046530922,-33.67527820614506,-3.438598983655536,-0.03740334072918777,-0.007942892504373645,0.619497515447888,0.7840667885549382,orbslam3_map,base_link
1723528344.058687,-54.43386950209663,-33.21674511927053,-3.401439954458165,-0.0388348388233936,-0.008335222204054103,0.6185132187862443,0.7847698882800291,orbslam3_map,base_link
1723528344.1927881,-54.29402108167792,-32.9170556351838,-3.3912590622753385,-0.03828033289427408,-0.009307068408086287,0.6172269402990862,0.7857982557630038,orbslam3_map,base_link
1723528344.3269243,-54.12889985455363,-32.603084443513126,-3.374182194796121,-0.03778949095031474,-0.010826708120315881,0.6165562360887482,0.7863289035162508,orbslam3_map,base_link
1723528344.461095,-53.976128109291615,-32.298651174399865,-3.3644746926971885,-0.03779130778468968,-0.010385966349618055,0.6156053079767041,0.7870794455134847,orbslam3_map,base_link
1723528344.6288574,-53.717752234817816,-31.85292609438744,-3.3553786686545943,-0.03686324707933641,-0.009539688777139297,0.6145492866207602,0.787958926383043,orbslam3_map,base_link
1723528344.7631068,-53.546875605352135,-31.530105718549272,-3.3392330092605516,-0.0375251521004659,-0.009468918318739554,0.6136208215718898,0.7886518179013785,orbslam3_map,base_link
1723528344.8966887,-53.39132954925961,-31.201165473407546,-3.3160529429966994,-0.03816721803075995,-0.01056153864638608,0.6119906533418283,0.7898728743231124,orbslam3_map,base_link
1723528345.030032,-53.27063332917334,-30.86931962317911,-3.326600929145334,-0.036425625663356456,-0.009073039822627102,0.6103416111096125,0.7912483627101748,orbslam3_map,base_link
1723528345.196709,-53.06477269561942,-30.493386606673184,-3.307992431217992,-0.03508916764814422,-0.009351715106930794,0.6075775075046513,0.7934298129719822,orbslam3_map,base_link
1723528345.3633826,-52.887311205387654,-30.09904410085338,-3.309358303187129,-0.03608958310154316,-0.010750080129675814,0.6044288062883282,0.795768682405653,orbslam3_map,base_link
1723528345.530054,-52.6839427917351,-29.732083735689642,-3.288001549495706,-0.0367839116151366,-0.010103381533429726,0.6014981029041986,0.797962967643568,orbslam3_map,base_link
1723528345.6633894,-52.52219174189692,-29.42540969987093,-3.262653334907121,-0.0379067527475599,-0.00918513352024931,0.5991809137275607,0.7996630190542489,orbslam3_map,base_link
1723528345.7967231,-52.35891328281678,-29.14050676734371,-3.244579205403697,-0.03734109275575379,-0.008861914731794575,0.5971237545190807,0.8012305105574358,orbslam3_map,base_link
1723528345.9634194,-52.14838980271844,-28.79243854625701,-3.2286554128646223,-0.035590278297355026,-0.0094569852134868,0.5946598614554319,0.8031335796087692,orbslam3_map,base_link
1723528346.0967817,-51.98690919544294,-28.5099937062802,-3.216879152799024,-0.03388163262452192,-0.00998409546367648,0.5923163547626478,0.8049308595706579,orbslam3_map,base_link
1723528346.296823,-51.713814892551724,-28.0045596254076,-3.196528957362034,-0.03394901007429915,-0.010087364114164213,0.5890599941157264,0.8073128471246968,orbslam3_map,base_link
1723528346.4301827,-51.53182936126277,-27.72647819508645,-3.1840115342476123,-0.03362899051911982,-0.009533279533908185,0.5871120786627304,0.8087506504889631,orbslam3_map,base_link
1723528346.596881,-51.32486702388152,-27.37681105298543,-3.1632423853804372,-0.033788584997657356,-0.0095875539131378,0.5842903421187093,0.8107843156108906,orbslam3_map,base_link
1723528346.7302377,-51.13677056433184,-26.98813980449564,-3.1587792553766416,-0.03384247682982503,-0.008964697181827512,0.582084047900932,0.8123745947195335,orbslam3_map,base_link
1723528346.8969316,-50.923640568479705,-26.65559425193656,-3.127047844518759,-0.032018393334477646,-0.007793194906985308,0.5798685034474259,0.8140433694288425,orbslam3_map,base_link
1723528347.0302856,-50.76380699326045,-26.37922959818853,-3.1165282351821944,-0.03126224892925932,-0.007220914825941842,0.577845704078129,0.8155150964019078,orbslam3_map,base_link
1723528347.163638,-50.59957894864057,-26.14489277811515,-3.1111382430332704,-0.03123654036786721,-0.007293669565960091,0.5760894069094985,0.8167570484402148,orbslam3_map,base_link
1723528347.2969892,-50.42174178544108,-25.86354655404017,-3.1000023452324004,-0.031245586665404515,-0.006613732420079647,0.5743197893106181,0.8180077942560313,orbslam3_map,base_link
1723528347.4303389,-50.24951187553033,-25.59687842347602,-3.0793684596976996,-0.0315125314947704,-0.006097324024436583,0.5725557255085433,0.8192372819799633,orbslam3_map,base_link
1723528347.5970244,-50.004546809691824,-25.23054543615859,-3.097968243854156,-0.03186982843309424,-0.007213054055382541,0.570502634454912,0.8206454959157725,orbslam3_map,base_link
1723528347.7637067,-49.77217490253126,-24.90126659106771,-3.074332349186925,-0.03051606746300577,-0.006716248453320555,0.5691775337792443,0.8216207133916986,orbslam3_map,base_link
1723528347.8970797,-49.64344248654133,-24.690385215584563,-3.0705228116482535,-0.030298187576738453,-0.006702917385619409,0.5671837583147292,0.8230064854131256,orbslam3_map,base_link
1723528348.063833,-49.42217341167873,-24.35596452769437,-3.0570362100086634,-0.030481528702031854,-0.007629280000771176,0.565655141921696,0.8240430394780378,orbslam3_map,base_link
1723528348.2305868,-49.239528204895066,-24.066879426911882,-3.0303192353370925,-0.03119793970282566,-0.008114332240643708,0.5638878430605059,0.8252219983853785,orbslam3_map,base_link
1723528348.3973434,-49.067571342170694,-23.760064022972166,-3.0153991527413844,-0.03283186040222921,-0.00829890600318358,0.5618262364228206,0.8265618411036454,orbslam3_map,base_link
1723528348.5641007,-48.798450663540585,-23.383567818057237,-2.9933943123059676,-0.031547136217626934,-0.007013359432673157,0.5606762949397466,0.8274041837449052,orbslam3_map,base_link
1723528348.7642126,-48.52477820245955,-22.99690993653013,-2.975916920348737,-0.03137604833343577,-0.006070571953865144,0.5588263051548811,0.8286687229611569,orbslam3_map,base_link
1723528348.9310274,-48.30014181883045,-22.664289216998036,-2.9588169643624926,-0.03254261844647867,-0.005384979826354769,0.5573289395798509,0.8296363257980666,orbslam3_map,base_link
1723528349.064512,-48.1127309977369,-22.354024469328035,-2.941050144599292,-0.0334834732652159,-0.005702862207706154,0.5558277670394671,0.8306032914506524,orbslam3_map,base_link
1723528349.1980023,-47.93288040058495,-22.077151153374786,-2.9377997211885525,-0.03413283831558435,-0.0063400821017882076,0.5542048818899861,0.8316559995555683,orbslam3_map,base_link
1723528349.3314984,-47.777901645086445,-21.87699353833129,-2.8995430807738938,-0.0347141778990809,-0.006246268558820475,0.5532059726023036,0.8322974599618945,orbslam3_map,base_link
1723528349.4983761,-47.516999036356374,-21.504489647964267,-2.892834652162866,-0.03251562153688241,-0.007279050057753643,0.5530331432100154,0.8324926980446,orbslam3_map,base_link
1723528349.665264,-47.30530449828055,-21.177309499948983,-2.882878990318994,-0.03234190202683097,-0.008652831402832867,0.5518223716695587,0.8332893855120108,orbslam3_map,base_link
1723528349.8321588,-47.07800578723696,-20.86106644965173,-2.8639555985958336,-0.032623875264782,-0.008921864083786766,0.5503450493205663,0.8342520061661954,orbslam3_map,base_link
1723528349.9988954,-46.85508198490449,-20.527103136356157,-2.840682595364482,-0.03286336314897072,-0.009444152330073322,0.5487260257080881,0.8353026733226178,orbslam3_map,base_link
1723528350.1322842,-46.61643233562,-20.186089550942928,-2.8297714524865194,-0.03277082838632592,-0.009760331102720557,0.5477213868520613,0.8359617761168832,orbslam3_map,base_link
1723528350.265673,-46.422301745705624,-19.9292847263397,-2.8266877805931827,-0.032687199152920995,-0.008906241185255421,0.5473382933398183,0.8362254591456435,orbslam3_map,base_link
1723528350.3990612,-46.23172329939688,-19.662513558393112,-2.8176291701275793,-0.0330859960675663,-0.00876279150481118,0.5460871098650508,0.8370289115607036,orbslam3_map,base_link
1723528350.5324495,-46.044202767936845,-19.4037360382913,-2.799100304053113,-0.03296867764935537,-0.007902654235716431,0.5447886851975927,0.8378877626691786,orbslam3_map,base_link
1723528350.6658373,-45.83892298390105,-19.15884534834073,-2.777898402708173,-0.03324298981302689,-0.007976205350327894,0.5439104050251069,0.8384466322205156,orbslam3_map,base_link
1723528350.7992253,-45.643508576799874,-18.89083418707422,-2.7615894117115563,-0.03373600577004233,-0.00715893705925802,0.5427257679149217,0.8392016279631634,orbslam3_map,base_link
1723528350.9325883,-45.45510611504478,-18.62851328012715,-2.750988140622379,-0.034894293405214626,-0.007363483981465946,0.5423698576226182,0.8393825736419753,orbslam3_map,base_link
1723528351.0659418,-45.25952074538814,-18.327145935368044,-2.7539792022115632,-0.033623109715403776,-0.008605303291451805,0.5413424903245178,0.8400855572009183,orbslam3_map,base_link
1723528351.1992943,-45.07400245902537,-18.0757450540207,-2.737514885076127,-0.03321604164210296,-0.00952508653014299,0.5406435113325215,0.8405418258232394,orbslam3_map,base_link
1723528351.3326454,-44.87318897761278,-17.74518893232508,-2.7322518435658667,-0.033898423383721336,-0.010846728919854807,0.5390069240246778,0.8415490367276838,orbslam3_map,base_link
1723528351.4659953,-44.681420737573404,-17.492754098147806,-2.7242424321587135,-0.03325923078420993,-0.012420796062343293,0.5386105803147563,0.8418065039935376,orbslam3_map,base_link
1723528351.599344,-44.48029105490872,-17.23443449717082,-2.713275752072978,-0.0322698815660367,-0.011874626235566312,0.5386249172540777,0.841843718577574,orbslam3_map,base_link
1723528351.7326913,-44.35158131009181,-17.05507203033975,-2.6963626727980583,-0.034596863435657856,-0.012234695389792022,0.5377756529230265,0.8422889743979474,orbslam3_map,base_link
1723528351.8660464,-44.156930349439016,-16.80288235299564,-2.6817661684527465,-0.035436681939584935,-0.012618872598711623,0.5373049334709552,0.8425487606632761,orbslam3_map,base_link
1723528351.9994261,-43.96038289805371,-16.516191744012552,-2.6579681352326157,-0.03437676850642048,-0.010639229661996725,0.5362403704299941,0.8432978772061258,orbslam3_map,base_link
1723528352.1661503,-43.71833560542651,-16.194185241630798,-2.638597674358804,-0.03430471507809879,-0.010486038199101351,0.5355856232676641,0.8437187147831232,orbslam3_map,base_link
1723528352.2995298,-43.53182054704886,-15.948555218200006,-2.6094247385400626,-0.03435901461656346,-0.009733059310927552,0.5358675184035805,0.8435465182140326,orbslam3_map,base_link
1723528352.4329093,-43.33763045964905,-15.683846138595849,-2.591557911161022,-0.033770312176689,-0.009973477409723144,0.5350325317766405,0.8440973200434444,orbslam3_map,base_link
1723528352.566288,-43.17904358604486,-15.431068919755386,-2.5830018665963577,-0.033431635830009285,-0.010114815272161154,0.5344179909538471,0.8444983287032565,orbslam3_map,base_link
1723528352.733012,-42.934639293782666,-15.107416118775202,-2.570895540107424,-0.03307828600139058,-0.010284464140842619,0.5337966312223146,0.8449030792275847,orbslam3_map,base_link
1723528352.866393,-42.747420704019724,-14.851195304584634,-2.556092760491025,-0.033880963262136174,-0.010241279034687693,0.5331572777607306,0.8452754070141462,orbslam3_map,base_link
1723528352.999782,-42.55461086951854,-14.607024822788974,-2.5431143467968416,-0.033801231665389675,-0.01179369901677215,0.5328532520726957,0.8454500559802198,orbslam3_map,base_link
1723528353.1665182,-42.31819622909984,-14.288489938597227,-2.52975179086076,-0.03349039085545566,-0.014066319190639184,0.532224761195286,0.8458234661886586,orbslam3_map,base_link
1723528353.2999077,-42.12972048992876,-14.086434980376344,-2.5246744050776124,-0.035632408082933456,-0.014724242739487635,0.5328452642659359,0.8453339295919245,orbslam3_map,base_link
1723528353.466645,-41.8921696421051,-13.782634811579626,-2.515634235164325,-0.034193243384491576,-0.013377260785559368,0.532171172237026,0.8458402416772293,orbslam3_map,base_link
1723528353.6000347,-41.67222681285206,-13.506064452887111,-2.4972214108153987,-0.03257805183545643,-0.013239532652121008,0.5318346800144109,0.8461177568445948,orbslam3_map,base_link
1723528353.8001192,-41.31799066110463,-13.052539883791948,-2.471310008692534,-0.03590063812872119,-0.012227493761082068,0.531678947759478,0.8460964064973019,orbslam3_map,base_link
1723528353.9669602,-41.07795006886306,-12.749163969221883,-2.4578310642874834,-0.03743699261614911,-0.00935224783800458,0.5311121051797008,0.8464224351798701,orbslam3_map,base_link
1723528354.1005676,-40.90078860788105,-12.509866188033033,-2.4405428078333022,-0.037855400615037206,-0.008114980834668495,0.5305822908062832,0.8467488106948157,orbslam3_map,base_link
1723528354.234181,-40.69918176025749,-12.222800034176908,-2.411496145202801,-0.036811737687621145,-0.008934201705058379,0.5296295526240117,0.8473828019234283,orbslam3_map,base_link
1723528354.4012063,-40.45238107900975,-11.924118460743937,-2.4002235822235174,-0.034171263822715785,-0.008853664851480144,0.5292474669532728,0.8477328919364875,orbslam3_map,base_link
1723528354.5682397,-40.23680008663281,-11.614679101174389,-2.3870907703760595,-0.03439526251304083,-0.007611316970426146,0.5284237243181785,0.8482496102848148,orbslam3_map,base_link
1723528354.7352831,-39.960129188675005,-11.247640906152268,-2.3825517158637615,-0.036028304417456566,-0.008774027760001945,0.5264288851482588,0.8494101521639773,orbslam3_map,base_link
1723528354.902334,-39.719292292750445,-10.944398316963415,-2.364022369249244,-0.035164643947959665,-0.009411837929218554,0.5256895687291991,0.84989725405611,orbslam3_map,base_link
1723528355.0357018,-39.54187195856145,-10.752877453601485,-2.35769007857429,-0.034742586797132345,-0.009622118417466595,0.5256093162943523,0.8499618898070592,orbslam3_map,base_link
1723528355.1690693,-39.345750309704684,-10.518916991046169,-2.339563224153369,-0.03483713145360592,-0.009056889392059573,0.5251630472036525,0.8502400372120796,orbslam3_map,base_link
1723528355.3357778,-39.073213937270125,-10.12615657441534,-2.334392022123762,-0.03525027769740723,-0.008223396841201897,0.5232717514842509,0.8513967745800146,orbslam3_map,base_link
1723528355.502484,-38.81749081923241,-9.837836396864105,-2.3154775626679998,-0.03390506823256015,-0.01013005891187195,0.5228566509210169,0.8516858287198662,orbslam3_map,base_link
1723528355.6358488,-38.628635968831176,-9.588411034904883,-2.2936857797757586,-0.0339265882613727,-0.01026895161052764,0.5211970434282531,0.8526999338357026,orbslam3_map,base_link
1723528355.7692127,-38.4297664923421,-9.349963847048922,-2.274074612152829,-0.035033817841389286,-0.01068744894716782,0.5191817727966744,0.8538786194993762,orbslam3_map,base_link
1723528355.902576,-38.253338924749976,-9.114359460032794,-2.2676188932300936,-0.03620936639112195,-0.010773252501043579,0.5151646076650161,0.8562582821937854,orbslam3_map,base_link
1723528356.0692854,-38.00166836851301,-8.819428258701805,-2.2639126593639394,-0.035447304113572546,-0.012631106141791786,0.5112818744722117,0.8585888356046194,orbslam3_map,base_link
1723528356.2026515,-37.783525695996516,-8.566993194709607,-2.2370827216438802,-0.03343089575116331,-0.013213507294715102,0.5085260336761396,0.8602959092706771,orbslam3_map,base_link
1723528356.3360176,-37.571011895831205,-8.33788776077608,-2.2197534721197982,-0.033485160249781605,-0.013081528354103556,0.5048326754275839,0.8624683110002332,orbslam3_map,base_link
1723528356.5027232,-37.31605601620036,-8.044677920444228,-2.1969446099077343,-0.0341442055794763,-0.010912674962060215,0.49858232315193496,0.866100891230888,orbslam3_map,base_link
1723528356.6360877,-37.07736987771321,-7.789877178942082,-2.174354564307042,-0.033683365647146316,-0.01176461717962935,0.4925658750148338,0.8695434913977383,orbslam3_map,base_link
1723528356.8027928,-36.793003965096744,-7.512145950398055,-2.1536594161878915,-0.03299734715957908,-0.015273671482861925,0.48533242719253367,0.8735733084036323,orbslam3_map,base_link
1723528356.9695044,-36.51179317157235,-7.24301529948493,-2.1314422468276737,-0.031570009490622684,-0.016600081274967298,0.4773933256737988,0.8779654801895898,orbslam3_map,base_link
1723528357.102884,-36.2914683741841,-7.043631178782232,-2.1102579914805255,-0.030964701665950663,-0.01604280595564228,0.47100348560563515,0.8814417349860116,orbslam3_map,base_link
1723528357.2696083,-35.9980543496649,-6.780137164006497,-2.0898719816362226,-0.031266850883048494,-0.016576511172304867,0.4624983233968414,0.8859135985909249,orbslam3_map,base_link
1723528357.402987,-35.77163440804436,-6.584000639055176,-2.0652509435304256,-0.030301279219111042,-0.015010176765594848,0.45521278403977405,0.8897403263412922,orbslam3_map,base_link
1723528357.536365,-35.503681820910266,-6.383976991742414,-2.0519071592642604,-0.027760150336735335,-0.013001003325568968,0.44805538086145485,0.8934801193350119,orbslam3_map,base_link
1723528357.7030864,-35.19513651420196,-6.151629861531049,-2.020943786377951,-0.027500585871612533,-0.011501384773429829,0.4378497861852699,0.89855383848856,orbslam3_map,base_link
1723528357.8364635,-34.965118927234236,-5.967826967727025,-2.0080303710630236,-0.027851672307604526,-0.012067979361942848,0.429049445817344,0.9027708575644318,orbslam3_map,base_link
1723528358.0031772,-34.65761413291964,-5.747288489476544,-1.9840946910069122,-0.02862763432756632,-0.012255853965772768,0.41722048142454554,0.9082716127217932,orbslam3_map,base_link
1723528358.136543,-34.36843313759254,-5.559427130573545,-1.9591531652185938,-0.026513643790475435,-0.013099833718480232,0.40788563681952944,0.9125539591310898,orbslam3_map,base_link
1723528358.2699077,-34.10867806446083,-5.3938694633908835,-1.9391916161140819,-0.02362330117711191,-0.014077180563300899,0.39864126660497534,0.9166945582845273,orbslam3_map,base_link
1723528358.436612,-33.82881890675576,-5.263888046627171,-1.906995948094426,-0.022073382473241598,-0.01424766377683969,0.3879618233539543,0.9213009244991385,orbslam3_map,base_link
1723528358.5699747,-33.57347900521869,-5.109657308131299,-1.8891617805170937,-0.022004228121430214,-0.013873133348820794,0.378357670649258,0.9252939117797834,orbslam3_map,base_link
1723528358.7033362,-33.30695573252608,-4.954248456544359,-1.873367327625078,-0.02193177029897852,-0.014021343191480117,0.36904059717380916,0.9290486731190449,orbslam3_map,base_link
1723528358.836697,-33.0338150809812,-4.807895341921522,-1.8364790341997048,-0.021283407547300473,-0.013389610745374845,0.36040157745120316,0.9324582767384004,orbslam3_map,base_link
1723528358.9700534,-32.75903008657752,-4.6680996038629665,-1.8207059576960956,-0.018789520698478526,-0.01299520039916576,0.35203036771696156,0.9357097300357455,orbslam3_map,base_link
1723528359.1367428,-32.381253533255936,-4.474684739513459,-1.7800228635392215,-0.01841203606217513,-0.01270692709570434,0.3403059089269973,0.9400486260195267,orbslam3_map,base_link
1723528359.2700925,-32.09025584650889,-4.333768826590154,-1.7607676184813343,-0.018739559473842343,-0.012803166644654859,0.33133131828473106,0.9432414671537177,orbslam3_map,base_link
1723528359.403441,-31.81465206697471,-4.222353450755679,-1.7444497168020614,-0.01838310293184675,-0.01289900109586223,0.3226658449820425,0.9462464952534042,orbslam3_map,base_link
1723528359.5367877,-31.502084475030752,-4.093386747481834,-1.7190647466540825,-0.018198163085865807,-0.013093676105180333,0.31458204639047654,0.9489654991595494,orbslam3_map,base_link
1723528359.6701334,-31.234278419741027,-3.9876660618271575,-1.6849828742507085,-0.01896012647730141,-0.013409055469155527,0.3059039555924255,0.9517791134440267,orbslam3_map,base_link
1723528359.8368127,-30.88012847747071,-3.8505376371162576,-1.660644927973001,-0.01977972034506948,-0.013678518954305378,0.29505923609741586,0.9551762706306607,orbslam3_map,base_link
1723528359.9701915,-30.565576831443757,-3.6971584468671326,-1.6385037135767124,-0.02088326627502234,-0.013565305652437427,0.2863023937868282,0.9578156456146321,orbslam3_map,base_link
1723528360.1036062,-30.29150566309907,-3.6141128319146283,-1.6245992695467482,-0.020170923245872795,-0.014527400086598736,0.2780301509454495,0.9602506566867756,orbslam3_map,base_link
1723528360.270377,-29.946879095207002,-3.5190218573003778,-1.5904581623182867,-0.017798208373424624,-0.017415357518323866,0.26770597433183896,0.9631788205770754,orbslam3_map,base_link
1723528360.403794,-29.659562818328688,-3.417864748237551,-1.5746645806890809,-0.017454862831641018,-0.01843972720783458,0.2591548901759747,0.965501966399814,orbslam3_map,base_link
1723528360.6039224,-29.248189354454517,-3.3022462693252574,-1.5383771199934002,-0.021036395121967998,-0.020419911477137453,0.2463801078884561,0.9687297557793975,orbslam3_map,base_link
1723528360.7706969,-28.836398326882268,-3.1865793997468757,-1.5038615600996876,-0.02291788617347919,-0.02370104748023639,0.2346651433814075,0.9715170103109171,orbslam3_map,base_link
1723528360.9374647,-28.464921120600298,-3.1112430822968093,-1.472976513693838,-0.02115864233874605,-0.023362834054154402,0.22523853720073733,0.9737936594571825,orbslam3_map,base_link
1723528361.0708487,-28.141020321853954,-3.046224469296522,-1.4358804514849042,-0.0172987883454737,-0.022467867983960388,0.21736436100801848,0.9756785748357958,orbslam3_map,base_link
1723528361.204232,-27.85260604343618,-2.9925925876817967,-1.4027630622177492,-0.017122133397908593,-0.02214737155870501,0.2098581767670382,0.9773309941493514,orbslam3_map,base_link
1723528361.37096,-27.51814410108216,-2.913987497367203,-1.3704172902403369,-0.017546690727726376,-0.02202298599671745,0.19947029636009428,0.9794992101080583,orbslam3_map,base_link
1723528361.5043423,-27.264240950210752,-2.8738694776695732,-1.33881536090199,-0.0161801664341498,-0.02133782388554523,0.1924869179371907,0.9809340884631516,orbslam3_map,base_link
1723528361.6377242,-26.998647599052262,-2.8364206822548814,-1.3097066047068189,-0.014070732065261975,-0.021174785983266105,0.18570581832735322,0.9822764335853114,orbslam3_map,base_link
1723528361.7711058,-26.711223031804977,-2.801191434239886,-1.2848378788504562,-0.012158720326628169,-0.02129108510241008,0.1792496319452615,0.9834980552409186,orbslam3_map,base_link
1723528361.9711864,-26.31447871915023,-2.7615594314020635,-1.2480401413590096,-0.010818364192089123,-0.021903687462543505,0.17051992482911296,0.985051342168531,orbslam3_map,base_link
1723528362.1379366,-25.878305442086614,-2.7144004609350114,-1.2032245136294124,-0.010579601088518803,-0.021051618286389396,0.16478711508163327,0.9860477210112117,orbslam3_map,base_link
1723528362.304686,-25.508158560746125,-2.683371648713619,-1.1668410411674892,-0.008935196852159558,-0.02159800969067482,0.15974155266800263,0.9868821229436828,orbslam3_map,base_link
1723528362.471437,-25.092670585645013,-2.628724388510337,-1.1407502808627292,-0.00451338660962454,-0.020024360742196542,0.1562614194376317,0.9875024167633795,orbslam3_map,base_link
1723528362.6381872,-24.695052829700344,-2.586214286978218,-1.1137273331509698,-0.004350982923507509,-0.016510874650935106,0.15288199994981352,0.9880969355570363,orbslam3_map,base_link
1723528362.7715878,-24.39619234203026,-2.5604812802932315,-1.0952098885986206,-0.0052096355323563385,-0.013923620515049187,0.1504338203102922,0.9885082995080131,orbslam3_map,base_link
1723528362.9383314,-23.985329660522513,-2.5199100661923435,-1.0500888279505405,-0.004891382929679533,-0.009827525082633416,0.14819791044693117,0.9888967961637599,orbslam3_map,base_link
1723528363.0716972,-23.6792995378621,-2.499907996826223,-1.0254802374613392,-0.003896537681630869,-0.007507189259431598,0.1473598485073976,0.989046780567732,orbslam3_map,base_link
1723528363.2050626,-23.372055777927127,-2.47682369523865,-1.0077971265287555,-0.0012698013669002473,-0.006708887986125915,0.14593024029951804,0.9892713194026214,orbslam3_map,base_link
1723528363.3384273,-23.060151587895966,-2.457395869056456,-0.993948323865858,-0.001562424607774759,-0.007034570708919078,0.14477718428687347,0.9894380428072547,orbslam3_map,base_link
1723528363.4717913,-22.671399363809826,-2.4347324080368495,-0.9638703901178634,-0.00426520110588969,-0.006947966116274946,0.14406002273607554,0.9895353675718997,orbslam3_map,base_link
1723528363.6051545,-22.349720930717062,-2.41032017615151,-0.9425731460652087,-0.004689217546771358,-0.006868010250798875,0.14250991351849782,0.9897584383186356,orbslam3_map,base_link
1723528363.771857,-21.974892280835142,-2.378626249852286,-0.9194332253168627,-0.004572830066552293,-0.0071783755384323,0.14117894498458686,0.9899475065087294,orbslam3_map,base_link
1723528363.9385617,-21.582027255934122,-2.3441125495056947,-0.8897564243410647,-0.0028702761501929433,-0.008986478567455599,0.14003443140240826,0.9901016931303483,orbslam3_map,base_link
1723528364.1052728,-21.168478207087087,-2.3305699034762286,-0.8659266149442337,-0.0026348862377872594,-0.011877288875742013,0.13855796492032546,0.9902795957408261,orbslam3_map,base_link
1723528364.2719834,-20.756598731229488,-2.3024474239759707,-0.8356197472543705,-0.0040214396186541695,-0.011800307029979055,0.13787446421980415,0.990371250033791,orbslam3_map,base_link
1723528364.4053507,-20.43674564352051,-2.2535379188092786,-0.8162969912848124,-0.004953398878941417,-0.0100089314313876,0.13688213725861262,0.9905243892154612,orbslam3_map,base_link
1723528364.5387177,-20.102668518192655,-2.2245705876357653,-0.7905747294855305,-0.006035705835487514,-0.00871789114557107,0.13598052617784406,0.9906547658641925,orbslam3_map,base_link
1723528364.7054248,-19.681469217963624,-2.2053193415591004,-0.7665697705241272,-0.005821734515415486,-0.009893631938836212,0.13526693165820727,0.9907426914462023,orbslam3_map,base_link
1723528364.8721318,-19.250373026128756,-2.1786380644846837,-0.7349064707610142,-0.0051948421981010085,-0.009446208979519973,0.13443358221490515,0.9908639637827791,orbslam3_map,base_link
1723528365.0054846,-18.903216592484505,-2.151571964380577,-0.7012538967679678,-0.0044433058664101865,-0.00924855694822995,0.1334753968795875,0.9909990109254345,orbslam3_map,base_link
1723528365.172168,-18.48789761448459,-2.1236924794853445,-0.6760255182123587,-0.004727659592475226,-0.009674951262886441,0.13226054151059913,0.9911564930484801,orbslam3_map,base_link
1723528365.3055134,-18.091798484925253,-2.0943621310506053,-0.6567207018291663,-0.005424808587366769,-0.01050127661937428,0.1315227459627206,0.9912426856908351,orbslam3_map,base_link
1723528365.4388573,-17.75310722956293,-2.079969882655318,-0.6316279899119626,-0.005252956338878374,-0.010082567787471007,0.13063925657136238,0.9913647829729452,orbslam3_map,base_link
1723528365.5721996,-17.374835096123334,-2.0862998000333546,-0.5945028456941388,-0.0030135186451067993,-0.009135009575987155,0.1302268650303213,0.9914375592692647,orbslam3_map,base_link
1723528365.7055404,-17.041921768905198,-2.0636334518306207,-0.5677440227723334,-0.0029403689519177136,-0.008236142657722302,0.1294850788650183,0.9915428051959574,orbslam3_map,base_link
1723528365.8388798,-16.705446496286186,-2.038500572516878,-0.5462099249494874,-0.004067278583141131,-0.00850249554440754,0.12830097761198972,0.9916904879841555,orbslam3_map,base_link
1723528366.0055873,-16.280955096380307,-2.0291276721539635,-0.5181926789622568,-0.004123477718509655,-0.008432119840387048,0.12734204189775453,0.9918144487008711,orbslam3_map,base_link
1723528366.139857,-15.987629009050876,-2.0035265073980617,-0.49269952494905,-0.0024382506283961835,-0.009087377250407019,0.12616280933539728,0.9919649288403205,orbslam3_map,base_link
1723528366.2744482,-15.661542761462476,-1.9844592822906715,-0.47663752042955965,-0.0014921076551850899,-0.01071104883983,0.1250354057450713,0.992093339539008,orbslam3_map,base_link
1723528366.4090688,-15.326265809803775,-1.9782555007199627,-0.44961828294830064,0.00026000244392498776,-0.010781256761064405,0.12424623310690078,0.9921928091153084,orbslam3_map,base_link
1723528366.543719,-14.96956995651853,-1.9587570093612814,-0.41994035261729956,-0.0009095562276578421,-0.00919802829170555,0.12274480733060089,0.9923952243216346,orbslam3_map,base_link
1723528366.6783988,-14.624348083379221,-1.9421536306050018,-0.39255797619794364,-0.0031368037613175906,-0.007454162648202022,0.12186388194519063,0.992513874058507,orbslam3_map,base_link
1723528366.8467898,-14.10441721819541,-1.914171686953726,-0.36151697693608753,-0.004295650841002726,-0.006887157760392988,0.12121554895606722,0.9925930208968402,orbslam3_map,base_link
1723528367.015228,-13.662845824585622,-1.9095764862637874,-0.3250209694711623,-0.0024153159162862143,-0.008084735543843,0.12018330980474394,0.99271585831223,orbslam3_map,base_link
1723528367.1490371,-13.292389392650401,-1.8891613688128595,-0.2996899657754051,-0.003075238586624497,-0.01027850011291724,0.11933332542162602,0.9927962795996369,orbslam3_map,base_link
1723528367.3172543,-12.922989990213198,-1.8704452215248248,-0.26080009700454454,-0.004008162808335916,-0.013955871816862945,0.11748162555565148,0.9929688997796129,orbslam3_map,base_link
1723528367.4518602,-12.520327052140152,-1.869900693435934,-0.2507168532223736,-0.006068672628197124,-0.013720797135565737,0.11647755230309075,0.9930800021891375,orbslam3_map,base_link
1723528367.6201572,-12.106259087947084,-1.8643882482543637,-0.21843038141236182,-0.006014238498582858,-0.011501889942335428,0.11470547527339384,0.9933147484082483,orbslam3_map,base_link
1723528367.754826,-11.748534719838974,-1.8600054097409036,-0.19218097992212657,-0.006002243209664715,-0.009054284053772687,0.11400433055568047,0.9934208602758837,orbslam3_map,base_link
1723528367.923201,-11.342213114874053,-1.8360965276176788,-0.152178090875976,-0.005191676349520962,-0.00638563395669153,0.11181044267606169,0.9936954740181904,orbslam3_map,base_link
1723528368.057933,-11.034451785056223,-1.8308002409909296,-0.12856300707639923,-0.004896928890554078,-0.0047080281910479565,0.11104138897450037,0.9937925661286701,orbslam3_map,base_link
1723528368.2255442,-10.620116289710532,-1.8244275664950251,-0.10478594964613808,-0.0036461079950833985,-0.006901662281699592,0.10926353580962343,0.9939821692045672,orbslam3_map,base_link
1723528368.3919027,-10.187692004161715,-1.81976817494988,-0.07991146354888201,-0.003179151365187233,-0.00855284250186309,0.10786658381756617,0.9941235043882946,orbslam3_map,base_link
1723528368.5249789,-9.669610231768115,-1.8236239935591196,-0.03519804448117125,-0.003114768880961476,-0.008424877477306308,0.10678932398511194,0.994241097489494,orbslam3_map,base_link
1723528368.6913104,-9.247791829202844,-1.8258092291601158,-0.0010743157962451733,-0.0028767159976452743,-0.009419526011243113,0.10518374585704128,0.9944040308859744,orbslam3_map,base_link
1723528368.8576257,-8.80889284004669,-1.842474459640019,0.028435221310252112,-0.0008439229047340815,-0.010240165871982402,0.10328677884140765,0.9945985462052573,orbslam3_map,base_link
1723528368.9906669,-8.462631940162723,-1.8273682567178846,0.04346695520856736,-0.0004985650432863204,-0.011452035385311058,0.10210280006944195,0.9947078066127816,orbslam3_map,base_link
1723528369.1569571,-8.028224205340647,-1.8349244044440127,0.07242734910067328,-0.0001368841653858741,-0.012926059108750821,0.10002248041608525,0.9949012019643239,orbslam3_map,base_link
1723528369.2907813,-7.680486336269204,-1.8435710455614651,0.09505328847946948,0.0005238320261401133,-0.013168120143089958,0.09870097172170968,0.9950298711059362,orbslam3_map,base_link
1723528369.4254072,-7.3323345930578565,-1.8481288351549483,0.12358686036854982,0.0012308864279492815,-0.012830676481850224,0.09719420159989135,0.9951819661926051,orbslam3_map,base_link
1723528369.5600612,-6.981560099846737,-1.8368393319583871,0.15870295583247784,0.002253200440095045,-0.013025765115475808,0.09543187664916178,0.9953481850338365,orbslam3_map,base_link
1723528369.6947436,-6.629866924328949,-1.839510307827933,0.18167063492981317,0.0015722311253238812,-0.012198427026448572,0.0940230001010088,0.9954940491632156,orbslam3_map,base_link
1723528369.8294542,-6.285618168631652,-1.8446551307296195,0.204576842044365,0.0012106267380360758,-0.011182538201185225,0.09205029222252678,0.9956908299889216,orbslam3_map,base_link
1723528369.9978812,-5.8432545972647825,-1.8689857524681843,0.2558707952926237,0.001367987390981943,-0.01040510466948228,0.09016920294401287,0.995871164984586,orbslam3_map,base_link
1723528370.132655,-5.502754383375365,-1.8793320701869334,0.27660154754590094,0.0006950589389379891,-0.012385843326140627,0.08814343520523844,0.9960305430097973,orbslam3_map,base_link
1723528370.267452,-5.166762769745261,-1.888490403650726,0.29826935827522827,0.00032796205887510943,-0.012237165397392034,0.08618448927672365,0.9962039841478427,orbslam3_map,base_link
1723528370.4005008,-4.765258915889665,-1.9043524478572453,0.3272065530058366,0.0009828165817440803,-0.01067108529934173,0.08457144896455061,0.9963597904522931,orbslam3_map,base_link
1723528370.5667987,-4.337390516587531,-1.9246221563177381,0.35622361189194035,0.0009018792283580043,-0.009885206482594808,0.08157875210058127,0.9966174674931029,orbslam3_map,base_link
1723528370.733081,-3.9404316653044726,-1.917190590185387,0.37417774011947513,0.0006531016368853346,-0.009008042907712201,0.07735760582088996,0.9969625015229432,orbslam3_map,base_link
1723528370.8993497,-3.532063208312833,-1.9335673204559347,0.4065114216257132,-0.0009983115796698386,-0.0077835799444299445,0.07270683954130018,0.9973224828214564,orbslam3_map,base_link
1723528371.0656028,-3.1163351475915,-1.9678548706256105,0.4356571057272816,-0.0009434832189490362,-0.0068290721104028295,0.06890903888715635,0.997599126890744,orbslam3_map,base_link
1723528371.231842,-2.6460325359540557,-2.01425156064625,0.4763431807028186,-7.872739383500315e-05,-0.008140873040495222,0.0644667686644009,0.9978866447278,orbslam3_map,base_link
1723528371.364853,-2.2919346363390627,-2.0550802198024853,0.5019209590154141,-0.0008991415705536514,-0.009366368914960092,0.0607330755571303,0.9981096914724137,orbslam3_map,base_link
1723528371.5311074,-1.8851840630464398,-2.0843127930152563,0.5221012416137695,-0.0018641016497224776,-0.009901606949183135,0.05592334494584723,0.9983842260347121,orbslam3_map,base_link
1723528371.8303156,-1.0867829315105868,-2.1618181141936526,0.5847363963512499,-0.0002328864202852808,-0.013155477086477279,0.04840249118096125,0.9987412467871843,orbslam3_map,base_link
1723528371.9965136,-0.6409683844345945,-2.2362276123351537,0.6154069158635169,0.000641991359667591,-0.011618872436578345,0.044343971214807244,0.9989485481581607,orbslam3_map,base_link
1723528372.129458,-0.3548468321032073,-2.246599653255173,0.6461557963590886,0.0001584154761621782,-0.00986021049743275,0.04124685420126935,0.9991003193733763,orbslam3_map,base_link
1723528372.262392,-0.06561329435983454,-2.2032069284768676,0.652731969637801,-0.0021243781633651145,-0.009883203095259868,0.036753402845548414,0.9992732342524089,orbslam3_map,base_link
1723528372.395359,-0.0656132943598342,-2.2032069284768676,0.652731969637801,-0.0021243779050525726,-0.009883203178170178,0.036753402369573036,0.9992732342696445,orbslam3_map,base_link
1723528372.5615485,0.5126837715448593,-2.3840955743122243,0.6580340752491471,-0.0026306587417439737,-0.011555338574149936,0.03526624160776689,0.999307683342765,orbslam3_map,base_link
1723528372.727715,0.9435782896053477,-2.4534190744486737,0.6992152424010755,-0.0016538280068316776,-0.012273947368566853,0.03351626924481267,0.9993614334988251,orbslam3_map,base_link
1723528372.8606324,1.297848567943579,-2.503709036023341,0.7239949469569129,-0.0019492874584105245,-0.010717647657205157,0.0316074696034983,0.99944099384224,orbslam3_map,base_link
1723528372.993536,1.6607942458712626,-2.5540534811744395,0.7430310521901006,-0.0027009149854438754,-0.008820548583175188,0.029981956762151506,0.9995078715296072,orbslam3_map,base_link
1723528373.1264253,2.005764938349488,-2.599554086256333,0.7766964813919646,-0.0028926558471216424,-0.008019093918533659,0.027976703274941676,0.9995722238781657,orbslam3_map,base_link
1723528373.292555,2.445671108229519,-2.6800503139861362,0.8092354328290265,-0.0020859525246919087,-0.009313079093066418,0.026697769823997516,0.9995979914176978,orbslam3_map,base_link
1723528373.425554,2.791952179059698,-2.732162683022982,0.8366218422843424,-0.0014505927433854627,-0.00868505373358644,0.025008043859784567,0.9996484698956152,orbslam3_map,base_link
1723528373.5917838,3.238050431645145,-2.7986746066381487,0.8577342011394151,-0.0028142027546323714,-0.008355097513101477,0.022450943831596116,0.9997090715450536,orbslam3_map,base_link
1723528373.7247531,3.581489996100002,-2.8375120713926956,0.8788955849274819,-0.0034944088313769157,-0.01037006769988082,0.019932014233435203,0.9997414493814974,orbslam3_map,base_link
1723528373.890947,4.016881144290411,-2.9249803035686264,0.9107512852645488,-0.002603819552382184,-0.01170784603319931,0.01838817224906692,0.9997589817482713,orbslam3_map,base_link
1723528374.0571198,4.439796956581967,-2.9961708083509615,0.9471844732034931,-0.002427988489520045,-0.012934302141190587,0.015636930298927883,0.9997911257411929,orbslam3_map,base_link
1723528374.223273,4.704807066574991,-3.053607293421825,0.9678052618181553,-0.004261107643645028,-0.01383605180123813,0.012219836385935493,0.9998205250098158,orbslam3_map,base_link
1723528374.3562582,5.040263435275121,-3.1148701336099722,0.9878890959833031,-0.005337744826469536,-0.013665992790789975,0.010541572806150635,0.9998367988646858,orbslam3_map,base_link
1723528374.5224998,5.462550993925134,-3.1930932588690086,1.0187559461107394,-0.004991500661632347,-0.013239942390408849,0.008321095636693794,0.9998652650302683,orbslam3_map,base_link
1723528374.6554785,5.791069316852408,-3.272633266164298,1.0542587464826836,-0.0035284318619272993,-0.011526486799478226,0.007009501700348922,0.9999027738518231,orbslam3_map,base_link
1723528374.7884443,6.119958149283334,-3.352658420091437,1.0839557064538425,-0.003231542550181363,-0.011139362306861229,0.005433327160189828,0.9999179719837589,orbslam3_map,base_link
1723528374.9546335,6.525971310579183,-3.4355673049947213,1.1113130475128883,-0.003871029179858682,-0.013579855628869974,0.0033853074528437666,0.999894565615614,orbslam3_map,base_link
1723528375.1208012,6.9189534016218746,-3.5192898394543737,1.1423701834979405,-0.0045435466735798844,-0.015006593931176811,0.0009183113987948426,0.9998766499055693,orbslam3_map,base_link
1723528375.2869768,7.315057315281929,-3.6193987061828583,1.1721639347215893,-0.003937748179781694,-0.014882609763941058,-0.0005927738612045402,0.9998813182998453,orbslam3_map,base_link
1723528375.419981,7.6300128329917305,-3.6871329793360124,1.1981052090939468,-0.0034888167765805395,-0.015000823082817367,-0.002183859085650282,0.9998790097926006,orbslam3_map,base_link
1723528375.5862167,8.033607248670684,-3.7506360141674846,1.2282928261398651,-0.0033743986283229326,-0.014091695019946882,-0.0036002224047259118,0.9998885317694161,orbslam3_map,base_link
1723528375.752433,8.430856842183548,-3.841655615231759,1.266107927851214,-0.002761460871911812,-0.012948372197000343,-0.005162579804375916,0.9998990257826359,orbslam3_map,base_link
1723528375.918628,8.806688991387084,-3.9279808906529126,1.2951707286805547,-0.0020497291864473507,-0.014935859152914559,-0.007034573927854126,0.9998616071693522,orbslam3_map,base_link
1723528376.1180346,9.264288790047985,-4.028240817209384,1.3397714379450059,-0.002988162529182076,-0.01579591554688516,-0.008786669641163343,0.9998321631020638,orbslam3_map,base_link
1723528376.250958,9.576663616379516,-4.1038829520943505,1.3664560297421011,-0.0035374177316770308,-0.01564125239438516,-0.009670562122099128,0.9998246436888667,orbslam3_map,base_link
1723528376.3839843,9.879043437086779,-4.168834470158607,1.3894228640834074,-0.00299359219813934,-0.015554280198090891,-0.010313637392861473,0.9998213498705651,orbslam3_map,base_link
1723528376.5169985,10.18369909963883,-4.247321082461523,1.4163383181476732,-0.0015921781834917922,-0.015496967806693775,-0.009765923846224697,0.99983095355608,orbslam3_map,base_link
1723528376.6832492,10.56203737613166,-4.330982638962248,1.4451431121430787,-0.0008226942467646329,-0.01521050220612001,-0.009431813318027721,0.9998394894653581,orbslam3_map,base_link
1723528376.8162353,10.860936244031222,-4.398970443105047,1.4782281504488979,-0.0007788398015389935,-0.014368529846784241,-0.008467965915656015,0.9998606064406463,orbslam3_map,base_link
1723528376.9492092,11.158470962793547,-4.464897651383864,1.5027022852212526,-0.0007106238355354469,-0.014732346156070348,-0.007320756661332488,0.9998644205653123,orbslam3_map,base_link
1723528377.1154084,11.517433067893087,-4.536599829550669,1.5329021075215044,-0.000806160264900803,-0.013329741015174604,-0.004448404037611324,0.9999009349988697,orbslam3_map,base_link
1723528377.2483559,11.874448883158276,-4.6340914763170975,1.5589065928221406,-0.0008251358994473411,-0.013875603409500222,-0.0011365293135843606,0.9999027428114642,orbslam3_map,base_link
1723528377.4147325,12.247891335501684,-4.703534740478318,1.5929634814154037,-0.0011924444649783696,-0.013986850077719815,0.0021641040319888925,0.9998991262896674,orbslam3_map,base_link
1723528377.5810168,12.621334088856681,-4.775077989932277,1.6240405910004005,-0.001211372037548891,-0.014245229868925494,0.006037427751491064,0.9998795704833225,orbslam3_map,base_link
1723528377.7472835,12.991997790281403,-4.840654927115123,1.6495917790920385,-0.0013020691662069712,-0.013524638377510844,0.010294758289673097,0.9998546928051102,orbslam3_map,base_link
1723528377.8802826,13.3003358529878,-4.885191272556423,1.6756965932511254,-0.0010836928556224612,-0.013678246845691107,0.014259965271560524,0.9998041731076526,orbslam3_map,base_link
1723528378.046514,13.673430765679214,-4.944777736639525,1.7045720998538152,-0.0013092509554950586,-0.01514290988445899,0.020085763946775078,0.9996827197810519,orbslam3_map,base_link
1723528378.179486,13.973314013462694,-4.988405415165883,1.7276015635604876,-0.002724196661720275,-0.014802125837954547,0.026310429698381814,0.9995405129920009,orbslam3_map,base_link
1723528378.3457124,14.351942673191296,-5.016608678807564,1.753358612585679,-0.00364806101712843,-0.015168844804693233,0.03330266379160599,0.9993235363897369,orbslam3_map,base_link
1723528378.4787097,14.657227209698139,-5.054422672731615,1.7750554646620258,-0.003940410159955428,-0.014977706354483167,0.040176790088658966,0.9990725534305814,orbslam3_map,base_link
1723528378.6116939,14.943628600509818,-5.077460994379736,1.7978752745600004,-0.0035399816781628702,-0.015802115900455976,0.0463781312134079,0.998792686501027,orbslam3_map,base_link
1723528378.7446647,15.240588408558043,-5.101480293753221,1.8210755503224991,-0.0033150568194646127,-0.015719975492359553,0.0530456211683475,0.998462846000625,orbslam3_map,base_link
1723528378.9108598,15.60466488966485,-5.119027992185097,1.8467074528579386,-0.003872927403991207,-0.014847918088949094,0.061178410402499835,0.9980088886690192,orbslam3_map,base_link
1723528379.0770357,15.968004073185647,-5.1339404198562955,1.8806938811942642,-0.004333000799868649,-0.015438894579810665,0.06961286314428805,0.9974451939445478,orbslam3_map,base_link
1723528379.209961,16.243924659225602,-5.1378348307713235,1.9089077431645824,-0.004595419613891255,-0.015466566508494829,0.07705053509948183,0.9968966257741542,orbslam3_map,base_link
1723528379.3429184,16.535727304371875,-5.128734349001794,1.9341139267926475,-0.004205204304654996,-0.015339102843659578,0.08428519483497297,0.9963147264355467,orbslam3_map,base_link
1723528379.4759047,16.812356557657495,-5.129021602342716,1.9554900472040928,-0.0045626739756460125,-0.016233935735892283,0.09182842465289442,0.9956320513937278,orbslam3_map,base_link
1723528379.6088772,17.09593179810726,-5.123534381793764,1.9826717001244418,-0.004788428510657613,-0.01705711813025674,0.09951767397233773,0.9948780619958529,orbslam3_map,base_link
1723528379.7418358,17.37918593043252,-5.111969100145557,2.0022002311493825,-0.004250791061250963,-0.018334265359225166,0.10674236843711406,0.9941085716708847,orbslam3_map,base_link
1723528379.9080143,17.723978700509083,-5.088573394116562,2.038607280678992,-0.003230976302029476,-0.01833856247587963,0.11621275270299918,0.9930497741944487,orbslam3_map,base_link
1723528380.0741723,18.083288616192604,-5.047740035463507,2.069830969603175,-0.004232013885566591,-0.01569387901687604,0.12586267060236714,0.9919145025498498,orbslam3_map,base_link
1723528380.2070827,18.36922431655924,-5.016113286474443,2.089183103972611,-0.005639399528030908,-0.014611584119114741,0.1338552927303144,0.9908771161907893,orbslam3_map,base_link
1723528380.3732743,18.72720001226915,-4.962542883315093,2.1187496792331286,-0.008014641314899797,-0.01248940744068145,0.14494094887627462,0.9893290158310426,orbslam3_map,base_link
1723528380.5727332,19.18550643560965,-4.911815227550482,2.153768113279625,-0.00865253610213565,-0.009062482397610728,0.15916724679178762,0.9871721190251052,orbslam3_map,base_link
1723528380.7056882,19.468326209779775,-4.859068693015334,2.1639282834362357,-0.008285619711595225,-0.007667414801675965,0.16844159723422283,0.9856469893310879,orbslam3_map,base_link
1723528380.8386288,19.755982934677046,-4.805566957142036,2.1891960922400022,-0.007137756739714996,-0.0061041944596663495,0.17794694246749546,0.9839952626436741,orbslam3_map,base_link
1723528380.9715557,19.927459285835493,-4.737727934354146,2.1864969291120095,-0.006695235680275961,-0.006111281559417136,0.1864262994820882,0.98242712753583,orbslam3_map,base_link
1723528381.137695,20.27019120050664,-4.664049584094824,2.2130045100661135,-0.007626105256047725,-0.006304190322218867,0.19900240304034242,0.9799490513731691,orbslam3_map,base_link
1723528381.2705913,20.53811144449912,-4.588508382243598,2.2295164354069463,-0.010011703272282043,-0.007291314336984708,0.20830099089137483,0.9779863494581601,orbslam3_map,base_link
1723528381.4035652,20.802987385690763,-4.510845572234825,2.2514632252333366,-0.011643920506569674,-0.008029822596000585,0.2184815601405688,0.9757385658786151,orbslam3_map,base_link
1723528381.5365245,21.07683223194845,-4.420775996604549,2.268437481681531,-0.012685498661884035,-0.00941641319399984,0.22875274619904062,0.9733563532399923,orbslam3_map,base_link
1723528381.7027025,21.396712735228757,-4.294186304178538,2.293596241746273,-0.013609661135622534,-0.010668490367603178,0.24088743128893617,0.9703989931384245,orbslam3_map,base_link
1723528381.902087,21.78811953599065,-4.140487502510968,2.323419675821749,-0.01603196868723295,-0.011959068358164486,0.2565119035681138,0.9663341037094153,orbslam3_map,base_link
1723528382.0349913,22.054908463827985,-4.029560955384034,2.347400463070245,-0.017074579581067867,-0.011961805288371775,0.26664709818249027,0.963568730800886,orbslam3_map,base_link
1723528382.2011018,22.38418183361417,-3.8827862031547107,2.368543937641455,-0.018586426397858295,-0.012280998624307128,0.2792752555477979,0.9599526308444907,orbslam3_map,base_link
1723528382.3677833,22.72487463624975,-3.717640940238355,2.3847760821777637,-0.020193894530339082,-0.01221035302387378,0.2921189701953043,0.9560908017310724,orbslam3_map,base_link
1723528382.5014594,22.981821409959,-3.5885974481303538,2.404061312265665,-0.020577472684387237,-0.012314095059928129,0.3021882937157186,0.9529465702871074,orbslam3_map,base_link
1723528382.635156,23.233199050519264,-3.4500869698182686,2.4277658194597604,-0.02197495265616989,-0.011211143194408866,0.31253251969868706,0.9495866657945569,orbslam3_map,base_link
1723528382.768873,23.484712610963726,-3.3086754968890206,2.4488903022834188,-0.02256032340693238,-0.01131710082265892,0.3221947247383302,0.9463368926484563,orbslam3_map,base_link
1723528382.9026103,23.7223638659994,-3.166538347463957,2.4664261835638515,-0.023335997329511367,-0.012482608902189276,0.33201255550920067,0.9429036423134031,orbslam3_map,base_link
1723528383.0363684,23.967948520923937,-3.015831328399033,2.482529281074835,-0.02374520935746164,-0.014518385762446085,0.34214687294301865,0.939234208726842,orbslam3_map,base_link
1723528383.203595,24.25708537417919,-2.8236799124046223,2.5069933568147222,-0.024247270686257313,-0.015630630615235692,0.35410550144108105,0.934760422300815,orbslam3_map,base_link
1723528383.3374047,24.495785418414314,-2.666061115249561,2.530957386704671,-0.024948991670674193,-0.015896996951570458,0.36421655568017797,0.9308443123696928,orbslam3_map,base_link
1723528383.5047174,24.802933382834,-2.4591436340832438,2.5516915045823856,-0.02619423722676192,-0.016317885643185263,0.37650424216454037,0.9259007204751216,orbslam3_map,base_link
1723528383.638599,25.02549278011884,-2.2805120147217544,2.5688517697169297,-0.02665269798210132,-0.017212945675017986,0.3854582167375538,0.9221796524218959,orbslam3_map,base_link
1723528383.939935,25.549143444472495,-1.8756701116974799,2.612485796990979,-0.02971183000741395,-0.014706189944326022,0.4060741221223378,0.9132386010662847,orbslam3_map,base_link
1723528384.1074045,25.823853462053606,-1.6480523015664583,2.636326177497721,-0.031362389863546815,-0.013505781049774368,0.41717831787987586,0.908182936126417,orbslam3_map,base_link
1723528384.2414117,26.035903084054308,-1.4530336200118472,2.6437804109128575,-0.03229171614321649,-0.012779187702776751,0.4255844139998196,0.9042520909517506,orbslam3_map,base_link
1723528384.4081533,26.302052984589032,-1.2078314515600121,2.659539601615705,-0.032077416074188944,-0.012328261594055383,0.43603708411257425,0.8992723250621448,orbslam3_map,base_link
1723528384.5746927,26.41896930072907,-0.9445625429986864,2.6735208964627373,-0.031810437788191266,-0.012622897721354066,0.4448105886348577,0.8949705574705523,orbslam3_map,base_link
1723528384.7079186,26.632111722439237,-0.7431117282408872,2.6909983577553187,-0.03219605957859287,-0.012998501535643501,0.4536386534672099,0.8905090818098916,orbslam3_map,base_link
1723528384.841139,26.832407017651732,-0.5387367813992713,2.710231938464458,-0.033276628712641435,-0.01376386921168884,0.4617881344801344,0.8862589580586488,orbslam3_map,base_link
1723528385.0076578,27.070982341293757,-0.2745255567370435,2.725328502591597,-0.03506760230403616,-0.01548233259675571,0.47095324472885597,0.881324912801954,orbslam3_map,base_link
1723528385.140866,27.253471442728202,-0.06251625738617528,2.7449887135866033,-0.036693196920751,-0.016047468467148145,0.47743983278397895,0.877751271219095,orbslam3_map,base_link
1723528385.3075805,27.48354774660363,0.19633057057021608,2.762160925246314,-0.037520430139834436,-0.01699143693237334,0.4835177783028569,0.8743649503829418,orbslam3_map,base_link
1723528385.4416513,27.674126681820347,0.41117372425461163,2.782731656291592,-0.03919844220246249,-0.01730817219606403,0.4873668399212733,0.8721453277116628,orbslam3_map,base_link
1723528385.6092935,27.901152753120645,0.6691682974649784,2.8092516349242347,-0.04060713185764825,-0.016924230126044836,0.489882465552208,0.87067778266212,orbslam3_map,base_link
1723528385.743449,28.102122885871715,0.8735426859539248,2.8340797992403965,-0.040121084047428,-0.015665778320999323,0.4900733106838718,0.8706164667405537,orbslam3_map,base_link
1723528385.9111955,28.35140413377397,1.1271978892993428,2.853345297240597,-0.03874941211674501,-0.014845050996969545,0.4895908745226762,0.8709643408921086,orbslam3_map,base_link
1723528386.0454357,28.545986541585332,1.3314956753492013,2.8696078985362607,-0.03789735863963204,-0.014273859831490794,0.4888292671607775,0.8714390367092281,orbslam3_map,base_link
1723528386.213289,28.78209148345394,1.58878063400405,2.890199838878247,-0.03837474171855997,-0.014118116077637346,0.4881311651049749,0.8718119198827875,orbslam3_map,base_link
1723528386.3804762,29.00111280737513,1.845762785860388,2.9154264176842646,-0.041021327627779304,-0.014798311182217222,0.4873716734614221,0.8721049894211257,orbslam3_map,base_link
1723528386.5138543,29.186431558840596,2.051419308172319,2.925776710914936,-0.04263937955836956,-0.015361466609571287,0.48711442801712174,0.8721613627489083,orbslam3_map,base_link
1723528386.6472318,29.38616206027779,2.2538963689805995,2.943691247590235,-0.04206703075607262,-0.015588003913579907,0.4873559255140261,0.8720502169736126,orbslam3_map,base_link
1723528386.8139539,29.615935783778635,2.507118662517268,2.9609713400885385,-0.03944996609608339,-0.015909097931775758,0.48701800595411876,0.8723554680601762,orbslam3_map,base_link
1723528386.980674,29.854145498901776,2.7524658792252596,2.9818479721004243,-0.03734357447963274,-0.01595222606805966,0.4870873782517294,0.872408659904528,orbslam3_map,base_link
1723528387.11405,30.044377924818072,2.9490136115642596,2.9973800890979003,-0.036876374602585874,-0.016327598690373177,0.48694243862249137,0.8725024951170954,orbslam3_map,base_link
1723528387.28077,30.273648894762125,3.2017016182297144,3.0184730147585483,-0.03775078056785547,-0.01623917574426484,0.48694718139344145,0.8724641025684938,orbslam3_map,base_link
1723528387.44753,30.49791519814097,3.453796085473522,3.03544077893529,-0.039099845095235,-0.016345209924745127,0.48700235950448534,0.872371903526878,orbslam3_map,base_link
1723528387.6142924,30.728069795270642,3.7054123826488414,3.0591096097352444,-0.04003039524108404,-0.015342441301129127,0.48797340343074164,0.8718051012101172,orbslam3_map,base_link
1723528387.7810557,30.957095699651155,3.964075301017692,3.0744171398574274,-0.04134650425818943,-0.014841604065817164,0.4891958767646508,0.8710669248288823,orbslam3_map,base_link
1723528387.9144676,31.136568505909523,4.162656289197739,3.0908501532524513,-0.04081388700461261,-0.013992450721723048,0.49085326107322985,0.8701732666797748,orbslam3_map,base_link
1723528388.0812347,31.370684117701742,4.424501388687417,3.1040204247695975,-0.040100115222344954,-0.012822046194219835,0.4929331031806261,0.8690480606268367,orbslam3_map,base_link
1723528388.2146487,31.554036569752945,4.628350306763347,3.1235667629527577,-0.039063734504225706,-0.01199909336012475,0.4944769573122167,0.8682295693492422,orbslam3_map,base_link
1723528388.3813953,31.75643743460769,4.881063131051886,3.147393548615351,-0.03909014690843068,-0.013164309801442856,0.4972380247355183,0.8666331450615359,orbslam3_map,base_link
1723528388.514781,31.94873429006971,5.0861459257969655,3.1607188934490593,-0.039091182558478786,-0.013317835976761644,0.49972331071192105,0.8652000505213766,orbslam3_map,base_link
1723528388.6481667,32.106286907280634,5.285944252196899,3.177675678524754,-0.03896228932824129,-0.013670387629557745,0.5018205110530196,0.863985668398988,orbslam3_map,base_link
1723528388.814899,32.329950397060266,5.548617616442684,3.1962874175190383,-0.040136965475935336,-0.014833641949798419,0.5051781824584088,0.8619535898393297,orbslam3_map,base_link
1723528388.948284,32.50396480221881,5.757127250698472,3.2128797185019975,-0.040534471929731856,-0.01626481473272086,0.5078016720264775,0.8603661280374779,orbslam3_map,base_link
1723528389.0816684,32.66393922418037,5.969356566419326,3.2244490857068753,-0.041218527591599045,-0.01731857262549141,0.5102195151708397,0.8588813342739667,orbslam3_map,base_link
1723528389.2150528,32.98000600137682,6.050662936114802,3.2600774162936172,-0.03827578902729713,-0.017990829177895892,0.5148337139902865,0.8562461918039679,orbslam3_map,base_link
1723528389.3818195,33.20242826915361,6.308762264853712,3.289225118641099,-0.03858776344535429,-0.01683326655785965,0.5185855534170718,0.8539886705550529,orbslam3_map,base_link
1723528389.5152538,33.36771817951267,6.521974547060665,3.3028823134899867,-0.03849488365015392,-0.01609576828947627,0.5212182452391568,0.8524028454936942,orbslam3_map,base_link
1723528389.6820488,33.58145927360255,6.781761182442152,3.3209997347247056,-0.036950860266824426,-0.015509422091450384,0.5246089860423065,0.8503996140142549,orbslam3_map,base_link
1723528389.8488445,33.78906391106209,7.04252668266331,3.338956071669414,-0.03786462551566143,-0.01608228699156358,0.5277919434830641,0.8483768588157327,orbslam3_map,base_link
1723528389.9822826,33.942371313062544,7.258317177134328,3.3391624516747624,-0.03926495166171558,-0.015374534987409812,0.5299358617353499,0.8469887069446299,orbslam3_map,base_link
1723528390.1157222,34.099687147053125,7.476017661603634,3.353102575640675,-0.04054101046325581,-0.015339126247228293,0.5322916571058475,0.845450607340311,orbslam3_map,base_link
1723528390.249163,34.259632531468796,7.671135326972135,3.373408432390964,-0.04052006304137291,-0.014485945749244033,0.5351231650763323,0.8436773554301203,orbslam3_map,base_link
1723528390.382605,34.41905160399438,7.883630381141301,3.387906095957298,-0.04053541547898173,-0.01346037753694383,0.5379849145141211,0.8418716826712627,orbslam3_map,base_link
1723528390.5160494,34.56980768403455,8.102602486313817,3.3978587039536023,-0.04087430204938945,-0.014177080148606849,0.540582894224688,0.8401776218765262,orbslam3_map,base_link
1723528390.6494946,34.703450512351786,8.330922165126484,3.392873809801776,-0.041851228869443965,-0.014219615033192861,0.5429341318311343,0.8386112363206194,orbslam3_map,base_link
1723528390.816304,34.882713989288995,8.608178784257888,3.4037364431380785,-0.04270982539722117,-0.013250254614903397,0.5467899419308837,0.8360747938853317,orbslam3_map,base_link
1723528390.9497526,35.03338447397338,8.831670884598253,3.4161789977134687,-0.042638778261416085,-0.012684916227689873,0.5504089756019619,0.8337091741521555,orbslam3_map,base_link
1723528391.1165648,35.18869009633926,9.11023481914874,3.41936375952762,-0.043905539511961,-0.012744013394995073,0.5543966746541952,0.8309959210821207,orbslam3_map,base_link
1723528391.2500162,35.322250394043664,9.329355063430278,3.441799354791338,-0.04540304090741297,-0.012500856776638626,0.5580834269291296,0.8284474521918989,orbslam3_map,base_link
1723528391.4167933,35.49575146581213,9.600392363005948,3.4537352883973513,-0.04579017149151756,-0.012200123055146415,0.5633077362839796,0.8248871507271981,orbslam3_map,base_link
1723528391.5835612,35.6716402737446,9.882435386700443,3.465126337301882,-0.04546460461593339,-0.011143498708904015,0.569718687714618,0.8205055813535792,orbslam3_map,base_link
1723528391.7169766,35.80888751671339,10.111484164926114,3.4709279642283852,-0.04553307106304138,-0.010293054157697514,0.5746953597605102,0.8170349049737179,orbslam3_map,base_link
1723528391.883747,35.97257143895872,10.401531779621337,3.468526404439041,-0.04645775578199832,-0.009283101565265774,0.582043549465723,0.8117763284787082,orbslam3_map,base_link
1723528392.0505176,36.127740853478514,10.681753606463257,3.464688599090805,-0.046462034022085284,-0.009527959078587396,0.5895731285604509,0.8063212904728296,orbslam3_map,base_link
1723528392.183935,36.23312575399889,10.927946831029097,3.490725502425656,-0.04776138607708304,-0.008463462827523647,0.595669626751716,0.8017636282361743,orbslam3_map,base_link
1723528392.3173518,36.36278285423014,11.177516533339151,3.508114460382763,-0.04941824553091344,-0.006699527609725235,0.6029411056444839,0.7962254557992103,orbslam3_map,base_link
1723528392.4841194,36.51797234150214,11.476516041508333,3.510280853198611,-0.04963909167503047,-0.006122070595634597,0.6131914851429232,0.7883493409507716,orbslam3_map,base_link
1723528392.6175337,36.63832465657197,11.721352838810507,3.5075640885022583,-0.048804661500796126,-0.00602929146629507,0.6223207775783748,0.781216104835566,orbslam3_map,base_link
1723528392.7843018,36.76531887708884,12.030077596814063,3.482820536522201,-0.04575588345277034,-0.008630536770731199,0.6344982260340911,0.7715205208703765,orbslam3_map,base_link
1723528392.9177175,36.82256949173302,12.281582467281396,3.513127851526601,-0.04475623246391879,-0.008645222653790752,0.643648235067858,0.7639627538531795,orbslam3_map,base_link
1723528393.051134,36.91018546575579,12.516685291213921,3.514338111032904,-0.04467769589166161,-0.009571221415253926,0.6560228722051145,0.7533566793718527,orbslam3_map,base_link
1723528393.184551,36.943673503517424,12.77267812507706,3.513470554426743,-0.04546674441659711,-0.009793737869111122,0.6668530397946171,0.7437364325938228,orbslam3_map,base_link
1723528393.3179643,37.0274207795986,13.023476617028283,3.5120954713607038,-0.04479300574250582,-0.010075255640204372,0.6802444772502074,0.7315459842217223,orbslam3_map,base_link
1723528393.4513793,37.10419500021829,13.2684962227356,3.530844466105255,-0.042667885917836636,-0.009206270207008338,0.69343417840388,0.7191965908717268,orbslam3_map,base_link
1723528393.5847955,37.15565242285137,13.521429341724627,3.5276810320717322,-0.041422718329669886,-0.008712856153776505,0.7064485123062095,0.7064975187530158,orbslam3_map,base_link
1723528393.7515671,37.20949766201032,13.840742592080652,3.5356193315164672,-0.04244223259670968,-0.0050764899717535795,0.7222229153330475,0.6903382842560646,orbslam3_map,base_link
1723528393.9183393,37.204758782357466,14.15120464698876,3.5318058494151496,-0.04956824536121983,-0.00466238017179693,0.7380028182833562,0.672958461919283,orbslam3_map,base_link
1723528394.0517585,37.19099969003485,14.390438618012094,3.530965100384567,-0.051769228182956525,-0.006404770972713414,0.7495087600816472,0.6599360154461944,orbslam3_map,base_link
1723528394.1851788,37.182225407664056,14.628852594670988,3.5291077875242616,-0.05031468380577489,-0.007376158498531378,0.7616646919753514,0.6459728491797644,orbslam3_map,base_link
1723528394.4853482,37.11706393532367,15.168025858702919,3.532020046709202,-0.047121111877218486,-0.004167958704991081,0.7871464226244472,0.6149493786363422,orbslam3_map,base_link
1723528394.6187463,37.0878807000216,15.402308739773844,3.5225201482078132,-0.046785543253510545,-0.004820045767441733,0.7988985175034179,0.5996240812643491,orbslam3_map,base_link
1723528394.7521446,37.045465092031506,15.635201145382727,3.508709259613398,-0.044346015230674204,-0.00418773854240697,0.8092492115313156,0.585774365617859,orbslam3_map,base_link
1723528394.918892,36.96768568292807,15.90472110183611,3.509882377064409,-0.043555040432586956,-0.006152234096825792,0.8206898648452,0.5696782023290876,orbslam3_map,base_link
1723528395.0522897,36.90307444783299,16.12935886718318,3.5191869671832734,-0.04657362804681429,-0.008798746884399,0.8309541713913252,0.5543181796325802,orbslam3_map,base_link
1723528395.2190378,36.80120472367905,16.407450031781483,3.516150950293876,-0.047620935069651746,-0.011446112573838901,0.8423263836159954,0.5367378284734905,orbslam3_map,base_link
1723528395.3524325,36.718081804538265,16.610300994854928,3.511201296244506,-0.04823089974775847,-0.011397564377675879,0.8513344932832312,0.5222771834782394,orbslam3_map,base_link
1723528395.4858174,36.63258142755742,16.823555644532828,3.5096152048085987,-0.046935787517986986,-0.00853647536426769,0.8598974018932415,0.5082328390173886,orbslam3_map,base_link
1723528395.619202,36.528617805944556,17.048235895477973,3.4971121328245784,-0.04560968530040901,-0.007327825283285854,0.8686557726364086,0.49325775031808605,orbslam3_map,base_link
1723528395.7859313,36.39859919497656,17.283839044063857,3.5000530129058234,-0.045280440716953085,-0.006590299448815357,0.8784841631660026,0.47557525661895145,orbslam3_map,base_link
1723528395.9526613,36.245651554706264,17.519068968542555,3.495175572051663,-0.04770660741212413,-0.0089070714877146,0.8878576543526602,0.4575516684420791,orbslam3_map,base_link
1723528396.0860443,36.120039381447874,17.711480369141015,3.4896880111188953,-0.04971717121141942,-0.010324906630103178,0.8952627054457465,0.44263561473041996,orbslam3_map,base_link
1723528396.219427,35.99843817643255,17.902442960777485,3.4895741144048893,-0.04958955480859062,-0.008458081227616368,0.9024684227395083,0.42780846517325594,orbslam3_map,base_link
1723528396.3528068,35.86919056354156,18.089295153729815,3.481757693777973,-0.04968606377491353,-0.0071777746203028,0.909212762798093,0.413293995338807,orbslam3_map,base_link
1723528396.4861774,35.73216427956876,18.26039511765136,3.474356716265591,-0.049997707635951315,-0.006727334133435013,0.9157091936457336,0.3986623193622487,orbslam3_map,base_link
1723528396.652889,35.560501502589815,18.509303487396874,3.4608771724260743,-0.05141221449084354,-0.006553396032795159,0.9237312158678619,0.37951874529839297,orbslam3_map,base_link
1723528396.8196006,35.371907490227194,18.714251537208547,3.45371505905982,-0.052583496756179696,-0.006864907449696948,0.9311246757196301,0.36082500908420095,orbslam3_map,base_link
1723528396.9863098,35.17232174965737,18.929229834400314,3.434912145687547,-0.05326034499835987,-0.007336586806901399,0.9380483393140978,0.34230808236841814,orbslam3_map,base_link
1723528397.153019,34.97987817847569,19.103960436155443,3.4249233639315793,-0.05367496467091743,-0.00785691351731253,0.9442159908798575,0.3248283079479466,orbslam3_map,base_link
1723528397.286385,34.81791104837149,19.244669861308424,3.4197513857135604,-0.05367650305196909,-0.008249761111666176,0.9489614097416709,0.31068153675880583,orbslam3_map,base_link
1723528397.4530895,34.613184341231864,19.4226538495812,3.4062129351936603,-0.052990794230093945,-0.00827264742519188,0.9540550353447794,0.29479234821262607,orbslam3_map,base_link
1723528397.5864522,34.44514792994369,19.55756476171278,3.3936638478983827,-0.053090957797202604,-0.008692049381768034,0.9575670206378575,0.2831451914909692,orbslam3_map,base_link
1723528397.753155,34.2294661866866,19.73065690200338,3.3792140074533816,-0.053972155490957865,-0.009301303034619712,0.961353918895684,0.2698131479699028,orbslam3_map,base_link
1723528397.919855,34.01326905746361,19.896282598153135,3.365682993340924,-0.05483377835837191,-0.010341797220644407,0.9643208443820271,0.2587887421653538,orbslam3_map,base_link
1723528398.0532146,33.84966100637113,20.022554865491195,3.3586550143132246,-0.05517059079232385,-0.010202218107516781,0.9664835062949155,0.25052295846328865,orbslam3_map,base_link
1723528398.1865733,33.68241156347444,20.144593743275596,3.3472875174143484,-0.05493107830189531,-0.00967341363614945,0.9686062607635428,0.2422620756843358,orbslam3_map,base_link
1723528398.3199308,33.50028954241792,20.27703625007814,3.3443407158888796,-0.05512118755525679,-0.009573431492575108,0.9706069370191887,0.23407729044523737,orbslam3_map,base_link
1723528398.4866467,33.31694704314068,20.36240918520281,3.33753270306388,-0.05589617115914498,-0.010149764498552245,0.9729811940010963,0.2237860506165938,orbslam3_map,base_link
1723528398.6200182,33.13552204786115,20.48386653837027,3.325763247495119,-0.05567804799102395,-0.010128886396168017,0.974954656466331,0.21508318964275558,orbslam3_map,base_link
1723528398.7533894,32.95983576168941,20.587553331403573,3.313399489976992,-0.05531847299039413,-0.009348089830147104,0.9768311996060709,0.2065267228198398,orbslam3_map,base_link
1723528398.8867598,32.76562485069816,20.704524580806428,3.3004540790009074,-0.05587358910559043,-0.009115982834424299,0.9785911887985135,0.19787452110702491,orbslam3_map,base_link
1723528399.0534716,32.526585228067184,20.837328881124726,3.2918433437632064,-0.05728645942417715,-0.009420782590001902,0.980721228953292,0.18658880326101776,orbslam3_map,base_link
1723528399.2201836,32.28134753830302,20.971654739152797,3.2734995228687818,-0.05631036913114675,-0.009412634873727392,0.9828501920287582,0.17534550083216008,orbslam3_map,base_link
1723528399.353553,32.07878775810164,21.067835023041784,3.2551957477823814,-0.05686894706353334,-0.009408306990765884,0.9843781137439365,0.16636446676313485,orbslam3_map,base_link
1723528399.5202663,31.783796625643966,21.25287940261923,3.243744468093711,-0.0579856328634119,-0.009122214168784781,0.9861001935688837,0.1554376396935394,orbslam3_map,base_link
1723528399.6869795,31.509855573074383,21.379685189103466,3.2222228853300012,-0.05888805090104037,-0.009418818305785129,0.9876112103970149,0.1451467547723412,orbslam3_map,base_link
1723528399.8536901,31.236712272102594,21.50562283202814,3.2042119222905487,-0.059943754720401636,-0.010106950865889808,0.9888176764600757,0.13617708520273086,orbslam3_map,base_link
1723528399.9870584,31.01686570573778,21.606440098703438,3.191664870814527,-0.060225670765534714,-0.010468292354751258,0.9896253916003611,0.1300187207130141,orbslam3_map,base_link
1723528400.1204257,30.78008887436799,21.71387274919825,3.1727802493281416,-0.06023712170762335,-0.01125173094841379,0.9902487397346763,0.12510923696086887,orbslam3_map,base_link
1723528400.287134,30.497976521630623,21.839534082224976,3.153563501177181,-0.061587847007661393,-0.0119521105671841,0.9906985488100726,0.12074961507005698,orbslam3_map,base_link
1723528400.420547,30.26774241033423,21.94515018649491,3.1389773107071237,-0.062317548482549515,-0.01227917319810192,0.9908153000854282,0.11937665673538937,orbslam3_map,base_link
1723528400.5873334,29.97984595195514,22.077655978179283,3.1175379958316145,-0.06215228276046704,-0.013367525406224488,0.9907612753257854,0.11979356546576346,orbslam3_map,base_link
1723528400.754122,29.69083680481205,22.221177828440204,3.098444917758859,-0.06249275424642393,-0.012819081193646397,0.9906312451830214,0.12074793120870927,orbslam3_map,base_link
1723528400.8875535,29.436868511286274,22.33594832407384,3.0781591208599135,-0.06295987826613364,-0.012924688931152256,0.9905527807435234,0.12113709054629002,orbslam3_map,base_link
1723528401.0209856,29.16067458608575,22.476979546683282,3.060401578259885,-0.0632470813000187,-0.013580840437849195,0.9904740240161062,0.12155893726654766,orbslam3_map,base_link
1723528401.1544187,28.911582400861846,22.598130690171597,3.0380456512446017,-0.0633314988640723,-0.013878119538494493,0.9903485987688685,0.12249968149445985,orbslam3_map,base_link
1723528401.3212101,28.607108132866745,22.746962332967698,3.0136786501540422,-0.06400328175484037,-0.014328425112951083,0.9901891192957114,0.12338469997036272,orbslam3_map,base_link
1723528401.4545658,28.353306256518966,22.867225848181345,2.9969752878894065,-0.06447344539704249,-0.01456489235666486,0.9900696179230565,0.12406929682627545,orbslam3_map,base_link
1723528401.6212595,28.036084448229243,23.02804088474783,2.9776652777765706,-0.06419683883352797,-0.014074369564154839,0.9900607457380709,0.12433984781126504,orbslam3_map,base_link
1723528401.8212883,27.65348059493565,23.20598140893647,2.956886030786535,-0.06359309655344642,-0.01403058917666805,0.990077305349914,0.12452305035274688,orbslam3_map,base_link
1723528401.9879766,27.321575282135523,23.358719832138487,2.9254241813876503,-0.06327775336333266,-0.01519213983245797,0.9901341229441432,0.12409489674532449,orbslam3_map,base_link
1723528402.1546638,27.002501470398567,23.521685905088685,2.908713650461066,-0.06365697629421606,-0.015752116049986345,0.990214666114144,0.12318512581265563,orbslam3_map,base_link
1723528402.3546877,26.576757684393073,23.72329910555576,2.8665017342471053,-0.06370111337471089,-0.01623003259856858,0.9903548554178763,0.12196726834240874,orbslam3_map,base_link
1723528402.488043,26.30255049566036,23.838619823179105,2.852308773379058,-0.06395392469220798,-0.01572300503189103,0.9904435840465866,0.12117833738000655,orbslam3_map,base_link
1723528402.6213975,26.002509945796696,23.998161867883315,2.835996396136581,-0.06401290592160747,-0.015303989748008354,0.990655394803462,0.11945720790333797,orbslam3_map,base_link
1723528402.7880878,25.661633958851173,24.15627681562255,2.8137646984838955,-0.06379955563396023,-0.015081151329935299,0.990930057190018,0.11730216252422891,orbslam3_map,base_link
1723528402.9214392,25.373745638726273,24.273322853991907,2.7923709450423617,-0.06372405600224174,-0.01503612250826821,0.9911679762455863,0.11532216860503634,orbslam3_map,base_link
1723528403.0881274,25.0057379805665,24.43636779418002,2.7683021898102873,-0.0628444800909368,-0.015397481953499454,0.9915906697695003,0.11207779663102505,orbslam3_map,base_link
1723528403.2548127,24.641464791837517,24.607877478234457,2.7384164503908233,-0.0637880081504778,-0.015201570944062647,0.991886643993434,0.10890770277840808,orbslam3_map,base_link
1723528403.3881748,24.328422412820142,24.752763115935206,2.714525445744397,-0.06396230364720155,-0.014936480782291543,0.9921427734148691,0.10648212251187987,orbslam3_map,base_link
1723528403.5215507,24.013852880550502,24.883076940458313,2.6900465133091203,-0.06423243450553327,-0.014992794255606486,0.9923456906385107,0.1044003867285872,orbslam3_map,base_link
1723528403.6549263,23.706809598159474,25.01826818121296,2.671872373598167,-0.06508023478361356,-0.015009188788640397,0.9925443850418123,0.10195553449610929,orbslam3_map,base_link
1723528403.7883012,23.380328266915832,25.15518583169331,2.6473067565699626,-0.06621814800151044,-0.014468196405188012,0.9926688078626852,0.1000723041830581,orbslam3_map,base_link
1723528403.9216754,23.066165406732946,25.288507262845613,2.628403932565734,-0.06708779422667739,-0.014296628351960163,0.992829643298557,0.09789858870905682,orbslam3_map,base_link
1723528404.055049,22.744172766830914,25.430699326834528,2.5999235741666404,-0.06679685857799444,-0.01473966548708595,0.9929973809474103,0.09631782481464084,orbslam3_map,base_link
1723528404.2217655,22.33533788967648,25.596007169658936,2.5643057846232686,-0.06670630790838031,-0.014555878377022815,0.9931608488631771,0.09470967836118624,orbslam3_map,base_link
1723528404.3551338,22.010072848524445,25.72578811813965,2.537280769435151,-0.06674833668982245,-0.014506842285563716,0.9933015341691585,0.09320017861163163,orbslam3_map,base_link
1723528404.4884875,21.666273698844403,25.87255295162654,2.5091817219810837,-0.06732121241747997,-0.014373369827664916,0.9934154234864755,0.09158087670264042,orbslam3_map,base_link
1723528404.6551776,21.244011923741432,26.0432831279385,2.475483816073403,-0.06766563315616168,-0.01547042070885936,0.9935384608909531,0.0897961853482808,orbslam3_map,base_link
1723528404.788529,20.90611241513951,26.1650762112068,2.452065107273277,-0.06822682774292246,-0.01604662958026844,0.9935149559274101,0.08953009551992946,orbslam3_map,base_link
1723528404.921879,20.562632177186504,26.301268872286574,2.429492943375952,-0.06861198538934317,-0.016048600962008587,0.9935334220104253,0.08902908073404456,orbslam3_map,base_link
1723528405.055228,20.210373427192877,26.4478729273391,2.393574718476152,-0.06892434309855161,-0.016328511694261336,0.9935143640885098,0.08894955302916137,orbslam3_map,base_link
1723528405.188576,19.844906122779545,26.602528068151045,2.36430818789025,-0.06958293371313706,-0.01565038629491187,0.993450059932379,0.0892763079716316,orbslam3_map,base_link
1723528405.3219225,19.510368435025416,26.72993997179182,2.3354906762318146,-0.07005407880821173,-0.01621161741834211,0.9933362157787077,0.0900709271932455,orbslam3_map,base_link
1723528405.4553006,19.148314994203012,26.884334696133763,2.3062451244322935,-0.07126775414376155,-0.016014998230435853,0.9932090355325892,0.09055516985466623,orbslam3_map,base_link
1723528405.622023,18.710551337056415,27.06649488470647,2.2744989458144906,-0.07254341622895975,-0.015620601464825275,0.9931177726373832,0.09061202593183618,orbslam3_map,base_link
1723528405.7554011,18.34971744280998,27.217167321798254,2.242608122928829,-0.07280385296146687,-0.015999740607382195,0.9930376519590041,0.09121309711992875,orbslam3_map,base_link
1723528405.888779,17.997591840550196,27.362898756502826,2.2092002942871476,-0.07280993582444241,-0.016887803047406186,0.9929879594457369,0.0915883603372396,orbslam3_map,base_link
1723528406.055501,17.556783561501103,27.552202129015683,2.178650474968407,-0.07129434005875332,-0.01651605290306575,0.993052807312248,0.09214368649751982,orbslam3_map,base_link
1723528406.222224,17.10904393674202,27.747273941999552,2.1422921586258936,-0.07056327304833152,-0.01634854572563242,0.9931237801215567,0.0919712286882886,orbslam3_map,base_link
1723528406.388956,16.665276246420813,27.926206710885566,2.1130203820677758,-0.0693326816745515,-0.017892478711070647,0.9931372213564637,0.09247322863267915,orbslam3_map,base_link
1723528406.522354,16.306986615553463,28.080826622538027,2.0830140868294635,-0.06757351345466858,-0.01906577426466954,0.9932029974144101,0.09283384327987064,orbslam3_map,base_link
1723528406.655753,15.96066347552511,28.230438175393587,2.061483053661897,-0.06761655050567719,-0.019340498274981292,0.9931971299705867,0.09280844919713985,orbslam3_map,base_link
1723528406.7891526,15.591506751797535,28.380266737801364,2.0311400690971118,-0.06785425896613309,-0.01925860467305453,0.9931793705977404,0.09284203522801592,orbslam3_map,base_link
1723528406.9225533,15.234400815264511,28.528991644709347,2.0070455463172445,-0.06802994080473741,-0.019509136748995546,0.9931211303503967,0.09328312381649427,orbslam3_map,base_link
1723528407.0559545,14.875191041429446,28.682479821488354,1.9819186185973452,-0.06873784085667237,-0.019801125287954597,0.9930231223193026,0.09374488365194694,orbslam3_map,base_link
1723528407.1893566,14.497830683501515,28.850570596768975,1.9597041230679175,-0.06987021950274422,-0.01902733581778601,0.9929997779437723,0.09331427501692666,orbslam3_map,base_link
1723528407.3561072,14.050669770394943,29.041724190234913,1.919683105813038,-0.06988354471872033,-0.018077716441589543,0.9930126249111565,0.09335637692658635,orbslam3_map,base_link
1723528407.4894967,13.693029505701908,29.179332295581386,1.8941266834976451,-0.06898331906658975,-0.019125660183726197,0.9930251649967009,0.0936831494793424,orbslam3_map,base_link
1723528407.6228867,13.321648159213119,29.3304539067985,1.8700441034896853,-0.06962156930683265,-0.019847528575367368,0.9929749136044754,0.09359344874983691,orbslam3_map,base_link
1723528407.7562768,12.955712972093178,29.481859624181848,1.8354152240103203,-0.0698002910532874,-0.020417393073240902,0.9929743257798407,0.0933436541551697,orbslam3_map,base_link
1723528407.9230144,12.491908360145697,29.66533550753263,1.7997566670470038,-0.07019089874238023,-0.02044841908541111,0.9929842261894322,0.092937755673455,orbslam3_map,base_link
1723528408.056405,12.109255125201347,29.822588331920052,1.761426352966284,-0.07132723465369237,-0.0209931342442536,0.9929379052836533,0.09244474112771682,orbslam3_map,base_link
1723528408.2564914,11.552031409708544,30.054207058318426,1.7247307114785517,-0.07318883366571086,-0.022270371568810485,0.9928974483032763,0.09111576334357724,orbslam3_map,base_link
1723528408.423229,11.07818297757396,30.234902136428172,1.6807122393597136,-0.07462179846589395,-0.02199904268909817,0.9928861825938975,0.0901368832864568,orbslam3_map,base_link
1723528408.5566182,10.69786428806443,30.383358210117112,1.64844926158759,-0.07518835369886037,-0.022187922442143907,0.9930031259065553,0.08831307663968206,orbslam3_map,base_link
1723528408.723354,10.208353256257244,30.56040680762217,1.601682923932204,-0.07565999284698391,-0.023572109564471682,0.9931249246321889,0.08615570327833111,orbslam3_map,base_link
1723528408.8900917,9.739263399303535,30.737010835867284,1.5661372287956103,-0.07609520729528978,-0.024090278769041868,0.9932768817795138,0.08384637152484617,orbslam3_map,base_link
1723528409.0234816,9.36506031817365,30.879844213538266,1.5275951152148552,-0.07374644394928832,-0.02539900218488677,0.9936489191671035,0.08110596852817699,orbslam3_map,base_link
1723528409.2235668,8.801446700616431,31.086684295689768,1.485137927340816,-0.07076262787052831,-0.025338379930481155,0.9940867221843114,0.07837222579592493,orbslam3_map,base_link
1723528409.3569558,8.418944454175918,31.24246154333345,1.4520796663031228,-0.0693215453659752,-0.02556698982707923,0.9943899976417622,0.07569270089824628,orbslam3_map,base_link
1723528409.557033,7.854913716216818,31.436791535466515,1.4133108645055494,-0.06941571785968198,-0.024584440108812604,0.9945789549607997,0.0734150241275234,orbslam3_map,base_link
1723528409.6904182,7.463476487178984,31.581235356315954,1.3824113458719456,-0.06980925475112557,-0.023116980698602133,0.9946384275003544,0.07270950208944549,orbslam3_map,base_link
1723528409.8571494,6.997008466369592,31.753197894102545,1.3419021339881128,-0.07015228380810297,-0.0228321739783268,0.9947299606448806,0.07120150492345706,orbslam3_map,base_link
1723528410.0238817,6.510087428683432,31.925736396294493,1.3027322054021013,-0.06887064067994587,-0.02160238275421302,0.9949234430048696,0.07012499177191017,orbslam3_map,base_link
1723528410.1906128,6.020979657233859,32.11116073621413,1.263405573713113,-0.06781884032467157,-0.02144048216541107,0.9951076913794563,0.06856816447142468,orbslam3_map,base_link
1723528410.3239982,5.5638260848141385,32.27470849960338,1.233395346134997,-0.06658912345044173,-0.020221302632208112,0.9953080399989709,0.06722271246658783,orbslam3_map,base_link
1723528410.4573956,5.188048525063373,32.42344006212994,1.2059827884244294,-0.0671725877690932,-0.019668753632850724,0.9953412588736116,0.06630808372157837,orbslam3_map,base_link
1723528410.5907972,4.7939319898841575,32.57092808553696,1.1804230373484739,-0.06905782369984215,-0.01906071366540129,0.9953370976947257,0.06458922613754688,orbslam3_map,base_link
1723528410.7575502,4.288433061346525,32.7607490689053,1.1476380685802443,-0.0699301748342472,-0.017964466530072092,0.9954029111608542,0.06292927015656759,orbslam3_map,base_link
1723528410.8909533,3.8902911904700757,32.921253499883164,1.1047438779464662,-0.06999179402204782,-0.017875587470768322,0.9954869790016643,0.06154093580934869,orbslam3_map,base_link
1723528411.0243566,3.5101668146484686,33.028915651787436,1.067621333882869,-0.06987651112262977,-0.017383349197396217,0.9955224006064266,0.06123922154002293,orbslam3_map,base_link
1723528411.1577609,3.1747437249015613,33.089728639560676,1.0658806390801372,-0.071075898494471,-0.016472112973551934,0.9954057557020036,0.062002158532693585,orbslam3_map,base_link
1723528411.2911656,2.792310078544787,33.22706743719352,1.0332916805903947,-0.07100132201883369,-0.015048226014057527,0.9954315672626086,0.06203513570964719,orbslam3_map,base_link
1723528411.424558,2.403558309307515,33.34826419201286,1.0062057020146038,-0.0706939876351267,-0.01472538740450079,0.995444410834881,0.062257112169041444,orbslam3_map,base_link
1723528411.5912812,1.9151146798080458,33.5305699917541,0.9618952755355157,-0.07058642474776858,-0.015144977091437185,0.9954580264396421,0.062060485875635986,orbslam3_map,base_link
1723528411.7580056,1.3707706927250927,33.7687264497476,0.8885420013226935,-0.06979731735411303,-0.015599572064777146,0.9955072649329749,0.06205057056331371,orbslam3_map,base_link
1723528411.9247289,0.9085992667291953,33.938303846396686,0.8683764945835037,-0.07096554486530417,-0.015572057754951131,0.9953823087801028,0.06273325933537181,orbslam3_map,base_link
1723528412.0914528,0.40066279680334227,34.135558724090906,0.821927721448634,-0.07025404191310175,-0.015191337904285392,0.9953930876794487,0.06345229584123435,orbslam3_map,base_link
1723528412.2248316,0.018468448640579727,34.29059901639292,0.806121257814759,-0.06715901586164741,-0.011481127072086018,0.9955572092013915,0.06498994935208581,orbslam3_map,base_link
1723528412.3582098,-0.36503495173103584,34.42035659666336,0.7845308355317818,-0.060493357656070945,-0.011549498772790151,0.9958852323483003,0.0664813263117097,orbslam3_map,base_link
1723528412.524941,-0.8497341782891019,34.588361046386275,0.759963138415223,-0.05177142944772959,-0.017815369609369094,0.9962341904091578,0.06722923142822805,orbslam3_map,base_link
1723528412.658326,-1.2350887556959238,34.72155501966369,0.7343800146543402,-0.04734798378362169,-0.02143052260933851,0.9962843423259417,0.06867612662696053,orbslam3_map,base_link
1723528412.8250573,-1.710313485864245,34.91199728802678,0.7204731126993684,-0.0440660456627301,-0.019132949733948173,0.9965244301651965,0.06805272910074002,orbslam3_map,base_link
1723528412.991788,-2.2069298294034114,35.121619983811016,0.7049037519268984,-0.04537660550296664,-0.011830708236350507,0.996443558600954,0.07000880329159781,orbslam3_map,base_link
1723528413.1585188,-2.6984077561600257,35.29862229615707,0.6763816910909541,-0.04970924278080535,-0.015926430787724457,0.9961202737640829,0.07085012477541139,orbslam3_map,base_link
1723528413.325249,-3.166746244263975,35.45810568841176,0.6596666115230534,-0.05218593541919233,-0.019087396437643633,0.9958766766702306,0.07170735182610581,orbslam3_map,base_link
1723528413.4919853,-3.632156907363417,35.62912164855684,0.6352180544393498,-0.05548063747226442,-0.018135710681601483,0.995633556481317,0.07284789682694066,orbslam3_map,base_link
1723528413.6253753,-3.9971903802296995,35.77432205829911,0.6184420220610968,-0.055291759812541155,-0.016614366674111297,0.9956059592329051,0.07372623723463456,orbslam3_map,base_link
1723528413.7587647,-4.361636686389598,35.92207451393899,0.6013099688285732,-0.055723986773711105,-0.01552635274065108,0.9955455443611451,0.074450243594548,orbslam3_map,base_link
1723528413.8921545,-4.701758095097504,36.02057372336606,0.591656808687375,-0.05885000044038926,-0.013732971519280776,0.9953087786394662,0.07555473581868188,orbslam3_map,base_link
1723528414.025544,-5.058423525821869,36.15123592168316,0.5714825234300547,-0.05982273728960444,-0.013973996762002611,0.9951043927481134,0.07741585787862197,orbslam3_map,base_link
1723528414.1589336,-5.426200461959092,36.29634752768189,0.5506160249616538,-0.0586704221875491,-0.016426143609628033,0.9950568003145436,0.07842147355305937,orbslam3_map,base_link
1723528414.2923229,-5.777028431512936,36.42233835297851,0.5300059470322541,-0.05964813162185448,-0.016692344573844477,0.9949215950629455,0.07933779492810666,orbslam3_map,base_link
1723528414.42571,-6.146542011546127,36.58579265276576,0.5134313518306877,-0.06077170429063011,-0.013780894597246098,0.9948632532968686,0.07977464598030126,orbslam3_map,base_link
1723528414.5938838,-6.547895712382984,36.74751564343009,0.4993276485983007,-0.05745991951960772,-0.011856882253028935,0.994967525165459,0.0812243550799859,orbslam3_map,base_link
1723528414.931113,-7.440418595434829,37.121887631856545,0.4567795707799503,-0.054121648237397194,-0.00970832794795107,0.9949531728496249,0.08393318412277158,orbslam3_map,base_link
1723528415.0660684,-7.7950303847679985,37.268786132954894,0.4313504577085682,-0.05389462905385411,-0.009886109514686992,0.9949339814211959,0.08428526805544574,orbslam3_map,base_link
1723528415.234814,-8.250685456189903,37.462239265686726,0.410121803185454,-0.055335530212098735,-0.00841141224048107,0.9947294096864335,0.0859105857572052,orbslam3_map,base_link
1723528415.4036152,-8.721210292698931,37.63961632666873,0.37774993007282287,-0.0578058908464956,-0.007697996287027397,0.9944791477682079,0.0872378615672519,orbslam3_map,base_link
1723528415.5377648,-9.077835564959631,37.78763710114945,0.3610415336161945,-0.05840728255783008,-0.006257985499708574,0.9943705938680283,0.08818474364786698,orbslam3_map,base_link
1723528415.704307,-9.52111309827131,37.97650956177104,0.33562915045481106,-0.05856698482752905,-0.007128741193573288,0.9942964556535856,0.08884620201181691,orbslam3_map,base_link
1723528415.837535,-9.877716624537268,38.10796114558202,0.31257806046106956,-0.05849214783777448,-0.011515232037529686,0.9942058749843438,0.0894468904940877,orbslam3_map,base_link
1723528415.9707575,-10.22868052973718,38.23675882180554,0.28753539640808723,-0.05813550663938177,-0.014285912843368491,0.9941273011864374,0.09015034441301138,orbslam3_map,base_link
1723528416.1372783,-10.670088186958417,38.419770513791235,0.265746555353031,-0.05766576542670977,-0.01456142831674547,0.9940428226942768,0.09133176311186943,orbslam3_map,base_link
1723528416.2704895,-11.03200421695518,38.56541914201891,0.24117847295974726,-0.058452904690664914,-0.014521289031332802,0.9939107050533801,0.09227079970600348,orbslam3_map,base_link
1723528416.4369967,-11.484615081583776,38.74155160881135,0.21181681615127967,-0.05972486521410404,-0.018036992875735396,0.993629916568707,0.09384666356787624,orbslam3_map,base_link
1723528416.6035635,-11.931607657647337,38.92059840209476,0.17760292306065606,-0.06532817299724077,-0.026397760066729968,0.9929446002301315,0.09537509606876589,orbslam3_map,base_link
1723528416.7701411,-12.381652992537433,39.109211438089474,0.1451021294538523,-0.07147398686521042,-0.025465262555264868,0.992229368551779,0.09860968404736414,orbslam3_map,base_link
1723528416.903399,-12.73383014483053,39.28175555410141,0.12036330538012646,-0.07249605071393148,-0.019542655107378046,0.9919586747524453,0.10188422275116864,orbslam3_map,base_link
1723528417.0366528,-13.085757786940832,39.4539533169312,0.09424105542654371,-0.07366194868373188,-0.01653984656438228,0.9916426027133174,0.10461978434168152,orbslam3_map,base_link
1723528417.1699033,-13.450108824317052,39.612973190369175,0.07760544247961626,-0.07531604139784323,-0.018514907971588473,0.9911439540873197,0.10778847047395686,orbslam3_map,base_link
1723528417.3031502,-13.815675133432158,39.76121586979879,0.037437760573140855,-0.07837856053994473,-0.02417723731767006,0.9904804051041198,0.11054786089359628,orbslam3_map,base_link
1723528417.4363935,-14.171872938180027,39.92711208265448,0.008090164628373864,-0.0794016739224667,-0.026370848514752264,0.9901206853216379,0.11252102481373169,orbslam3_map,base_link
1723528417.5696535,-14.513699675688482,40.13115418580821,-0.023878444001503962,-0.07493358303853977,-0.021042141550581393,0.9903349377393224,0.11479937937473342,orbslam3_map,base_link
1723528417.7029147,-14.872746626177388,40.324116605881365,-0.04757402632409391,-0.0743943651184754,-0.014273058449588965,0.9902134259403074,0.11721403213213387,orbslam3_map,base_link
1723528417.8694847,-15.346144524921701,40.5396928215388,-0.0940092136033488,-0.07629319300643682,-0.013695907753477472,0.9896091209531475,0.12110143904194338,orbslam3_map,base_link
1723528418.0027356,-15.698858117288427,40.69784530484058,-0.1386374093343249,-0.07646624233832978,-0.018257099190097645,0.9888983204968981,0.12609402773419928,orbslam3_map,base_link
1723528418.1692936,-16.147577578151846,40.93067040915644,-0.1742237298284951,-0.07913273982534916,-0.018040097088519443,0.9878036383850892,0.1328779002616698,orbslam3_map,base_link
1723528418.3025348,-16.514097059502767,41.14164433704594,-0.20936249089727588,-0.0790981213439558,-0.014939224492535172,0.9867871574244148,0.14061085560390293,orbslam3_map,base_link
1723528418.4357715,-16.862802778384097,41.34923974055304,-0.24093273870082554,-0.07779466620989375,-0.01441737806686644,0.9857623726107458,0.14836668717674287,orbslam3_map,base_link
1723528418.5691776,-17.224841342194242,41.57374753228816,-0.2735141192203331,-0.07768081897873923,-0.015201604287885771,0.9847948996144084,0.15464025117450586,orbslam3_map,base_link
1723528418.7359831,-17.651059396256016,41.84847388910939,-0.31222028947358793,-0.07534462087198139,-0.014193424689067419,0.9839824987421656,0.16093531921358117,orbslam3_map,base_link
1723528418.869428,-17.995352724032482,42.06346614269621,-0.34121039519829466,-0.07504863519394975,-0.012671163635376924,0.9835485224986461,0.1638274942077218,orbslam3_map,base_link
1723528419.0362346,-18.426295906162018,42.31817990377772,-0.38799537612465773,-0.0760305658392375,-0.013194835099075113,0.9832706299619585,0.16499732615738702,orbslam3_map,base_link
1723528419.20304,-18.848051349846838,42.589138961242035,-0.4182798147524046,-0.07567848167213236,-0.01495815101156872,0.9830963902223309,0.16604369503819907,orbslam3_map,base_link
1723528419.3364851,-19.200143818855487,42.80744668887574,-0.4514953543864997,-0.07605840520306983,-0.01480322644165979,0.9829362567707126,0.16683014898531534,orbslam3_map,base_link
1723528419.4699302,-19.536879171901468,43.02973669512317,-0.492558811288483,-0.07519626554309972,-0.014347771669003778,0.9829988591949603,0.16689189889839545,orbslam3_map,base_link
1723528419.6365793,-19.94070908193075,43.29687059042373,-0.5324744617838314,-0.0728042190803589,-0.01563335823456597,0.9833321958834206,0.16587023944487173,orbslam3_map,base_link
1723528419.7698097,-20.27101922095588,43.49530938972733,-0.5625741114436281,-0.07326195766282385,-0.016545214874808967,0.9836024930851045,0.16396669485271712,orbslam3_map,base_link
1723528419.93634,-20.683431275150156,43.74201999762414,-0.5945957995565975,-0.07425359939827436,-0.015428508784494137,0.9842601160569658,0.15962577496324187,orbslam3_map,base_link
1723528420.1028633,-21.09912343415823,43.9788618388688,-0.6377144739319235,-0.07306649202584964,-0.014137274157554988,0.9853450509098001,0.15348145122455062,orbslam3_map,base_link
1723528420.2360756,-21.437314331819785,44.15554320281376,-0.6642046136292762,-0.07222867137218313,-0.014727893697827758,0.9863238679380443,0.14741552060339536,orbslam3_map,base_link
1723528420.369283,-21.769329274659082,44.31421461957873,-0.6945633194159347,-0.07382001880097816,-0.016083274884882506,0.9872241276043611,0.14028704490796326,orbslam3_map,base_link
1723528420.5024848,-22.10739733939478,44.47398958612828,-0.7257050740280265,-0.07533162751633045,-0.017630804932695844,0.9880589621589123,0.1332433409616375,orbslam3_map,base_link
1723528420.6690245,-22.518461751956146,44.671649882756235,-0.758997249721555,-0.07455547212155288,-0.01776845553139948,0.9892591232054235,0.12446746851927863,orbslam3_map,base_link
1723528420.8355663,-22.933045652207884,44.85703033357187,-0.7988352638513084,-0.07219137891678755,-0.017472981398164156,0.9904359888934186,0.11627403680903242,orbslam3_map,base_link
1723528421.002099,-23.360798771300228,45.02172629277897,-0.8344689167414882,-0.07245074380684734,-0.01602794189784631,0.9913613182452684,0.1081514285035459,orbslam3_map,base_link
1723528421.1686244,-23.77533930081159,45.18050433253494,-0.8685184757598133,-0.07302608083799059,-0.015278156790259761,0.9921387506952661,0.10047123375062117,orbslam3_map,base_link
1723528421.3018384,-24.10499750688511,45.31121664439221,-0.9003782955361054,-0.0734258580015743,-0.01557005267862813,0.9927633917910257,0.09373934475926218,orbslam3_map,base_link
1723528421.4683475,-24.515948377259008,45.47349904101601,-0.931963021383292,-0.07341003318012693,-0.014674058245463147,0.9934834079971455,0.085943918211115,orbslam3_map,base_link
1723528421.6015651,-24.848803689955,45.6005223246187,-0.9566759346844392,-0.07375255825804067,-0.012757789391326123,0.9940650907413615,0.07894551494296329,orbslam3_map,base_link
1723528421.7680972,-25.2346452722341,45.74053371437138,-0.9908991715472882,-0.07287787698531059,-0.01116428357632263,0.9947856845600489,0.07046712433990943,orbslam3_map,base_link
1723528421.9013162,-25.561150308365796,45.852277698700895,-1.024523707399302,-0.0708118773004425,-0.01032479494198122,0.9954417915152908,0.06304535151318823,orbslam3_map,base_link
1723528422.0345294,-25.887393090123922,45.96401426620684,-1.0625064751806863,-0.07065172509559962,-0.010158444807103127,0.995918527618459,0.05523971475666427,orbslam3_map,base_link
1723528422.201038,-26.30081601549681,46.08646352730812,-1.095413456872687,-0.07199371311323416,-0.007213899393489047,0.9963421304060267,0.045466736255090026,orbslam3_map,base_link
1723528422.3342385,-26.637502782035046,46.19467531829708,-1.1181634529297222,-0.07332453539191433,-0.0039256850247648654,0.9966035535323208,0.03727544222939354,orbslam3_map,base_link
1723528422.4674335,-26.97038292281581,46.28311310945976,-1.1484169968988764,-0.07410741287552632,-0.002691523266895621,0.9968079726067599,0.029575544069404453,orbslam3_map,base_link
1723528422.6339502,-27.389027520519804,46.3739597725047,-1.1953453887453587,-0.07335523439331591,-0.005160709043768824,0.9971013796371817,0.01952473802375182,orbslam3_map,base_link
1723528422.8337808,-27.89545607956574,46.469010074035786,-1.243122899466894,-0.07228602568944063,-0.006512073696243032,0.9973320138474459,0.007821607328322896,orbslam3_map,base_link
1723528423.000296,-28.31964571632509,46.56354199954573,-1.279250197457905,-0.07098905007790784,-0.0039607540411351,0.9974652755439497,-0.0028091423058348433,orbslam3_map,base_link
1723528423.1335027,-28.658691631008118,46.61815940342765,-1.3136638955938231,-0.07116102988394188,-0.0023317228231023394,0.9974177752375669,-0.009404920769225514,orbslam3_map,base_link
1723528423.2667036,-29.00530701410314,46.669063530109746,-1.3488334642068356,-0.07028494152201824,-0.005064555329924231,0.9973917261426045,-0.01562440068715169,orbslam3_map,base_link
1723528423.3998985,-29.340674541751085,46.71157966508207,-1.3735186416059366,-0.07067054834242953,-0.00853552985519538,0.9972337004232052,-0.021395445013184862,orbslam3_map,base_link
1723528423.6996331,-30.117690341397207,46.82292822180097,-1.4429262861503114,-0.07154998413338899,-0.008721008147621315,0.9969286696857858,-0.03062305252469826,orbslam3_map,base_link
1723528423.8661675,-30.534292168154526,46.88996980169262,-1.4719532647202902,-0.07209963494564685,-0.00795373414860488,0.9968089435256868,-0.03332132741956703,orbslam3_map,base_link
1723528423.9993896,-30.88035030668712,46.93228728488266,-1.5061915936629915,-0.07207042952537106,-0.007990357675520348,0.9968027371408279,-0.033560551258870336,orbslam3_map,base_link
1723528424.1326063,-31.22919654893823,46.97816365837195,-1.540243314137257,-0.07299632308627092,-0.009482726914485625,0.9966017343746808,-0.036967522875195905,orbslam3_map,base_link
1723528424.2991202,-31.651826656184845,47.036652672059596,-1.5819130680779852,-0.0739115383424496,-0.008925100115756611,0.9964321336966855,-0.039754622680225234,orbslam3_map,base_link
1723528424.4656246,-32.07949827818434,47.0934568714505,-1.6184676486867207,-0.07398110289704694,-0.00828818885363223,0.9962387495527993,-0.04434474297070459,orbslam3_map,base_link
1723528424.6321502,-32.50478094863135,47.148284689209376,-1.6444713957348247,-0.07484118245126177,-0.005490433210779984,0.9959515024242335,-0.049489972432473266,orbslam3_map,base_link
1723528424.7653785,-32.84921912728613,47.18576455239422,-1.6757827193939994,-0.07499711387898282,-0.005240211316907812,0.9957405206656091,-0.05337404425147679,orbslam3_map,base_link
1723528424.8986013,-33.19087942190148,47.20596710001358,-1.7097232069188406,-0.07478812087108662,-0.00553550516489542,0.995581224138562,-0.05651655776764456,orbslam3_map,base_link
1723528425.0651217,-33.6258338093736,47.24543884512415,-1.7557196385216285,-0.07232165252972744,-0.007628654011120896,0.995439554943909,-0.061737141709186295,orbslam3_map,base_link
1723528425.2316344,-34.06002182153337,47.287553259930306,-1.794862415135285,-0.07281342869895611,-0.007753262404451614,0.995037940094329,-0.06736163074053686,orbslam3_map,base_link
1723528425.3981376,-34.51476473624031,47.311900900778845,-1.8438105358688892,-0.0731475228301399,-0.0072775187011368744,0.9946404201181462,-0.07271115658938629,orbslam3_map,base_link
1723528425.5313349,-34.87323333720414,47.323314466689496,-1.8761139880017281,-0.0736958762080961,-0.0063739453612749715,0.9943261424904263,-0.07644483638913051,orbslam3_map,base_link
1723528425.6646202,-35.22740457505986,47.34542110803769,-1.8978966960849086,-0.07418849639684354,-0.006044325632386721,0.9939631128210012,-0.08060312327205862,orbslam3_map,base_link
1723528425.8312209,-35.6868894271042,47.35346001279414,-1.945903932784394,-0.07446935524913535,-0.005735103931625557,0.9935409483158548,-0.08542720720767707,orbslam3_map,base_link
1723528425.9644964,-36.04793182034892,47.37925236688695,-1.984690553015188,-0.07341817015684926,-0.005845823869556438,0.9931779143433777,-0.09040591294071716,orbslam3_map,base_link
1723528426.1310844,-36.50010758819366,47.38290312668091,-2.0251980637943245,-0.07291375244789647,-0.005955918802211789,0.9927520446336506,-0.09534930314844726,orbslam3_map,base_link
1723528426.2976668,-36.95980306445643,47.38145097888522,-2.062803331941546,-0.07187999163482857,-0.006413447640479103,0.9923010138504182,-0.10065203626043565,orbslam3_map,base_link
1723528426.4309275,-37.32458184076612,47.38120859405574,-2.0970208786793707,-0.07197656931810935,-0.00653611576669516,0.9918962659623263,-0.1044913883048451,orbslam3_map,base_link
1723528426.5974824,-37.780729299114846,47.37350088373897,-2.1410277528667194,-0.07140751516919254,-0.006023156408132343,0.9913306421399484,-0.11012831751480806,orbslam3_map,base_link
1723528426.7307024,-38.16080132685121,47.371819644139386,-2.1797107210933437,-0.07127883591698579,-0.005125086790869874,0.990870543417507,-0.11431809665665274,orbslam3_map,base_link
1723528426.8639166,-38.52538423514718,47.36068274822457,-2.224976526014505,-0.07185229505903035,-0.004449378373961741,0.990365393941492,-0.11829555025422007,orbslam3_map,base_link
1723528427.0304272,-38.98327716599271,47.33506400215522,-2.257853801300858,-0.0734888892907872,-0.0049847752160121234,0.9896642624083517,-0.12304138685249569,orbslam3_map,base_link
1723528427.1636286,-39.342823702255544,47.309225771438555,-2.3014890757640036,-0.07344937904357822,-0.00675225904572514,0.989077891882424,-0.1276108126504653,orbslam3_map,base_link
1723528427.330122,-39.79876277533653,47.270414202345904,-2.3365288000747415,-0.07388438106291911,-0.0068787179146584145,0.9884009303549146,-0.13250427294370218,orbslam3_map,base_link
1723528427.4966073,-40.24545370517089,47.239257230970274,-2.377773644215683,-0.07289482106265678,-0.00563270479537561,0.9877115153498763,-0.13813247317044028,orbslam3_map,base_link
1723528427.6298287,-40.59513312572667,47.19457484437845,-2.429158524946648,-0.07078734840840084,-0.004585218043039311,0.9874523214016958,-0.14108876652380023,orbslam3_map,base_link
1723528427.7963622,-41.04220139578382,47.154719810721204,-2.4679836565452993,-0.07098571335973172,-0.004297353662969887,0.9865503344750725,-0.14717676038501493,orbslam3_map,base_link
1723528427.9295833,-41.40004901021449,47.101636404039326,-2.497505859218956,-0.071399796948841,-0.005061958843452345,0.9858530702285923,-0.15155912868972896,orbslam3_map,base_link
1723528428.0627983,-41.75266577332161,47.0569162326844,-2.5255381987839565,-0.0725402462749603,-0.0051481535780069166,0.9849256609275835,-0.15694856364894902,orbslam3_map,base_link
1723528428.1960075,-42.11265887350267,47.01328021683514,-2.5537999324068195,-0.07290476568638517,-0.005275602533210494,0.9839653913505583,-0.16269349028915603,orbslam3_map,base_link
1723528428.3625119,-42.57294679656946,46.9424431435534,-2.602628706523594,-0.07230986724898827,-0.003966651917367588,0.9826714911817224,-0.17062323754310332,orbslam3_map,base_link
1723528428.5290065,-43.00905376190728,46.85864752495464,-2.6420851910126673,-0.07217809515839858,-0.002461948810168047,0.9811867034315802,-0.17904444810278147,orbslam3_map,base_link
1723528428.6622312,-43.36072984218307,46.78782485187354,-2.677111863484108,-0.07153849334501729,-0.0023702106387931583,0.9796975431933506,-0.18726812310792748,orbslam3_map,base_link
1723528428.79545,-43.699558902201346,46.70142603232594,-2.707461919257743,-0.07124253613079691,-0.0025436467508854832,0.9780729796785378,-0.19568157125699281,orbslam3_map,base_link
1723528428.928663,-44.04272907388237,46.614993095154354,-2.7339774335853675,-0.07025428953361078,-0.0018548030809962869,0.9760636379857708,-0.2058170768173539,orbslam3_map,base_link
1723528429.0618703,-44.37961134293344,46.522503082057476,-2.7604805051280006,-0.0691783675055827,-0.0007536147734681496,0.973937531263174,-0.21600803395019827,orbslam3_map,base_link
1723528429.1950715,-44.717724917685466,46.425328909237884,-2.796525544670218,-0.06823943763724304,0.000421410815965088,0.9716570851085344,-0.22633097561373114,orbslam3_map,base_link
1723528429.328267,-45.09259345168068,46.310788135136136,-2.832751135569782,-0.06807632342959628,0.0001650618068406241,0.9687211766724596,-0.23863124022062623,orbslam3_map,base_link
1723528429.4947538,-45.51689518898552,46.15028859852166,-2.8668097989712082,-0.06794266930600142,-0.0009174390098923304,0.9647547343316492,-0.2542267778537651,orbslam3_map,base_link
1723528429.6280022,-45.85279834928724,46.006713194294484,-2.897529834632853,-0.0675433796540101,-0.001621345862528607,0.9611991527490751,-0.26745364431424107,orbslam3_map,base_link
1723528429.7957208,-46.26172176437426,45.83056300731032,-2.9332506039269903,-0.06885112961560837,0.0006623152316453836,0.9563327570817743,-0.28405411636088035,orbslam3_map,base_link
1723528429.9299166,-46.58147465886433,45.67547625132017,-2.9670342060468147,-0.06940975183270132,0.001874964058559273,0.9521168950661514,-0.2977451745870844,orbslam3_map,base_link
1723528430.0641308,-46.89140744299651,45.50499587561744,-3.0022128309897145,-0.06865276821516934,0.0015716983390405613,0.9478273708628705,-0.31129985901683915,orbslam3_map,base_link
1723528430.1983633,-47.20427704737843,45.31998719770553,-3.0299373284295257,-0.0687375261941925,-0.00022675616168441572,0.943033921247694,-0.3255182398123705,orbslam3_map,base_link
1723528430.3326137,-47.504438122264446,45.12940694471495,-3.0641164004683668,-0.06799371695546283,-0.0001271889481705746,0.9383507614756671,-0.3389316844374207,orbslam3_map,base_link
1723528430.4668825,-47.8073731420685,44.942539170621984,-3.0924619427010533,-0.0671822590158003,0.0009620685519763668,0.9333188036335837,-0.35270615146550993,orbslam3_map,base_link
1723528430.634741,-48.18445250230907,44.687556889832926,-3.116253154094187,-0.06667236999159601,0.003582023509940817,0.9266636273316982,-0.36991416026929513,orbslam3_map,base_link
1723528430.8018415,-48.533656962532675,44.42462841197956,-3.1499629590765275,-0.06580892538387594,0.004162074524658374,0.9199418425391505,-0.38646975149569396,orbslam3_map,base_link
1723528430.9707146,-48.86885247357518,44.147976851587416,-3.1785757316218928,-0.06524394884051056,0.0047600316668043215,0.9129312334386022,-0.40283635914661486,orbslam3_map,base_link
1723528431.1058805,-49.145800819968315,43.90804766078094,-3.206627011029786,-0.06439323149371594,0.004595275822396277,0.9069819696649535,-0.41619238565907735,orbslam3_map,base_link
1723528431.3087425,-49.5262797301458,43.556905638336374,-3.239313743985451,-0.0636834568823587,0.00382943850126515,0.898205124317158,-0.4349221854201927,orbslam3_map,base_link
1723528431.4778976,-49.83380279242329,43.24687721358844,-3.2737699469046917,-0.06297209357160005,0.0027869747775217286,0.8917229122752838,-0.44817072185282886,orbslam3_map,base_link
1723528431.6471477,-50.13833356680219,42.93442948276636,-3.3047713609446396,-0.06334358704296754,0.002614801877574468,0.885875583161288,-0.45957067350987385,orbslam3_map,base_link
1723528431.7826076,-50.3865522820276,42.675129660920774,-3.3271307508867216,-0.06361181911342513,0.003503422257282551,0.8816269801980927,-0.46762712740853657,orbslam3_map,base_link
1723528431.9490554,-50.6911547469471,42.34474506271968,-3.352379361909295,-0.06312913843233912,0.003987868909528128,0.8765539912414806,-0.47712881826712317,orbslam3_map,base_link
1723528432.1154919,-50.97912584352447,42.02232451695655,-3.382607953053424,-0.06184718038701242,0.00317824486541031,0.8722838863357238,-0.4850625183177915,orbslam3_map,base_link
1723528432.281915,-51.27281875606239,41.674157050310534,-3.420742869729727,-0.061385959371555464,0.0018440084733903574,0.869078758439477,-0.49084669221059335,orbslam3_map,base_link
1723528432.4150448,-51.501108297542125,41.40277035577832,-3.436854585444908,-0.060751767650948967,-0.0001357246736336147,0.8680345085715593,-0.49277306768433454,orbslam3_map,base_link
1723528432.548167,-51.73714921269334,41.132709140819905,-3.4584642369304843,-0.059920499581308906,-0.0003620830052484346,0.8673632803741878,-0.49405499945284626,orbslam3_map,base_link
1723528432.7145588,-52.03280294918517,40.814847250547565,-3.47629062942642,-0.06093635628237514,0.0006808809926055803,0.8661518992510759,-0.4960515944010817,orbslam3_map,base_link
1723528432.8476927,-52.275460057932726,40.53309929351903,-3.5075249279529643,-0.06112986835727614,0.0019337557467296528,0.8649644739911916,-0.4980922188877029,orbslam3_map,base_link
1723528432.9808455,-52.51112215564497,40.2734746662617,-3.527702159433261,0.06038948848563335,-0.00229080542954971,-0.8637679506256651,0.5002527254926913,orbslam3_map,base_link
1723528433.1139896,-52.74359239006986,39.98707417810589,-3.5551705013518022,0.059842566478399174,-0.0018025748073454229,-0.8625459833710949,0.5024241679415242,orbslam3_map,base_link
1723528433.247126,-52.99522317490949,39.70219934632359,-3.571114813999892,0.06046295904335232,-0.0010430229909785059,-0.860942451782402,0.5050952755725087,orbslam3_map,base_link
1723528433.4135349,-53.30303754865503,39.36481195824137,-3.591763372712836,0.061458317527318916,-0.001318569534708622,-0.858639125559783,0.5088811144452353,orbslam3_map,base_link
1723528433.546653,-53.541927527380054,39.0847817349298,-3.6177631904736023,0.06087206987866494,-0.0020950511444077493,-0.8572554808443164,0.5112760921769852,orbslam3_map,base_link
1723528433.6797633,-53.77772563361818,38.79574664043114,-3.6398194656589515,0.06028925136989434,-0.002296146757859698,-0.855878286965915,0.5136460763790713,orbslam3_map,base_link
1723528433.8128831,-54.025267052223825,38.50281923605645,-3.650835026014575,0.06101651129550701,-0.0019465265314786233,-0.8540778059883537,0.5165503825396974,orbslam3_map,base_link
1723528433.9460409,-54.266654820624765,38.19986162554873,-3.6739624664171755,0.0621921418938833,-0.0023050878931383653,-0.8523361779259306,0.519278214308161,orbslam3_map,base_link
1723528434.245619,-54.806093260055086,37.507058271687995,-3.7244069425207504,0.06060955980835441,-0.0031835801506633833,-0.8489716848734965,0.524941353257979,orbslam3_map,base_link
1723528434.4120338,-55.12578069701327,37.09292164828758,-3.764483696554242,0.06031373073191928,-0.004457444982160564,-0.846832110131179,0.5284106001209697,orbslam3_map,base_link
1723528434.5784378,-55.42834149089625,36.68403281671977,-3.807340763567466,0.05875987134372621,-0.004741250211266755,-0.8454519886415899,0.5307878417673901,orbslam3_map,base_link
1723528434.711552,-55.667684461217,36.34001467735317,-3.8382623478986355,0.05749907156368415,-0.003616807814965283,-0.8450445260835886,0.5315830362292491,orbslam3_map,base_link
1723528434.8780608,-55.99495245784526,35.90596886339042,-3.869027943176926,0.05764134902817301,-0.0030300726847282975,-0.8451119318652848,0.5314641249987284,orbslam3_map,base_link
1723528435.0446477,-56.316932711535564,35.50076911258612,-3.8904056887353375,0.0573988325863326,-0.002432190728108094,-0.8457449542724353,0.5304855613385764,orbslam3_map,base_link
1723528435.2445471,-56.70241032136858,35.004841233492584,-3.926449987604345,0.05754643229918215,-0.0019179725485881714,-0.8466469851269032,0.5290308233803245,orbslam3_map,base_link
1723528435.3778105,-56.9752676629094,34.67079482357657,-3.954798009726624,0.05820348168488864,-0.001519425543837326,-0.8470207759216191,0.5283614777999167,orbslam3_map,base_link
1723528435.5443861,-57.29673735887767,34.247973739461095,-3.9897173828661634,0.05968154680661319,-0.0018593251041377939,-0.8478416675273921,0.5268768002913947,orbslam3_map,base_link
1723528435.7109594,-57.56649779464583,33.842164508346,-4.018972641511889,0.06003631956822116,-0.0013630588436738316,-0.8491060203873942,0.5247978168258449,orbslam3_map,base_link
1723528435.8774738,-57.901361894485156,33.43548623489356,-4.039144821769631,0.05902040577278096,-0.00037050564489349004,-0.8501061329376577,0.5232934331422141,orbslam3_map,base_link
1723528436.010649,-58.172158621319774,33.080016155297,-4.071518350866603,0.05944661008535422,0.00017402729180290838,-0.8506885611636514,0.5222978481376102,orbslam3_map,base_link
1723528436.1438167,-58.459802081404824,32.73312140409083,-4.099601524156461,0.06027112974725832,0.0003755753444037156,-0.850975433785827,0.5217356236209805,orbslam3_map,base_link
1723528436.2769773,-58.74393707641153,32.41289960909501,-4.115924600927079,0.061392222681499777,0.00040160667002741657,-0.8512884457540293,0.5210938647038523,orbslam3_map,base_link
1723528436.4101305,-59.0150216252244,32.074389529355166,-4.138688019700017,0.06166577593664007,0.0011307343986374549,-0.8521585289633395,0.5196363103487756,orbslam3_map,base_link
1723528436.609847,-59.39651107827921,31.58917159806145,-4.187606645660336,0.06351661474076592,0.0015050034651067489,-0.8525803724162057,0.5187196576061943,orbslam3_map,base_link
1723528436.7429826,-59.7091453262289,31.225561618492907,-4.213127360945671,0.0628088553831787,0.0018954692286287129,-0.8530219563657637,0.5180781763786073,orbslam3_map,base_link
1723528436.8761635,-60.01496474841405,30.860314487581636,-4.242185696514242,0.06285565015212748,0.002908934611161985,-0.8534127762557111,0.5174237515488643,orbslam3_map,base_link
1723528437.0093536,-60.322694426090884,30.48804400953124,-4.272109021979943,0.06419474756253371,0.003226426776410797,-0.8535940293705808,0.5169582745043695,orbslam3_map,base_link
1723528437.1758327,-60.68873831363645,30.044702239361204,-4.309159744395493,0.06483949018310121,0.0034409526477763644,-0.8538172540719872,0.5165075962719649,orbslam3_map,base_link
1723528437.3090081,-60.990469080791485,29.68004716762506,-4.344164963173859,0.06460312387174767,0.0031637528425154456,-0.854098694263005,0.5160734904179761,orbslam3_map,base_link
1723528437.4754674,-61.35365018197894,29.23111081098704,-4.388076545342571,0.06204877261226018,0.0015555704648476903,-0.8547265142886442,0.5153543594361312,orbslam3_map,base_link
1723528437.6086278,-61.64573527441065,28.869592630715402,-4.418002271760494,0.06103333171359775,8.950708459313352e-05,-0.8547449258309914,0.5154474135880331,orbslam3_map,base_link
1723528437.7750704,-61.99932169550197,28.462820648280314,-4.4323395339529466,0.05508068185929587,-0.00282618873392984,-0.855697131884902,0.5145294448591916,orbslam3_map,base_link
1723528437.9415572,-62.34797055536623,28.007900017484392,-4.47008823158444,0.04689313482297627,-0.006537489575651118,-0.8561619471792435,0.5145337844483768,orbslam3_map,base_link
1723528438.1080341,-62.70595996520114,27.595973405168717,-4.492768832162462,0.039619665456915865,-0.010875685559082268,-0.8567450304371302,0.5141011130059756,orbslam3_map,base_link
1723528438.274499,-63.04977628914125,27.19480904581936,-4.506390356448791,0.03360341318274223,-0.012335657586477101,-0.8565334368471103,0.5148486318688791,orbslam3_map,base_link
1723528438.4076638,-63.30711866741579,26.87906042866736,-4.504774932600901,0.030174734267789206,-0.013308566029102483,-0.8566552943067257,0.5148340258941463,orbslam3_map,base_link
1723528438.5741105,-63.634575143977,26.486519298555212,-4.499829097094971,0.02862847263569188,-0.014037902235279875,-0.8561614453587754,0.515723692820635,orbslam3_map,base_link
1723528438.7405453,-63.96376901579052,26.094053071356555,-4.4951938155007785,0.026828760738870402,-0.01282196741864336,-0.8557089911332635,0.5166023008489453,orbslam3_map,base_link
1723528438.9070263,-64.27124747012455,25.717476281031445,-4.498523799809046,0.026209170514496807,-0.012788426385445617,-0.855596070816266,0.5168219220730611,orbslam3_map,base_link
1723528439.040213,-64.50495655873071,25.41430649205498,-4.500674808449346,0.028083417709636523,-0.011485675938487247,-0.8552275119601396,0.5173638020623894,orbslam3_map,base_link
1723528439.1733928,-64.74498195286259,25.106283673597638,-4.498661222629195,0.029754586385816278,-0.010131004751232438,-0.8551497224858637,0.5174272697337178,orbslam3_map,base_link
1723528439.3065655,-64.97459082636904,24.82205205624392,-4.495331291229628,0.02965923175143996,-0.008966377681736727,-0.8550984508788457,0.5175389582898866,orbslam3_map,base_link
1723528439.4730215,-65.24200654710869,24.48296230689353,-4.501336027057527,0.028285085370504854,-0.008988766647992615,-0.8548477480141818,0.5180294236187872,orbslam3_map,base_link
1723528439.6394672,-65.53961381566562,24.15004115787498,-4.497909262697614,0.029397037627340833,-0.009787755894356868,-0.8541704086810524,0.5190692891579437,orbslam3_map,base_link
1723528439.7726166,-65.75450332461732,23.872377570334063,-4.499678945551132,0.02980155899260079,-0.009629765254992007,-0.8539057095765997,0.5194845270604582,orbslam3_map,base_link
1723528439.9058728,-65.96499256724506,23.606249744499678,-4.49695647368626,0.029777208601602607,-0.010116978542014892,-0.8534629784515481,0.5202037187541908,orbslam3_map,base_link
1723528440.0724347,-66.21246572103834,23.307433720408262,-4.485334091021376,0.029722464033420815,-0.01094338949189756,-0.8529345902905224,0.5210560450125776,orbslam3_map,base_link
1723528440.2389896,-66.46059991103124,22.99034140925842,-4.490961981289005,0.028715421466139993,-0.010174374313946332,-0.8516209816335998,0.5232720232525006,orbslam3_map,base_link
1723528440.3722272,-66.64375946992355,22.73698942798053,-4.493486689847847,0.02842403470933497,-0.008624755527104167,-0.85111101788235,0.5241447539394155,orbslam3_map,base_link
1723528440.5054595,-66.83513324421486,22.476646085882663,-4.500146524075931,0.029745604233244276,-0.007439836865908689,-0.8501898389387534,0.5255826154102745,orbslam3_map,base_link
1723528440.6386862,-67.03107643589834,22.21240478413668,-4.5080421657004,0.03252699742305298,-0.006978945444207278,-0.8494546819360969,0.5266118419632928,orbslam3_map,base_link
1723528440.7719085,-67.22246869868162,21.968262478284448,-4.51293935827042,0.03816000551251182,-0.00603155210783677,-0.8480478690326937,0.5285094570464779,orbslam3_map,base_link
1723528440.9384186,-67.45891110083083,21.655488398834592,-4.518421833936984,0.045602621243328964,-0.004299277958638671,-0.8468095206081502,0.5299203269852618,orbslam3_map,base_link
1723528441.0716195,-67.63228980643476,21.406836649536523,-4.524775334346891,0.050580285807283173,-0.0004581452564006944,-0.8458300670296689,0.5310488889915536,orbslam3_map,base_link
1723528441.2048142,-67.88246436247968,21.060053784814627,-4.5243681379418055,0.05354807306620562,0.0016667031446707342,-0.8448187653489746,0.5323636723948754,orbslam3_map,base_link
1723528441.3380022,-68.0809388024973,20.795214176234044,-4.540293516443968,0.05605987454259119,0.003061924230081652,-0.8439664925947297,0.5334495988035124,orbslam3_map,base_link
1723528441.4711835,-68.28684007542611,20.522712192496517,-4.54924389594084,0.057363273209122295,0.005224562531898628,-0.8427183046527684,0.5352644372982851,orbslam3_map,base_link
1723528441.6376517,-68.52880610642319,20.20314783066815,-4.573845299236165,0.057936647288329576,0.00441576376854092,-0.8418593113683643,0.5365601045490723,orbslam3_map,base_link
1723528441.7708185,-68.71858536007183,19.92828024343352,-4.598232087746463,0.05671165216120217,0.004478294892724056,-0.8410774944389298,0.5379148461720802,orbslam3_map,base_link
1723528441.9040575,-68.92346537722855,19.649548349382513,-4.616739834980946,0.05649132324791626,0.004827160566284776,-0.8403209482622599,0.5391160661955672,orbslam3_map,base_link
1723528442.0372915,-69.26583877037453,19.219752377771684,-4.648294096801199,0.057500894896860326,0.0052935489109580776,-0.8389397745512956,0.5411521783212269,orbslam3_map,base_link
1723528442.1705203,-69.46171806998186,18.93081393722775,-4.675574516414234,0.057291645793398,0.006293722521119453,-0.8381726703517671,0.5423510219908311,orbslam3_map,base_link
1723528442.3037438,-69.68303784619496,18.63246032633649,-4.701199193615552,0.057861768502360855,0.006781492836386552,-0.8370395210403554,0.5440320462226667,orbslam3_map,base_link
1723528442.4702659,-70.02036694952257,18.15883820019738,-4.725647448270716,0.05841168665053062,0.006720296355727352,-0.8355194919715468,0.5463058584850978,orbslam3_map,base_link
1723528442.636781,-70.29627831073991,17.761229940149946,-4.753972418909625,0.0592438284514497,0.007644657003827322,-0.8338745275722579,0.5487121287850786,orbslam3_map,base_link
1723528442.769987,-70.54215476294202,17.391137321646692,-4.775702202814225,0.058430651957954154,0.00818153680901661,-0.8326141300225655,0.550701944661518,orbslam3_map,base_link
1723528442.9031801,-70.74700268499204,17.068568126591018,-4.805131853485862,0.057309489326295204,0.008955636195770098,-0.8316716450998947,0.5522297472522855,orbslam3_map,base_link
1723528443.036366,-70.97284687699005,16.739829585598013,-4.8307183051291975,0.056732078798120256,0.00947936808069444,-0.8304675686511617,0.5540895507358559,orbslam3_map,base_link
1723528443.1695447,-71.21910946417576,16.374844169359598,-4.8546548644735825,0.05828215927691236,0.008555551928844262,-0.8287305048205553,0.5565390757359999,orbslam3_map,base_link
1723528443.302716,-71.43532937315332,16.085306150992974,-4.8670860306835415,0.05774054942646787,0.00419102953669955,-0.8278815195783736,0.5579073881603962,orbslam3_map,base_link
1723528443.4691696,-71.70637212801992,15.681960470112013,-4.898739071087538,0.05504962323337759,-0.0009036297312712856,-0.8264925563260086,0.5602488525404327,orbslam3_map,base_link
1723528443.635613,-71.94622676525859,15.279669735683832,-4.924595431996358,0.05212953717880901,-0.0012356683868552998,-0.8252868102578268,0.5623012229149273,orbslam3_map,base_link
1723528443.7687597,-72.13852040389219,14.942092644453108,-4.9367418990322784,0.04912328690778473,0.0004526986060727624,-0.8236847771723343,0.5649159987130029,orbslam3_map,base_link
1723528443.9019294,-72.3686924445081,14.61719480372544,-4.956476700180476,0.05052031267436584,-0.0019322159358254117,-0.8215385113999202,0.5679070688375562,orbslam3_map,base_link
1723528444.0683806,-72.6419437846918,14.186337383920524,-4.969125286927745,0.05293627078288905,-0.007422577977699919,-0.8191364557347589,0.5711025507367857,orbslam3_map,base_link
1723528444.2348206,-72.90031275518237,13.768621786433304,-4.99383411861725,0.05339227408231952,-0.010209532417394059,-0.8173823639128693,0.5735251534853081,orbslam3_map,base_link
1723528444.3679636,-73.07667115872609,13.456638157715698,-5.009641420255451,0.052788905231093176,-0.00831477912402609,-0.8164994953773396,0.5748676108298075,orbslam3_map,base_link
1723528444.5343814,-73.31063299118101,13.058161073694517,-5.029641049975577,0.05143191965793563,-0.004265756557105662,-0.8150258415364502,0.5771216843864875,orbslam3_map,base_link
1723528444.6675072,-73.49914241619524,12.731375291341354,-5.043024863444812,0.049890676580576845,-0.004410302250673729,-0.8146967972660433,0.5777201728768362,orbslam3_map,base_link
1723528444.8006387,-73.6975849031544,12.423648194373765,-5.055491206730388,0.051123602809366994,-0.0052675587856971925,-0.813399182608728,0.5794311001246677,orbslam3_map,base_link
1723528444.9670887,-73.92837176418773,11.988622054066717,-5.075791495113674,0.0533848623128176,-0.006247839210349985,-0.812139114832699,0.5809828561496488,orbslam3_map,base_link
1723528445.1335254,-74.16930919128333,11.591432252086797,-5.10353882234319,0.05273439646702642,-0.006532625025720213,-0.8112621657159453,0.5822629188926647,orbslam3_map,base_link
1723528445.266666,-74.30786444398662,11.284756580484444,-5.1053401403167875,0.0549089508670108,-0.0037520270037413833,-0.8109123739665611,0.5825736444055495,orbslam3_map,base_link
1723528445.433081,-74.54194087548163,10.880217210175179,-5.1251695285221555,0.05670429506780443,-0.0014275788451283873,-0.8093238655737803,0.5846173667897817,orbslam3_map,base_link
1723528445.5994825,-74.77971659690985,10.485868263453217,-5.142251589466571,0.05733119366643709,-0.0027493317217240566,-0.807935901333943,0.5864683748878319,orbslam3_map,base_link
1723528445.7325954,-74.96813381148107,10.15547331587334,-5.170725028746493,0.0562860083006904,-0.003172562906867722,-0.807047275556749,0.5877895160094346,orbslam3_map,base_link
1723528445.8660302,-75.15867675149336,9.847210176729895,-5.180802748200283,0.056478992909273946,-0.002192941795242494,-0.8056110925048791,0.5897423861308698,orbslam3_map,base_link
1723528445.9997532,-75.34355972967887,9.52253176813067,-5.201667963599763,0.05664205482397656,-0.002603241633996857,-0.8044758994217073,0.5912727188091361,orbslam3_map,base_link
1723528446.1334958,-75.53137281496755,9.200379180882557,-5.214946051724497,0.056617487843450755,-0.0028442977857218417,-0.8032811251138557,0.5928961157540339,orbslam3_map,base_link
1723528446.2672584,-75.68094414249883,8.876310464387473,-5.224635874630576,0.05669767725830361,-0.00347765918211325,-0.8027793613009058,0.5935642984120897,orbslam3_map,base_link
1723528446.4010413,-75.84864704322916,8.570015313463443,-5.24513830854148,0.05696924072568128,-0.0036635515283053636,-0.801341798190352,0.5954766212660173,orbslam3_map,base_link
1723528446.6017528,-76.10564232180357,8.08085411541466,-5.270459052651803,0.05598609976449958,-0.002793280299778665,-0.7997706079888581,0.5976827994977424,orbslam3_map,base_link
1723528446.7690468,-76.32932045469212,7.67518456233998,-5.2965931876112045,0.05568037540044071,-0.0032120723684609096,-0.7984001793537657,0.5995385992529926,orbslam3_map,base_link
1723528446.9364305,-76.54874308201632,7.244686583756525,-5.323428761577111,0.05612082948970293,-0.004958125248479805,-0.7966880791403764,0.6017590664435605,orbslam3_map,base_link
1723528447.0703826,-76.71883707364759,6.910481624536712,-5.343535499328746,0.05560646773694492,-0.005353014482138185,-0.7959974073451178,0.6027166776202767,orbslam3_map,base_link
1723528447.2378635,-76.94032026913357,6.5034595222484946,-5.362373331828909,0.0554525623034605,-0.005275827494055504,-0.7939614145659494,0.6054109770715018,orbslam3_map,base_link
1723528447.405388,-77.16046759189497,6.087165476207954,-5.39687837032411,0.05746666843710309,-0.005477369879453672,-0.7924274263023453,0.6072284203508469,orbslam3_map,base_link
1723528447.5729585,-77.36300374673424,5.6579339835853135,-5.415085196369827,0.057783167455373714,-0.005471400313918882,-0.7912172430410455,0.6087745425458888,orbslam3_map,base_link
1723528447.7070463,-77.54339934777171,5.3264604625337535,-5.436546288688347,0.05737576966221977,-0.005449688352088642,-0.7901113777487622,0.6102477633752424,orbslam3_map,base_link
1723528447.8409739,-77.70759736958416,4.9082662933876104,-5.452662375142325,0.05721585433407805,-0.005308434481730583,-0.7896152924007213,0.6109057673185762,orbslam3_map,base_link
1723528447.9743562,-77.88569982391645,4.568231929551898,-5.46242442895924,0.05674693900432747,-0.004687673957791925,-0.7895740316292996,0.6110079043704414,orbslam3_map,base_link
1723528448.107738,-78.06802829378901,4.216731415311224,-5.487234684366742,0.055923777445412465,-0.004562226459865472,-0.789655483469842,0.6109794878978958,orbslam3_map,base_link
1723528448.2411199,-78.23674661563923,3.870216733107106,-5.505870522524004,0.05577642146748719,-0.004390687778183146,-0.7903828244536845,0.6100530333321291,orbslam3_map,base_link
1723528448.4078462,-78.44962544321224,3.431598993866496,-5.528389857248631,0.05608773711342802,-0.003948770166949526,-0.7907740370491384,0.6095202993245357,orbslam3_map,base_link
1723528448.5412276,-78.65733557245524,3.0051006539456404,-5.550305057431096,0.05607494825501213,-0.004699654904591624,-0.7910432813014759,0.6091666771334177,orbslam3_map,base_link
1723528448.7079542,-78.88329006206062,2.5885339169124864,-5.56669765898928,0.056327324754252096,-0.0035235256118946036,-0.791506192726846,0.6085497219852659,orbslam3_map,base_link
1723528448.8413386,-79.05906516887514,2.252112452746792,-5.582833380658626,0.05538589167997067,-0.0031043320864124328,-0.7919582309961,0.608050101951015,orbslam3_map,base_link
1723528449.009102,-79.28038037845147,1.7945762165213641,-5.6033034565661675,0.055573580948165446,-0.002648962657885603,-0.7926035030527887,0.607193747535235,orbslam3_map,base_link
1723528449.1433363,-79.44156611481463,1.4861832315926646,-5.6280979593808125,0.05618551838863469,-0.0040743208386696496,-0.7924942004515745,0.6072722039445931,orbslam3_map,base_link
1723528449.2775915,-79.61542942247809,1.1371777657801836,-5.648639569125472,0.05559827360291556,-0.003850278119202971,-0.7932584012681786,0.6063292143285143,orbslam3_map,base_link
1723528449.4118674,-79.79367793060385,0.7768104223616641,-5.66789107674509,0.056624965181165075,-0.0031154597536363913,-0.7940732726274478,0.6051706742130607,orbslam3_map,base_link
1723528449.5797417,-80.03440526828919,0.342206387586409,-5.688776640283833,0.05813771086888354,-0.004729999426376405,-0.7941067199404724,0.6049728514782599,orbslam3_map,base_link
1723528449.714064,-80.20571357731563,-0.027583830703471257,-5.703301106428269,0.05732710445026117,-0.003829548444827373,-0.7951147189005063,0.6037313321683963,orbslam3_map,base_link
1723528449.8484035,-80.40577480506879,-0.38047971579537476,-5.728167577738708,0.05565179133604685,-0.0037938017575936804,-0.795203491261696,0.6037713910699338,orbslam3_map,base_link
1723528449.9816847,-80.59787322040674,-0.7410282037816152,-5.7530398797663045,0.05545374684016238,-0.004756869478094788,-0.7948628683441082,0.6042311434227239,orbslam3_map,base_link
1723528450.1815991,-80.86804337961364,-1.2431003696579954,-5.775924624725507,0.05491301711019512,-0.00775379735058983,-0.7950447839843223,0.6040101246153278,orbslam3_map,base_link
1723528450.3481874,-81.10555439211106,-1.705954624888368,-5.779523408634481,0.054728352321879545,-0.005915479758022964,-0.7954994867923931,0.6034487393842195,orbslam3_map,base_link
1723528450.5147707,-81.33456355596215,-2.1704310189681664,-5.805231346696133,0.05474976100768583,-0.0033336647732470567,-0.7950330372309357,0.6040809714435098,orbslam3_map,base_link
1723528450.6813471,-81.5627667132331,-2.618291886385944,-5.823941445285902,0.0560052061897294,-0.0025067613058383014,-0.7947734583971368,0.6043114121501068,orbslam3_map,base_link
1723528450.8146045,-81.74806664591742,-2.970896928457801,-5.836525495573999,0.057073025535204054,-0.0041134933403429415,-0.7943409480886771,0.6047712022892446,orbslam3_map,base_link
1723528450.981217,-81.98614687521412,-3.425086424104944,-5.858171011031504,0.05673673835013283,-0.004328522950618449,-0.7933757644498288,0.6060669128026246,orbslam3_map,base_link
1723528451.1145115,-82.17215026403824,-3.7747844345211266,-5.893626603651183,0.05525641519636322,-0.003588764184917116,-0.7923682820146923,0.6075247772793776,orbslam3_map,base_link
1723528451.2478027,-82.35188646026826,-4.130486806647374,-5.916096718543072,0.05324145801152467,-0.003235771703704127,-0.7918604268428696,0.6083682612780823,orbslam3_map,base_link
1723528451.3810906,-82.53571042177687,-4.489771284444691,-5.922776873896128,0.05320603406645266,-0.003071280473485687,-0.7909915069866796,0.6095015349038213,orbslam3_map,base_link
1723528451.547695,-82.76150101368059,-4.941173995160382,-5.942639323668617,0.05479750792394725,-0.0023978672168095253,-0.7901039608340604,0.6105138937259864,orbslam3_map,base_link
1723528451.7476144,-83.03248198773446,-5.497863291037556,-5.967223683033446,0.056574793446532615,0.0004895545582249567,-0.7886317090458229,0.6122573646517299,orbslam3_map,base_link
1723528451.8808978,-83.21800138744011,-5.870106944019612,-6.003774661349282,0.05729069172886577,0.0002450414723352232,-0.7878129503252802,0.6132442188033105,orbslam3_map,base_link
1723528452.0141983,-83.4033383692071,-6.223316004139481,-6.0300759444782015,0.057779703913175384,0.0005556010823428745,-0.7868767889547499,0.6143989877330571,orbslam3_map,base_link
1723528452.1808202,-83.59570446467426,-6.625673195878015,-6.046245800423553,0.05874480115834127,-0.00043848114789907494,-0.7860881227504265,0.6153164383809847,orbslam3_map,base_link
1723528452.347436,-83.82264947576567,-7.043893246405469,-6.098704477726775,0.0575433008201025,-0.003036899217866491,-0.7852207121958037,0.6165289765392885,orbslam3_map,base_link
1723528452.5140476,-84.0221546395167,-7.49635457886993,-6.1157351879890305,0.055689597130427045,-0.0027231544857030197,-0.7845364030145937,0.6175709558795821,orbslam3_map,base_link
1723528452.6806533,-84.2252099753243,-7.927389749445037,-6.126686191321931,0.055272418133143646,-0.0014553652626965166,-0.7830898285230362,0.6194458508775635,orbslam3_map,base_link
1723528452.8139346,-84.39482880924342,-8.27976237047377,-6.147314037367807,0.056900926988114275,-0.0027709030069333765,-0.7819353878402864,0.6207508806658919,orbslam3_map,base_link
1723528452.947254,-84.556509028848,-8.626510693912035,-6.167725125454482,0.05598576696521345,-0.0052238323049864635,-0.7808595684842863,0.6221709088183891,orbslam3_map,base_link
1723528453.0805318,-84.70865737266354,-8.948078592225809,-6.185696082399015,0.05668449401377741,-0.0071402121031423375,-0.7794915235528488,0.6238019318812525,orbslam3_map,base_link
1723528453.2138062,-84.84046193652549,-9.252114497656406,-6.182465311401873,0.057356350863665646,-0.005406929153486876,-0.7774829673514764,0.6262597301528147,orbslam3_map,base_link
1723528453.347077,-84.95846142901702,-9.562201729269159,-6.197780788136796,0.05542382098622341,-0.0049223624895325365,-0.7763929331164863,0.6277881679528439,orbslam3_map,base_link
1723528453.5136604,-85.16131121508369,-10.00463350888612,-6.215825957899473,0.055473643589574496,-0.005535244027621531,-0.7737798016143153,0.6309967151690749,orbslam3_map,base_link
1723528453.6469226,-85.2992414898049,-10.328602554913381,-6.241484532670964,0.05531848755141938,-0.006594263226987207,-0.7709409720962823,0.6344654428499286,orbslam3_map,base_link
1723528453.780181,-85.42864018357164,-10.681968039034395,-6.26092699778826,0.05515489854214163,-0.007882092870117489,-0.7677678809620329,0.638301097243192,orbslam3_map,base_link
1723528453.9467747,-85.5502927674308,-11.098257100102945,-6.268031964791118,0.05313131397736525,-0.007451307986013736,-0.7645336836718546,0.642347093101137,orbslam3_map,base_link
1723528454.1134021,-85.70783529957261,-11.513229066108899,-6.284581666633892,0.05250712751735553,-0.00781715279451637,-0.7600894198626345,0.6476464834266816,orbslam3_map,base_link
1723528454.2466998,-85.83503641381797,-11.836249868892523,-6.300967680712776,0.053014556011546296,-0.00836193577535744,-0.7568618738514252,0.6513675143811646,orbslam3_map,base_link
1723528454.4133177,-85.95554990704777,-12.25862429656204,-6.30565625996981,0.05295977531096461,-0.008401813034064114,-0.7528820024722676,0.6559675007880353,orbslam3_map,base_link
1723528454.5466084,-86.05987504377332,-12.597755987571436,-6.302924271841664,0.05366212874929504,-0.008705787529973405,-0.7501227335913218,0.6590602929558569,orbslam3_map,base_link
1723528454.713218,-86.13451777831985,-12.930865325439573,-6.294694494027671,0.054653113816861776,-0.008005868805602926,-0.746389266200759,0.6632133944026471,orbslam3_map,base_link
1723528454.8798223,-86.32844735724402,-13.421536668140135,-6.318094224596289,0.055185305040704256,-0.007841122173160492,-0.7415661616101941,0.6685601894110608,orbslam3_map,base_link
1723528455.0797398,-86.47016989379647,-13.924839390839356,-6.346150139853885,0.055908610448481326,-0.008886862831394619,-0.7365315785666864,0.6740300325065649,orbslam3_map,base_link
1723528455.2130134,-86.56930058550294,-14.295228083974344,-6.3310537269385625,0.05546334727476863,-0.00901389127072248,-0.7330133538608614,0.677889364081551,orbslam3_map,base_link
1723528455.3796008,-86.65250803261617,-14.667819260279408,-6.357367816728918,0.053061284625060344,-0.009228813542812983,-0.7297460669141941,0.6815937256884008,orbslam3_map,base_link
1723528455.5461814,-86.77835406860932,-15.086678373470164,-6.374679443671687,0.05120700947340707,-0.009526279282490021,-0.7255916329723553,0.6861514951847975,orbslam3_map,base_link
1723528455.7127573,-86.88362393181167,-15.510464344252512,-6.379958311929815,0.049754531348233925,-0.008064279250039759,-0.72079336820569,0.6913149603192396,orbslam3_map,base_link
1723528455.8460133,-86.98679363730454,-15.89625196269936,-6.412751157262158,0.048514197362425925,-0.008634548421278468,-0.7168628285797272,0.6954707055142675,orbslam3_map,base_link
1723528456.0126462,-87.0547713780538,-16.306520373575584,-6.417460256946547,0.048121433128209185,-0.008401565351600363,-0.7131705933115632,0.6992863835432254,orbslam3_map,base_link
1723528456.1792932,-87.1395771840353,-16.76161679864018,-6.420289470001872,0.04776843018709613,-0.006804941709903117,-0.7088094715053112,0.7037478262489675,orbslam3_map,base_link
1723528456.3126085,-87.2387613344963,-17.149721242792715,-6.422569654561351,0.048613656653749324,-0.006281859903398818,-0.7045380348660593,0.7079713327882542,orbslam3_map,base_link
1723528456.4792492,-87.3157933959414,-17.589172097893588,-6.433836150921038,0.050388657155849184,-0.006110652214594595,-0.700321554906921,0.7120206197100578,orbslam3_map,base_link
1723528456.6125605,-87.38380042430306,-17.961589704434807,-6.444588260229574,0.051695828101905136,-0.0058554330350078145,-0.6964946787363525,0.7156734015965494,orbslam3_map,base_link
1723528456.74587,-87.41643010689774,-18.309196429279282,-6.445455583799668,0.05167029539405858,-0.005088240524763617,-0.6937218007243386,0.7183692320680458,orbslam3_map,base_link
1723528456.8791783,-87.45228790187178,-18.653264216490253,-6.458291728050886,0.05168022326917802,-0.004018998780003566,-0.689839661380788,0.7221040394276257,orbslam3_map,base_link
1723528457.0458052,-87.5202604719939,-19.12022336819983,-6.4823317560539,0.05188482917630044,-0.005458967724412649,-0.6848814682636999,0.72678438246958,orbslam3_map,base_link
1723528457.1791031,-87.57545370548026,-19.467126190978195,-6.482694159554678,0.0530331965598873,-0.006525033631189903,-0.6808598526281742,0.730462021653346,orbslam3_map,base_link
1723528457.3123987,-87.6136042818753,-19.866250857433094,-6.481773396025371,0.05339172250293475,-0.006999066848249467,-0.6768756857056336,0.7341250868428021,orbslam3_map,base_link
1723528457.4456913,-87.65350799291787,-20.226289979970108,-6.488282687954491,0.053467691970716706,-0.007323269113764797,-0.672772228415319,0.7378787870090165,orbslam3_map,base_link
1723528457.5789814,-87.68663919274714,-20.605841259635685,-6.497314623864431,0.053010492338331036,-0.007904283884492708,-0.668689874663582,0.7416072151218084,orbslam3_map,base_link
1723528457.7789114,-87.7287181754942,-21.21310961171009,-6.519126263411781,0.05079702049629842,-0.01006443919355795,-0.663061041731744,0.7467720031643075,orbslam3_map,base_link
1723528457.9455295,-87.75715916573613,-21.696666800110584,-6.527454480405321,0.049067230633192814,-0.00917435758066367,-0.6575808195336281,0.7517284774587518,orbslam3_map,base_link
1723528458.0788388,-87.76266041393478,-22.065380973031814,-6.517612370647506,0.04808633821798994,-0.00885606863811894,-0.6539252777570552,0.7549774865752094,orbslam3_map,base_link
1723528458.245473,-87.77012360099417,-22.560825166295533,-6.542428913916023,0.04667005814831583,-0.009762958297577708,-0.6489826662982242,0.7593076380243784,orbslam3_map,base_link
1723528458.445428,-87.79721675189025,-23.116299094967243,-6.541072933506241,0.04640920690998547,-0.00923822752512159,-0.6425191736033606,0.7648071340006151,orbslam3_map,base_link
1723528458.5787284,-87.79724288434019,-23.499334841430667,-6.538432020937859,0.045193107114736085,-0.008250417277942079,-0.6382046418368076,0.7684948593334949,orbslam3_map,base_link
1723528458.7453501,-87.79147569590513,-23.97783160672591,-6.545833651651585,0.04519079991052653,-0.007251853142699789,-0.6326798989256003,0.773059731020143,orbslam3_map,base_link
1723528458.9119883,-87.77338878630275,-24.457536937513005,-6.543163583119923,0.04672681937628648,-0.006392125123098338,-0.6271768266066435,0.7774477302397934,orbslam3_map,base_link
1723528459.0460408,-87.77269044921441,-24.884096017925163,-6.5498572361148355,0.04764810048506292,-0.006639915761472286,-0.6228681257251494,0.7808462511880847,orbslam3_map,base_link
1723528459.1808016,-87.74551608950604,-25.26688281018932,-6.5420104148847935,0.04744478430046411,-0.006257245924231632,-0.6188291939114892,0.78406649467949,orbslam3_map,base_link
1723528459.3492994,-87.71536280837887,-25.750792008008776,-6.545165090340195,0.046428455661075854,-0.006033559824584182,-0.6141485689836301,0.7878004378496688,orbslam3_map,base_link
1723528459.551567,-87.68478563157359,-26.334625460001313,-6.557245079552083,0.04553666418878886,-0.007721760836289871,-0.6082279490543687,0.7924175342666646,orbslam3_map,base_link
1723528459.686454,-87.65919579615567,-26.688840430069824,-6.559841047791585,0.04493407326967299,-0.009301833375737032,-0.6047499891434637,0.7950923566392939,orbslam3_map,base_link
1723528459.8213747,-87.64775817130068,-27.072687609502573,-6.569974351445201,0.044841459051567126,-0.009789463903141603,-0.6016169219676816,0.7974650394523565,orbslam3_map,base_link
1723528459.956329,-87.59343356236398,-27.452924124479168,-6.556650613768252,0.04519789513364753,-0.008403818587207689,-0.6005186670722612,0.7982880787074274,orbslam3_map,base_link
1723528460.090188,-87.57327341397477,-27.845880056353668,-6.571114235462739,0.04414142543673637,-0.008842393683786356,-0.5998228421786004,0.7988653858036032,orbslam3_map,base_link
1723528460.2586277,-87.5172628806112,-28.31855789693922,-6.560491518296005,0.04398883553112044,-0.007484373177584908,-0.6005230324641434,0.7983614807759853,orbslam3_map,base_link
1723528460.427116,-87.50862861122764,-28.772784928741235,-6.559995687945743,0.0457774367798074,-0.007304370322578415,-0.6009445390297306,0.7979453198474229,orbslam3_map,base_link
1723528460.5619428,-87.4762895083758,-29.15576251898821,-6.569395021105005,0.045713471161161805,-0.007326853135411591,-0.6017874824930044,0.7973132519231456,orbslam3_map,base_link
1723528460.7305217,-87.4419341453123,-29.575399481765043,-6.574381245945497,0.045815040240765964,-0.006320419625878819,-0.6025437526762094,0.796744664553432,orbslam3_map,base_link
1723528460.86542,-87.41548625970255,-29.9317081871595,-6.5810215181299005,0.04598877626778294,-0.006071668800773002,-0.6034698532427955,0.7960353657485856,orbslam3_map,base_link
1723528461.0003502,-87.40564273736142,-30.259267387430068,-6.574756424273765,0.04574567301126436,-0.006039763226267553,-0.6040278909294188,0.7956262700792849,orbslam3_map,base_link
1723528461.1348145,-87.38475731779285,-30.61891955339585,-6.583030940533791,0.04521548321646464,-0.00578579846465747,-0.6048239499279597,0.7950535039902464,orbslam3_map,base_link
1723528461.2678099,-87.3582081305349,-30.970070315660156,-6.584000794529776,0.04521082749677288,-0.005722684663565042,-0.6056749149142048,0.7944061488942349,orbslam3_map,base_link
1723528461.4007916,-87.33837376423219,-31.317343186085775,-6.587580204004067,0.044998530653249914,-0.005417365583851381,-0.6064796746502077,0.7938061404558153,orbslam3_map,base_link
1723528461.5337605,-87.32591707525259,-31.65635097613749,-6.586899451754577,0.044463760766259415,-0.00504467789936673,-0.6068350461439623,0.7935671061572976,orbslam3_map,base_link
1723528461.7331882,-87.28570513681434,-32.189408317595834,-6.5966967466350175,0.045484191430523,-0.005724358830562372,-0.608191858134746,0.7924651940271543,orbslam3_map,base_link
1723528461.8661234,-87.27721231513054,-32.52407363176294,-6.596594023447603,0.04568961486558978,-0.006353140498432876,-0.6085797338242432,0.7921507459301257,orbslam3_map,base_link
1723528462.032273,-87.26153742416011,-32.92418073578645,-6.601003569441031,0.04430685451176244,-0.007172293847629029,-0.6091636563188563,0.791773389717335,orbslam3_map,base_link
1723528462.198479,-87.24297462676307,-33.336061619691435,-6.592994245984824,0.043829645671278956,-0.008370692774843102,-0.6096202107301306,0.7914367266763341,orbslam3_map,base_link
1723528462.3647094,-87.21244647737882,-33.72760532411745,-6.602198518096329,0.04407294422164668,-0.007889889768135918,-0.6095525844954701,0.7914802410433092,orbslam3_map,base_link
1723528462.53092,-87.18663091858484,-34.13415673647709,-6.600920511126033,0.043326214777574874,-0.010514276759323883,-0.6091205717526861,0.7918234766442307,orbslam3_map,base_link
1723528462.6971092,-87.16618459655633,-34.52560652094804,-6.604519947141154,0.04366708923098973,-0.010379132201431508,-0.6075070256069067,0.7930451896147451,orbslam3_map,base_link
1723528462.8300464,-87.14494065352844,-34.82626430165604,-6.60463671276194,0.04556689622877706,-0.009078891665479507,-0.6054810745211681,0.7945022970960463,orbslam3_map,base_link
1723528462.9629703,-87.1245926454784,-35.13963518290675,-6.615664892653394,0.04714819505183763,-0.00757891821771719,-0.6037203034675898,0.7957646655155055,orbslam3_map,base_link
1723528463.1291423,-87.08279699568676,-35.4972396207012,-6.623324128542875,0.04774983814425986,-0.007129410044477661,-0.6004608734802229,0.7981953795211936,orbslam3_map,base_link
1723528463.2621686,-87.04977544905223,-35.79652761447415,-6.625491246593792,0.04577177899332622,-0.006149242657603546,-0.5969501170720202,0.8009479938112246,orbslam3_map,base_link
1723528463.3951833,-87.01658302569328,-36.071741823699256,-6.615163307567202,0.04459883167041421,-0.005866251645023817,-0.5935183418743011,0.8035623866035863,orbslam3_map,base_link
1723528463.5281863,-86.99282193988435,-36.353963470039204,-6.6138552609720245,0.04510308494273134,-0.00759320833519402,-0.5896951302520117,0.8063297763774385,orbslam3_map,base_link
1723528463.7276683,-86.95096249423914,-36.768874464282604,-6.618704325832297,0.0458088883105599,-0.013226129988480804,-0.5834501457493436,0.8107481376249643,orbslam3_map,base_link
1723528463.8606412,-86.91427937079845,-37.045557587085334,-6.6220693123119085,0.045263521615177695,-0.013989365598375266,-0.5778287153274115,0.8147818646755832,orbslam3_map,base_link
1723528464.0600789,-86.84088796627233,-37.46569488463547,-6.630736883474181,0.044250311872726114,-0.013226987979495853,-0.571682463513571,0.8191740459750977,orbslam3_map,base_link
1723528464.1933823,-86.77946564646474,-37.73503561484951,-6.62151475450107,0.04328028279095643,-0.010394088558178968,-0.566965073543554,0.822538379302955,orbslam3_map,base_link
1723528464.326697,-86.72128262093253,-38.006873594865404,-6.621197059681229,0.04304190736437447,-0.0089555315295049,-0.5620156561254221,0.8259573808226256,orbslam3_map,base_link
1723528464.460007,-86.66977300511584,-38.266871836892655,-6.619342600384297,0.04384771088874806,-0.009575259064518114,-0.5567207152985932,0.8294864301609078,orbslam3_map,base_link
1723528464.5933115,-86.61449335037703,-38.52112104814256,-6.625520887393251,0.04568756456926398,-0.011135041966987691,-0.5501403575813272,0.8337471104863945,orbslam3_map,base_link
1723528464.7266111,-86.56112698130464,-38.77232838373937,-6.623468373286948,0.04721112157563367,-0.013429654350190785,-0.5433251355343024,0.8380862434619942,orbslam3_map,base_link
1723528464.8599055,-86.47517604621711,-39.02167249755132,-6.617410802745102,0.045579144620413424,-0.01234600515314585,-0.5357588008653272,0.843049598201539,orbslam3_map,base_link
1723528464.9931946,-86.39611046005798,-39.281292026651805,-6.618531353726333,0.04462632347595713,-0.012577624449052418,-0.5272086807987408,0.8484699767856781,orbslam3_map,base_link
1723528465.1264787,-86.31727999367406,-39.51622313843362,-6.613656927770298,0.04410793428106204,-0.012894909027307333,-0.5195910554416159,0.8531783790976555,orbslam3_map,base_link
1723528465.259876,-86.22986654520079,-39.76026243913282,-6.609788898374712,0.044021608481302564,-0.01307556402327907,-0.5114667962361291,0.8580750806078347,orbslam3_map,base_link
1723528465.4266813,-86.1149793074959,-40.070765958747266,-6.606411532834404,0.043508572112784596,-0.014009959500883011,-0.5013360704289357,0.8640444836201221,orbslam3_map,base_link
1723528465.5935028,-85.98762929178791,-40.367873306395744,-6.598422924988844,0.0423438645629051,-0.014454928295986562,-0.49115511434862424,0.8699222412555193,orbslam3_map,base_link
1723528465.7603374,-85.86352413436005,-40.65695656300642,-6.588480127779466,0.04186606326727627,-0.014958740729185105,-0.480013792703847,0.8761336813730913,orbslam3_map,base_link
1723528465.9271882,-85.72001263324213,-40.93903219701988,-6.579070519478156,0.041317803615927684,-0.013971659035817284,-0.46909779048602485,0.8820685318098997,orbslam3_map,base_link
1723528466.0940526,-85.58482148196272,-41.21017268396548,-6.572629105565665,0.04065591134604926,-0.013722865066002204,-0.45729068300109266,0.8882814931582198,orbslam3_map,base_link
1723528466.260611,-85.43284735859424,-41.48444806308353,-6.564106350791097,0.03936173114628183,-0.013131069452799463,-0.4456968102757216,0.8942217747551449,orbslam3_map,base_link
1723528466.3936791,-85.31537781916406,-41.68666729960183,-6.55303536377201,0.03873398725316853,-0.012887779594495127,-0.4358913795805333,0.8990730162650721,orbslam3_map,base_link
1723528466.5267365,-85.1899054234675,-41.89412560883865,-6.543089127713729,0.03818225010766013,-0.013288254439169813,-0.42633199839052166,0.9036628603738345,orbslam3_map,base_link
1723528466.6597831,-85.04683847795947,-42.1108884828327,-6.535529909903805,0.03731161044354785,-0.013691408190781669,-0.41668029416662294,0.9081838588749961,orbslam3_map,base_link
1723528466.8260756,-84.87670152037228,-42.3621371484498,-6.521018598339617,0.037830397217420056,-0.014132950054379381,-0.4046775039148488,0.91356731475813,orbslam3_map,base_link
1723528466.9923522,-84.71628835347164,-42.605179464400656,-6.512275273887319,0.03949172359569663,-0.01557533355523644,-0.39234568983579765,0.9188376746843571,orbslam3_map,base_link
1723528467.125361,-84.57106134599489,-42.78988084968318,-6.502109052215489,0.036667254770340676,-0.014314498378498526,-0.3828836161103151,0.922957606869388,orbslam3_map,base_link
1723528467.2916944,-84.37583875638903,-43.00892447260031,-6.488770582738546,0.031118685079383795,-0.013988290048691437,-0.3715891003050624,0.9277701739735538,orbslam3_map,base_link
1723528467.4247656,-84.21809786332,-43.1903228195957,-6.473589628093449,0.026658317461412284,-0.01384743722088584,-0.3618573554784556,0.9317493423011786,orbslam3_map,base_link
1723528467.557826,-84.05946244515289,-43.36735282137822,-6.460183399186923,0.02458346787433937,-0.0141121058050193,-0.35265218878570015,0.9353250426037326,orbslam3_map,base_link
1723528467.6908762,-83.90810988588632,-43.53944160727639,-6.440939951505096,0.02395914527712963,-0.015334746895348523,-0.3428046632819301,0.9389759143489291,orbslam3_map,base_link
1723528467.8571749,-83.71245296515022,-43.75947200742885,-6.4253596274472145,0.023757715075488437,-0.016429865299877233,-0.3305862632817817,0.9433336382372932,orbslam3_map,base_link
1723528467.9902015,-83.5709862539078,-43.91533430812774,-6.408034607647024,0.024448623052596354,-0.022108404063927653,-0.320997561804321,0.9465062327403129,orbslam3_map,base_link
1723528468.1232173,-83.41151593488087,-44.08297780689577,-6.392794068298001,0.024270706309709317,-0.029397915937716946,-0.31325177875330623,0.9489046413953494,orbslam3_map,base_link
1723528468.2562885,-83.22422466258011,-44.22608166626616,-6.391709318026227,0.01771182242335031,-0.01966047773608407,-0.3038160447164674,0.9523631491896745,orbslam3_map,base_link
1723528468.389369,-83.03405287203935,-44.36905464290909,-6.375765343434269,0.011618260736954909,-0.012714780841214407,-0.29707703920482326,0.9546981633704466,orbslam3_map,base_link
1723528468.5224395,-82.87109883742033,-44.49667228420102,-6.360582697316887,0.008810606485317668,-0.01222276221265863,-0.28761343899883085,0.9576280525363277,orbslam3_map,base_link
1723528468.6554995,-82.70392261874895,-44.66204773371877,-6.336938176944522,0.009557748699136925,-0.015604278586978021,-0.278601495425896,0.9602324524176625,orbslam3_map,base_link
1723528468.8218095,-82.48890649645257,-44.842845631421184,-6.318475992672322,0.011214983092691923,-0.017454745114680547,-0.2673323750482564,0.9633810031748968,orbslam3_map,base_link
1723528468.9548466,-82.29406929174753,-44.99540916738127,-6.304168653189195,0.011158776866081098,-0.01728070975061986,-0.257665294774766,0.9660152455515393,orbslam3_map,base_link
1723528469.0878732,-82.1115752349585,-45.132537900935574,-6.283004328760643,0.013135985861326164,-0.013153278508745685,-0.24508203733933623,0.9693241109729617,orbslam3_map,base_link
1723528469.2542267,-81.8816716711925,-45.31971527394539,-6.243583412512795,0.018139488327687945,-0.017992671033920746,-0.23476482330630397,0.9717163683350377,orbslam3_map,base_link
1723528469.3873408,-81.68606521426658,-45.40250777932682,-6.255191879606454,0.004842946627734169,-0.02491279497846571,-0.22660892900864987,0.9736551195407307,orbslam3_map,base_link
1723528469.520445,-81.47117979975049,-45.516258667124816,-6.245586207809562,-0.003762760813902859,-0.020304166081031718,-0.2144692083150138,0.9765124377884505,orbslam3_map,base_link
1723528469.686811,-81.19827492451519,-45.69151427973411,-6.20771446700008,0.000597488170231432,-0.015536794695220828,-0.20334287384196414,0.9789841299409179,orbslam3_map,base_link
1723528469.8198934,-80.96853713736259,-45.83930550161595,-6.189383496240356,0.003794146695639258,-0.014407893599018118,-0.191190615212408,0.9814398431425088,orbslam3_map,base_link
1723528469.9529657,-80.75484696416476,-45.97822389531968,-6.1683670482137964,0.007231450583074071,-0.014891600136919538,-0.18042507127233587,0.9834494089805531,orbslam3_map,base_link
1723528470.0860286,-80.52458745420805,-46.096177348196115,-6.1548525327411845,0.007580153798329518,-0.014352016867820986,-0.17023261161765998,0.9852702262943148,orbslam3_map,base_link
1723528470.2523863,-80.20724002053754,-46.23301262971652,-6.128562476691321,0.002391372285614225,-0.01149835616298241,-0.15660956844590798,0.9875907615076841,orbslam3_map,base_link
1723528470.3854823,-79.95974940411638,-46.34128676506449,-6.105958019406134,0.0008398170083046188,-0.009388822342374667,-0.14460332559455563,0.9894448054082708,orbslam3_map,base_link
1723528470.5518382,-79.64146125774701,-46.48639338709146,-6.076938288984202,0.002896060628861552,-0.011116101966426418,-0.1303485029839992,0.9914016909808739,orbslam3_map,base_link
1723528470.6849115,-79.38974613964142,-46.59437360275177,-6.056500787637369,0.003386766110116605,-0.014654116635519528,-0.11837215750047962,0.9928553867556089,orbslam3_map,base_link
1723528470.85124,-79.04974409092921,-46.71259828542996,-6.036799593311148,0.0030545255180748636,-0.016568108656735702,-0.1035190713456732,0.9944847759101834,orbslam3_map,base_link
1723528470.984291,-78.7676595607154,-46.80981846778913,-6.0163035477002005,0.0008540648078052578,-0.014884133919210904,-0.09132082200952706,0.9957099178969161,orbslam3_map,base_link
1723528471.1173322,-78.48199544508415,-46.89692545288288,-5.997349198236642,-0.0023068595784169377,-0.01211046674002117,-0.07976367129287171,0.9967375641241314,orbslam3_map,base_link
1723528471.2836637,-78.11040020906403,-47.00460586872533,-5.969201898791819,-0.0032539574753016405,-0.012061329091629555,-0.06451677018862768,0.997838425029684,orbslam3_map,base_link
1723528471.416725,-77.79934369839208,-47.09180989550782,-5.942535560830934,-0.0030220301833750636,-0.010986238058874215,-0.05328225411839169,0.9985144822700108,orbslam3_map,base_link
1723528471.549775,-77.49634663781524,-47.16530684876633,-5.912806949930018,-0.002201456357803664,-0.00903449799832118,-0.041313850239760065,0.9991029462543836,orbslam3_map,base_link
1723528471.716072,-77.11051393947494,-47.26601525635941,-5.884240880824485,-0.0013623239687468706,-0.011163628105610756,-0.027192018592478447,0.9995669620419585,orbslam3_map,base_link
1723528471.8823502,-76.7079272374135,-47.333590069028645,-5.848502876082413,-0.0035541318761911534,-0.012864866351616239,-0.012404576097494804,0.9998339811449715,orbslam3_map,base_link
1723528472.0486124,-76.30801017154378,-47.40939717162476,-5.82110174726561,-0.0018516019108225136,-0.015618554233822007,0.002759465241168182,0.999872500714762,orbslam3_map,base_link
1723528472.1816747,-75.98071345007486,-47.45615873400784,-5.7957114201093,-0.0009525955910483078,-0.018051383472546957,0.015386498742771234,0.9997182081830888,orbslam3_map,base_link
1723528472.315288,-75.66079701914336,-47.48245448210255,-5.768957267266402,-0.001627269907685269,-0.018330701356352272,0.02726664706742223,0.9994587872134261,orbslam3_map,base_link
1723528472.4492714,-75.32587329842679,-47.50866717594029,-5.740123562769418,-0.00325974258214542,-0.017892203220416705,0.039958491225472945,0.9990358162354347,orbslam3_map,base_link
1723528472.5832663,-74.9939989185309,-47.52874844939854,-5.715755197575917,-0.0038516900842014297,-0.01822099058145887,0.05170199590655274,0.9984888900759009,orbslam3_map,base_link
1723528472.7507756,-74.58576225587748,-47.55041495966527,-5.670546012852147,0.00022644002342179993,-0.017300908311582163,0.06739407366314344,0.9975763961379585,orbslam3_map,base_link
1723528472.8847964,-74.23708738696372,-47.56283680026861,-5.641507100710031,0.004376998628544121,-0.014757370186438851,0.07867403738616738,0.9967815496634888,orbslam3_map,base_link
1723528473.052339,-73.81963815213805,-47.5347399558338,-5.6104979710173835,0.0010244146940399574,-0.01329536475928955,0.09243012971167168,0.9956298785050275,orbslam3_map,base_link
1723528473.1863856,-73.48680546668095,-47.50916936103607,-5.576939993345756,-0.002385987438636509,-0.013737385291033414,0.10400311179059293,0.9944792325871776,orbslam3_map,base_link
1723528473.353135,-73.07635733572835,-47.48854369348143,-5.544204541162402,-0.0035048761640614754,-0.01616531357635894,0.11920937627306065,0.9927313448706254,orbslam3_map,base_link
1723528473.5193262,-72.67902520977714,-47.45065618215077,-5.5076591773500665,-0.0024561153333001262,-0.017906598079869798,0.13405236461130374,0.990809408910106,orbslam3_map,base_link
1723528473.6854932,-72.26460288320666,-47.40686891863067,-5.46865502693183,-0.0017511215010521022,-0.018629900902902702,0.14908338256548836,0.9886475638005026,orbslam3_map,base_link
1723528473.8184104,-71.96221680150238,-47.35747401853091,-5.4298533637216115,-0.0036479594022918215,-0.018650863286280378,0.16004053896314435,0.9869274864848288,orbslam3_map,base_link
1723528473.951313,-71.65203407662888,-47.32129502199771,-5.388749561703989,-0.004649023444300422,-0.01858734982247293,0.17272622686592132,0.9847835028879462,orbslam3_map,base_link
1723528474.0842009,-71.34074859592775,-47.25269552061785,-5.355856661776634,-0.0053285138169989164,-0.017973207813544716,0.18336280620089082,0.9828665484405946,orbslam3_map,base_link
1723528474.250292,-70.95675520145866,-47.167911188572795,-5.329899473864518,-0.0064421706679528845,-0.01791383360418832,0.19766274622633362,0.980085216579125,orbslam3_map,base_link
1723528474.4170523,-70.6027363719478,-47.079773057839276,-5.291155343708458,-0.008509023378935924,-0.01561816325251782,0.21032895982416125,0.9774688732420286,orbslam3_map,base_link
1723528474.5846708,-70.27731845934653,-46.99207210135565,-5.260321070316946,-0.010154934120119934,-0.013498563619468395,0.22209007337769854,0.9748798210037563,orbslam3_map,base_link
1723528474.7523096,-69.98112797015264,-46.88990583207783,-5.240015534472193,-0.01068023734236196,-0.014212484163587311,0.23245672335028364,0.9724442449793511,orbslam3_map,base_link
1723528474.91997,-69.6864069406782,-46.794212077592576,-5.208900705745158,-0.010168744060326064,-0.014188899806650128,0.24262568544304092,0.9699629109042298,orbslam3_map,base_link
1723528475.0876503,-69.40797732641519,-46.701560036368726,-5.18097667910582,-0.010175201815034904,-0.01423413844818234,0.25304270970780873,0.9672968735783192,orbslam3_map,base_link
1723528475.22181,-69.19164842789114,-46.624062298711834,-5.161071493576902,-0.011490731902825355,-0.014456777587958472,0.2614834888503498,0.965031268778768,orbslam3_map,base_link
1723528475.3559828,-68.9677229478967,-46.52367002555845,-5.142198038713305,-0.012017773064064492,-0.014688870942475792,0.2689648816923789,0.9629629809173458,orbslam3_map,base_link
1723528475.5232322,-68.68181277415117,-46.41862348175959,-5.112385039757178,-0.01246918282642433,-0.014735843306301491,0.27960661298656675,0.9599205781604402,orbslam3_map,base_link
1723528475.6919801,-68.41909366992755,-46.30233626207566,-5.081308368169045,-0.013983860254992294,-0.015002300752051223,0.2898076756592702,0.9568651387491788,orbslam3_map,base_link
1723528475.8270407,-68.19682878051793,-46.19772317974748,-5.070339566711971,-0.014384859033523992,-0.015527031441635916,0.29734463237663183,0.9545355712188005,orbslam3_map,base_link
1723528475.9959438,-67.94286711067544,-46.0766136588982,-5.051253053670735,-0.012567718904884737,-0.016492408856260608,0.3069156897019255,0.9515108051443437,orbslam3_map,base_link
1723528476.19874,-67.63302569241272,-45.919174748022414,-5.015401893386019,-0.01302315369136048,-0.015938429966218325,0.3190970614641136,0.9474985114938761,orbslam3_map,base_link
1723528476.3340058,-67.43062871397636,-45.79476780111378,-5.00248691995022,-0.014463151008472484,-0.016033378508280023,0.32576590583898185,0.945203852419902,orbslam3_map,base_link
1723528476.5031571,-67.18173788445287,-45.6685990986221,-4.973541090003107,-0.013320368988444613,-0.016357198584814527,0.33576425002573357,0.9417098163601808,orbslam3_map,base_link
1723528476.6370785,-66.98807984450642,-45.54758303387051,-4.956426057758544,-0.012142252606791672,-0.016929147967610497,0.34264240189096135,0.9392348769488474,orbslam3_map,base_link
1723528476.7723174,-66.79601745478608,-45.43311069561029,-4.936429124163934,-0.012660776881426878,-0.017279204940865198,0.3500703298752431,0.9364784556765888,orbslam3_map,base_link
1723528476.9076188,-66.6198063536922,-45.31691262688961,-4.917108066176692,-0.0075262572240058275,-0.02014813233150668,0.35601335789342403,0.9342333205453545,orbslam3_map,base_link
1723528477.076834,-66.41083815965827,-45.192012893372535,-4.899314896325365,-0.0035421908639862183,-0.023874021769665976,0.3647251499436503,0.930802368372044,orbslam3_map,base_link
1723528477.246146,-66.19427122465804,-45.015613801581594,-4.886370944243269,-0.013184553216518338,-0.019338445843222796,0.37402870740365585,0.9271217385579954,orbslam3_map,base_link
1723528477.4155567,-65.99670296265914,-44.83921104081718,-4.871466695627617,-0.022926963002808887,-0.0179678316811353,0.3810303225664194,0.9241035681551482,orbslam3_map,base_link
1723528477.551155,-65.83809925243078,-44.73591783063856,-4.847073194557024,-0.021940197858990942,-0.01914416114888963,0.38803993861763597,0.9211824655568707,orbslam3_map,base_link
1723528477.6854026,-65.68795685643673,-44.629505798719435,-4.824324843000441,-0.01991026663292679,-0.02187915307139292,0.3941470158419214,0.9185711806095336,orbslam3_map,base_link
1723528477.8514638,-65.57337501051687,-44.48351947942799,-4.81321340991721,-0.023671784979941747,-0.025875341829774735,0.40404952841606684,0.9140645993953653,orbslam3_map,base_link
1723528478.017499,-65.38010792575399,-44.34227455690241,-4.8073416515984375,-0.019517822710758928,-0.020044771713546603,0.4111906204074996,0.9111199347026048,orbslam3_map,base_link
1723528478.1503072,-65.21980868636348,-44.237744591209044,-4.792888246613663,-0.013583899520743622,-0.011407160627818182,0.4218849713203636,0.90647582722003,orbslam3_map,base_link
1723528478.2830982,-65.07469837225389,-44.13713369864852,-4.7703565955995755,-0.006101317121022626,-0.0061639916579924545,0.427156306729226,0.9041362003358102,orbslam3_map,base_link
1723528478.4490616,-64.94060220667836,-43.9968700310455,-4.750647029648991,-0.008381508887213184,-0.00812949694477707,0.4345933687113198,0.9005510898668355,orbslam3_map,base_link
1723528478.5818133,-64.83977060221527,-43.85848065157257,-4.749950737135269,-0.01729815294961174,-0.015903273645944866,0.4387802574816463,0.8982871174831654,orbslam3_map,base_link
1723528478.7146595,-64.74135908552348,-43.719979432633,-4.74278797887322,-0.027087123145688136,-0.02213047268393592,0.44554602411645433,0.8945754693330775,orbslam3_map,base_link
1723528478.84752,-64.61572159784401,-43.58753222277196,-4.731681980641601,-0.028815789103700154,-0.021882338690466782,0.45318699485695746,0.8906808414040839,orbslam3_map,base_link
1723528479.046779,-64.42999860386826,-43.38605029340967,-4.693808924251077,-0.029730090599422377,-0.013901972829748071,0.46109649734800845,0.8867428471647172,orbslam3_map,base_link
1723528479.212799,-64.30593488783816,-43.2261321355074,-4.6746453555848895,-0.03273235828085584,-0.01745997246240869,0.4711400242895667,0.8812779468450417,orbslam3_map,base_link
1723528479.3455951,-64.18561739497609,-43.091644260277526,-4.6776876931920714,-0.025821008900562874,-0.024487711684474663,0.48316414608256864,0.8748062845088148,orbslam3_map,base_link
1723528479.478374,-64.03537926463741,-42.945512467151,-4.668622096383051,-0.01766651011058879,-0.02238994149104668,0.4932462958903929,0.8694220359129087,orbslam3_map,base_link
1723528479.6443717,-63.87675050062205,-42.720320076222976,-4.648007257690418,-0.020874609442539303,-0.019082912809567528,0.5058086024205779,0.8621819708371694,orbslam3_map,base_link
1723528479.843752,-63.70203339434815,-42.42425227495231,-4.623996200824674,-0.028328168441731638,-0.020582935362931425,0.5215710344802559,0.8524890108592473,orbslam3_map,base_link
1723528479.9766524,-63.57714413141255,-42.21310496309192,-4.612736588059916,-0.03043856783651146,-0.021472100277431107,0.5328926204387586,0.8453625834987324,orbslam3_map,base_link
1723528480.1095366,-63.44752082957765,-42.00889814246568,-4.599311696002636,-0.02966229244210673,-0.020228630613339873,0.5442208968770225,0.83817335099188,orbslam3_map,base_link
1723528480.2424052,-63.327751895341095,-41.797541752357894,-4.581074325110134,-0.029418195291652918,-0.019005577537664613,0.5556502969755316,0.8306780996747449,orbslam3_map,base_link
1723528480.3752577,-63.19421619328006,-41.568857299113624,-4.5683872507664045,-0.03011645359680554,-0.018100886735323854,0.5668223706740199,0.8230903700236266,orbslam3_map,base_link
1723528480.5080948,-63.08632118940224,-41.32637645709205,-4.551488823002328,-0.0326439629334752,-0.018079948863774137,0.576281883639217,0.8163986022295219,orbslam3_map,base_link
1723528480.674245,-62.93769786296176,-41.01707445938722,-4.535058926913422,-0.03572999825267006,-0.018661065337523108,0.5861831525469339,0.8091751624558622,orbslam3_map,base_link
1723528480.8072987,-62.80910663650896,-40.74962675543497,-4.5290882056679544,-0.037371006992489575,-0.019062218135465693,0.5920296818398925,0.8048235182303503,orbslam3_map,base_link
1723528480.973603,-62.63909660334296,-40.40824399243195,-4.508259443661894,-0.03797863506121498,-0.01892841464821569,0.598140916966798,0.8002666942013208,orbslam3_map,base_link
1723528481.139895,-62.4567852184287,-40.06046737191712,-4.497137482711062,-0.03720299643001969,-0.018169084591512605,0.6032093227453604,0.7965075858865488,orbslam3_map,base_link
1723528481.272919,-62.31481668932954,-39.78664552661558,-4.476915947022331,-0.03735365998918636,-0.017406491842134133,0.6063613265256294,0.7941206834110549,orbslam3_map,base_link
1723528481.405934,-62.18521521023867,-39.50087130617299,-4.454258103802584,-0.03833160968096457,-0.017705382838672536,0.6087157336540322,0.7922640738540625,orbslam3_map,base_link
1723528481.538941,-62.022468145455434,-39.20709753563456,-4.451816687702737,-0.03833523615958656,-0.017431797287331866,0.6118213146138678,0.7898741805478141,orbslam3_map,base_link
1723528481.70513,-61.84566717019665,-38.83331869906421,-4.433816537990841,-0.039127097114492596,-0.018249226700278297,0.6143816035015965,0.7878269361192481,orbslam3_map,base_link
1723528481.8380325,-61.71720483643443,-38.53530595284225,-4.422254166184357,-0.039886513734667846,-0.017970647717664868,0.6150166352375217,0.7872996000404285,orbslam3_map,base_link
1723528482.0041385,-61.52516936825988,-38.15343983063405,-4.398503219868914,-0.04028315494898048,-0.01842772691399046,0.6151036553586181,0.7872008507824456,orbslam3_map,base_link
1723528482.2034316,-61.29736872539348,-37.68799750480445,-4.377826508189846,-0.03904407678344955,-0.018829828955032626,0.6130816051474681,0.7888294765280113,orbslam3_map,base_link
1723528482.369481,-61.1020914929209,-37.31111773576936,-4.360334790199046,-0.038816083286944504,-0.018299728208905332,0.6118986693848667,0.7897711377549642,orbslam3_map,base_link
1723528482.502303,-60.95327690853461,-37.0073697781606,-4.344194202858304,-0.03895595395793165,-0.017900686111801387,0.6105085424431296,0.7908484802362078,orbslam3_map,base_link
1723528482.66839,-60.761108923256174,-36.632159943904846,-4.321164547466241,-0.0386614373687028,-0.017971310468866738,0.6091830008789032,0.7918828175309727,orbslam3_map,base_link
1723528482.8013356,-60.59357518465014,-36.29295078350282,-4.304803410553007,-0.03856250505085199,-0.01704107469826185,0.6077185466119193,0.7930325990028578,orbslam3_map,base_link
1723528482.934266,-60.428176505630645,-35.985431582979885,-4.287520854438555,-0.03846647917224155,-0.016073155303862906,0.6067956442991783,0.793763837497158,orbslam3_map,base_link
1723528483.0671816,-60.264598821385505,-35.67786557671964,-4.274930293281092,-0.03856052010382147,-0.015504081940310548,0.6057826899585816,0.7945439209251152,orbslam3_map,base_link
1723528483.2000823,-60.10035303827568,-35.349226735106754,-4.255331500937956,-0.0395935476795982,-0.014837258168452867,0.6046966034460762,0.7953327759705147,orbslam3_map,base_link
1723528483.3661861,-59.89929405377494,-34.95327597342479,-4.231854794384743,-0.04040237921626489,-0.014218015834918824,0.6030194919952174,0.7965757892713115,orbslam3_map,base_link
1723528483.499053,-59.73850167683413,-34.64937087961596,-4.214670636116366,-0.0396706150217009,-0.014575437763978905,0.6018248289416408,0.7975090433262516,orbslam3_map,base_link
1723528483.6320431,-59.55957889986341,-34.33573914915167,-4.197708923329246,-0.03875651859601199,-0.014154647199909259,0.6011397482940495,0.7980780546099046,orbslam3_map,base_link
1723528483.7654479,-59.3875973706016,-34.015453204451376,-4.1829280229678085,-0.0386543951656459,-0.01452326194392759,0.5996454079500227,0.7991997856114182,orbslam3_map,base_link
1723528483.9322052,-59.16823420834052,-33.61376301988507,-4.160955753485649,-0.03848369151736843,-0.016201885600656104,0.5979915302626494,0.8004140391849172,orbslam3_map,base_link
1723528484.1323054,-58.911467717141754,-33.16887816901715,-4.127597097152548,-0.03806681074291091,-0.01752109192300284,0.5963058815667213,0.8016627875027158,orbslam3_map,base_link
1723528484.2657006,-58.727234860363495,-32.849377257318544,-4.113578597898501,-0.037058461428452975,-0.016559007314297894,0.5952574654991136,0.802509202116021,orbslam3_map,base_link
1723528484.4657865,-58.454471146769976,-32.373557369499984,-4.081523011744367,-0.03698513047459431,-0.017305664212034107,0.5932557605741975,0.8039777463683232,orbslam3_map,base_link
1723528484.599172,-58.26081533788535,-32.042916755809685,-4.065861047487886,-0.036366809375153866,-0.017511633287729245,0.591934174427854,0.8049749878225299,orbslam3_map,base_link
1723528484.7655165,-58.020730839741525,-31.60923354217943,-4.042063390006583,-0.03775562228238031,-0.017176923734302945,0.5899585609066953,0.8063673869211211,orbslam3_map,base_link
1723528484.9315844,-57.77292713095565,-31.187276419169333,-4.013004479362156,-0.037174475203621896,-0.016960752624599604,0.5878848201630522,0.8079120184064588,orbslam3_map,base_link
1723528485.0644183,-57.60634412990526,-30.944248538312348,-3.989338290569057,-0.03705907265764717,-0.016661404970900857,0.5863918384395993,0.8090078086950567,orbslam3_map,base_link
1723528485.1972349,-57.40732441138772,-30.609980221233055,-3.9724400381576244,-0.03736345751308482,-0.017218096742416786,0.5848343552648521,0.8101088112649939,orbslam3_map,base_link
1723528485.3300333,-57.22730740385282,-30.293498005698485,-3.943190847541927,-0.03848894075629646,-0.018025625282419067,0.5822908597330568,0.8118688520592311,orbslam3_map,base_link
1723528485.4628143,-57.02573771312588,-29.99656143030363,-3.9120652775691296,-0.03756291074536155,-0.01940774372720843,0.5804654933076547,0.8131864351419397,orbslam3_map,base_link
1723528485.6287653,-56.77060875010135,-29.566836730697048,-3.8870550314502657,-0.036634840359316065,-0.0192566593024885,0.57773009726457,0.8151778973077137,orbslam3_map,base_link
1723528485.761669,-56.551325954290455,-29.245074409964452,-3.8815119625218513,-0.035872725860375834,-0.01869474467335195,0.5753569636630508,0.8169014741236419,orbslam3_map,base_link
1723528485.927841,-56.285544685209956,-28.838824676597483,-3.84286639916201,-0.03734279570418827,-0.01878731695121148,0.571701579380386,0.8193960315163493,orbslam3_map,base_link
1723528486.0607612,-56.063605871813664,-28.50439378431779,-3.818569890307077,-0.03668141857563376,-0.01812345135934585,0.5690549157774744,0.8212810218625511,orbslam3_map,base_link
1723528486.2268894,-55.80323167998549,-28.10543573839089,-3.797274043697879,-0.03487141158648281,-0.01803091775730447,0.5645610457795726,0.8244572131087645,orbslam3_map,base_link
1723528486.392995,-55.53052177882747,-27.724045787997714,-3.7710497834340613,-0.03451432689453861,-0.01894963085528132,0.5609375906419957,0.8269212127731507,orbslam3_map,base_link
1723528486.5258622,-55.31731173056467,-27.4223272134062,-3.747767761810972,-0.03511763196198008,-0.018212887180959064,0.5578242422090907,0.8290157763696481,orbslam3_map,base_link
1723528486.6587157,-55.09914978974251,-27.121138273061337,-3.718528773035744,-0.035324267225166635,-0.01731945979715692,0.5547316797050146,0.8310986680226318,orbslam3_map,base_link
1723528486.7915971,-54.86897048144001,-26.80582446797624,-3.6989342048526295,-0.03485590474291064,-0.016570848035972814,0.5518688405730051,0.8330373675319306,orbslam3_map,base_link
1723528486.9244611,-54.64198307299691,-26.47092739469295,-3.6809920506068545,-0.034239311358193386,-0.01744968814243956,0.5482839298409495,0.8354088281910916,orbslam3_map,base_link
1723528487.0573077,-54.39360162695559,-26.19046931530952,-3.6492703902479304,-0.03225166747687487,-0.017935634693203546,0.5455411073843743,0.837271188508803,orbslam3_map,base_link
1723528487.1901371,-54.14951105454758,-25.884589873479584,-3.62845396641901,-0.03070011806077615,-0.01866141717567801,0.5423410975077508,0.839389890464579,orbslam3_map,base_link
1723528487.322949,-53.90159158901873,-25.55785445874619,-3.602626783706735,-0.031863613476021985,-0.01889227279166931,0.5392794006935556,0.8413117853403785,orbslam3_map,base_link
1723528487.4889386,-53.60538549296472,-25.229312733670273,-3.562251937784315,-0.03198514706509792,-0.018028028574713174,0.535048091896203,0.8440233882489073,orbslam3_map,base_link
1723528487.654904,-53.27497547120861,-24.8010473692056,-3.5456360632026973,-0.03036930250923721,-0.016534758991444746,0.5316634302638568,0.8462495519232294,orbslam3_map,base_link
1723528487.8209794,-52.943701682447,-24.422569028821506,-3.514424209735897,-0.02791985650358568,-0.01519496688303974,0.5285312487115031,0.8483185213878699,orbslam3_map,base_link
1723528487.95382,-52.68683198497842,-24.113918095962347,-3.498661040754146,-0.02673706027043693,-0.015013222847374065,0.5262374348217326,0.8497846167942044,orbslam3_map,base_link
1723528488.086642,-52.431791104473014,-23.81153756972261,-3.480431005876377,-0.027805006152883026,-0.015249211033606989,0.5240393952188884,0.8511034340515331,orbslam3_map,base_link
1723528488.2526445,-52.10092660529337,-23.43857944339777,-3.4479297543840985,-0.027694235757349053,-0.013812727288139308,0.5214789494570139,0.8527027284721733,orbslam3_map,base_link
1723528488.3854256,-51.84393654535454,-23.136639795944117,-3.4322780747787798,-0.026879266628415603,-0.013841570595980485,0.5191709981632974,0.8541354638551665,orbslam3_map,base_link
1723528488.518188,-51.54449944335623,-22.853110061159317,-3.376947859627645,-0.027764686649802098,-0.014025004388778213,0.5176954888738061,0.8549992995475749,orbslam3_map,base_link
1723528488.684275,-51.215240060012206,-22.460131456090217,-3.3544903684316214,-0.027549590970198875,-0.015127543381856056,0.5156269643376593,0.8562365392323169,orbslam3_map,base_link
1723528488.817646,-50.93333646672031,-22.158819777731164,-3.33165895502706,-0.027633497506292654,-0.01514813138584795,0.5146593088653775,0.8568154525504887,orbslam3_map,base_link
1723528488.9510245,-50.693523882290734,-21.87744634906428,-3.291928549161994,-0.028531660406984818,-0.01506148238277337,0.5131916078154369,0.8576674587336637,orbslam3_map,base_link
1723528489.1177592,-50.34910142628715,-21.4887572997576,-3.2579996441659476,-0.028373629257024822,-0.01327085349327094,0.5125130314327297,0.8581079269077864,orbslam3_map,base_link
1723528489.251155,-50.0471364972533,-21.151541382885906,-3.250191535316037,-0.0276011947479923,-0.012371654624350093,0.5116955514427477,0.858634252079453,orbslam3_map,base_link
1723528489.3845584,-49.74704927862677,-20.849091625513317,-3.2193205672974057,-0.027200590004871805,-0.011693368927171119,0.5109911070522806,0.8590759463167413,orbslam3_map,base_link
1723528489.5179698,-49.552265728219886,-20.606503174076582,-3.188416533203262,-0.02847376506650529,-0.012027870440689705,0.5092588839180876,0.860058116749155,orbslam3_map,base_link
1723528489.6513877,-49.27801904114962,-20.369572758615117,-3.1440665787354773,-0.030995639885700338,-0.011407762921980657,0.5083898779737769,0.8604933847665537,orbslam3_map,base_link
1723528489.7843273,-49.01225403525166,-20.065508040351126,-3.1247371753014317,-0.030255976407745803,-0.013360508158802275,0.5069980484810365,0.8613124006710766,orbslam3_map,base_link
1723528489.917251,-48.73059083390523,-19.773169218636504,-3.105245575845295,-0.029140950160059593,-0.014873542687629413,0.5063694513623698,0.8616957476271196,orbslam3_map,base_link
1723528490.0501592,-48.41054137103687,-19.397573566704978,-3.0924051256552545,-0.027668501131679252,-0.015556182059944641,0.5062214102741309,0.861819205532642,orbslam3_map,base_link
1723528490.1830513,-48.140879734422704,-19.089597229497986,-3.064641332001988,-0.02845474768942186,-0.015741304131103907,0.5046501767591511,0.8627112713852421,orbslam3_map,base_link
1723528490.3491437,-47.800681357220945,-18.732380083105703,-3.025096483529951,-0.027803169341044123,-0.014467225218981155,0.5036490671952555,0.8633396204752829,orbslam3_map,base_link
1723528490.482,-47.52166010266372,-18.424314099758206,-2.996217136303925,-0.027462233250803957,-0.013157546372876777,0.5025956421017694,0.8639851418043217,orbslam3_map,base_link
1723528490.6480498,-47.175442322400144,-18.042759001297327,-2.96855466491194,-0.028653475995627467,-0.012947684436487163,0.5011316796818198,0.86479961574944,orbslam3_map,base_link
1723528490.7816489,-46.89856395762466,-17.733378993827642,-2.944994185246405,-0.02895878583786271,-0.012310494129223344,0.5003770424302431,0.8652356071416928,orbslam3_map,base_link
1723528490.915265,-46.57704094269596,-17.43010959821655,-2.923873072222566,-0.026803387029827076,-0.011067512473856919,0.5016326709763709,0.8645945593285227,orbslam3_map,base_link
1723528491.0488987,-46.27858752510255,-17.142165148619355,-2.895717840409344,-0.025407341658546585,-0.01159122647630244,0.5032526254693699,0.863687967623034,orbslam3_map,base_link
1723528491.1825495,-45.99872925993153,-16.837544441529072,-2.8748150963678145,-0.024951816655432325,-0.012586133940268886,0.5042895850052619,0.8630822733281295,orbslam3_map,base_link
1723528491.3162174,-45.69274980902181,-16.542443697660662,-2.831021403555391,-0.025847270607714568,-0.013124291335471468,0.5061692815533382,0.8619468255007676,orbslam3_map,base_link
1723528491.449903,-45.426696888106186,-16.223956366612544,-2.8191625298310523,-0.026226206699680364,-0.013404593668655752,0.5065338619565343,0.861716861644312,orbslam3_map,base_link
1723528491.5836058,-45.14432271372894,-15.90882437517881,-2.794926718895711,-0.026944185689644743,-0.012217676741658608,0.5073944763025372,0.861205889813947,orbslam3_map,base_link
1723528491.7508323,-44.79496913671371,-15.518129819451985,-2.77514548041931,-0.027105845310323583,-0.012075922844416625,0.5097004474681617,0.8598400427336611,orbslam3_map,base_link
1723528491.918152,-44.4439246467534,-15.12130324404831,-2.7395224143432424,-0.027258537303537726,-0.010927939292455289,0.5121600772845195,0.8583877955346331,orbslam3_map,base_link
1723528492.0520377,-44.17037298941969,-14.803697996700727,-2.7226875491422984,-0.02597596389355587,-0.012502500539994015,0.5138358539575892,0.8574040190993527,orbslam3_map,base_link
1723528492.2194319,-43.82669619291705,-14.406607772783595,-2.6955278227559125,-0.026410773950372026,-0.013420149247320521,0.5167466187782065,0.8556256790178827,orbslam3_map,base_link
1723528492.3533773,-43.573161463542704,-14.094208090970128,-2.6804122315652097,-0.027953601622506374,-0.01372931109246524,0.5185291284615677,0.8544926243743379,orbslam3_map,base_link
1723528492.4873497,-43.306860983605524,-13.768464493392628,-2.6507841418996367,-0.02710189821320708,-0.015008411100575875,0.5202098198222688,0.8534764074477746,orbslam3_map,base_link
1723528492.6213489,-43.04491721620108,-13.439357200780204,-2.626815311883304,-0.026039455624559213,-0.017905188174157056,0.5218850333031976,0.8524302687031621,orbslam3_map,base_link
1723528492.788661,-42.72042847133181,-13.06354966519789,-2.6039743103018513,-0.02590607080933639,-0.016471276551498003,0.5239788946759303,0.8511778254149811,orbslam3_map,base_link
1723528492.956199,-42.39766479875389,-12.650611156107438,-2.606442062864736,-0.025916449049043826,-0.014968608452247591,0.5255356145996122,0.8502450212833353,orbslam3_map,base_link
1723528493.0902686,-42.10886313227912,-12.30856185111816,-2.591279142670184,-0.02831529551617429,-0.014095111768664167,0.5278897386054993,0.8487237452428665,orbslam3_map,base_link
1723528493.2243724,-41.82187350439676,-11.93522122205863,-2.5462651681330346,-0.030211621219617263,-0.011048703336831228,0.5298109600657628,0.8475054753168569,orbslam3_map,base_link
1723528493.3585105,-41.58458973151594,-11.604775351223545,-2.5058692678897696,-0.029124274062095695,-0.00857283355992958,0.5313290103899613,0.8466213828525323,orbslam3_map,base_link
1723528493.5262325,-41.31712599261652,-11.20900941460684,-2.4828451856320184,-0.028289915584036634,-0.010972920333167907,0.5322709065295405,0.8460301163421025,orbslam3_map,base_link
1723528493.6940033,-40.96463929488926,-10.763303904466433,-2.465901580714858,-0.02787289848570159,-0.011020307119751698,0.5346503412230503,0.8445416904990942,orbslam3_map,base_link
1723528493.8273344,-40.62360330690017,-10.326954451247854,-2.41745425633094,-0.030915120410527148,-0.009709158023339616,0.5347207388592028,0.8444073181909005,orbslam3_map,base_link
1723528493.993996,-40.328847753556786,-9.925154789581715,-2.3780155566168437,-0.03173017412527847,-0.010201537536715904,0.5345749435963705,0.844463589718825,orbslam3_map,base_link
1723528494.127322,-40.07726219074129,-9.589841273954349,-2.381311891490804,-0.02987988217960955,-0.01103078251537279,0.5340930238493092,0.8448255182897426,orbslam3_map,base_link
1723528494.2939765,-39.761639371087796,-9.179731426065622,-2.354326972785943,-0.030813770865338524,-0.00987685720838746,0.532990244035386,0.8455024299077106,orbslam3_map,base_link
1723528494.4606285,-39.47738897131637,-8.687072692365646,-2.2940069408695596,-0.03160873528061271,-0.010020175741704208,0.5304658074081978,0.847057560678632,orbslam3_map,base_link
1723528494.5939476,-39.24114360434668,-8.390626929055127,-2.2723897803447963,-0.03102586873286529,-0.010913496649379413,0.5295987077229375,0.847610464682008,orbslam3_map,base_link
1723528494.7272744,-39.01551302653656,-8.080984561451327,-2.251164245287996,-0.03163568529452028,-0.010274303536259168,0.5279798989842462,0.8486052370633685,orbslam3_map,base_link
1723528494.860627,-38.74439230290764,-7.7898247796470725,-2.251955479100209,-0.03127228273771904,-0.01200124140383289,0.5268392537322114,0.8493046657495916,orbslam3_map,base_link
1723528494.9939783,-38.50152552599717,-7.490989483563462,-2.225496205318705,-0.031241666263133912,-0.012625620646338787,0.5229504904734359,0.8516967397530594,orbslam3_map,base_link
1723528495.1273282,-38.24875908560469,-7.207258638181209,-2.1954110254780774,-0.032281576016369835,-0.011532183300181293,0.5193096313705572,0.8538983636030733,orbslam3_map,base_link
1723528495.2606761,-38.00110674205491,-6.91857400024939,-2.1793248119910267,-0.03272248533949704,-0.010910413567300327,0.5144954006763162,0.8567990922683763,orbslam3_map,base_link
1723528495.3940232,-37.75131478584018,-6.657747577357354,-2.169404029361216,-0.03151090258092199,-0.013879415330509664,0.5087513895311699,0.8602246500180768,orbslam3_map,base_link
1723528495.5273685,-37.5081807397826,-6.450519600649606,-2.138720909740954,-0.030054148696746146,-0.015729823162492843,0.5027280132216353,0.8637788290596256,orbslam3_map,base_link
1723528495.6607127,-37.25989929459485,-6.201669725304258,-2.1148660196650186,-0.02933583055526366,-0.016005726600397636,0.49513253123912593,0.8681745229332418,orbslam3_map,base_link
1723528495.8273847,-36.94321674815389,-5.892162907933258,-2.0929387825087256,-0.028523704452718204,-0.016846957134477158,0.4843922330243114,0.8742235085522033,orbslam3_map,base_link
1723528495.9940543,-36.61017353765698,-5.5987665138945655,-2.071566833563125,-0.028151850083122456,-0.015339496922875978,0.47369855795929344,0.8801033174340024,orbslam3_map,base_link
1723528496.1607208,-36.25501378851008,-5.306750190216324,-2.024595101698448,-0.02702159725490879,-0.012248120999965433,0.46115553618616983,0.8868232001129707,orbslam3_map,base_link
1723528496.2940528,-35.98414991624531,-5.086085682013123,-1.9970217646476671,-0.02675877336338842,-0.011297215034681923,0.44951562738848416,0.89280011296711,orbslam3_map,base_link
1723528496.4607167,-35.646723321264425,-4.825451017129909,-1.9715610281350409,-0.026586656011565745,-0.011838294076779061,0.4341311037155623,0.9003794696138856,orbslam3_map,base_link
1723528496.6273775,-35.30520651866445,-4.6109192561565635,-1.949020505664027,-0.024227936902558932,-0.013346625466204456,0.4186828913978125,0.9077111385858818,orbslam3_map,base_link
1723528496.7940392,-34.97079206682859,-4.390138205478332,-1.918599086962975,-0.02155066759270701,-0.014827258174180053,0.402949704649893,0.914848215095766,orbslam3_map,base_link
1723528496.9606988,-34.54331031451001,-4.161278533480698,-1.8815610960759885,-0.019978940640654013,-0.014183365783296922,0.388403519509738,0.9211636011580044,orbslam3_map,base_link
1723528497.127356,-34.18904786067039,-3.958318272524259,-1.8505251800553824,-0.019608382452383544,-0.013482167992684306,0.37307618001149656,0.9274955020871247,orbslam3_map,base_link
1723528497.2940092,-33.83594377819676,-3.778578611168406,-1.8257472480330348,-0.018128364176981,-0.012949852326424477,0.35741550737974076,0.933679719615604,orbslam3_map,base_link
1723528497.42733,-33.54576318349536,-3.6805363492513226,-1.7927370484921004,-0.016078829593458844,-0.012190067983789766,0.34691101000098923,0.9376809823290375,orbslam3_map,base_link
1723528497.5606487,-33.242630933089444,-3.555733250889821,-1.782442160082045,-0.013714539060809801,-0.012310995033295233,0.334485422583099,0.9422207028605588,orbslam3_map,base_link
1723528497.727298,-32.883767263772484,-3.3997882979563596,-1.7565119936693483,-0.013583670909176325,-0.012031569027958199,0.3194463198651839,0.9474306169614466,orbslam3_map,base_link
1723528497.8606246,-32.58674231491962,-3.2908815572937846,-1.7325228817313802,-0.013613418883439681,-0.012350957722632203,0.30781641291443934,0.9512681980441294,orbslam3_map,base_link
1723528498.027279,-32.236487239887616,-3.1864769013890046,-1.7000576797121334,-0.015490681802016286,-0.013098939028723274,0.2939264225072793,0.9556127430741507,orbslam3_map,base_link
1723528498.1606007,-31.952644218660822,-3.0904136158319924,-1.678024096977095,-0.01631169890556899,-0.013621873086734456,0.28192953738814225,0.9591997232070759,orbslam3_map,base_link
1723528498.2939196,-31.68075780502625,-3.0264977966559936,-1.6258543106718464,-0.01857717897564384,-0.011610967019268531,0.271204815544051,0.9622723221063265,orbslam3_map,base_link
1723528498.460566,-31.324555634420086,-2.949893846252495,-1.6069203041198135,-0.017765612031782067,-0.012733668548048459,0.25762054844521903,0.9659989077287972,orbslam3_map,base_link
1723528498.5938804,-30.96399001418277,-2.839724424664479,-1.576203705609669,-0.016135273238824577,-0.014216503378347475,0.24719462302957218,0.9687271867427225,orbslam3_map,base_link
1723528498.7271981,-30.689206291860252,-2.783300657523211,-1.5563068224449497,-0.015398754719316577,-0.01600681833592385,0.23540469380237627,0.9716436024879003,orbslam3_map,base_link
1723528498.8938646,-30.353224832546434,-2.7343327044452037,-1.523731381680692,-0.01734032272890882,-0.017927033722297266,0.22226319509782821,0.9746676391337109,orbslam3_map,base_link
1723528499.0605295,-29.98994826308262,-2.6690729784832357,-1.4953420593949511,-0.02024090606821209,-0.021172509123335057,0.2100625378577875,0.9772490781616044,orbslam3_map,base_link
1723528499.1938589,-29.725144168839993,-2.6316496641061073,-1.4651358943476405,-0.020988407292840953,-0.021429543840985284,0.20151406180264841,0.9790262224812345,orbslam3_map,base_link
1723528499.3271868,-29.435916471219898,-2.5876164896103298,-1.4340784515074403,-0.01875323210674042,-0.020612577475768508,0.19605906428011977,0.9801960422532627,orbslam3_map,base_link
1723528499.4605129,-29.039759171818076,-2.4481114574593157,-1.4164886919308337,-0.015415861475913506,-0.020545625550270768,0.19097518191992516,0.9812587367133885,orbslam3_map,base_link
1723528499.6271675,-28.711642455984993,-2.3964201333337636,-1.3826667011743048,-0.015002005093310579,-0.020746820111895818,0.18611580058934987,0.9821941855200581,orbslam3_map,base_link
1723528499.7940416,-28.390329500445723,-2.3472706665459278,-1.350395358865768,-0.015553225122988497,-0.021768548924754817,0.1814615774024746,0.9830340397934295,orbslam3_map,base_link
1723528499.927669,-28.125903419715595,-2.3150755835790715,-1.3218108242368758,-0.014462087823651899,-0.020240942397403757,0.17854889762456366,0.9836165123785281,orbslam3_map,base_link
1723528500.0947201,-27.779738160677166,-2.2702187005733823,-1.2939871608144262,-0.011676435622231597,-0.018879407622162395,0.17467813414154448,0.9843753238840481,orbslam3_map,base_link
1723528500.261792,-27.530546623814846,-2.288264902967666,-1.2736270447085447,-0.011769318338687142,-0.01894449096743732,0.17122783476641218,0.9849789936892226,orbslam3_map,base_link
1723528500.3954625,-27.261238735588005,-2.263520728387051,-1.247564854378131,-0.011393193472610575,-0.019032842992842105,0.16805921985774855,0.9855272926971178,orbslam3_map,base_link
1723528500.5625684,-26.9229707923187,-2.2298458074347423,-1.2099202623334682,-0.010167817271575452,-0.02005442334427672,0.1645821796271186,0.9861070640379002,orbslam3_map,base_link
1723528500.6962662,-26.640699550813043,-2.201013813060854,-1.1891611153459958,-0.00984923620229984,-0.019911259695174457,0.1617028825805674,0.9865894343893603,orbslam3_map,base_link
1723528500.8296437,-26.360788931363544,-2.1784133447908003,-1.1617246551377827,-0.008247489484468866,-0.019140118885276617,0.1586983420025638,0.9871071223590164,orbslam3_map,base_link
1723528500.9963658,-25.99680584251502,-2.1525749113274153,-1.1336415017738206,-0.005371299283745873,-0.018657306277543282,0.15544984539758555,0.9876529753067812,orbslam3_map,base_link
1723528501.129742,-25.698093790674783,-2.10879246864989,-1.1141551839980925,-0.004329927661417817,-0.017407946324172092,0.15166424278428603,0.9882692814167052,orbslam3_map,base_link
1723528501.2631178,-25.396685664226403,-2.08913947200186,-1.0974315743244136,-0.005323016405339549,-0.01589407550003916,0.14880037227165638,0.9887251858186703,orbslam3_map,base_link
1723528501.429836,-25.008510277255944,-2.0696703610441487,-1.080750624867187,-0.004239947648505868,-0.013276554319765934,0.14557640230445354,0.9892488397978662,orbslam3_map,base_link
1723528501.5632107,-24.71194007287395,-2.052489669538568,-1.0426175196027114,-0.003311444579280364,-0.008999820723335755,0.14379279462856615,0.989561352203416,orbslam3_map,base_link
1723528501.7299316,-24.32536738524473,-2.029288532541348,-1.0161667725823809,-0.0015744152346762147,-0.006698803380327233,0.14148457847773566,0.9899165425948381,orbslam3_map,base_link
1723528501.863578,-24.008461317630758,-2.007696212975411,-0.9994940041986274,-0.0007579710021522519,-0.0066836987461828725,0.14001820412457963,0.9901260809436129,orbslam3_map,base_link
1723528501.9973185,-23.69612830758052,-1.9856068040214794,-0.9804265652176972,-0.0020076818872292743,-0.006776332633841096,0.13882364437588768,0.9902918995385515,orbslam3_map,base_link
1723528502.1310685,-23.372734966521563,-1.963830190387994,-0.9596449530509114,-0.0025764393282023375,-0.006267364867312774,0.13746761047697115,0.9904830832314906,orbslam3_map,base_link
1723528502.2648277,-22.99169101160183,-1.943144721913919,-0.9309289467856107,-0.003105397020550673,-0.006799424557568402,0.13639085891043445,0.9906269014824424,orbslam3_map,base_link
1723528502.398596,-22.668546089529546,-1.9181681850868981,-0.9015329958261821,-0.0020351316521820054,-0.00704886927617377,0.1347046109140283,0.9908586374854821,orbslam3_map,base_link
1723528502.5323737,-22.331645636527405,-1.8984762227770313,-0.8823614421173408,-0.0023257192410416102,-0.008541748092018846,0.1335558285964047,0.9910017508649882,orbslam3_map,base_link
1723528502.6661608,-21.97813604318431,-1.885477010631739,-0.864419934197786,-0.0022382198197003133,-0.010166701904291066,0.132061005872287,0.991186924486208,orbslam3_map,base_link
1723528502.7998388,-21.63548727787136,-1.8655922991269118,-0.8373349189389966,-0.002605983462964978,-0.010662528936776985,0.1303161375828204,0.9914117326380391,orbslam3_map,base_link
1723528502.9331703,-21.274983850913625,-1.8546755614711696,-0.8113503000833183,-0.0028203225809538147,-0.010811449226032045,0.12950438871585396,0.9915158958128232,orbslam3_map,base_link
1723528503.0665002,-20.91080564573034,-1.8338820739947088,-0.7848175219258374,-0.003185818818954582,-0.010367068031573196,0.12794390401432462,0.991722104162479,orbslam3_map,base_link
1723528503.233159,-20.454736456527908,-1.8122504752529744,-0.7507219261787196,-0.003933971419741692,-0.009129572499461449,0.1258375895546275,0.9920010462846935,orbslam3_map,base_link
1723528503.399816,-19.98751053529126,-1.795376050686853,-0.7199739046859696,-0.004558156829131333,-0.009934455290269177,0.12465600772780698,0.9921398135050179,orbslam3_map,base_link
1723528503.5997999,-19.36723482489233,-1.7406938419552067,-0.6789826461646228,-0.003295747202630737,-0.009086797595504884,0.12219215589815544,0.9924593922155182,orbslam3_map,base_link
1723528503.7331197,-18.982712821355097,-1.7278532706541707,-0.6498228652567973,-0.003912622134666154,-0.008659638670139268,0.1204274315690525,0.9926766521742189,orbslam3_map,base_link
1723528503.8997934,-18.498440316135746,-1.715252086120157,-0.6223886648312887,-0.004034903889506083,-0.009218611766132789,0.11856095407620142,0.9928957835121713,orbslam3_map,base_link
1723528504.0331357,-18.088776914298034,-1.7062826210674227,-0.6010998482650735,-0.0030438155990948857,-0.008843401235854599,0.11688348550929502,0.9931015961402835,orbslam3_map,base_link
1723528504.1664762,-17.697691784383824,-1.6962386587358902,-0.5715741282732182,-0.002057486494892907,-0.007627821893159935,0.1150231664196912,0.9933313919680972,orbslam3_map,base_link
1723528504.2998152,-17.291879942137193,-1.694742063158008,-0.5416703908958264,-0.002179378948374184,-0.0071159890321030594,0.11369094362542932,0.9934882899888926,orbslam3_map,base_link
1723528504.4998202,-16.68608630470524,-1.6887404435369036,-0.5077030204748288,-0.0022833120458772213,-0.008088612374954599,0.11154178010392228,0.9937242032511824,orbslam3_map,base_link
1723528504.633155,-16.307297663446562,-1.7118249306658462,-0.48547920764606045,-0.00028678906422437183,-0.008498528237471154,0.11117720076537399,0.9937642189170454,orbslam3_map,base_link
1723528504.7664886,-15.885371539182337,-1.7126616457560038,-0.4603652667234349,0.0019357069019314789,-0.008931373929365171,0.11059580844518155,0.9938234504945436,orbslam3_map,base_link
1723528504.8998313,-15.469653592706294,-1.7175626268028594,-0.4371070446980656,0.001540805458585349,-0.008556787609043114,0.11112668095829922,0.9937682164788452,orbslam3_map,base_link
1723528505.0331724,-15.030957753972022,-1.707768889155216,-0.4060982630915225,-0.001370263077900233,-0.006994018520137416,0.11065208169628771,0.993833649510981,orbslam3_map,base_link
1723528505.199847,-14.530556745472627,-1.7032808846037022,-0.36881002546297426,-0.0031270783694657463,-0.006910441842273649,0.11158983457801423,0.9937254027110645,orbslam3_map,base_link
1723528505.333184,-14.07937400986414,-1.7075250402354822,-0.3514479131480308,-0.0033182970471876106,-0.010372524954652787,0.11202284244185252,0.993645954252328,orbslam3_map,base_link
1723528505.4665196,-13.668947667402314,-1.7197481174192888,-0.3287678020335294,-0.003488976411199242,-0.013988043859250355,0.1120527100506883,0.9935976810776533,orbslam3_map,base_link
1723528505.6665196,-13.05256999719165,-1.7081460571373515,-0.28627186149935036,-0.0037776681149366354,-0.013017295441685561,0.11182604463120363,0.9936353531276639,orbslam3_map,base_link
1723528505.799853,-12.644710249460903,-1.699007139867455,-0.2529573560253403,-0.004606808952965856,-0.011263676984856603,0.11021558180204909,0.9938332015082246,orbslam3_map,base_link
1723528505.9665225,-12.105079619626693,-1.684612600801286,-0.22529387436232817,-0.006759712482016468,-0.0065127003042955685,0.10853719994129304,0.9940480708953721,orbslam3_map,base_link
1723528506.0998564,-11.748094339636658,-1.6828442069555125,-0.20414497563221834,-0.005230579148534494,-0.00420762489205004,0.10729519685846273,0.9942045451845625,orbslam3_map,base_link
1723528506.2665217,-11.228582129894814,-1.690611069823546,-0.17734047011755127,-0.0006856831928275941,-0.005357749570850938,0.10590571628346902,0.9943615054981667,orbslam3_map,base_link
1723528506.3998513,-10.730562704162622,-1.7964013380044732,-0.11783932216246118,0.0014489973387560038,-0.00701652653984013,0.10600739579509479,0.9943395299387278,orbslam3_map,base_link
1723528506.533179,-10.25626596399091,-1.8027764620359872,-0.10882632175754148,-0.0008052431469326943,-0.008317307731410876,0.1054996061052936,0.9943842351360983,orbslam3_map,base_link
1723528506.7331674,-9.651016077061914,-1.8369827914989014,-0.03561504460029641,-0.0015040508924524,-0.011150837083056711,0.10342847042244895,0.9945732492729396,orbslam3_map,base_link
1723528506.8665159,-9.237083110378794,-1.8629998819838118,-0.01878192584231042,0.0009499459910949366,-0.012013329335141116,0.10209674532509637,0.9947014788945083,orbslam3_map,base_link
1723528506.9998713,-8.821797069877633,-1.8810815754898504,0.009680855840147107,0.0010709265739346887,-0.012674479876118295,0.10074034918250484,0.9948314393517779,orbslam3_map,base_link
1723528507.166564,-8.328698682439603,-1.913604683744381,0.06031433532035513,0.0004976628699585528,-0.014037119659372311,0.09726294935607767,0.9951596004088457,orbslam3_map,base_link
1723528507.2999172,-7.932707331669244,-1.9235086597516586,0.0906229707808156,-0.00045843684474322394,-0.012556494578328138,0.09423281742749216,0.9954708937981265,orbslam3_map,base_link
1723528507.4332697,-7.55889819278776,-1.9713859311660573,0.12338880624491932,-0.00019853058514064092,-0.01218174186658939,0.09159103515506427,0.995722174117824,orbslam3_map,base_link
1723528507.5666213,-7.126116053245328,-1.9774482135793128,0.14845154900602975,0.0009437492530247878,-0.011599536770197573,0.08889565521612457,0.9959729527290188,orbslam3_map,base_link
1723528507.7666469,-6.5425381696780684,-2.034915789193947,0.2030126914276683,0.0020157365961292455,-0.009436906587538351,0.08465701343749639,0.996363423493595,orbslam3_map,base_link
1723528507.9000504,-6.150520285333983,-2.0610959365515535,0.2270956242537714,0.0019929225311788347,-0.010160808219817437,0.08154743908795374,0.9966156738754922,orbslam3_map,base_link
1723528508.0668063,-5.685095372100548,-2.093129779333444,0.26243442107733506,-0.0003745502766256594,-0.011930395592288257,0.07793753789502943,0.996886786731554,orbslam3_map,base_link
1723528508.2002118,-5.2979177806685005,-2.112462249630383,0.2899040245742839,-0.0004366156282979705,-0.011349296081758277,0.07447871453308787,0.9971579232632816,orbslam3_map,base_link
1723528508.366969,-4.820928149480428,-2.170373087034053,0.31604312422034003,0.0009430955108884326,-0.010785737665458926,0.0709468720127645,0.9974213351364978,orbslam3_map,base_link
1723528508.5337288,-4.379514526798811,-2.2031008524262092,0.3463214026877811,0.0008798964764933981,-0.009751392873693868,0.06663161866647016,0.9977296044084788,orbslam3_map,base_link
1723528508.667137,-3.987798372332312,-2.2397584252932567,0.37289073613710666,-0.00034900367117433266,-0.008489072571310376,0.06310188836056574,0.9979709241900022,orbslam3_map,base_link
1723528508.83388,-3.53809087528339,-2.2779648192410114,0.4024546818240576,-0.002194645588485338,-0.0070053191465011145,0.05864459657799358,0.9982519322929463,orbslam3_map,base_link
1723528508.967253,-3.1904902190149365,-2.319059482643722,0.4334379178285023,-0.0019915902507292855,-0.00786055608270522,0.055683798789159016,0.9984155246082427,orbslam3_map,base_link
1723528509.1006255,-2.8126022447820023,-2.373017874265006,0.4460703314637939,-0.002104019131245425,-0.009848380763364653,0.052247315812750474,0.9985833968628749,orbslam3_map,base_link
1723528509.2339976,-2.461729596348234,-2.4330363184718675,0.4478472443171342,-0.002739947396326267,-0.010694928676092721,0.04932159764149115,0.9987219288645711,orbslam3_map,base_link
1723528509.4007123,-2.016111336715849,-2.489164458850647,0.4836709315116697,-0.0024038859661983736,-0.010841481085545362,0.04511028133188246,0.9989202901825008,orbslam3_map,base_link
1723528509.5340834,-1.6720049929502472,-2.541877894821249,0.5007125868346802,-0.002469903726903055,-0.013187757721559567,0.041880522578599325,0.9990325342301926,orbslam3_map,base_link
1723528509.700796,-1.2352699992481566,-2.601523220783843,0.528182509311507,-0.0032937433773573134,-0.012917547696994552,0.03763695277840265,0.9992025560423754,orbslam3_map,base_link
1723528509.8675091,-0.8027092951904955,-2.6701330886692167,0.5602899494042302,-0.0036549880923569295,-0.011464601961311518,0.03452568886169384,0.9993313668511256,orbslam3_map,base_link
1723528510.0008786,-0.4797758935542653,-2.7211726793799174,0.5885204620481231,-0.0030588867326124935,-0.01090457332508656,0.032648361756794794,0.999402730618219,orbslam3_map,base_link
1723528510.1342473,-0.16005958418239263,-2.7660838814135977,0.6117274176748748,-0.003178941196740034,-0.011307629697501558,0.031189321821724392,0.9994444747197279,orbslam3_map,base_link
1723528510.267615,0.1846325016899668,-2.822050342219283,0.6338344387706873,-0.0018718351718047712,-0.010760993334384742,0.030016031169404787,0.9994897373802215,orbslam3_map,base_link
1723528510.4009821,0.5159590923507167,-2.876107495881392,0.6541454591194067,-0.001815413535912774,-0.011565334875136007,0.02867652763864646,0.99952018692246,orbslam3_map,base_link
1723528510.5343485,0.8450039482772742,-2.9310222248225397,0.6793328937665577,-0.000990629079164594,-0.012398181008115367,0.027492378486574667,0.9995446327637744,orbslam3_map,base_link
1723528510.667714,1.174427764793514,-2.9778191109036687,0.706795989619619,-0.00167687916500113,-0.010701439978059142,0.025900959137642666,0.9996058261006747,orbslam3_map,base_link
1723528510.8010821,1.4944756010220037,-3.0239823921512894,0.7328847957572238,-0.0021954566117359437,-0.008187442339365107,0.02481429912675037,0.9996561390383464,orbslam3_map,base_link
1723528510.9344597,1.8103426130190554,-3.0710383437295894,0.7541297909469347,-0.0028567903726070595,-0.007952633278789164,0.023280277967024674,0.9996932644718969,orbslam3_map,base_link
1723528511.1011806,2.2143622908185474,-3.1475465805231577,0.7834884449673634,-0.001393534644462643,-0.009383184568645545,0.02212770507506705,0.9997101472810288,orbslam3_map,base_link
1723528511.2345574,2.5078035394587115,-3.1885898614426784,0.7997042283145692,-0.0007268749404434348,-0.009195274375185032,0.020713723774258275,0.9997428970637351,orbslam3_map,base_link
1723528511.3679338,2.814608647161739,-3.2465062066720805,0.816825510103989,-0.0014122124829849005,-0.008336435406260672,0.020159681046235715,0.999761019824605,orbslam3_map,base_link
1723528511.5013099,3.1152219716184844,-3.2940283030893487,0.8382007840580387,-0.0015730966848568893,-0.00881186143053086,0.018627541672154642,0.9997864227704842,orbslam3_map,base_link
1723528511.66803,3.4646582838314064,-3.3492654001337963,0.8664772112036712,-0.001673207843227378,-0.010338630889441338,0.017192326988518313,0.9997973479558572,orbslam3_map,base_link
1723528511.801401,3.7188815925663006,-3.40701386795108,0.8851011609346771,0.0005418568094285171,-0.009245160862136611,0.016696524001640307,0.9998177131247946,orbslam3_map,base_link
1723528511.968095,4.0154696783651485,-3.4647343290943677,0.9003357933527113,0.0019119065987314838,-0.010367529900040001,0.015580553066803983,0.9998230369935782,orbslam3_map,base_link
1723528512.1014497,4.226488761895324,-3.5001394203456164,0.9123107503092249,0.0009821582189629677,-0.011284942974490602,0.01436723246059627,0.9998326200213307,orbslam3_map,base_link
1723528512.2348027,4.418999554933762,-3.53305977423337,0.932907657323373,-0.0007318140083370493,-0.011517880153275935,0.013540700035033732,0.9998417136365102,orbslam3_map,base_link
1723528512.3681543,4.59878993927206,-3.5599741695909586,0.9441895594718126,-0.002140775548469098,-0.011968180925815898,0.0128114204387595,0.9998440114496459,orbslam3_map,base_link
1723528512.5015047,4.745803590690118,-3.593366437103893,0.9600828896573869,-0.0012395237121626819,-0.0112080531792088,0.012344992004809001,0.9998602123783605,orbslam3_map,base_link
1723528512.6348534,4.928449109040709,-3.6427359277518256,0.975546626819525,-0.000902395253981733,-0.010368154938963451,0.011937863740702827,0.9998745793624697,orbslam3_map,base_link
1723528512.8348944,5.095577032893342,-3.6720351993324982,0.9934299849034761,-0.0014209441238465233,-0.0101388638172205,0.010972788882690139,0.9998873847901216,orbslam3_map,base_link
1723528513.0016317,5.210166672399753,-3.6947940167199627,1.0055266151697402,-0.0011145861066006971,-0.009863370506673786,0.01052783767880468,0.9998953126472129,orbslam3_map,base_link
1723528513.1350207,5.273981465401982,-3.704110354115049,1.011260177955147,-0.0011009867425147233,-0.009685545962760778,0.010046689302700185,0.999902016230416,orbslam3_map,base_link
1723528513.2684095,5.3242446630452696,-3.7136335871234896,1.0151667781229725,-0.0009352786288263074,-0.009563027750904412,0.009766681111514271,0.999906138442098,orbslam3_map,base_link
1723528513.435144,5.3513032586715195,-3.719939871811879,1.0179599507023036,-0.0006848526017449982,-0.009473163978745995,0.009746389558251335,0.9999073947279941,orbslam3_map,base_link
1723528513.5685315,5.348762084947965,-3.7162663262803193,1.0166985647344382,-0.0007130312998662452,-0.009646044330710557,0.009723278206061605,0.9999059472150683,orbslam3_map,base_link
1723528513.7019186,5.336934064251803,-3.718582813665191,1.0179412677817754,-0.0007695540097355174,-0.012313029800391204,0.009266097787808741,0.9998809611726526,orbslam3_map,base_link
1723528513.868646,5.3377874343034,-3.7218183668112483,1.0179368676396239,-0.0010837325348751815,-0.013983008378230398,0.009587612089913248,0.9998556789331651,orbslam3_map,base_link
1723528514.0353608,5.333989628922843,-3.714405368653742,1.0197827365323948,-0.0011922896314783176,-0.013319648193722418,0.009494622569236465,0.9998654997346883,orbslam3_map,base_link
1723528514.2020752,5.3476588682820685,-3.7239295719217695,1.017249713819605,-0.000995311648711125,-0.01332889274633457,0.009745496257931089,0.9998631782776908,orbslam3_map,base_link
1723528514.4021304,5.346782383472048,-3.720631787823579,1.0173183731042392,-0.0012367577711013416,-0.013301953292380491,0.009597418758774547,0.9998646998579316,orbslam3_map,base_link
1723528514.568841,5.347075052907091,-3.7220757559308466,1.0181645500561978,-0.0009321917540645874,-0.013291527787617049,0.00966712303605593,0.9998644973394197,orbslam3_map,base_link
1723528514.7355516,5.34849549125468,-3.7219315945894627,1.0175358604090154,-0.0009173288219522262,-0.013365865444965003,0.009554330586026671,0.9998646042918974,orbslam3_map,base_link
1723528514.8689246,5.349258735757737,-3.720793317157744,1.0171547148805673,-0.0010079120721823175,-0.013443729222370355,0.00959322993386205,0.9998631007279379,orbslam3_map,base_link
1723528515.0023026,5.350004589634946,-3.722244980551309,1.0170850460708245,-0.0008155267698763257,-0.01335864066728536,0.009648638201983112,0.9998638834443703,orbslam3_map,base_link
1723528515.1690238,5.353097937168098,-3.7228816748374696,1.016021297774562,-0.0009748292653719476,-0.013364203038825993,0.009631791456424949,0.9998638289179084,orbslam3_map,base_link
1723528515.3024,5.352825422964642,-3.722706231200954,1.0160536245694436,-0.000999697733135993,-0.013378873397092666,0.009590104880093087,0.9998640088729346,orbslam3_map,base_link
1723528515.4691198,5.354257973824876,-3.7238039993766936,1.0156442468008962,-0.0006886059471834144,-0.013463589950688554,0.009627765352028937,0.9998627724352055,orbslam3_map,base_link
1723528515.6024942,5.353791620608213,-3.72319060988235,1.0157401082088617,-0.0008057264514046297,-0.013439582521325384,0.00957270978426797,0.9998635365158208,orbslam3_map,base_link
1723528515.7358682,5.355037613057072,-3.7232622928905084,1.0154102554945905,-0.0008828723148803926,-0.01346365511973134,0.00960872732106425,0.9998628020316398,orbslam3_map,base_link
1723528515.8692322,5.352274852240604,-3.72165615831047,1.0143168820296469,-0.0006816301031687069,-0.013459118725252663,0.009803740210081976,0.9998611274479248,orbslam3_map,base_link
1723528516.0025864,5.353436853752181,-3.721867568660241,1.0136730572764692,-0.000977046442940435,-0.013539198259704007,0.009729175901617967,0.9998605295875062,orbslam3_map,base_link
1723528516.1359396,5.354767084290436,-3.7223359876709115,1.0128001488128693,-0.0007326722607256317,-0.013702337893728097,0.009746316756859365,0.9998583491861632,orbslam3_map,base_link
1723528516.2692916,5.355353736184695,-3.7229417464484373,1.0125897413671634,-0.0007820862236993763,-0.01369258204900313,0.009728783397878676,0.9998586161610886,orbslam3_map,base_link
1723528516.4026425,5.3571281700780435,-3.7237167262464443,1.0124055075604343,-0.0006058488698098313,-0.013660441377059357,0.009729638079642389,0.9998591697991123,orbslam3_map,base_link
1723528516.569329,5.35799167429315,-3.723517775338237,1.0125446159769558,-0.0005272595747195522,-0.013634154721172508,0.009734057619398974,0.9998595301064256,orbslam3_map,base_link
1723528516.7360148,5.359447735052157,-3.725266721896506,1.011750526055152,-0.0006946436867584316,-0.013725976490992355,0.00978218581166316,0.999857701815745,orbslam3_map,base_link
1723528516.86936,5.35837094753275,-3.723630446641886,1.0124954328589069,-0.0005144619074639735,-0.013650183154801983,0.009759069030360914,0.9998590742701928,orbslam3_map,base_link
1723528517.036037,5.35955426154955,-3.7236136599975156,1.0113047612726562,-0.0006240266835554334,-0.013737314633426399,0.009735561833492648,0.9998580477313501,orbslam3_map,base_link
1723528517.1693773,5.358271268412865,-3.723682980650479,1.0115453700788648,-0.0006717018217335423,-0.013658285004099208,0.009702161223107237,0.9998594241867255,orbslam3_map,base_link
1723528517.302716,5.35754315082454,-3.7251317571431097,1.0124034334533403,-0.00038788958638738335,-0.013701844413099556,0.009816092229135336,0.9998578665663921,orbslam3_map,base_link
1723528517.4693878,5.357553454392866,-3.723495461739862,1.0126680567796444,-0.0006737225112406093,-0.013629245293032777,0.009700399035793793,0.9998598361916867,orbslam3_map,base_link
1723528517.602723,5.357711967278297,-3.7230555573229904,1.012385260285559,-0.000818667106496896,-0.013537969710556612,0.009698281701812073,0.9998609885840717,orbslam3_map,base_link
1723528517.7360566,5.358781500110188,-3.7233907892705203,1.0120003494073906,-0.0007431220226254537,-0.013678653607794335,0.009715381203857686,0.9998589668414247,orbslam3_map,base_link
1723528517.8694797,5.356615367412901,-3.7245483561067227,1.0157458255364902,-0.0005877736736382762,-0.013498531426530807,0.009763232803239002,0.9998610520750698,orbslam3_map,base_link
1723528518.0029993,5.358692040279063,-3.722936933048843,1.014796375473412,-0.0008580187190462601,-0.013443397913673544,0.009673063806195535,0.9998624758900665,orbslam3_map,base_link
1723528518.1699088,5.359159344460287,-3.7244786466386377,1.0119009802673882,-0.0008759857446391198,-0.013620199676549856,0.009734725145096688,0.9998594690935799,orbslam3_map,base_link
1723528518.303445,5.358102285064853,-3.72256621547365,1.0123952913023437,-0.0008820728012102589,-0.013471884177968454,0.009656123741001992,0.9998622352897258,orbslam3_map,base_link
1723528518.470377,5.358166163592169,-3.7225555033058977,1.0122261334475637,-0.0010123839696013544,-0.013553825579701204,0.009614815687616516,0.9998614025004396,orbslam3_map,base_link
1723528518.6039307,5.357756661519562,-3.7229365659249196,1.0123501373781063,-0.0008645561365906246,-0.013474732102673422,0.009732630667670982,0.9998614704236455,orbslam3_map,base_link
1723528518.7374918,5.357027453888564,-3.722558070271128,1.0126537354491219,-0.0010167706344033042,-0.013446679087067802,0.009665229402728025,0.9998623586972355,orbslam3_map,base_link
1723528518.8709555,5.35646575289251,-3.7225134328589355,1.0129105685473188,-0.0009620207695128579,-0.013462039818559708,0.009698414923688352,0.9998618848360661,orbslam3_map,base_link
1723528519.0376563,5.356364601527935,-3.7227430466557783,1.0119383827965807,-0.0009782787602838734,-0.013484612959025625,0.009609347716981341,0.9998624248467719,orbslam3_map,base_link
1723528519.171016,5.355970059548684,-3.724526036161949,1.0131348924995631,-0.0009270628270291334,-0.013404716153306358,0.009797139275737863,0.9998617255407749,orbslam3_map,base_link
1723528519.3043747,5.355450822520804,-3.722447558850282,1.0126216203704863,-0.0009481330122939696,-0.013458770354873712,0.009660019784421414,0.9998623138023006,orbslam3_map,base_link
1723528519.4377327,5.357721156775571,-3.7270948625781877,1.0174493586297215,-0.0005060653423091325,-0.013253493449182382,0.009859071238024694,0.9998634344367162,orbslam3_map,base_link
1723528519.6044288,5.357437656144093,-3.721605025023959,1.0121263314555151,-0.0009608227590433032,-0.013536730380765591,0.009641570265363667,0.9998614273353295,orbslam3_map,base_link
1723528519.7377841,5.356875600278552,-3.7228351373552973,1.0120125841145704,-0.0010304635687695472,-0.013527105486448407,0.009648331038191814,0.9998614230332968,orbslam3_map,base_link
1723528519.8711452,5.355954337896131,-3.7219716195929524,1.0130105911788179,-0.0008692752608288958,-0.01344461919150191,0.009703279359076538,0.999862156972148,orbslam3_map,base_link
1723528520.037853,5.359697157384741,-3.7247148200792424,1.0148042533968002,-0.0008465730925991936,-0.013361852595572104,0.009824932818836491,0.9998620979436706,orbslam3_map,base_link
1723528520.1712189,5.358278062209667,-3.7231789325949523,1.0123095117227046,-0.0010484182587445104,-0.013490676195490455,0.009755238109819332,0.999860859222104,orbslam3_map,base_link
1723528520.3045843,5.35688089710221,-3.722018964020409,1.012776490930909,-0.0009484024570345737,-0.013388452785118493,0.009680701785389873,0.9998630575622557,orbslam3_map,base_link
1723528520.4379485,5.357767141597127,-3.720768208853562,1.0124509448903785,-0.0010438311512446666,-0.013450843634434427,0.009603565554555,0.9998628689728852,orbslam3_map,base_link
1723528520.6379938,5.356295797295685,-3.721324133022814,1.0129735491108751,-0.0011204931745183555,-0.013363777029886887,0.009612793934031902,0.9998638648092665,orbslam3_map,base_link
1723528520.7713566,5.35624484234011,-3.7212411539942565,1.012991817011449,-0.0012461339207934833,-0.013441157994821849,0.009665019564096294,0.999862175411609,orbslam3_map,base_link
1723528520.9047544,5.356037154435669,-3.719792465217934,1.0134474932669226,-0.0011083588052160666,-0.01339267041617503,0.009556499733520907,0.9998640313726291,orbslam3_map,base_link
1723528521.038164,5.356198724770109,-3.722359023947867,1.0133361846047162,-0.0011000050342779802,-0.013383232951588008,0.009658362873292602,0.9998631881869119,orbslam3_map,base_link
1723528521.1715739,5.35745769052391,-3.7225725723459537,1.0129212826448297,-0.0010268046238564885,-0.013353190907753715,0.009703884502139003,0.9998632269417727,orbslam3_map,base_link
1723528521.3049843,5.35631057746972,-3.7216729813880103,1.013116724716981,-0.0011559896920061653,-0.0133667314497909,0.009679036071527572,0.9998631458549251,orbslam3_map,base_link
1723528521.4717484,5.359361234496147,-3.723229920798988,1.0120231359382061,-0.0011254685254165166,-0.013384257864981553,0.009798298305908199,0.9998617846044074,orbslam3_map,base_link
